loan_purpose,loan_amount,debt_to_income_ratio,property_value,income,occupancy_type,derived_ethnicity,derived_race,derived_sex,applicant_age,loan_to_value_ratio,action_taken
1,265000.0,49,335000.0,57.0,1,Hispanic or Latino,White,Male,25-34,80.0,Loan originated
1,465000.0,45,485000.0,151.0,1,Not Hispanic or Latino,Black or African American,Female,45-54,95.0,Loan originated
1,605000.0,48,675000.0,152.0,1,Not Hispanic or Latino,White,Female,55-64,90.0,Loan originated
1,195000.0,20%-<30%,295000.0,95.0,1,Not Hispanic or Latino,White,Male,25-34,67.241,Loan originated
1,325000.0,40,2185000.0,156.0,1,Not Hispanic or Latino,Black or African American,Male,65-74,15.0,Loan originated
1,195000.0,30%-<36%,265000.0,81.0,1,Hispanic or Latino,White,Male,35-44,75.0,Application denied
1,1105000.0,47,1705000.0,385.0,1,Not Hispanic or Latino,Asian,Male,25-34,64.706,Loan originated
1,675000.0,>60%,845000.0,95.0,1,Not Hispanic or Latino,Asian,Female,25-34,80.0,Application denied
1,575000.0,40,605000.0,187.0,1,Not Hispanic or Latino,Black or African American,Male,25-34,95.0,Loan originated
1,925000.0,50%-60%,1155000.0,207.0,1,Not Hispanic or Latino,White,Male,35-44,80.0,Application denied
1,165000.0,47,905000.0,60.0,1,Not Hispanic or Latino,White,Female,45-54,18.333,Loan originated
1,455000.0,>60%,565000.0,35.0,1,Hispanic or Latino,White,Female,35-44,79.993,Application denied
1,685000.0,43,835000.0,233.0,1,Not Hispanic or Latino,White,Female,35-44,81.753,Loan originated
1,585000.0,30%-<36%,725000.0,173.0,1,Not Hispanic or Latino,White,Male,25-34,80.0,Loan originated
1,1095000.0,30%-<36%,1155000.0,428.0,1,Not Hispanic or Latino,White,Male,35-44,95.0,Loan originated
1,1045000.0,46,1105000.0,264.0,1,Not Hispanic or Latino,White,Female,35-44,95.0,Loan originated
1,1065000.0,20%-<30%,1335000.0,475.0,1,Not Hispanic or Latino,White,Male,35-44,80.0,Loan originated
1,425000.0,49,545000.0,81.0,1,Not Hispanic or Latino,White,Female,35-44,79.0,Loan originated
1,525000.0,49,555000.0,159.0,1,Hispanic or Latino,White,Female,25-34,95.0,Loan originated
1,545000.0,39,675000.0,169.0,1,Hispanic or Latino,White,Male,45-54,80.0,Loan originated
1,175000.0,49,475000.0,43.0,1,Hispanic or Latino,White,Male,25-34,36.842,Loan originated
1,495000.0,30%-<36%,525000.0,149.0,1,Hispanic or Latino,White,Male,45-54,96.984,Loan originated
1,745000.0,49,935000.0,203.0,1,Not Hispanic or Latino,White,Male,25-34,80.0,Loan originated
1,395000.0,39,525000.0,126.0,1,Not Hispanic or Latino,Asian,Male,25-34,75.227,Loan originated
1,435000.0,45,965000.0,125.0,1,Not Hispanic or Latino,White,Female,35-44,45.625,Loan originated
1,445000.0,37,525000.0,108.0,1,Not Hispanic or Latino,Asian,Male,25-34,85.0,Loan originated
1,475000.0,48,585000.0,124.0,1,Not Hispanic or Latino,Asian,Male,35-44,100.0,Loan originated
1,365000.0,41,435000.0,86.0,1,Hispanic or Latino,White,Female,25-34,96.07,Loan originated
1,255000.0,49,265000.0,67.0,1,Hispanic or Latino,White,Female,25-34,97.0,Loan originated
1,335000.0,50%-60%,395000.0,64.0,1,Not Hispanic or Latino,White,Female,35-44,84.615,Loan originated
1,665000.0,49,695000.0,203.0,1,Not Hispanic or Latino,White,Male,45-54,95.0,Loan originated
1,515000.0,41,605000.0,355.0,1,Hispanic or Latino,White,Male,25-34,85.0,Loan originated
1,545000.0,49,645000.0,109.0,1,Not Hispanic or Latino,Black or African American,Female,35-44,85.0,Loan originated
1,415000.0,37,465000.0,118.0,1,Not Hispanic or Latino,White,Male,45-54,90.0,Loan originated
1,155000.0,20%-<30%,915000.0,122.0,1,Hispanic or Latino,White,Female,55-64,16.393,Loan originated
1,765000.0,41,805000.0,197.0,1,Not Hispanic or Latino,White,Female,25-34,94.753,Loan originated
1,735000.0,40,975000.0,225.0,1,Not Hispanic or Latino,Asian,Male,25-34,75.0,Loan originated
1,875000.0,20%-<30%,1095000.0,418.0,1,Not Hispanic or Latino,White,Female,35-44,80.0,Loan originated
1,525000.0,38,675000.0,187.0,1,Not Hispanic or Latino,White,Male,35-44,77.04,Loan originated
1,785000.0,37,1055000.0,26.0,1,Not Hispanic or Latino,Asian,Male,35-44,75.0,Loan originated
1,815000.0,49,1025000.0,180.0,1,Not Hispanic or Latino,White,Male,45-54,80.0,Loan originated
1,325000.0,38,415000.0,130.0,1,Not Hispanic or Latino,White,Male,25-34,80.0,Loan originated
1,195000.0,50%-60%,245000.0,98.0,1,Not Hispanic or Latino,White,Male,55-64,80.0,Loan originated
1,485000.0,45,605000.0,123.0,1,Not Hispanic or Latino,Black or African American,Male,>74,80.0,Loan originated
1,505000.0,30%-<36%,625000.0,180.0,1,Hispanic or Latino,White,Male,35-44,80.0,Application denied
1,1025000.0,48,1285000.0,213.0,1,Not Hispanic or Latino,White,Male,35-44,80.0,Loan originated
1,515000.0,44,635000.0,99.0,1,Not Hispanic or Latino,White,Male,25-34,80.0,Loan originated
1,765000.0,38,855000.0,234.0,1,Not Hispanic or Latino,White,Male,35-44,90.0,Loan originated
1,585000.0,49,615000.0,126.0,1,Hispanic or Latino,White,Male,35-44,95.0,Loan originated
1,765000.0,48,1215000.0,174.0,1,Not Hispanic or Latino,White,Male,35-44,62.993,Loan originated
1,275000.0,49,475000.0,72.0,1,Not Hispanic or Latino,White,Male,25-34,57.717,Loan originated
1,325000.0,20%-<30%,525000.0,152.0,1,Not Hispanic or Latino,White,Female,35-44,61.9,Loan originated
1,415000.0,20%-<30%,515000.0,176.0,1,Not Hispanic or Latino,Asian,Male,35-44,80.0,Loan originated
1,415000.0,47,555000.0,98.0,1,Not Hispanic or Latino,White,Male,45-54,75.0,Loan originated
1,835000.0,48,875000.0,174.0,1,Hispanic or Latino,White,Female,25-34,94.97,Loan originated
1,445000.0,20%-<30%,465000.0,255.0,1,Not Hispanic or Latino,White,Male,35-44,97.0,Loan originated
1,815000.0,40,1025000.0,187.0,1,Not Hispanic or Latino,Asian,Male,45-54,80.0,Loan originated
1,545000.0,<20%,2205000.0,610.0,1,Not Hispanic or Latino,White,Male,55-64,24.83,Loan originated
1,615000.0,39,765000.0,275.0,1,Hispanic or Latino,White,Female,55-64,80.0,Loan originated
1,345000.0,39,405000.0,89.0,1,Not Hispanic or Latino,White,Male,25-34,85.0,Loan originated
1,655000.0,47,725000.0,142.0,1,Not Hispanic or Latino,Asian,Female,65-74,89.9,Loan originated
1,1005000.0,43,2905000.0,346.0,1,Not Hispanic or Latino,White,Female,45-54,34.48,Loan originated
1,585000.0,44,725000.0,125.0,1,Not Hispanic or Latino,Asian,Female,25-34,80.0,Loan originated
1,435000.0,46,735000.0,124.0,1,Not Hispanic or Latino,White,Male,55-64,59.19,Loan originated
1,845000.0,42,1055000.0,203.0,1,Not Hispanic or Latino,White,Female,35-44,80.0,Loan originated
1,415000.0,37,565000.0,119.0,1,Not Hispanic or Latino,White,Female,45-54,73.568,Loan originated
1,925000.0,<20%,1155000.0,0.0,1,Not Hispanic or Latino,White,Male,55-64,80.0,Application denied
1,1005000.0,30%-<36%,2905000.0,575.0,1,Not Hispanic or Latino,White,Male,45-54,35.0,Loan originated
1,475000.0,20%-<30%,595000.0,347.0,1,Hispanic or Latino,White,Male,25-34,80.0,Loan originated
1,645000.0,40,715000.0,176.0,1,Hispanic or Latino,White,Female,25-34,90.0,Application denied
1,695000.0,20%-<30%,945000.0,289.0,1,Not Hispanic or Latino,Asian,Male,45-54,73.59,Loan originated
1,325000.0,49,515000.0,72.0,1,Hispanic or Latino,White,Female,25-34,62.136,Loan originated
1,455000.0,20%-<30%,605000.0,318.0,1,Not Hispanic or Latino,Black or African American,Male,35-44,75.0,Loan originated
1,165000.0,>60%,175000.0,0.0,1,Hispanic or Latino,Asian,Female,35-44,97.0,Application denied
1,475000.0,39,595000.0,156.0,1,Not Hispanic or Latino,White,Male,35-44,80.0,Loan originated
1,575000.0,47,605000.0,140.0,1,Not Hispanic or Latino,Asian,Male,35-44,95.0,Loan originated
1,535000.0,48,775000.0,14.0,1,Not Hispanic or Latino,Asian,Female,25-34,70.0,Loan originated
1,515000.0,37,535000.0,157.0,1,Not Hispanic or Latino,Asian,Male,35-44,97.0,Loan originated
1,365000.0,20%-<30%,545000.0,130.0,1,Not Hispanic or Latino,White,Female,65-74,67.267,Loan originated
1,755000.0,49,795000.0,189.0,1,Hispanic or Latino,White,Male,35-44,95.0,Loan originated
1,435000.0,37,705000.0,122.0,1,Not Hispanic or Latino,White,Female,35-44,61.429,Loan originated
1,495000.0,47,625000.0,229.0,1,Not Hispanic or Latino,White,Female,55-64,80.0,Loan originated
1,605000.0,20%-<30%,765000.0,390.0,1,Not Hispanic or Latino,White,Female,45-54,80.0,Loan originated
1,555000.0,43,655000.0,163.0,1,Not Hispanic or Latino,White,Female,55-64,84.733,Loan originated
1,405000.0,30%-<36%,955000.0,154.0,1,Not Hispanic or Latino,Asian,Female,35-44,42.105,Loan originated
1,415000.0,49,535000.0,90.0,1,Not Hispanic or Latino,Asian,Female,35-44,78.318,Loan originated
1,285000.0,48,365000.0,62.0,1,Hispanic or Latino,White,Male,45-54,80.0,Loan originated
1,415000.0,20%-<30%,435000.0,171.0,1,Not Hispanic or Latino,White,Male,35-44,97.0,Loan originated
1,475000.0,<20%,945000.0,1286.0,1,Not Hispanic or Latino,White,Male,55-64,50.0,Loan originated
1,615000.0,44,685000.0,132.0,1,Hispanic or Latino,White,Female,25-34,90.0,Loan originated
1,535000.0,48,665000.0,150.0,1,Not Hispanic or Latino,Asian,Female,35-44,80.0,Loan originated
1,455000.0,49,755000.0,127.0,1,Not Hispanic or Latino,Asian,Male,25-34,90.0,Loan originated
1,335000.0,30%-<36%,685000.0,96.0,1,Not Hispanic or Latino,White,Female,55-64,48.627,Loan originated
1,225000.0,39,525000.0,95.0,1,Not Hispanic or Latino,White,Female,45-54,42.0,Loan originated
1,355000.0,47,395000.0,79.0,1,Not Hispanic or Latino,White,Male,25-34,90.0,Loan originated
1,275000.0,44,525000.0,79.0,1,Not Hispanic or Latino,Black or African American,Female,25-34,101.403,Loan originated
1,305000.0,30%-<36%,575000.0,103.0,1,Hispanic or Latino,White,Female,35-44,52.391,Loan originated
1,655000.0,30%-<36%,685000.0,232.0,1,Hispanic or Latino,White,Male,25-34,95.0,Loan originated
1,575000.0,37,1085000.0,156.0,1,Not Hispanic or Latino,White,Male,25-34,52.995,Loan originated
1,405000.0,38,425000.0,151.0,1,Not Hispanic or Latino,White,Male,55-64,95.0,Loan originated
1,975000.0,39,1305000.0,721.0,1,Not Hispanic or Latino,Asian,Female,25-34,75.0,Loan originated
1,195000.0,50%-60%,275000.0,72.0,1,Hispanic or Latino,White,Male,<25,71.22,Application denied
1,455000.0,43,685000.0,109.0,1,Not Hispanic or Latino,White,Female,35-44,66.18,Loan originated
1,495000.0,30%-<36%,795000.0,171.0,1,Not Hispanic or Latino,White,Female,45-54,62.121,Loan originated
1,525000.0,37,1235000.0,180.0,1,Not Hispanic or Latino,Asian,Male,55-64,42.373,Loan originated
1,655000.0,36,1005000.0,262.0,1,Not Hispanic or Latino,White,Female,>74,65.0,Loan originated
1,1105000.0,30%-<36%,1535000.0,333.0,1,Hispanic or Latino,White,Male,35-44,71.661,Loan originated
1,995000.0,47,1475000.0,228.0,1,Hispanic or Latino,White,Male,25-34,70.0,Loan originated
1,665000.0,45,835000.0,181.0,1,Not Hispanic or Latino,Black or African American,Female,35-44,80.0,Loan originated
1,765000.0,38,1395000.0,242.0,1,Not Hispanic or Latino,Asian,Male,35-44,55.0,Loan originated
1,475000.0,44,685000.0,115.0,1,Not Hispanic or Latino,White,Male,25-34,70.0,Loan originated
1,275000.0,48,455000.0,73.0,1,Hispanic or Latino,White,Female,45-54,60.0,Loan originated
1,525000.0,<20%,715000.0,1077.0,1,Hispanic or Latino,White,Female,55-64,73.944,Loan originated
1,505000.0,48,905000.0,145.0,1,Not Hispanic or Latino,White,Female,55-64,55.25,Loan originated
1,305000.0,20%-<30%,325000.0,153.0,1,Hispanic or Latino,White,Male,35-44,94.93,Loan originated
1,235000.0,39,355000.0,78.0,1,Not Hispanic or Latino,White,Female,65-74,66.197,Loan originated
1,735000.0,37,925000.0,269.0,1,Not Hispanic or Latino,Asian,Male,35-44,80.0,Loan originated
1,865000.0,30%-<36%,1075000.0,315.0,1,Not Hispanic or Latino,White,Male,65-74,80.0,Loan originated
1,335000.0,44,345000.0,86.0,1,Not Hispanic or Latino,White,Male,45-54,97.0,Loan originated
1,375000.0,47,535000.0,118.0,1,Hispanic or Latino,White,Female,45-54,70.0,Loan originated
1,685000.0,44,915000.0,196.0,1,Not Hispanic or Latino,Asian,Male,35-44,75.0,Loan originated
1,755000.0,49,1425000.0,169.0,1,Not Hispanic or Latino,White,Male,65-74,53.0,Loan originated
1,465000.0,30%-<36%,575000.0,201.0,1,Not Hispanic or Latino,Asian,Male,25-34,80.0,Loan originated
1,695000.0,20%-<30%,775000.0,511.0,1,Not Hispanic or Latino,White,Female,35-44,90.0,Loan originated
1,425000.0,20%-<30%,895000.0,155.0,1,Not Hispanic or Latino,Asian,Male,25-34,47.85,Loan originated
1,255000.0,49,265000.0,55.0,1,Not Hispanic or Latino,White,Male,<25,95.0,Loan originated
1,765000.0,47,865000.0,205.0,1,Not Hispanic or Latino,White,Male,35-44,87.917,Loan originated
1,795000.0,44,885000.0,190.0,1,Not Hispanic or Latino,White,Male,35-44,90.0,Loan originated
1,495000.0,47,525000.0,109.0,1,Not Hispanic or Latino,American Indian or Alaska Native,Male,<25,95.0,Loan originated
1,325000.0,39,475000.0,117.0,1,Not Hispanic or Latino,Asian,Female,35-44,68.747,Loan originated
1,685000.0,47,725000.0,275.0,1,Hispanic or Latino,White,Female,25-34,95.0,Loan originated
1,395000.0,30%-<36%,555000.0,125.0,1,Not Hispanic or Latino,White,Female,25-34,71.818,Loan originated
1,905000.0,47,1135000.0,182.0,1,Not Hispanic or Latino,Asian,Male,35-44,79.19,Loan originated
1,625000.0,42,925000.0,221.0,1,Not Hispanic or Latino,Asian,Female,35-44,67.47,Loan originated
1,705000.0,30%-<36%,955000.0,216.0,1,Not Hispanic or Latino,Asian,Female,25-34,73.69,Loan originated
1,525000.0,20%-<30%,745000.0,321.0,1,Hispanic or Latino,White,Female,65-74,70.29,Loan originated
1,205000.0,47,385000.0,81.0,1,Not Hispanic or Latino,Native Hawaiian or Other Pacific Islander,Male,45-54,53.0,Loan originated
1,505000.0,41,675000.0,121.0,1,Not Hispanic or Latino,Asian,Female,35-44,75.0,Loan originated
1,405000.0,47,505000.0,175.0,1,Not Hispanic or Latino,White,Female,35-44,80.0,Loan originated
1,765000.0,49,1145000.0,243.0,1,Not Hispanic or Latino,White,Male,55-64,66.715,Loan originated
1,475000.0,49,595000.0,110.0,1,Not Hispanic or Latino,White,Female,45-54,80.0,Loan originated
1,565000.0,20%-<30%,1855000.0,291.0,1,Not Hispanic or Latino,White,Male,55-64,30.4,Loan originated
1,495000.0,45,625000.0,12.0,1,Not Hispanic or Latino,Asian,Female,35-44,80.0,Loan originated
1,975000.0,41,1295000.0,420.0,1,Not Hispanic or Latino,White,Male,35-44,75.0,Loan originated
1,465000.0,43,665000.0,132.0,1,Not Hispanic or Latino,White,Female,45-54,70.076,Loan originated
1,765000.0,48,845000.0,168.0,1,Not Hispanic or Latino,Asian,Female,35-44,90.0,Loan originated
1,505000.0,<20%,565000.0,0.0,1,Not Hispanic or Latino,Asian,Male,25-34,90.0,Application denied
1,815000.0,46,855000.0,208.0,1,Hispanic or Latino,White,Female,35-44,95.0,Loan originated
1,395000.0,49,475000.0,93.0,1,Not Hispanic or Latino,White,Male,65-74,105.0,Loan originated
1,455000.0,47,565000.0,95.0,1,Not Hispanic or Latino,Native Hawaiian or Other Pacific Islander,Female,25-34,80.0,Loan originated
1,445000.0,45,555000.0,135.0,1,Not Hispanic or Latino,Asian,Female,55-64,80.0,Loan originated
1,505000.0,50%-60%,635000.0,329.0,1,Not Hispanic or Latino,Asian,Male,<25,80.0,Application denied
1,535000.0,39,625000.0,144.0,1,Not Hispanic or Latino,White,Male,25-34,85.0,Loan originated
1,355000.0,41,445000.0,158.0,1,Not Hispanic or Latino,White,Female,55-64,80.0,Loan originated
1,255000.0,49,355000.0,50.0,1,Hispanic or Latino,White,Male,45-54,72.286,Loan originated
1,825000.0,36,1045000.0,428.0,1,Not Hispanic or Latino,White,Female,35-44,80.0,Loan originated
1,745000.0,47,995000.0,310.0,1,Not Hispanic or Latino,White,Male,55-64,75.0,Loan originated
1,165000.0,37,185000.0,103.0,1,Hispanic or Latino,American Indian or Alaska Native,Male,55-64,91.762,Loan originated
1,355000.0,39,375000.0,140.0,1,Hispanic or Latino,White,Female,25-34,95.0,Loan originated
1,385000.0,30%-<36%,515000.0,134.0,1,Hispanic or Latino,White,Male,55-64,75.0,Loan originated
1,475000.0,30%-<36%,855000.0,203.0,1,Not Hispanic or Latino,Asian,Male,35-44,55.29,Loan originated
1,495000.0,30%-<36%,625000.0,236.0,1,Not Hispanic or Latino,White,Male,55-64,80.0,Loan originated
1,315000.0,42,395000.0,222.0,1,Not Hispanic or Latino,Asian,Male,35-44,80.0,Loan originated
1,895000.0,50%-60%,1115000.0,199.0,1,Not Hispanic or Latino,Asian,Male,25-34,80.0,Loan originated
1,265000.0,41,295000.0,86.0,1,Not Hispanic or Latino,White,Male,35-44,90.0,Loan originated
1,955000.0,49,1605000.0,189.0,1,Not Hispanic or Latino,White,Male,35-44,60.0,Loan originated
1,765000.0,>60%,965000.0,79.0,1,Not Hispanic or Latino,Asian,Male,55-64,79.46,Application denied
1,845000.0,45,885000.0,166.0,1,Not Hispanic or Latino,Asian,Male,<25,95.0,Loan originated
1,385000.0,49,805000.0,89.0,1,Not Hispanic or Latino,White,Male,55-64,48.0,Loan originated
1,605000.0,20%-<30%,675000.0,300.0,1,Not Hispanic or Latino,Asian,Female,25-34,90.001,Loan originated
1,295000.0,46,365000.0,81.0,1,Not Hispanic or Latino,White,Female,25-34,80.0,Loan originated
1,765000.0,30%-<36%,965000.0,209.0,1,Not Hispanic or Latino,White,Female,25-34,79.043,Loan originated
1,105000.0,20%-<30%,525000.0,130.0,1,Not Hispanic or Latino,White,Female,55-64,19.231,Loan originated
1,985000.0,41,1225000.0,373.0,1,Not Hispanic or Latino,White,Male,55-64,80.0,Loan originated
1,445000.0,49,1485000.0,126.0,1,Not Hispanic or Latino,Asian,Female,55-64,29.57,Loan originated
1,125000.0,20%-<30%,395000.0,92.0,1,Not Hispanic or Latino,White,Female,65-74,30.777,Loan originated
1,565000.0,49,1005000.0,135.0,1,Not Hispanic or Latino,White,Female,65-74,56.6,Loan originated
1,985000.0,50%-60%,1275000.0,171.0,1,Not Hispanic or Latino,Asian,Female,25-34,77.255,Loan originated
1,575000.0,30%-<36%,715000.0,379.0,1,Not Hispanic or Latino,White,Female,55-64,80.0,Loan originated
1,425000.0,20%-<30%,565000.0,173.0,1,Not Hispanic or Latino,White,Male,35-44,75.0,Loan originated
1,765000.0,43,975000.0,178.0,1,Not Hispanic or Latino,White,Male,25-34,78.615,Loan originated
1,1095000.0,>60%,1565000.0,296.0,1,Hispanic or Latino,White,Male,35-44,70.0,Loan originated
1,985000.0,20%-<30%,1225000.0,436.0,1,Not Hispanic or Latino,White,Male,35-44,80.0,Loan originated
1,895000.0,>60%,1045000.0,95.0,1,Hispanic or Latino,White,Male,45-54,86.0,Application denied
1,465000.0,41,715000.0,112.0,1,Not Hispanic or Latino,Asian,Female,35-44,65.0,Loan originated
1,165000.0,20%-<30%,285000.0,88.0,1,Not Hispanic or Latino,White,Male,35-44,58.929,Loan originated
1,995000.0,20%-<30%,1395000.0,374.0,1,Not Hispanic or Latino,Asian,Female,45-54,72.0,Loan originated
1,305000.0,49,325000.0,64.0,1,Hispanic or Latino,White,Male,35-44,95.0,Loan originated
1,495000.0,44,585000.0,171.0,1,Not Hispanic or Latino,White,Male,25-34,85.0,Loan originated
1,255000.0,30%-<36%,335000.0,84.0,1,Hispanic or Latino,White,Male,45-54,75.0,Loan originated
1,905000.0,44,1455000.0,338.0,1,Not Hispanic or Latino,Asian,Male,35-44,61.843,Loan originated
1,535000.0,48,675000.0,238.0,1,Not Hispanic or Latino,Asian,Female,65-74,80.0,Loan originated
1,455000.0,30%-<36%,475000.0,205.0,1,Not Hispanic or Latino,White,Female,35-44,95.0,Loan originated
1,1085000.0,44,1245000.0,241.0,1,Not Hispanic or Latino,Asian,Male,45-54,87.581,Loan originated
1,175000.0,43,255000.0,101.0,1,Not Hispanic or Latino,White,Male,55-64,70.0,Loan originated
1,1105000.0,>60%,1105000.0,195.0,1,Not Hispanic or Latino,Black or African American,Female,45-54,100.0,Application denied
1,205000.0,49,275000.0,45.0,1,Not Hispanic or Latino,White,Female,25-34,75.0,Loan originated
1,945000.0,49,1185000.0,215.0,1,Not Hispanic or Latino,Asian,Male,25-34,80.0,Application denied
1,405000.0,>60%,485000.0,83.0,1,Not Hispanic or Latino,White,Female,35-44,85.0,Application denied
1,1005000.0,>60%,1075000.0,106.0,1,Not Hispanic or Latino,White,Male,25-34,94.042,Application denied
1,355000.0,49,515000.0,75.0,1,Hispanic or Latino,White,Male,25-34,70.0,Loan originated
1,245000.0,30%-<36%,385000.0,250.0,1,Not Hispanic or Latino,White,Male,35-44,64.42,Loan originated
1,305000.0,43,385000.0,89.0,1,Hispanic or Latino,White,Male,45-54,80.0,Loan originated
1,575000.0,30%-<36%,835000.0,236.0,1,Not Hispanic or Latino,Asian,Male,55-64,68.367,Loan originated
1,415000.0,30%-<36%,515000.0,166.0,1,Not Hispanic or Latino,Black or African American,Male,25-34,80.0,Loan originated
1,925000.0,44,975000.0,209.0,1,Not Hispanic or Latino,Asian,Female,25-34,95.0,Loan originated
1,345000.0,20%-<30%,365000.0,130.0,1,Not Hispanic or Latino,White,Male,55-64,95.0,Loan originated
1,695000.0,44,775000.0,151.0,1,Not Hispanic or Latino,White,Female,35-44,90.0,Loan originated
1,355000.0,40,1155000.0,107.0,1,Not Hispanic or Latino,Asian,Female,45-54,31.0,Loan originated
1,345000.0,48,455000.0,87.0,1,Not Hispanic or Latino,White,Male,25-34,75.0,Loan originated
1,735000.0,39,925000.0,276.0,1,Not Hispanic or Latino,Asian,Male,25-34,80.0,Loan originated
1,585000.0,49,775000.0,143.0,1,Not Hispanic or Latino,White,Female,65-74,75.0,Loan originated
1,735000.0,20%-<30%,905000.0,231.0,1,Not Hispanic or Latino,Asian,Female,35-44,82.0,Loan originated
1,355000.0,39,585000.0,215.0,1,Not Hispanic or Latino,White,Female,55-64,60.0,Loan originated
1,645000.0,37,715000.0,197.0,1,Not Hispanic or Latino,Asian,Male,35-44,89.99,Loan originated
1,195000.0,30%-<36%,425000.0,131.0,1,Not Hispanic or Latino,White,Female,45-54,45.221,Loan originated
1,405000.0,20%-<30%,505000.0,180.0,1,Not Hispanic or Latino,White,Female,25-34,79.208,Loan originated
1,285000.0,49,305000.0,67.0,1,Not Hispanic or Latino,White,Male,45-54,95.0,Loan originated
1,565000.0,37,805000.0,546.0,1,Not Hispanic or Latino,Asian,Male,55-64,70.0,Loan originated
1,495000.0,20%-<30%,795000.0,272.0,1,Not Hispanic or Latino,White,Female,35-44,63.0,Loan originated
1,705000.0,46,885000.0,318.0,1,Not Hispanic or Latino,Asian,Male,55-64,80.0,Loan originated
1,845000.0,41,1065000.0,193.0,1,Not Hispanic or Latino,Asian,Female,25-34,80.0,Loan originated
1,245000.0,47,795000.0,140.0,1,Not Hispanic or Latino,White,Female,35-44,30.189,Loan originated
1,525000.0,43,555000.0,161.0,1,Not Hispanic or Latino,Asian,Female,25-34,95.0,Loan originated
1,1055000.0,49,2315000.0,236.0,1,Not Hispanic or Latino,Asian,Male,45-54,45.29,Loan originated
1,1005000.0,39,1295000.0,237.0,1,Not Hispanic or Latino,White,Female,45-54,76.98,Loan originated
1,765000.0,41,1335000.0,204.0,1,Not Hispanic or Latino,Asian,Female,25-34,57.3,Application denied
1,455000.0,45,615000.0,139.0,1,Not Hispanic or Latino,Asian,Male,25-34,75.0,Loan originated
1,705000.0,30%-<36%,725000.0,240.0,1,Not Hispanic or Latino,White,Male,25-34,97.0,Loan originated
1,225000.0,46,405000.0,98.0,1,Not Hispanic or Latino,White,Female,>74,55.556,Loan originated
1,375000.0,45,395000.0,117.0,1,Hispanic or Latino,White,Female,35-44,97.0,Loan originated
1,235000.0,44,385000.0,56.0,1,Hispanic or Latino,White,Male,45-54,61.039,Loan originated
1,605000.0,46,755000.0,126.0,1,Not Hispanic or Latino,White,Female,35-44,80.0,Loan originated
1,345000.0,40,455000.0,90.0,1,Not Hispanic or Latino,White,Male,25-34,75.556,Loan originated
1,365000.0,50%-60%,455000.0,70.0,1,Not Hispanic or Latino,White,Female,25-34,79.121,Loan originated
1,905000.0,30%-<36%,1125000.0,253.0,1,Not Hispanic or Latino,White,Female,35-44,80.0,Loan originated
1,585000.0,20%-<30%,975000.0,256.0,1,Not Hispanic or Latino,White,Male,55-64,60.0,Loan originated
1,285000.0,41,485000.0,90.0,1,Hispanic or Latino,White,Female,35-44,58.333,Loan originated
1,325000.0,47,475000.0,75.0,1,Hispanic or Latino,White,Female,35-44,68.09,Loan originated
1,535000.0,42,595000.0,225.0,1,Not Hispanic or Latino,Asian,Male,35-44,89.99,Loan originated
1,295000.0,20%-<30%,365000.0,118.0,1,Not Hispanic or Latino,Asian,Female,35-44,80.0,Application denied
1,1125000.0,30%-<36%,2775000.0,386.0,1,Not Hispanic or Latino,Asian,Male,35-44,40.45,Loan originated
1,365000.0,37,465000.0,132.0,1,Not Hispanic or Latino,Asian,Male,25-34,80.0,Loan originated
1,925000.0,45,1275000.0,278.0,1,Hispanic or Latino,White,Female,45-54,73.0,Loan originated
1,1005000.0,43,2305000.0,246.0,1,Not Hispanic or Latino,White,Male,35-44,43.478,Loan originated
1,465000.0,44,965000.0,195.0,1,Hispanic or Latino,White,Female,65-74,48.19,Loan originated
1,485000.0,47,615000.0,149.0,1,Hispanic or Latino,White,Male,<25,80.0,Loan originated
1,45000.0,40,55000.0,47.0,1,Not Hispanic or Latino,White,Male,65-74,77.9,Loan originated
1,765000.0,30%-<36%,1135000.0,250.0,1,Not Hispanic or Latino,Asian,Female,45-54,67.97,Loan originated
1,705000.0,30%-<36%,1705000.0,270.0,1,Not Hispanic or Latino,White,Female,55-64,42.0,Loan originated
1,335000.0,49,355000.0,85.0,1,Not Hispanic or Latino,White,Female,35-44,94.122,Loan originated
1,465000.0,48,1565000.0,142.0,1,Not Hispanic or Latino,White,Female,55-64,29.808,Loan originated
1,655000.0,30%-<36%,1015000.0,234.0,1,Not Hispanic or Latino,White,Male,25-34,65.0,Loan originated
1,555000.0,49,595000.0,129.0,1,Not Hispanic or Latino,White,Female,45-54,94.0,Loan originated
1,555000.0,42,695000.0,193.0,1,Hispanic or Latino,White,Male,45-54,90.0,Loan originated
1,595000.0,>60%,665000.0,139.0,1,Hispanic or Latino,Asian,Male,35-44,90.0,Application denied
1,295000.0,36,315000.0,160.0,1,Hispanic or Latino,White,Male,25-34,95.0,Loan originated
1,345000.0,40,395000.0,120.0,1,Not Hispanic or Latino,White,Male,25-34,88.0,Loan originated
1,285000.0,38,355000.0,103.0,1,Not Hispanic or Latino,White,Male,25-34,96.338,Application denied
1,305000.0,47,335000.0,109.0,1,Hispanic or Latino,White,Male,65-74,90.0,Loan originated
1,385000.0,42,475000.0,96.0,1,Not Hispanic or Latino,White,Female,35-44,80.0,Application denied
1,975000.0,45,1035000.0,264.0,1,Not Hispanic or Latino,White,Male,35-44,95.0,Loan originated
1,775000.0,44,1985000.0,539.0,1,Not Hispanic or Latino,White,Male,45-54,39.15,Loan originated
1,395000.0,49,495000.0,125.0,1,Not Hispanic or Latino,White,Female,45-54,80.0,Loan originated
1,165000.0,47,325000.0,44.0,1,Not Hispanic or Latino,White,Female,65-74,50.769,Loan originated
1,345000.0,42,385000.0,91.0,1,Not Hispanic or Latino,White,Male,25-34,90.0,Loan originated
1,335000.0,46,355000.0,146.0,1,Not Hispanic or Latino,White,Female,65-74,95.0,Loan originated
1,195000.0,48,205000.0,89.0,1,Not Hispanic or Latino,Black or African American,Female,35-44,95.0,Loan originated
1,1055000.0,40,1315000.0,317.0,1,Not Hispanic or Latino,White,Female,35-44,80.0,Loan originated
1,575000.0,47,635000.0,160.0,1,Not Hispanic or Latino,White,Female,45-54,90.0,Loan originated
1,755000.0,44,1005000.0,416.0,1,Not Hispanic or Latino,White,Male,55-64,75.0,Loan originated
1,575000.0,49,905000.0,199.0,1,Not Hispanic or Latino,White,Female,>74,63.898,Loan originated
1,225000.0,42,275000.0,146.0,1,Hispanic or Latino,White,Male,35-44,81.818,Application denied
1,495000.0,39,615000.0,161.0,1,Not Hispanic or Latino,White,Female,35-44,79.839,Loan originated
1,215000.0,30%-<36%,285000.0,93.0,1,Not Hispanic or Latino,Asian,Female,25-34,75.0,Loan originated
1,615000.0,49,635000.0,151.0,1,Not Hispanic or Latino,White,Male,25-34,97.0,Loan originated
1,1145000.0,30%-<36%,1855000.0,774.0,1,Not Hispanic or Latino,White,Male,35-44,62.15,Loan originated
1,595000.0,>60%,635000.0,79.0,1,Hispanic or Latino,White,Female,45-54,95.0,Application denied
1,555000.0,44,1225000.0,211.0,1,Not Hispanic or Latino,White,Male,55-64,45.08,Loan originated
1,455000.0,43,1025000.0,298.0,1,Not Hispanic or Latino,White,Male,45-54,44.118,Loan originated
1,755000.0,30%-<36%,875000.0,215.0,1,Not Hispanic or Latino,Black or African American,Male,35-44,86.66,Loan originated
1,345000.0,46,435000.0,124.0,1,Not Hispanic or Latino,Asian,Female,45-54,80.0,Loan originated
1,285000.0,37,305000.0,135.0,1,Not Hispanic or Latino,Native Hawaiian or Other Pacific Islander,Male,25-34,95.0,Loan originated
1,305000.0,49,375000.0,84.0,1,Not Hispanic or Latino,White,Female,25-34,80.0,Loan originated
1,505000.0,>60%,665000.0,73.0,1,Not Hispanic or Latino,Asian,Female,25-34,75.94,Application denied
1,425000.0,41,1275000.0,120.0,1,Not Hispanic or Latino,Asian,Female,25-34,33.465,Loan originated
1,825000.0,42,925000.0,205.0,1,Not Hispanic or Latino,White,Male,35-44,90.0,Loan originated
1,695000.0,49,725000.0,151.0,1,Hispanic or Latino,White,Female,25-34,95.0,Loan originated
1,705000.0,49,785000.0,348.0,1,Not Hispanic or Latino,Asian,Male,35-44,89.99,Loan originated
1,885000.0,49,1105000.0,173.0,1,Not Hispanic or Latino,White,Male,35-44,80.0,Loan originated
1,365000.0,30%-<36%,865000.0,205.0,1,Not Hispanic or Latino,Asian,Female,25-34,42.197,Loan originated
1,415000.0,39,475000.0,126.0,1,Not Hispanic or Latino,White,Male,25-34,88.0,Loan originated
1,505000.0,>60%,535000.0,130.0,1,Not Hispanic or Latino,Black or African American,Female,25-34,95.0,Application denied
1,465000.0,42,585000.0,103.0,1,Not Hispanic or Latino,White,Female,35-44,80.0,Loan originated
1,295000.0,40,335000.0,84.0,1,Hispanic or Latino,2 or more minority races,Male,35-44,90.0,Loan originated
1,495000.0,42,615000.0,119.0,1,Not Hispanic or Latino,Asian,Male,35-44,80.0,Loan originated
1,395000.0,45,525000.0,102.0,1,Not Hispanic or Latino,Asian,Female,35-44,75.0,Loan originated
1,1105000.0,48,1225000.0,245.0,1,Not Hispanic or Latino,Asian,Male,35-44,102.245,Loan originated
1,705000.0,30%-<36%,785000.0,211.0,1,Not Hispanic or Latino,Asian,Male,25-34,89.744,Loan originated
1,525000.0,42,745000.0,212.0,1,Not Hispanic or Latino,Asian,Female,45-54,70.0,Loan originated
1,355000.0,30%-<36%,1495000.0,154.0,1,Not Hispanic or Latino,White,Female,>74,23.49,Loan originated
1,515000.0,<20%,645000.0,474.0,1,Not Hispanic or Latino,White,Female,35-44,80.0,Loan originated
1,525000.0,42,655000.0,271.0,1,Not Hispanic or Latino,Asian,Male,45-54,80.0,Loan originated
1,755000.0,20%-<30%,945000.0,311.0,1,Hispanic or Latino,White,Male,35-44,80.0,Loan originated
1,735000.0,47,775000.0,148.0,1,Not Hispanic or Latino,Black or African American,Male,25-34,95.0,Loan originated
1,445000.0,20%-<30%,555000.0,299.0,1,Not Hispanic or Latino,White,Female,55-64,80.0,Loan originated
1,365000.0,20%-<30%,415000.0,199.0,1,Not Hispanic or Latino,White,Female,55-64,87.952,Loan originated
1,485000.0,40,605000.0,165.0,1,Not Hispanic or Latino,Black or African American,Male,25-34,80.0,Application denied
1,445000.0,47,555000.0,103.0,1,Not Hispanic or Latino,Asian,Male,25-34,80.0,Loan originated
1,815000.0,49,1025000.0,165.0,1,Not Hispanic or Latino,Asian,Male,25-34,80.0,Loan originated
1,855000.0,46,895000.0,181.0,1,Not Hispanic or Latino,Asian,Female,35-44,95.0,Loan originated
1,215000.0,20%-<30%,665000.0,87.0,1,Not Hispanic or Latino,White,Female,35-44,31.921,Loan originated
1,565000.0,44,765000.0,201.0,1,Not Hispanic or Latino,White,Female,55-64,73.684,Loan originated
1,455000.0,46,565000.0,102.0,1,Not Hispanic or Latino,White,Female,25-34,80.0,Loan originated
1,485000.0,46,615000.0,151.0,1,Not Hispanic or Latino,Asian,Male,25-34,80.0,Loan originated
1,445000.0,43,555000.0,109.0,1,Not Hispanic or Latino,White,Male,35-44,80.0,Loan originated
1,455000.0,46,505000.0,98.0,1,Hispanic or Latino,White,Male,45-54,90.0,Loan originated
1,625000.0,48,895000.0,164.0,1,Hispanic or Latino,White,Female,45-54,70.0,Loan originated
1,265000.0,39,705000.0,123.0,1,Not Hispanic or Latino,White,Female,55-64,36.88,Loan originated
1,385000.0,41,585000.0,92.0,1,Not Hispanic or Latino,Asian,Female,35-44,65.759,Loan originated
1,545000.0,42,785000.0,128.0,1,Not Hispanic or Latino,White,Female,55-64,70.0,Loan originated
1,645000.0,47,865000.0,152.0,1,Not Hispanic or Latino,White,Female,55-64,75.0,Loan originated
1,515000.0,49,825000.0,107.0,1,Not Hispanic or Latino,White,Male,25-34,62.0,Loan originated
1,475000.0,48,495000.0,115.0,1,Not Hispanic or Latino,White,Male,<25,95.0,Loan originated
1,205000.0,44,515000.0,54.0,1,Not Hispanic or Latino,White,Female,25-34,38.84,Loan originated
1,225000.0,30%-<36%,1955000.0,245.0,1,Not Hispanic or Latino,Asian,Female,45-54,90.0,Loan originated
1,405000.0,42,415000.0,103.0,1,Not Hispanic or Latino,White,Male,25-34,97.0,Loan originated
1,525000.0,44,655000.0,113.0,1,Hispanic or Latino,White,Male,25-34,80.0,Loan originated
1,955000.0,42,1185000.0,334.0,1,Not Hispanic or Latino,White,Female,65-74,80.0,Loan originated
1,675000.0,37,715000.0,168.0,1,Not Hispanic or Latino,White,Male,35-44,95.0,Loan originated
1,605000.0,45,675000.0,137.0,1,Not Hispanic or Latino,Asian,Male,35-44,89.99,Loan originated
1,425000.0,41,495000.0,114.0,1,Hispanic or Latino,White,Male,25-34,85.0,Loan originated
1,265000.0,50%-60%,335000.0,115.0,1,Not Hispanic or Latino,White,Female,25-34,77.622,Application denied
1,905000.0,48,1135000.0,204.0,1,Not Hispanic or Latino,Asian,Male,25-34,80.0,Loan originated
1,345000.0,48,355000.0,86.0,1,Hispanic or Latino,White,Male,45-54,100.0,Loan originated
1,985000.0,45,1235000.0,207.0,1,Hispanic or Latino,White,Male,25-34,80.0,Loan originated
1,475000.0,42,495000.0,110.0,1,Not Hispanic or Latino,Asian,Female,35-44,94.952,Loan originated
1,855000.0,49,1225000.0,219.0,1,Not Hispanic or Latino,Asian,Male,45-54,70.0,Loan originated
1,305000.0,41,325000.0,110.0,1,Not Hispanic or Latino,Asian,Female,35-44,95.0,Loan originated
1,355000.0,49,375000.0,76.0,1,Hispanic or Latino,White,Male,35-44,95.0,Loan originated
1,395000.0,38,425000.0,114.0,1,Hispanic or Latino,White,Female,45-54,95.0,Loan originated
1,525000.0,49,585000.0,101.0,1,Not Hispanic or Latino,White,Female,35-44,89.949,Loan originated
1,355000.0,47,435000.0,103.0,1,Not Hispanic or Latino,Black or African American,Female,45-54,100.0,Loan originated
1,365000.0,30%-<36%,375000.0,138.0,1,Not Hispanic or Latino,Black or African American,Female,25-34,102.0,Application denied
1,215000.0,37,375000.0,73.0,1,Not Hispanic or Latino,White,Female,45-54,58.081,Loan originated
1,385000.0,44,405000.0,104.0,1,Not Hispanic or Latino,Native Hawaiian or Other Pacific Islander,Female,25-34,95.0,Loan originated
1,585000.0,49,695000.0,130.0,1,Not Hispanic or Latino,Asian,Female,65-74,85.0,Loan originated
1,885000.0,41,1205000.0,216.0,1,Not Hispanic or Latino,Asian,Female,35-44,73.75,Loan originated
1,425000.0,30%-<36%,445000.0,215.0,1,Hispanic or Latino,White,Male,45-54,95.0,Loan originated
1,395000.0,49,425000.0,96.0,1,Hispanic or Latino,White,Female,35-44,95.0,Loan originated
1,885000.0,49,1105000.0,187.0,1,Not Hispanic or Latino,Asian,Male,25-34,80.0,Loan originated
1,305000.0,30%-<36%,555000.0,140.0,1,Not Hispanic or Latino,White,Male,55-64,55.221,Loan originated
1,555000.0,39,585000.0,164.0,1,Not Hispanic or Latino,White,Male,35-44,95.0,Loan originated
1,265000.0,44,285000.0,132.0,1,Not Hispanic or Latino,White,Male,55-64,95.0,Loan originated
1,725000.0,45,805000.0,148.0,1,Not Hispanic or Latino,Asian,Male,35-44,89.99,Loan originated
1,645000.0,30%-<36%,805000.0,375.0,1,Not Hispanic or Latino,White,Male,25-34,80.0,Loan originated
1,305000.0,48,825000.0,87.0,1,Not Hispanic or Latino,White,Male,35-44,36.585,Loan originated
1,1065000.0,43,1185000.0,266.0,1,Not Hispanic or Latino,White,Male,35-44,89.8,Loan originated
1,165000.0,48,165000.0,73.0,1,Not Hispanic or Latino,White,Female,45-54,100.0,Loan originated
1,295000.0,49,495000.0,73.0,1,Not Hispanic or Latino,Asian,Male,65-74,60.204,Loan originated
1,705000.0,42,835000.0,275.0,1,Not Hispanic or Latino,White,Male,35-44,85.0,Loan originated
1,465000.0,43,495000.0,124.0,1,Not Hispanic or Latino,Asian,Female,25-34,95.0,Loan originated
1,705000.0,49,885000.0,154.0,1,Not Hispanic or Latino,Black or African American,Female,45-54,80.0,Loan originated
1,295000.0,42,595000.0,115.0,1,Not Hispanic or Latino,Asian,Male,25-34,49.917,Loan originated
1,765000.0,49,815000.0,149.0,1,Hispanic or Latino,White,Female,35-44,95.0,Loan originated
1,385000.0,48,555000.0,247.0,1,Hispanic or Latino,Asian,Male,35-44,84.946,Loan originated
1,475000.0,48,675000.0,105.0,1,Not Hispanic or Latino,Asian,Male,25-34,70.37,Loan originated
1,355000.0,49,435000.0,93.0,1,Not Hispanic or Latino,White,Female,25-34,80.0,Loan originated
1,365000.0,40,965000.0,143.0,1,Not Hispanic or Latino,White,Female,25-34,38.0,Loan originated
1,365000.0,49,385000.0,67.0,1,Not Hispanic or Latino,White,Female,25-34,95.0,Loan originated
1,545000.0,49,645000.0,106.0,1,Not Hispanic or Latino,White,Male,25-34,85.0,Loan originated
1,495000.0,47,615000.0,104.0,1,Not Hispanic or Latino,Asian,Male,25-34,80.0,Loan originated
1,505000.0,49,545000.0,145.0,1,Not Hispanic or Latino,White,Female,35-44,92.831,Loan originated
1,325000.0,43,415000.0,77.0,1,Hispanic or Latino,White,Male,35-44,80.0,Loan originated
1,665000.0,50%-60%,815000.0,137.0,1,Not Hispanic or Latino,Asian,Female,25-34,100.0,Loan originated
1,205000.0,45,705000.0,78.0,1,Not Hispanic or Latino,White,Female,55-64,28.673,Loan originated
1,405000.0,46,445000.0,90.0,1,Hispanic or Latino,White,Female,25-34,90.0,Loan originated
1,525000.0,47,545000.0,120.0,1,Not Hispanic or Latino,Asian,Male,35-44,95.0,Loan originated
1,425000.0,38,445000.0,114.0,1,Hispanic or Latino,White,Male,45-54,95.0,Application denied
1,505000.0,45,535000.0,151.0,1,Hispanic or Latino,White,Male,25-34,95.0,Loan originated
1,235000.0,20%-<30%,295000.0,175.0,1,Not Hispanic or Latino,White,Male,25-34,80.0,Loan originated
1,545000.0,38,675000.0,148.0,1,Not Hispanic or Latino,White,Female,45-54,80.0,Loan originated
1,125000.0,38,365000.0,58.0,1,Not Hispanic or Latino,White,Female,35-44,32.877,Loan originated
1,475000.0,41,525000.0,140.0,1,Not Hispanic or Latino,White,Male,35-44,90.564,Loan originated
1,245000.0,41,385000.0,84.0,1,Not Hispanic or Latino,Black or African American,Male,25-34,63.99,Application denied
1,415000.0,37,505000.0,189.0,1,Not Hispanic or Latino,White,Female,25-34,81.19,Loan originated
1,505000.0,39,625000.0,143.0,1,Not Hispanic or Latino,White,Male,45-54,80.0,Loan originated
1,785000.0,48,915000.0,169.0,1,Not Hispanic or Latino,Asian,Male,35-44,85.0,Loan originated
1,635000.0,44,715000.0,164.0,1,Not Hispanic or Latino,Asian,Male,25-34,90.0,Loan originated
1,355000.0,30%-<36%,375000.0,191.0,1,Not Hispanic or Latino,Asian,Female,25-34,95.0,Loan originated
1,445000.0,46,505000.0,135.0,1,Not Hispanic or Latino,Asian,Female,55-64,87.795,Loan originated
1,155000.0,20%-<30%,525000.0,96.0,1,Not Hispanic or Latino,Asian,Female,25-34,28.91,Loan originated
1,225000.0,42,605000.0,66.0,1,Hispanic or Latino,Native Hawaiian or Other Pacific Islander,Female,55-64,37.5,Loan originated
1,765000.0,45,855000.0,191.0,1,Not Hispanic or Latino,Asian,Female,25-34,90.0,Loan originated
1,405000.0,45,515000.0,90.0,1,Hispanic or Latino,White,Male,25-34,80.0,Loan originated
1,265000.0,30%-<36%,515000.0,95.0,1,Hispanic or Latino,White,Female,35-44,51.456,Loan originated
1,15000.0,<20%,775000.0,206.0,1,Not Hispanic or Latino,White,Female,25-34,99.9,Loan originated
1,565000.0,45,705000.0,116.0,1,Not Hispanic or Latino,Asian,Male,25-34,80.0,Loan originated
1,125000.0,>60%,475000.0,60.0,1,Hispanic or Latino,White,Female,25-34,25.532,Application denied
1,425000.0,40,715000.0,112.0,1,Hispanic or Latino,White,Male,25-34,75.0,Loan originated
1,135000.0,36,795000.0,65.0,1,Not Hispanic or Latino,Black or African American,Female,45-54,16.9,Loan originated
1,885000.0,49,1565000.0,203.0,1,Not Hispanic or Latino,White,Female,55-64,56.658,Loan originated
1,675000.0,49,815000.0,131.0,1,Hispanic or Latino,White,Male,35-44,83.33,Loan originated
1,785000.0,43,825000.0,216.0,1,Not Hispanic or Latino,White,Male,35-44,95.0,Loan originated
1,285000.0,41,525000.0,106.0,1,Not Hispanic or Latino,White,Female,65-74,54.476,Loan originated
1,495000.0,39,545000.0,167.0,1,Not Hispanic or Latino,White,Male,65-74,90.0,Loan originated
1,195000.0,50%-60%,285000.0,50.0,1,Not Hispanic or Latino,Asian,Male,25-34,68.42,Application denied
1,765000.0,46,1075000.0,176.0,1,Not Hispanic or Latino,White,Male,45-54,72.0,Loan originated
1,675000.0,20%-<30%,845000.0,411.0,1,Not Hispanic or Latino,Asian,Male,35-44,80.0,Loan originated
1,925000.0,48,965000.0,197.0,1,Not Hispanic or Latino,White,Female,25-34,95.0,Application denied
1,475000.0,30%-<36%,505000.0,165.0,1,Hispanic or Latino,White,Male,25-34,95.0,Loan originated
1,425000.0,41,605000.0,120.0,1,Not Hispanic or Latino,Asian,Female,25-34,70.0,Loan originated
1,765000.0,42,995000.0,291.0,1,Not Hispanic or Latino,Asian,Male,45-54,76.682,Loan originated
1,1005000.0,<20%,1125000.0,683.0,1,Not Hispanic or Latino,White,Male,35-44,89.84,Loan originated
1,395000.0,46,545000.0,92.0,1,Hispanic or Latino,White,Male,25-34,72.722,Loan originated
1,385000.0,44,485000.0,90.0,1,Not Hispanic or Latino,White,Female,45-54,80.0,Loan originated
1,605000.0,44,935000.0,153.0,1,Not Hispanic or Latino,Asian,Female,25-34,65.0,Loan originated
1,75000.0,20%-<30%,395000.0,58.0,1,Not Hispanic or Latino,White,Female,65-74,19.108,Loan originated
1,545000.0,30%-<36%,575000.0,325.0,1,Hispanic or Latino,White,Male,35-44,95.0,Loan originated
1,155000.0,39,305000.0,50.0,1,Not Hispanic or Latino,White,Male,25-34,50.82,Loan originated
1,365000.0,30%-<36%,375000.0,199.0,1,Hispanic or Latino,White,Female,55-64,97.0,Loan originated
1,585000.0,43,815000.0,225.0,1,Not Hispanic or Latino,White,Female,45-54,71.166,Loan originated
1,605000.0,49,1005000.0,236.0,1,Not Hispanic or Latino,White,Female,35-44,60.0,Loan originated
1,745000.0,44,885000.0,180.0,1,Not Hispanic or Latino,White,Male,55-64,85.0,Loan originated
1,435000.0,20%-<30%,545000.0,165.0,1,Not Hispanic or Latino,White,Male,35-44,80.0,Loan originated
1,1115000.0,49,1245000.0,240.0,1,Not Hispanic or Latino,White,Female,45-54,90.0,Loan originated
1,655000.0,48,775000.0,176.0,1,Hispanic or Latino,White,Female,25-34,85.0,Loan originated
1,435000.0,49,725000.0,141.0,1,Not Hispanic or Latino,White,Male,25-34,60.0,Loan originated
1,655000.0,20%-<30%,875000.0,275.0,1,Not Hispanic or Latino,White,Male,35-44,75.0,Loan originated
1,425000.0,47,525000.0,84.0,1,Hispanic or Latino,White,Male,35-44,80.0,Loan originated
1,825000.0,20%-<30%,1125000.0,416.0,1,Not Hispanic or Latino,White,Male,55-64,73.333,Loan originated
1,505000.0,36,655000.0,136.0,1,Hispanic or Latino,White,Male,35-44,75.99,Loan originated
1,435000.0,42,465000.0,194.0,1,Hispanic or Latino,White,Male,<25,95.0,Loan originated
1,605000.0,20%-<30%,925000.0,268.0,1,Not Hispanic or Latino,Asian,Female,45-54,65.217,Loan originated
1,185000.0,47,225000.0,47.0,1,Hispanic or Latino,White,Male,<25,85.0,Loan originated
1,235000.0,<20%,385000.0,226.0,1,Not Hispanic or Latino,White,Male,35-44,60.526,Loan originated
1,855000.0,20%-<30%,1425000.0,339.0,1,Not Hispanic or Latino,Asian,Male,35-44,59.45,Loan originated
1,685000.0,30%-<36%,1055000.0,294.0,1,Not Hispanic or Latino,Asian,Female,35-44,65.0,Loan originated
1,345000.0,43,425000.0,104.0,1,Not Hispanic or Latino,White,Male,25-34,80.0,Loan originated
1,445000.0,37,575000.0,153.0,1,Not Hispanic or Latino,White,Male,25-34,80.0,Loan originated
1,505000.0,49,1905000.0,135.0,1,Not Hispanic or Latino,Asian,Female,25-34,26.32,Application denied
1,505000.0,>60%,955000.0,100.0,1,Not Hispanic or Latino,Asian,Female,25-34,52.63,Application denied
1,395000.0,39,445000.0,109.0,1,Not Hispanic or Latino,White,Female,25-34,90.0,Loan originated
1,565000.0,46,705000.0,170.0,1,Hispanic or Latino,White,Female,65-74,80.0,Loan originated
1,205000.0,20%-<30%,225000.0,110.0,1,Not Hispanic or Latino,White,Male,55-64,90.0,Loan originated
1,1035000.0,49,1225000.0,224.0,1,Not Hispanic or Latino,Black or African American,Female,35-44,85.0,Application denied
1,485000.0,48,615000.0,120.0,1,Not Hispanic or Latino,White,Female,55-64,80.0,Loan originated
1,445000.0,30%-<36%,455000.0,209.0,1,Not Hispanic or Latino,Black or African American,Female,45-54,97.0,Loan originated
1,365000.0,44,385000.0,169.0,1,Hispanic or Latino,White,Female,25-34,98.33,Loan originated
1,85000.0,38,115000.0,96.0,1,Not Hispanic or Latino,White,Male,55-64,73.82,Loan originated
1,415000.0,45,435000.0,121.0,1,Not Hispanic or Latino,White,Female,65-74,95.0,Loan originated
1,525000.0,47,655000.0,237.0,1,Hispanic or Latino,White,Male,25-34,80.0,Loan originated
1,975000.0,41,1175000.0,20.0,1,Not Hispanic or Latino,Asian,Male,25-34,82.91,Loan originated
1,215000.0,<20%,255000.0,131.0,1,Not Hispanic or Latino,White,Male,25-34,88.0,Loan originated
1,725000.0,41,765000.0,290.0,1,Hispanic or Latino,White,Male,35-44,95.0,Loan originated
1,665000.0,41,745000.0,180.0,1,Not Hispanic or Latino,White,Male,25-34,90.0,Loan originated
1,835000.0,48,1215000.0,223.0,1,Not Hispanic or Latino,Asian,Female,35-44,68.775,Loan originated
1,405000.0,49,435000.0,110.0,1,Not Hispanic or Latino,Asian,Female,<25,94.0,Loan originated
1,655000.0,<20%,855000.0,467.0,1,Hispanic or Latino,White,Male,45-54,76.471,Loan originated
1,265000.0,36,405000.0,95.0,1,Not Hispanic or Latino,White,Male,45-54,65.0,Application denied
1,825000.0,49,985000.0,157.0,1,Not Hispanic or Latino,White,Male,35-44,84.0,Loan originated
1,735000.0,45,835000.0,160.0,1,Not Hispanic or Latino,Asian,Male,25-34,87.972,Loan originated
1,815000.0,30%-<36%,865000.0,260.0,1,Hispanic or Latino,White,Male,45-54,95.0,Loan originated
1,625000.0,44,955000.0,150.0,1,Not Hispanic or Latino,White,Male,25-34,64.99,Loan originated
1,135000.0,<20%,265000.0,170.0,1,Not Hispanic or Latino,White,Female,45-54,51.49,Loan originated
1,565000.0,20%-<30%,705000.0,139.0,1,Not Hispanic or Latino,Asian,Male,<25,80.0,Loan originated
1,95000.0,47,145000.0,24.0,1,Not Hispanic or Latino,White,Male,65-74,62.069,Loan originated
1,765000.0,49,965000.0,138.0,1,Not Hispanic or Latino,White,Female,65-74,79.849,Loan originated
1,905000.0,46,1525000.0,200.0,1,Not Hispanic or Latino,Asian,Male,25-34,59.211,Loan originated
1,505000.0,44,565000.0,138.0,1,Hispanic or Latino,White,Female,35-44,90.0,Loan originated
1,405000.0,43,575000.0,126.0,1,Not Hispanic or Latino,Asian,Female,45-54,70.0,Loan originated
1,505000.0,46,635000.0,124.0,1,Not Hispanic or Latino,White,Female,65-74,80.0,Loan originated
1,335000.0,46,405000.0,100.0,1,Hispanic or Latino,White,Female,35-44,82.5,Loan originated
1,335000.0,42,355000.0,79.0,1,Not Hispanic or Latino,White,Male,25-34,95.0,Loan originated
1,605000.0,48,825000.0,110.0,1,Not Hispanic or Latino,Asian,Male,25-34,73.672,Loan originated
1,1045000.0,36,1305000.0,361.0,1,Not Hispanic or Latino,White,Male,65-74,80.0,Loan originated
1,355000.0,44,375000.0,93.0,1,Not Hispanic or Latino,White,Male,25-34,95.0,Loan originated
1,75000.0,50%-60%,85000.0,73.0,1,Not Hispanic or Latino,White,Male,>74,82.54,Application denied
1,325000.0,44,335000.0,66.0,1,Hispanic or Latino,White,Male,55-64,97.0,Loan originated
1,925000.0,39,1165000.0,231.0,1,Not Hispanic or Latino,Asian,Female,35-44,80.0,Loan originated
1,255000.0,49,1025000.0,84.0,1,Not Hispanic or Latino,Asian,Female,25-34,24.51,Loan originated
1,365000.0,30%-<36%,525000.0,129.0,1,Not Hispanic or Latino,White,Male,25-34,69.754,Loan originated
1,605000.0,50%-60%,755000.0,157.0,1,Not Hispanic or Latino,Asian,Female,25-34,80.0,Application denied
1,675000.0,38,745000.0,200.0,1,Hispanic or Latino,American Indian or Alaska Native,Female,25-34,90.775,Loan originated
1,565000.0,42,585000.0,147.0,1,Hispanic or Latino,White,Male,45-54,97.0,Loan originated
1,915000.0,36,1225000.0,964.0,1,Not Hispanic or Latino,White,Male,25-34,75.0,Loan originated
1,715000.0,47,915000.0,152.0,1,Not Hispanic or Latino,White,Female,65-74,78.03,Loan originated
1,315000.0,37,555000.0,86.0,1,Not Hispanic or Latino,White,Female,45-54,56.36,Loan originated
1,935000.0,50%-60%,1175000.0,201.0,1,Not Hispanic or Latino,Asian,Male,35-44,80.0,Application denied
1,405000.0,36,425000.0,112.0,1,Not Hispanic or Latino,Black or African American,Female,25-34,97.0,Loan originated
1,175000.0,43,315000.0,55.0,1,Not Hispanic or Latino,White,Female,>74,56.0,Loan originated
1,425000.0,39,525000.0,134.0,1,Hispanic or Latino,White,Female,<25,80.0,Loan originated
1,385000.0,38,595000.0,134.0,1,Not Hispanic or Latino,White,Female,55-64,66.0,Loan originated
1,285000.0,47,375000.0,81.0,1,Hispanic or Latino,White,Male,45-54,75.0,Loan originated
1,515000.0,50%-60%,585000.0,82.0,1,Not Hispanic or Latino,White,Male,55-64,87.223,Application denied
1,415000.0,40,515000.0,140.0,1,Not Hispanic or Latino,White,Male,35-44,80.0,Loan originated
1,315000.0,<20%,395000.0,163.0,1,Not Hispanic or Latino,Native Hawaiian or Other Pacific Islander,Female,>74,80.0,Loan originated
1,345000.0,30%-<36%,435000.0,193.0,1,Not Hispanic or Latino,White,Male,45-54,80.0,Loan originated
1,235000.0,47,295000.0,79.0,1,Not Hispanic or Latino,White,Male,35-44,80.0,Application denied
1,555000.0,45,635000.0,143.0,1,Not Hispanic or Latino,Asian,Female,<25,87.359,Loan originated
1,565000.0,36,705000.0,186.0,1,Not Hispanic or Latino,White,Female,35-44,80.0,Loan originated
1,315000.0,49,325000.0,59.0,1,Hispanic or Latino,White,Male,35-44,100.0,Application denied
1,415000.0,30%-<36%,815000.0,139.0,1,Not Hispanic or Latino,White,Female,25-34,50.92,Loan originated
1,595000.0,44,645000.0,133.0,1,Not Hispanic or Latino,White,Male,35-44,92.044,Loan originated
1,315000.0,20%-<30%,355000.0,190.0,1,Not Hispanic or Latino,White,Male,55-64,90.0,Loan originated
1,145000.0,30%-<36%,305000.0,105.0,1,Not Hispanic or Latino,Asian,Male,35-44,47.0,Loan originated
1,765000.0,41,835000.0,252.0,1,Not Hispanic or Latino,White,Male,45-54,92.0,Loan originated
1,405000.0,20%-<30%,935000.0,197.0,1,Not Hispanic or Latino,Asian,Female,45-54,42.64,Loan originated
1,715000.0,41,895000.0,173.0,1,Hispanic or Latino,White,Male,45-54,80.0,Loan originated
1,415000.0,30%-<36%,515000.0,166.0,1,Not Hispanic or Latino,Black or African American,Male,25-34,80.0,Application denied
1,405000.0,40,415000.0,108.0,1,Hispanic or Latino,White,Female,25-34,97.0,Loan originated
1,445000.0,30%-<36%,945000.0,189.0,1,Not Hispanic or Latino,White,Female,65-74,46.809,Loan originated
1,455000.0,46,755000.0,109.0,1,Not Hispanic or Latino,White,Female,45-54,60.26,Loan originated
1,605000.0,45,755000.0,146.0,1,Hispanic or Latino,White,Male,35-44,80.0,Loan originated
1,475000.0,43,555000.0,123.0,1,Hispanic or Latino,White,Male,25-34,85.632,Loan originated
1,305000.0,39,315000.0,82.0,1,Not Hispanic or Latino,White,Male,25-34,100.0,Loan originated
1,275000.0,40,1355000.0,135.0,1,Not Hispanic or Latino,White,Female,25-34,20.0,Loan originated
1,505000.0,44,595000.0,126.0,1,Not Hispanic or Latino,White,Male,25-34,85.0,Loan originated
1,95000.0,45,385000.0,38.0,1,Not Hispanic or Latino,White,Male,65-74,24.0,Loan originated
1,695000.0,49,865000.0,243.0,1,Not Hispanic or Latino,Asian,Male,25-34,80.0,Loan originated
1,405000.0,49,505000.0,79.0,1,Not Hispanic or Latino,Asian,Male,55-64,80.0,Loan originated
1,885000.0,50%-60%,1185000.0,235.0,1,Not Hispanic or Latino,Asian,Female,25-34,75.0,Loan originated
1,815000.0,30%-<36%,1415000.0,240.0,1,Not Hispanic or Latino,White,Male,35-44,58.0,Loan originated
1,395000.0,30%-<36%,465000.0,124.0,1,Not Hispanic or Latino,White,Female,25-34,85.0,Loan originated
1,755000.0,47,1205000.0,163.0,1,Not Hispanic or Latino,Asian,Male,25-34,62.5,Loan originated
1,295000.0,44,345000.0,88.0,1,Not Hispanic or Latino,White,Female,25-34,105.0,Loan originated
1,435000.0,<20%,955000.0,281.0,1,Not Hispanic or Latino,White,Male,45-54,45.79,Loan originated
1,885000.0,44,975000.0,230.0,1,Not Hispanic or Latino,Asian,Male,45-54,89.99,Loan originated
1,735000.0,46,925000.0,171.0,1,Not Hispanic or Latino,White,Male,35-44,79.46,Loan originated
1,615000.0,30%-<36%,1235000.0,319.0,1,Not Hispanic or Latino,Asian,Female,45-54,50.0,Loan originated
1,115000.0,45,845000.0,60.0,1,Not Hispanic or Latino,White,Female,65-74,13.017,Loan originated
1,725000.0,30%-<36%,965000.0,201.0,1,Not Hispanic or Latino,White,Female,25-34,75.0,Loan originated
1,1475000.0,46,1965000.0,516.0,1,Not Hispanic or Latino,White,Female,45-54,75.0,Loan originated
1,375000.0,44,425000.0,106.0,1,Hispanic or Latino,White,Female,25-34,89.29,Loan originated
1,375000.0,49,505000.0,70.0,1,Hispanic or Latino,White,Female,45-54,74.0,Loan originated
1,455000.0,<20%,575000.0,327.0,1,Not Hispanic or Latino,Asian,Male,25-34,80.0,Loan originated
1,345000.0,30%-<36%,595000.0,129.0,1,Not Hispanic or Latino,White,Female,35-44,58.0,Loan originated
1,205000.0,47,235000.0,53.0,1,Hispanic or Latino,White,Male,65-74,90.0,Loan originated
1,925000.0,41,1165000.0,271.0,1,Not Hispanic or Latino,Asian,Male,35-44,80.0,Loan originated
1,205000.0,<20%,785000.0,185.0,1,Not Hispanic or Latino,White,Female,55-64,25.641,Loan originated
1,205000.0,41,215000.0,66.0,1,Not Hispanic or Latino,White,Female,25-34,97.0,Loan originated
1,845000.0,43,1205000.0,210.0,1,Hispanic or Latino,White,Male,55-64,70.0,Application denied
1,425000.0,47,535000.0,87.0,1,Not Hispanic or Latino,White,Male,35-44,80.0,Application denied
1,375000.0,48,405000.0,110.0,1,Hispanic or Latino,White,Male,45-54,95.0,Loan originated
1,965000.0,44,1205000.0,389.0,1,Not Hispanic or Latino,Asian,Male,65-74,80.0,Loan originated
1,255000.0,30%-<36%,655000.0,116.0,1,Hispanic or Latino,White,Female,45-54,38.47,Loan originated
1,525000.0,45,555000.0,113.0,1,Not Hispanic or Latino,White,Female,25-34,95.0,Loan originated
1,655000.0,49,785000.0,189.0,1,Not Hispanic or Latino,White,Female,45-54,97.0,Application denied
1,315000.0,>60%,425000.0,62.0,1,Not Hispanic or Latino,Asian,Female,45-54,72.941,Application denied
1,355000.0,50%-60%,565000.0,68.0,1,Not Hispanic or Latino,Asian,Male,55-64,62.858,Loan originated
1,755000.0,37,1515000.0,369.0,1,Not Hispanic or Latino,Asian,Male,25-34,50.0,Loan originated
1,455000.0,49,475000.0,96.0,1,Hispanic or Latino,White,Male,25-34,95.0,Application denied
1,335000.0,30%-<36%,685000.0,136.0,1,Not Hispanic or Latino,White,Female,45-54,48.991,Loan originated
1,755000.0,49,1375000.0,184.0,1,Not Hispanic or Latino,White,Male,45-54,74.37,Loan originated
1,885000.0,>60%,1105000.0,-1254.0,1,Not Hispanic or Latino,White,Male,55-64,80.0,Application denied
1,725000.0,30%-<36%,905000.0,280.0,1,Not Hispanic or Latino,Asian,Female,25-34,80.0,Loan originated
1,465000.0,41,515000.0,132.0,1,Not Hispanic or Latino,Asian,Female,25-34,90.0,Loan originated
1,675000.0,43,755000.0,144.0,1,Not Hispanic or Latino,Asian,Male,35-44,90.0,Loan originated
1,695000.0,30%-<36%,865000.0,197.0,1,Not Hispanic or Latino,Asian,Male,25-34,80.0,Loan originated
1,525000.0,49,905000.0,100.0,1,Not Hispanic or Latino,Black or African American,Male,45-54,58.0,Loan originated
1,475000.0,49,485000.0,119.0,1,Not Hispanic or Latino,Asian,Male,45-54,100.395,Loan originated
1,865000.0,38,1075000.0,449.0,1,Not Hispanic or Latino,Asian,Male,35-44,80.0,Loan originated
1,205000.0,48,455000.0,53.0,1,Hispanic or Latino,White,Female,<25,44.444,Loan originated
1,375000.0,37,525000.0,100.0,1,Hispanic or Latino,White,Female,25-34,71.43,Loan originated
1,685000.0,47,855000.0,265.0,1,Not Hispanic or Latino,Asian,Male,35-44,80.0,Loan originated
1,645000.0,45,705000.0,154.0,1,Not Hispanic or Latino,White,Male,35-44,93.0,Loan originated
1,245000.0,48,255000.0,58.0,1,Not Hispanic or Latino,Black or African American,Female,55-64,97.0,Loan originated
1,1135000.0,20%-<30%,1415000.0,348.0,1,Not Hispanic or Latino,Asian,Male,25-34,79.99,Loan originated
1,705000.0,47,785000.0,182.0,1,Not Hispanic or Latino,White,Female,35-44,90.0,Loan originated
1,755000.0,30%-<36%,895000.0,206.0,1,Not Hispanic or Latino,White,Female,25-34,85.0,Loan originated
1,755000.0,50%-60%,835000.0,155.0,1,Hispanic or Latino,White,Female,35-44,90.0,Application denied
1,745000.0,30%-<36%,875000.0,283.0,1,Not Hispanic or Latino,Black or African American,Female,25-34,85.0,Loan originated
1,605000.0,30%-<36%,1655000.0,200.0,1,Not Hispanic or Latino,Asian,Male,25-34,36.364,Application denied
1,245000.0,49,255000.0,53.0,1,Not Hispanic or Latino,White,Male,<25,95.0,Loan originated
1,925000.0,41,1085000.0,260.0,1,Not Hispanic or Latino,Asian,Male,45-54,85.0,Application denied
1,765000.0,43,825000.0,175.0,1,Not Hispanic or Latino,White,Male,25-34,92.467,Loan originated
1,495000.0,40,565000.0,129.0,1,Hispanic or Latino,White,Male,25-34,87.544,Loan originated
1,585000.0,41,725000.0,154.0,1,Hispanic or Latino,White,Female,25-34,80.0,Loan originated
1,425000.0,20%-<30%,575000.0,210.0,1,Not Hispanic or Latino,White,Male,35-44,74.35,Loan originated
1,485000.0,44,535000.0,115.0,1,Not Hispanic or Latino,Asian,Male,25-34,90.0,Loan originated
1,455000.0,43,655000.0,110.0,1,Not Hispanic or Latino,Asian,Male,25-34,69.231,Loan originated
1,485000.0,41,605000.0,165.0,1,Hispanic or Latino,White,Female,35-44,80.0,Loan originated
1,1005000.0,45,1255000.0,304.0,1,Hispanic or Latino,White,Female,35-44,80.0,Loan originated
1,445000.0,30%-<36%,475000.0,179.0,1,Not Hispanic or Latino,White,Male,25-34,95.0,Loan originated
1,585000.0,30%-<36%,695000.0,299.0,1,Hispanic or Latino,White,Female,35-44,84.989,Loan originated
1,285000.0,49,325000.0,101.0,1,Not Hispanic or Latino,Black or African American,Male,25-34,88.0,Loan originated
1,175000.0,30%-<36%,315000.0,100.0,1,Not Hispanic or Latino,White,Male,55-64,54.84,Loan originated
1,425000.0,42,635000.0,105.0,1,Not Hispanic or Latino,White,Female,25-34,67.0,Loan originated
1,515000.0,40,645000.0,167.0,1,Not Hispanic or Latino,Asian,Male,35-44,80.0,Loan originated
1,485000.0,39,615000.0,240.0,1,Not Hispanic or Latino,White,Female,35-44,80.0,Loan originated
1,665000.0,49,765000.0,158.0,1,Not Hispanic or Latino,White,Male,35-44,86.842,Loan originated
1,825000.0,49,1035000.0,164.0,1,Not Hispanic or Latino,Asian,Male,25-34,79.999,Loan originated
1,915000.0,47,1525000.0,205.0,1,Not Hispanic or Latino,White,Male,45-54,60.0,Loan originated
1,175000.0,30%-<36%,195000.0,128.0,1,Hispanic or Latino,White,Female,45-54,90.0,Application denied
1,735000.0,49,815000.0,144.0,1,Hispanic or Latino,White,Male,55-64,90.0,Loan originated
1,1005000.0,36,1705000.0,396.0,1,Not Hispanic or Latino,White,Female,35-44,59.0,Loan originated
1,555000.0,41,695000.0,210.0,1,Not Hispanic or Latino,Black or African American,Male,35-44,80.0,Loan originated
1,345000.0,38,465000.0,37.0,1,Hispanic or Latino,White,Female,<25,75.0,Application denied
1,575000.0,43,635000.0,146.0,1,Hispanic or Latino,White,Female,45-54,90.0,Loan originated
1,225000.0,48,725000.0,253.0,1,Not Hispanic or Latino,White,Female,25-34,31.04,Loan originated
1,245000.0,45,255000.0,60.0,1,Not Hispanic or Latino,Black or African American,Female,45-54,97.0,Loan originated
1,525000.0,30%-<36%,665000.0,181.0,1,Not Hispanic or Latino,Asian,Male,45-54,80.0,Loan originated
1,515000.0,49,535000.0,201.0,1,Hispanic or Latino,White,Male,35-44,95.0,Loan originated
1,1115000.0,42,1915000.0,270.0,1,Hispanic or Latino,White,Male,35-44,58.115,Loan originated
1,195000.0,20%-<30%,245000.0,89.0,1,Hispanic or Latino,White,Male,35-44,80.0,Loan originated
1,265000.0,20%-<30%,295000.0,170.0,1,Not Hispanic or Latino,White,Male,55-64,90.0,Loan originated
1,655000.0,49,695000.0,135.0,1,Hispanic or Latino,White,Male,35-44,94.638,Loan originated
1,455000.0,30%-<36%,785000.0,151.0,1,Not Hispanic or Latino,Asian,Female,35-44,58.22,Loan originated
1,275000.0,49,445000.0,55.0,1,Hispanic or Latino,White,Female,35-44,98.975,Loan originated
1,485000.0,42,575000.0,138.0,1,Hispanic or Latino,White,Female,25-34,90.263,Loan originated
1,615000.0,20%-<30%,655000.0,373.0,1,Not Hispanic or Latino,White,Male,25-34,95.0,Loan originated
1,475000.0,49,845000.0,118.0,1,Not Hispanic or Latino,White,Male,35-44,55.69,Loan originated
1,565000.0,20%-<30%,665000.0,193.0,1,Not Hispanic or Latino,White,Female,45-54,85.0,Loan originated
1,455000.0,45,915000.0,130.0,1,Not Hispanic or Latino,Asian,Female,35-44,98.91,Loan originated
1,465000.0,40,475000.0,146.0,1,Hispanic or Latino,White,Female,25-34,97.0,Loan originated
1,335000.0,36,345000.0,144.0,1,Not Hispanic or Latino,White,Female,55-64,97.0,Loan originated
1,395000.0,44,525000.0,176.0,1,Not Hispanic or Latino,White,Male,55-64,75.0,Loan originated
1,375000.0,38,385000.0,137.0,1,Hispanic or Latino,White,Male,25-34,97.0,Loan originated
1,465000.0,<20%,625000.0,261.0,1,Not Hispanic or Latino,Asian,Female,55-64,75.0,Loan originated
1,445000.0,48,455000.0,101.0,1,Not Hispanic or Latino,White,Male,25-34,101.94,Loan originated
1,705000.0,30%-<36%,945000.0,240.0,1,Not Hispanic or Latino,White,Male,35-44,74.99,Loan originated
1,435000.0,47,635000.0,109.0,1,Not Hispanic or Latino,Asian,Female,35-44,69.0,Loan originated
1,585000.0,46,725000.0,143.0,1,Not Hispanic or Latino,Asian,Male,25-34,80.0,Loan originated
1,355000.0,20%-<30%,445000.0,118.0,1,Hispanic or Latino,White,Male,25-34,80.0,Loan originated
1,705000.0,39,1875000.0,217.0,1,Not Hispanic or Latino,White,Male,35-44,37.433,Loan originated
1,355000.0,37,615000.0,121.0,1,Not Hispanic or Latino,White,Female,45-54,56.911,Loan originated
1,345000.0,44,515000.0,142.0,1,Not Hispanic or Latino,White,Female,35-44,67.073,Loan originated
1,275000.0,43,385000.0,78.0,1,Hispanic or Latino,White,Male,<25,101.818,Loan originated
1,345000.0,<20%,575000.0,450.0,1,Not Hispanic or Latino,White,Female,45-54,60.0,Loan originated
1,615000.0,41,765000.0,163.0,1,Not Hispanic or Latino,Asian,Female,45-54,80.0,Loan originated
1,545000.0,39,675000.0,217.0,1,Not Hispanic or Latino,White,Female,35-44,80.0,Loan originated
1,1045000.0,38,1305000.0,565.0,1,Not Hispanic or Latino,Asian,Male,55-64,80.0,Loan originated
1,155000.0,37,365000.0,46.0,1,Not Hispanic or Latino,Asian,Male,55-64,41.096,Loan originated
1,1125000.0,37,1605000.0,25.0,1,Not Hispanic or Latino,Asian,Female,35-44,71.34,Loan originated
1,205000.0,>60%,325000.0,29.0,1,Not Hispanic or Latino,White,Female,55-64,62.04,Application denied
1,485000.0,45,505000.0,119.0,1,Not Hispanic or Latino,Asian,Male,45-54,97.0,Loan originated
1,585000.0,47,775000.0,117.0,1,Hispanic or Latino,White,Male,35-44,75.0,Loan originated
1,905000.0,48,1315000.0,290.0,1,Not Hispanic or Latino,Asian,Male,55-64,68.702,Loan originated
1,315000.0,20%-<30%,335000.0,147.0,1,Not Hispanic or Latino,White,Male,45-54,95.0,Loan originated
1,655000.0,20%-<30%,725000.0,334.0,1,Not Hispanic or Latino,White,Male,55-64,90.0,Loan originated
1,465000.0,40,665000.0,132.0,1,Not Hispanic or Latino,Asian,Male,45-54,69.055,Loan originated
1,725000.0,49,815000.0,136.0,1,Not Hispanic or Latino,White,Male,35-44,90.0,Loan originated
1,1005000.0,46,2255000.0,327.0,1,Not Hispanic or Latino,Asian,Female,45-54,44.444,Loan originated
1,805000.0,30%-<36%,845000.0,246.0,1,Not Hispanic or Latino,White,Male,25-34,95.0,Loan originated
1,285000.0,41,365000.0,84.0,1,Hispanic or Latino,White,Male,55-64,80.0,Loan originated
1,515000.0,49,765000.0,156.0,1,Not Hispanic or Latino,White,Male,35-44,66.58,Loan originated
1,555000.0,38,585000.0,129.0,1,Hispanic or Latino,White,Male,25-34,95.0,Loan originated
1,635000.0,42,1035000.0,151.0,1,Not Hispanic or Latino,Asian,Male,<25,61.35,Loan originated
1,215000.0,49,285000.0,61.0,1,Not Hispanic or Latino,White,Female,25-34,95.0,Loan originated
1,265000.0,49,515000.0,62.0,1,Hispanic or Latino,White,Male,55-64,50.98,Loan originated
1,505000.0,41,635000.0,188.0,1,Not Hispanic or Latino,Asian,Male,25-34,80.0,Loan originated
1,675000.0,42,755000.0,177.0,1,Not Hispanic or Latino,White,Male,25-34,89.99,Loan originated
1,495000.0,30%-<36%,555000.0,197.0,1,Not Hispanic or Latino,White,Female,35-44,90.0,Loan originated
1,825000.0,49,975000.0,173.0,1,Not Hispanic or Latino,White,Female,25-34,85.0,Loan originated
1,265000.0,45,325000.0,91.0,1,Not Hispanic or Latino,White,Female,25-34,80.0,Loan originated
1,685000.0,49,855000.0,300.0,1,Not Hispanic or Latino,White,Male,45-54,80.0,Loan originated
1,855000.0,46,955000.0,234.0,1,Not Hispanic or Latino,White,Female,45-54,90.0,Loan originated
1,165000.0,49,245000.0,57.0,1,Hispanic or Latino,White,Male,25-34,70.0,Loan originated
1,495000.0,47,615000.0,131.0,1,Hispanic or Latino,Native Hawaiian or Other Pacific Islander,Female,35-44,80.0,Loan originated
1,645000.0,41,805000.0,144.0,1,Not Hispanic or Latino,White,Male,25-34,80.0,Loan originated
1,635000.0,20%-<30%,795000.0,284.0,1,Not Hispanic or Latino,White,Male,55-64,80.0,Loan originated
1,765000.0,49,985000.0,180.0,1,Not Hispanic or Latino,White,Male,45-54,78.14,Loan originated
1,205000.0,49,675000.0,54.0,1,Not Hispanic or Latino,White,Male,45-54,30.102,Loan originated
1,635000.0,38,755000.0,162.0,1,Not Hispanic or Latino,Asian,Male,45-54,85.0,Loan originated
1,175000.0,47,225000.0,43.0,1,Not Hispanic or Latino,White,Male,25-34,76.0,Loan originated
1,215000.0,30%-<36%,225000.0,93.0,1,Not Hispanic or Latino,White,Male,35-44,365.657,Loan originated
1,505000.0,38,725000.0,125.0,1,Not Hispanic or Latino,White,Male,35-44,69.65,Loan originated
1,475000.0,30%-<36%,505000.0,183.0,1,Not Hispanic or Latino,White,Female,55-64,94.059,Loan originated
1,245000.0,30%-<36%,305000.0,121.0,1,Not Hispanic or Latino,White,Female,35-44,80.0,Loan originated
1,495000.0,47,525000.0,163.0,1,Not Hispanic or Latino,White,Male,55-64,95.0,Loan originated
1,765000.0,20%-<30%,1195000.0,156.0,1,Not Hispanic or Latino,Asian,Male,35-44,64.42,Loan originated
1,125000.0,37,165000.0,49.0,1,Hispanic or Latino,White,Female,45-54,75.0,Loan originated
1,475000.0,49,505000.0,117.0,1,Not Hispanic or Latino,Asian,Female,35-44,98.0,Loan originated
1,485000.0,36,665000.0,151.0,1,Not Hispanic or Latino,Asian,Female,35-44,73.134,Loan originated
1,225000.0,47,525000.0,156.0,1,Not Hispanic or Latino,White,Female,25-34,42.308,Loan originated
1,705000.0,47,785000.0,200.0,1,Hispanic or Latino,White,Male,35-44,90.0,Loan originated
1,625000.0,44,835000.0,209.0,1,Not Hispanic or Latino,White,Male,35-44,75.0,Loan originated
1,325000.0,20%-<30%,365000.0,101.0,1,Not Hispanic or Latino,White,Male,65-74,88.646,Loan originated
1,305000.0,45,315000.0,72.0,1,Not Hispanic or Latino,White,Male,35-44,97.0,Loan originated
1,555000.0,46,715000.0,117.0,1,Not Hispanic or Latino,White,Female,45-54,77.465,Loan originated
1,605000.0,>60%,995000.0,0.0,1,Not Hispanic or Latino,Asian,Male,65-74,60.3,Application denied
1,945000.0,47,1175000.0,191.0,1,Not Hispanic or Latino,White,Female,35-44,80.0,Loan originated
1,805000.0,41,1005000.0,211.0,1,Not Hispanic or Latino,Asian,Male,55-64,80.0,Loan originated
1,1015000.0,43,1355000.0,329.0,1,Not Hispanic or Latino,Asian,Male,25-34,75.0,Loan originated
1,415000.0,45,595000.0,120.0,1,Hispanic or Latino,White,Female,35-44,70.0,Loan originated
1,315000.0,49,345000.0,74.0,1,Hispanic or Latino,White,Female,25-34,90.0,Loan originated
1,405000.0,20%-<30%,515000.0,133.0,1,Not Hispanic or Latino,White,Male,25-34,80.0,Loan originated
1,945000.0,<20%,1175000.0,737.0,1,Not Hispanic or Latino,White,Male,45-54,80.0,Loan originated
1,385000.0,48,685000.0,89.0,1,Hispanic or Latino,White,Female,35-44,55.882,Loan originated
1,415000.0,49,555000.0,88.0,1,Not Hispanic or Latino,White,Female,45-54,75.0,Loan originated
1,655000.0,42,955000.0,239.0,1,Not Hispanic or Latino,White,Male,55-64,68.421,Loan originated
1,755000.0,30%-<36%,2255000.0,301.0,1,Not Hispanic or Latino,White,Male,35-44,33.334,Loan originated
1,685000.0,41,765000.0,198.0,1,Hispanic or Latino,White,Female,45-54,89.737,Loan originated
1,625000.0,49,695000.0,118.0,1,Not Hispanic or Latino,White,Male,25-34,90.0,Loan originated
1,405000.0,38,1255000.0,129.0,1,Not Hispanic or Latino,Asian,Male,25-34,32.0,Loan originated
1,195000.0,39,475000.0,70.0,1,Hispanic or Latino,White,Female,35-44,81.0,Loan originated
1,375000.0,39,495000.0,102.0,1,Not Hispanic or Latino,White,Female,55-64,75.0,Application denied
1,505000.0,46,625000.0,116.0,1,Not Hispanic or Latino,White,Male,45-54,80.0,Loan originated
1,765000.0,45,1095000.0,194.0,1,Not Hispanic or Latino,White,Female,25-34,70.0,Loan originated
1,945000.0,<20%,1115000.0,1224.0,1,Not Hispanic or Latino,Asian,Female,35-44,85.0,Loan originated
1,705000.0,44,785000.0,178.0,1,Not Hispanic or Latino,White,Male,45-54,90.0,Loan originated
1,365000.0,43,485000.0,89.0,1,Not Hispanic or Latino,Asian,Male,45-54,95.0,Loan originated
1,655000.0,<20%,775000.0,413.0,1,Not Hispanic or Latino,White,Male,35-44,85.0,Loan originated
1,355000.0,>60%,445000.0,88.0,1,Not Hispanic or Latino,Black or African American,Female,55-64,79.545,Application denied
1,725000.0,30%-<36%,905000.0,216.0,1,Hispanic or Latino,White,Female,35-44,80.0,Loan originated
1,35000.0,43,365000.0,24.0,1,Hispanic or Latino,White,Male,55-64,102.028,Loan originated
1,405000.0,44,725000.0,136.0,1,Not Hispanic or Latino,Asian,Male,25-34,54.946,Loan originated
1,335000.0,44,565000.0,90.0,1,Not Hispanic or Latino,White,Male,>74,59.821,Loan originated
1,515000.0,47,645000.0,407.0,1,Not Hispanic or Latino,White,Male,55-64,80.0,Loan originated
1,315000.0,30%-<36%,1545000.0,157.0,1,Not Hispanic or Latino,White,Female,45-54,21.0,Loan originated
1,405000.0,40,1755000.0,223.0,1,Not Hispanic or Latino,White,Male,35-44,22.857,Loan originated
1,765000.0,48,855000.0,179.0,1,Not Hispanic or Latino,White,Male,35-44,90.0,Loan originated
1,575000.0,30%-<36%,725000.0,176.0,1,Not Hispanic or Latino,Asian,Male,<25,79.261,Loan originated
1,685000.0,40,755000.0,173.0,1,Not Hispanic or Latino,Asian,Male,25-34,89.99,Loan originated
1,985000.0,49,1315000.0,203.0,1,Not Hispanic or Latino,White,Female,35-44,75.0,Loan originated
1,475000.0,20%-<30%,685000.0,194.0,1,Not Hispanic or Latino,Asian,Male,35-44,69.118,Loan originated
1,765000.0,48,815000.0,288.0,1,Hispanic or Latino,White,Male,45-54,93.576,Loan originated
1,325000.0,38,345000.0,113.0,1,Not Hispanic or Latino,White,Male,55-64,95.0,Loan originated
1,805000.0,30%-<36%,2005000.0,279.0,1,Not Hispanic or Latino,White,Female,45-54,40.0,Loan originated
1,395000.0,42,495000.0,108.0,1,Hispanic or Latino,White,Male,25-34,80.0,Loan originated
1,625000.0,48,705000.0,143.0,1,Not Hispanic or Latino,Asian,Female,55-64,88.685,Loan originated
1,525000.0,49,755000.0,155.0,1,Not Hispanic or Latino,Asian,Male,45-54,69.79,Loan originated
1,365000.0,30%-<36%,705000.0,136.0,1,Not Hispanic or Latino,White,Male,55-64,52.143,Loan originated
1,605000.0,50%-60%,725000.0,130.0,1,Not Hispanic or Latino,Black or African American,Male,45-54,103.0,Loan originated
1,595000.0,49,625000.0,174.0,1,Not Hispanic or Latino,White,Male,25-34,95.0,Loan originated
1,245000.0,30%-<36%,245000.0,76.0,1,Not Hispanic or Latino,White,Female,35-44,103.7,Loan originated
1,645000.0,49,805000.0,114.0,1,Hispanic or Latino,White,Male,25-34,80.0,Loan originated
1,825000.0,44,1615000.0,231.0,1,Not Hispanic or Latino,White,Male,35-44,51.04,Loan originated
1,75000.0,40,525000.0,44.0,1,Not Hispanic or Latino,White,Female,>74,14.42,Loan originated
1,305000.0,39,555000.0,149.0,1,Not Hispanic or Latino,Asian,Female,<25,54.545,Loan originated
1,225000.0,49,245000.0,54.0,1,Hispanic or Latino,White,Male,35-44,90.0,Loan originated
1,575000.0,38,725000.0,236.0,1,Not Hispanic or Latino,White,Female,>74,80.0,Loan originated
1,665000.0,20%-<30%,875000.0,216.0,1,Not Hispanic or Latino,White,Male,55-64,80.0,Loan originated
1,125000.0,37,325000.0,80.0,1,Not Hispanic or Latino,White,Female,25-34,39.21,Loan originated
1,635000.0,48,675000.0,178.0,1,Not Hispanic or Latino,Asian,Male,25-34,95.0,Loan originated
1,75000.0,<20%,1005000.0,300.0,1,Not Hispanic or Latino,White,Male,55-64,7.0,Application denied
1,575000.0,50%-60%,725000.0,180.0,1,Not Hispanic or Latino,White,Male,65-74,79.997,Loan originated
1,285000.0,>60%,325000.0,200.0,1,Not Hispanic or Latino,White,Male,35-44,89.0,Application denied
1,425000.0,>60%,445000.0,120.0,1,Not Hispanic or Latino,White,Male,55-64,95.0,Application denied
1,455000.0,20%-<30%,565000.0,158.0,1,Hispanic or Latino,White,Male,35-44,80.0,Loan originated
1,195000.0,40,205000.0,53.0,1,Not Hispanic or Latino,White,Female,35-44,97.0,Loan originated
1,135000.0,20%-<30%,285000.0,88.0,1,Not Hispanic or Latino,White,Female,55-64,46.42,Loan originated
1,335000.0,47,525000.0,81.0,1,Not Hispanic or Latino,White,Female,35-44,63.0,Loan originated
1,305000.0,20%-<30%,315000.0,107.0,1,Not Hispanic or Latino,White,Male,45-54,97.0,Loan originated
1,1055000.0,40,1605000.0,250.0,1,Not Hispanic or Latino,White,Female,45-54,65.42,Loan originated
1,135000.0,45,145000.0,69.0,1,Hispanic or Latino,White,Female,35-44,95.0,Application denied
1,325000.0,44,485000.0,89.0,1,Not Hispanic or Latino,Asian,Male,25-34,66.189,Loan originated
1,425000.0,38,455000.0,147.0,1,Hispanic or Latino,White,Male,35-44,95.0,Loan originated
1,675000.0,42,705000.0,255.0,1,Not Hispanic or Latino,Native Hawaiian or Other Pacific Islander,Male,55-64,101.286,Application denied
1,305000.0,48,375000.0,68.0,1,Not Hispanic or Latino,White,Male,25-34,80.0,Loan originated
1,885000.0,36,1205000.0,294.0,1,Not Hispanic or Latino,Asian,Male,45-54,74.0,Loan originated
1,205000.0,20%-<30%,235000.0,134.0,1,Not Hispanic or Latino,White,Male,25-34,95.0,Loan originated
1,415000.0,20%-<30%,965000.0,218.0,1,Hispanic or Latino,White,Female,45-54,42.488,Loan originated
1,225000.0,41,725000.0,111.0,1,Not Hispanic or Latino,White,Male,45-54,31.0,Loan originated
1,105000.0,<20%,215000.0,95.0,1,Hispanic or Latino,White,Male,65-74,47.17,Application denied
1,525000.0,39,655000.0,175.0,1,Not Hispanic or Latino,White,Male,35-44,80.0,Loan originated
1,625000.0,46,695000.0,290.0,1,Hispanic or Latino,White,Female,>74,89.99,Loan originated
1,675000.0,48,755000.0,318.0,1,Not Hispanic or Latino,Asian,Male,45-54,89.99,Loan originated
1,525000.0,48,655000.0,140.0,1,Not Hispanic or Latino,Black or African American,Male,45-54,100.0,Loan originated
1,485000.0,49,545000.0,87.0,1,Hispanic or Latino,White,Female,25-34,90.0,Loan originated
1,525000.0,42,875000.0,123.0,1,Not Hispanic or Latino,White,Male,25-34,60.0,Loan originated
1,205000.0,30%-<36%,815000.0,226.0,1,Not Hispanic or Latino,Asian,Male,25-34,24.691,Application denied
1,585000.0,43,645000.0,206.0,1,Not Hispanic or Latino,White,Female,45-54,90.377,Loan originated
1,845000.0,37,1055000.0,235.0,1,Not Hispanic or Latino,White,Male,45-54,80.0,Loan originated
1,325000.0,44,335000.0,95.0,1,Not Hispanic or Latino,White,Male,55-64,99.97,Loan originated
1,575000.0,30%-<36%,765000.0,325.0,1,Hispanic or Latino,White,Male,45-54,75.0,Loan originated
1,675000.0,44,795000.0,256.0,1,Not Hispanic or Latino,Asian,Male,55-64,83.94,Loan originated
1,425000.0,30%-<36%,455000.0,122.0,1,Not Hispanic or Latino,Asian,Male,35-44,95.0,Application denied
1,505000.0,48,525000.0,447.0,1,Not Hispanic or Latino,White,Male,35-44,95.0,Loan originated
1,485000.0,30%-<36%,515000.0,147.0,1,Hispanic or Latino,White,Male,35-44,95.0,Loan originated
1,405000.0,39,505000.0,132.0,1,Hispanic or Latino,White,Male,55-64,80.0,Loan originated
1,725000.0,30%-<36%,1225000.0,314.0,1,Not Hispanic or Latino,White,Female,45-54,71.429,Loan originated
1,385000.0,49,455000.0,94.0,1,Hispanic or Latino,White,Male,25-34,97.0,Application denied
1,515000.0,30%-<36%,575000.0,194.0,1,Hispanic or Latino,White,Male,35-44,90.0,Application denied
1,1005000.0,44,1275000.0,253.0,1,Not Hispanic or Latino,White,Female,55-64,79.0,Loan originated
1,495000.0,38,655000.0,126.0,1,Not Hispanic or Latino,Asian,Male,25-34,74.994,Loan originated
1,295000.0,20%-<30%,415000.0,88.0,1,Not Hispanic or Latino,White,Female,35-44,71.084,Loan originated
1,155000.0,20%-<30%,1545000.0,25.0,1,Not Hispanic or Latino,White,Female,55-64,9.74,Loan originated
1,325000.0,43,345000.0,100.0,1,Not Hispanic or Latino,White,Male,35-44,95.0,Loan originated
1,525000.0,44,595000.0,140.0,1,Not Hispanic or Latino,Asian,Female,35-44,88.0,Loan originated
1,605000.0,42,815000.0,165.0,1,Not Hispanic or Latino,Asian,Female,25-34,75.0,Loan originated
1,605000.0,43,1205000.0,145.0,1,Not Hispanic or Latino,White,Female,25-34,50.0,Loan originated
1,625000.0,46,695000.0,149.0,1,Not Hispanic or Latino,Asian,Male,35-44,90.0,Loan originated
1,525000.0,40,585000.0,130.0,1,Hispanic or Latino,White,Male,45-54,90.0,Loan originated
1,765000.0,38,1205000.0,225.0,1,Not Hispanic or Latino,American Indian or Alaska Native,Female,45-54,63.88,Loan originated
1,755000.0,44,945000.0,216.0,1,Not Hispanic or Latino,White,Male,45-54,80.0,Loan originated
1,315000.0,50%-60%,355000.0,76.0,1,Not Hispanic or Latino,White,Female,35-44,90.0,Application denied
1,355000.0,40,375000.0,94.0,1,Not Hispanic or Latino,White,Female,65-74,95.0,Loan originated
1,765000.0,46,1525000.0,302.0,1,Not Hispanic or Latino,White,Female,65-74,50.134,Loan originated
1,675000.0,42,905000.0,173.0,1,Not Hispanic or Latino,White,Female,45-54,75.0,Loan originated
1,665000.0,50%-60%,825000.0,135.0,1,Not Hispanic or Latino,Asian,Female,45-54,80.0,Application denied
1,605000.0,47,755000.0,137.0,1,Not Hispanic or Latino,White,Male,35-44,80.0,Loan originated
1,525000.0,44,655000.0,110.0,1,Hispanic or Latino,White,Male,45-54,80.0,Loan originated
1,345000.0,44,415000.0,81.0,1,Hispanic or Latino,White,Male,25-34,85.0,Loan originated
1,505000.0,48,805000.0,119.0,1,Hispanic or Latino,White,Female,<25,62.5,Loan originated
1,595000.0,30%-<36%,745000.0,176.0,1,Not Hispanic or Latino,Asian,Female,55-64,80.0,Loan originated
1,825000.0,<20%,1645000.0,1002.0,1,Not Hispanic or Latino,Asian,Male,65-74,50.0,Loan originated
1,395000.0,20%-<30%,495000.0,155.0,1,Not Hispanic or Latino,Asian,Male,35-44,80.0,Loan originated
1,415000.0,42,515000.0,294.0,1,Not Hispanic or Latino,Asian,Male,25-34,80.0,Loan originated
1,605000.0,49,875000.0,217.0,1,Not Hispanic or Latino,White,Female,45-54,68.816,Loan originated
1,395000.0,48,865000.0,98.0,1,Not Hispanic or Latino,Asian,Female,25-34,46.0,Loan originated
1,555000.0,46,935000.0,164.0,1,Not Hispanic or Latino,Asian,Male,55-64,60.0,Loan originated
1,845000.0,38,1125000.0,190.0,1,Not Hispanic or Latino,White,Male,35-44,75.0,Loan originated
1,585000.0,<20%,835000.0,199.0,1,Not Hispanic or Latino,Asian,Male,45-54,69.97,Loan originated
1,805000.0,41,1325000.0,283.0,1,Hispanic or Latino,White,Female,25-34,75.0,Loan originated
1,615000.0,30%-<36%,725000.0,222.0,1,Not Hispanic or Latino,Black or African American,Female,35-44,85.0,Loan originated
1,585000.0,20%-<30%,785000.0,430.0,1,Not Hispanic or Latino,White,Female,35-44,75.0,Loan originated
1,395000.0,47,415000.0,81.0,1,Not Hispanic or Latino,White,Male,25-34,96.829,Loan originated
1,795000.0,41,995000.0,210.0,1,Not Hispanic or Latino,Asian,Male,25-34,95.0,Loan originated
1,495000.0,48,765000.0,128.0,1,Not Hispanic or Latino,White,Female,25-34,65.0,Loan originated
1,455000.0,30%-<36%,575000.0,194.0,1,Hispanic or Latino,White,Female,35-44,80.0,Loan originated
1,745000.0,49,845000.0,334.0,1,Not Hispanic or Latino,Asian,Male,55-64,89.0,Loan originated
1,525000.0,48,1355000.0,154.0,1,Not Hispanic or Latino,White,Female,55-64,38.889,Loan originated
1,475000.0,45,495000.0,102.0,1,Not Hispanic or Latino,White,Male,<25,95.0,Loan originated
1,215000.0,47,385000.0,49.0,1,Not Hispanic or Latino,White,Male,25-34,55.263,Loan originated
1,725000.0,20%-<30%,905000.0,314.0,1,Not Hispanic or Latino,Black or African American,Male,55-64,80.0,Application denied
1,635000.0,39,665000.0,326.0,1,Hispanic or Latino,White,Male,55-64,95.0,Loan originated
1,1015000.0,47,1265000.0,203.0,1,Not Hispanic or Latino,Asian,Male,25-34,80.0,Loan originated
1,355000.0,42,555000.0,106.0,1,Not Hispanic or Latino,White,Female,45-54,64.45,Loan originated
1,155000.0,39,205000.0,48.0,1,Hispanic or Latino,White,Female,>74,75.0,Loan originated
1,655000.0,43,1005000.0,191.0,1,Not Hispanic or Latino,Asian,Male,35-44,65.0,Loan originated
1,905000.0,45,955000.0,228.0,1,Hispanic or Latino,White,Male,35-44,95.0,Application denied
1,155000.0,48,995000.0,105.0,1,Not Hispanic or Latino,Asian,Male,35-44,15.02,Loan originated
1,765000.0,43,1155000.0,186.0,1,Not Hispanic or Latino,Asian,Female,25-34,66.0,Loan originated
1,65000.0,48,75000.0,37.0,1,Not Hispanic or Latino,White,Male,55-64,95.0,Application denied
1,725000.0,<20%,855000.0,1323.0,1,Not Hispanic or Latino,Asian,Male,35-44,85.0,Loan originated
1,285000.0,38,355000.0,83.0,1,Not Hispanic or Latino,White,Male,25-34,80.0,Loan originated
1,1005000.0,44,1585000.0,375.0,1,Not Hispanic or Latino,White,Female,45-54,63.29,Loan originated
1,485000.0,49,515000.0,136.0,1,Not Hispanic or Latino,White,Female,25-34,95.0,Loan originated
1,585000.0,48,655000.0,132.0,1,Not Hispanic or Latino,Asian,Female,25-34,90.0,Loan originated
1,725000.0,20%-<30%,805000.0,306.0,1,Not Hispanic or Latino,White,Male,25-34,90.0,Loan originated
1,215000.0,36,485000.0,65.0,1,Not Hispanic or Latino,White,Female,25-34,44.329,Loan originated
1,135000.0,40,135000.0,68.0,1,Hispanic or Latino,White,Female,45-54,95.0,Application denied
1,245000.0,44,255000.0,55.0,1,Hispanic or Latino,White,Female,25-34,97.0,Loan originated
1,375000.0,30%-<36%,405000.0,166.0,1,Not Hispanic or Latino,White,Female,35-44,96.0,Loan originated
1,485000.0,50%-60%,625000.0,101.0,1,Hispanic or Latino,White,Female,45-54,77.419,Application denied
1,535000.0,<20%,685000.0,282.0,1,Not Hispanic or Latino,White,Male,25-34,77.941,Loan originated
1,505000.0,44,2175000.0,162.0,1,Not Hispanic or Latino,Asian,Male,<25,22.99,Loan originated
1,275000.0,37,355000.0,70.0,1,Not Hispanic or Latino,White,Female,65-74,83.0,Loan originated
1,135000.0,20%-<30%,165000.0,86.0,1,Not Hispanic or Latino,White,Female,65-74,80.0,Loan originated
1,1125000.0,30%-<36%,1505000.0,446.0,1,Not Hispanic or Latino,White,Male,35-44,75.0,Loan originated
1,355000.0,49,375000.0,69.0,1,Hispanic or Latino,White,Female,25-34,95.0,Loan originated
1,955000.0,>60%,1185000.0,2.0,1,Not Hispanic or Latino,White,Female,35-44,80.0,Loan originated
1,775000.0,36,915000.0,239.0,1,Not Hispanic or Latino,Asian,Male,55-64,85.0,Loan originated
1,405000.0,49,545000.0,82.0,1,Not Hispanic or Latino,White,Female,25-34,75.0,Loan originated
1,745000.0,49,785000.0,14.0,1,Not Hispanic or Latino,Asian,Female,55-64,95.0,Loan originated
1,805000.0,38,1015000.0,213.0,1,Not Hispanic or Latino,Asian,Male,35-44,80.0,Loan originated
1,835000.0,47,1665000.0,244.0,1,Not Hispanic or Latino,White,Female,35-44,50.0,Loan originated
1,405000.0,44,765000.0,99.0,1,Not Hispanic or Latino,White,Female,>74,52.52,Loan originated
1,675000.0,44,1115000.0,151.0,1,Hispanic or Latino,White,Male,35-44,60.538,Loan originated
1,285000.0,41,295000.0,78.0,1,Hispanic or Latino,American Indian or Alaska Native,Female,45-54,96.66,Loan originated
1,555000.0,41,585000.0,153.0,1,Not Hispanic or Latino,White,Male,25-34,95.0,Loan originated
1,155000.0,49,165000.0,52.0,1,Hispanic or Latino,White,Female,35-44,90.0,Application denied
1,635000.0,39,795000.0,177.0,1,Not Hispanic or Latino,Asian,Male,25-34,80.0,Loan originated
1,385000.0,48,415000.0,203.0,1,Not Hispanic or Latino,Black or African American,Female,45-54,95.0,Loan originated
1,855000.0,36,1205000.0,315.0,1,Not Hispanic or Latino,White,Female,35-44,71.0,Loan originated
1,325000.0,30%-<36%,335000.0,167.0,1,Not Hispanic or Latino,White,Female,55-64,95.0,Loan originated
1,225000.0,37,505000.0,70.0,1,Not Hispanic or Latino,White,Female,55-64,70.16,Loan originated
1,525000.0,44,555000.0,122.0,1,Hispanic or Latino,White,Male,25-34,95.0,Loan originated
1,425000.0,30%-<36%,505000.0,162.0,1,Not Hispanic or Latino,White,Female,35-44,85.0,Loan originated
1,275000.0,49,575000.0,81.0,1,Not Hispanic or Latino,Asian,Female,>74,47.368,Loan originated
1,765000.0,45,975000.0,234.0,1,Not Hispanic or Latino,White,Female,25-34,79.0,Loan originated
1,605000.0,44,635000.0,130.0,1,Not Hispanic or Latino,Asian,Female,35-44,95.0,Loan originated
1,715000.0,49,875000.0,128.0,1,Not Hispanic or Latino,White,Male,45-54,81.743,Loan originated
1,505000.0,20%-<30%,875000.0,314.0,1,Not Hispanic or Latino,White,Male,65-74,57.471,Loan originated
1,725000.0,46,1315000.0,175.0,1,Not Hispanic or Latino,White,Male,45-54,55.0,Loan originated
1,195000.0,47,225000.0,49.0,1,Hispanic or Latino,White,Female,35-44,90.0,Loan originated
1,385000.0,37,435000.0,133.0,1,Not Hispanic or Latino,White,Male,35-44,90.0,Loan originated
1,645000.0,45,725000.0,163.0,1,Not Hispanic or Latino,Asian,Female,25-34,90.0,Loan originated
1,565000.0,49,705000.0,121.0,1,Not Hispanic or Latino,Asian,Female,35-44,79.999,Loan originated
1,525000.0,43,815000.0,132.0,1,Not Hispanic or Latino,Asian,Male,<25,65.0,Loan originated
1,905000.0,47,1585000.0,222.0,1,Not Hispanic or Latino,Asian,Male,25-34,56.747,Loan originated
1,355000.0,48,505000.0,77.0,1,Hispanic or Latino,White,Male,25-34,70.0,Loan originated
1,1085000.0,38,1455000.0,408.0,1,Not Hispanic or Latino,White,Male,55-64,75.0,Loan originated
1,615000.0,37,925000.0,170.0,1,Not Hispanic or Latino,White,Male,55-64,67.0,Loan originated
1,805000.0,44,1005000.0,199.0,1,Hispanic or Latino,White,Male,25-34,80.0,Loan originated
1,765000.0,42,955000.0,181.0,1,Not Hispanic or Latino,Asian,Female,35-44,80.0,Loan originated
1,235000.0,43,685000.0,83.0,1,Not Hispanic or Latino,White,Male,35-44,100.0,Loan originated
1,505000.0,43,795000.0,132.0,1,Not Hispanic or Latino,White,Male,35-44,63.29,Loan originated
1,515000.0,30%-<36%,645000.0,150.0,1,Not Hispanic or Latino,Asian,Male,25-34,80.0,Loan originated
1,925000.0,42,1355000.0,219.0,1,Not Hispanic or Latino,White,Male,45-54,68.52,Loan originated
1,1055000.0,38,1315000.0,289.0,1,Not Hispanic or Latino,Asian,Male,25-34,80.0,Loan originated
1,325000.0,42,575000.0,94.0,1,Not Hispanic or Latino,White,Female,65-74,56.522,Loan originated
1,875000.0,44,975000.0,235.0,1,Not Hispanic or Latino,Asian,Male,35-44,89.95,Loan originated
1,765000.0,41,905000.0,400.0,1,Not Hispanic or Latino,White,Male,45-54,84.66,Loan originated
1,275000.0,<20%,505000.0,161.0,1,Not Hispanic or Latino,White,Female,35-44,55.0,Loan originated
1,535000.0,49,675000.0,120.0,1,Not Hispanic or Latino,White,Male,55-64,79.409,Loan originated
1,795000.0,43,995000.0,202.0,1,Not Hispanic or Latino,Asian,Male,25-34,80.0,Loan originated
1,755000.0,38,945000.0,249.0,1,Not Hispanic or Latino,Asian,Female,25-34,80.0,Loan originated
1,455000.0,39,535000.0,133.0,1,Not Hispanic or Latino,Asian,Male,35-44,85.0,Loan originated
1,325000.0,30%-<36%,345000.0,105.0,1,Not Hispanic or Latino,White,Male,<25,95.0,Loan originated
1,425000.0,20%-<30%,1845000.0,220.0,1,Not Hispanic or Latino,White,Female,45-54,24.0,Loan originated
1,405000.0,<20%,475000.0,528.0,1,Hispanic or Latino,White,Female,35-44,85.0,Loan originated
1,445000.0,37,1115000.0,248.0,1,Not Hispanic or Latino,White,Female,55-64,40.27,Loan originated
1,455000.0,41,465000.0,108.0,1,Hispanic or Latino,White,Female,35-44,97.0,Loan originated
1,755000.0,47,1105000.0,288.0,1,Not Hispanic or Latino,White,Female,35-44,68.182,Loan originated
1,295000.0,40,375000.0,82.0,1,Hispanic or Latino,White,Male,35-44,100.0,Loan originated
1,605000.0,49,815000.0,138.0,1,Not Hispanic or Latino,Asian,Female,45-54,75.0,Loan originated
1,485000.0,48,655000.0,295.0,1,Not Hispanic or Latino,White,Male,45-54,75.0,Loan originated
1,1055000.0,38,3055000.0,522.0,1,Not Hispanic or Latino,Asian,Male,35-44,34.426,Loan originated
1,995000.0,48,1525000.0,302.0,1,Not Hispanic or Latino,Asian,Female,25-34,64.99,Loan originated
1,405000.0,37,505000.0,115.0,1,Not Hispanic or Latino,Asian,Male,25-34,80.0,Loan originated
1,785000.0,48,835000.0,156.0,1,Not Hispanic or Latino,Black or African American,Male,35-44,95.0,Loan originated
1,615000.0,>60%,885000.0,90.0,1,Not Hispanic or Latino,White,Female,55-64,70.0,Loan originated
1,535000.0,30%-<36%,595000.0,183.0,1,Not Hispanic or Latino,White,Male,45-54,90.0,Loan originated
1,715000.0,30%-<36%,1025000.0,325.0,1,Not Hispanic or Latino,Asian,Male,45-54,89.951,Loan originated
1,535000.0,<20%,685000.0,360.0,1,Not Hispanic or Latino,Asian,Female,25-34,77.941,Loan originated
1,335000.0,20%-<30%,445000.0,143.0,1,Not Hispanic or Latino,Asian,Male,25-34,75.0,Loan originated
1,1065000.0,47,1445000.0,273.0,1,Not Hispanic or Latino,Asian,Male,35-44,73.509,Loan originated
1,775000.0,49,1045000.0,188.0,1,Not Hispanic or Latino,White,Male,25-34,74.33,Loan originated
1,775000.0,38,1555000.0,529.0,1,Not Hispanic or Latino,White,Female,45-54,50.0,Loan originated
1,905000.0,38,1125000.0,282.0,1,Hispanic or Latino,White,Male,25-34,80.0,Loan originated
1,385000.0,49,485000.0,97.0,1,Not Hispanic or Latino,Asian,Male,25-34,100.0,Loan originated
1,605000.0,48,1795000.0,274.0,1,Not Hispanic or Latino,Native Hawaiian or Other Pacific Islander,Female,45-54,33.35,Loan originated
1,285000.0,46,295000.0,66.0,1,Not Hispanic or Latino,Black or African American,Female,35-44,95.0,Loan originated
1,475000.0,46,495000.0,148.0,1,Not Hispanic or Latino,Black or African American,Male,45-54,96.99,Loan originated
1,515000.0,44,545000.0,134.0,1,Not Hispanic or Latino,Asian,Female,25-34,95.0,Loan originated
1,355000.0,20%-<30%,445000.0,118.0,1,Not Hispanic or Latino,White,Male,25-34,80.0,Loan originated
1,615000.0,47,645000.0,132.0,1,Hispanic or Latino,White,Male,35-44,95.0,Loan originated
1,235000.0,49,255000.0,48.0,1,Hispanic or Latino,White,Female,<25,94.4,Loan originated
1,755000.0,20%-<30%,1085000.0,358.0,1,Hispanic or Latino,White,Male,35-44,70.0,Loan originated
1,545000.0,36,725000.0,188.0,1,Not Hispanic or Latino,Asian,Male,25-34,75.0,Application denied
1,265000.0,37,295000.0,76.0,1,Not Hispanic or Latino,Asian,Female,25-34,90.0,Application denied
1,785000.0,39,985000.0,277.0,1,Not Hispanic or Latino,White,Male,55-64,80.0,Loan originated
1,495000.0,44,835000.0,180.0,1,Not Hispanic or Latino,Asian,Male,25-34,60.0,Loan originated
1,965000.0,<20%,1285000.0,486.0,1,Not Hispanic or Latino,White,Male,35-44,75.0,Loan originated
1,55000.0,49,485000.0,93.0,1,Not Hispanic or Latino,Asian,Male,45-54,12.0,Loan originated
1,445000.0,37,625000.0,301.0,1,Not Hispanic or Latino,White,Female,<25,70.0,Loan originated
1,825000.0,47,865000.0,177.0,1,Not Hispanic or Latino,White,Female,35-44,95.0,Loan originated
1,225000.0,<20%,455000.0,1522.0,1,Not Hispanic or Latino,Asian,Female,45-54,49.451,Loan originated
1,1435000.0,46,1515000.0,363.0,1,Not Hispanic or Latino,Black or African American,Male,25-34,95.0,Loan originated
1,665000.0,>60%,655000.0,101.0,1,Not Hispanic or Latino,Asian,Female,45-54,101.75,Application denied
1,375000.0,42,465000.0,126.0,1,Hispanic or Latino,White,Male,55-64,80.0,Loan originated
1,435000.0,49,485000.0,82.0,1,Hispanic or Latino,White,Male,25-34,90.0,Loan originated
1,955000.0,44,1455000.0,209.0,1,Not Hispanic or Latino,Black or African American,Female,45-54,66.0,Loan originated
1,525000.0,30%-<36%,655000.0,150.0,1,Not Hispanic or Latino,Asian,Male,25-34,80.0,Loan originated
1,535000.0,20%-<30%,665000.0,250.0,1,Not Hispanic or Latino,Asian,Male,25-34,80.0,Loan originated
1,325000.0,40,335000.0,85.0,1,Hispanic or Latino,White,Female,25-34,100.0,Loan originated
1,405000.0,47,485000.0,100.0,1,Not Hispanic or Latino,Asian,Female,35-44,83.505,Loan originated
1,605000.0,45,705000.0,138.0,1,Hispanic or Latino,2 or more minority races,Female,25-34,85.374,Loan originated
1,545000.0,30%-<36%,845000.0,186.0,1,Not Hispanic or Latino,Asian,Male,55-64,64.286,Loan originated
1,645000.0,<20%,815000.0,561.0,1,Not Hispanic or Latino,Asian,Female,45-54,80.0,Loan originated
1,505000.0,42,635000.0,126.0,1,Not Hispanic or Latino,White,Male,25-34,80.0,Loan originated
1,895000.0,48,945000.0,173.0,1,Not Hispanic or Latino,White,Male,35-44,95.0,Loan originated
1,475000.0,50%-60%,625000.0,88.0,1,Not Hispanic or Latino,Asian,Female,55-64,76.11,Application denied
1,805000.0,45,1005000.0,256.0,1,Not Hispanic or Latino,White,Male,25-34,80.0,Loan originated
1,505000.0,36,985000.0,152.0,1,Not Hispanic or Latino,White,Male,35-44,51.02,Loan originated
1,345000.0,20%-<30%,1045000.0,216.0,1,Not Hispanic or Latino,White,Male,35-44,34.0,Loan originated
1,745000.0,48,935000.0,156.0,1,Not Hispanic or Latino,Asian,Female,25-34,80.0,Loan originated
1,555000.0,48,585000.0,136.0,1,Hispanic or Latino,White,Male,25-34,94.06,Loan originated
1,535000.0,41,665000.0,156.0,1,Not Hispanic or Latino,Asian,Female,25-34,80.0,Loan originated
1,1325000.0,46,1565000.0,374.0,1,Not Hispanic or Latino,White,Male,35-44,85.0,Loan originated
1,1145000.0,44,1525000.0,331.0,1,Not Hispanic or Latino,White,Male,35-44,88.11,Loan originated
1,805000.0,30%-<36%,955000.0,250.0,1,Not Hispanic or Latino,Asian,Male,35-44,84.211,Loan originated
1,1125000.0,41,1405000.0,312.0,1,Not Hispanic or Latino,Asian,Male,25-34,80.0,Loan originated
1,245000.0,<20%,305000.0,208.0,1,Not Hispanic or Latino,White,Male,55-64,80.0,Loan originated
1,765000.0,49,815000.0,193.0,1,Not Hispanic or Latino,White,Female,35-44,94.59,Loan originated
1,195000.0,30%-<36%,395000.0,125.0,1,Not Hispanic or Latino,Asian,Male,25-34,50.0,Loan originated
1,435000.0,45,465000.0,88.0,1,Hispanic or Latino,White,Male,25-34,95.0,Loan originated
1,295000.0,38,795000.0,108.0,1,Not Hispanic or Latino,White,Male,45-54,37.1,Loan originated
1,635000.0,46,675000.0,160.0,1,Hispanic or Latino,White,Male,25-34,95.0,Loan originated
1,375000.0,47,335000.0,90.0,1,Hispanic or Latino,White,Male,45-54,112.727,Application denied
1,535000.0,39,705000.0,162.0,1,Not Hispanic or Latino,Asian,Female,45-54,75.0,Loan originated
1,425000.0,49,455000.0,91.0,1,Hispanic or Latino,White,Female,25-34,95.0,Loan originated
1,845000.0,46,1055000.0,220.0,1,Not Hispanic or Latino,White,Male,45-54,80.0,Loan originated
1,385000.0,41,405000.0,118.0,1,Not Hispanic or Latino,White,Female,45-54,100.0,Loan originated
1,375000.0,47,445000.0,109.0,1,Not Hispanic or Latino,Native Hawaiian or Other Pacific Islander,Female,35-44,103.82,Loan originated
1,555000.0,49,575000.0,104.0,1,Hispanic or Latino,White,Male,25-34,95.0,Loan originated
1,635000.0,38,1595000.0,199.0,1,Not Hispanic or Latino,White,Male,25-34,39.925,Loan originated
1,505000.0,47,745000.0,199.0,1,Not Hispanic or Latino,Asian,Male,25-34,68.108,Loan originated
1,535000.0,20%-<30%,665000.0,187.0,1,Hispanic or Latino,White,Male,35-44,80.0,Loan originated
1,805000.0,20%-<30%,1005000.0,306.0,1,Not Hispanic or Latino,Asian,Female,35-44,80.0,Loan originated
1,795000.0,46,885000.0,243.0,1,Not Hispanic or Latino,White,Male,45-54,89.89,Loan originated
1,935000.0,47,1245000.0,238.0,1,Not Hispanic or Latino,White,Male,25-34,75.0,Loan originated
1,595000.0,43,805000.0,169.0,1,Not Hispanic or Latino,White,Male,65-74,75.0,Loan originated
1,525000.0,30%-<36%,655000.0,165.0,1,Not Hispanic or Latino,White,Female,35-44,80.0,Loan originated
1,205000.0,<20%,385000.0,175.0,1,Not Hispanic or Latino,White,Female,35-44,53.0,Loan originated
1,325000.0,20%-<30%,1495000.0,213.0,1,Not Hispanic or Latino,Asian,Male,35-44,21.82,Loan originated
1,265000.0,49,275000.0,55.0,1,Not Hispanic or Latino,White,Female,25-34,97.0,Loan originated
1,755000.0,44,805000.0,176.0,1,Hispanic or Latino,2 or more minority races,Male,35-44,94.087,Loan originated
1,465000.0,37,515000.0,125.0,1,Not Hispanic or Latino,Asian,Male,55-64,90.0,Loan originated
1,655000.0,30%-<36%,825000.0,236.0,1,Not Hispanic or Latino,Asian,Female,35-44,80.0,Loan originated
1,265000.0,47,375000.0,52.0,1,Hispanic or Latino,White,Female,35-44,94.434,Loan originated
1,415000.0,30%-<36%,635000.0,138.0,1,Not Hispanic or Latino,Asian,Male,35-44,65.0,Loan originated
1,255000.0,30%-<36%,455000.0,135.0,1,Not Hispanic or Latino,Black or African American,Male,35-44,55.556,Application denied
1,565000.0,49,755000.0,136.0,1,Not Hispanic or Latino,White,Male,<25,75.0,Loan originated
1,895000.0,45,1195000.0,216.0,1,Not Hispanic or Latino,White,Male,35-44,75.0,Loan originated
1,735000.0,30%-<36%,815000.0,313.0,1,Not Hispanic or Latino,White,Male,25-34,90.0,Loan originated
1,925000.0,47,1155000.0,236.0,1,Not Hispanic or Latino,White,Male,35-44,80.0,Loan originated
1,555000.0,44,855000.0,12.0,1,Not Hispanic or Latino,Asian,Male,35-44,65.0,Loan originated
1,555000.0,30%-<36%,685000.0,178.0,1,Not Hispanic or Latino,Asian,Female,55-64,80.0,Loan originated
1,765000.0,43,1155000.0,173.0,1,Not Hispanic or Latino,Asian,Female,25-34,67.0,Loan originated
1,675000.0,30%-<36%,795000.0,243.0,1,Not Hispanic or Latino,White,Male,35-44,85.0,Loan originated
1,685000.0,20%-<30%,865000.0,348.0,1,Not Hispanic or Latino,White,Female,45-54,80.0,Loan originated
1,305000.0,41,455000.0,88.0,1,Not Hispanic or Latino,Asian,Male,35-44,66.66,Loan originated
1,725000.0,37,905000.0,417.0,1,Not Hispanic or Latino,White,Male,55-64,80.0,Loan originated
1,145000.0,30%-<36%,665000.0,108.0,1,Hispanic or Latino,White,Female,25-34,22.489,Loan originated
1,985000.0,44,1225000.0,317.0,1,Not Hispanic or Latino,White,Male,45-54,80.0,Loan originated
1,405000.0,36,725000.0,150.0,1,Not Hispanic or Latino,Asian,Female,35-44,56.41,Loan originated
1,305000.0,42,395000.0,63.0,1,Not Hispanic or Latino,White,Male,65-74,76.962,Loan originated
1,685000.0,49,755000.0,136.0,1,Not Hispanic or Latino,Asian,Male,45-54,89.99,Loan originated
1,375000.0,46,395000.0,75.0,1,Not Hispanic or Latino,White,Male,35-44,95.0,Loan originated
1,455000.0,30%-<36%,575000.0,133.0,1,Not Hispanic or Latino,White,Male,25-34,80.0,Loan originated
1,325000.0,38,475000.0,96.0,1,Not Hispanic or Latino,Asian,Female,45-54,70.0,Loan originated
1,685000.0,30%-<36%,915000.0,242.0,1,Not Hispanic or Latino,White,Female,25-34,75.0,Loan originated
1,255000.0,47,1155000.0,100.0,1,Not Hispanic or Latino,White,Male,45-54,21.74,Loan originated
1,1105000.0,39,1375000.0,326.0,1,Not Hispanic or Latino,2 or more minority races,Male,35-44,80.0,Loan originated
1,635000.0,48,795000.0,165.0,1,Not Hispanic or Latino,White,Male,35-44,80.0,Loan originated
1,765000.0,42,795000.0,193.0,1,Not Hispanic or Latino,White,Female,25-34,96.5,Loan originated
1,305000.0,37,405000.0,75.0,1,Not Hispanic or Latino,White,Male,45-54,75.0,Loan originated
1,225000.0,30%-<36%,385000.0,75.0,1,Not Hispanic or Latino,Asian,Female,25-34,58.442,Loan originated
1,375000.0,44,1655000.0,369.0,1,Not Hispanic or Latino,Black or African American,Female,35-44,78.78,Loan originated
1,425000.0,43,705000.0,139.0,1,Not Hispanic or Latino,White,Male,25-34,60.0,Loan originated
1,175000.0,20%-<30%,215000.0,68.0,1,Hispanic or Latino,White,Female,25-34,80.0,Loan originated
1,525000.0,48,665000.0,266.0,1,Hispanic or Latino,White,Male,45-54,80.0,Loan originated
1,755000.0,30%-<36%,1755000.0,395.0,1,Not Hispanic or Latino,Asian,Female,35-44,42.922,Loan originated
1,545000.0,41,605000.0,136.0,1,Hispanic or Latino,White,Male,25-34,90.0,Loan originated
1,845000.0,49,905000.0,184.0,1,Hispanic or Latino,White,Male,35-44,93.38,Loan originated
1,505000.0,38,535000.0,173.0,1,Not Hispanic or Latino,White,Male,45-54,95.0,Loan originated
1,275000.0,49,455000.0,92.0,1,Not Hispanic or Latino,White,Female,25-34,61.111,Loan originated
1,565000.0,49,785000.0,117.0,1,Hispanic or Latino,White,Female,55-64,71.338,Loan originated
1,565000.0,20%-<30%,775000.0,329.0,1,Not Hispanic or Latino,White,Female,25-34,74.194,Loan originated
1,595000.0,20%-<30%,665000.0,295.0,1,Not Hispanic or Latino,White,Male,35-44,90.0,Loan originated
1,1125000.0,48,1405000.0,348.0,1,Not Hispanic or Latino,White,Female,35-44,80.0,Loan originated
1,95000.0,30%-<36%,125000.0,85.0,1,Not Hispanic or Latino,White,Female,65-74,75.0,Application denied
1,455000.0,<20%,1455000.0,578.0,1,Hispanic or Latino,White,Male,55-64,31.035,Loan originated
1,295000.0,47,335000.0,71.0,1,Hispanic or Latino,Asian,Female,35-44,91.5,Loan originated
1,395000.0,40,405000.0,105.0,1,Not Hispanic or Latino,White,Female,35-44,97.0,Loan originated
1,675000.0,40,1105000.0,167.0,1,Not Hispanic or Latino,Asian,Female,25-34,60.909,Loan originated
1,505000.0,49,1525000.0,127.0,1,Not Hispanic or Latino,Asian,Female,55-64,32.895,Loan originated
1,415000.0,49,455000.0,159.0,1,Not Hispanic or Latino,White,Male,45-54,90.0,Loan originated
1,405000.0,47,535000.0,89.0,1,Not Hispanic or Latino,Asian,Male,65-74,75.0,Loan originated
1,565000.0,49,1065000.0,116.0,1,Not Hispanic or Latino,White,Female,35-44,52.83,Loan originated
1,335000.0,20%-<30%,425000.0,130.0,1,Not Hispanic or Latino,White,Male,35-44,80.0,Loan originated
1,655000.0,38,725000.0,220.0,1,Not Hispanic or Latino,White,Female,55-64,97.0,Loan originated
1,655000.0,48,845000.0,126.0,1,Hispanic or Latino,White,Female,65-74,76.65,Loan originated
1,705000.0,36,805000.0,189.0,1,Not Hispanic or Latino,White,Male,25-34,87.58,Loan originated
1,1145000.0,50%-60%,2025000.0,266.0,1,Not Hispanic or Latino,Asian,Male,35-44,56.894,Loan originated
1,445000.0,45,565000.0,112.0,1,Hispanic or Latino,White,Female,45-54,80.0,Loan originated
1,505000.0,20%-<30%,675000.0,204.0,1,Not Hispanic or Latino,White,Male,<25,75.0,Loan originated
1,465000.0,36,585000.0,138.0,1,Not Hispanic or Latino,Asian,Male,25-34,100.0,Loan originated
1,345000.0,42,495000.0,107.0,1,Not Hispanic or Latino,White,Female,35-44,69.94,Application denied
1,765000.0,38,955000.0,177.0,1,Hispanic or Latino,White,Male,45-54,80.0,Loan originated
1,715000.0,<20%,915000.0,378.0,1,Not Hispanic or Latino,Asian,Male,35-44,78.072,Loan originated
1,775000.0,41,965000.0,192.0,1,Not Hispanic or Latino,Asian,Male,25-34,80.0,Application denied
1,405000.0,49,425000.0,121.0,1,Not Hispanic or Latino,White,Female,35-44,95.0,Loan originated
1,295000.0,49,415000.0,71.0,1,Not Hispanic or Latino,Asian,Male,45-54,69.545,Loan originated
1,455000.0,30%-<36%,655000.0,235.0,1,Not Hispanic or Latino,Asian,Female,>74,70.0,Loan originated
1,1115000.0,20%-<30%,1415000.0,358.0,1,Not Hispanic or Latino,White,Male,25-34,78.79,Loan originated
1,405000.0,20%-<30%,455000.0,165.0,1,Not Hispanic or Latino,White,Male,45-54,89.129,Loan originated
1,405000.0,41,455000.0,112.0,1,Not Hispanic or Latino,Black or African American,Female,65-74,89.89,Loan originated
1,635000.0,41,795000.0,147.0,1,Not Hispanic or Latino,Asian,Male,25-34,80.0,Loan originated
1,515000.0,44,535000.0,135.0,1,Not Hispanic or Latino,White,Male,25-34,97.0,Loan originated
1,805000.0,39,1305000.0,215.0,1,Not Hispanic or Latino,White,Male,65-74,62.0,Loan originated
1,495000.0,43,525000.0,126.0,1,Hispanic or Latino,White,Male,35-44,95.0,Application denied
1,525000.0,45,655000.0,150.0,1,Not Hispanic or Latino,Asian,Female,35-44,80.0,Loan originated
1,505000.0,49,595000.0,99.0,1,Hispanic or Latino,White,Male,25-34,85.0,Loan originated
1,265000.0,42,325000.0,115.0,1,Not Hispanic or Latino,White,Female,35-44,80.0,Loan originated
1,605000.0,41,755000.0,207.0,1,Not Hispanic or Latino,White,Male,55-64,80.0,Application denied
1,965000.0,46,1765000.0,244.0,1,Not Hispanic or Latino,White,Male,45-54,54.777,Loan originated
1,935000.0,36,1045000.0,275.0,1,Hispanic or Latino,White,Male,<25,90.0,Loan originated
1,145000.0,30%-<36%,215000.0,64.0,1,Hispanic or Latino,Asian,Female,35-44,80.0,Loan originated
1,425000.0,49,645000.0,165.0,1,Not Hispanic or Latino,White,Male,25-34,65.708,Loan originated
1,535000.0,20%-<30%,665000.0,271.0,1,Not Hispanic or Latino,Asian,Female,25-34,80.0,Loan originated
1,395000.0,30%-<36%,495000.0,177.0,1,Hispanic or Latino,White,Male,35-44,80.0,Loan originated
1,385000.0,46,545000.0,82.0,1,Not Hispanic or Latino,Asian,Male,35-44,70.0,Loan originated
1,1045000.0,40,1105000.0,316.0,1,Not Hispanic or Latino,Black or African American,Male,25-34,95.0,Loan originated
1,535000.0,48,595000.0,126.0,1,Not Hispanic or Latino,White,Male,35-44,90.0,Loan originated
1,495000.0,50%-60%,525000.0,152.0,1,Not Hispanic or Latino,Asian,Female,35-44,95.0,Application denied
1,325000.0,41,525000.0,145.0,1,Hispanic or Latino,White,Female,35-44,61.905,Loan originated
1,755000.0,49,1055000.0,152.0,1,Not Hispanic or Latino,White,Male,55-64,71.564,Loan originated
1,165000.0,44,175000.0,47.0,1,Not Hispanic or Latino,White,Female,35-44,93.143,Loan originated
1,385000.0,49,595000.0,84.0,1,Not Hispanic or Latino,Asian,Male,35-44,63.866,Loan originated
1,575000.0,46,655000.0,128.0,1,Not Hispanic or Latino,Asian,Male,25-34,88.482,Loan originated
1,555000.0,40,655000.0,197.0,1,Not Hispanic or Latino,Black or African American,Male,45-54,85.0,Loan originated
1,345000.0,47,425000.0,73.0,1,Hispanic or Latino,White,Male,35-44,100.0,Loan originated
1,435000.0,45,455000.0,92.0,1,Hispanic or Latino,White,Male,45-54,95.0,Loan originated
1,745000.0,47,1135000.0,171.0,1,Not Hispanic or Latino,Asian,Female,55-64,65.487,Loan originated
1,185000.0,44,235000.0,68.0,1,Not Hispanic or Latino,Asian,Female,55-64,80.0,Loan originated
1,525000.0,44,615000.0,214.0,1,Not Hispanic or Latino,2 or more minority races,Female,<25,85.0,Loan originated
1,1145000.0,47,2055000.0,277.0,1,Not Hispanic or Latino,Asian,Male,25-34,56.08,Loan originated
1,265000.0,44,295000.0,72.0,1,Not Hispanic or Latino,Asian,Female,35-44,88.136,Loan originated
1,565000.0,37,805000.0,404.0,1,Not Hispanic or Latino,White,Female,55-64,70.0,Loan originated
1,385000.0,41,475000.0,144.0,1,Not Hispanic or Latino,White,Female,45-54,80.0,Loan originated
1,255000.0,42,345000.0,91.0,1,Hispanic or Latino,White,Female,35-44,75.0,Application denied
1,755000.0,38,1055000.0,205.0,1,Hispanic or Latino,White,Male,25-34,71.429,Loan originated
1,725000.0,41,805000.0,195.0,1,Not Hispanic or Latino,Asian,Female,55-64,90.0,Loan originated
1,385000.0,43,415000.0,90.0,1,Hispanic or Latino,White,Male,25-34,95.0,Loan originated
1,705000.0,37,785000.0,205.0,1,Not Hispanic or Latino,Black or African American,Female,65-74,89.99,Loan originated
1,465000.0,44,585000.0,122.0,1,Not Hispanic or Latino,White,Male,<25,80.0,Loan originated
1,355000.0,49,445000.0,94.0,1,Hispanic or Latino,White,Male,25-34,80.0,Loan originated
1,405000.0,20%-<30%,795000.0,223.0,1,Not Hispanic or Latino,White,Female,65-74,50.63,Loan originated
1,505000.0,30%-<36%,625000.0,173.0,1,Not Hispanic or Latino,White,Female,45-54,80.0,Loan originated
1,575000.0,47,605000.0,157.0,1,Not Hispanic or Latino,White,Male,55-64,95.0,Application denied
1,765000.0,47,805000.0,207.0,1,Hispanic or Latino,White,Male,<25,95.0,Loan originated
1,345000.0,46,525000.0,123.0,1,Not Hispanic or Latino,Black or African American,Female,25-34,64.272,Loan originated
1,505000.0,42,1005000.0,229.0,1,Hispanic or Latino,White,Male,25-34,50.0,Loan originated
1,655000.0,>60%,725000.0,95.0,1,Hispanic or Latino,White,Male,55-64,90.0,Application denied
1,255000.0,20%-<30%,705000.0,124.0,1,Hispanic or Latino,White,Male,35-44,35.361,Loan originated
1,865000.0,38,1155000.0,229.0,1,Not Hispanic or Latino,Asian,Female,55-64,75.0,Loan originated
1,755000.0,<20%,1005000.0,887.0,1,Not Hispanic or Latino,White,Male,25-34,75.0,Application denied
1,705000.0,38,725000.0,175.0,1,Hispanic or Latino,White,Male,45-54,97.0,Application denied
1,605000.0,30%-<36%,805000.0,488.0,1,Not Hispanic or Latino,White,Female,25-34,75.0,Loan originated
1,475000.0,38,505000.0,158.0,1,Not Hispanic or Latino,White,Male,35-44,95.0,Loan originated
1,335000.0,42,415000.0,115.0,1,Hispanic or Latino,White,Female,<25,80.0,Application denied
1,325000.0,30%-<36%,345000.0,90.0,1,Not Hispanic or Latino,Asian,Female,55-64,95.0,Loan originated
1,245000.0,42,795000.0,78.0,1,Not Hispanic or Latino,White,Male,25-34,31.078,Loan originated
1,515000.0,48,645000.0,150.0,1,Not Hispanic or Latino,White,Female,25-34,96.0,Loan originated
1,45000.0,20%-<30%,65000.0,53.0,1,Not Hispanic or Latino,White,Male,>74,69.23,Loan originated
1,335000.0,47,375000.0,89.0,1,Not Hispanic or Latino,Black or African American,Female,35-44,90.0,Loan originated
1,265000.0,43,495000.0,71.0,1,Not Hispanic or Latino,Asian,Female,55-64,53.06,Loan originated
1,565000.0,44,625000.0,128.0,1,Not Hispanic or Latino,White,Male,25-34,93.0,Loan originated
1,705000.0,49,1345000.0,141.0,1,Not Hispanic or Latino,Asian,Male,45-54,51.928,Loan originated
1,345000.0,41,595000.0,103.0,1,Hispanic or Latino,White,Male,45-54,59.0,Loan originated
1,885000.0,44,1105000.0,203.0,1,Not Hispanic or Latino,Asian,Male,35-44,80.0,Loan originated
1,475000.0,<20%,855000.0,309.0,1,Not Hispanic or Latino,White,Female,65-74,56.0,Loan originated
1,585000.0,44,725000.0,144.0,1,Not Hispanic or Latino,Asian,Male,55-64,80.0,Loan originated
1,435000.0,41,535000.0,166.0,1,Hispanic or Latino,White,Male,45-54,80.0,Loan originated
1,285000.0,47,435000.0,79.0,1,Hispanic or Latino,American Indian or Alaska Native,Female,25-34,103.724,Loan originated
1,405000.0,49,635000.0,107.0,1,Not Hispanic or Latino,Asian,Female,65-74,63.49,Loan originated
1,195000.0,37,215000.0,58.0,1,Not Hispanic or Latino,White,Female,55-64,95.0,Loan originated
1,805000.0,36,1075000.0,230.0,1,Not Hispanic or Latino,Asian,Male,25-34,75.0,Loan originated
1,515000.0,45,645000.0,207.0,1,Not Hispanic or Latino,Asian,Male,65-74,80.0,Loan originated
1,445000.0,48,525000.0,104.0,1,Not Hispanic or Latino,White,Female,45-54,85.0,Loan originated
1,805000.0,46,1535000.0,180.0,1,Not Hispanic or Latino,Asian,Male,25-34,53.0,Loan originated
1,345000.0,49,365000.0,119.0,1,Hispanic or Latino,White,Male,35-44,98.33,Loan originated
1,715000.0,43,755000.0,233.0,1,Hispanic or Latino,White,Male,25-34,95.0,Loan originated
1,725000.0,42,3305000.0,202.0,1,Not Hispanic or Latino,White,Female,65-74,21.82,Loan originated
1,375000.0,48,555000.0,140.0,1,Not Hispanic or Latino,Asian,Female,35-44,85.0,Loan originated
1,1025000.0,43,1075000.0,235.0,1,Not Hispanic or Latino,White,Male,35-44,95.0,Loan originated
1,255000.0,47,295000.0,69.0,1,Hispanic or Latino,White,Male,35-44,85.0,Loan originated
1,385000.0,39,575000.0,124.0,1,Not Hispanic or Latino,White,Male,35-44,75.0,Loan originated
1,1125000.0,40,1405000.0,436.0,1,Not Hispanic or Latino,Asian,Male,35-44,80.0,Loan originated
1,705000.0,48,785000.0,149.0,1,Hispanic or Latino,White,Female,35-44,90.0,Loan originated
1,395000.0,48,435000.0,118.0,1,Hispanic or Latino,White,Male,25-34,90.0,Loan originated
1,175000.0,30%-<36%,795000.0,99.0,1,Not Hispanic or Latino,White,Female,55-64,21.93,Loan originated
1,985000.0,40,1235000.0,293.0,1,Not Hispanic or Latino,Asian,Female,55-64,80.0,Loan originated
1,395000.0,30%-<36%,425000.0,160.0,1,Not Hispanic or Latino,White,Male,55-64,95.0,Loan originated
1,455000.0,46,1475000.0,156.0,1,Not Hispanic or Latino,White,Male,55-64,30.51,Loan originated
1,555000.0,30%-<36%,695000.0,215.0,1,Not Hispanic or Latino,Asian,Male,35-44,80.0,Loan originated
1,765000.0,30%-<36%,875000.0,280.0,1,Not Hispanic or Latino,American Indian or Alaska Native,Male,35-44,87.6,Loan originated
1,115000.0,48,145000.0,47.0,1,Not Hispanic or Latino,White,Female,35-44,80.0,Loan originated
1,295000.0,42,375000.0,82.0,1,Not Hispanic or Latino,Asian,Female,35-44,80.0,Loan originated
1,435000.0,47,535000.0,89.0,1,Not Hispanic or Latino,White,Male,25-34,80.0,Loan originated
1,425000.0,45,625000.0,105.0,1,Not Hispanic or Latino,White,Male,25-34,68.0,Loan originated
1,305000.0,43,785000.0,118.0,1,Not Hispanic or Latino,Asian,Female,55-64,38.111,Loan originated
1,635000.0,48,1125000.0,127.0,1,Not Hispanic or Latino,Asian,Female,45-54,56.09973,Loan originated
1,615000.0,49,685000.0,153.0,1,Not Hispanic or Latino,White,Female,35-44,90.0,Loan originated
1,225000.0,20%-<30%,645000.0,205.0,1,Hispanic or Latino,White,Male,45-54,34.375,Loan originated
1,145000.0,41,715000.0,67.0,1,Not Hispanic or Latino,Asian,Male,25-34,20.317,Loan originated
1,585000.0,37,895000.0,190.0,1,Not Hispanic or Latino,Asian,Male,35-44,64.804,Loan originated
1,855000.0,50%-60%,905000.0,157.0,1,Hispanic or Latino,White,Male,45-54,95.0,Loan originated
1,925000.0,49,1155000.0,279.0,1,Not Hispanic or Latino,White,Male,55-64,80.0,Loan originated
1,385000.0,30%-<36%,645000.0,142.0,1,Not Hispanic or Latino,Asian,Male,25-34,60.0,Loan originated
1,765000.0,20%-<30%,1055000.0,297.0,1,Not Hispanic or Latino,Asian,Male,25-34,72.953,Loan originated
1,755000.0,49,865000.0,164.0,1,Not Hispanic or Latino,Asian,Male,25-34,87.529,Loan originated
1,655000.0,39,875000.0,321.0,1,Not Hispanic or Latino,Asian,Male,25-34,74.29,Loan originated
1,685000.0,41,715000.0,168.0,1,Not Hispanic or Latino,White,Male,35-44,97.0,Loan originated
1,725000.0,43,765000.0,297.0,1,Not Hispanic or Latino,White,Female,35-44,95.0,Loan originated
1,605000.0,44,645000.0,151.0,1,Not Hispanic or Latino,White,Female,25-34,95.0,Loan originated
1,795000.0,46,1005000.0,170.0,1,Not Hispanic or Latino,Asian,Male,25-34,79.0,Loan originated
1,395000.0,42,445000.0,159.0,1,Not Hispanic or Latino,American Indian or Alaska Native,Male,45-54,95.0,Loan originated
1,405000.0,44,585000.0,89.0,1,Not Hispanic or Latino,Asian,Male,25-34,69.996,Loan originated
1,555000.0,20%-<30%,1095000.0,733.0,1,Not Hispanic or Latino,White,Male,25-34,50.091,Loan originated
1,975000.0,45,1355000.0,279.0,1,Not Hispanic or Latino,Asian,Female,25-34,72.489,Loan originated
1,635000.0,44,715000.0,160.0,1,Hispanic or Latino,White,Female,35-44,90.0,Loan originated
1,1005000.0,41,1375000.0,249.0,1,Not Hispanic or Latino,White,Female,25-34,72.727,Loan originated
1,645000.0,42,905000.0,147.0,1,Not Hispanic or Latino,White,Male,35-44,71.112,Loan originated
1,205000.0,30%-<36%,385000.0,199.0,1,Hispanic or Latino,White,Male,35-44,53.947,Loan originated
1,655000.0,42,685000.0,181.0,1,Not Hispanic or Latino,White,Male,45-54,95.0,Loan originated
1,465000.0,36,585000.0,142.0,1,Hispanic or Latino,White,Male,55-64,80.0,Loan originated
1,455000.0,36,465000.0,117.0,1,Not Hispanic or Latino,Black or African American,Female,35-44,100.0,Loan originated
1,615000.0,<20%,655000.0,0.0,1,Not Hispanic or Latino,White,Female,35-44,95.0,Application denied
1,655000.0,42,705000.0,162.0,1,Not Hispanic or Latino,White,Male,55-64,92.89,Loan originated
1,375000.0,43,395000.0,100.0,1,Hispanic or Latino,White,Male,35-44,95.0,Loan originated
1,635000.0,41,655000.0,185.0,1,Not Hispanic or Latino,Black or African American,Female,35-44,100.0,Loan originated
1,315000.0,49,325000.0,65.0,1,Not Hispanic or Latino,White,Female,25-34,100.0,Loan originated
1,1045000.0,30%-<36%,1315000.0,304.0,1,Not Hispanic or Latino,Asian,Male,25-34,79.89,Loan originated
1,355000.0,20%-<30%,405000.0,210.0,1,Not Hispanic or Latino,White,Female,55-64,87.73,Loan originated
1,455000.0,39,765000.0,124.0,1,Not Hispanic or Latino,White,Male,25-34,60.0,Loan originated
1,655000.0,40,815000.0,157.0,1,Not Hispanic or Latino,Asian,Female,25-34,80.0,Loan originated
1,185000.0,20%-<30%,195000.0,100.0,1,Not Hispanic or Latino,Asian,Female,45-54,95.0,Loan originated
1,925000.0,46,1155000.0,278.0,1,Not Hispanic or Latino,White,Male,45-54,80.0,Loan originated
1,525000.0,38,655000.0,158.0,1,Not Hispanic or Latino,White,Female,35-44,80.0,Application denied
1,605000.0,20%-<30%,645000.0,275.0,1,Not Hispanic or Latino,White,Male,35-44,95.0,Loan originated
1,935000.0,49,1875000.0,211.0,1,Not Hispanic or Latino,White,Female,55-64,50.0,Loan originated
1,655000.0,46,765000.0,182.0,1,Not Hispanic or Latino,White,Male,25-34,85.0,Loan originated
1,385000.0,44,405000.0,173.0,1,Not Hispanic or Latino,White,Male,35-44,95.0,Loan originated
1,585000.0,40,985000.0,148.0,1,Not Hispanic or Latino,Asian,Male,55-64,60.0,Loan originated
1,635000.0,37,805000.0,216.0,1,Hispanic or Latino,White,Male,25-34,80.0,Loan originated
1,575000.0,30%-<36%,615000.0,234.0,1,Hispanic or Latino,White,Male,45-54,94.2,Loan originated
1,135000.0,43,635000.0,76.0,1,Hispanic or Latino,White,Male,35-44,20.472,Loan originated
1,805000.0,30%-<36%,1555000.0,250.0,1,Not Hispanic or Latino,Asian,Female,35-44,62.0,Loan originated
1,685000.0,41,815000.0,165.0,1,Not Hispanic or Latino,Black or African American,Male,35-44,85.0,Loan originated
1,535000.0,49,595000.0,110.0,1,Not Hispanic or Latino,White,Female,35-44,90.0,Loan originated
1,495000.0,42,545000.0,109.0,1,Hispanic or Latino,Asian,Female,25-34,90.0,Loan originated
1,345000.0,49,465000.0,75.0,1,Not Hispanic or Latino,Asian,Male,25-34,74.053,Loan originated
1,455000.0,30%-<36%,1905000.0,203.0,1,Not Hispanic or Latino,White,Male,45-54,23.731,Loan originated
1,765000.0,<20%,785000.0,780.0,1,Not Hispanic or Latino,White,Male,35-44,97.0,Loan originated
1,475000.0,41,525000.0,148.0,1,Not Hispanic or Latino,Asian,Female,25-34,90.0,Loan originated
1,55000.0,20%-<30%,75000.0,125.0,1,Not Hispanic or Latino,White,Female,65-74,67.32,Loan originated
1,465000.0,48,615000.0,89.0,1,Hispanic or Latino,Asian,Female,35-44,75.0,Loan originated
1,855000.0,20%-<30%,1005000.0,255.0,1,Hispanic or Latino,White,Female,45-54,85.0,Loan originated
1,275000.0,43,425000.0,63.0,1,Not Hispanic or Latino,White,Male,35-44,65.0,Loan originated
1,545000.0,44,675000.0,172.0,1,Not Hispanic or Latino,Asian,Male,25-34,80.0,Loan originated
1,365000.0,43,455000.0,98.0,1,Not Hispanic or Latino,Asian,Female,35-44,80.0,Loan originated
1,805000.0,42,855000.0,219.0,1,Hispanic or Latino,White,Female,25-34,95.0,Loan originated
1,555000.0,49,755000.0,108.0,1,Not Hispanic or Latino,White,Male,25-34,74.0,Loan originated
1,305000.0,36,635000.0,99.0,1,Not Hispanic or Latino,White,Female,55-64,48.259,Loan originated
1,515000.0,47,545000.0,133.0,1,Not Hispanic or Latino,White,Male,55-64,95.0,Loan originated
1,165000.0,48,385000.0,41.0,1,Not Hispanic or Latino,Asian,Female,55-64,41.397,Loan originated
1,285000.0,44,405000.0,132.0,1,Not Hispanic or Latino,White,Female,65-74,70.0,Application denied
1,765000.0,20%-<30%,965000.0,302.0,1,Not Hispanic or Latino,White,Male,35-44,80.0,Loan originated
1,455000.0,48,615000.0,93.0,1,Not Hispanic or Latino,White,Male,<25,75.0,Loan originated
1,295000.0,30%-<36%,615000.0,120.0,1,Not Hispanic or Latino,White,Female,25-34,48.699,Loan originated
1,475000.0,45,565000.0,109.0,1,Not Hispanic or Latino,Asian,Male,35-44,85.0,Loan originated
1,635000.0,30%-<36%,705000.0,241.0,1,Not Hispanic or Latino,White,Male,45-54,90.0,Application denied
1,405000.0,44,435000.0,108.0,1,Not Hispanic or Latino,White,Male,25-34,95.0,Loan originated
1,395000.0,38,425000.0,170.0,1,Not Hispanic or Latino,White,Female,55-64,95.0,Loan originated
1,965000.0,46,1065000.0,297.0,1,Not Hispanic or Latino,Asian,Male,45-54,90.0,Loan originated
1,955000.0,49,1685000.0,200.0,1,Not Hispanic or Latino,White,Male,35-44,56.548,Loan originated
1,1145000.0,42,2095000.0,284.0,1,Not Hispanic or Latino,Asian,Male,25-34,54.84,Loan originated
1,315000.0,37,395000.0,117.0,1,Hispanic or Latino,White,Female,35-44,80.0,Loan originated
1,635000.0,20%-<30%,675000.0,257.0,1,Hispanic or Latino,White,Male,25-34,95.0,Loan originated
1,555000.0,44,755000.0,29.0,1,Not Hispanic or Latino,Asian,Female,25-34,74.0,Loan originated
1,325000.0,47,405000.0,102.0,1,Hispanic or Latino,White,Female,25-34,80.0,Loan originated
1,355000.0,20%-<30%,505000.0,310.0,1,Not Hispanic or Latino,White,Female,55-64,70.0,Application denied
1,725000.0,30%-<36%,905000.0,194.0,1,Not Hispanic or Latino,Asian,Male,25-34,80.0,Loan originated
1,175000.0,<20%,225000.0,94.0,1,Not Hispanic or Latino,Asian,Male,45-54,80.0,Loan originated
1,765000.0,46,865000.0,176.0,1,Not Hispanic or Latino,White,Male,35-44,88.62,Loan originated
1,445000.0,41,565000.0,106.0,1,Not Hispanic or Latino,Asian,Female,25-34,99.286,Application denied
1,435000.0,48,1125000.0,110.0,1,Not Hispanic or Latino,Asian,Female,25-34,38.222,Loan originated
1,255000.0,49,315000.0,45.0,1,Hispanic or Latino,White,Male,45-54,80.0,Loan originated
1,565000.0,46,595000.0,110.0,1,Hispanic or Latino,White,Male,35-44,95.0,Loan originated
1,515000.0,20%-<30%,915000.0,255.0,1,Not Hispanic or Latino,Asian,Male,35-44,56.108,Loan originated
1,855000.0,30%-<36%,1075000.0,402.0,1,Not Hispanic or Latino,Asian,Male,25-34,80.0,Loan originated
1,325000.0,47,1255000.0,91.0,1,Not Hispanic or Latino,Asian,Female,25-34,25.979,Loan originated
1,635000.0,30%-<36%,1735000.0,261.0,1,Not Hispanic or Latino,White,Female,45-54,36.416,Loan originated
1,755000.0,50%-60%,835000.0,166.0,1,Not Hispanic or Latino,Asian,Female,45-54,90.0,Application denied
1,345000.0,49,365000.0,100.0,1,Hispanic or Latino,American Indian or Alaska Native,Male,45-54,95.0,Loan originated
1,305000.0,<20%,315000.0,199.0,1,Not Hispanic or Latino,Asian,Male,35-44,97.0,Loan originated
1,605000.0,39,625000.0,193.0,1,Not Hispanic or Latino,White,Female,45-54,100.92,Loan originated
1,705000.0,47,875000.0,191.0,1,Not Hispanic or Latino,Asian,Male,25-34,80.0,Loan originated
1,365000.0,43,455000.0,89.0,1,Hispanic or Latino,White,Female,25-34,80.0,Loan originated
1,485000.0,43,515000.0,127.0,1,Hispanic or Latino,White,Female,45-54,95.0,Loan originated
1,1045000.0,45,1105000.0,256.0,1,Not Hispanic or Latino,Asian,Male,35-44,95.0,Loan originated
1,745000.0,42,995000.0,171.0,1,Not Hispanic or Latino,Asian,Male,35-44,75.0,Loan originated
1,495000.0,42,665000.0,184.0,1,Hispanic or Latino,White,Female,45-54,75.0,Loan originated
1,1005000.0,36,1405000.0,367.0,1,Not Hispanic or Latino,White,Male,35-44,71.857,Loan originated
1,155000.0,39,655000.0,85.0,1,Not Hispanic or Latino,White,Male,55-64,22.729,Loan originated
1,1035000.0,30%-<36%,1285000.0,404.0,1,Not Hispanic or Latino,Asian,Male,35-44,80.0,Loan originated
1,365000.0,30%-<36%,965000.0,171.0,1,Not Hispanic or Latino,White,Female,35-44,37.759,Loan originated
1,205000.0,40,265000.0,66.0,1,Not Hispanic or Latino,White,Female,45-54,80.0,Loan originated
1,125000.0,30%-<36%,315000.0,72.0,1,Not Hispanic or Latino,White,Female,35-44,39.683,Loan originated
1,615000.0,38,765000.0,205.0,1,Hispanic or Latino,White,Female,45-54,80.0,Loan originated
1,575000.0,42,825000.0,138.0,1,Not Hispanic or Latino,White,Female,55-64,69.512,Loan originated
1,605000.0,44,755000.0,189.0,1,Not Hispanic or Latino,White,Female,55-64,80.0,Loan originated
1,445000.0,45,525000.0,106.0,1,Not Hispanic or Latino,Asian,Female,35-44,85.0,Loan originated
1,315000.0,37,555000.0,254.0,1,Not Hispanic or Latino,White,Male,35-44,57.007,Loan originated
1,485000.0,47,605000.0,131.0,1,Not Hispanic or Latino,Black or African American,Male,55-64,80.0,Loan originated
1,415000.0,49,465000.0,105.0,1,Not Hispanic or Latino,White,Male,35-44,90.0,Loan originated
1,605000.0,44,1595000.0,403.0,1,Hispanic or Latino,White,Female,55-64,37.736,Loan originated
1,625000.0,49,705000.0,148.0,1,Not Hispanic or Latino,Asian,Female,45-54,89.34,Loan originated
1,235000.0,<20%,255000.0,313.0,1,Hispanic or Latino,White,Male,35-44,95.0,Loan originated
1,405000.0,41,805000.0,109.0,1,Not Hispanic or Latino,White,Female,25-34,50.0,Loan originated
1,425000.0,30%-<36%,535000.0,128.0,1,Not Hispanic or Latino,Asian,Female,35-44,80.0,Loan originated
1,405000.0,36,435000.0,123.0,1,Hispanic or Latino,White,Male,25-34,95.0,Loan originated
1,935000.0,44,1105000.0,202.0,1,Not Hispanic or Latino,White,Female,35-44,85.0,Loan originated
1,455000.0,43,465000.0,127.0,1,Hispanic or Latino,White,Female,25-34,100.0,Loan originated
1,665000.0,47,825000.0,254.0,1,Not Hispanic or Latino,Asian,Male,25-34,80.0,Loan originated
1,765000.0,45,815000.0,160.0,1,Not Hispanic or Latino,White,Male,35-44,95.0,Application denied
1,1035000.0,42,1345000.0,281.0,1,Not Hispanic or Latino,Asian,Male,35-44,76.96,Loan originated
1,505000.0,48,535000.0,121.0,1,Hispanic or Latino,American Indian or Alaska Native,Female,45-54,96.0,Loan originated
1,245000.0,44,315000.0,65.0,1,Not Hispanic or Latino,White,Male,45-54,80.0,Loan originated
1,255000.0,50%-60%,335000.0,60.0,1,Not Hispanic or Latino,White,Female,25-34,76.119,Application denied
1,435000.0,45,545000.0,101.0,1,Not Hispanic or Latino,Asian,Female,35-44,79.63,Loan originated
1,895000.0,41,1505000.0,280.0,1,Not Hispanic or Latino,White,Male,25-34,56.367,Loan originated
1,605000.0,44,675000.0,166.0,1,Hispanic or Latino,White,Male,55-64,90.0,Loan originated
1,675000.0,36,845000.0,230.0,1,Not Hispanic or Latino,Asian,Female,35-44,79.667,Loan originated
1,405000.0,47,435000.0,126.0,1,Not Hispanic or Latino,White,Male,55-64,95.0,Loan originated
1,235000.0,<20%,295000.0,153.0,1,Not Hispanic or Latino,Asian,Female,35-44,80.0,Loan originated
1,215000.0,48,505000.0,50.0,1,Hispanic or Latino,White,Male,35-44,43.0,Loan originated
1,475000.0,49,545000.0,115.0,1,Hispanic or Latino,White,Male,35-44,102.988,Loan originated
1,355000.0,49,445000.0,67.0,1,Hispanic or Latino,Asian,Female,25-34,80.0,Loan originated
1,105000.0,37,135000.0,95.0,1,Hispanic or Latino,White,Male,35-44,80.0,Application denied
1,545000.0,42,665000.0,119.0,1,Hispanic or Latino,White,Female,25-34,82.051,Loan originated
1,905000.0,42,1205000.0,288.0,1,Not Hispanic or Latino,Asian,Male,25-34,75.0,Loan originated
1,545000.0,20%-<30%,675000.0,189.0,1,Not Hispanic or Latino,Asian,Male,25-34,80.0,Loan originated
1,165000.0,42,205000.0,48.0,1,Not Hispanic or Latino,White,Female,45-54,80.0,Loan originated
1,505000.0,49,635000.0,124.0,1,Not Hispanic or Latino,Asian,Female,35-44,80.0,Loan originated
1,1005000.0,46,1255000.0,230.0,1,Not Hispanic or Latino,White,Male,35-44,80.0,Loan originated
1,365000.0,38,695000.0,112.0,1,Not Hispanic or Latino,Asian,Male,35-44,52.019,Loan originated
1,345000.0,49,565000.0,95.0,1,Not Hispanic or Latino,Asian,Female,35-44,61.055,Loan originated
1,1065000.0,47,1325000.0,355.0,1,Not Hispanic or Latino,White,Male,35-44,80.0,Loan originated
1,345000.0,49,445000.0,160.0,1,Not Hispanic or Latino,White,Female,45-54,77.273,Loan originated
1,245000.0,20%-<30%,255000.0,101.0,1,Not Hispanic or Latino,White,Male,55-64,95.0,Loan originated
1,125000.0,47,175000.0,27.0,1,Not Hispanic or Latino,White,Male,35-44,70.0,Loan originated
1,245000.0,44,345000.0,77.0,1,Not Hispanic or Latino,Black or African American,Female,25-34,100.0,Loan originated
1,255000.0,47,265000.0,66.0,1,Hispanic or Latino,White,Male,<25,95.0,Loan originated
1,1005000.0,42,1255000.0,216.0,1,Not Hispanic or Latino,Asian,Male,35-44,80.0,Loan originated
1,345000.0,30%-<36%,425000.0,176.0,1,Hispanic or Latino,White,Male,65-74,80.0,Loan originated
1,955000.0,48,1195000.0,201.0,1,Not Hispanic or Latino,White,Male,25-34,79.63,Application denied
1,395000.0,49,425000.0,114.0,1,Hispanic or Latino,White,Male,25-34,95.0,Loan originated
1,1035000.0,50%-60%,2125000.0,271.0,1,Not Hispanic or Latino,Asian,Female,35-44,48.801,Loan originated
1,605000.0,>60%,805000.0,118.0,1,Not Hispanic or Latino,White,Female,35-44,75.0,Application denied
1,975000.0,37,1215000.0,260.0,1,Not Hispanic or Latino,Asian,Female,25-34,79.8,Loan originated
1,285000.0,48,465000.0,80.0,1,Hispanic or Latino,White,Male,25-34,62.93,Loan originated
1,595000.0,47,615000.0,135.0,1,Hispanic or Latino,White,Male,25-34,97.0,Loan originated
1,725000.0,41,805000.0,176.0,1,Not Hispanic or Latino,Asian,Male,35-44,89.95,Loan originated
1,385000.0,40,635000.0,110.0,1,Not Hispanic or Latino,White,Female,55-64,60.82,Loan originated
1,655000.0,47,725000.0,232.0,1,Not Hispanic or Latino,Asian,Male,35-44,90.0,Loan originated
1,105000.0,30%-<36%,325000.0,57.0,1,Not Hispanic or Latino,White,Female,>74,34.06,Loan originated
1,335000.0,40,355000.0,90.0,1,Hispanic or Latino,White,Male,25-34,95.0,Loan originated
1,515000.0,40,645000.0,130.0,1,Not Hispanic or Latino,White,Male,25-34,80.0,Loan originated
1,365000.0,44,435000.0,244.0,1,Not Hispanic or Latino,White,Female,55-64,85.0,Loan originated
1,685000.0,40,865000.0,187.0,1,Not Hispanic or Latino,Asian,Female,35-44,80.0,Loan originated
1,365000.0,49,465000.0,77.0,1,Not Hispanic or Latino,White,Female,25-34,80.0,Loan originated
1,445000.0,48,555000.0,94.0,1,Hispanic or Latino,White,Female,35-44,80.0,Loan originated
1,555000.0,41,585000.0,279.0,1,Not Hispanic or Latino,Asian,Male,35-44,95.0,Loan originated
1,215000.0,30%-<36%,565000.0,152.0,1,Not Hispanic or Latino,White,Female,65-74,37.5,Loan originated
1,925000.0,<20%,1155000.0,674.0,1,Hispanic or Latino,White,Female,35-44,80.0,Loan originated
1,885000.0,<20%,1105000.0,947.0,1,Not Hispanic or Latino,White,Male,45-54,80.0,Application denied
1,385000.0,46,405000.0,129.0,1,Not Hispanic or Latino,White,Male,35-44,95.0,Loan originated
1,355000.0,46,375000.0,105.0,1,Hispanic or Latino,White,Female,35-44,97.0,Loan originated
1,1085000.0,48,1475000.0,210.0,1,Not Hispanic or Latino,Asian,Female,35-44,74.0,Loan originated
1,415000.0,49,465000.0,119.0,1,Not Hispanic or Latino,White,Female,>74,89.9,Loan originated
1,605000.0,49,675000.0,155.0,1,Not Hispanic or Latino,White,Male,25-34,90.0,Loan originated
1,1115000.0,42,1315000.0,255.0,1,Not Hispanic or Latino,White,Female,45-54,85.0,Loan originated
1,355000.0,37,655000.0,192.0,1,Not Hispanic or Latino,Asian,Male,25-34,54.0,Loan originated
1,425000.0,36,595000.0,156.0,1,Not Hispanic or Latino,Asian,Male,25-34,72.034,Loan originated
1,155000.0,<20%,455000.0,95.0,1,Hispanic or Latino,White,Female,35-44,33.333,Loan originated
1,825000.0,43,1105000.0,225.0,1,Not Hispanic or Latino,White,Male,35-44,75.0,Loan originated
1,685000.0,30%-<36%,805000.0,194.0,1,Hispanic or Latino,White,Female,25-34,85.0,Loan originated
1,305000.0,44,685000.0,100.0,1,Not Hispanic or Latino,White,Female,55-64,43.796,Loan originated
1,735000.0,49,1605000.0,150.0,1,Not Hispanic or Latino,Asian,Male,25-34,45.75,Loan originated
1,485000.0,49,495000.0,97.0,1,Not Hispanic or Latino,Black or African American,Female,35-44,97.0,Loan originated
1,515000.0,40,855000.0,120.0,1,Not Hispanic or Latino,White,Male,25-34,60.12,Loan originated
1,445000.0,47,495000.0,93.0,1,Hispanic or Latino,White,Male,<25,90.0,Loan originated
1,375000.0,37,635000.0,123.0,1,Not Hispanic or Latino,Asian,Male,35-44,60.0,Loan originated
1,605000.0,49,615000.0,124.0,1,Hispanic or Latino,White,Male,<25,97.0,Loan originated
1,565000.0,40,595000.0,202.0,1,Not Hispanic or Latino,White,Male,35-44,95.0,Loan originated
1,755000.0,44,1265000.0,196.0,1,Not Hispanic or Latino,Asian,Male,25-34,60.0,Loan originated
1,655000.0,48,855000.0,132.0,1,Not Hispanic or Latino,Asian,Male,35-44,78.0,Loan originated
1,405000.0,49,515000.0,77.0,1,Not Hispanic or Latino,Asian,Male,25-34,80.0,Loan originated
1,535000.0,46,545000.0,106.0,1,Hispanic or Latino,American Indian or Alaska Native,Male,25-34,97.0,Loan originated
1,385000.0,49,485000.0,155.0,1,Hispanic or Latino,White,Female,35-44,80.0,Loan originated
1,705000.0,20%-<30%,1105000.0,289.0,1,Not Hispanic or Latino,White,Male,55-64,63.64,Loan originated
1,625000.0,48,675000.0,193.0,1,Hispanic or Latino,White,Female,35-44,92.0,Loan originated
1,415000.0,>60%,525000.0,45.0,1,Not Hispanic or Latino,Asian,Male,35-44,80.0,Application denied
1,225000.0,40,845000.0,105.0,1,Hispanic or Latino,White,Female,45-54,26.384,Loan originated
1,255000.0,48,345000.0,73.0,1,Not Hispanic or Latino,White,Female,35-44,75.0,Loan originated
1,535000.0,41,1285000.0,147.0,1,Not Hispanic or Latino,Asian,Male,25-34,41.191,Loan originated
1,425000.0,39,525000.0,157.0,1,Not Hispanic or Latino,White,Male,35-44,80.0,Loan originated
1,635000.0,43,795000.0,148.0,1,Hispanic or Latino,American Indian or Alaska Native,Male,45-54,80.0,Loan originated
1,805000.0,50%-60%,1605000.0,220.0,1,Not Hispanic or Latino,Asian,Female,25-34,50.0,Loan originated
1,605000.0,45,755000.0,136.0,1,Not Hispanic or Latino,Asian,Male,45-54,80.0,Loan originated
1,755000.0,49,1085000.0,154.0,1,Not Hispanic or Latino,Asian,Female,65-74,70.0,Loan originated
1,625000.0,45,785000.0,155.0,1,Not Hispanic or Latino,Asian,Female,25-34,80.0,Loan originated
1,255000.0,30%-<36%,755000.0,14.0,1,Not Hispanic or Latino,Asian,Male,45-54,33.33,Loan originated
1,405000.0,46,505000.0,81.0,1,Not Hispanic or Latino,Asian,Male,45-54,80.0,Loan originated
1,745000.0,41,1185000.0,337.0,1,Not Hispanic or Latino,White,Female,35-44,62.994,Loan originated
1,755000.0,<20%,945000.0,777.0,1,Not Hispanic or Latino,Asian,Male,25-34,80.0,Loan originated
1,645000.0,<20%,725000.0,871.0,1,Hispanic or Latino,White,Male,<25,90.0,Loan originated
1,445000.0,30%-<36%,555000.0,146.0,1,Hispanic or Latino,White,Female,25-34,80.0,Loan originated
1,485000.0,49,605000.0,117.0,1,Not Hispanic or Latino,Asian,Male,35-44,80.0,Loan originated
1,995000.0,46,1245000.0,220.0,1,Not Hispanic or Latino,Asian,Male,35-44,80.0,Loan originated
1,205000.0,30%-<36%,875000.0,91.0,1,Not Hispanic or Latino,White,Male,55-64,23.314,Loan originated
1,325000.0,47,555000.0,81.0,1,Not Hispanic or Latino,White,Male,25-34,59.091,Loan originated
1,765000.0,20%-<30%,2105000.0,1032.0,1,Not Hispanic or Latino,White,Male,25-34,36.476,Loan originated
1,685000.0,30%-<36%,715000.0,273.0,1,Hispanic or Latino,White,Male,25-34,94.997,Loan originated
1,375000.0,49,435000.0,81.0,1,Not Hispanic or Latino,Asian,Female,25-34,86.207,Loan originated
1,925000.0,42,1155000.0,230.0,1,Not Hispanic or Latino,White,Male,35-44,80.0,Loan originated
1,475000.0,49,745000.0,123.0,1,Not Hispanic or Latino,White,Female,35-44,63.087,Loan originated
1,725000.0,44,915000.0,155.0,1,Not Hispanic or Latino,White,Male,35-44,80.0,Loan originated
1,295000.0,42,385000.0,77.0,1,Not Hispanic or Latino,Asian,Male,45-54,77.679,Loan originated
1,665000.0,49,975000.0,135.0,1,Not Hispanic or Latino,White,Male,45-54,69.0,Loan originated
1,425000.0,42,465000.0,127.0,1,Hispanic or Latino,White,Male,35-44,92.26,Loan originated
1,425000.0,>60%,495000.0,7.0,1,Hispanic or Latino,White,Male,65-74,85.0,Application denied
1,255000.0,39,325000.0,70.0,1,Hispanic or Latino,White,Female,25-34,80.0,Loan originated
1,595000.0,30%-<36%,745000.0,180.0,1,Not Hispanic or Latino,White,Female,35-44,80.0,Loan originated
1,715000.0,30%-<36%,755000.0,229.0,1,Hispanic or Latino,Asian,Female,35-44,95.0,Loan originated
1,1125000.0,41,1505000.0,362.0,1,Not Hispanic or Latino,Asian,Female,55-64,75.0,Loan originated
1,425000.0,30%-<36%,535000.0,172.0,1,Hispanic or Latino,White,Female,35-44,80.0,Application denied
1,335000.0,20%-<30%,1295000.0,223.0,1,Not Hispanic or Latino,White,Male,55-64,25.401,Loan originated
1,405000.0,39,785000.0,109.0,1,Not Hispanic or Latino,White,Male,25-34,51.28,Loan originated
1,955000.0,30%-<36%,1585000.0,508.0,1,Not Hispanic or Latino,Asian,Male,35-44,60.0,Loan originated
1,575000.0,48,715000.0,156.0,1,Hispanic or Latino,White,Male,35-44,80.0,Application denied
1,85000.0,50%-60%,125000.0,60.0,1,Hispanic or Latino,White,Male,35-44,63.12,Application denied
1,305000.0,30%-<36%,605000.0,100.0,1,Not Hispanic or Latino,White,Female,25-34,50.0,Loan originated
1,575000.0,42,675000.0,131.0,1,Hispanic or Latino,White,Female,55-64,85.0,Loan originated
1,135000.0,42,275000.0,49.0,1,Not Hispanic or Latino,White,Female,65-74,99.655,Loan originated
1,975000.0,47,1365000.0,200.0,1,Not Hispanic or Latino,White,Male,45-54,71.575,Loan originated
1,655000.0,40,825000.0,162.0,1,Hispanic or Latino,White,Male,25-34,80.0,Loan originated
1,215000.0,47,395000.0,46.0,1,Not Hispanic or Latino,Black or African American,Female,65-74,54.431,Loan originated
1,575000.0,47,605000.0,159.0,1,Not Hispanic or Latino,White,Male,25-34,95.0,Loan originated
1,395000.0,49,755000.0,172.0,1,Not Hispanic or Latino,White,Male,55-64,53.0,Loan originated
1,445000.0,49,555000.0,86.0,1,Not Hispanic or Latino,Asian,Male,35-44,79.86,Loan originated
1,385000.0,48,465000.0,98.0,1,Not Hispanic or Latino,Asian,Female,25-34,82.0,Application denied
1,355000.0,>60%,655000.0,84.0,1,Hispanic or Latino,White,Female,65-74,53.85,Application denied
1,295000.0,47,315000.0,117.0,1,Not Hispanic or Latino,Native Hawaiian or Other Pacific Islander,Male,35-44,94.839,Loan originated
1,635000.0,46,655000.0,141.0,1,Hispanic or Latino,White,Female,35-44,97.0,Loan originated
1,435000.0,30%-<36%,445000.0,157.0,1,Hispanic or Latino,White,Female,<25,97.0,Loan originated
1,275000.0,30%-<36%,475000.0,89.0,1,Hispanic or Latino,White,Male,35-44,57.895,Loan originated
1,155000.0,20%-<30%,525000.0,77.0,1,Not Hispanic or Latino,White,Female,65-74,28.727,Loan originated
1,325000.0,43,335000.0,70.0,1,Hispanic or Latino,White,Male,25-34,100.0,Loan originated
1,645000.0,20%-<30%,805000.0,245.0,1,Not Hispanic or Latino,Asian,Female,25-34,80.0,Loan originated
1,695000.0,43,725000.0,150.0,1,Hispanic or Latino,White,Female,25-34,96.5,Loan originated
1,195000.0,45,205000.0,52.0,1,Not Hispanic or Latino,White,Female,35-44,95.0,Loan originated
1,625000.0,>60%,825000.0,167.0,1,Not Hispanic or Latino,Asian,Male,65-74,74.94,Application denied
1,405000.0,38,455000.0,123.0,1,Hispanic or Latino,White,Female,35-44,90.0,Loan originated
1,555000.0,37,615000.0,177.0,1,Not Hispanic or Latino,White,Male,25-34,90.0,Loan originated
1,605000.0,49,765000.0,163.0,1,Not Hispanic or Latino,White,Female,55-64,80.0,Loan originated
1,765000.0,20%-<30%,1105000.0,586.0,1,Not Hispanic or Latino,White,Male,45-54,69.091,Loan originated
1,685000.0,<20%,865000.0,3227.0,1,Not Hispanic or Latino,White,Female,25-34,80.0,Loan originated
1,675000.0,30%-<36%,845000.0,347.0,1,Not Hispanic or Latino,Asian,Male,35-44,80.0,Loan originated
1,395000.0,30%-<36%,565000.0,109.0,1,Not Hispanic or Latino,White,Male,35-44,70.0,Loan originated
1,345000.0,45,495000.0,107.0,1,Not Hispanic or Latino,White,Female,35-44,69.94,Loan originated
1,215000.0,40,275000.0,82.0,1,Hispanic or Latino,White,Female,25-34,80.0,Application denied
1,515000.0,43,545000.0,131.0,1,Not Hispanic or Latino,Asian,Male,35-44,95.0,Loan originated
1,345000.0,46,365000.0,96.0,1,Hispanic or Latino,White,Male,25-34,97.0,Loan originated
1,465000.0,39,575000.0,117.0,1,Not Hispanic or Latino,Asian,Female,45-54,79.996,Loan originated
1,395000.0,43,535000.0,102.0,1,Not Hispanic or Latino,White,Male,25-34,75.0,Loan originated
1,225000.0,40,625000.0,69.0,1,Not Hispanic or Latino,Black or African American,Female,65-74,36.0,Loan originated
1,415000.0,<20%,525000.0,372.0,1,Not Hispanic or Latino,White,Male,35-44,80.0,Loan originated
1,155000.0,<20%,295000.0,121.0,1,Not Hispanic or Latino,White,Female,55-64,50.167,Loan originated
1,375000.0,49,615000.0,78.0,1,Not Hispanic or Latino,Asian,Male,25-34,62.0,Loan originated
1,595000.0,41,605000.0,147.0,1,Not Hispanic or Latino,Asian,Female,35-44,97.0,Loan originated
1,145000.0,42,155000.0,119.0,1,Hispanic or Latino,White,Male,45-54,95.0,Application denied
1,615000.0,46,775000.0,131.0,1,Hispanic or Latino,White,Male,35-44,80.0,Loan originated
1,855000.0,49,1065000.0,199.0,1,Not Hispanic or Latino,Asian,Female,25-34,80.0,Loan originated
1,695000.0,42,745000.0,176.0,1,Not Hispanic or Latino,Black or African American,Female,35-44,93.243,Loan originated
1,475000.0,36,505000.0,159.0,1,Hispanic or Latino,Asian,Male,25-34,95.0,Loan originated
1,335000.0,50%-60%,425000.0,75.0,1,Not Hispanic or Latino,Asian,Male,65-74,100.0,Application denied
1,595000.0,20%-<30%,615000.0,225.0,1,Not Hispanic or Latino,White,Male,35-44,97.0,Loan originated
1,295000.0,40,1135000.0,118.0,1,Hispanic or Latino,White,Female,25-34,25.614,Application denied
1,435000.0,47,665000.0,116.0,1,Hispanic or Latino,White,Female,35-44,65.414,Loan originated
1,485000.0,49,515000.0,115.0,1,Not Hispanic or Latino,Asian,Female,35-44,95.0,Loan originated
1,155000.0,46,685000.0,66.0,1,Not Hispanic or Latino,Asian,Female,55-64,21.898,Loan originated
1,625000.0,42,655000.0,147.0,1,Not Hispanic or Latino,Asian,Male,25-34,95.0,Loan originated
1,395000.0,47,495000.0,113.0,1,Hispanic or Latino,White,Male,45-54,80.0,Application denied
1,845000.0,30%-<36%,1055000.0,1109.0,1,Not Hispanic or Latino,Asian,Male,25-34,80.0,Loan originated
1,435000.0,40,545000.0,113.0,1,Not Hispanic or Latino,White,Female,25-34,80.0,Loan originated
1,295000.0,20%-<30%,365000.0,118.0,1,Not Hispanic or Latino,Asian,Female,35-44,80.0,Loan originated
1,285000.0,49,315000.0,85.0,1,Not Hispanic or Latino,Asian,Female,45-54,90.0,Application denied
1,765000.0,43,1485000.0,298.0,1,Not Hispanic or Latino,White,Male,35-44,52.0,Loan originated
1,1145000.0,49,1225000.0,310.0,1,Not Hispanic or Latino,White,Male,45-54,93.755,Loan originated
1,545000.0,41,785000.0,191.0,1,Not Hispanic or Latino,Asian,Female,25-34,69.872,Loan originated
1,385000.0,44,405000.0,147.0,1,Not Hispanic or Latino,White,Male,25-34,95.0,Loan originated
1,585000.0,41,725000.0,138.0,1,Hispanic or Latino,White,Male,<25,80.0,Loan originated
1,425000.0,48,525000.0,109.0,1,Hispanic or Latino,White,Female,35-44,80.0,Application denied
1,115000.0,40,165000.0,64.0,1,Hispanic or Latino,White,Male,25-34,70.0,Loan originated
1,555000.0,36,935000.0,18.0,1,Not Hispanic or Latino,Asian,Male,35-44,60.0,Loan originated
1,765000.0,47,1175000.0,191.0,1,Not Hispanic or Latino,Asian,Male,35-44,65.513,Loan originated
1,295000.0,49,315000.0,87.0,1,Not Hispanic or Latino,White,Female,25-34,95.0,Loan originated
1,1005000.0,>60%,1455000.0,39.0,1,Not Hispanic or Latino,White,Female,65-74,68.67,Application denied
1,525000.0,30%-<36%,515000.0,250.0,1,Not Hispanic or Latino,Black or African American,Female,45-54,101.75,Loan originated
1,1055000.0,42,1405000.0,255.0,1,Not Hispanic or Latino,White,Male,35-44,75.0,Loan originated
1,605000.0,36,615000.0,169.0,1,Not Hispanic or Latino,White,Female,25-34,97.0,Loan originated
1,575000.0,37,895000.0,194.0,1,Not Hispanic or Latino,White,Female,55-64,63.69,Loan originated
1,355000.0,49,445000.0,84.0,1,Hispanic or Latino,White,Male,<25,80.0,Loan originated
1,995000.0,36,1245000.0,270.0,1,Not Hispanic or Latino,Asian,Male,25-34,79.95,Loan originated
1,365000.0,43,385000.0,93.0,1,Hispanic or Latino,White,Female,35-44,95.0,Loan originated
1,305000.0,45,325000.0,140.0,1,Hispanic or Latino,White,Male,35-44,95.0,Loan originated
1,555000.0,30%-<36%,695000.0,187.0,1,Hispanic or Latino,Black or African American,Male,25-34,79.972,Loan originated
1,765000.0,48,815000.0,188.0,1,Not Hispanic or Latino,White,Male,25-34,94.63,Loan originated
1,175000.0,42,455000.0,63.0,1,Not Hispanic or Latino,White,Male,35-44,37.363,Application denied
1,665000.0,47,705000.0,126.0,1,Not Hispanic or Latino,White,Male,35-44,95.0,Loan originated
1,165000.0,20%-<30%,485000.0,72.0,1,Not Hispanic or Latino,White,Male,35-44,34.536,Loan originated
1,345000.0,47,365000.0,67.0,1,Hispanic or Latino,White,Female,25-34,95.0,Loan originated
1,305000.0,47,365000.0,67.0,1,Hispanic or Latino,White,Female,25-34,104.0,Loan originated
1,205000.0,48,445000.0,47.0,1,Not Hispanic or Latino,White,Female,>74,44.944,Loan originated
1,225000.0,50%-60%,515000.0,51.0,1,Not Hispanic or Latino,White,Male,45-54,43.689,Loan originated
1,275000.0,49,325000.0,62.0,1,Hispanic or Latino,White,Male,25-34,85.0,Loan originated
1,555000.0,49,695000.0,124.0,1,Hispanic or Latino,White,Male,<25,80.0,Loan originated
1,375000.0,40,465000.0,135.0,1,Hispanic or Latino,White,Female,25-34,80.0,Loan originated
1,785000.0,43,985000.0,618.0,1,Not Hispanic or Latino,White,Female,25-34,80.0,Loan originated
1,605000.0,49,675000.0,137.0,1,Not Hispanic or Latino,White,Female,25-34,90.0,Loan originated
1,565000.0,38,865000.0,172.0,1,Not Hispanic or Latino,Asian,Male,25-34,66.14,Loan originated
1,695000.0,43,775000.0,327.0,1,Not Hispanic or Latino,Asian,Female,45-54,89.99,Loan originated
1,375000.0,30%-<36%,465000.0,107.0,1,Hispanic or Latino,White,Male,55-64,80.0,Loan originated
1,1145000.0,49,1455000.0,218.0,1,Not Hispanic or Latino,White,Female,25-34,79.0,Loan originated
1,745000.0,20%-<30%,985000.0,615.0,1,Not Hispanic or Latino,Asian,Male,45-54,75.0,Loan originated
1,185000.0,20%-<30%,585000.0,119.0,1,Not Hispanic or Latino,Black or African American,Female,45-54,32.061,Loan originated
1,1145000.0,48,1525000.0,224.0,1,Not Hispanic or Latino,Asian,Male,35-44,75.29,Loan originated
1,715000.0,<20%,795000.0,1730.0,1,Not Hispanic or Latino,White,Male,45-54,90.0,Application denied
1,275000.0,45,655000.0,81.0,1,Not Hispanic or Latino,White,Female,55-64,42.31,Loan originated
1,495000.0,38,545000.0,145.0,1,Not Hispanic or Latino,White,Female,55-64,90.0,Loan originated
1,865000.0,41,1155000.0,220.0,1,Not Hispanic or Latino,Black or African American,Male,45-54,75.0,Loan originated
1,665000.0,45,885000.0,216.0,1,Not Hispanic or Latino,White,Male,35-44,75.14,Loan originated
1,1145000.0,20%-<30%,3465000.0,433.0,1,Not Hispanic or Latino,White,Female,45-54,33.183,Loan originated
1,725000.0,49,805000.0,161.0,1,Not Hispanic or Latino,Asian,Male,25-34,90.0,Loan originated
1,425000.0,46,525000.0,113.0,1,Hispanic or Latino,White,Male,35-44,80.0,Loan originated
1,395000.0,30%-<36%,1025000.0,160.0,1,Not Hispanic or Latino,White,Male,25-34,38.675,Loan originated
1,695000.0,39,895000.0,545.0,1,Not Hispanic or Latino,White,Male,45-54,77.53,Loan originated
1,995000.0,41,1235000.0,243.0,1,Hispanic or Latino,Asian,Male,35-44,80.0,Loan originated
1,765000.0,20%-<30%,1205000.0,274.0,1,Not Hispanic or Latino,Asian,Male,25-34,64.0,Loan originated
1,805000.0,38,1005000.0,218.0,1,Not Hispanic or Latino,Native Hawaiian or Other Pacific Islander,Female,45-54,80.0,Loan originated
1,405000.0,40,505000.0,99.0,1,Hispanic or Latino,White,Female,25-34,80.0,Loan originated
1,375000.0,49,855000.0,108.0,1,Not Hispanic or Latino,White,Female,65-74,44.0,Loan originated
1,515000.0,49,715000.0,114.0,1,Not Hispanic or Latino,Asian,Female,45-54,73.0,Loan originated
1,295000.0,30%-<36%,335000.0,105.0,1,Not Hispanic or Latino,Black or African American,Female,55-64,95.0,Loan originated
1,485000.0,30%-<36%,615000.0,156.0,1,Not Hispanic or Latino,Asian,Male,55-64,80.0,Application denied
1,295000.0,38,625000.0,155.0,1,Not Hispanic or Latino,White,Female,35-44,50.0,Application denied
1,35000.0,20%-<30%,125000.0,65.0,1,Not Hispanic or Latino,White,Female,>74,28.0,Loan originated
1,15000.0,38,515000.0,126.0,1,Not Hispanic or Latino,Asian,Male,35-44,100.0,Loan originated
1,405000.0,38,455000.0,106.0,1,Hispanic or Latino,White,Female,35-44,90.0,Loan originated
1,65000.0,39,75000.0,50.0,1,Not Hispanic or Latino,Black or African American,Male,55-64,95.0,Loan originated
1,955000.0,36,1195000.0,271.0,1,Not Hispanic or Latino,American Indian or Alaska Native,Female,25-34,80.0,Loan originated
1,555000.0,20%-<30%,585000.0,420.0,1,Not Hispanic or Latino,Black or African American,Female,55-64,96.0,Application denied
1,355000.0,46,515000.0,178.0,1,Not Hispanic or Latino,White,Male,35-44,70.0,Application denied
1,465000.0,49,555000.0,119.0,1,Not Hispanic or Latino,White,Male,45-54,84.545,Loan originated
1,375000.0,>60%,465000.0,65.0,1,Hispanic or Latino,White,Female,45-54,80.0,Application denied
1,675000.0,49,755000.0,180.0,1,Not Hispanic or Latino,White,Male,55-64,90.0,Loan originated
1,925000.0,40,1235000.0,248.0,1,Not Hispanic or Latino,White,Male,45-54,75.0,Loan originated
1,315000.0,30%-<36%,395000.0,87.0,1,Hispanic or Latino,White,Female,25-34,79.999,Loan originated
1,355000.0,47,395000.0,138.0,1,Not Hispanic or Latino,Asian,Male,35-44,90.0,Loan originated
1,815000.0,50%-60%,865000.0,199.0,1,Hispanic or Latino,White,Female,35-44,95.0,Application denied
1,365000.0,40,405000.0,89.0,1,Hispanic or Latino,White,Female,25-34,89.88,Loan originated
1,685000.0,39,725000.0,176.0,1,Hispanic or Latino,White,Female,25-34,95.0,Loan originated
1,405000.0,41,425000.0,101.0,1,Hispanic or Latino,White,Male,25-34,95.0,Loan originated
1,385000.0,30%-<36%,485000.0,107.0,1,Not Hispanic or Latino,White,Male,55-64,80.0,Loan originated
1,565000.0,49,815000.0,132.0,1,Not Hispanic or Latino,Asian,Male,25-34,69.283,Loan originated
1,355000.0,47,555000.0,92.0,1,Not Hispanic or Latino,White,Male,45-54,65.273,Loan originated
1,215000.0,37,305000.0,84.0,1,Hispanic or Latino,White,Male,35-44,70.0,Loan originated
1,625000.0,46,835000.0,223.0,1,Hispanic or Latino,White,Female,55-64,74.85,Loan originated
1,325000.0,45,345000.0,70.0,1,Hispanic or Latino,White,Male,25-34,97.0,Loan originated
1,255000.0,45,265000.0,56.0,1,Hispanic or Latino,White,Male,<25,100.0,Loan originated
1,265000.0,39,325000.0,83.0,1,Not Hispanic or Latino,Black or African American,Male,35-44,80.0,Loan originated
1,405000.0,30%-<36%,515000.0,182.0,1,Not Hispanic or Latino,White,Male,45-54,80.0,Loan originated
1,405000.0,48,755000.0,126.0,1,Not Hispanic or Latino,White,Female,65-74,53.333,Loan originated
1,585000.0,39,735000.0,141.0,1,Not Hispanic or Latino,Asian,Male,35-44,80.0,Loan originated
1,485000.0,49,615000.0,125.0,1,Hispanic or Latino,White,Male,35-44,80.0,Loan originated
1,855000.0,38,1375000.0,222.0,1,Not Hispanic or Latino,White,Male,35-44,61.82,Loan originated
1,325000.0,20%-<30%,595000.0,145.0,1,Not Hispanic or Latino,Asian,Male,35-44,55.42,Loan originated
1,375000.0,46,625000.0,81.0,1,Not Hispanic or Latino,White,Male,35-44,59.87,Loan originated
1,915000.0,30%-<36%,1135000.0,515.0,1,Not Hispanic or Latino,White,Male,25-34,80.0,Loan originated
1,725000.0,48,765000.0,149.0,1,Not Hispanic or Latino,Black or African American,Male,45-54,95.0,Loan originated
1,455000.0,42,535000.0,113.0,1,Not Hispanic or Latino,Black or African American,Male,<25,85.0,Loan originated
1,625000.0,48,655000.0,131.0,1,Hispanic or Latino,White,Female,25-34,95.0,Application denied
1,595000.0,38,855000.0,187.0,1,Not Hispanic or Latino,Asian,Male,<25,70.0,Loan originated
1,765000.0,38,925000.0,195.0,1,Not Hispanic or Latino,Asian,Female,35-44,83.321,Loan originated
1,295000.0,44,375000.0,75.0,1,Not Hispanic or Latino,White,Male,25-34,80.0,Loan originated
1,575000.0,30%-<36%,725000.0,170.0,1,Not Hispanic or Latino,White,Male,35-44,80.0,Loan originated
1,905000.0,46,955000.0,210.0,1,Hispanic or Latino,White,Female,35-44,95.0,Loan originated
1,475000.0,47,505000.0,98.0,1,Hispanic or Latino,White,Male,35-44,95.0,Application denied
1,305000.0,43,375000.0,80.0,1,Not Hispanic or Latino,White,Female,45-54,80.0,Loan originated
1,325000.0,<20%,435000.0,807.0,1,Not Hispanic or Latino,White,Male,25-34,74.999,Loan originated
1,575000.0,20%-<30%,965000.0,476.0,1,Not Hispanic or Latino,White,Male,45-54,60.0,Application denied
1,705000.0,42,885000.0,198.0,1,Not Hispanic or Latino,Asian,Male,35-44,80.0,Loan originated
1,425000.0,47,535000.0,95.0,1,Not Hispanic or Latino,Asian,Male,45-54,100.0,Loan originated
1,325000.0,41,415000.0,74.0,1,Not Hispanic or Latino,Asian,Male,35-44,100.0,Loan originated
1,405000.0,36,895000.0,294.0,1,Not Hispanic or Latino,Asian,Male,55-64,44.52,Loan originated
1,505000.0,42,745000.0,139.0,1,Not Hispanic or Latino,White,Female,>74,66.684,Loan originated
1,655000.0,44,745000.0,148.0,1,Not Hispanic or Latino,White,Male,25-34,91.89,Loan originated
1,315000.0,48,895000.0,83.0,1,Not Hispanic or Latino,White,Female,45-54,35.548,Loan originated
1,475000.0,43,505000.0,123.0,1,Hispanic or Latino,White,Female,35-44,95.0,Loan originated
1,275000.0,48,345000.0,52.0,1,Hispanic or Latino,White,Male,25-34,80.0,Loan originated
1,535000.0,47,565000.0,155.0,1,Hispanic or Latino,White,Male,25-34,95.0,Loan originated
1,465000.0,20%-<30%,885000.0,230.0,1,Not Hispanic or Latino,White,Female,35-44,52.03,Loan originated
1,235000.0,43,295000.0,58.0,1,Not Hispanic or Latino,White,Male,25-34,78.484,Loan originated
1,65000.0,30%-<36%,65000.0,71.0,1,Not Hispanic or Latino,White,Female,>74,95.0,Loan originated
1,795000.0,49,1055000.0,338.0,1,Not Hispanic or Latino,Asian,Male,<25,75.0,Loan originated
1,665000.0,40,735000.0,185.0,1,Not Hispanic or Latino,White,Male,35-44,90.0,Loan originated
1,985000.0,45,1235000.0,204.0,1,Not Hispanic or Latino,Asian,Male,25-34,79.757,Loan originated
1,185000.0,39,265000.0,52.0,1,Hispanic or Latino,White,Female,55-64,67.92,Loan originated
1,705000.0,42,785000.0,165.0,1,Hispanic or Latino,White,Female,25-34,90.0,Loan originated
1,565000.0,37,705000.0,158.0,1,Not Hispanic or Latino,Black or African American,Female,45-54,80.0,Loan originated
1,385000.0,43,465000.0,96.0,1,Not Hispanic or Latino,White,Female,45-54,83.696,Loan originated
1,355000.0,50%-60%,555000.0,65.0,1,Not Hispanic or Latino,Black or African American,Female,55-64,63.636,Application denied
1,705000.0,20%-<30%,1655000.0,310.0,1,Not Hispanic or Latino,Asian,Male,45-54,42.424,Loan originated
1,555000.0,20%-<30%,795000.0,190.0,1,Not Hispanic or Latino,Asian,Male,45-54,68.754,Loan originated
1,325000.0,40,605000.0,157.0,1,Not Hispanic or Latino,White,Male,25-34,54.05,Loan originated
1,165000.0,44,305000.0,33.0,1,Hispanic or Latino,White,Female,25-34,53.0,Loan originated
1,355000.0,47,1455000.0,187.0,1,Not Hispanic or Latino,White,Male,55-64,24.138,Loan originated
1,415000.0,45,595000.0,84.0,1,Not Hispanic or Latino,White,Female,55-64,69.492,Loan originated
1,535000.0,42,715000.0,133.0,1,Not Hispanic or Latino,White,Male,35-44,75.0,Loan originated
1,235000.0,30%-<36%,295000.0,115.0,1,Hispanic or Latino,White,Male,25-34,80.0,Loan originated
1,365000.0,48,405000.0,180.0,1,Not Hispanic or Latino,Asian,Male,35-44,90.0,Loan originated
1,485000.0,39,535000.0,164.0,1,Hispanic or Latino,White,Male,55-64,90.0,Loan originated
1,465000.0,20%-<30%,585000.0,190.0,1,Not Hispanic or Latino,Asian,Female,25-34,80.0,Loan originated
1,135000.0,20%-<30%,585000.0,67.0,1,Not Hispanic or Latino,Black or African American,Male,25-34,23.077,Loan originated
1,375000.0,30%-<36%,435000.0,140.0,1,Not Hispanic or Latino,White,Female,55-64,85.226,Loan originated
1,585000.0,43,615000.0,129.0,1,Not Hispanic or Latino,Asian,Male,35-44,95.0,Loan originated
1,1005000.0,20%-<30%,2175000.0,399.0,1,Not Hispanic or Latino,White,Male,35-44,46.26,Loan originated
1,535000.0,45,835000.0,192.0,1,Not Hispanic or Latino,Asian,Female,25-34,65.0,Loan originated
1,465000.0,47,585000.0,101.0,1,Hispanic or Latino,White,Male,45-54,80.0,Loan originated
1,375000.0,49,545000.0,92.0,1,Not Hispanic or Latino,Asian,Female,25-34,68.807,Application denied
1,405000.0,39,505000.0,104.0,1,Not Hispanic or Latino,Asian,Female,35-44,80.0,Loan originated
1,655000.0,50%-60%,1145000.0,110.0,1,Not Hispanic or Latino,White,Male,35-44,56.571,Application denied
1,545000.0,47,685000.0,114.0,1,Not Hispanic or Latino,White,Male,25-34,80.0,Loan originated
1,625000.0,39,655000.0,153.0,1,Not Hispanic or Latino,White,Male,35-44,95.0,Loan originated
1,615000.0,20%-<30%,775000.0,259.0,1,Not Hispanic or Latino,Asian,Female,25-34,80.0,Loan originated
1,355000.0,30%-<36%,485000.0,149.0,1,Not Hispanic or Latino,White,Female,65-74,73.21,Loan originated
1,575000.0,49,825000.0,123.0,1,Hispanic or Latino,White,Male,35-44,70.0,Loan originated
1,625000.0,30%-<36%,785000.0,196.0,1,Not Hispanic or Latino,Asian,Female,25-34,80.0,Loan originated
1,845000.0,48,1205000.0,167.0,1,Not Hispanic or Latino,Asian,Female,35-44,70.0,Loan originated
1,525000.0,48,625000.0,112.0,1,Not Hispanic or Latino,White,Male,25-34,85.0,Loan originated
1,585000.0,41,615000.0,127.0,1,Hispanic or Latino,White,Female,45-54,95.0,Loan originated
1,485000.0,49,645000.0,93.0,1,Hispanic or Latino,White,Male,25-34,75.0,Loan originated
1,255000.0,49,275000.0,67.0,1,Not Hispanic or Latino,White,Male,35-44,90.0,Loan originated
1,485000.0,20%-<30%,965000.0,499.0,1,Not Hispanic or Latino,White,Male,35-44,49.914,Loan originated
1,515000.0,49,905000.0,118.0,1,Not Hispanic or Latino,Asian,Male,35-44,56.889,Loan originated
1,345000.0,45,425000.0,121.0,1,Not Hispanic or Latino,Asian,Male,35-44,80.0,Loan originated
1,555000.0,49,935000.0,678.0,1,Not Hispanic or Latino,White,Male,45-54,60.0,Loan originated
1,545000.0,37,575000.0,155.0,1,Hispanic or Latino,White,Male,25-34,95.0,Loan originated
1,305000.0,48,905000.0,7.0,1,Not Hispanic or Latino,Asian,Male,25-34,33.33,Loan originated
1,155000.0,37,835000.0,150.0,1,Not Hispanic or Latino,Asian,Male,25-34,95.0,Loan originated
1,445000.0,38,745000.0,124.0,1,Not Hispanic or Latino,Asian,Male,55-64,60.0,Loan originated
1,555000.0,47,695000.0,158.0,1,Not Hispanic or Latino,White,Female,35-44,80.0,Loan originated
1,175000.0,30%-<36%,325000.0,75.0,1,Not Hispanic or Latino,White,Female,55-64,54.0,Loan originated
1,585000.0,39,735000.0,156.0,1,Not Hispanic or Latino,Asian,Male,35-44,80.0,Loan originated
1,965000.0,<20%,1205000.0,2090.0,1,Not Hispanic or Latino,White,Male,25-34,80.0,Loan originated
1,485000.0,44,625000.0,159.0,1,Hispanic or Latino,White,Female,35-44,97.0,Loan originated
1,625000.0,46,895000.0,147.0,1,Not Hispanic or Latino,White,Male,25-34,70.0,Loan originated
1,305000.0,20%-<30%,385000.0,146.0,1,Not Hispanic or Latino,White,Male,25-34,80.0,Loan originated
1,495000.0,41,545000.0,115.0,1,Hispanic or Latino,White,Female,35-44,90.0,Loan originated
1,425000.0,>60%,455000.0,0.0,1,Hispanic or Latino,White,Female,45-54,95.0,Application denied
1,665000.0,36,825000.0,220.0,1,Not Hispanic or Latino,Asian,Female,35-44,80.0,Loan originated
1,325000.0,20%-<30%,405000.0,287.0,1,Not Hispanic or Latino,Asian,Female,25-34,80.0,Loan originated
1,545000.0,38,905000.0,157.0,1,Not Hispanic or Latino,2 or more minority races,Male,35-44,60.0,Loan originated
1,365000.0,47,455000.0,72.0,1,Hispanic or Latino,White,Male,35-44,80.0,Loan originated
1,515000.0,41,545000.0,166.0,1,Not Hispanic or Latino,White,Male,35-44,94.93,Loan originated
1,1115000.0,20%-<30%,1665000.0,593.0,1,Not Hispanic or Latino,Asian,Male,35-44,66.907,Loan originated
1,725000.0,46,805000.0,182.0,1,Hispanic or Latino,White,Male,35-44,90.0,Loan originated
1,315000.0,38,325000.0,108.0,1,Hispanic or Latino,White,Male,65-74,97.0,Loan originated
1,745000.0,48,985000.0,290.0,1,Not Hispanic or Latino,White,Male,45-54,75.0,Loan originated
1,465000.0,46,505000.0,106.0,1,Not Hispanic or Latino,Asian,Male,25-34,92.07,Loan originated
1,895000.0,43,1125000.0,637.0,1,Not Hispanic or Latino,White,Male,45-54,80.0,Loan originated
1,485000.0,30%-<36%,615000.0,138.0,1,Not Hispanic or Latino,White,Male,25-34,80.0,Loan originated
1,735000.0,44,775000.0,163.0,1,Not Hispanic or Latino,White,Male,35-44,95.0,Loan originated
1,545000.0,47,675000.0,123.0,1,Not Hispanic or Latino,Asian,Male,25-34,80.0,Loan originated
1,345000.0,50%-60%,835000.0,97.0,1,Hispanic or Latino,White,Male,35-44,43.0,Application denied
1,255000.0,48,295000.0,55.0,1,Not Hispanic or Latino,White,Female,<25,88.0,Loan originated
1,675000.0,49,975000.0,133.0,1,Not Hispanic or Latino,White,Male,25-34,70.0,Loan originated
1,375000.0,30%-<36%,675000.0,201.0,1,Not Hispanic or Latino,White,Female,45-54,55.56,Loan originated
1,685000.0,30%-<36%,725000.0,326.0,1,Not Hispanic or Latino,White,Male,25-34,95.0,Loan originated
1,595000.0,44,735000.0,138.0,1,Not Hispanic or Latino,White,Female,35-44,80.0,Loan originated
1,1075000.0,20%-<30%,1345000.0,487.0,1,Not Hispanic or Latino,American Indian or Alaska Native,Female,25-34,80.0,Loan originated
1,15000.0,40,405000.0,93.0,1,Not Hispanic or Latino,White,Male,35-44,100.0,Loan originated
1,935000.0,42,1045000.0,213.0,1,Not Hispanic or Latino,Asian,Male,45-54,90.0,Loan originated
1,475000.0,48,495000.0,108.0,1,Hispanic or Latino,White,Female,>74,95.0,Loan originated
1,745000.0,20%-<30%,845000.0,308.0,1,Not Hispanic or Latino,Black or African American,Male,25-34,88.138,Loan originated
1,395000.0,30%-<36%,885000.0,144.0,1,Not Hispanic or Latino,Asian,Female,55-64,45.264,Loan originated
1,555000.0,41,695000.0,140.0,1,Hispanic or Latino,White,Male,45-54,80.0,Loan originated
1,375000.0,45,855000.0,110.0,1,Not Hispanic or Latino,Asian,Female,55-64,43.43,Loan originated
1,125000.0,20%-<30%,355000.0,66.0,1,Not Hispanic or Latino,White,Male,25-34,34.286,Loan originated
1,675000.0,20%-<30%,905000.0,288.0,1,Hispanic or Latino,White,Male,35-44,75.0,Loan originated
1,705000.0,49,745000.0,152.0,1,Hispanic or Latino,White,Female,45-54,95.0,Loan originated
1,645000.0,48,815000.0,170.0,1,Not Hispanic or Latino,White,Female,<25,80.0,Loan originated
1,595000.0,47,635000.0,146.0,1,Hispanic or Latino,White,Male,35-44,92.913,Loan originated
1,335000.0,30%-<36%,865000.0,118.0,1,Not Hispanic or Latino,White,Male,55-64,38.728,Loan originated
1,645000.0,42,715000.0,160.0,1,Not Hispanic or Latino,White,Male,45-54,90.0,Loan originated
1,305000.0,47,405000.0,87.0,1,Not Hispanic or Latino,White,Male,25-34,75.0,Loan originated
1,635000.0,20%-<30%,935000.0,274.0,1,Hispanic or Latino,White,Female,35-44,70.968,Application denied
1,225000.0,<20%,375000.0,110.0,1,Not Hispanic or Latino,Asian,Female,35-44,58.05,Application denied
1,545000.0,50%-60%,1265000.0,154.0,1,Not Hispanic or Latino,White,Male,55-64,42.857,Loan originated
1,445000.0,20%-<30%,495000.0,242.0,1,Not Hispanic or Latino,White,Male,25-34,90.0,Loan originated
1,715000.0,30%-<36%,775000.0,238.0,1,Not Hispanic or Latino,Asian,Male,35-44,92.731,Loan originated
1,555000.0,<20%,1815000.0,680.0,1,Not Hispanic or Latino,White,Male,55-64,31.0,Loan originated
1,455000.0,49,565000.0,266.0,1,Not Hispanic or Latino,Asian,Male,45-54,80.0,Loan originated
1,375000.0,45,535000.0,85.0,1,Hispanic or Latino,White,Female,25-34,70.0,Loan originated
1,585000.0,42,835000.0,150.0,1,Not Hispanic or Latino,Asian,Female,25-34,70.0,Loan originated
1,575000.0,<20%,1155000.0,1324.0,1,Not Hispanic or Latino,White,Female,45-54,50.0,Loan originated
1,885000.0,48,1605000.0,196.0,1,Not Hispanic or Latino,White,Male,55-64,55.125,Loan originated
1,595000.0,46,715000.0,131.0,1,Not Hispanic or Latino,Asian,Female,55-64,86.803,Loan originated
1,365000.0,42,455000.0,99.0,1,Not Hispanic or Latino,White,Female,35-44,80.0,Loan originated
1,545000.0,37,575000.0,160.0,1,Not Hispanic or Latino,Asian,Female,25-34,95.0,Loan originated
1,765000.0,36,1285000.0,246.0,1,Not Hispanic or Latino,Asian,Male,45-54,59.444,Loan originated
1,565000.0,44,585000.0,144.0,1,Hispanic or Latino,White,Female,25-34,97.0,Loan originated
1,105000.0,20%-<30%,155000.0,166.0,1,Not Hispanic or Latino,White,Male,35-44,67.9,Loan originated
1,505000.0,30%-<36%,625000.0,182.0,1,Hispanic or Latino,White,Male,35-44,80.0,Application denied
1,355000.0,20%-<30%,855000.0,292.0,1,Not Hispanic or Latino,Asian,Male,25-34,42.0,Loan originated
1,725000.0,43,845000.0,193.0,1,Not Hispanic or Latino,White,Female,35-44,85.21,Loan originated
1,265000.0,43,275000.0,139.0,1,Hispanic or Latino,White,Male,35-44,95.0,Application denied
1,285000.0,42,305000.0,88.0,1,Hispanic or Latino,White,Female,<25,95.0,Loan originated
1,605000.0,20%-<30%,755000.0,269.0,1,Hispanic or Latino,White,Male,45-54,80.0,Loan originated
1,515000.0,48,575000.0,106.0,1,Not Hispanic or Latino,Asian,Female,35-44,91.0,Loan originated
1,485000.0,<20%,645000.0,378.0,1,Not Hispanic or Latino,White,Male,25-34,75.0,Loan originated
1,1355000.0,37,1695000.0,452.0,1,Not Hispanic or Latino,Asian,Female,35-44,80.0,Loan originated
1,285000.0,49,595000.0,79.0,1,Hispanic or Latino,White,Female,45-54,47.943,Loan originated
1,445000.0,46,645000.0,187.0,1,Not Hispanic or Latino,White,Male,25-34,69.183,Loan originated
1,705000.0,47,875000.0,150.0,1,Not Hispanic or Latino,American Indian or Alaska Native,Male,35-44,80.0,Loan originated
1,425000.0,49,525000.0,87.0,1,Hispanic or Latino,White,Male,45-54,80.0,Application denied
1,635000.0,<20%,815000.0,0.0,1,Not Hispanic or Latino,White,Male,55-64,77.778,Application denied
1,405000.0,46,515000.0,190.0,1,Hispanic or Latino,White,Male,25-34,80.0,Loan originated
1,255000.0,30%-<36%,435000.0,91.0,1,Not Hispanic or Latino,White,Female,45-54,57.471,Loan originated
1,665000.0,46,695000.0,190.0,1,Not Hispanic or Latino,Black or African American,Male,25-34,95.0,Application denied
1,1005000.0,45,1065000.0,315.0,1,Not Hispanic or Latino,Asian,Male,45-54,94.906,Loan originated
1,995000.0,45,1335000.0,206.0,1,Not Hispanic or Latino,Asian,Male,35-44,75.0,Loan originated
1,545000.0,44,685000.0,116.0,1,Hispanic or Latino,White,Female,35-44,80.0,Loan originated
1,165000.0,36,175000.0,109.0,1,Not Hispanic or Latino,Black or African American,Female,35-44,95.0,Loan originated
1,405000.0,48,505000.0,181.0,1,Not Hispanic or Latino,White,Female,55-64,80.0,Loan originated
1,505000.0,47,525000.0,118.0,1,Not Hispanic or Latino,White,Female,55-64,95.0,Loan originated
1,905000.0,30%-<36%,1125000.0,271.0,1,Not Hispanic or Latino,Asian,Male,25-34,80.0,Loan originated
1,295000.0,20%-<30%,695000.0,186.0,1,Not Hispanic or Latino,Asian,Male,55-64,42.611,Loan originated
1,705000.0,42,1205000.0,311.0,1,Not Hispanic or Latino,Asian,Female,>74,58.02,Loan originated
1,745000.0,42,935000.0,173.0,1,Hispanic or Latino,White,Male,45-54,80.0,Loan originated
1,255000.0,46,285000.0,56.0,1,Not Hispanic or Latino,White,Male,<25,90.0,Loan originated
1,375000.0,42,575000.0,101.0,1,Not Hispanic or Latino,Asian,Female,45-54,65.229,Loan originated
1,175000.0,36,835000.0,84.0,1,Hispanic or Latino,White,Female,55-64,21.419,Loan originated
1,595000.0,49,745000.0,145.0,1,Not Hispanic or Latino,Asian,Female,35-44,80.0,Loan originated
1,955000.0,20%-<30%,1655000.0,404.0,1,Not Hispanic or Latino,White,Male,35-44,57.8,Loan originated
1,425000.0,20%-<30%,495000.0,128.0,1,Not Hispanic or Latino,Black or African American,Male,55-64,85.84,Loan originated
1,615000.0,47,825000.0,130.0,1,Hispanic or Latino,White,Female,25-34,75.0,Loan originated
1,405000.0,49,695000.0,239.0,1,Not Hispanic or Latino,White,Female,45-54,57.31,Loan originated
1,325000.0,45,435000.0,154.0,1,Hispanic or Latino,White,Female,55-64,75.0,Loan originated
1,715000.0,45,895000.0,152.0,1,Not Hispanic or Latino,Asian,Female,<25,80.0,Loan originated
1,575000.0,50%-60%,605000.0,130.0,1,Not Hispanic or Latino,White,Male,45-54,97.0,Application denied
1,575000.0,47,605000.0,155.0,1,Not Hispanic or Latino,Asian,Female,25-34,95.0,Loan originated
1,675000.0,36,715000.0,184.0,1,Not Hispanic or Latino,White,Female,35-44,95.0,Loan originated
1,725000.0,49,855000.0,155.0,1,Not Hispanic or Latino,Asian,Female,35-44,85.0,Loan originated
1,305000.0,47,1505000.0,103.0,1,Not Hispanic or Latino,White,Male,45-54,20.0,Loan originated
1,645000.0,20%-<30%,675000.0,324.0,1,Not Hispanic or Latino,Black or African American,Female,55-64,95.0,Loan originated
1,465000.0,30%-<36%,525000.0,212.0,1,Not Hispanic or Latino,American Indian or Alaska Native,Female,35-44,90.0,Loan originated
1,175000.0,<20%,225000.0,170.0,1,Not Hispanic or Latino,White,Male,45-54,80.0,Loan originated
1,455000.0,30%-<36%,605000.0,213.0,1,Hispanic or Latino,White,Male,35-44,75.0,Loan originated
1,605000.0,46,765000.0,159.0,1,Not Hispanic or Latino,Asian,Male,25-34,80.0,Loan originated
1,425000.0,48,785000.0,147.0,1,Not Hispanic or Latino,White,Female,55-64,53.998,Loan originated
1,445000.0,38,555000.0,115.0,1,Not Hispanic or Latino,White,Male,25-34,80.0,Loan originated
1,655000.0,45,725000.0,155.0,1,Not Hispanic or Latino,Asian,Male,35-44,89.99,Loan originated
1,455000.0,42,475000.0,137.0,1,Hispanic or Latino,White,Female,25-34,95.0,Loan originated
1,275000.0,45,625000.0,78.0,1,Hispanic or Latino,White,Female,25-34,46.0,Loan originated
1,345000.0,45,425000.0,222.0,1,Not Hispanic or Latino,White,Male,45-54,80.0,Loan originated
1,615000.0,48,945000.0,145.0,1,Not Hispanic or Latino,White,Male,25-34,64.55,Loan originated
1,365000.0,46,425000.0,82.0,1,Not Hispanic or Latino,White,Male,25-34,90.579,Loan originated
1,415000.0,<20%,515000.0,246.0,1,Not Hispanic or Latino,White,Male,35-44,80.0,Loan originated
1,395000.0,42,425000.0,90.0,1,Hispanic or Latino,White,Male,45-54,95.0,Loan originated
1,225000.0,30%-<36%,235000.0,115.0,1,Not Hispanic or Latino,White,Male,25-34,95.0,Loan originated
1,335000.0,49,425000.0,62.0,1,Not Hispanic or Latino,White,Female,25-34,80.0,Loan originated
1,585000.0,<20%,735000.0,141.0,1,Not Hispanic or Latino,Asian,Male,35-44,79.9,Loan originated
1,365000.0,30%-<36%,385000.0,158.0,1,Hispanic or Latino,White,Male,35-44,100.88,Loan originated
1,375000.0,47,415000.0,79.0,1,Not Hispanic or Latino,White,Male,35-44,90.0,Loan originated
1,645000.0,45,805000.0,419.0,1,Not Hispanic or Latino,Asian,Male,25-34,80.0,Loan originated
1,235000.0,47,245000.0,61.0,1,Hispanic or Latino,White,Female,35-44,97.0,Loan originated
1,485000.0,50%-60%,515000.0,112.0,1,Hispanic or Latino,White,Female,35-44,95.0,Application denied
1,565000.0,41,665000.0,175.0,1,Not Hispanic or Latino,White,Male,55-64,85.0,Loan originated
1,485000.0,46,605000.0,128.0,1,Not Hispanic or Latino,White,Male,25-34,80.0,Loan originated
1,1005000.0,50%-60%,2665000.0,283.0,1,Not Hispanic or Latino,White,Male,45-54,37.53,Application denied
1,835000.0,20%-<30%,1365000.0,357.0,1,Not Hispanic or Latino,Asian,Male,45-54,80.0,Loan originated
1,1105000.0,50%-60%,2205000.0,259.0,1,Not Hispanic or Latino,Asian,Male,25-34,50.0,Loan originated
1,955000.0,20%-<30%,1065000.0,458.0,1,Not Hispanic or Latino,Asian,Male,35-44,89.99,Loan originated
1,905000.0,47,1125000.0,239.0,1,Not Hispanic or Latino,White,Male,25-34,80.0,Loan originated
1,415000.0,46,515000.0,203.0,1,Not Hispanic or Latino,White,Male,55-64,80.0,Loan originated
1,605000.0,30%-<36%,645000.0,187.0,1,Hispanic or Latino,White,Female,25-34,95.0,Loan originated
1,805000.0,45,1805000.0,216.0,1,Not Hispanic or Latino,White,Male,55-64,45.0,Loan originated
1,245000.0,37,275000.0,75.0,1,Not Hispanic or Latino,White,Male,25-34,90.0,Loan originated
1,605000.0,30%-<36%,1005000.0,226.0,1,Not Hispanic or Latino,Asian,Male,65-74,60.0,Loan originated
1,645000.0,42,805000.0,191.0,1,Not Hispanic or Latino,Asian,Female,65-74,80.0,Loan originated
1,315000.0,48,395000.0,72.0,1,Not Hispanic or Latino,White,Male,25-34,80.0,Loan originated
1,1125000.0,46,1185000.0,241.0,1,Not Hispanic or Latino,Asian,Male,35-44,95.0,Loan originated
1,805000.0,40,845000.0,185.0,1,Hispanic or Latino,White,Male,25-34,95.0,Loan originated
1,665000.0,48,775000.0,147.0,1,Not Hispanic or Latino,White,Male,25-34,86.0,Loan originated
1,635000.0,43,795000.0,145.0,1,Not Hispanic or Latino,Asian,Male,25-34,80.0,Loan originated
1,1085000.0,50%-60%,1355000.0,316.0,1,Not Hispanic or Latino,White,Male,45-54,80.0,Loan originated
1,245000.0,49,385000.0,70.0,1,Not Hispanic or Latino,Black or African American,Female,65-74,63.636,Loan originated
1,665000.0,50%-60%,715000.0,163.0,1,Not Hispanic or Latino,White,Female,35-44,92.998,Loan originated
1,355000.0,49,395000.0,108.0,1,Not Hispanic or Latino,White,Male,25-34,90.0,Loan originated
1,915000.0,30%-<36%,1145000.0,360.0,1,Not Hispanic or Latino,White,Male,35-44,80.0,Loan originated
1,285000.0,49,305000.0,72.0,1,Hispanic or Latino,White,Female,<25,95.0,Loan originated
1,385000.0,45,425000.0,117.0,1,Not Hispanic or Latino,White,Female,55-64,90.0,Loan originated
1,255000.0,42,315000.0,69.0,1,Not Hispanic or Latino,White,Female,35-44,80.0,Loan originated
1,1085000.0,41,1355000.0,316.0,1,Not Hispanic or Latino,Asian,Male,25-34,80.0,Loan originated
1,765000.0,38,965000.0,245.0,1,Not Hispanic or Latino,Asian,Male,35-44,80.0,Loan originated
1,765000.0,20%-<30%,1155000.0,303.0,1,Not Hispanic or Latino,White,Female,55-64,66.652,Loan originated
1,555000.0,47,1155000.0,141.0,1,Not Hispanic or Latino,White,Male,45-54,47.83,Loan originated
1,355000.0,45,775000.0,141.0,1,Not Hispanic or Latino,White,Female,65-74,46.104,Loan originated
1,405000.0,42,515000.0,118.0,1,Hispanic or Latino,White,Female,25-34,80.0,Loan originated
1,765000.0,44,1185000.0,195.0,1,Not Hispanic or Latino,Asian,Male,45-54,64.831,Loan originated
1,625000.0,40,695000.0,207.0,1,Not Hispanic or Latino,White,Male,35-44,89.899,Loan originated
1,485000.0,38,1505000.0,162.0,1,Not Hispanic or Latino,White,Female,35-44,32.0,Loan originated
1,765000.0,36,865000.0,236.0,1,Not Hispanic or Latino,Asian,Female,25-34,88.372,Loan originated
1,1105000.0,41,1375000.0,313.0,1,Not Hispanic or Latino,White,Male,25-34,80.0,Loan originated
1,685000.0,40,985000.0,247.0,1,Not Hispanic or Latino,Asian,Male,<25,70.0,Loan originated
1,525000.0,30%-<36%,675000.0,142.0,1,Not Hispanic or Latino,Asian,Male,25-34,77.703,Loan originated
1,525000.0,48,1355000.0,203.0,1,Not Hispanic or Latino,Asian,Female,45-54,38.52,Loan originated
1,1145000.0,44,1675000.0,250.0,1,Not Hispanic or Latino,White,Male,45-54,68.642,Loan originated
1,425000.0,49,525000.0,212.0,1,Not Hispanic or Latino,White,Female,55-64,80.0,Loan originated
1,475000.0,48,455000.0,134.0,1,Not Hispanic or Latino,Asian,Male,65-74,90.0,Application denied
1,775000.0,20%-<30%,1395000.0,805.0,1,Hispanic or Latino,White,Female,45-54,55.556,Loan originated
1,685000.0,40,735000.0,209.0,1,Not Hispanic or Latino,Asian,Male,25-34,93.238,Loan originated
1,435000.0,30%-<36%,535000.0,188.0,1,Not Hispanic or Latino,White,Male,55-64,80.0,Loan originated
1,965000.0,49,1205000.0,345.0,1,Not Hispanic or Latino,White,Male,25-34,80.0,Application denied
1,395000.0,43,405000.0,90.0,1,Hispanic or Latino,White,Male,25-34,99.63,Loan originated
1,405000.0,49,435000.0,120.0,1,Not Hispanic or Latino,Black or African American,Female,25-34,99.65,Loan originated
1,765000.0,44,955000.0,204.0,1,Not Hispanic or Latino,Asian,Female,25-34,80.0,Loan originated
1,505000.0,41,525000.0,110.0,1,Hispanic or Latino,White,Male,25-34,97.0,Loan originated
1,285000.0,48,735000.0,83.0,1,Hispanic or Latino,White,Female,25-34,98.078,Loan originated
1,425000.0,41,445000.0,107.0,1,Not Hispanic or Latino,Black or African American,Male,45-54,96.14,Loan originated
1,355000.0,49,595000.0,96.0,1,Not Hispanic or Latino,Asian,Female,55-64,58.82,Loan originated
1,705000.0,30%-<36%,945000.0,232.0,1,Not Hispanic or Latino,White,Female,25-34,75.0,Loan originated
1,845000.0,44,1055000.0,203.0,1,Not Hispanic or Latino,Asian,Male,35-44,80.0,Loan originated
1,65000.0,39,105000.0,31.0,1,Hispanic or Latino,White,Female,45-54,65.0,Loan originated
1,465000.0,48,485000.0,108.0,1,Not Hispanic or Latino,Black or African American,Male,25-34,97.0,Loan originated
1,595000.0,46,615000.0,150.0,1,Not Hispanic or Latino,White,Male,45-54,97.0,Loan originated
1,725000.0,37,915000.0,203.0,1,Not Hispanic or Latino,White,Male,25-34,80.0,Loan originated
1,1075000.0,44,1135000.0,309.0,1,Not Hispanic or Latino,White,Male,35-44,95.0,Loan originated
1,925000.0,37,1155000.0,343.0,1,Not Hispanic or Latino,Asian,Male,35-44,80.0,Loan originated
1,585000.0,49,685000.0,126.0,1,Hispanic or Latino,White,Male,35-44,85.505,Loan originated
1,555000.0,36,695000.0,192.0,1,Not Hispanic or Latino,Asian,Male,25-34,80.0,Loan originated
1,765000.0,45,1185000.0,225.0,1,Not Hispanic or Latino,Asian,Male,35-44,78.5,Application denied
1,495000.0,45,615000.0,123.0,1,Not Hispanic or Latino,Asian,Female,35-44,80.0,Loan originated
1,645000.0,41,815000.0,200.0,1,Not Hispanic or Latino,White,Female,25-34,80.0,Loan originated
1,325000.0,48,405000.0,65.0,1,Hispanic or Latino,White,Female,<25,83.0,Application denied
1,1055000.0,47,1165000.0,235.0,1,Not Hispanic or Latino,White,Female,35-44,90.0,Loan originated
1,315000.0,37,745000.0,112.0,1,Not Hispanic or Latino,Asian,Female,25-34,41.892,Loan originated
1,345000.0,46,565000.0,83.0,1,Not Hispanic or Latino,White,Male,35-44,61.607,Loan originated
1,465000.0,47,565000.0,121.0,1,Not Hispanic or Latino,White,Male,45-54,90.0,Loan originated
1,485000.0,20%-<30%,535000.0,230.0,1,Not Hispanic or Latino,White,Female,25-34,95.0,Loan originated
1,745000.0,47,835000.0,154.0,1,Not Hispanic or Latino,Asian,Male,25-34,89.99,Loan originated
1,335000.0,50%-60%,345000.0,67.0,1,Not Hispanic or Latino,Black or African American,Male,>74,100.0,Loan originated
1,425000.0,46,445000.0,86.0,1,Hispanic or Latino,White,Male,45-54,95.0,Loan originated
1,495000.0,38,525000.0,192.0,1,Not Hispanic or Latino,White,Female,45-54,95.0,Loan originated
1,795000.0,20%-<30%,885000.0,333.0,1,Not Hispanic or Latino,Asian,Female,45-54,90.0,Loan originated
1,585000.0,38,745000.0,163.0,1,Not Hispanic or Latino,2 or more minority races,Female,45-54,78.273,Loan originated
1,485000.0,20%-<30%,615000.0,182.0,1,Not Hispanic or Latino,Asian,Male,35-44,80.0,Loan originated
1,645000.0,30%-<36%,865000.0,179.0,1,Hispanic or Latino,White,Male,35-44,75.0,Loan originated
1,505000.0,49,535000.0,105.0,1,Not Hispanic or Latino,Asian,Female,25-34,98.0,Loan originated
1,345000.0,48,365000.0,75.0,1,Not Hispanic or Latino,Asian,Female,45-54,95.0,Loan originated
1,305000.0,30%-<36%,555000.0,105.0,1,Not Hispanic or Latino,White,Female,35-44,56.0,Loan originated
1,405000.0,42,505000.0,232.0,1,Not Hispanic or Latino,White,Male,35-44,80.0,Loan originated
1,365000.0,49,435000.0,78.0,1,Hispanic or Latino,White,Male,35-44,104.0,Loan originated
1,635000.0,48,665000.0,130.0,1,Hispanic or Latino,White,Female,25-34,95.0,Loan originated
1,575000.0,45,715000.0,150.0,1,Not Hispanic or Latino,White,Male,25-34,80.0,Loan originated
1,345000.0,49,435000.0,80.0,1,Not Hispanic or Latino,White,Female,35-44,80.0,Loan originated
1,855000.0,44,1065000.0,233.0,1,Not Hispanic or Latino,Asian,Female,25-34,80.0,Loan originated
1,425000.0,49,455000.0,123.0,1,Not Hispanic or Latino,White,Female,25-34,95.0,Loan originated
1,455000.0,39,1325000.0,145.0,1,Not Hispanic or Latino,White,Male,25-34,35.0,Loan originated
1,165000.0,30%-<36%,205000.0,87.0,1,Not Hispanic or Latino,White,Female,55-64,80.0,Application denied
1,475000.0,30%-<36%,505000.0,137.0,1,Not Hispanic or Latino,White,Female,25-34,94.07,Loan originated
1,375000.0,48,775000.0,84.0,1,Not Hispanic or Latino,White,Female,35-44,48.119,Loan originated
1,515000.0,50%-60%,605000.0,101.0,1,Not Hispanic or Latino,White,Male,<25,85.0,Loan originated
1,455000.0,38,565000.0,133.0,1,Not Hispanic or Latino,White,Male,35-44,80.0,Loan originated
1,555000.0,20%-<30%,745000.0,278.0,1,Not Hispanic or Latino,Asian,Male,45-54,79.689,Loan originated
1,345000.0,40,695000.0,172.0,1,Not Hispanic or Latino,White,Male,55-64,48.641,Loan originated
1,575000.0,30%-<36%,1145000.0,365.0,1,Not Hispanic or Latino,Native Hawaiian or Other Pacific Islander,Female,55-64,50.0,Loan originated
1,545000.0,30%-<36%,635000.0,278.0,1,Hispanic or Latino,American Indian or Alaska Native,Male,35-44,85.0,Loan originated
1,715000.0,45,765000.0,187.0,1,Hispanic or Latino,White,Male,<25,97.0,Loan originated
1,405000.0,42,575000.0,101.0,1,Not Hispanic or Latino,Asian,Female,25-34,69.565,Loan originated
1,715000.0,47,955000.0,184.0,1,Not Hispanic or Latino,White,Female,25-34,75.0,Loan originated
1,385000.0,30%-<36%,405000.0,161.0,1,Not Hispanic or Latino,Black or African American,Male,25-34,95.0,Loan originated
1,325000.0,48,425000.0,69.0,1,Not Hispanic or Latino,White,Female,45-54,103.0,Loan originated
1,575000.0,45,725000.0,117.0,1,Not Hispanic or Latino,White,Female,35-44,80.0,Loan originated
1,505000.0,38,1505000.0,533.0,1,Not Hispanic or Latino,Asian,Male,35-44,33.46,Loan originated
1,315000.0,49,415000.0,93.0,1,Not Hispanic or Latino,Asian,Female,35-44,75.0,Loan originated
1,405000.0,20%-<30%,565000.0,243.0,1,Not Hispanic or Latino,Asian,Female,25-34,70.547,Loan originated
1,535000.0,30%-<36%,665000.0,162.0,1,Not Hispanic or Latino,White,Female,25-34,80.0,Loan originated
1,325000.0,<20%,415000.0,0.0,1,Not Hispanic or Latino,Asian,Male,25-34,80.0,Application denied
1,435000.0,37,575000.0,114.0,1,Not Hispanic or Latino,Asian,Female,35-44,75.0,Loan originated
1,635000.0,36,965000.0,176.0,1,Hispanic or Latino,White,Male,25-34,65.803,Loan originated
1,355000.0,45,365000.0,76.0,1,Not Hispanic or Latino,White,Female,25-34,97.0,Loan originated
1,385000.0,30%-<36%,515000.0,191.0,1,Not Hispanic or Latino,White,Male,55-64,75.0,Loan originated
1,955000.0,30%-<36%,1755000.0,310.0,1,Not Hispanic or Latino,White,Female,25-34,54.29,Loan originated
1,375000.0,45,415000.0,254.0,1,Hispanic or Latino,Black or African American,Male,25-34,90.0,Loan originated
1,1005000.0,46,1355000.0,223.0,1,Not Hispanic or Latino,Asian,Male,35-44,73.964,Loan originated
1,555000.0,49,695000.0,136.0,1,Not Hispanic or Latino,Asian,Male,25-34,80.0,Loan originated
1,655000.0,50%-60%,875000.0,157.0,1,Not Hispanic or Latino,White,Male,35-44,75.0,Application denied
1,535000.0,44,665000.0,174.0,1,Not Hispanic or Latino,Asian,Female,35-44,79.99994,Loan originated
1,515000.0,38,575000.0,153.0,1,Hispanic or Latino,White,Female,45-54,89.9,Loan originated
1,415000.0,30%-<36%,525000.0,260.0,1,Not Hispanic or Latino,White,Male,<25,80.0,Loan originated
1,285000.0,30%-<36%,505000.0,232.0,1,Not Hispanic or Latino,White,Female,55-64,55.446,Loan originated
1,805000.0,47,1345000.0,204.0,1,Not Hispanic or Latino,Asian,Male,25-34,59.94,Loan originated
1,615000.0,50%-60%,635000.0,126.0,1,Not Hispanic or Latino,Asian,Female,55-64,100.0,Application denied
1,255000.0,38,275000.0,81.0,1,Not Hispanic or Latino,White,Male,25-34,94.606,Loan originated
1,535000.0,40,565000.0,183.0,1,Not Hispanic or Latino,White,Male,35-44,95.0,Loan originated
1,575000.0,49,605000.0,227.0,1,Not Hispanic or Latino,Asian,Male,35-44,95.0,Loan originated
1,645000.0,42,805000.0,238.0,1,Not Hispanic or Latino,Asian,Female,35-44,79.996,Loan originated
1,335000.0,49,355000.0,86.0,1,Hispanic or Latino,White,Male,35-44,95.0,Loan originated
1,275000.0,30%-<36%,345000.0,87.0,1,Not Hispanic or Latino,White,Female,45-54,80.0,Loan originated
1,295000.0,30%-<36%,895000.0,123.0,1,Not Hispanic or Latino,Asian,Female,25-34,32.781,Loan originated
1,595000.0,50%-60%,665000.0,150.0,1,Not Hispanic or Latino,Asian,Female,45-54,90.0,Loan originated
1,265000.0,49,285000.0,52.0,1,Hispanic or Latino,White,Male,25-34,98.0,Loan originated
1,55000.0,36,135000.0,122.0,1,Not Hispanic or Latino,White,Female,65-74,41.65,Loan originated
1,395000.0,41,435000.0,112.0,1,Not Hispanic or Latino,Asian,Female,45-54,90.0,Loan originated
1,635000.0,49,1305000.0,186.0,1,Not Hispanic or Latino,White,Male,65-74,48.85,Loan originated
1,355000.0,42,475000.0,139.0,1,Not Hispanic or Latino,White,Female,25-34,75.0,Loan originated
1,455000.0,43,565000.0,100.0,1,Hispanic or Latino,White,Male,35-44,100.0,Loan originated
1,325000.0,49,405000.0,75.0,1,Not Hispanic or Latino,White,Female,<25,79.984,Loan originated
1,355000.0,47,985000.0,87.0,1,Not Hispanic or Latino,White,Female,65-74,35.714,Loan originated
1,305000.0,>60%,435000.0,46.0,1,Not Hispanic or Latino,White,Male,35-44,68.49,Application denied
1,475000.0,38,505000.0,158.0,1,Not Hispanic or Latino,White,Male,35-44,95.0,Loan originated
1,705000.0,38,825000.0,201.0,1,Not Hispanic or Latino,White,Female,35-44,85.0,Loan originated
1,205000.0,36,1305000.0,117.0,1,Not Hispanic or Latino,White,Female,65-74,15.367,Loan originated
1,755000.0,<20%,1185000.0,582.0,1,Not Hispanic or Latino,Asian,Male,45-54,63.18,Loan originated
1,215000.0,42,275000.0,75.0,1,Hispanic or Latino,White,Male,<25,80.0,Loan originated
1,655000.0,20%-<30%,765000.0,263.0,1,Not Hispanic or Latino,White,Male,35-44,85.0,Loan originated
1,345000.0,46,595000.0,74.0,1,Hispanic or Latino,White,Male,35-44,58.983,Loan originated
1,105000.0,48,135000.0,87.0,1,Hispanic or Latino,White,Male,55-64,80.92,Loan originated
1,735000.0,37,1055000.0,263.0,1,Not Hispanic or Latino,Asian,Female,25-34,70.0,Loan originated
1,705000.0,49,1005000.0,178.0,1,Not Hispanic or Latino,White,Female,45-54,70.0,Loan originated
1,545000.0,40,725000.0,133.0,1,Not Hispanic or Latino,White,Male,25-34,75.0,Loan originated
1,345000.0,30%-<36%,605000.0,117.0,1,Not Hispanic or Latino,White,Female,55-64,57.355,Loan originated
1,605000.0,30%-<36%,635000.0,159.0,1,Not Hispanic or Latino,White,Male,25-34,95.0,Loan originated
1,965000.0,30%-<36%,1205000.0,423.0,1,Not Hispanic or Latino,White,Male,<25,80.0,Loan originated
1,765000.0,36,2075000.0,270.0,1,Not Hispanic or Latino,Asian,Male,55-64,36.87,Loan originated
1,905000.0,48,955000.0,203.0,1,Not Hispanic or Latino,Asian,Male,25-34,95.0,Loan originated
1,1005000.0,20%-<30%,1755000.0,489.0,1,Not Hispanic or Latino,White,Male,35-44,57.143,Loan originated
1,185000.0,39,335000.0,100.0,1,Hispanic or Latino,Asian,Female,55-64,55.0,Loan originated
1,705000.0,45,785000.0,162.0,1,Not Hispanic or Latino,Black or African American,Male,<25,89.9,Loan originated
1,285000.0,37,285000.0,69.0,1,Hispanic or Latino,White,Female,55-64,100.0,Loan originated
1,315000.0,36,405000.0,90.0,1,Not Hispanic or Latino,White,Male,35-44,79.0,Loan originated
1,145000.0,39,155000.0,72.0,1,Not Hispanic or Latino,White,Female,55-64,91.09,Loan originated
1,95000.0,30%-<36%,705000.0,68.0,1,Not Hispanic or Latino,Asian,Male,25-34,13.0,Loan originated
1,1005000.0,42,1255000.0,397.0,1,Hispanic or Latino,White,Female,45-54,80.0,Loan originated
1,585000.0,<20%,735000.0,0.0,1,Not Hispanic or Latino,Asian,Female,35-44,80.0,Application denied
1,385000.0,50%-60%,395000.0,83.0,1,Not Hispanic or Latino,Asian,Male,35-44,95.238,Application denied
1,425000.0,49,485000.0,79.0,1,Not Hispanic or Latino,Black or African American,Female,45-54,88.557,Loan originated
1,415000.0,40,435000.0,183.0,1,Hispanic or Latino,White,Female,25-34,95.0,Loan originated
1,705000.0,44,785000.0,153.0,1,Not Hispanic or Latino,White,Male,35-44,89.85,Loan originated
1,115000.0,30%-<36%,355000.0,77.0,1,Not Hispanic or Latino,White,Female,25-34,32.168,Loan originated
1,345000.0,42,425000.0,145.0,1,Not Hispanic or Latino,White,Male,55-64,80.0,Loan originated
1,915000.0,44,1015000.0,264.0,1,Hispanic or Latino,White,Male,35-44,90.0,Loan originated
1,845000.0,44,1085000.0,180.0,1,Not Hispanic or Latino,White,Male,25-34,78.0,Loan originated
1,315000.0,49,325000.0,62.0,1,Hispanic or Latino,White,Female,45-54,97.0,Loan originated
1,325000.0,44,355000.0,73.0,1,Hispanic or Latino,White,Male,25-34,90.0,Loan originated
1,325000.0,36,765000.0,162.0,1,Not Hispanic or Latino,Black or African American,Female,55-64,42.105,Loan originated
1,455000.0,42,475000.0,201.0,1,Not Hispanic or Latino,White,Male,55-64,95.0,Loan originated
1,345000.0,40,435000.0,105.0,1,Not Hispanic or Latino,White,Female,35-44,80.0,Loan originated
1,595000.0,>60%,625000.0,50.0,1,Not Hispanic or Latino,White,Male,35-44,95.0,Application denied
1,695000.0,30%-<36%,745000.0,195.0,1,Not Hispanic or Latino,Asian,Male,35-44,93.946,Loan originated
1,715000.0,48,755000.0,157.0,1,Hispanic or Latino,White,Male,35-44,95.0,Loan originated
1,525000.0,45,665000.0,110.0,1,Not Hispanic or Latino,Black or African American,Male,55-64,80.0,Loan originated
1,315000.0,47,395000.0,110.0,1,Not Hispanic or Latino,White,Female,55-64,80.0,Loan originated
1,355000.0,38,475000.0,130.0,1,Not Hispanic or Latino,White,Female,25-34,74.0,Loan originated
1,455000.0,45,495000.0,109.0,1,Hispanic or Latino,Asian,Male,35-44,91.837,Loan originated
1,545000.0,37,675000.0,157.0,1,Not Hispanic or Latino,Asian,Male,35-44,80.0,Loan originated
1,1085000.0,20%-<30%,1455000.0,517.0,1,Not Hispanic or Latino,Asian,Male,35-44,74.983,Loan originated
1,805000.0,47,985000.0,175.0,1,Hispanic or Latino,White,Male,45-54,81.218,Application denied
1,765000.0,46,965000.0,197.0,1,Not Hispanic or Latino,Black or African American,Female,45-54,80.0,Loan originated
1,365000.0,30%-<36%,705000.0,131.0,1,Not Hispanic or Latino,White,Male,25-34,52.143,Loan originated
1,425000.0,44,475000.0,173.0,1,Not Hispanic or Latino,White,Female,35-44,90.0,Application denied
1,555000.0,43,575000.0,134.0,1,Not Hispanic or Latino,White,Male,35-44,97.0,Loan originated
1,585000.0,20%-<30%,1105000.0,247.0,1,Not Hispanic or Latino,Asian,Female,45-54,52.727,Loan originated
1,895000.0,40,1395000.0,217.0,1,Not Hispanic or Latino,Asian,Male,25-34,64.16,Loan originated
1,735000.0,>60%,815000.0,142.0,1,Not Hispanic or Latino,Black or African American,Female,55-64,90.0,Application denied
1,425000.0,43,445000.0,113.0,1,Not Hispanic or Latino,Asian,Female,35-44,96.5,Loan originated
1,1055000.0,41,1355000.0,257.0,1,Not Hispanic or Latino,Asian,Female,25-34,77.48,Loan originated
1,795000.0,20%-<30%,875000.0,325.0,1,Hispanic or Latino,Black or African American,Male,35-44,89.98,Loan originated
1,405000.0,49,465000.0,143.0,1,Not Hispanic or Latino,Asian,Female,55-64,86.957,Loan originated
1,505000.0,45,595000.0,108.0,1,Hispanic or Latino,White,Male,25-34,85.0,Loan originated
1,965000.0,50%-60%,1205000.0,183.0,1,Not Hispanic or Latino,Asian,Female,35-44,80.0,Application denied
1,535000.0,42,565000.0,135.0,1,Not Hispanic or Latino,White,Female,55-64,95.0,Loan originated
1,695000.0,48,1565000.0,156.0,1,Not Hispanic or Latino,Asian,Male,55-64,45.0,Loan originated
1,985000.0,36,1285000.0,391.0,1,Not Hispanic or Latino,Asian,Male,25-34,76.838,Loan originated
1,125000.0,36,465000.0,238.0,1,Hispanic or Latino,White,Male,55-64,26.69,Loan originated
1,205000.0,20%-<30%,705000.0,96.0,1,Not Hispanic or Latino,White,Male,35-44,28.45,Loan originated
1,255000.0,48,425000.0,83.0,1,Not Hispanic or Latino,White,Male,65-74,60.0,Loan originated
1,445000.0,42,555000.0,121.0,1,Not Hispanic or Latino,Asian,Male,35-44,80.0,Loan originated
1,355000.0,38,395000.0,140.0,1,Not Hispanic or Latino,White,Female,25-34,90.0,Loan originated
1,555000.0,20%-<30%,695000.0,173.0,1,Not Hispanic or Latino,Asian,Male,25-34,80.0,Loan originated
1,745000.0,<20%,995000.0,417.0,1,Not Hispanic or Latino,Asian,Female,65-74,75.0,Loan originated
1,455000.0,20%-<30%,605000.0,400.0,1,Not Hispanic or Latino,White,Male,35-44,75.0,Loan originated
1,155000.0,<20%,655000.0,237.0,1,Not Hispanic or Latino,White,Female,55-64,22.936,Loan originated
1,515000.0,44,645000.0,178.0,1,Not Hispanic or Latino,Asian,Male,35-44,80.0,Loan originated
1,65000.0,30%-<36%,75000.0,54.0,1,Hispanic or Latino,White,Female,65-74,82.96,Loan originated
1,395000.0,49,445000.0,85.0,1,Hispanic or Latino,White,Male,25-34,89.226,Loan originated
1,645000.0,37,715000.0,155.0,1,Hispanic or Latino,Asian,Male,35-44,89.99,Loan originated
1,805000.0,>60%,1085000.0,101.0,1,Not Hispanic or Latino,Asian,Male,25-34,74.63,Application denied
1,425000.0,<20%,275000.0,519.0,1,Hispanic or Latino,American Indian or Alaska Native,Male,55-64,155.455,Application denied
1,505000.0,43,525000.0,138.0,1,Not Hispanic or Latino,White,Female,35-44,100.0,Application denied
1,965000.0,20%-<30%,1075000.0,393.0,1,Hispanic or Latino,White,Male,45-54,90.0,Loan originated
1,295000.0,39,315000.0,75.0,1,Hispanic or Latino,White,Male,45-54,95.0,Loan originated
1,765000.0,20%-<30%,955000.0,363.0,1,Not Hispanic or Latino,White,Male,35-44,80.0,Loan originated
1,135000.0,20%-<30%,175000.0,64.0,1,Not Hispanic or Latino,American Indian or Alaska Native,Male,25-34,88.235,Loan originated
1,395000.0,45,485000.0,85.0,1,Hispanic or Latino,White,Female,35-44,80.0,Loan originated
1,345000.0,30%-<36%,365000.0,138.0,1,Not Hispanic or Latino,White,Female,65-74,95.0,Loan originated
1,765000.0,48,1035000.0,189.0,1,Not Hispanic or Latino,Asian,Male,45-54,74.063,Loan originated
1,135000.0,37,135000.0,41.0,1,Not Hispanic or Latino,White,Female,35-44,97.0,Loan originated
1,495000.0,43,585000.0,111.0,1,Not Hispanic or Latino,White,Male,35-44,85.0,Loan originated
1,565000.0,30%-<36%,705000.0,177.0,1,Hispanic or Latino,White,Male,25-34,80.0,Loan originated
1,775000.0,42,815000.0,202.0,1,Hispanic or Latino,White,Male,55-64,95.0,Loan originated
1,255000.0,48,825000.0,78.0,1,Not Hispanic or Latino,White,Male,55-64,30.993,Loan originated
1,435000.0,30%-<36%,465000.0,154.0,1,Hispanic or Latino,White,Female,25-34,95.0,Loan originated
1,205000.0,44,225000.0,86.0,1,Not Hispanic or Latino,Black or African American,Female,25-34,90.0,Loan originated
1,165000.0,40,365000.0,163.0,1,Not Hispanic or Latino,Asian,Female,55-64,44.44,Loan originated
1,405000.0,38,535000.0,175.0,1,Not Hispanic or Latino,Asian,Female,45-54,75.0,Loan originated
1,445000.0,>60%,595000.0,44.0,1,Not Hispanic or Latino,Asian,Female,55-64,66.199,Application denied
1,755000.0,46,1085000.0,200.0,1,Not Hispanic or Latino,Asian,Male,25-34,70.0,Loan originated
1,465000.0,42,575000.0,113.0,1,Hispanic or Latino,White,Male,45-54,79.983,Loan originated
1,615000.0,37,645000.0,184.0,1,Hispanic or Latino,White,Female,25-34,95.0,Loan originated
1,315000.0,50%-60%,355000.0,149.0,1,Not Hispanic or Latino,White,Male,25-34,90.0,Application denied
1,695000.0,42,775000.0,447.0,1,Not Hispanic or Latino,Asian,Female,65-74,90.0,Loan originated
1,685000.0,42,855000.0,210.0,1,Not Hispanic or Latino,White,Male,65-74,80.0,Loan originated
1,725000.0,42,1035000.0,230.0,1,Not Hispanic or Latino,White,Female,35-44,69.57,Loan originated
1,445000.0,49,465000.0,108.0,1,Hispanic or Latino,White,Male,35-44,95.0,Loan originated
1,345000.0,45,435000.0,113.0,1,Not Hispanic or Latino,White,Male,45-54,80.0,Loan originated
1,115000.0,36,125000.0,106.0,1,Not Hispanic or Latino,White,Male,25-34,95.0,Loan originated
1,1005000.0,30%-<36%,2505000.0,437.0,1,Not Hispanic or Latino,White,Male,35-44,40.0,Application denied
1,505000.0,30%-<36%,525000.0,135.0,1,Not Hispanic or Latino,Asian,Male,25-34,97.0,Loan originated
1,135000.0,41,135000.0,36.0,1,Not Hispanic or Latino,White,Male,35-44,97.0,Loan originated
1,515000.0,41,605000.0,116.0,1,Not Hispanic or Latino,Asian,Male,35-44,85.0,Loan originated
1,555000.0,41,695000.0,151.0,1,Not Hispanic or Latino,Asian,Male,35-44,80.0,Loan originated
1,615000.0,45,775000.0,140.0,1,Not Hispanic or Latino,White,Male,35-44,80.0,Loan originated
1,665000.0,44,745000.0,144.0,1,Not Hispanic or Latino,Asian,Male,25-34,90.0,Loan originated
1,375000.0,47,425000.0,90.0,1,Not Hispanic or Latino,Asian,Male,25-34,90.0,Loan originated
1,465000.0,43,665000.0,133.0,1,Not Hispanic or Latino,White,Female,>74,70.0,Loan originated
1,595000.0,50%-60%,625000.0,109.0,1,Hispanic or Latino,White,Male,35-44,94.665,Loan originated
1,435000.0,20%-<30%,545000.0,200.0,1,Hispanic or Latino,White,Male,35-44,80.0,Loan originated
1,145000.0,50%-60%,165000.0,73.0,1,Hispanic or Latino,White,Female,45-54,90.0,Loan originated
1,575000.0,20%-<30%,605000.0,225.0,1,Hispanic or Latino,White,Female,25-34,95.0,Loan originated
1,705000.0,43,885000.0,201.0,1,Not Hispanic or Latino,Asian,Male,45-54,80.0,Loan originated
