loan_purpose,loan_amount,debt_to_income_ratio,property_value,income,occupancy_type,derived_ethnicity,derived_race,derived_sex,applicant_age,loan_to_value_ratio,action_taken
1,625000.0,20%-<30%,775000.0,204.0,1,Not Hispanic or Latino,Asian,Male,35-44,80.0,Loan originated
1,385000.0,38,415000.0,130.0,1,Not Hispanic or Latino,White,Male,25-34,95.0,Loan originated
1,435000.0,30%-<36%,725000.0,234.0,1,Not Hispanic or Latino,White,Male,35-44,60.0,Loan originated
1,315000.0,47,395000.0,87.0,1,Not Hispanic or Latino,White,Female,55-64,80.0,Loan originated
1,715000.0,39,895000.0,189.0,1,Not Hispanic or Latino,Asian,Male,45-54,80.0,Loan originated
1,385000.0,30%-<36%,455000.0,135.0,1,Not Hispanic or Latino,White,Male,35-44,85.0,Loan originated
1,445000.0,38,695000.0,148.0,1,Not Hispanic or Latino,White,Female,55-64,65.0,Loan originated
1,565000.0,20%-<30%,805000.0,300.0,1,Not Hispanic or Latino,Asian,Female,25-34,70.0,Loan originated
1,715000.0,44,795000.0,158.0,1,Not Hispanic or Latino,Asian,Male,35-44,90.0,Loan originated
1,955000.0,49,1305000.0,204.0,1,Not Hispanic or Latino,Asian,Male,25-34,73.08,Loan originated
1,985000.0,48,1165000.0,428.0,1,Not Hispanic or Latino,White,Male,55-64,85.0,Loan originated
1,485000.0,39,495000.0,136.0,1,Not Hispanic or Latino,Asian,Male,35-44,97.0,Loan originated
1,425000.0,41,495000.0,114.0,1,Hispanic or Latino,White,Male,25-34,85.0,Loan originated
1,815000.0,50%-60%,915000.0,145.0,1,Hispanic or Latino,White,Female,35-44,90.0,Loan originated
1,505000.0,20%-<30%,715000.0,598.0,1,Not Hispanic or Latino,White,Female,45-54,70.0,Loan originated
1,175000.0,47,185000.0,73.0,1,Hispanic or Latino,White,Male,35-44,95.0,Loan originated
1,695000.0,40,1165000.0,200.0,1,Not Hispanic or Latino,Asian,Male,35-44,60.0,Loan originated
1,825000.0,49,1105000.0,153.0,1,Not Hispanic or Latino,White,Male,35-44,75.0,Loan originated
1,245000.0,45,255000.0,76.0,1,Hispanic or Latino,White,Female,35-44,95.0,Loan originated
1,435000.0,49,455000.0,148.0,1,Hispanic or Latino,White,Female,45-54,95.0,Loan originated
1,415000.0,44,605000.0,115.0,1,Not Hispanic or Latino,White,Male,45-54,69.167,Loan originated
1,225000.0,43,285000.0,56.0,1,Not Hispanic or Latino,White,Male,45-54,80.0,Loan originated
1,145000.0,43,175000.0,58.0,1,Hispanic or Latino,White,Male,45-54,100.0,Loan originated
1,525000.0,20%-<30%,625000.0,168.0,1,Not Hispanic or Latino,White,Female,35-44,83.76,Loan originated
1,595000.0,44,665000.0,164.0,1,Not Hispanic or Latino,White,Female,55-64,90.0,Loan originated
1,785000.0,44,975000.0,227.0,1,Not Hispanic or Latino,White,Male,45-54,80.0,Loan originated
1,465000.0,46,515000.0,123.0,1,Hispanic or Latino,White,Male,45-54,90.0,Loan originated
1,1005000.0,48,1655000.0,228.0,1,Not Hispanic or Latino,Asian,Female,35-44,60.574,Loan originated
1,765000.0,49,805000.0,144.0,1,Hispanic or Latino,White,Female,25-34,95.0,Loan originated
1,285000.0,42,325000.0,68.0,1,Not Hispanic or Latino,Asian,Male,25-34,90.0,Loan originated
1,305000.0,40,425000.0,102.0,1,Not Hispanic or Latino,White,Male,45-54,70.589,Loan originated
1,325000.0,41,895000.0,89.0,1,Hispanic or Latino,White,Male,55-64,36.04,Loan originated
1,305000.0,20%-<30%,605000.0,163.0,1,Not Hispanic or Latino,Asian,Female,55-64,50.66,Loan originated
1,425000.0,42,455000.0,181.0,1,Hispanic or Latino,White,Male,35-44,94.889,Loan originated
1,875000.0,44,1345000.0,347.0,1,Not Hispanic or Latino,White,Female,45-54,65.04,Loan originated
1,555000.0,45,655000.0,200.0,1,Not Hispanic or Latino,Asian,Male,25-34,85.0,Loan originated
1,435000.0,<20%,575000.0,0.0,1,Not Hispanic or Latino,Asian,Female,35-44,75.0,Application denied
1,465000.0,49,665000.0,234.0,1,Not Hispanic or Latino,White,Male,55-64,69.925,Loan originated
1,365000.0,30%-<36%,455000.0,108.0,1,Not Hispanic or Latino,White,Male,25-34,80.0,Loan originated
1,505000.0,43,625000.0,134.0,1,Not Hispanic or Latino,White,Male,25-34,80.0,Loan originated
1,495000.0,46,485000.0,111.0,1,Hispanic or Latino,White,Male,35-44,102.0,Application denied
1,885000.0,43,1115000.0,187.0,1,Not Hispanic or Latino,Asian,Male,35-44,80.0,Loan originated
1,775000.0,42,1125000.0,181.0,1,Hispanic or Latino,Asian,Female,35-44,68.92,Loan originated
1,495000.0,50%-60%,525000.0,106.0,1,Not Hispanic or Latino,Black or African American,Male,35-44,95.0,Loan originated
1,675000.0,38,875000.0,203.0,1,Not Hispanic or Latino,White,Male,45-54,78.0,Loan originated
1,445000.0,30%-<36%,765000.0,188.0,1,Hispanic or Latino,White,Male,45-54,58.553,Loan originated
1,1005000.0,41,1345000.0,831.0,1,Not Hispanic or Latino,Asian,Female,35-44,75.0,Loan originated
1,225000.0,47,275000.0,76.0,1,Hispanic or Latino,White,Female,>74,80.0,Loan originated
1,285000.0,>60%,295000.0,0.0,1,Not Hispanic or Latino,Asian,Female,35-44,95.0,Application denied
1,505000.0,46,665000.0,100.0,1,Not Hispanic or Latino,White,Male,25-34,75.564,Loan originated
1,365000.0,41,455000.0,96.0,1,Not Hispanic or Latino,Asian,Female,25-34,80.0,Loan originated
1,215000.0,45,405000.0,58.0,1,Hispanic or Latino,White,Female,35-44,52.736,Loan originated
1,455000.0,41,1055000.0,148.0,1,Not Hispanic or Latino,White,Male,45-54,43.0,Loan originated
1,65000.0,>60%,165000.0,56.0,1,Not Hispanic or Latino,White,Female,>74,37.5,Application denied
1,305000.0,30%-<36%,675000.0,118.0,1,Not Hispanic or Latino,White,Female,45-54,44.44,Loan originated
1,535000.0,38,595000.0,137.0,1,Not Hispanic or Latino,Asian,Male,35-44,90.0,Loan originated
1,365000.0,47,405000.0,80.0,1,Hispanic or Latino,American Indian or Alaska Native,Female,25-34,89.0,Loan originated
1,675000.0,49,755000.0,231.0,1,Not Hispanic or Latino,White,Male,35-44,90.0,Loan originated
1,335000.0,47,525000.0,81.0,1,Not Hispanic or Latino,White,Female,35-44,63.0,Loan originated
1,555000.0,44,585000.0,148.0,1,Not Hispanic or Latino,White,Female,55-64,95.0,Loan originated
1,585000.0,20%-<30%,1175000.0,222.0,1,Not Hispanic or Latino,Asian,Female,35-44,50.0,Loan originated
1,515000.0,48,645000.0,106.0,1,Hispanic or Latino,White,Male,25-34,80.0,Loan originated
1,605000.0,45,655000.0,150.0,1,Not Hispanic or Latino,White,Male,25-34,92.067,Loan originated
1,345000.0,47,365000.0,70.0,1,Hispanic or Latino,White,Male,45-54,100.0,Loan originated
1,245000.0,49,255000.0,60.0,1,Hispanic or Latino,White,Male,35-44,95.0,Loan originated
1,345000.0,<20%,435000.0,188.0,1,Not Hispanic or Latino,White,Female,65-74,80.0,Loan originated
1,435000.0,43,455000.0,110.0,1,Hispanic or Latino,White,Male,25-34,95.0,Loan originated
1,605000.0,20%-<30%,1305000.0,226.0,1,Not Hispanic or Latino,White,Male,65-74,46.154,Loan originated
1,425000.0,48,585000.0,101.0,1,Not Hispanic or Latino,Asian,Female,35-44,72.556,Loan originated
1,335000.0,44,345000.0,82.0,1,Hispanic or Latino,White,Female,25-34,97.0,Loan originated
1,545000.0,49,645000.0,101.0,1,Hispanic or Latino,White,Female,25-34,85.0,Loan originated
1,345000.0,43,355000.0,77.0,1,Not Hispanic or Latino,White,Male,55-64,97.0,Loan originated
1,425000.0,36,435000.0,155.0,1,Hispanic or Latino,White,Male,25-34,97.0,Loan originated
1,585000.0,30%-<36%,685000.0,170.0,1,Not Hispanic or Latino,Asian,Male,25-34,84.99,Loan originated
1,305000.0,<20%,505000.0,287.0,1,Not Hispanic or Latino,Asian,Male,65-74,60.0,Loan originated
1,475000.0,49,925000.0,119.0,1,Not Hispanic or Latino,Asian,Female,35-44,51.087,Loan originated
1,345000.0,41,385000.0,94.0,1,Hispanic or Latino,White,Male,35-44,90.0,Loan originated
1,345000.0,46,365000.0,84.0,1,Not Hispanic or Latino,Black or African American,Female,65-74,95.28,Loan originated
1,645000.0,37,865000.0,256.0,1,Not Hispanic or Latino,Asian,Male,45-54,75.0,Loan originated
1,475000.0,49,835000.0,103.0,1,Hispanic or Latino,White,Female,45-54,56.524,Loan originated
1,365000.0,42,385000.0,110.0,1,Hispanic or Latino,White,Female,45-54,99.0,Loan originated
1,725000.0,40,765000.0,194.0,1,Hispanic or Latino,White,Male,25-34,95.0,Loan originated
1,835000.0,49,875000.0,177.0,1,Not Hispanic or Latino,White,Female,35-44,95.0,Loan originated
1,445000.0,43,465000.0,133.0,1,Hispanic or Latino,White,Male,35-44,95.0,Loan originated
1,605000.0,>60%,675000.0,53.0,1,Not Hispanic or Latino,Asian,Male,35-44,90.0,Application denied
1,765000.0,43,975000.0,177.0,1,Not Hispanic or Latino,White,Female,35-44,79.026,Loan originated
1,755000.0,50%-60%,945000.0,137.0,1,Not Hispanic or Latino,Asian,Male,25-34,81.317,Application denied
1,645000.0,43,715000.0,240.0,1,Not Hispanic or Latino,Black or African American,Male,25-34,90.0,Loan originated
1,535000.0,44,665000.0,129.0,1,Hispanic or Latino,Asian,Female,25-34,80.0,Loan originated
1,465000.0,41,555000.0,132.0,1,Hispanic or Latino,White,Female,25-34,83.636,Loan originated
1,665000.0,49,825000.0,177.0,1,Hispanic or Latino,White,Male,45-54,80.0,Loan originated
1,435000.0,47,545000.0,92.0,1,Not Hispanic or Latino,Asian,Female,25-34,100.0,Loan originated
1,595000.0,49,1505000.0,143.0,1,Not Hispanic or Latino,Asian,Female,45-54,39.4,Loan originated
1,355000.0,20%-<30%,1605000.0,209.0,1,Not Hispanic or Latino,Asian,Female,35-44,21.875,Loan originated
1,325000.0,30%-<36%,775000.0,133.0,1,Not Hispanic or Latino,White,Female,55-64,41.56,Loan originated
1,615000.0,42,685000.0,407.0,1,Not Hispanic or Latino,White,Male,35-44,95.0,Loan originated
1,795000.0,48,995000.0,170.0,1,Not Hispanic or Latino,White,Male,55-64,80.0,Loan originated
1,415000.0,30%-<36%,1215000.0,191.0,1,Hispanic or Latino,White,Female,45-54,34.16,Loan originated
1,695000.0,43,735000.0,222.0,1,Not Hispanic or Latino,White,Male,35-44,95.0,Loan originated
1,605000.0,20%-<30%,1765000.0,275.0,1,Not Hispanic or Latino,Asian,Male,35-44,35.0,Loan originated
1,275000.0,30%-<36%,305000.0,91.0,1,Not Hispanic or Latino,White,Female,55-64,90.0,Loan originated
1,615000.0,37,965000.0,180.0,1,Not Hispanic or Latino,White,Male,25-34,63.617,Loan originated
1,705000.0,39,885000.0,172.0,1,Not Hispanic or Latino,White,Male,45-54,80.0,Loan originated
1,735000.0,50%-60%,915000.0,148.0,1,Not Hispanic or Latino,Asian,Male,25-34,80.0,Loan originated
1,305000.0,49,435000.0,77.0,1,Not Hispanic or Latino,White,Male,55-64,70.0,Loan originated
1,405000.0,45,505000.0,141.0,1,Hispanic or Latino,White,Male,45-54,80.0,Loan originated
1,225000.0,20%-<30%,235000.0,90.0,1,Not Hispanic or Latino,White,Male,35-44,95.0,Loan originated
1,435000.0,37,705000.0,122.0,1,Not Hispanic or Latino,White,Female,35-44,61.429,Loan originated
1,555000.0,39,585000.0,217.0,1,Not Hispanic or Latino,Black or African American,Male,35-44,95.0,Loan originated
1,395000.0,45,495000.0,251.0,1,Not Hispanic or Latino,White,Female,45-54,80.0,Loan originated
1,345000.0,40,865000.0,165.0,1,Not Hispanic or Latino,White,Male,25-34,40.0,Loan originated
1,465000.0,20%-<30%,575000.0,245.0,1,Not Hispanic or Latino,White,Male,35-44,80.0,Loan originated
1,435000.0,43,545000.0,111.0,1,Not Hispanic or Latino,White,Female,25-34,80.0,Loan originated
1,645000.0,<20%,715000.0,1790.0,1,Not Hispanic or Latino,Black or African American,Male,45-54,90.0,Loan originated
1,475000.0,42,535000.0,130.0,1,Hispanic or Latino,White,Male,55-64,89.327,Loan originated
1,425000.0,20%-<30%,775000.0,225.0,1,Not Hispanic or Latino,White,Female,65-74,55.0,Loan originated
1,455000.0,45,695000.0,103.0,1,Not Hispanic or Latino,White,Female,35-44,64.986,Loan originated
1,435000.0,47,585000.0,84.0,1,Not Hispanic or Latino,Asian,Female,45-54,73.504,Loan originated
1,445000.0,30%-<36%,495000.0,139.0,1,Hispanic or Latino,White,Female,35-44,90.0,Loan originated
1,205000.0,20%-<30%,255000.0,93.0,1,Hispanic or Latino,White,Male,25-34,80.0,Loan originated
1,465000.0,44,585000.0,122.0,1,Not Hispanic or Latino,White,Male,<25,80.0,Loan originated
1,515000.0,43,525000.0,135.0,1,Hispanic or Latino,American Indian or Alaska Native,Male,35-44,97.15,Loan originated
1,465000.0,30%-<36%,575000.0,200.0,1,Not Hispanic or Latino,White,Male,55-64,80.0,Loan originated
1,425000.0,49,465000.0,134.0,1,Hispanic or Latino,White,Female,25-34,90.0,Loan originated
1,705000.0,30%-<36%,735000.0,261.0,1,Not Hispanic or Latino,Black or African American,Male,25-34,97.0,Loan originated
1,585000.0,44,845000.0,162.0,1,Hispanic or Latino,White,Female,35-44,70.0,Loan originated
1,405000.0,30%-<36%,515000.0,185.0,1,Hispanic or Latino,White,Male,25-34,80.0,Loan originated
1,545000.0,30%-<36%,605000.0,166.0,1,Not Hispanic or Latino,Asian,Male,45-54,90.0,Loan originated
1,585000.0,20%-<30%,695000.0,256.0,1,Hispanic or Latino,White,Female,25-34,85.0,Loan originated
1,285000.0,44,305000.0,96.0,1,Hispanic or Latino,White,Male,25-34,95.0,Loan originated
1,375000.0,47,465000.0,95.0,1,Not Hispanic or Latino,Asian,Male,35-44,80.0,Loan originated
1,1015000.0,38,1585000.0,265.0,1,Not Hispanic or Latino,White,Male,25-34,64.0,Loan originated
1,465000.0,40,505000.0,130.0,1,Hispanic or Latino,White,Male,25-34,92.0,Loan originated
1,385000.0,40,555000.0,146.0,1,Not Hispanic or Latino,White,Male,>74,70.0,Loan originated
1,655000.0,46,725000.0,137.0,1,Hispanic or Latino,White,Male,25-34,90.0,Loan originated
1,655000.0,44,775000.0,163.0,1,Not Hispanic or Latino,Asian,Male,25-34,84.25,Loan originated
1,175000.0,41,175000.0,54.0,1,Not Hispanic or Latino,White,Female,25-34,97.0,Application denied
1,635000.0,43,895000.0,143.0,1,Hispanic or Latino,White,Male,25-34,71.382,Loan originated
1,675000.0,41,795000.0,227.0,1,Not Hispanic or Latino,Asian,Male,25-34,84.916,Loan originated
1,365000.0,30%-<36%,455000.0,122.0,1,Hispanic or Latino,White,Male,25-34,80.0,Loan originated
1,765000.0,46,1695000.0,228.0,1,Not Hispanic or Latino,White,Female,45-54,45.224,Loan originated
1,555000.0,39,1075000.0,212.0,1,Not Hispanic or Latino,Asian,Male,45-54,51.163,Loan originated
1,255000.0,49,275000.0,67.0,1,Not Hispanic or Latino,White,Male,35-44,90.0,Loan originated
1,315000.0,49,345000.0,67.0,1,Not Hispanic or Latino,Asian,Male,25-34,94.0,Loan originated
1,355000.0,42,415000.0,96.0,1,Hispanic or Latino,White,Male,35-44,85.0,Loan originated
1,765000.0,42,865000.0,251.0,1,Hispanic or Latino,White,Male,35-44,90.0,Loan originated
1,665000.0,20%-<30%,835000.0,264.0,1,Not Hispanic or Latino,White,Female,55-64,80.0,Loan originated
1,305000.0,30%-<36%,375000.0,136.0,1,Not Hispanic or Latino,White,Female,25-34,80.0,Loan originated
1,585000.0,<20%,775000.0,391.0,1,Not Hispanic or Latino,White,Male,35-44,75.0,Loan originated
1,365000.0,49,385000.0,101.0,1,Not Hispanic or Latino,Black or African American,Male,<25,95.0,Loan originated
1,95000.0,49,625000.0,50.0,1,Not Hispanic or Latino,White,Male,45-54,15.48,Loan originated
1,705000.0,50%-60%,875000.0,157.0,1,Hispanic or Latino,White,Male,25-34,80.0,Loan originated
1,405000.0,20%-<30%,705000.0,229.0,1,Not Hispanic or Latino,White,Male,45-54,57.447,Loan originated
1,355000.0,44,245000.0,81.0,1,Not Hispanic or Latino,White,Female,25-34,95.0,Application denied
1,285000.0,38,385000.0,210.0,1,Not Hispanic or Latino,White,Male,45-54,75.0,Loan originated
1,705000.0,41,745000.0,203.0,1,Not Hispanic or Latino,White,Male,25-34,95.0,Loan originated
1,645000.0,46,915000.0,310.0,1,Not Hispanic or Latino,Asian,Male,25-34,69.994,Loan originated
1,335000.0,40,425000.0,99.0,1,Not Hispanic or Latino,Asian,Male,25-34,80.0,Loan originated
1,735000.0,30%-<36%,915000.0,300.0,1,Not Hispanic or Latino,Asian,Female,35-44,80.0,Application denied
1,555000.0,>60%,795000.0,151.0,1,Not Hispanic or Latino,Asian,Female,35-44,69.182,Application denied
1,355000.0,44,475000.0,125.0,1,Not Hispanic or Latino,Asian,Male,35-44,75.0,Loan originated
1,415000.0,30%-<36%,815000.0,240.0,1,Not Hispanic or Latino,Asian,Male,45-54,51.014,Loan originated
1,345000.0,20%-<30%,435000.0,204.0,1,Not Hispanic or Latino,Asian,Male,35-44,80.0,Loan originated
1,515000.0,30%-<36%,815000.0,140.0,1,Hispanic or Latino,White,Male,35-44,62.963,Loan originated
1,575000.0,38,775000.0,317.0,1,Not Hispanic or Latino,White,Female,65-74,74.003,Loan originated
1,325000.0,30%-<36%,905000.0,163.0,1,Not Hispanic or Latino,Asian,Female,35-44,35.556,Loan originated
1,565000.0,48,585000.0,132.0,1,Not Hispanic or Latino,White,Female,35-44,100.0,Loan originated
1,765000.0,20%-<30%,955000.0,280.0,1,Not Hispanic or Latino,White,Female,45-54,80.0,Loan originated
1,365000.0,47,385000.0,353.0,1,Not Hispanic or Latino,White,Male,35-44,95.0,Loan originated
1,475000.0,41,525000.0,144.0,1,Not Hispanic or Latino,White,Male,45-54,90.0,Loan originated
1,1075000.0,20%-<30%,1535000.0,433.0,1,Not Hispanic or Latino,Asian,Female,45-54,70.0,Loan originated
1,775000.0,42,975000.0,196.0,1,Not Hispanic or Latino,Asian,Male,25-34,80.0,Loan originated
1,585000.0,42,835000.0,150.0,1,Not Hispanic or Latino,Asian,Female,25-34,70.0,Loan originated
1,295000.0,20%-<30%,595000.0,120.0,1,Not Hispanic or Latino,White,Female,55-64,49.424,Loan originated
1,105000.0,20%-<30%,135000.0,139.0,1,Not Hispanic or Latino,Asian,Male,55-64,80.82,Application denied
1,765000.0,46,1335000.0,303.0,1,Not Hispanic or Latino,Asian,Male,35-44,89.93,Loan originated
1,205000.0,>60%,3005000.0,107.0,1,Not Hispanic or Latino,Asian,Male,55-64,6.667,Application denied
1,405000.0,47,445000.0,110.0,1,Hispanic or Latino,Asian,Male,35-44,92.135,Loan originated
1,985000.0,50%-60%,1405000.0,190.0,1,Not Hispanic or Latino,Asian,Male,25-34,70.0,Application denied
1,735000.0,20%-<30%,775000.0,229.0,1,Not Hispanic or Latino,White,Male,25-34,95.0,Loan originated
1,615000.0,43,825000.0,193.0,1,Not Hispanic or Latino,Asian,Female,35-44,75.0,Loan originated
1,675000.0,30%-<36%,845000.0,180.0,1,Not Hispanic or Latino,Asian,Male,25-34,80.0,Loan originated
1,205000.0,46,915000.0,82.0,1,Not Hispanic or Latino,White,Female,65-74,21.858,Loan originated
1,555000.0,48,1355000.0,175.0,1,Not Hispanic or Latino,2 or more minority races,Female,>74,40.845,Loan originated
1,655000.0,47,695000.0,168.0,1,Not Hispanic or Latino,White,Female,35-44,95.0,Loan originated
1,485000.0,49,565000.0,103.0,1,Not Hispanic or Latino,White,Male,25-34,86.0,Loan originated
1,705000.0,43,1175000.0,335.0,1,Not Hispanic or Latino,White,Male,35-44,59.58,Loan originated
1,445000.0,49,995000.0,125.0,1,Not Hispanic or Latino,Asian,Male,45-54,44.55,Loan originated
1,575000.0,46,715000.0,117.0,1,Not Hispanic or Latino,White,Male,25-34,80.0,Loan originated
1,1025000.0,36,1075000.0,331.0,1,Not Hispanic or Latino,White,Female,25-34,95.0,Loan originated
1,875000.0,38,925000.0,352.0,1,Not Hispanic or Latino,White,Male,35-44,95.0,Loan originated
1,335000.0,47,355000.0,117.0,1,Hispanic or Latino,White,Male,25-34,93.8,Loan originated
1,965000.0,46,1765000.0,244.0,1,Not Hispanic or Latino,White,Male,45-54,54.777,Loan originated
1,415000.0,20%-<30%,715000.0,220.0,1,Not Hispanic or Latino,White,Female,25-34,58.159,Loan originated
1,545000.0,45,575000.0,161.0,1,Not Hispanic or Latino,White,Female,45-54,95.0,Loan originated
1,765000.0,30%-<36%,3795000.0,351.0,1,Not Hispanic or Latino,Asian,Female,35-44,20.2,Loan originated
1,375000.0,36,385000.0,114.0,1,Not Hispanic or Latino,White,Female,35-44,97.0,Loan originated
1,325000.0,41,395000.0,84.0,1,Not Hispanic or Latino,Asian,Female,25-34,102.5,Loan originated
1,635000.0,40,795000.0,173.0,1,Not Hispanic or Latino,White,Male,25-34,80.0,Loan originated
1,505000.0,39,635000.0,147.0,1,Not Hispanic or Latino,Asian,Male,45-54,80.0,Loan originated
1,265000.0,49,785000.0,148.0,1,Not Hispanic or Latino,Asian,Male,45-54,34.27,Loan originated
1,1145000.0,48,1475000.0,294.0,1,Not Hispanic or Latino,White,Male,35-44,77.954,Loan originated
1,1125000.0,46,1405000.0,257.0,1,Not Hispanic or Latino,White,Male,45-54,80.0,Loan originated
1,435000.0,42,815000.0,154.0,1,Not Hispanic or Latino,Asian,Male,45-54,52.76,Loan originated
1,555000.0,37,795000.0,150.0,1,Not Hispanic or Latino,Asian,Female,35-44,68.923,Loan originated
1,515000.0,49,835000.0,116.0,1,Not Hispanic or Latino,White,Male,25-34,62.0,Loan originated
1,355000.0,48,445000.0,159.0,1,Hispanic or Latino,Asian,Male,45-54,80.0,Application denied
1,555000.0,30%-<36%,615000.0,196.0,1,Not Hispanic or Latino,White,Male,25-34,90.0,Loan originated
1,1025000.0,44,1635000.0,225.0,1,Not Hispanic or Latino,Asian,Female,35-44,62.691,Loan originated
1,1565000.0,30%-<36%,1955000.0,423.0,1,Not Hispanic or Latino,White,Male,25-34,80.0,Loan originated
1,375000.0,30%-<36%,855000.0,131.0,1,Not Hispanic or Latino,White,Female,35-44,44.12,Loan originated
1,165000.0,>60%,315000.0,40.0,1,Not Hispanic or Latino,White,Female,45-54,53.226,Application denied
1,415000.0,39,515000.0,110.0,1,Hispanic or Latino,White,Female,25-34,80.0,Loan originated
1,545000.0,48,645000.0,158.0,1,Not Hispanic or Latino,White,Male,25-34,85.0,Loan originated
1,825000.0,46,975000.0,211.0,1,Not Hispanic or Latino,Asian,Male,25-34,85.0,Loan originated
1,765000.0,42,1055000.0,394.0,1,Not Hispanic or Latino,White,Male,45-54,73.0,Loan originated
1,505000.0,47,565000.0,118.0,1,Not Hispanic or Latino,Asian,Male,25-34,90.0,Loan originated
1,765000.0,30%-<36%,845000.0,263.0,1,Not Hispanic or Latino,Asian,Male,35-44,92.0,Loan originated
1,375000.0,49,475000.0,97.0,1,Not Hispanic or Latino,Black or African American,Male,55-64,80.0,Loan originated
1,735000.0,41,865000.0,228.0,1,Not Hispanic or Latino,Asian,Male,45-54,85.0,Loan originated
1,945000.0,40,1255000.0,297.0,1,Not Hispanic or Latino,White,Female,35-44,75.0,Loan originated
1,325000.0,39,405000.0,78.0,1,Not Hispanic or Latino,White,Male,35-44,80.0,Loan originated
1,235000.0,49,385000.0,49.0,1,Hispanic or Latino,White,Female,35-44,62.813,Loan originated
1,355000.0,48,645000.0,81.0,1,Not Hispanic or Latino,White,Female,25-34,55.0,Loan originated
1,745000.0,39,935000.0,259.0,1,Not Hispanic or Latino,Asian,Female,35-44,80.0,Loan originated
1,975000.0,48,1305000.0,177.0,1,Not Hispanic or Latino,Asian,Male,25-34,75.0,Loan originated
1,455000.0,<20%,605000.0,297.0,1,Not Hispanic or Latino,White,Female,65-74,74.38,Application denied
1,75000.0,37,105000.0,43.0,1,Not Hispanic or Latino,White,Female,55-64,72.31,Loan originated
1,995000.0,39,1925000.0,259.0,1,Not Hispanic or Latino,Asian,Male,35-44,51.896,Loan originated
1,255000.0,20%-<30%,775000.0,215.0,1,Hispanic or Latino,White,Male,45-54,32.468,Loan originated
1,705000.0,41,875000.0,172.0,1,Not Hispanic or Latino,White,Male,25-34,80.0,Loan originated
1,575000.0,40,615000.0,176.0,1,Hispanic or Latino,White,Male,35-44,95.0,Loan originated
1,355000.0,48,445000.0,99.0,1,Hispanic or Latino,White,Male,35-44,80.0,Loan originated
1,1005000.0,42,1185000.0,336.0,1,Not Hispanic or Latino,Asian,Male,25-34,84.999,Application denied
1,705000.0,20%-<30%,1305000.0,463.0,1,Not Hispanic or Latino,White,Female,45-54,46.154,Application denied
1,405000.0,<20%,575000.0,250.0,1,Not Hispanic or Latino,White,Male,35-44,69.565,Loan originated
1,215000.0,48,225000.0,66.0,1,Hispanic or Latino,White,Female,45-54,277.511,Loan originated
1,405000.0,40,855000.0,116.0,1,Not Hispanic or Latino,White,Male,25-34,47.059,Loan originated
1,515000.0,30%-<36%,645000.0,150.0,1,Not Hispanic or Latino,Asian,Male,25-34,80.0,Loan originated
1,485000.0,39,495000.0,179.0,1,Not Hispanic or Latino,White,Female,45-54,96.998,Loan originated
1,555000.0,42,625000.0,136.0,1,Not Hispanic or Latino,White,Male,45-54,89.517,Loan originated
1,365000.0,20%-<30%,665000.0,143.0,1,Hispanic or Latino,White,Male,45-54,54.55,Loan originated
1,595000.0,45,625000.0,130.0,1,Not Hispanic or Latino,Asian,Male,35-44,95.0,Loan originated
1,805000.0,40,1085000.0,195.0,1,Not Hispanic or Latino,White,Male,35-44,74.54,Loan originated
1,365000.0,42,605000.0,113.0,1,Not Hispanic or Latino,White,Male,35-44,61.0,Loan originated
1,275000.0,44,785000.0,74.0,1,Not Hispanic or Latino,White,Female,55-64,35.03,Loan originated
1,665000.0,30%-<36%,675000.0,55.0,1,Not Hispanic or Latino,Black or African American,Female,25-34,101.5,Application denied
1,565000.0,36,1125000.0,191.0,1,Not Hispanic or Latino,Asian,Male,25-34,50.0,Loan originated
1,1015000.0,44,2105000.0,292.0,1,Not Hispanic or Latino,Asian,Male,35-44,49.03,Loan originated
1,925000.0,>60%,925000.0,88.0,1,Not Hispanic or Latino,Asian,Male,45-54,100.0,Application denied
1,265000.0,49,275000.0,54.0,1,Hispanic or Latino,White,Female,45-54,97.0,Loan originated
1,865000.0,20%-<30%,1085000.0,343.0,1,Not Hispanic or Latino,White,Female,25-34,80.0,Loan originated
1,695000.0,41,735000.0,180.0,1,Not Hispanic or Latino,White,Male,45-54,94.932,Loan originated
1,625000.0,30%-<36%,775000.0,196.0,1,Not Hispanic or Latino,Asian,Male,35-44,80.0,Loan originated
1,765000.0,42,875000.0,180.0,1,Not Hispanic or Latino,White,Female,45-54,87.606,Loan originated
1,475000.0,46,505000.0,102.0,1,Not Hispanic or Latino,Asian,Male,25-34,95.0,Loan originated
1,525000.0,44,555000.0,204.0,1,Not Hispanic or Latino,Asian,Male,45-54,95.0,Loan originated
1,315000.0,43,535000.0,99.0,1,Hispanic or Latino,White,Male,45-54,60.0,Loan originated
1,575000.0,38,715000.0,186.0,1,Not Hispanic or Latino,Asian,Male,45-54,80.0,Loan originated
1,235000.0,39,1125000.0,101.0,1,Not Hispanic or Latino,White,Female,55-64,21.0,Loan originated
1,325000.0,36,405000.0,87.0,1,Not Hispanic or Latino,White,Female,55-64,80.0,Loan originated
1,785000.0,30%-<36%,1655000.0,316.0,1,Not Hispanic or Latino,Asian,Male,25-34,47.04,Loan originated
1,175000.0,20%-<30%,205000.0,90.0,1,Hispanic or Latino,White,Male,65-74,85.0,Application denied
1,505000.0,30%-<36%,675000.0,149.0,1,Not Hispanic or Latino,Asian,Male,45-54,75.0,Loan originated
1,905000.0,41,1405000.0,441.0,1,Not Hispanic or Latino,White,Female,35-44,64.28,Loan originated
1,325000.0,48,415000.0,85.0,1,Hispanic or Latino,White,Male,25-34,80.0,Loan originated
1,415000.0,44,585000.0,100.0,1,Hispanic or Latino,White,Male,55-64,72.0,Loan originated
1,95000.0,20%-<30%,355000.0,136.0,1,Not Hispanic or Latino,White,Female,55-64,26.0,Loan originated
1,295000.0,<20%,375000.0,209.0,1,Hispanic or Latino,White,Male,35-44,80.0,Loan originated
1,275000.0,48,345000.0,78.0,1,Not Hispanic or Latino,White,Female,65-74,80.0,Loan originated
1,675000.0,49,715000.0,181.0,1,Not Hispanic or Latino,White,Female,65-74,96.9,Application denied
1,135000.0,30%-<36%,145000.0,115.0,1,Not Hispanic or Latino,White,Female,65-74,87.44,Loan originated
1,705000.0,49,2185000.0,320.0,1,Not Hispanic or Latino,White,Female,45-54,32.11,Loan originated
1,615000.0,48,655000.0,112.0,1,Not Hispanic or Latino,Black or African American,Female,45-54,95.0,Loan originated
1,365000.0,30%-<36%,385000.0,147.0,1,Not Hispanic or Latino,Black or African American,Male,45-54,97.0,Loan originated
1,145000.0,>60%,285000.0,2.0,1,Not Hispanic or Latino,White,Male,65-74,50.699,Application denied
1,385000.0,42,415000.0,89.0,1,Hispanic or Latino,White,Male,45-54,95.0,Loan originated
1,205000.0,20%-<30%,1295000.0,160.0,1,Not Hispanic or Latino,White,Female,35-44,15.444,Loan originated
1,665000.0,49,745000.0,180.0,1,Hispanic or Latino,White,Female,25-34,90.0,Application denied
1,575000.0,39,1025000.0,199.0,1,Not Hispanic or Latino,White,Female,45-54,55.882,Loan originated
1,1145000.0,20%-<30%,1425000.0,500.0,1,Not Hispanic or Latino,Asian,Female,35-44,80.0,Application denied
1,285000.0,42,445000.0,73.0,1,Not Hispanic or Latino,Asian,Female,25-34,90.0,Loan originated
1,605000.0,46,1305000.0,143.0,1,Not Hispanic or Latino,White,Female,25-34,46.769,Loan originated
1,345000.0,43,365000.0,77.0,1,Not Hispanic or Latino,White,Male,35-44,99.5,Loan originated
1,455000.0,30%-<36%,1805000.0,221.0,1,Not Hispanic or Latino,Asian,Female,45-54,25.0,Loan originated
1,805000.0,44,955000.0,188.0,1,Not Hispanic or Latino,White,Male,35-44,85.0,Loan originated
1,855000.0,39,1065000.0,199.0,1,Not Hispanic or Latino,Asian,Male,35-44,80.0,Loan originated
1,595000.0,30%-<36%,995000.0,290.0,1,Not Hispanic or Latino,Asian,Male,35-44,60.0,Loan originated
1,885000.0,20%-<30%,1105000.0,361.0,1,Not Hispanic or Latino,White,Male,35-44,80.0,Loan originated
1,125000.0,20%-<30%,165000.0,95.0,1,Not Hispanic or Latino,White,Male,35-44,76.01,Application denied
1,435000.0,30%-<36%,655000.0,136.0,1,Not Hispanic or Latino,White,Female,35-44,65.554,Loan originated
1,565000.0,45,705000.0,116.0,1,Hispanic or Latino,Asian,Male,35-44,80.0,Loan originated
1,385000.0,49,485000.0,112.0,1,Not Hispanic or Latino,White,Female,45-54,80.0,Loan originated
1,145000.0,38,245000.0,67.0,1,Not Hispanic or Latino,White,Female,25-34,59.839,Loan originated
1,195000.0,44,245000.0,146.0,1,Not Hispanic or Latino,White,Male,55-64,79.68,Loan originated
1,715000.0,38,755000.0,190.0,1,Not Hispanic or Latino,White,Male,25-34,94.667,Loan originated
1,545000.0,42,595000.0,225.0,1,Not Hispanic or Latino,Asian,Female,35-44,91.667,Loan originated
1,405000.0,49,595000.0,129.0,1,Not Hispanic or Latino,White,Male,65-74,67.59,Loan originated
1,575000.0,42,645000.0,159.0,1,Not Hispanic or Latino,Asian,Female,25-34,90.0,Loan originated
1,215000.0,42,245000.0,79.0,1,Not Hispanic or Latino,White,Female,45-54,90.0,Loan originated
1,555000.0,46,635000.0,128.0,1,Not Hispanic or Latino,White,Male,35-44,86.929,Loan originated
1,675000.0,48,725000.0,251.0,1,Not Hispanic or Latino,White,Male,25-34,93.75,Loan originated
1,475000.0,46,505000.0,120.0,1,Hispanic or Latino,White,Male,25-34,95.0,Loan originated
1,945000.0,49,1255000.0,200.0,1,Not Hispanic or Latino,White,Female,65-74,74.82,Loan originated
1,565000.0,30%-<36%,765000.0,175.0,1,Not Hispanic or Latino,Asian,Female,35-44,73.856,Loan originated
1,535000.0,46,665000.0,220.0,1,Not Hispanic or Latino,White,Female,55-64,79.996,Loan originated
1,705000.0,30%-<36%,875000.0,212.0,1,Not Hispanic or Latino,Asian,Male,35-44,80.0,Loan originated
1,435000.0,30%-<36%,705000.0,172.0,1,Not Hispanic or Latino,White,Female,25-34,61.702,Loan originated
1,955000.0,37,1205000.0,261.0,1,Hispanic or Latino,White,Male,35-44,79.542,Loan originated
1,235000.0,37,685000.0,101.0,1,Not Hispanic or Latino,Asian,Female,35-44,34.28,Loan originated
1,765000.0,46,985000.0,181.0,1,Not Hispanic or Latino,White,Male,35-44,77.817,Loan originated
1,255000.0,30%-<36%,515000.0,109.0,1,Hispanic or Latino,White,Female,25-34,49.904,Loan originated
1,335000.0,46,415000.0,72.0,1,Not Hispanic or Latino,White,Female,35-44,80.0,Loan originated
1,655000.0,20%-<30%,815000.0,276.0,1,Not Hispanic or Latino,White,Male,25-34,80.0,Loan originated
1,285000.0,48,325000.0,72.0,1,Not Hispanic or Latino,White,Male,25-34,88.0,Loan originated
1,355000.0,39,1205000.0,127.0,1,Not Hispanic or Latino,White,Female,55-64,29.167,Loan originated
1,815000.0,46,1025000.0,169.0,1,Not Hispanic or Latino,White,Male,25-34,80.0,Loan originated
1,345000.0,47,455000.0,87.0,1,Not Hispanic or Latino,White,Female,25-34,75.0,Loan originated
1,1135000.0,41,1515000.0,344.0,1,Not Hispanic or Latino,White,Male,45-54,75.0,Loan originated
1,465000.0,44,575000.0,123.0,1,Not Hispanic or Latino,Asian,Male,25-34,100.0,Application denied
1,315000.0,30%-<36%,395000.0,92.0,1,Not Hispanic or Latino,White,Male,55-64,80.0,Loan originated
1,285000.0,42,305000.0,63.0,1,Hispanic or Latino,White,Male,35-44,94.0,Loan originated
1,805000.0,40,1255000.0,413.0,1,Not Hispanic or Latino,Asian,Male,45-54,89.99,Loan originated
1,1055000.0,45,1325000.0,369.0,1,Not Hispanic or Latino,White,Male,55-64,80.0,Loan originated
1,295000.0,37,375000.0,271.0,1,Not Hispanic or Latino,2 or more minority races,Female,35-44,80.0,Loan originated
1,335000.0,50%-60%,725000.0,68.0,1,Not Hispanic or Latino,Asian,Male,45-54,45.833,Application denied
1,315000.0,49,455000.0,94.0,1,Hispanic or Latino,American Indian or Alaska Native,Male,65-74,70.0,Loan originated
1,255000.0,30%-<36%,825000.0,115.0,1,Not Hispanic or Latino,White,Male,55-64,30.49,Loan originated
1,425000.0,36,495000.0,130.0,1,Not Hispanic or Latino,White,Female,55-64,86.735,Loan originated
1,525000.0,38,655000.0,133.0,1,Not Hispanic or Latino,Asian,Male,35-44,80.0,Loan originated
1,75000.0,50%-60%,115000.0,55.0,1,Not Hispanic or Latino,White,Male,>74,67.1,Application denied
1,345000.0,48,365000.0,96.0,1,Not Hispanic or Latino,American Indian or Alaska Native,Female,45-54,99.0,Loan originated
1,1065000.0,30%-<36%,1325000.0,359.0,1,Not Hispanic or Latino,White,Male,35-44,80.0,Loan originated
1,655000.0,44,675000.0,130.0,1,Hispanic or Latino,White,Female,25-34,97.0,Loan originated
1,765000.0,46,1035000.0,179.0,1,Not Hispanic or Latino,White,Male,35-44,74.209,Loan originated
1,415000.0,20%-<30%,445000.0,137.0,1,Not Hispanic or Latino,White,Male,35-44,98.0,Loan originated
1,185000.0,46,805000.0,79.0,1,Not Hispanic or Latino,White,Female,45-54,23.0,Loan originated
1,155000.0,39,705000.0,87.0,1,Not Hispanic or Latino,White,Female,>74,21.429,Loan originated
1,205000.0,45,215000.0,79.0,1,Hispanic or Latino,White,Female,35-44,93.023,Loan originated
1,305000.0,45,445000.0,96.0,1,Not Hispanic or Latino,White,Male,35-44,70.0,Loan originated
1,375000.0,47,385000.0,86.0,1,Not Hispanic or Latino,Black or African American,Male,25-34,97.0,Loan originated
1,575000.0,39,715000.0,187.0,1,Not Hispanic or Latino,Asian,Male,<25,80.0,Loan originated
1,295000.0,30%-<36%,365000.0,75.0,1,Not Hispanic or Latino,White,Male,<25,80.0,Loan originated
1,765000.0,49,975000.0,159.0,1,Not Hispanic or Latino,Asian,Female,25-34,78.615,Loan originated
1,485000.0,48,505000.0,133.0,1,Not Hispanic or Latino,White,Female,35-44,97.0,Loan originated
1,675000.0,>60%,715000.0,145.0,1,Hispanic or Latino,White,Male,45-54,95.0,Application denied
1,615000.0,45,775000.0,140.0,1,Not Hispanic or Latino,White,Male,35-44,80.0,Loan originated
1,575000.0,47,605000.0,157.0,1,Not Hispanic or Latino,White,Male,55-64,95.0,Application denied
1,375000.0,46,425000.0,94.0,1,Not Hispanic or Latino,White,Female,25-34,90.0,Loan originated
1,465000.0,47,775000.0,100.0,1,Not Hispanic or Latino,White,Male,35-44,60.0,Loan originated
1,405000.0,42,535000.0,116.0,1,Not Hispanic or Latino,White,Male,35-44,75.0,Loan originated
1,535000.0,30%-<36%,565000.0,185.0,1,Not Hispanic or Latino,Asian,Female,25-34,94.99,Loan originated
1,1145000.0,40,1525000.0,299.0,1,Not Hispanic or Latino,White,Male,45-54,75.0,Loan originated
1,295000.0,49,415000.0,71.0,1,Not Hispanic or Latino,Asian,Male,45-54,69.545,Loan originated
1,515000.0,49,685000.0,103.0,1,Not Hispanic or Latino,White,Male,25-34,75.0,Loan originated
1,215000.0,47,305000.0,112.0,1,Not Hispanic or Latino,White,Male,35-44,70.0,Loan originated
1,175000.0,44,175000.0,62.0,1,Hispanic or Latino,White,Male,35-44,97.0,Loan originated
1,705000.0,48,1005000.0,185.0,1,Not Hispanic or Latino,Asian,Male,35-44,70.0,Loan originated
1,615000.0,46,765000.0,130.0,1,Not Hispanic or Latino,White,Male,25-34,80.0,Loan originated
1,575000.0,42,725000.0,168.0,1,Not Hispanic or Latino,White,Female,45-54,79.862,Loan originated
1,325000.0,46,365000.0,68.0,1,Not Hispanic or Latino,White,Male,25-34,90.0,Loan originated
1,525000.0,49,655000.0,133.0,1,Hispanic or Latino,White,Male,35-44,100.0,Loan originated
1,335000.0,<20%,485000.0,319.0,1,Not Hispanic or Latino,White,Male,25-34,70.0,Loan originated
1,365000.0,30%-<36%,465000.0,138.0,1,Not Hispanic or Latino,White,Male,35-44,80.0,Loan originated
1,545000.0,47,605000.0,135.0,1,Not Hispanic or Latino,White,Male,55-64,90.0,Loan originated
1,685000.0,36,925000.0,185.0,1,Not Hispanic or Latino,White,Male,35-44,73.514,Loan originated
1,535000.0,44,665000.0,153.0,1,Not Hispanic or Latino,Asian,Male,25-34,80.0,Loan originated
1,635000.0,30%-<36%,795000.0,206.0,1,Hispanic or Latino,White,Male,35-44,80.0,Loan originated
1,715000.0,20%-<30%,795000.0,279.0,1,Not Hispanic or Latino,White,Male,25-34,89.81,Loan originated
1,155000.0,20%-<30%,815000.0,105.0,1,Not Hispanic or Latino,Black or African American,Male,35-44,18.519,Loan originated
1,705000.0,20%-<30%,785000.0,461.0,1,Not Hispanic or Latino,White,Female,>74,90.0,Loan originated
1,325000.0,20%-<30%,415000.0,114.0,1,Hispanic or Latino,White,Male,25-34,80.0,Loan originated
1,675000.0,49,735000.0,151.0,1,Hispanic or Latino,White,Male,25-34,92.5,Loan originated
1,805000.0,39,1105000.0,199.0,1,Not Hispanic or Latino,Asian,Male,35-44,72.727,Loan originated
1,715000.0,49,835000.0,205.0,1,Not Hispanic or Latino,Asian,Male,45-54,85.269,Loan originated
1,485000.0,42,605000.0,110.0,1,Not Hispanic or Latino,Asian,Female,35-44,80.0,Loan originated
1,385000.0,30%-<36%,405000.0,124.0,1,Not Hispanic or Latino,White,Male,25-34,95.0,Loan originated
1,315000.0,44,345000.0,64.0,1,Hispanic or Latino,White,Female,35-44,93.0,Loan originated
1,115000.0,40,155000.0,119.0,1,Not Hispanic or Latino,White,Female,>74,75.0,Application denied
1,405000.0,42,505000.0,232.0,1,Not Hispanic or Latino,White,Male,35-44,80.0,Loan originated
1,795000.0,20%-<30%,885000.0,360.0,1,Not Hispanic or Latino,White,Female,35-44,99.99,Loan originated
1,255000.0,30%-<36%,585000.0,79.0,1,Not Hispanic or Latino,White,Female,65-74,44.067,Loan originated
1,375000.0,47,335000.0,90.0,1,Hispanic or Latino,White,Male,45-54,112.727,Application denied
1,435000.0,47,785000.0,143.0,1,Not Hispanic or Latino,Asian,Male,45-54,55.13,Loan originated
1,545000.0,39,785000.0,145.0,1,Not Hispanic or Latino,White,Male,35-44,70.0,Loan originated
1,405000.0,40,425000.0,112.0,1,Hispanic or Latino,White,Male,35-44,95.0,Loan originated
1,425000.0,48,625000.0,110.0,1,Hispanic or Latino,White,Female,55-64,67.95,Loan originated
1,515000.0,50%-60%,565000.0,114.0,1,Not Hispanic or Latino,Asian,Female,55-64,90.0,Application denied
1,445000.0,45,555000.0,140.0,1,Hispanic or Latino,White,Female,45-54,80.0,Loan originated
1,605000.0,30%-<36%,755000.0,178.0,1,Not Hispanic or Latino,White,Male,25-34,80.0,Loan originated
1,255000.0,42,465000.0,134.0,1,Not Hispanic or Latino,White,Female,65-74,53.446,Loan originated
1,515000.0,40,565000.0,148.0,1,Not Hispanic or Latino,White,Male,25-34,90.0,Loan originated
1,585000.0,30%-<36%,615000.0,226.0,1,Not Hispanic or Latino,White,Male,25-34,95.0,Loan originated
1,275000.0,30%-<36%,295000.0,198.0,1,Not Hispanic or Latino,White,Male,65-74,95.0,Loan originated
1,385000.0,49,1385000.0,95.0,1,Hispanic or Latino,White,Female,45-54,27.79,Loan originated
1,765000.0,37,1025000.0,297.0,1,Not Hispanic or Latino,White,Male,55-64,74.932,Loan originated
1,765000.0,20%-<30%,805000.0,243.0,1,Not Hispanic or Latino,White,Male,45-54,95.0,Loan originated
1,365000.0,39,525000.0,278.0,1,Not Hispanic or Latino,White,Female,55-64,70.0,Loan originated
1,515000.0,46,585000.0,129.0,1,Hispanic or Latino,Native Hawaiian or Other Pacific Islander,Female,25-34,90.43,Loan originated
1,455000.0,41,755000.0,135.0,1,Not Hispanic or Latino,Native Hawaiian or Other Pacific Islander,Male,45-54,60.0,Loan originated
1,615000.0,40,665000.0,149.0,1,Hispanic or Latino,White,Male,25-34,93.0,Loan originated
1,625000.0,20%-<30%,655000.0,224.0,1,Not Hispanic or Latino,Asian,Male,25-34,95.0,Loan originated
1,135000.0,20%-<30%,165000.0,115.0,1,Not Hispanic or Latino,White,Male,55-64,82.672,Loan originated
1,475000.0,20%-<30%,525000.0,225.0,1,Hispanic or Latino,White,Male,35-44,90.0,Loan originated
1,655000.0,39,735000.0,350.0,1,Not Hispanic or Latino,White,Female,45-54,90.0,Loan originated
1,485000.0,48,675000.0,91.0,1,Not Hispanic or Latino,Asian,Female,45-54,72.836,Loan originated
1,365000.0,47,865000.0,94.0,1,Not Hispanic or Latino,Asian,Female,35-44,42.528,Loan originated
1,555000.0,49,715000.0,130.0,1,Hispanic or Latino,White,Male,45-54,78.042,Loan originated
1,1005000.0,20%-<30%,1455000.0,459.0,1,Not Hispanic or Latino,White,Female,25-34,70.0,Loan originated
1,945000.0,30%-<36%,1265000.0,476.0,1,Not Hispanic or Latino,Asian,Male,35-44,75.0,Loan originated
1,285000.0,20%-<30%,355000.0,147.0,1,Not Hispanic or Latino,Asian,Male,55-64,80.0,Loan originated
1,1045000.0,46,1315000.0,479.0,1,Not Hispanic or Latino,White,Male,35-44,80.0,Loan originated
1,765000.0,49,835000.0,190.0,1,Not Hispanic or Latino,Asian,Female,55-64,90.963,Loan originated
1,595000.0,37,635000.0,167.0,1,Not Hispanic or Latino,Asian,Female,25-34,95.0,Loan originated
1,755000.0,48,785000.0,189.0,1,Not Hispanic or Latino,White,Male,25-34,95.0,Loan originated
1,685000.0,20%-<30%,855000.0,346.0,1,Not Hispanic or Latino,White,Male,25-34,80.0,Loan originated
1,495000.0,36,615000.0,177.0,1,Not Hispanic or Latino,White,Female,45-54,80.0,Loan originated
1,755000.0,48,875000.0,168.0,1,Not Hispanic or Latino,Asian,Male,25-34,86.168,Loan originated
1,605000.0,49,635000.0,118.0,1,Hispanic or Latino,White,Male,45-54,95.0,Application denied
1,1005000.0,40,1175000.0,350.0,1,Hispanic or Latino,White,Female,45-54,85.638,Loan originated
1,345000.0,20%-<30%,435000.0,127.0,1,Hispanic or Latino,White,Female,25-34,80.0,Loan originated
1,565000.0,44,705000.0,147.0,1,Not Hispanic or Latino,Asian,Female,35-44,79.986,Loan originated
1,955000.0,43,1935000.0,281.0,1,Not Hispanic or Latino,Asian,Male,35-44,49.22,Loan originated
1,1075000.0,45,1345000.0,252.0,1,Not Hispanic or Latino,Asian,Male,25-34,80.0,Loan originated
1,255000.0,40,605000.0,83.0,1,Not Hispanic or Latino,White,Female,65-74,42.259,Loan originated
1,665000.0,38,695000.0,314.0,1,Not Hispanic or Latino,Black or African American,Male,25-34,97.0,Application denied
1,525000.0,20%-<30%,655000.0,280.0,1,Not Hispanic or Latino,White,Male,35-44,80.0,Application denied
1,305000.0,30%-<36%,435000.0,120.0,1,Not Hispanic or Latino,White,Female,35-44,70.046,Loan originated
1,1155000.0,46,1355000.0,399.0,1,Not Hispanic or Latino,White,Female,65-74,85.0,Application denied
1,575000.0,49,615000.0,146.0,1,Not Hispanic or Latino,Asian,Male,55-64,95.0,Loan originated
1,715000.0,36,795000.0,194.0,1,Not Hispanic or Latino,Asian,Male,25-34,90.0,Loan originated
1,445000.0,43,635000.0,145.0,1,Not Hispanic or Latino,White,Female,45-54,70.0,Application denied
1,525000.0,47,575000.0,124.0,1,Hispanic or Latino,Asian,Male,35-44,89.999,Loan originated
1,565000.0,47,645000.0,130.0,1,Hispanic or Latino,White,Female,45-54,87.5,Loan originated
1,735000.0,<20%,815000.0,500.0,1,Not Hispanic or Latino,Asian,Female,35-44,90.0,Loan originated
1,305000.0,36,375000.0,81.0,1,Hispanic or Latino,White,Male,55-64,80.0,Loan originated
1,405000.0,39,805000.0,123.0,1,Not Hispanic or Latino,Asian,Female,25-34,100.0,Loan originated
1,505000.0,30%-<36%,1905000.0,205.0,1,Not Hispanic or Latino,Asian,Female,25-34,26.32,Loan originated
1,875000.0,47,1805000.0,456.0,1,Not Hispanic or Latino,White,Female,55-64,48.747,Loan originated
1,655000.0,43,1105000.0,155.0,1,Not Hispanic or Latino,White,Female,55-64,59.091,Loan originated
1,295000.0,46,305000.0,70.0,1,Not Hispanic or Latino,White,Male,35-44,100.0,Loan originated
1,795000.0,48,835000.0,168.0,1,Not Hispanic or Latino,White,Male,25-34,95.0,Loan originated
1,435000.0,41,455000.0,145.0,1,Not Hispanic or Latino,Asian,Female,25-34,96.5,Application denied
1,235000.0,49,295000.0,47.0,1,Hispanic or Latino,White,Male,35-44,82.0,Loan originated
1,245000.0,20%-<30%,255000.0,109.0,1,Hispanic or Latino,White,Female,25-34,97.0,Loan originated
1,735000.0,48,815000.0,162.0,1,Not Hispanic or Latino,White,Male,25-34,90.0,Loan originated
1,675000.0,30%-<36%,795000.0,243.0,1,Not Hispanic or Latino,White,Male,35-44,85.0,Loan originated
1,725000.0,39,915000.0,253.0,1,Not Hispanic or Latino,White,Male,45-54,80.0,Loan originated
1,465000.0,49,565000.0,97.0,1,Not Hispanic or Latino,White,Female,45-54,83.48,Loan originated
1,655000.0,42,825000.0,192.0,1,Not Hispanic or Latino,Asian,Male,65-74,79.878,Application denied
1,425000.0,41,605000.0,138.0,1,Not Hispanic or Latino,White,Male,25-34,70.0,Loan originated
1,515000.0,49,685000.0,120.0,1,Not Hispanic or Latino,White,Female,35-44,75.0,Loan originated
1,645000.0,45,715000.0,148.0,1,Hispanic or Latino,White,Male,<25,90.0,Loan originated
1,345000.0,30%-<36%,485000.0,167.0,1,Not Hispanic or Latino,White,Female,25-34,70.0,Loan originated
1,625000.0,47,785000.0,182.0,1,Not Hispanic or Latino,White,Female,45-54,80.0,Loan originated
1,325000.0,48,375000.0,68.0,1,Not Hispanic or Latino,White,Male,25-34,86.558,Loan originated
1,125000.0,44,165000.0,49.0,1,Not Hispanic or Latino,White,Female,35-44,75.0,Loan originated
1,395000.0,30%-<36%,415000.0,175.0,1,Not Hispanic or Latino,White,Female,45-54,97.0,Loan originated
1,1065000.0,46,1125000.0,396.0,1,Not Hispanic or Latino,White,Male,25-34,95.0,Loan originated
1,115000.0,47,415000.0,95.0,1,Not Hispanic or Latino,White,Female,45-54,27.3,Loan originated
1,1005000.0,39,1255000.0,315.0,1,Hispanic or Latino,White,Female,55-64,80.0,Loan originated
1,765000.0,49,805000.0,280.0,1,Not Hispanic or Latino,Black or African American,Male,25-34,95.0,Loan originated
1,625000.0,46,695000.0,149.0,1,Not Hispanic or Latino,Asian,Male,35-44,90.0,Loan originated
1,455000.0,44,575000.0,115.0,1,Hispanic or Latino,White,Male,35-44,80.0,Loan originated
1,415000.0,44,515000.0,131.0,1,Hispanic or Latino,American Indian or Alaska Native,Female,25-34,80.0,Application denied
1,345000.0,44,365000.0,80.0,1,Not Hispanic or Latino,Black or African American,Male,35-44,93.151,Loan originated
1,545000.0,36,925000.0,165.0,1,Not Hispanic or Latino,Black or African American,Female,45-54,95.0,Loan originated
1,485000.0,38,495000.0,130.0,1,Not Hispanic or Latino,White,Male,35-44,97.0,Loan originated
1,525000.0,>60%,575000.0,23.0,1,Not Hispanic or Latino,Asian,Female,35-44,88.696,Application denied
1,825000.0,48,925000.0,158.0,1,Hispanic or Latino,White,Female,35-44,89.999,Loan originated
1,855000.0,20%-<30%,1065000.0,338.0,1,Not Hispanic or Latino,White,Male,25-34,80.0,Loan originated
1,635000.0,30%-<36%,665000.0,198.0,1,Not Hispanic or Latino,Asian,Male,35-44,95.0,Loan originated
1,485000.0,40,535000.0,120.0,1,Not Hispanic or Latino,White,Female,25-34,90.0,Loan originated
1,685000.0,41,765000.0,198.0,1,Hispanic or Latino,White,Female,45-54,89.737,Loan originated
1,585000.0,30%-<36%,645000.0,281.0,1,Hispanic or Latino,White,Male,25-34,90.0,Loan originated
1,515000.0,20%-<30%,685000.0,239.0,1,Hispanic or Latino,White,Male,55-64,75.0,Loan originated
1,105000.0,40,135000.0,89.0,1,Hispanic or Latino,White,Male,35-44,80.0,Loan originated
1,625000.0,38,895000.0,389.0,1,Not Hispanic or Latino,White,Female,>74,70.0,Loan originated
1,405000.0,>60%,405000.0,64.0,1,Hispanic or Latino,White,Male,45-54,100.0,Application denied
1,615000.0,37,655000.0,187.0,1,Not Hispanic or Latino,Black or African American,Female,55-64,95.0,Loan originated
1,505000.0,>60%,1005000.0,59.0,1,Hispanic or Latino,White,Male,45-54,50.0,Application denied
1,485000.0,45,575000.0,114.0,1,Not Hispanic or Latino,White,Female,35-44,85.0,Loan originated
1,315000.0,43,355000.0,101.0,1,Hispanic or Latino,White,Male,25-34,88.57,Loan originated
1,255000.0,48,925000.0,116.0,1,Not Hispanic or Latino,White,Male,65-74,27.174,Loan originated
1,585000.0,50%-60%,665000.0,120.0,1,Not Hispanic or Latino,Black or African American,Female,35-44,89.242,Application denied
1,175000.0,20%-<30%,455000.0,55.0,1,Not Hispanic or Latino,White,Female,>74,38.22,Loan originated
1,35000.0,39,125000.0,50.0,1,Hispanic or Latino,White,Female,65-74,30.23,Loan originated
1,505000.0,39,845000.0,153.0,1,Hispanic or Latino,Black or African American,Female,35-44,59.524,Loan originated
1,555000.0,49,615000.0,112.0,1,Not Hispanic or Latino,Asian,Male,25-34,89.98,Loan originated
1,665000.0,43,825000.0,147.0,1,Hispanic or Latino,White,Female,25-34,80.0,Loan originated
1,435000.0,20%-<30%,635000.0,183.0,1,Not Hispanic or Latino,White,Female,45-54,69.0,Loan originated
1,905000.0,<20%,1125000.0,921.0,1,Not Hispanic or Latino,White,Male,35-44,80.0,Loan originated
1,585000.0,38,615000.0,187.0,1,Hispanic or Latino,White,Male,35-44,95.0,Loan originated
1,495000.0,40,565000.0,129.0,1,Hispanic or Latino,White,Male,25-34,87.544,Loan originated
1,275000.0,30%-<36%,305000.0,164.0,1,Hispanic or Latino,White,Female,35-44,90.0,Loan originated
1,355000.0,>60%,445000.0,73.0,1,Not Hispanic or Latino,Asian,Male,25-34,80.0,Application denied
1,765000.0,49,985000.0,180.0,1,Not Hispanic or Latino,White,Male,45-54,78.14,Loan originated
1,205000.0,49,855000.0,65.0,1,Not Hispanic or Latino,White,Male,65-74,24.0,Loan originated
1,595000.0,41,705000.0,140.0,1,Not Hispanic or Latino,Asian,Male,35-44,84.99,Loan originated
1,175000.0,30%-<36%,195000.0,57.0,1,Not Hispanic or Latino,White,Male,25-34,90.0,Loan originated
1,435000.0,30%-<36%,545000.0,216.0,1,Hispanic or Latino,White,Female,35-44,80.0,Loan originated
1,285000.0,42,305000.0,76.0,1,Hispanic or Latino,Black or African American,Female,25-34,95.0,Loan originated
1,515000.0,37,615000.0,135.0,1,Not Hispanic or Latino,White,Male,35-44,83.715,Loan originated
1,155000.0,38,615000.0,84.0,1,Not Hispanic or Latino,Black or African American,Female,55-64,24.39,Application denied
1,595000.0,47,635000.0,162.0,1,Hispanic or Latino,White,Male,25-34,95.0,Loan originated
1,565000.0,49,665000.0,119.0,1,Not Hispanic or Latino,White,Female,35-44,85.0,Loan originated
1,325000.0,48,405000.0,90.0,1,Hispanic or Latino,White,Male,25-34,80.0,Loan originated
1,495000.0,40,625000.0,168.0,1,Hispanic or Latino,White,Male,25-34,80.0,Loan originated
1,495000.0,30%-<36%,825000.0,241.0,1,Not Hispanic or Latino,White,Male,35-44,60.0,Loan originated
1,885000.0,42,1115000.0,224.0,1,Not Hispanic or Latino,Asian,Male,25-34,80.0,Loan originated
1,655000.0,47,885000.0,132.0,1,Hispanic or Latino,White,Male,35-44,73.822,Loan originated
1,415000.0,49,915000.0,288.0,1,Hispanic or Latino,White,Male,55-64,45.355,Loan originated
1,225000.0,30%-<36%,285000.0,70.0,1,Not Hispanic or Latino,White,Female,35-44,80.0,Loan originated
1,635000.0,41,845000.0,215.0,1,Not Hispanic or Latino,White,Male,45-54,75.0,Loan originated
1,1005000.0,38,2015000.0,321.0,1,Not Hispanic or Latino,Asian,Female,45-54,49.75,Loan originated
1,345000.0,45,425000.0,222.0,1,Not Hispanic or Latino,White,Male,45-54,80.0,Loan originated
1,485000.0,30%-<36%,515000.0,268.0,1,Hispanic or Latino,White,Male,35-44,94.993,Loan originated
1,205000.0,47,245000.0,52.0,1,Not Hispanic or Latino,Asian,Female,25-34,85.0,Loan originated
1,475000.0,42,595000.0,145.0,1,Not Hispanic or Latino,White,Male,35-44,80.0,Application denied
1,585000.0,40,655000.0,233.0,1,Not Hispanic or Latino,White,Male,25-34,90.0,Loan originated
1,855000.0,45,895000.0,227.0,1,Not Hispanic or Latino,White,Male,65-74,95.0,Loan originated
1,295000.0,41,475000.0,72.0,1,Hispanic or Latino,White,Male,<25,61.864,Loan originated
1,345000.0,39,425000.0,101.0,1,Not Hispanic or Latino,White,Male,45-54,80.0,Loan originated
1,1005000.0,45,1065000.0,315.0,1,Not Hispanic or Latino,Asian,Male,45-54,94.906,Loan originated
1,465000.0,39,665000.0,151.0,1,Not Hispanic or Latino,White,Female,45-54,70.0,Loan originated
1,195000.0,20%-<30%,385000.0,104.0,1,Hispanic or Latino,White,Male,45-54,49.435,Loan originated
1,805000.0,42,2505000.0,236.0,1,Not Hispanic or Latino,White,Female,65-74,32.0,Loan originated
1,855000.0,49,955000.0,213.0,1,Not Hispanic or Latino,Asian,Male,45-54,90.0,Loan originated
1,535000.0,39,565000.0,180.0,1,Not Hispanic or Latino,White,Male,<25,95.0,Loan originated
1,475000.0,46,495000.0,170.0,1,Not Hispanic or Latino,White,Male,25-34,95.0,Loan originated
1,445000.0,43,475000.0,146.0,1,Not Hispanic or Latino,White,Female,45-54,95.0,Loan originated
1,525000.0,39,695000.0,230.0,1,Not Hispanic or Latino,White,Female,35-44,74.964,Loan originated
1,355000.0,45,685000.0,106.0,1,Not Hispanic or Latino,White,Female,35-44,51.09,Loan originated
1,355000.0,30%-<36%,655000.0,308.0,1,Not Hispanic or Latino,Asian,Male,35-44,55.0,Loan originated
1,295000.0,20%-<30%,695000.0,142.0,1,Not Hispanic or Latino,Asian,Male,35-44,42.446,Loan originated
1,725000.0,43,845000.0,149.0,1,Not Hispanic or Latino,Asian,Male,25-34,85.0,Loan originated
1,765000.0,40,885000.0,256.0,1,Not Hispanic or Latino,White,Male,45-54,86.226,Loan originated
1,505000.0,49,635000.0,121.0,1,Not Hispanic or Latino,Asian,Male,25-34,80.0,Loan originated
1,405000.0,38,445000.0,95.0,1,Hispanic or Latino,White,Male,45-54,89.286,Loan originated
1,655000.0,44,695000.0,226.0,1,Not Hispanic or Latino,White,Male,55-64,95.0,Loan originated
1,695000.0,20%-<30%,735000.0,244.0,1,Not Hispanic or Latino,Black or African American,Male,55-64,95.0,Loan originated
1,595000.0,<20%,805000.0,736.0,1,Hispanic or Latino,White,Male,45-54,75.0,Loan originated
1,375000.0,20%-<30%,505000.0,245.0,1,Not Hispanic or Latino,White,Female,>74,75.0,Loan originated
1,525000.0,39,705000.0,130.0,1,Not Hispanic or Latino,Asian,Female,25-34,75.0,Loan originated
1,785000.0,49,1055000.0,300.0,1,Not Hispanic or Latino,White,Male,35-44,75.0,Loan originated
1,735000.0,47,985000.0,195.0,1,Not Hispanic or Latino,Asian,Female,25-34,75.0,Loan originated
1,335000.0,49,345000.0,74.0,1,Hispanic or Latino,White,Male,35-44,100.0,Loan originated
1,695000.0,45,865000.0,139.0,1,Not Hispanic or Latino,White,Female,55-64,80.0,Loan originated
1,875000.0,49,1165000.0,158.0,1,Not Hispanic or Latino,Asian,Male,35-44,75.0,Loan originated
1,685000.0,50%-60%,705000.0,139.0,1,Hispanic or Latino,White,Female,25-34,97.0,Loan originated
1,895000.0,42,1115000.0,206.0,1,Not Hispanic or Latino,White,Female,25-34,80.0,Loan originated
1,495000.0,38,585000.0,140.0,1,Not Hispanic or Latino,Black or African American,Female,55-64,85.0,Loan originated
1,145000.0,20%-<30%,925000.0,142.0,1,Not Hispanic or Latino,Asian,Male,25-34,15.14,Loan originated
1,285000.0,30%-<36%,305000.0,112.0,1,Not Hispanic or Latino,White,Male,<25,95.0,Loan originated
1,585000.0,46,845000.0,150.0,1,Not Hispanic or Latino,American Indian or Alaska Native,Male,25-34,70.0,Loan originated
1,905000.0,49,1135000.0,188.0,1,Not Hispanic or Latino,White,Female,35-44,79.63,Loan originated
1,885000.0,50%-60%,925000.0,200.0,1,Not Hispanic or Latino,Asian,Male,35-44,95.0,Application denied
1,525000.0,41,665000.0,216.0,1,Not Hispanic or Latino,White,Male,35-44,80.0,Loan originated
1,835000.0,46,925000.0,242.0,1,Hispanic or Latino,White,Male,35-44,90.0,Loan originated
1,915000.0,38,1305000.0,501.0,1,Not Hispanic or Latino,Black or African American,Male,35-44,89.923,Loan originated
1,295000.0,43,315000.0,82.0,1,Not Hispanic or Latino,White,Female,25-34,93.651,Loan originated
1,375000.0,48,395000.0,83.0,1,Not Hispanic or Latino,White,Male,45-54,97.0,Loan originated
1,535000.0,49,625000.0,102.0,1,Not Hispanic or Latino,Asian,Female,55-64,85.0,Loan originated
1,405000.0,39,505000.0,156.0,1,Not Hispanic or Latino,Asian,Male,25-34,80.0,Application denied
1,645000.0,20%-<30%,805000.0,250.0,1,Not Hispanic or Latino,White,Female,35-44,80.0,Loan originated
1,455000.0,>60%,515000.0,172.0,1,Not Hispanic or Latino,Asian,Male,25-34,88.439,Application denied
1,675000.0,37,905000.0,174.0,1,Not Hispanic or Latino,White,Female,25-34,75.0,Loan originated
1,605000.0,38,755000.0,199.0,1,Not Hispanic or Latino,Asian,Male,65-74,80.0,Loan originated
1,425000.0,45,655000.0,115.0,1,Not Hispanic or Latino,Asian,Female,35-44,65.0,Loan originated
1,485000.0,46,605000.0,125.0,1,Not Hispanic or Latino,White,Male,45-54,80.0,Loan originated
1,435000.0,39,615000.0,125.0,1,Not Hispanic or Latino,White,Female,45-54,71.311,Loan originated
1,565000.0,37,755000.0,149.0,1,Not Hispanic or Latino,Asian,Male,25-34,75.0,Loan originated
1,955000.0,42,1195000.0,287.0,1,Not Hispanic or Latino,White,Male,45-54,80.0,Loan originated
1,975000.0,20%-<30%,1155000.0,360.0,1,Not Hispanic or Latino,White,Male,45-54,85.0,Loan originated
1,325000.0,47,415000.0,72.0,1,Not Hispanic or Latino,White,Female,25-34,80.0,Loan originated
1,625000.0,30%-<36%,1655000.0,220.0,1,Not Hispanic or Latino,White,Male,35-44,37.764,Loan originated
1,1085000.0,<20%,1925000.0,2219.0,1,Not Hispanic or Latino,Asian,Male,55-64,56.25,Loan originated
1,965000.0,>60%,1655000.0,221.0,1,Not Hispanic or Latino,Asian,Male,25-34,58.485,Application denied
1,545000.0,20%-<30%,605000.0,240.0,1,Not Hispanic or Latino,White,Male,35-44,90.0,Loan originated
1,165000.0,43,335000.0,60.0,1,Not Hispanic or Latino,Asian,Male,55-64,96.07,Loan originated
1,25000.0,43,325000.0,18.0,1,Not Hispanic or Latino,White,Female,45-54,103.969,Application denied
1,655000.0,36,685000.0,220.0,1,Not Hispanic or Latino,American Indian or Alaska Native,Female,35-44,97.0,Loan originated
1,105000.0,49,605000.0,51.0,1,Not Hispanic or Latino,White,Female,45-54,17.0,Application denied
1,305000.0,50%-60%,345000.0,76.0,1,Not Hispanic or Latino,White,Male,35-44,90.0,Application denied
1,1145000.0,44,1205000.0,300.0,1,Not Hispanic or Latino,Asian,Female,35-44,95.0,Loan originated
1,975000.0,49,1025000.0,243.0,1,Hispanic or Latino,White,Male,25-34,95.0,Loan originated
1,1145000.0,44,1685000.0,404.0,1,Not Hispanic or Latino,Asian,Male,45-54,89.99,Loan originated
1,525000.0,49,555000.0,86.0,1,Not Hispanic or Latino,White,Female,35-44,95.0,Loan originated
1,465000.0,30%-<36%,555000.0,144.0,1,Not Hispanic or Latino,White,Female,35-44,85.0,Loan originated
1,655000.0,30%-<36%,685000.0,185.0,1,Not Hispanic or Latino,White,Male,35-44,97.0,Loan originated
1,835000.0,30%-<36%,935000.0,236.0,1,Hispanic or Latino,White,Male,25-34,89.99,Loan originated
1,365000.0,20%-<30%,365000.0,109.0,1,Not Hispanic or Latino,White,Male,35-44,100.127,Application denied
1,685000.0,30%-<36%,855000.0,211.0,1,Not Hispanic or Latino,White,Male,55-64,82.0,Loan originated
1,205000.0,49,265000.0,57.0,1,Hispanic or Latino,White,Female,45-54,80.0,Loan originated
1,965000.0,44,1065000.0,240.0,1,Not Hispanic or Latino,Asian,Male,25-34,90.0,Loan originated
1,825000.0,49,1105000.0,183.0,1,Not Hispanic or Latino,Asian,Female,35-44,75.0,Loan originated
1,545000.0,47,565000.0,165.0,1,Not Hispanic or Latino,Black or African American,Male,55-64,95.0,Loan originated
1,355000.0,46,605000.0,93.0,1,Not Hispanic or Latino,Asian,Male,35-44,58.333,Loan originated
1,365000.0,48,465000.0,78.0,1,Not Hispanic or Latino,Asian,Male,35-44,78.913,Loan originated
1,305000.0,39,805000.0,207.0,1,Not Hispanic or Latino,White,Male,45-54,37.5,Loan originated
1,215000.0,41,315000.0,71.0,1,Not Hispanic or Latino,Asian,Female,55-64,68.254,Loan originated
1,355000.0,49,605000.0,84.0,1,Not Hispanic or Latino,Asian,Male,45-54,58.41,Loan originated
1,455000.0,20%-<30%,565000.0,310.0,1,Not Hispanic or Latino,White,Male,25-34,80.0,Loan originated
1,685000.0,44,905000.0,172.0,1,Not Hispanic or Latino,White,Male,45-54,75.0,Loan originated
1,395000.0,48,495000.0,123.0,1,Hispanic or Latino,White,Female,25-34,80.0,Loan originated
1,365000.0,43,455000.0,227.0,1,Not Hispanic or Latino,White,Female,>74,80.0,Loan originated
1,595000.0,42,745000.0,139.0,1,Not Hispanic or Latino,Asian,Male,35-44,80.0,Loan originated
1,335000.0,45,445000.0,71.0,1,Hispanic or Latino,White,Female,45-54,81.923,Application denied
1,465000.0,43,485000.0,107.0,1,Hispanic or Latino,White,Female,25-34,95.0,Loan originated
1,395000.0,30%-<36%,495000.0,127.0,1,Hispanic or Latino,White,Male,55-64,80.0,Loan originated
1,385000.0,48,435000.0,81.0,1,Not Hispanic or Latino,Black or African American,Male,55-64,90.0,Loan originated
1,545000.0,30%-<36%,845000.0,191.0,1,Not Hispanic or Latino,White,Female,25-34,64.29,Application denied
1,255000.0,49,855000.0,100.0,1,Not Hispanic or Latino,White,Female,55-64,29.412,Loan originated
1,1165000.0,41,1665000.0,302.0,1,Not Hispanic or Latino,Asian,Male,25-34,70.0,Loan originated
1,305000.0,30%-<36%,325000.0,115.0,1,Not Hispanic or Latino,White,Female,35-44,95.0,Loan originated
1,795000.0,44,985000.0,217.0,1,Hispanic or Latino,White,Female,45-54,79.879,Loan originated
1,555000.0,49,815000.0,143.0,1,Hispanic or Latino,White,Male,45-54,69.0,Loan originated
1,1085000.0,49,1375000.0,228.0,1,Not Hispanic or Latino,White,Male,35-44,80.0,Loan originated
1,405000.0,36,425000.0,130.0,1,Not Hispanic or Latino,White,Female,25-34,97.0,Loan originated
1,785000.0,37,1125000.0,240.0,1,Not Hispanic or Latino,Asian,Male,35-44,70.0,Loan originated
1,575000.0,40,615000.0,215.0,1,Hispanic or Latino,White,Female,35-44,95.0,Loan originated
1,425000.0,50%-60%,805000.0,145.0,1,Hispanic or Latino,White,Male,35-44,52.795,Application denied
1,395000.0,47,425000.0,123.0,1,Hispanic or Latino,White,Male,25-34,95.0,Loan originated
1,595000.0,20%-<30%,705000.0,269.0,1,Hispanic or Latino,White,Female,35-44,85.0,Loan originated
1,705000.0,42,885000.0,198.0,1,Not Hispanic or Latino,Asian,Male,35-44,80.0,Loan originated
1,445000.0,20%-<30%,665000.0,213.0,1,Not Hispanic or Latino,Asian,Female,35-44,67.12,Loan originated
1,675000.0,49,715000.0,180.0,1,Not Hispanic or Latino,Asian,Male,35-44,95.0,Loan originated
1,345000.0,44,365000.0,75.0,1,Not Hispanic or Latino,Black or African American,Male,45-54,95.0,Loan originated
1,1005000.0,45,1535000.0,226.0,1,Not Hispanic or Latino,Asian,Female,45-54,65.36,Loan originated
1,605000.0,30%-<36%,625000.0,172.0,1,Not Hispanic or Latino,White,Female,45-54,97.0,Loan originated
1,105000.0,44,705000.0,42.0,1,Not Hispanic or Latino,Asian,Female,45-54,16.0,Loan originated
1,855000.0,41,1375000.0,225.0,1,Not Hispanic or Latino,Asian,Male,35-44,63.0,Loan originated
1,415000.0,30%-<36%,515000.0,143.0,1,Not Hispanic or Latino,Asian,Female,25-34,80.0,Loan originated
1,405000.0,46,455000.0,87.0,1,Hispanic or Latino,White,Female,45-54,91.0,Loan originated
1,465000.0,40,585000.0,111.0,1,Not Hispanic or Latino,Asian,Male,25-34,80.0,Loan originated
1,745000.0,30%-<36%,945000.0,263.0,1,Hispanic or Latino,White,Male,35-44,80.0,Loan originated
1,675000.0,20%-<30%,1275000.0,271.0,1,Not Hispanic or Latino,White,Male,45-54,52.941,Loan originated
1,845000.0,43,1055000.0,204.0,1,Not Hispanic or Latino,Asian,Female,45-54,80.0,Loan originated
1,295000.0,48,305000.0,84.0,1,Hispanic or Latino,White,Female,25-34,95.0,Application denied
1,475000.0,41,655000.0,248.0,1,Not Hispanic or Latino,White,Male,35-44,72.519,Loan originated
1,1135000.0,<20%,1625000.0,652.0,1,Not Hispanic or Latino,Asian,Male,35-44,70.0,Loan originated
1,705000.0,39,875000.0,202.0,1,Hispanic or Latino,White,Female,45-54,80.0,Loan originated
1,795000.0,39,1315000.0,368.0,1,Not Hispanic or Latino,White,Male,55-64,61.509,Loan originated
1,515000.0,49,735000.0,167.0,1,Not Hispanic or Latino,Asian,Female,35-44,70.0,Loan originated
1,315000.0,30%-<36%,395000.0,111.0,1,Not Hispanic or Latino,Asian,Female,65-74,80.0,Loan originated
1,245000.0,36,295000.0,106.0,1,Hispanic or Latino,White,Female,55-64,81.633,Application denied
1,15000.0,30%-<36%,655000.0,185.0,1,Not Hispanic or Latino,Black or African American,Female,35-44,100.0,Loan originated
1,265000.0,42,315000.0,86.0,1,Not Hispanic or Latino,White,Male,35-44,105.0,Loan originated
1,425000.0,42,455000.0,94.0,1,Not Hispanic or Latino,White,Male,35-44,94.88,Loan originated
1,555000.0,49,625000.0,154.0,1,Not Hispanic or Latino,Asian,Male,35-44,90.0,Application denied
1,345000.0,47,415000.0,107.0,1,Not Hispanic or Latino,White,Female,45-54,85.0,Loan originated
1,585000.0,42,735000.0,305.0,1,Not Hispanic or Latino,Asian,Male,<25,80.0,Loan originated
1,815000.0,48,865000.0,270.0,1,Not Hispanic or Latino,White,Female,35-44,95.0,Loan originated
1,335000.0,45,605000.0,79.0,1,Not Hispanic or Latino,White,Male,45-54,55.0,Loan originated
1,475000.0,20%-<30%,725000.0,244.0,1,Not Hispanic or Latino,Asian,Male,55-64,65.517,Loan originated
1,475000.0,36,485000.0,118.0,1,Hispanic or Latino,White,Male,25-34,97.0,Loan originated
1,375000.0,38,385000.0,94.0,1,Hispanic or Latino,White,Male,25-34,100.0,Loan originated
1,315000.0,49,395000.0,71.0,1,Hispanic or Latino,White,Female,25-34,80.0,Loan originated
1,695000.0,41,875000.0,245.0,1,Not Hispanic or Latino,Asian,Female,35-44,80.0,Loan originated
1,375000.0,30%-<36%,675000.0,136.0,1,Not Hispanic or Latino,White,Male,55-64,56.0,Loan originated
1,565000.0,42,585000.0,143.0,1,Hispanic or Latino,White,Female,55-64,97.0,Loan originated
1,385000.0,45,495000.0,126.0,1,Not Hispanic or Latino,White,Female,35-44,80.0,Loan originated
1,505000.0,<20%,1105000.0,432.0,1,Not Hispanic or Latino,Asian,Male,45-54,45.45,Loan originated
1,675000.0,42,905000.0,154.0,1,Not Hispanic or Latino,Asian,Female,25-34,75.0,Loan originated
1,565000.0,41,665000.0,130.0,1,Hispanic or Latino,White,Male,35-44,85.0,Loan originated
1,455000.0,48,615000.0,93.0,1,Not Hispanic or Latino,White,Male,<25,75.0,Loan originated
1,665000.0,>60%,835000.0,100.0,1,Hispanic or Latino,White,Male,35-44,80.0,Loan originated
1,715000.0,30%-<36%,955000.0,333.0,1,Not Hispanic or Latino,White,Male,45-54,90.0,Loan originated
1,675000.0,40,945000.0,162.0,1,Not Hispanic or Latino,Asian,Male,45-54,71.0,Loan originated
1,575000.0,38,675000.0,241.0,1,Not Hispanic or Latino,White,Female,45-54,85.0,Loan originated
1,645000.0,20%-<30%,765000.0,279.0,1,Not Hispanic or Latino,White,Male,35-44,85.027,Loan originated
1,1125000.0,49,1405000.0,268.0,1,Not Hispanic or Latino,White,Female,35-44,80.0,Loan originated
1,145000.0,30%-<36%,175000.0,121.0,1,Hispanic or Latino,White,Male,45-54,80.53,Loan originated
1,475000.0,39,505000.0,121.0,1,Hispanic or Latino,White,Male,25-34,95.0,Loan originated
1,555000.0,20%-<30%,855000.0,202.0,1,Not Hispanic or Latino,Asian,Male,45-54,65.0,Loan originated
1,275000.0,>60%,415000.0,37.0,1,Not Hispanic or Latino,Asian,Female,25-34,66.102,Application denied
1,205000.0,<20%,735000.0,165.0,1,Not Hispanic or Latino,Asian,Female,25-34,27.211,Loan originated
1,215000.0,41,275000.0,158.0,1,Hispanic or Latino,White,Male,35-44,80.0,Loan originated
1,765000.0,41,1165000.0,312.0,1,Not Hispanic or Latino,White,Male,25-34,65.517,Loan originated
1,205000.0,36,525000.0,79.0,1,Not Hispanic or Latino,White,Female,25-34,38.21,Loan originated
1,305000.0,30%-<36%,375000.0,149.0,1,Not Hispanic or Latino,Asian,Male,55-64,80.0,Loan originated
1,405000.0,41,475000.0,95.0,1,Not Hispanic or Latino,White,Male,25-34,85.0,Loan originated
1,635000.0,36,995000.0,187.0,1,Not Hispanic or Latino,White,Female,35-44,63.589,Loan originated
1,525000.0,30%-<36%,655000.0,188.0,1,Not Hispanic or Latino,Asian,Male,35-44,80.0,Loan originated
1,445000.0,48,455000.0,96.0,1,Not Hispanic or Latino,Asian,Male,25-34,97.0,Loan originated
1,485000.0,41,605000.0,118.0,1,Not Hispanic or Latino,Asian,Male,25-34,80.0,Loan originated
1,335000.0,30%-<36%,735000.0,101.0,1,Not Hispanic or Latino,Asian,Female,55-64,45.205,Loan originated
1,245000.0,49,395000.0,60.0,1,Not Hispanic or Latino,White,Female,65-74,63.0,Loan originated
1,505000.0,39,525000.0,152.0,1,Not Hispanic or Latino,Black or African American,Female,25-34,97.0,Loan originated
1,305000.0,43,405000.0,170.0,1,Not Hispanic or Latino,White,Male,45-54,75.0,Loan originated
1,665000.0,46,835000.0,161.0,1,Not Hispanic or Latino,White,Male,25-34,80.0,Loan originated
1,455000.0,<20%,1775000.0,335.0,1,Not Hispanic or Latino,White,Female,55-64,25.363,Loan originated
1,955000.0,30%-<36%,1755000.0,310.0,1,Not Hispanic or Latino,White,Female,25-34,54.29,Loan originated
1,1105000.0,44,1555000.0,252.0,1,Not Hispanic or Latino,Asian,Male,35-44,70.968,Loan originated
1,555000.0,43,585000.0,172.0,1,Not Hispanic or Latino,White,Female,35-44,95.0,Loan originated
1,435000.0,48,615000.0,94.0,1,Hispanic or Latino,White,Female,35-44,90.0,Loan originated
1,445000.0,49,555000.0,104.0,1,Not Hispanic or Latino,Asian,Male,35-44,100.0,Application denied
1,825000.0,43,1105000.0,225.0,1,Not Hispanic or Latino,White,Male,35-44,75.0,Loan originated
1,595000.0,47,1175000.0,175.0,1,Not Hispanic or Latino,White,Male,25-34,50.85,Loan originated
1,275000.0,40,475000.0,127.0,1,Not Hispanic or Latino,White,Female,35-44,75.0,Loan originated
1,105000.0,39,305000.0,176.0,1,Not Hispanic or Latino,White,Female,65-74,33.95,Loan originated
1,325000.0,39,405000.0,92.0,1,Not Hispanic or Latino,White,Female,<25,79.995,Loan originated
1,505000.0,47,625000.0,167.0,1,Not Hispanic or Latino,Asian,Female,25-34,80.0,Loan originated
1,435000.0,30%-<36%,545000.0,95.0,1,Not Hispanic or Latino,White,Female,25-34,80.0,Loan originated
1,765000.0,50%-60%,1505000.0,218.0,1,Not Hispanic or Latino,White,Male,25-34,73.333,Application denied
1,765000.0,30%-<36%,2935000.0,282.0,1,Not Hispanic or Latino,Asian,Male,35-44,26.162,Loan originated
1,375000.0,46,385000.0,82.0,1,Not Hispanic or Latino,White,Female,35-44,95.0,Loan originated
1,505000.0,49,595000.0,118.0,1,Not Hispanic or Latino,White,Male,25-34,84.975,Loan originated
1,315000.0,49,465000.0,56.0,1,Hispanic or Latino,White,Female,25-34,68.096,Loan originated
1,625000.0,30%-<36%,695000.0,183.0,1,Not Hispanic or Latino,White,Male,25-34,91.0,Loan originated
1,275000.0,45,335000.0,69.0,1,Not Hispanic or Latino,White,Male,55-64,80.0,Loan originated
1,455000.0,>60%,875000.0,98.0,1,Not Hispanic or Latino,White,Male,65-74,51.724,Loan originated
1,725000.0,20%-<30%,905000.0,504.0,1,Not Hispanic or Latino,White,Male,45-54,80.0,Loan originated
1,365000.0,47,385000.0,128.0,1,Hispanic or Latino,White,Male,35-44,95.0,Loan originated
1,565000.0,40,715000.0,150.0,1,Not Hispanic or Latino,White,Male,35-44,80.0,Loan originated
1,805000.0,20%-<30%,1285000.0,345.0,1,Not Hispanic or Latino,Asian,Male,35-44,62.5,Loan originated
1,755000.0,30%-<36%,2225000.0,269.0,1,Not Hispanic or Latino,White,Male,35-44,33.71,Loan originated
1,555000.0,41,695000.0,210.0,1,Not Hispanic or Latino,Black or African American,Male,35-44,80.0,Loan originated
1,355000.0,20%-<30%,725000.0,153.0,1,Not Hispanic or Latino,Asian,Male,45-54,49.1,Loan originated
1,485000.0,48,615000.0,120.0,1,Not Hispanic or Latino,White,Female,55-64,80.0,Loan originated
1,605000.0,39,755000.0,468.0,1,Not Hispanic or Latino,White,Female,55-64,80.0,Loan originated
1,245000.0,48,485000.0,138.0,1,Not Hispanic or Latino,Asian,Female,45-54,50.0,Loan originated
1,105000.0,30%-<36%,445000.0,100.0,1,Not Hispanic or Latino,White,Female,65-74,22.727,Loan originated
1,355000.0,46,515000.0,88.0,1,Hispanic or Latino,American Indian or Alaska Native,Male,45-54,67.961,Loan originated
1,265000.0,49,365000.0,56.0,1,Not Hispanic or Latino,White,Male,45-54,73.64,Loan originated
1,325000.0,46,415000.0,63.0,1,Not Hispanic or Latino,Asian,Male,45-54,100.0,Loan originated
1,605000.0,30%-<36%,1115000.0,346.0,1,Not Hispanic or Latino,White,Male,55-64,54.508,Loan originated
1,415000.0,<20%,515000.0,384.0,1,Not Hispanic or Latino,White,Female,55-64,80.0,Loan originated
1,765000.0,30%-<36%,1025000.0,258.0,1,Not Hispanic or Latino,White,Female,45-54,74.562,Application denied
1,245000.0,47,355000.0,119.0,1,Hispanic or Latino,White,Male,35-44,69.18,Loan originated
1,1005000.0,30%-<36%,2275000.0,343.0,1,Hispanic or Latino,White,Female,35-44,44.053,Loan originated
1,535000.0,41,675000.0,143.0,1,Not Hispanic or Latino,Asian,Male,35-44,80.0,Application denied
1,305000.0,42,625000.0,75.0,1,Hispanic or Latino,White,Male,35-44,48.387,Loan originated
1,485000.0,30%-<36%,545000.0,194.0,1,Not Hispanic or Latino,Black or African American,Female,45-54,90.0,Loan originated
1,655000.0,44,705000.0,162.0,1,Hispanic or Latino,American Indian or Alaska Native,Male,65-74,92.933,Loan originated
1,445000.0,44,635000.0,175.0,1,Not Hispanic or Latino,Asian,Female,55-64,70.0,Loan originated
1,505000.0,48,635000.0,120.0,1,Not Hispanic or Latino,Black or African American,Female,35-44,80.0,Loan originated
1,655000.0,38,815000.0,213.0,1,Not Hispanic or Latino,White,Male,25-34,80.0,Loan originated
1,615000.0,50%-60%,775000.0,176.0,1,Not Hispanic or Latino,White,Male,>74,80.0,Loan originated
1,575000.0,30%-<36%,775000.0,140.0,1,Not Hispanic or Latino,Asian,Female,25-34,75.0,Loan originated
1,645000.0,46,815000.0,181.0,1,Hispanic or Latino,White,Male,35-44,80.0,Loan originated
1,65000.0,30%-<36%,75000.0,135.0,1,Not Hispanic or Latino,White,Female,65-74,82.56,Loan originated
1,505000.0,<20%,845000.0,335.0,1,Not Hispanic or Latino,Asian,Male,45-54,59.53,Loan originated
1,265000.0,41,285000.0,69.0,1,Hispanic or Latino,White,Male,<25,95.0,Loan originated
1,225000.0,49,285000.0,56.0,1,Not Hispanic or Latino,White,Male,55-64,80.0,Loan originated
1,925000.0,20%-<30%,1855000.0,314.0,1,Not Hispanic or Latino,Asian,Male,35-44,50.0,Loan originated
1,915000.0,47,1525000.0,205.0,1,Not Hispanic or Latino,White,Male,45-54,60.0,Loan originated
1,215000.0,45,255000.0,56.0,1,Hispanic or Latino,White,Male,25-34,89.902,Loan originated
1,705000.0,45,785000.0,200.0,1,Not Hispanic or Latino,Asian,Male,35-44,89.968,Loan originated
1,975000.0,20%-<30%,1625000.0,384.0,1,Not Hispanic or Latino,Asian,Male,25-34,60.0,Loan originated
1,495000.0,20%-<30%,895000.0,241.0,1,Not Hispanic or Latino,Asian,Male,35-44,56.0,Loan originated
1,615000.0,41,645000.0,151.0,1,Hispanic or Latino,White,Male,35-44,95.0,Loan originated
1,755000.0,40,1135000.0,219.0,1,Not Hispanic or Latino,White,Male,35-44,66.08,Loan originated
1,365000.0,30%-<36%,865000.0,205.0,1,Not Hispanic or Latino,Asian,Female,25-34,42.197,Loan originated
1,405000.0,45,425000.0,82.0,1,Hispanic or Latino,White,Male,45-54,95.0,Loan originated
1,375000.0,47,475000.0,96.0,1,Not Hispanic or Latino,Asian,Male,35-44,80.0,Loan originated
1,105000.0,48,105000.0,75.0,1,Not Hispanic or Latino,White,Male,35-44,100.31,Application denied
1,565000.0,45,705000.0,116.0,1,Not Hispanic or Latino,Asian,Male,25-34,80.0,Loan originated
1,405000.0,37,585000.0,148.0,1,Not Hispanic or Latino,Asian,Male,65-74,70.0,Loan originated
1,695000.0,43,995000.0,200.0,1,Not Hispanic or Latino,American Indian or Alaska Native,Male,35-44,84.593,Loan originated
1,675000.0,48,905000.0,143.0,1,Not Hispanic or Latino,White,Male,45-54,149.26,Loan originated
1,895000.0,36,1195000.0,263.0,1,Not Hispanic or Latino,White,Male,35-44,75.0,Loan originated
1,265000.0,20%-<30%,335000.0,256.0,1,Hispanic or Latino,American Indian or Alaska Native,Female,35-44,80.0,Loan originated
1,695000.0,20%-<30%,825000.0,366.0,1,Hispanic or Latino,White,Male,45-54,84.394,Loan originated
1,435000.0,36,715000.0,144.0,1,Not Hispanic or Latino,Asian,Female,25-34,60.7,Loan originated
1,645000.0,20%-<30%,805000.0,561.0,1,Not Hispanic or Latino,White,Female,35-44,80.0,Loan originated
1,365000.0,45,375000.0,86.0,1,Not Hispanic or Latino,Asian,Female,25-34,97.0,Loan originated
1,425000.0,47,455000.0,85.0,1,Hispanic or Latino,White,Male,<25,98.0,Loan originated
1,425000.0,40,755000.0,136.0,1,Not Hispanic or Latino,White,Male,35-44,55.966,Loan originated
1,755000.0,46,945000.0,156.0,1,Not Hispanic or Latino,White,Female,35-44,80.0,Loan originated
1,445000.0,30%-<36%,645000.0,283.0,1,Hispanic or Latino,White,Female,25-34,68.75,Loan originated
1,1065000.0,47,1445000.0,273.0,1,Not Hispanic or Latino,Asian,Male,35-44,73.509,Loan originated
1,755000.0,44,1005000.0,367.0,1,Not Hispanic or Latino,White,Male,45-54,75.0,Loan originated
1,605000.0,40,755000.0,497.0,1,Hispanic or Latino,White,Male,55-64,80.0,Loan originated
1,485000.0,44,495000.0,137.0,1,Hispanic or Latino,White,Male,25-34,100.395,Loan originated
1,345000.0,45,435000.0,90.0,1,Hispanic or Latino,White,Female,<25,80.0,Loan originated
1,515000.0,42,575000.0,144.0,1,Not Hispanic or Latino,White,Female,55-64,90.0,Loan originated
1,735000.0,20%-<30%,975000.0,240.0,1,Not Hispanic or Latino,White,Male,35-44,75.0,Loan originated
1,355000.0,49,945000.0,83.0,1,Not Hispanic or Latino,White,Female,45-54,37.632,Loan originated
1,325000.0,48,385000.0,70.0,1,Not Hispanic or Latino,White,Female,<25,84.42,Loan originated
1,565000.0,48,585000.0,132.0,1,Not Hispanic or Latino,Asian,Male,35-44,97.0,Loan originated
1,865000.0,37,1155000.0,263.0,1,Not Hispanic or Latino,Asian,Female,65-74,75.0,Loan originated
1,395000.0,41,435000.0,112.0,1,Not Hispanic or Latino,Asian,Female,45-54,90.0,Loan originated
1,1065000.0,30%-<36%,1425000.0,281.0,1,Hispanic or Latino,Asian,Female,45-54,75.0,Loan originated
1,1145000.0,49,1345000.0,376.0,1,Not Hispanic or Latino,White,Male,35-44,85.0,Loan originated
1,225000.0,44,245000.0,65.0,1,Hispanic or Latino,White,Male,35-44,95.0,Loan originated
1,645000.0,49,715000.0,138.0,1,Not Hispanic or Latino,Black or African American,Female,25-34,89.99,Loan originated
1,125000.0,20%-<30%,135000.0,83.0,1,Hispanic or Latino,White,Male,25-34,95.0,Loan originated
1,635000.0,30%-<36%,1185000.0,212.0,1,Not Hispanic or Latino,Asian,Male,25-34,56.09,Loan originated
1,625000.0,37,775000.0,260.0,1,Not Hispanic or Latino,Asian,Female,45-54,80.0,Loan originated
1,385000.0,49,545000.0,82.0,1,Not Hispanic or Latino,Asian,Female,55-64,71.236,Loan originated
1,945000.0,48,1175000.0,180.0,1,Not Hispanic or Latino,White,Male,25-34,80.0,Loan originated
1,505000.0,48,525000.0,447.0,1,Not Hispanic or Latino,White,Male,35-44,95.0,Loan originated
1,215000.0,49,1305000.0,77.0,1,Not Hispanic or Latino,Asian,Male,45-54,16.692,Application denied
1,15000.0,37,565000.0,168.0,1,Hispanic or Latino,White,Male,25-34,100.0,Loan originated
1,725000.0,46,905000.0,155.0,1,Not Hispanic or Latino,White,Male,25-34,80.0,Loan originated
1,365000.0,49,835000.0,91.0,1,Not Hispanic or Latino,White,Male,35-44,43.114,Loan originated
1,475000.0,20%-<30%,855000.0,232.0,1,Not Hispanic or Latino,Asian,Male,25-34,55.294,Loan originated
1,415000.0,48,465000.0,85.0,1,Hispanic or Latino,White,Female,25-34,90.0,Loan originated
1,655000.0,45,725000.0,152.0,1,Not Hispanic or Latino,Asian,Male,35-44,89.99,Loan originated
1,465000.0,43,585000.0,120.0,1,Hispanic or Latino,White,Male,25-34,80.0,Loan originated
1,255000.0,20%-<30%,395000.0,100.0,1,Hispanic or Latino,White,Male,35-44,64.103,Loan originated
1,515000.0,20%-<30%,735000.0,346.0,1,Not Hispanic or Latino,Asian,Female,25-34,70.0,Loan originated
1,635000.0,49,845000.0,151.0,1,Not Hispanic or Latino,Asian,Female,35-44,75.0,Loan originated
1,715000.0,41,735000.0,191.0,1,Not Hispanic or Latino,Black or African American,Male,35-44,97.0,Loan originated
1,1055000.0,44,1325000.0,262.0,1,Not Hispanic or Latino,White,Female,35-44,80.0,Loan originated
1,565000.0,46,715000.0,160.0,1,Not Hispanic or Latino,White,Male,25-34,80.0,Loan originated
1,225000.0,49,505000.0,67.0,1,Hispanic or Latino,White,Female,65-74,56.559,Loan originated
1,465000.0,47,595000.0,111.0,1,Not Hispanic or Latino,Black or African American,Male,25-34,78.035,Loan originated
1,615000.0,50%-60%,685000.0,92.0,1,Hispanic or Latino,White,Male,35-44,89.781,Loan originated
1,495000.0,49,645000.0,130.0,1,Not Hispanic or Latino,Asian,Female,35-44,76.744,Loan originated
1,225000.0,20%-<30%,595000.0,114.0,1,Not Hispanic or Latino,White,Female,55-64,37.288,Loan originated
1,485000.0,47,505000.0,150.0,1,Hispanic or Latino,White,Male,55-64,95.0,Loan originated
1,465000.0,49,635000.0,120.0,1,Hispanic or Latino,White,Male,35-44,72.635,Loan originated
1,705000.0,44,725000.0,156.0,1,Hispanic or Latino,White,Female,35-44,97.0,Loan originated
1,605000.0,39,755000.0,155.0,1,Not Hispanic or Latino,2 or more minority races,Male,35-44,80.0,Loan originated
1,845000.0,41,1775000.0,112.0,1,Not Hispanic or Latino,White,Female,55-64,47.324,Loan originated
1,665000.0,20%-<30%,895000.0,290.0,1,Not Hispanic or Latino,White,Male,45-54,75.0,Loan originated
1,275000.0,49,705000.0,78.0,1,Not Hispanic or Latino,Asian,Female,45-54,39.0,Loan originated
1,455000.0,48,615000.0,122.0,1,Not Hispanic or Latino,White,Female,35-44,75.0,Loan originated
1,425000.0,46,505000.0,110.0,1,Hispanic or Latino,White,Male,35-44,85.0,Loan originated
1,945000.0,43,1055000.0,253.0,1,Not Hispanic or Latino,White,Male,35-44,90.0,Loan originated
1,15000.0,30%-<36%,325000.0,81.0,1,Not Hispanic or Latino,American Indian or Alaska Native,Female,55-64,101.5,Loan originated
1,235000.0,49,885000.0,69.0,1,Not Hispanic or Latino,White,Female,55-64,27.0,Loan originated
1,365000.0,42,455000.0,83.0,1,Not Hispanic or Latino,2 or more minority races,Female,35-44,80.0,Loan originated
1,165000.0,48,175000.0,88.0,1,Hispanic or Latino,White,Female,<25,97.0,Application denied
1,975000.0,39,1085000.0,305.0,1,Not Hispanic or Latino,Asian,Female,25-34,89.81,Loan originated
1,1125000.0,50%-60%,1605000.0,249.0,1,Not Hispanic or Latino,White,Male,35-44,70.0,Loan originated
1,425000.0,46,535000.0,12.0,1,Not Hispanic or Latino,Asian,Male,55-64,80.0,Loan originated
1,885000.0,49,1025000.0,170.0,1,Not Hispanic or Latino,Asian,Male,35-44,88.0,Loan originated
1,565000.0,46,715000.0,232.0,1,Hispanic or Latino,White,Female,35-44,80.0,Loan originated
1,305000.0,43,525000.0,71.0,1,Hispanic or Latino,White,Male,35-44,57.143,Loan originated
1,405000.0,45,505000.0,155.0,1,Not Hispanic or Latino,Asian,Male,>74,80.0,Application denied
1,95000.0,44,105000.0,72.0,1,Hispanic or Latino,White,Female,55-64,91.58,Loan originated
1,375000.0,30%-<36%,1515000.0,168.0,1,Not Hispanic or Latino,White,Male,65-74,24.752,Loan originated
1,585000.0,49,695000.0,130.0,1,Not Hispanic or Latino,Asian,Female,65-74,85.0,Loan originated
1,525000.0,<20%,655000.0,400.0,1,Hispanic or Latino,White,Male,35-44,80.0,Loan originated
1,315000.0,49,395000.0,156.0,1,Not Hispanic or Latino,Asian,Male,25-34,80.0,Application denied
1,435000.0,38,455000.0,140.0,1,Not Hispanic or Latino,White,Male,35-44,97.0,Loan originated
1,125000.0,46,555000.0,51.0,1,Hispanic or Latino,White,Male,55-64,21.63,Loan originated
1,415000.0,36,515000.0,156.0,1,Not Hispanic or Latino,Asian,Male,35-44,80.0,Loan originated
1,265000.0,48,525000.0,59.0,1,Not Hispanic or Latino,White,Male,25-34,50.857,Loan originated
1,325000.0,49,335000.0,65.0,1,Not Hispanic or Latino,White,Female,25-34,97.0,Loan originated
1,635000.0,30%-<36%,795000.0,200.0,1,Not Hispanic or Latino,Black or African American,Female,45-54,80.0,Loan originated
1,555000.0,39,795000.0,197.0,1,Hispanic or Latino,Asian,Male,45-54,69.99,Loan originated
1,185000.0,40,225000.0,47.0,1,Not Hispanic or Latino,White,Male,55-64,80.0,Loan originated
1,525000.0,49,875000.0,134.0,1,Not Hispanic or Latino,White,Male,65-74,59.77,Loan originated
1,605000.0,44,645000.0,151.0,1,Not Hispanic or Latino,White,Female,25-34,95.0,Loan originated
1,185000.0,30%-<36%,885000.0,80.0,1,Hispanic or Latino,White,Male,45-54,21.26,Loan originated
1,725000.0,49,765000.0,283.0,1,Not Hispanic or Latino,White,Male,45-54,95.0,Loan originated
1,255000.0,47,665000.0,120.0,1,Not Hispanic or Latino,White,Male,55-64,37.879,Loan originated
1,305000.0,49,1135000.0,99.0,1,Not Hispanic or Latino,White,Female,65-74,26.43,Loan originated
1,415000.0,40,555000.0,99.0,1,Hispanic or Latino,White,Male,25-34,95.0,Loan originated
1,205000.0,20%-<30%,305000.0,169.0,1,Not Hispanic or Latino,White,Female,55-64,67.21,Loan originated
1,505000.0,40,635000.0,116.0,1,Not Hispanic or Latino,White,Male,35-44,100.0,Loan originated
1,895000.0,40,895000.0,273.0,1,Not Hispanic or Latino,Black or African American,Male,25-34,100.0,Loan originated
1,425000.0,41,535000.0,108.0,1,Hispanic or Latino,White,Male,35-44,80.0,Loan originated
1,445000.0,50%-60%,765000.0,79.0,1,Hispanic or Latino,White,Male,45-54,58.947,Application denied
1,365000.0,49,465000.0,78.0,1,Not Hispanic or Latino,White,Female,25-34,80.0,Loan originated
1,805000.0,44,1055000.0,200.0,1,Not Hispanic or Latino,White,Female,35-44,76.19,Loan originated
1,405000.0,30%-<36%,615000.0,118.0,1,Not Hispanic or Latino,White,Male,25-34,66.074,Loan originated
1,585000.0,49,985000.0,222.0,1,Not Hispanic or Latino,White,Female,45-54,59.184,Loan originated
1,465000.0,20%-<30%,575000.0,328.0,1,Not Hispanic or Latino,Asian,Male,45-54,80.0,Loan originated
1,625000.0,30%-<36%,895000.0,211.0,1,Not Hispanic or Latino,Asian,Male,25-34,70.0,Loan originated
1,555000.0,49,695000.0,238.0,1,Not Hispanic or Latino,Black or African American,Male,25-34,80.0,Loan originated
1,665000.0,>60%,705000.0,21.0,1,Hispanic or Latino,White,Male,<25,95.0,Application denied
1,705000.0,36,875000.0,252.0,1,Not Hispanic or Latino,Asian,Female,35-44,80.0,Loan originated
1,575000.0,<20%,755000.0,491.0,1,Not Hispanic or Latino,White,Male,35-44,76.791,Loan originated
1,335000.0,39,345000.0,96.0,1,Not Hispanic or Latino,Asian,Female,25-34,95.0,Loan originated
1,945000.0,45,1055000.0,209.0,1,Not Hispanic or Latino,White,Male,45-54,90.0,Loan originated
1,385000.0,>60%,395000.0,37.0,1,Hispanic or Latino,White,Male,25-34,97.0,Application denied
1,165000.0,45,175000.0,127.0,1,Not Hispanic or Latino,White,Male,45-54,95.0,Loan originated
1,925000.0,48,1155000.0,182.0,1,Not Hispanic or Latino,White,Female,35-44,80.0,Loan originated
1,685000.0,49,1005000.0,143.0,1,Not Hispanic or Latino,White,Male,65-74,68.5,Loan originated
1,465000.0,37,655000.0,156.0,1,Not Hispanic or Latino,White,Male,35-44,70.0,Loan originated
1,525000.0,49,695000.0,200.0,1,Not Hispanic or Latino,Asian,Male,45-54,75.0,Loan originated
1,605000.0,44,765000.0,148.0,1,Not Hispanic or Latino,Black or African American,Male,35-44,99.7368,Loan originated
1,775000.0,41,1175000.0,183.0,1,Not Hispanic or Latino,White,Male,55-64,66.0,Loan originated
1,505000.0,46,525000.0,109.0,1,Not Hispanic or Latino,White,Male,35-44,98.0,Loan originated
1,405000.0,39,505000.0,95.0,1,Not Hispanic or Latino,White,Female,35-44,80.0,Loan originated
1,155000.0,42,295000.0,49.0,1,Not Hispanic or Latino,Asian,Female,35-44,53.79,Loan originated
1,645000.0,39,805000.0,182.0,1,Not Hispanic or Latino,White,Male,45-54,80.0,Loan originated
1,605000.0,39,675000.0,78.0,1,Not Hispanic or Latino,White,Male,<25,90.0,Loan originated
1,85000.0,46,95000.0,55.0,1,Not Hispanic or Latino,Black or African American,Female,55-64,96.29,Application denied
1,535000.0,42,715000.0,187.0,1,Not Hispanic or Latino,Asian,Male,35-44,74.87,Loan originated
1,365000.0,20%-<30%,555000.0,156.0,1,Not Hispanic or Latino,White,Female,65-74,64.865,Loan originated
1,475000.0,43,505000.0,123.0,1,Hispanic or Latino,White,Female,35-44,95.0,Loan originated
1,555000.0,20%-<30%,585000.0,263.0,1,Not Hispanic or Latino,White,Male,25-34,95.0,Loan originated
1,435000.0,45,625000.0,101.0,1,Not Hispanic or Latino,White,Male,45-54,70.161,Loan originated
1,765000.0,49,1085000.0,174.0,1,Not Hispanic or Latino,White,Male,25-34,70.977,Loan originated
1,415000.0,44,525000.0,100.0,1,Hispanic or Latino,White,Male,55-64,80.0,Loan originated
1,435000.0,49,465000.0,120.0,1,Hispanic or Latino,White,Female,45-54,95.0,Loan originated
1,355000.0,38,485000.0,100.0,1,Hispanic or Latino,White,Female,55-64,73.196,Loan originated
1,555000.0,20%-<30%,955000.0,263.0,1,Not Hispanic or Latino,White,Male,35-44,59.0,Loan originated
1,765000.0,20%-<30%,1085000.0,575.0,1,Hispanic or Latino,White,Male,45-54,70.49,Loan originated
1,325000.0,38,355000.0,80.0,1,Hispanic or Latino,White,Male,25-34,90.0,Loan originated
1,505000.0,20%-<30%,675000.0,206.0,1,Not Hispanic or Latino,Asian,Male,25-34,75.0,Loan originated
1,605000.0,30%-<36%,805000.0,199.0,1,Not Hispanic or Latino,White,Male,25-34,75.0,Loan originated
1,375000.0,46,415000.0,111.0,1,Not Hispanic or Latino,White,Female,35-44,90.0,Loan originated
1,105000.0,46,775000.0,55.0,1,Not Hispanic or Latino,White,Male,>74,14.0,Loan originated
1,1145000.0,45,1215000.0,275.0,1,Not Hispanic or Latino,White,Male,25-34,94.95,Loan originated
1,585000.0,38,695000.0,146.0,1,Not Hispanic or Latino,White,Female,<25,85.0,Loan originated
1,295000.0,49,315000.0,57.0,1,Not Hispanic or Latino,White,Male,<25,95.0,Loan originated
1,955000.0,20%-<30%,1755000.0,667.0,1,Not Hispanic or Latino,Asian,Male,35-44,54.416,Loan originated
1,885000.0,30%-<36%,1105000.0,301.0,1,Not Hispanic or Latino,White,Female,45-54,80.0,Loan originated
1,675000.0,48,715000.0,140.0,1,Hispanic or Latino,White,Female,35-44,95.0,Loan originated
1,505000.0,42,635000.0,126.0,1,Not Hispanic or Latino,White,Male,25-34,80.0,Loan originated
1,765000.0,30%-<36%,1025000.0,626.0,1,Not Hispanic or Latino,Asian,Male,35-44,75.0,Loan originated
1,325000.0,36,525000.0,108.0,1,Not Hispanic or Latino,White,Female,45-54,62.055,Loan originated
1,1005000.0,37,1355000.0,269.0,1,Not Hispanic or Latino,White,Female,35-44,74.444,Loan originated
1,505000.0,38,535000.0,173.0,1,Not Hispanic or Latino,White,Male,45-54,95.0,Loan originated
1,565000.0,20%-<30%,595000.0,219.0,1,Not Hispanic or Latino,Black or African American,Male,35-44,95.0,Loan originated
1,445000.0,43,475000.0,119.0,1,Hispanic or Latino,White,Male,25-34,95.0,Loan originated
1,455000.0,42,475000.0,100.0,1,Hispanic or Latino,White,Female,25-34,97.0,Loan originated
1,685000.0,20%-<30%,855000.0,291.0,1,Hispanic or Latino,White,Male,25-34,80.0,Loan originated
1,505000.0,44,535000.0,115.0,1,Not Hispanic or Latino,White,Male,35-44,95.0,Loan originated
1,685000.0,46,855000.0,163.0,1,Not Hispanic or Latino,White,Female,45-54,80.0,Loan originated
1,605000.0,37,755000.0,220.0,1,Not Hispanic or Latino,Asian,Female,55-64,80.0,Loan originated
1,645000.0,38,835000.0,178.0,1,Hispanic or Latino,White,Male,45-54,77.1,Loan originated
1,645000.0,44,1175000.0,158.0,1,Not Hispanic or Latino,White,Female,35-44,54.283,Loan originated
1,435000.0,40,455000.0,112.0,1,Not Hispanic or Latino,Asian,Female,25-34,100.0,Loan originated
1,425000.0,46,445000.0,86.0,1,Hispanic or Latino,White,Male,45-54,95.0,Loan originated
1,115000.0,20%-<30%,845000.0,100.0,1,Not Hispanic or Latino,White,Male,25-34,14.0,Loan originated
1,205000.0,<20%,975000.0,193.0,1,Not Hispanic or Latino,Asian,Female,55-64,20.429,Loan originated
1,755000.0,30%-<36%,845000.0,226.0,1,Not Hispanic or Latino,White,Female,25-34,90.0,Loan originated
1,585000.0,20%-<30%,735000.0,362.0,1,Not Hispanic or Latino,White,Female,35-44,80.0,Loan originated
1,445000.0,49,555000.0,349.0,1,Not Hispanic or Latino,White,Male,65-74,80.0,Loan originated
1,385000.0,49,535000.0,102.0,1,Not Hispanic or Latino,White,Female,55-64,71.802,Loan originated
1,665000.0,48,955000.0,140.0,1,Not Hispanic or Latino,Asian,Male,35-44,70.0,Loan originated
1,905000.0,30%-<36%,1125000.0,1037.0,1,Not Hispanic or Latino,Asian,Female,65-74,80.0,Loan originated
1,605000.0,20%-<30%,755000.0,216.0,1,Not Hispanic or Latino,Asian,Male,25-34,80.0,Loan originated
1,275000.0,48,325000.0,60.0,1,Not Hispanic or Latino,Black or African American,Male,25-34,84.75,Application denied
1,205000.0,44,355000.0,97.0,1,Hispanic or Latino,White,Female,65-74,57.14,Application denied
1,295000.0,20%-<30%,915000.0,128.0,1,Not Hispanic or Latino,White,Male,55-64,32.406,Loan originated
1,705000.0,49,935000.0,127.0,1,Not Hispanic or Latino,Asian,Male,45-54,75.0,Loan originated
1,585000.0,39,735000.0,164.0,1,Not Hispanic or Latino,White,Male,55-64,80.0,Loan originated
1,865000.0,20%-<30%,1155000.0,1275.0,1,Not Hispanic or Latino,Asian,Male,35-44,75.0,Loan originated
1,445000.0,40,745000.0,123.0,1,Not Hispanic or Latino,Asian,Male,25-34,59.94,Loan originated
1,485000.0,38,515000.0,155.0,1,Not Hispanic or Latino,Black or African American,Female,45-54,95.0,Loan originated
1,465000.0,42,495000.0,111.0,1,Not Hispanic or Latino,Asian,Male,35-44,93.0,Loan originated
1,885000.0,30%-<36%,935000.0,242.0,1,Not Hispanic or Latino,White,Female,35-44,95.0,Loan originated
1,1095000.0,39,1365000.0,272.0,1,Not Hispanic or Latino,Asian,Male,35-44,80.0,Loan originated
1,315000.0,40,375000.0,150.0,1,Not Hispanic or Latino,White,Male,55-64,85.0,Loan originated
1,295000.0,30%-<36%,315000.0,94.0,1,Hispanic or Latino,White,Male,55-64,95.0,Loan originated
1,645000.0,50%-60%,805000.0,123.0,1,Not Hispanic or Latino,Asian,Male,45-54,79.926,Application denied
1,445000.0,47,465000.0,102.0,1,Not Hispanic or Latino,Asian,Male,55-64,95.0,Loan originated
1,305000.0,40,1215000.0,87.0,1,Not Hispanic or Latino,American Indian or Alaska Native,Male,55-64,24.793,Loan originated
1,225000.0,49,265000.0,52.0,1,Hispanic or Latino,White,Male,25-34,86.538,Loan originated
1,735000.0,46,915000.0,156.0,1,Not Hispanic or Latino,White,Female,35-44,80.0,Loan originated
1,735000.0,39,915000.0,221.0,1,Hispanic or Latino,White,Male,45-54,80.0,Loan originated
1,555000.0,48,695000.0,123.0,1,Hispanic or Latino,White,Female,65-74,80.0,Loan originated
1,435000.0,49,465000.0,126.0,1,Hispanic or Latino,White,Female,35-44,95.0,Loan originated
1,555000.0,47,785000.0,134.0,1,Not Hispanic or Latino,Asian,Female,35-44,70.72,Loan originated
1,495000.0,38,545000.0,145.0,1,Not Hispanic or Latino,White,Female,55-64,90.0,Loan originated
1,625000.0,49,695000.0,128.0,1,Not Hispanic or Latino,White,Male,<25,89.843,Loan originated
1,155000.0,<20%,325000.0,69.0,1,Not Hispanic or Latino,Black or African American,Female,55-64,47.93,Application denied
1,755000.0,48,935000.0,250.0,1,Not Hispanic or Latino,Asian,Male,35-44,80.0,Loan originated
1,75000.0,44,395000.0,37.0,1,Not Hispanic or Latino,White,Female,25-34,101.974,Loan originated
1,375000.0,49,595000.0,76.0,1,Hispanic or Latino,White,Female,35-44,90.0,Loan originated
1,465000.0,47,1175000.0,166.0,1,Not Hispanic or Latino,White,Male,>74,40.0,Loan originated
1,605000.0,38,625000.0,178.0,1,Not Hispanic or Latino,White,Male,25-34,97.0,Loan originated
1,235000.0,47,295000.0,72.0,1,Hispanic or Latino,White,Female,<25,80.0,Loan originated
1,605000.0,44,635000.0,130.0,1,Not Hispanic or Latino,Asian,Female,35-44,95.0,Loan originated
1,565000.0,30%-<36%,715000.0,209.0,1,Not Hispanic or Latino,Asian,Male,45-54,80.0,Loan originated
1,345000.0,43,435000.0,166.0,1,Not Hispanic or Latino,White,Male,>74,80.0,Loan originated
1,605000.0,42,755000.0,144.0,1,Not Hispanic or Latino,Black or African American,Female,55-64,80.0,Loan originated
1,625000.0,47,725000.0,244.0,1,Not Hispanic or Latino,Asian,Male,25-34,86.21,Loan originated
1,885000.0,38,1265000.0,249.0,1,Not Hispanic or Latino,Asian,Female,25-34,70.0,Loan originated
1,875000.0,>60%,1425000.0,133.0,1,Not Hispanic or Latino,Asian,Male,45-54,60.836,Application denied
1,455000.0,49,475000.0,104.0,1,Hispanic or Latino,White,Male,55-64,95.0,Loan originated
1,275000.0,47,295000.0,61.0,1,Hispanic or Latino,White,Female,35-44,94.068,Loan originated
1,485000.0,42,505000.0,138.0,1,Hispanic or Latino,White,Female,25-34,97.0,Loan originated
1,325000.0,30%-<36%,435000.0,120.0,1,Not Hispanic or Latino,White,Male,55-64,75.0,Loan originated
1,1125000.0,44,1405000.0,247.0,1,Not Hispanic or Latino,White,Male,25-34,80.0,Loan originated
1,515000.0,43,545000.0,131.0,1,Not Hispanic or Latino,Asian,Male,35-44,95.0,Loan originated
1,325000.0,<20%,435000.0,259.0,1,Not Hispanic or Latino,Native Hawaiian or Other Pacific Islander,Male,55-64,75.0,Loan originated
1,405000.0,48,455000.0,118.0,1,Not Hispanic or Latino,Black or African American,Male,35-44,90.0,Loan originated
1,675000.0,40,745000.0,283.0,1,Hispanic or Latino,Asian,Male,35-44,89.99,Loan originated
1,155000.0,20%-<30%,585000.0,106.0,1,Not Hispanic or Latino,White,Female,55-64,26.0,Loan originated
1,435000.0,44,625000.0,96.0,1,Not Hispanic or Latino,Asian,Male,25-34,69.35,Loan originated
1,545000.0,48,675000.0,128.0,1,Hispanic or Latino,White,Female,35-44,96.5,Loan originated
1,655000.0,38,865000.0,188.0,1,Not Hispanic or Latino,White,Female,25-34,75.0,Loan originated
1,115000.0,48,265000.0,80.0,1,Hispanic or Latino,White,Male,35-44,42.0,Loan originated
1,345000.0,49,445000.0,64.0,1,Hispanic or Latino,White,Female,35-44,77.0,Loan originated
1,745000.0,48,785000.0,183.0,1,Not Hispanic or Latino,Asian,Male,35-44,95.0,Loan originated
1,475000.0,47,825000.0,107.0,1,Not Hispanic or Latino,White,Female,45-54,56.97,Loan originated
1,845000.0,<20%,1355000.0,1942.0,1,Not Hispanic or Latino,Asian,Male,45-54,62.593,Loan originated
1,1095000.0,40,1375000.0,301.0,1,Not Hispanic or Latino,White,Male,25-34,79.97,Loan originated
1,545000.0,37,675000.0,156.0,1,Hispanic or Latino,White,Female,65-74,80.0,Loan originated
1,405000.0,37,505000.0,115.0,1,Not Hispanic or Latino,Asian,Male,25-34,80.0,Loan originated
1,725000.0,40,845000.0,200.0,1,Not Hispanic or Latino,Asian,Male,35-44,85.0,Loan originated
1,435000.0,20%-<30%,455000.0,158.0,1,Not Hispanic or Latino,Black or African American,Male,25-34,94.8,Application denied
1,635000.0,30%-<36%,655000.0,188.0,1,Not Hispanic or Latino,White,Male,25-34,97.0,Loan originated
1,355000.0,48,575000.0,78.0,1,Hispanic or Latino,White,Male,25-34,61.4,Loan originated
1,605000.0,30%-<36%,725000.0,184.0,1,Not Hispanic or Latino,White,Male,25-34,83.448,Loan originated
1,625000.0,42,975000.0,143.0,1,Hispanic or Latino,White,Male,25-34,64.1,Loan originated
1,245000.0,30%-<36%,275000.0,122.0,1,Not Hispanic or Latino,White,Male,25-34,90.0,Loan originated
1,405000.0,49,505000.0,84.0,1,Not Hispanic or Latino,White,Male,25-34,80.0,Loan originated
1,205000.0,39,575000.0,82.0,1,Not Hispanic or Latino,White,Female,35-44,36.0,Loan originated
1,485000.0,<20%,645000.0,378.0,1,Not Hispanic or Latino,White,Male,25-34,75.0,Loan originated
1,285000.0,44,315000.0,83.0,1,Not Hispanic or Latino,White,Male,35-44,90.0,Loan originated
1,635000.0,46,655000.0,141.0,1,Not Hispanic or Latino,Black or African American,Female,25-34,100.0,Loan originated
1,475000.0,30%-<36%,1175000.0,210.0,1,Not Hispanic or Latino,Asian,Female,35-44,40.63,Application denied
1,525000.0,48,555000.0,228.0,1,Hispanic or Latino,White,Male,25-34,95.0,Loan originated
1,295000.0,38,345000.0,85.0,1,Hispanic or Latino,White,Male,35-44,87.64,Loan originated
1,765000.0,48,805000.0,160.0,1,Hispanic or Latino,Asian,Male,55-64,95.0,Loan originated
1,495000.0,46,745000.0,104.0,1,Not Hispanic or Latino,White,Male,55-64,67.0,Loan originated
1,365000.0,30%-<36%,385000.0,138.0,1,Not Hispanic or Latino,White,Male,35-44,95.0,Loan originated
1,255000.0,49,265000.0,55.0,1,Hispanic or Latino,White,Female,55-64,97.0,Loan originated
1,325000.0,46,465000.0,68.0,1,Not Hispanic or Latino,White,Female,45-54,69.631,Loan originated
1,605000.0,39,1105000.0,166.0,1,Not Hispanic or Latino,Asian,Female,45-54,54.545,Loan originated
1,585000.0,38,615000.0,157.0,1,Not Hispanic or Latino,White,Female,>74,94.99,Loan originated
1,655000.0,49,1195000.0,130.0,1,Not Hispanic or Latino,Asian,Male,35-44,56.0,Loan originated
1,545000.0,20%-<30%,1145000.0,215.0,1,Not Hispanic or Latino,White,Male,65-74,48.0,Loan originated
1,465000.0,40,485000.0,112.0,1,Hispanic or Latino,White,Male,25-34,100.0,Loan originated
1,255000.0,47,325000.0,50.0,1,Hispanic or Latino,White,Female,25-34,80.0,Loan originated
1,665000.0,49,1735000.0,189.0,1,Not Hispanic or Latino,White,Male,35-44,37.997,Loan originated
1,615000.0,20%-<30%,685000.0,301.0,1,Hispanic or Latino,White,Male,35-44,90.0,Loan originated
1,275000.0,>60%,365000.0,82.0,1,Not Hispanic or Latino,Black or African American,Female,65-74,75.0,Application denied
1,285000.0,20%-<30%,365000.0,165.0,1,Hispanic or Latino,White,Male,35-44,80.0,Loan originated
1,425000.0,30%-<36%,1015000.0,152.0,1,Not Hispanic or Latino,White,Female,55-64,41.955,Loan originated
1,505000.0,42,805000.0,156.0,1,Not Hispanic or Latino,Asian,Female,35-44,62.5,Loan originated
1,215000.0,<20%,455000.0,214.0,1,Not Hispanic or Latino,Asian,Female,45-54,47.47,Loan originated
1,835000.0,36,1335000.0,249.0,1,Not Hispanic or Latino,White,Male,35-44,62.482,Loan originated
1,725000.0,47,855000.0,164.0,1,Not Hispanic or Latino,White,Female,25-34,85.0,Loan originated
1,635000.0,41,795000.0,142.0,1,Not Hispanic or Latino,White,Male,25-34,80.0,Loan originated
1,335000.0,20%-<30%,785000.0,157.0,1,Not Hispanic or Latino,White,Male,45-54,42.893,Loan originated
1,875000.0,47,1085000.0,196.0,1,Not Hispanic or Latino,Asian,Female,25-34,80.0,Application denied
1,345000.0,30%-<36%,425000.0,122.0,1,Not Hispanic or Latino,White,Male,25-34,80.0,Loan originated
1,375000.0,30%-<36%,575000.0,125.0,1,Not Hispanic or Latino,White,Female,>74,65.46,Loan originated
1,695000.0,20%-<30%,925000.0,335.0,1,Not Hispanic or Latino,White,Male,35-44,75.0,Loan originated
1,605000.0,30%-<36%,1655000.0,297.0,1,Not Hispanic or Latino,Asian,Female,55-64,36.364,Loan originated
1,595000.0,48,645000.0,109.0,1,Not Hispanic or Latino,White,Male,35-44,91.473,Loan originated
1,515000.0,46,945000.0,149.0,1,Not Hispanic or Latino,Asian,Female,55-64,55.0,Loan originated
1,495000.0,47,755000.0,105.0,1,Not Hispanic or Latino,White,Male,35-44,65.246,Loan originated
1,195000.0,46,385000.0,52.0,1,Not Hispanic or Latino,White,Female,65-74,50.0,Loan originated
1,145000.0,20%-<30%,525000.0,115.0,1,Not Hispanic or Latino,White,Female,55-64,27.81,Loan originated
1,585000.0,40,625000.0,141.0,1,Hispanic or Latino,White,Female,25-34,95.0,Loan originated
1,705000.0,49,885000.0,172.0,1,Not Hispanic or Latino,White,Female,35-44,80.0,Loan originated
1,585000.0,39,785000.0,135.0,1,Hispanic or Latino,White,Male,45-54,73.885,Loan originated
1,445000.0,39,475000.0,148.0,1,Not Hispanic or Latino,Asian,Male,35-44,95.0,Loan originated
1,275000.0,30%-<36%,455000.0,84.0,1,Not Hispanic or Latino,White,Male,35-44,61.197,Loan originated
1,595000.0,49,665000.0,115.0,1,Not Hispanic or Latino,Asian,Female,35-44,90.0,Loan originated
1,455000.0,30%-<36%,905000.0,179.0,1,Not Hispanic or Latino,White,Female,55-64,50.0,Loan originated
1,455000.0,37,505000.0,110.0,1,Not Hispanic or Latino,Asian,Male,25-34,89.99,Loan originated
1,615000.0,49,655000.0,127.0,1,Hispanic or Latino,White,Male,25-34,95.0,Loan originated
1,595000.0,39,635000.0,200.0,1,Hispanic or Latino,White,Male,35-44,95.0,Loan originated
1,185000.0,30%-<36%,475000.0,72.0,1,Hispanic or Latino,White,Male,35-44,38.948,Loan originated
1,325000.0,42,595000.0,93.0,1,Not Hispanic or Latino,White,Female,55-64,54.576,Loan originated
1,825000.0,45,1025000.0,234.0,1,Not Hispanic or Latino,White,Female,35-44,80.0,Loan originated
1,565000.0,49,665000.0,156.0,1,Not Hispanic or Latino,White,Female,25-34,85.0,Loan originated
1,475000.0,39,505000.0,156.0,1,Hispanic or Latino,White,Male,25-34,95.0,Loan originated
1,885000.0,43,1265000.0,294.0,1,Not Hispanic or Latino,Asian,Female,55-64,70.0,Loan originated
1,505000.0,44,565000.0,111.0,1,Not Hispanic or Latino,Asian,Male,25-34,89.82,Loan originated
1,475000.0,48,525000.0,101.0,1,Not Hispanic or Latino,Asian,Female,25-34,90.0,Loan originated
1,365000.0,>60%,455000.0,58.0,1,Not Hispanic or Latino,Asian,Female,35-44,80.0,Application denied
1,405000.0,20%-<30%,565000.0,243.0,1,Not Hispanic or Latino,Asian,Female,25-34,70.547,Loan originated
1,205000.0,45,515000.0,58.0,1,Not Hispanic or Latino,Asian,Female,65-74,38.513,Loan originated
1,705000.0,20%-<30%,775000.0,364.0,1,Not Hispanic or Latino,Asian,Male,45-54,89.99,Loan originated
1,545000.0,49,575000.0,119.0,1,Hispanic or Latino,White,Male,45-54,95.0,Loan originated
1,575000.0,48,615000.0,119.0,1,Hispanic or Latino,White,Female,45-54,95.0,Loan originated
1,705000.0,20%-<30%,875000.0,522.0,1,Hispanic or Latino,White,Female,25-34,80.0,Loan originated
1,685000.0,49,915000.0,135.0,1,Not Hispanic or Latino,Asian,Male,35-44,75.0,Loan originated
1,845000.0,41,885000.0,200.0,1,Not Hispanic or Latino,White,Female,35-44,95.0,Loan originated
1,485000.0,>60%,605000.0,112.0,1,Not Hispanic or Latino,White,Male,25-34,80.0,Application denied
1,315000.0,49,525000.0,184.0,1,Not Hispanic or Latino,Asian,Male,25-34,60.0,Loan originated
1,275000.0,30%-<36%,305000.0,117.0,1,Not Hispanic or Latino,White,Female,55-64,90.0,Loan originated
1,495000.0,43,555000.0,111.0,1,Not Hispanic or Latino,White,Female,45-54,90.0,Loan originated
1,665000.0,48,845000.0,136.0,1,Not Hispanic or Latino,White,Male,35-44,78.48,Loan originated
1,625000.0,49,715000.0,136.0,1,Not Hispanic or Latino,Native Hawaiian or Other Pacific Islander,Male,65-74,87.73,Loan originated
1,705000.0,49,1385000.0,157.0,1,Not Hispanic or Latino,Asian,Female,55-64,50.725,Loan originated
1,125000.0,41,515000.0,55.0,1,Not Hispanic or Latino,Asian,Male,35-44,24.51,Loan originated
1,475000.0,30%-<36%,495000.0,160.0,1,Not Hispanic or Latino,Asian,Male,25-34,95.0,Loan originated
1,15000.0,46,525000.0,108.0,1,Hispanic or Latino,White,Female,25-34,100.0,Loan originated
1,1005000.0,44,1375000.0,218.0,1,Not Hispanic or Latino,Asian,Male,35-44,74.0,Loan originated
1,185000.0,47,225000.0,47.0,1,Hispanic or Latino,White,Male,<25,85.0,Loan originated
1,465000.0,42,585000.0,160.0,1,Not Hispanic or Latino,White,Male,55-64,80.0,Loan originated
1,255000.0,20%-<30%,515000.0,140.0,1,Hispanic or Latino,American Indian or Alaska Native,Male,35-44,50.0,Loan originated
1,355000.0,50%-60%,775000.0,69.0,1,Not Hispanic or Latino,Asian,Female,65-74,38.961,Application denied
1,745000.0,40,935000.0,357.0,1,Not Hispanic or Latino,White,Male,45-54,80.0,Loan originated
1,1085000.0,44,1995000.0,360.0,1,Not Hispanic or Latino,Asian,Male,35-44,54.49,Loan originated
1,205000.0,44,255000.0,52.0,1,Hispanic or Latino,White,Male,25-34,80.0,Loan originated
1,375000.0,30%-<36%,1205000.0,147.0,1,Not Hispanic or Latino,Asian,Male,35-44,31.25,Loan originated
1,295000.0,45,775000.0,73.0,1,Not Hispanic or Latino,Asian,Female,<25,38.137,Loan originated
1,655000.0,<20%,825000.0,1303.0,1,Hispanic or Latino,White,Male,25-34,80.0,Loan originated
1,305000.0,41,515000.0,96.0,1,Not Hispanic or Latino,White,Female,65-74,59.903,Loan originated
1,765000.0,20%-<30%,995000.0,278.0,1,Not Hispanic or Latino,White,Female,45-54,77.429,Loan originated
1,345000.0,43,375000.0,95.0,1,Hispanic or Latino,White,Male,35-44,92.34,Loan originated
1,945000.0,48,1175000.0,187.0,1,Not Hispanic or Latino,Asian,Female,25-34,80.0,Loan originated
1,485000.0,49,655000.0,102.0,1,Not Hispanic or Latino,Asian,Female,<25,95.0,Loan originated
1,525000.0,47,875000.0,126.0,1,Hispanic or Latino,White,Male,25-34,59.862,Loan originated
1,825000.0,48,1115000.0,280.0,1,Hispanic or Latino,White,Male,45-54,73.595,Loan originated
1,195000.0,30%-<36%,245000.0,77.0,1,Hispanic or Latino,White,Female,45-54,80.0,Loan originated
1,615000.0,45,655000.0,143.0,1,Hispanic or Latino,White,Male,35-44,96.323,Loan originated
1,315000.0,45,325000.0,94.0,1,Not Hispanic or Latino,White,Female,35-44,95.0,Loan originated
1,625000.0,46,785000.0,127.0,1,Not Hispanic or Latino,Black or African American,Male,35-44,80.0,Loan originated
1,755000.0,30%-<36%,1005000.0,250.0,1,Not Hispanic or Latino,White,Male,35-44,75.0,Loan originated
1,475000.0,47,785000.0,132.0,1,Not Hispanic or Latino,Asian,Male,45-54,67.14,Loan originated
1,615000.0,20%-<30%,645000.0,1011.0,1,Not Hispanic or Latino,White,Female,45-54,94.94,Loan originated
1,235000.0,41,405000.0,74.0,1,Not Hispanic or Latino,Black or African American,Female,65-74,57.5,Loan originated
1,455000.0,42,615000.0,270.0,1,Not Hispanic or Latino,Asian,Female,35-44,75.0,Loan originated
1,565000.0,36,595000.0,145.0,1,Not Hispanic or Latino,White,Female,25-34,95.0,Loan originated
1,375000.0,30%-<36%,465000.0,358.0,1,Not Hispanic or Latino,White,Male,45-54,80.0,Loan originated
1,1045000.0,46,1105000.0,264.0,1,Not Hispanic or Latino,White,Female,35-44,95.0,Loan originated
1,325000.0,49,735000.0,70.0,1,Not Hispanic or Latino,White,Male,35-44,44.205,Loan originated
1,225000.0,39,235000.0,55.0,1,Hispanic or Latino,White,Female,25-34,100.0,Loan originated
1,505000.0,47,535000.0,151.0,1,Not Hispanic or Latino,White,Female,25-34,94.5,Loan originated
1,745000.0,49,875000.0,193.0,1,Not Hispanic or Latino,White,Male,55-64,85.0,Loan originated
1,1125000.0,45,1605000.0,669.0,1,Not Hispanic or Latino,Black or African American,Male,45-54,85.0,Loan originated
1,725000.0,41,905000.0,171.0,1,Hispanic or Latino,White,Female,25-34,80.0,Loan originated
1,575000.0,47,645000.0,162.0,1,Hispanic or Latino,White,Male,45-54,89.0,Loan originated
1,765000.0,43,845000.0,180.0,1,Not Hispanic or Latino,Asian,Male,25-34,90.716,Loan originated
1,1105000.0,49,1435000.0,226.0,1,Not Hispanic or Latino,Asian,Male,35-44,76.923,Loan originated
1,665000.0,39,825000.0,192.0,1,Not Hispanic or Latino,Asian,Female,25-34,80.0,Loan originated
1,405000.0,45,655000.0,107.0,1,Not Hispanic or Latino,Asian,Female,25-34,61.832,Loan originated
1,485000.0,48,1175000.0,169.0,1,Not Hispanic or Latino,White,Male,35-44,41.316,Loan originated
1,925000.0,30%-<36%,1165000.0,300.0,1,Not Hispanic or Latino,White,Male,35-44,80.0,Application denied
1,385000.0,20%-<30%,455000.0,175.0,1,Hispanic or Latino,White,Male,45-54,85.0,Loan originated
1,335000.0,48,415000.0,65.0,1,Not Hispanic or Latino,Black or African American,Male,25-34,80.0,Loan originated
1,365000.0,30%-<36%,375000.0,126.0,1,Not Hispanic or Latino,Asian,Female,45-54,97.0,Loan originated
1,95000.0,30%-<36%,105000.0,86.0,1,Not Hispanic or Latino,White,Female,45-54,95.0,Loan originated
1,485000.0,44,515000.0,123.0,1,Not Hispanic or Latino,Black or African American,Male,25-34,93.26,Loan originated
1,145000.0,>60%,165000.0,48.0,1,Not Hispanic or Latino,White,Male,65-74,87.5,Application denied
1,755000.0,46,1205000.0,250.0,1,Not Hispanic or Latino,Asian,Male,65-74,62.5,Application denied
1,475000.0,49,585000.0,93.0,1,Not Hispanic or Latino,White,Male,35-44,80.0,Loan originated
1,555000.0,47,615000.0,181.0,1,Not Hispanic or Latino,Asian,Female,45-54,90.0,Loan originated
1,255000.0,20%-<30%,285000.0,104.0,1,Not Hispanic or Latino,White,Male,65-74,90.0,Loan originated
1,575000.0,<20%,985000.0,385.0,1,Hispanic or Latino,White,Female,25-34,58.38,Loan originated
1,755000.0,30%-<36%,895000.0,222.0,1,Not Hispanic or Latino,White,Female,25-34,85.0,Loan originated
1,1025000.0,30%-<36%,1705000.0,896.0,1,Not Hispanic or Latino,Asian,Male,35-44,89.412,Loan originated
1,335000.0,20%-<30%,425000.0,211.0,1,Not Hispanic or Latino,White,Male,45-54,95.0,Loan originated
1,415000.0,47,515000.0,100.0,1,Not Hispanic or Latino,White,Male,<25,80.0,Loan originated
1,1085000.0,36,1455000.0,505.0,1,Not Hispanic or Latino,White,Male,35-44,75.0,Loan originated
1,605000.0,30%-<36%,3435000.0,200.0,1,Not Hispanic or Latino,White,Male,>74,17.49,Application denied
1,435000.0,45,485000.0,121.0,1,Not Hispanic or Latino,Black or African American,Female,55-64,89.69,Application denied
1,375000.0,36,475000.0,112.0,1,Not Hispanic or Latino,White,Female,35-44,80.0,Loan originated
1,525000.0,<20%,975000.0,440.0,1,Not Hispanic or Latino,Black or African American,Female,>74,53.846,Loan originated
1,495000.0,43,895000.0,256.0,1,Not Hispanic or Latino,White,Male,65-74,55.506,Loan originated
1,325000.0,49,345000.0,65.0,1,Not Hispanic or Latino,White,Male,<25,95.0,Loan originated
1,255000.0,44,385000.0,73.0,1,Hispanic or Latino,White,Female,25-34,66.234,Loan originated
1,595000.0,<20%,705000.0,369.0,1,Not Hispanic or Latino,White,Male,65-74,84.294,Loan originated
1,775000.0,44,975000.0,486.0,1,Not Hispanic or Latino,Asian,Male,<25,80.0,Loan originated
1,435000.0,>60%,685000.0,50.0,1,Hispanic or Latino,White,Female,45-54,63.24,Application denied
1,485000.0,43,745000.0,109.0,1,Not Hispanic or Latino,Asian,Male,25-34,65.0,Loan originated
1,665000.0,42,835000.0,214.0,1,Hispanic or Latino,White,Male,35-44,80.0,Loan originated
1,425000.0,41,475000.0,178.0,1,Not Hispanic or Latino,Asian,Female,35-44,90.0,Loan originated
1,335000.0,<20%,905000.0,249.0,1,Not Hispanic or Latino,White,Male,45-54,36.679,Loan originated
1,275000.0,44,345000.0,77.0,1,Hispanic or Latino,White,Male,35-44,80.0,Loan originated
1,375000.0,>60%,395000.0,51.0,1,Hispanic or Latino,White,Female,35-44,95.7,Application denied
1,465000.0,40,565000.0,141.0,1,Not Hispanic or Latino,Asian,Male,25-34,103.811,Loan originated
1,335000.0,43,365000.0,100.0,1,Hispanic or Latino,Asian,Male,35-44,91.781,Loan originated
1,425000.0,20%-<30%,525000.0,203.0,1,Not Hispanic or Latino,White,Male,55-64,80.0,Loan originated
1,905000.0,45,1135000.0,195.0,1,Not Hispanic or Latino,White,Female,35-44,80.0,Loan originated
1,725000.0,44,905000.0,160.0,1,Not Hispanic or Latino,White,Male,25-34,80.0,Loan originated
1,125000.0,47,215000.0,100.0,1,Hispanic or Latino,White,Male,25-34,58.716,Loan originated
1,505000.0,30%-<36%,745000.0,182.0,1,Not Hispanic or Latino,White,Male,65-74,67.568,Loan originated
1,1045000.0,41,1315000.0,237.0,1,Not Hispanic or Latino,White,Male,35-44,80.0,Loan originated
1,455000.0,30%-<36%,475000.0,155.0,1,Not Hispanic or Latino,Asian,Female,25-34,95.0,Loan originated
1,275000.0,47,345000.0,83.0,1,Not Hispanic or Latino,Asian,Male,25-34,80.0,Loan originated
1,315000.0,20%-<30%,1065000.0,154.0,1,Not Hispanic or Latino,White,Female,25-34,29.245,Loan originated
1,305000.0,<20%,615000.0,170.0,1,Not Hispanic or Latino,Asian,Female,35-44,49.0,Loan originated
1,1145000.0,20%-<30%,1425000.0,389.0,1,Not Hispanic or Latino,Asian,Male,25-34,80.0,Loan originated
1,535000.0,46,665000.0,131.0,1,Not Hispanic or Latino,Asian,Female,25-34,80.0,Loan originated
1,755000.0,49,905000.0,162.0,1,Not Hispanic or Latino,Asian,Male,35-44,83.944,Loan originated
1,535000.0,43,715000.0,125.0,1,Not Hispanic or Latino,Asian,Male,25-34,75.0,Loan originated
1,545000.0,47,615000.0,148.0,1,Hispanic or Latino,American Indian or Alaska Native,Male,35-44,90.0,Loan originated
1,215000.0,49,375000.0,62.0,1,Not Hispanic or Latino,Asian,Male,35-44,59.757,Loan originated
1,255000.0,20%-<30%,335000.0,212.0,1,Hispanic or Latino,White,Male,35-44,75.0,Loan originated
1,1005000.0,30%-<36%,1855000.0,355.0,1,Not Hispanic or Latino,Asian,Male,25-34,53.965,Loan originated
1,205000.0,36,405000.0,157.0,1,Not Hispanic or Latino,White,Male,35-44,50.0,Loan originated
1,625000.0,46,775000.0,129.0,1,Not Hispanic or Latino,White,Female,45-54,80.0,Loan originated
1,705000.0,49,855000.0,154.0,1,Not Hispanic or Latino,White,Female,35-44,100.0,Loan originated
1,505000.0,37,625000.0,205.0,1,Not Hispanic or Latino,White,Female,25-34,80.0,Loan originated
1,385000.0,41,425000.0,115.0,1,Hispanic or Latino,White,Male,45-54,90.0,Loan originated
1,285000.0,46,295000.0,97.0,1,Not Hispanic or Latino,White,Female,25-34,95.0,Loan originated
1,325000.0,>60%,435000.0,15.0,1,Not Hispanic or Latino,Asian,Male,25-34,74.884,Application denied
1,435000.0,49,545000.0,84.0,1,Hispanic or Latino,Asian,Female,35-44,80.0,Loan originated
1,465000.0,39,505000.0,186.0,1,Not Hispanic or Latino,White,Male,65-74,91.089,Loan originated
1,305000.0,47,635000.0,82.0,1,Hispanic or Latino,White,Female,25-34,47.78,Loan originated
1,1065000.0,39,1515000.0,250.0,1,Hispanic or Latino,White,Male,25-34,70.2,Loan originated
1,325000.0,30%-<36%,405000.0,160.0,1,Not Hispanic or Latino,White,Male,45-54,80.0,Loan originated
1,765000.0,48,2105000.0,190.0,1,Not Hispanic or Latino,Asian,Male,35-44,36.502,Loan originated
1,635000.0,38,825000.0,172.0,1,Not Hispanic or Latino,White,Male,25-34,75.995,Loan originated
1,675000.0,49,755000.0,133.0,1,Hispanic or Latino,White,Male,45-54,90.0,Loan originated
1,235000.0,20%-<30%,535000.0,112.0,1,Hispanic or Latino,White,Male,45-54,44.186,Loan originated
1,285000.0,47,435000.0,79.0,1,Hispanic or Latino,American Indian or Alaska Native,Female,25-34,103.724,Loan originated
1,375000.0,37,1075000.0,186.0,1,Hispanic or Latino,White,Female,55-64,34.884,Loan originated
1,595000.0,48,745000.0,128.0,1,Hispanic or Latino,White,Female,25-34,79.994,Loan originated
1,155000.0,49,305000.0,56.0,1,Not Hispanic or Latino,White,Female,>74,50.82,Loan originated
1,535000.0,36,825000.0,156.0,1,Not Hispanic or Latino,Asian,Male,35-44,65.0,Loan originated
1,815000.0,41,1025000.0,290.0,1,Not Hispanic or Latino,White,Female,55-64,80.0,Loan originated
1,525000.0,48,895000.0,113.0,1,Not Hispanic or Latino,Asian,Male,35-44,58.427,Loan originated
1,425000.0,48,615000.0,130.0,1,Not Hispanic or Latino,White,Female,45-54,69.672,Loan originated
1,335000.0,37,635000.0,109.0,1,Not Hispanic or Latino,White,Female,45-54,52.381,Loan originated
1,455000.0,46,485000.0,96.0,1,Not Hispanic or Latino,Black or African American,Female,25-34,98.0,Loan originated
1,755000.0,43,1915000.0,411.0,1,Not Hispanic or Latino,White,Female,45-54,39.164,Loan originated
1,725000.0,40,805000.0,170.0,1,Not Hispanic or Latino,2 or more minority races,Male,25-34,90.0,Loan originated
1,205000.0,20%-<30%,595000.0,88.0,1,Not Hispanic or Latino,Asian,Female,25-34,34.349,Loan originated
1,1095000.0,41,1555000.0,288.0,1,Not Hispanic or Latino,White,Female,45-54,70.645,Loan originated
1,775000.0,30%-<36%,975000.0,782.0,1,Not Hispanic or Latino,White,Male,45-54,80.0,Loan originated
1,485000.0,30%-<36%,515000.0,132.0,1,Not Hispanic or Latino,White,Male,35-44,95.0,Loan originated
1,735000.0,49,915000.0,148.0,1,Not Hispanic or Latino,Asian,Male,35-44,79.855,Loan originated
1,435000.0,43,545000.0,113.0,1,Not Hispanic or Latino,Asian,Male,55-64,80.0,Loan originated
1,555000.0,49,1085000.0,230.0,1,Not Hispanic or Latino,White,Female,55-64,50.926,Loan originated
1,205000.0,43,745000.0,71.0,1,Not Hispanic or Latino,White,Male,35-44,26.918,Loan originated
1,1005000.0,45,3055000.0,302.0,1,Not Hispanic or Latino,Asian,Male,45-54,32.79,Loan originated
1,485000.0,<20%,605000.0,540.0,1,Not Hispanic or Latino,American Indian or Alaska Native,Male,25-34,80.0,Loan originated
1,465000.0,49,985000.0,96.0,1,Not Hispanic or Latino,White,Female,45-54,47.857,Loan originated
1,285000.0,41,485000.0,71.0,1,Not Hispanic or Latino,White,Male,35-44,60.0,Loan originated
1,725000.0,20%-<30%,905000.0,260.0,1,Not Hispanic or Latino,White,Male,45-54,80.0,Loan originated
1,395000.0,48,645000.0,88.0,1,Hispanic or Latino,Asian,Female,45-54,61.419,Loan originated
1,535000.0,20%-<30%,765000.0,233.0,1,Not Hispanic or Latino,Asian,Female,35-44,70.0,Loan originated
1,1005000.0,37,1805000.0,348.0,1,Not Hispanic or Latino,White,Male,35-44,55.556,Loan originated
1,405000.0,43,875000.0,105.0,1,Not Hispanic or Latino,White,Male,35-44,45.714,Loan originated
1,685000.0,30%-<36%,725000.0,226.0,1,Not Hispanic or Latino,White,Male,25-34,95.0,Loan originated
1,1065000.0,46,1425000.0,240.0,1,Not Hispanic or Latino,Black or African American,Male,25-34,75.0,Loan originated
1,595000.0,41,635000.0,254.0,1,Not Hispanic or Latino,White,Male,35-44,95.0,Loan originated
1,1055000.0,47,1165000.0,239.0,1,Not Hispanic or Latino,Asian,Male,35-44,89.994,Loan originated
1,925000.0,30%-<36%,1155000.0,269.0,1,Not Hispanic or Latino,White,Male,35-44,80.0,Loan originated
1,1055000.0,30%-<36%,1505000.0,310.0,1,Not Hispanic or Latino,Asian,Male,35-44,70.0,Loan originated
1,855000.0,38,1375000.0,222.0,1,Not Hispanic or Latino,White,Male,35-44,61.82,Loan originated
1,595000.0,49,675000.0,129.0,1,Not Hispanic or Latino,Asian,Male,25-34,88.183,Loan originated
1,765000.0,30%-<36%,975000.0,264.0,1,Not Hispanic or Latino,White,Male,45-54,79.021,Loan originated
1,465000.0,43,625000.0,115.0,1,Not Hispanic or Latino,White,Male,25-34,75.0,Loan originated
1,585000.0,45,735000.0,336.0,1,Not Hispanic or Latino,Asian,Male,25-34,80.0,Loan originated
1,555000.0,20%-<30%,695000.0,255.0,1,Not Hispanic or Latino,White,Female,45-54,80.0,Loan originated
1,255000.0,<20%,645000.0,0.0,1,Not Hispanic or Latino,White,Male,55-64,38.521,Application denied
1,915000.0,30%-<36%,1145000.0,306.0,1,Not Hispanic or Latino,White,Female,35-44,80.0,Loan originated
1,205000.0,49,1935000.0,144.0,1,Not Hispanic or Latino,2 or more minority races,Male,25-34,10.33,Loan originated
1,585000.0,30%-<36%,625000.0,228.0,1,Not Hispanic or Latino,Asian,Male,35-44,95.0,Loan originated
1,585000.0,49,655000.0,231.0,1,Not Hispanic or Latino,Asian,Male,65-74,90.0,Loan originated
1,585000.0,37,725000.0,164.0,1,Hispanic or Latino,White,Female,<25,80.0,Loan originated
1,955000.0,30%-<36%,1275000.0,345.0,1,Not Hispanic or Latino,Asian,Male,25-34,75.0,Loan originated
1,385000.0,30%-<36%,785000.0,150.0,1,Not Hispanic or Latino,White,Female,35-44,49.04,Loan originated
1,285000.0,20%-<30%,935000.0,207.0,1,Not Hispanic or Latino,Asian,Male,25-34,30.832,Loan originated
1,175000.0,30%-<36%,195000.0,128.0,1,Hispanic or Latino,White,Female,45-54,90.0,Application denied
1,605000.0,44,645000.0,156.0,1,Hispanic or Latino,White,Male,<25,95.0,Loan originated
1,455000.0,42,765000.0,117.0,1,Not Hispanic or Latino,White,Male,35-44,60.0,Loan originated
1,235000.0,49,245000.0,78.0,1,Hispanic or Latino,Black or African American,Female,25-34,100.0,Loan originated
1,765000.0,49,965000.0,167.0,1,Not Hispanic or Latino,White,Female,35-44,79.253,Loan originated
1,105000.0,41,125000.0,73.0,1,Not Hispanic or Latino,White,Male,55-64,81.92,Loan originated
1,455000.0,43,2555000.0,292.0,1,Not Hispanic or Latino,White,Male,65-74,17.65,Loan originated
1,555000.0,49,695000.0,174.0,1,Hispanic or Latino,White,Male,25-34,80.0,Loan originated
1,155000.0,40,185000.0,88.0,1,Hispanic or Latino,White,Male,35-44,86.11,Loan originated
1,305000.0,44,375000.0,73.0,1,Not Hispanic or Latino,White,Male,25-34,80.0,Loan originated
1,525000.0,47,665000.0,221.0,1,Not Hispanic or Latino,White,Female,35-44,80.0,Loan originated
1,645000.0,42,805000.0,148.0,1,Not Hispanic or Latino,Asian,Male,25-34,79.99,Loan originated
1,565000.0,48,705000.0,128.0,1,Not Hispanic or Latino,White,Female,35-44,80.0,Loan originated
1,745000.0,38,885000.0,302.0,1,Hispanic or Latino,White,Male,45-54,85.0,Loan originated
1,425000.0,47,445000.0,109.0,1,Hispanic or Latino,White,Male,35-44,95.0,Loan originated
1,495000.0,49,555000.0,122.0,1,Not Hispanic or Latino,Asian,Male,25-34,89.99,Loan originated
1,765000.0,46,1025000.0,210.0,1,Hispanic or Latino,White,Female,45-54,74.732,Loan originated
1,665000.0,49,705000.0,161.0,1,Not Hispanic or Latino,White,Female,45-54,95.0,Loan originated
1,515000.0,37,645000.0,329.0,1,Not Hispanic or Latino,Asian,Female,45-54,80.0,Loan originated
1,1125000.0,39,1805000.0,269.0,1,Not Hispanic or Latino,White,Male,25-34,62.5,Loan originated
1,595000.0,45,785000.0,136.0,1,Not Hispanic or Latino,American Indian or Alaska Native,Female,55-64,76.44,Loan originated
1,315000.0,46,385000.0,107.0,1,Not Hispanic or Latino,White,Female,25-34,80.0,Loan originated
1,405000.0,46,505000.0,90.0,1,Hispanic or Latino,White,Female,35-44,80.0,Loan originated
1,465000.0,46,575000.0,109.0,1,Not Hispanic or Latino,Asian,Male,35-44,80.0,Loan originated
1,575000.0,49,725000.0,179.0,1,Not Hispanic or Latino,Asian,Male,35-44,79.99,Loan originated
1,655000.0,49,725000.0,155.0,1,Not Hispanic or Latino,White,Female,35-44,90.0,Loan originated
1,445000.0,30%-<36%,555000.0,200.0,1,Not Hispanic or Latino,White,Male,35-44,80.0,Loan originated
1,685000.0,49,855000.0,148.0,1,Not Hispanic or Latino,White,Male,45-54,80.0,Loan originated
1,665000.0,20%-<30%,825000.0,205.0,1,Not Hispanic or Latino,White,Female,25-34,80.0,Loan originated
1,315000.0,49,325000.0,94.0,1,Hispanic or Latino,White,Male,<25,97.0,Loan originated
1,715000.0,46,805000.0,137.0,1,Not Hispanic or Latino,White,Male,<25,89.376,Loan originated
1,445000.0,30%-<36%,695000.0,157.0,1,Not Hispanic or Latino,White,Female,25-34,64.18,Loan originated
1,615000.0,37,725000.0,181.0,1,Not Hispanic or Latino,Asian,Male,25-34,85.0,Loan originated
1,495000.0,38,625000.0,139.0,1,Hispanic or Latino,American Indian or Alaska Native,Male,35-44,80.0,Loan originated
1,155000.0,20%-<30%,555000.0,83.0,1,Not Hispanic or Latino,Black or African American,Male,65-74,27.273,Loan originated
1,645000.0,45,715000.0,173.0,1,Hispanic or Latino,American Indian or Alaska Native,Female,35-44,90.0,Loan originated
1,565000.0,49,595000.0,159.0,1,Not Hispanic or Latino,White,Female,25-34,95.0,Loan originated
1,425000.0,49,535000.0,89.0,1,Not Hispanic or Latino,Asian,Male,25-34,80.0,Loan originated
1,85000.0,20%-<30%,455000.0,85.0,1,Not Hispanic or Latino,White,Female,45-54,17.66,Loan originated
1,455000.0,47,575000.0,102.0,1,Hispanic or Latino,2 or more minority races,Female,25-34,80.0,Loan originated
1,465000.0,30%-<36%,555000.0,162.0,1,Hispanic or Latino,White,Male,45-54,85.0,Loan originated
1,225000.0,48,235000.0,65.0,1,Not Hispanic or Latino,Black or African American,Male,>74,95.0,Loan originated
1,965000.0,39,1215000.0,370.0,1,Not Hispanic or Latino,White,Female,35-44,80.0,Loan originated
1,795000.0,45,885000.0,163.0,1,Not Hispanic or Latino,Asian,Female,35-44,89.9,Loan originated
1,715000.0,41,755000.0,198.0,1,Hispanic or Latino,White,Female,45-54,95.0,Loan originated
1,805000.0,42,1535000.0,197.0,1,Not Hispanic or Latino,White,Female,45-54,52.0,Loan originated
1,215000.0,44,305000.0,48.0,1,Not Hispanic or Latino,White,Male,25-34,70.0,Loan originated
1,495000.0,38,525000.0,173.0,1,Not Hispanic or Latino,White,Female,35-44,95.0,Loan originated
1,465000.0,48,785000.0,110.0,1,Not Hispanic or Latino,Asian,Female,45-54,59.01,Loan originated
1,95000.0,30%-<36%,225000.0,37.0,1,Not Hispanic or Latino,White,Male,65-74,44.0,Loan originated
1,585000.0,30%-<36%,615000.0,195.0,1,Not Hispanic or Latino,Asian,Female,35-44,95.0,Loan originated
1,385000.0,43,475000.0,99.0,1,Not Hispanic or Latino,White,Female,25-34,80.0,Application denied
1,515000.0,49,535000.0,201.0,1,Hispanic or Latino,White,Male,35-44,95.0,Loan originated
1,325000.0,47,405000.0,72.0,1,Not Hispanic or Latino,White,Male,55-64,83.0,Loan originated
1,665000.0,20%-<30%,2255000.0,340.0,1,Not Hispanic or Latino,White,Male,45-54,29.55,Loan originated
1,665000.0,49,725000.0,141.0,1,Not Hispanic or Latino,White,Male,35-44,95.0,Loan originated
1,325000.0,49,345000.0,92.0,1,Hispanic or Latino,White,Female,65-74,95.0,Application denied
1,315000.0,48,395000.0,75.0,1,Not Hispanic or Latino,White,Female,55-64,80.0,Loan originated
1,805000.0,47,1005000.0,176.0,1,Hispanic or Latino,White,Female,45-54,80.0,Loan originated
1,475000.0,42,495000.0,110.0,1,Not Hispanic or Latino,Asian,Female,35-44,94.952,Loan originated
1,265000.0,46,275000.0,52.0,1,Hispanic or Latino,White,Male,<25,97.0,Loan originated
1,665000.0,49,825000.0,243.0,1,Not Hispanic or Latino,Asian,Male,55-64,80.0,Loan originated
1,385000.0,47,415000.0,94.0,1,Not Hispanic or Latino,White,Male,35-44,95.0,Loan originated
1,305000.0,41,435000.0,196.0,1,Not Hispanic or Latino,White,Female,25-34,70.0,Loan originated
1,345000.0,49,515000.0,80.0,1,Not Hispanic or Latino,White,Female,65-74,66.019,Loan originated
1,185000.0,48,195000.0,55.0,1,Not Hispanic or Latino,Black or African American,Male,25-34,96.921,Application denied
1,145000.0,20%-<30%,225000.0,79.0,1,Not Hispanic or Latino,White,Female,45-54,65.0,Loan originated
1,1035000.0,46,1215000.0,247.0,1,Not Hispanic or Latino,White,Male,35-44,85.0,Loan originated
1,735000.0,44,925000.0,164.0,1,Not Hispanic or Latino,White,Male,35-44,80.0,Loan originated
1,455000.0,36,575000.0,242.0,1,Hispanic or Latino,White,Male,45-54,80.0,Loan originated
1,415000.0,30%-<36%,525000.0,130.0,1,Hispanic or Latino,White,Male,25-34,80.0,Loan originated
1,585000.0,41,845000.0,265.0,1,Not Hispanic or Latino,White,Female,55-64,70.0,Loan originated
1,355000.0,48,865000.0,117.0,1,Hispanic or Latino,White,Female,65-74,40.388,Loan originated
1,505000.0,44,535000.0,169.0,1,Hispanic or Latino,White,Female,45-54,95.0,Loan originated
1,645000.0,46,675000.0,130.0,1,Not Hispanic or Latino,White,Male,35-44,95.0,Loan originated
1,995000.0,46,1105000.0,227.0,1,Not Hispanic or Latino,Black or African American,Male,35-44,90.0,Loan originated
1,385000.0,41,395000.0,94.0,1,Not Hispanic or Latino,Black or African American,Male,65-74,97.0,Loan originated
1,445000.0,20%-<30%,555000.0,237.0,1,Not Hispanic or Latino,Asian,Male,25-34,80.0,Loan originated
1,635000.0,49,785000.0,200.0,1,Not Hispanic or Latino,Asian,Female,25-34,80.0,Loan originated
1,675000.0,49,755000.0,159.0,1,Not Hispanic or Latino,White,Male,25-34,90.0,Loan originated
1,515000.0,39,775000.0,151.0,1,Not Hispanic or Latino,Asian,Male,35-44,70.0,Loan originated
1,345000.0,44,645000.0,92.0,1,Not Hispanic or Latino,White,Female,45-54,53.0,Loan originated
1,485000.0,46,655000.0,196.0,1,Not Hispanic or Latino,White,Male,45-54,75.0,Loan originated
1,475000.0,48,585000.0,124.0,1,Not Hispanic or Latino,Asian,Male,35-44,100.0,Loan originated
1,465000.0,<20%,475000.0,0.0,1,Hispanic or Latino,2 or more minority races,Female,35-44,98.697,Application denied
1,85000.0,47,145000.0,49.0,1,Not Hispanic or Latino,White,Female,>74,57.14,Loan originated
1,275000.0,49,515000.0,70.0,1,Not Hispanic or Latino,White,Male,25-34,53.125,Loan originated
1,1105000.0,44,2755000.0,381.0,1,Not Hispanic or Latino,White,Male,35-44,40.0,Loan originated
1,585000.0,20%-<30%,985000.0,34.0,1,Not Hispanic or Latino,Asian,Female,35-44,60.0,Loan originated
1,255000.0,20%-<30%,675000.0,165.0,1,Not Hispanic or Latino,White,Female,45-54,36.983,Loan originated
1,415000.0,45,455000.0,110.0,1,Not Hispanic or Latino,Asian,Female,35-44,94.457,Loan originated
1,285000.0,20%-<30%,635000.0,183.0,1,Not Hispanic or Latino,White,Female,35-44,44.444,Loan originated
1,225000.0,49,275000.0,39.0,1,Not Hispanic or Latino,White,Female,65-74,79.91,Loan originated
1,655000.0,40,1205000.0,191.0,1,Not Hispanic or Latino,Asian,Male,35-44,55.0,Loan originated
1,655000.0,45,695000.0,155.0,1,Not Hispanic or Latino,Asian,Male,65-74,95.0,Loan originated
1,825000.0,46,875000.0,216.0,1,Not Hispanic or Latino,White,Male,25-34,95.0,Loan originated
1,285000.0,40,355000.0,68.0,1,Hispanic or Latino,White,Male,55-64,80.0,Loan originated
1,305000.0,36,355000.0,134.0,1,Not Hispanic or Latino,Black or African American,Male,55-64,90.09,Loan originated
1,545000.0,49,675000.0,207.0,1,Hispanic or Latino,White,Male,45-54,80.0,Loan originated
1,415000.0,40,445000.0,99.0,1,Hispanic or Latino,White,Female,25-34,95.0,Loan originated
1,405000.0,48,435000.0,147.0,1,Not Hispanic or Latino,White,Female,25-34,95.0,Loan originated
1,265000.0,30%-<36%,345000.0,144.0,1,Not Hispanic or Latino,White,Female,>74,77.136,Loan originated
1,405000.0,40,505000.0,119.0,1,Not Hispanic or Latino,White,Male,25-34,80.0,Loan originated
1,745000.0,50%-60%,785000.0,147.0,1,Hispanic or Latino,White,Female,35-44,95.0,Application denied
1,355000.0,42,435000.0,224.0,1,Not Hispanic or Latino,Asian,Male,35-44,80.0,Loan originated
1,585000.0,46,605000.0,146.0,1,Not Hispanic or Latino,White,Male,35-44,100.0,Loan originated
1,1105000.0,37,1875000.0,467.0,1,Not Hispanic or Latino,Asian,Male,35-44,58.667,Loan originated
1,1005000.0,45,1355000.0,214.0,1,Not Hispanic or Latino,White,Female,55-64,73.801,Loan originated
1,155000.0,30%-<36%,695000.0,96.0,1,Not Hispanic or Latino,Asian,Male,35-44,21.58,Loan originated
1,475000.0,30%-<36%,755000.0,149.0,1,Not Hispanic or Latino,White,Male,35-44,63.333,Loan originated
1,485000.0,37,645000.0,159.0,1,Not Hispanic or Latino,White,Male,65-74,75.0,Loan originated
1,345000.0,44,445000.0,74.0,1,Hispanic or Latino,White,Female,45-54,77.38,Loan originated
1,355000.0,20%-<30%,1335000.0,169.0,1,Not Hispanic or Latino,Asian,Female,25-34,26.217,Application denied
1,1045000.0,>60%,1305000.0,180.0,1,Not Hispanic or Latino,Asian,Male,65-74,80.0,Application denied
1,435000.0,38,615000.0,120.0,1,Not Hispanic or Latino,Asian,Female,55-64,70.0,Loan originated
1,1135000.0,20%-<30%,1415000.0,436.0,1,Not Hispanic or Latino,White,Female,35-44,80.0,Loan originated
1,635000.0,39,705000.0,167.0,1,Not Hispanic or Latino,Asian,Female,35-44,90.0,Loan originated
1,735000.0,44,775000.0,167.0,1,Hispanic or Latino,White,Female,45-54,95.0,Loan originated
1,285000.0,50%-60%,335000.0,159.0,1,Not Hispanic or Latino,Black or African American,Female,35-44,85.0,Application denied
1,765000.0,49,795000.0,189.0,1,Hispanic or Latino,White,Female,35-44,96.0,Loan originated
1,245000.0,44,435000.0,58.0,1,Hispanic or Latino,White,Female,25-34,57.0,Loan originated
1,105000.0,20%-<30%,385000.0,93.0,1,Not Hispanic or Latino,Asian,Female,65-74,25.974,Loan originated
1,385000.0,39,435000.0,127.0,1,Hispanic or Latino,White,Male,45-54,89.0,Loan originated
1,395000.0,46,525000.0,85.0,1,Not Hispanic or Latino,White,Male,25-34,75.0,Loan originated
1,755000.0,20%-<30%,1725000.0,322.0,1,Not Hispanic or Latino,White,Male,35-44,43.456,Loan originated
1,585000.0,44,805000.0,125.0,1,Not Hispanic or Latino,Asian,Female,25-34,72.481,Loan originated
1,475000.0,46,485000.0,125.0,1,Hispanic or Latino,White,Female,25-34,100.0,Loan originated
1,355000.0,20%-<30%,555000.0,330.0,1,Not Hispanic or Latino,White,Male,45-54,63.996,Loan originated
1,475000.0,49,1075000.0,128.0,1,Not Hispanic or Latino,White,Male,55-64,44.57,Loan originated
1,225000.0,46,425000.0,86.0,1,Not Hispanic or Latino,White,Female,65-74,52.941,Loan originated
1,745000.0,38,785000.0,187.0,1,Hispanic or Latino,White,Male,25-34,94.687,Loan originated
1,545000.0,30%-<36%,685000.0,198.0,1,Not Hispanic or Latino,Asian,Female,35-44,80.0,Loan originated
1,795000.0,46,995000.0,377.0,1,Not Hispanic or Latino,White,Male,25-34,80.0,Loan originated
1,835000.0,49,1045000.0,182.0,1,Not Hispanic or Latino,White,Female,25-34,80.0,Loan originated
1,555000.0,49,625000.0,115.0,1,Not Hispanic or Latino,White,Male,25-34,90.0,Loan originated
1,105000.0,44,125000.0,138.0,1,Not Hispanic or Latino,White,Male,45-54,84.31,Loan originated
1,365000.0,41,415000.0,100.0,1,Hispanic or Latino,White,Female,35-44,90.0,Loan originated
1,555000.0,46,1025000.0,128.0,1,Not Hispanic or Latino,White,Male,55-64,53.659,Loan originated
1,705000.0,49,1005000.0,153.0,1,Not Hispanic or Latino,Asian,Male,35-44,70.0,Loan originated
1,455000.0,30%-<36%,655000.0,188.0,1,Not Hispanic or Latino,White,Male,35-44,70.0,Loan originated
1,885000.0,49,1285000.0,399.0,1,Not Hispanic or Latino,Asian,Female,35-44,68.75,Loan originated
1,695000.0,41,795000.0,185.0,1,Hispanic or Latino,White,Male,35-44,87.484,Loan originated
1,615000.0,38,765000.0,349.0,1,Not Hispanic or Latino,White,Female,45-54,80.0,Loan originated
1,475000.0,44,595000.0,129.0,1,Not Hispanic or Latino,Asian,Female,25-34,80.0,Loan originated
1,345000.0,47,505000.0,100.0,1,Hispanic or Latino,White,Female,25-34,68.0,Loan originated
1,505000.0,47,635000.0,118.0,1,Not Hispanic or Latino,White,Male,>74,80.0,Loan originated
1,105000.0,49,855000.0,52.0,1,Not Hispanic or Latino,Asian,Female,55-64,11.76,Loan originated
1,1085000.0,48,1205000.0,277.0,1,Not Hispanic or Latino,White,Male,35-44,90.0,Loan originated
1,525000.0,<20%,655000.0,253.0,1,Not Hispanic or Latino,Asian,Male,25-34,80.0,Loan originated
1,245000.0,46,305000.0,58.0,1,Not Hispanic or Latino,White,Female,25-34,80.0,Loan originated
1,305000.0,44,335000.0,73.0,1,Hispanic or Latino,White,Male,35-44,90.0,Loan originated
1,565000.0,<20%,575000.0,320.0,1,Not Hispanic or Latino,Asian,Female,25-34,97.0,Loan originated
1,425000.0,39,535000.0,154.0,1,Not Hispanic or Latino,Asian,Female,25-34,80.0,Loan originated
1,555000.0,45,585000.0,167.0,1,Not Hispanic or Latino,Black or African American,Female,35-44,95.0,Loan originated
1,365000.0,30%-<36%,605000.0,117.0,1,Not Hispanic or Latino,Black or African American,Female,35-44,61.0,Loan originated
1,335000.0,20%-<30%,905000.0,189.0,1,Not Hispanic or Latino,White,Male,55-64,36.667,Loan originated
1,1065000.0,42,1435000.0,233.0,1,Not Hispanic or Latino,Asian,Male,35-44,74.302,Loan originated
1,225000.0,42,755000.0,112.0,1,Not Hispanic or Latino,White,Male,55-64,30.0,Loan originated
1,285000.0,30%-<36%,305000.0,116.0,1,Not Hispanic or Latino,White,Male,25-34,95.0,Loan originated
1,635000.0,50%-60%,685000.0,146.0,1,Hispanic or Latino,White,Male,35-44,97.5,Loan originated
1,235000.0,42,475000.0,73.0,1,Not Hispanic or Latino,White,Female,65-74,50.0,Loan originated
1,385000.0,41,475000.0,87.0,1,Not Hispanic or Latino,White,Male,35-44,80.0,Loan originated
1,405000.0,50%-60%,505000.0,84.0,1,Hispanic or Latino,Black or African American,Female,35-44,83.0,Loan originated
1,295000.0,49,375000.0,54.0,1,Hispanic or Latino,White,Female,25-34,80.0,Loan originated
1,735000.0,46,815000.0,239.0,1,Not Hispanic or Latino,White,Male,35-44,90.0,Loan originated
1,885000.0,44,1105000.0,242.0,1,Not Hispanic or Latino,Asian,Male,25-34,80.0,Loan originated
1,395000.0,36,545000.0,114.0,1,Not Hispanic or Latino,Black or African American,Male,45-54,72.223,Loan originated
1,155000.0,20%-<30%,305000.0,71.0,1,Not Hispanic or Latino,White,Female,>74,50.0,Loan originated
1,275000.0,30%-<36%,295000.0,101.0,1,Hispanic or Latino,White,Female,55-64,95.0,Loan originated
1,515000.0,20%-<30%,545000.0,169.0,1,Not Hispanic or Latino,Asian,Male,25-34,95.0,Loan originated
1,715000.0,40,895000.0,239.0,1,Not Hispanic or Latino,Asian,Female,35-44,80.0,Loan originated
1,485000.0,42,575000.0,115.0,1,Not Hispanic or Latino,White,Female,35-44,84.35,Loan originated
1,495000.0,50%-60%,525000.0,248.0,1,Not Hispanic or Latino,Asian,Female,25-34,95.0,Application denied
1,295000.0,50%-60%,305000.0,94.0,1,Hispanic or Latino,White,Female,25-34,97.0,Application denied
1,575000.0,30%-<36%,855000.0,180.0,1,Not Hispanic or Latino,White,Male,65-74,70.0,Loan originated
1,555000.0,43,695000.0,150.0,1,Hispanic or Latino,White,Male,25-34,80.0,Loan originated
1,465000.0,<20%,575000.0,947.0,1,Not Hispanic or Latino,White,Male,55-64,80.0,Loan originated
1,165000.0,42,175000.0,67.0,1,Hispanic or Latino,White,Male,35-44,101.94,Application denied
1,405000.0,30%-<36%,505000.0,253.0,1,Not Hispanic or Latino,White,Female,35-44,80.0,Loan originated
1,645000.0,30%-<36%,665000.0,209.0,1,Not Hispanic or Latino,White,Female,35-44,97.0,Loan originated
1,745000.0,37,935000.0,191.0,1,Not Hispanic or Latino,White,Male,25-34,80.0,Loan originated
1,715000.0,42,845000.0,225.0,1,Not Hispanic or Latino,White,Female,35-44,85.0,Loan originated
1,725000.0,42,815000.0,180.0,1,Not Hispanic or Latino,White,Female,35-44,90.0,Loan originated
1,345000.0,42,355000.0,103.0,1,Not Hispanic or Latino,White,Male,35-44,97.0,Loan originated
1,885000.0,40,1105000.0,231.0,1,Not Hispanic or Latino,Asian,Male,35-44,80.0,Loan originated
1,525000.0,50%-60%,705000.0,168.0,1,Hispanic or Latino,White,Male,45-54,75.0,Loan originated
1,315000.0,46,325000.0,78.0,1,Not Hispanic or Latino,Asian,Female,45-54,97.0,Loan originated
1,715000.0,41,895000.0,173.0,1,Hispanic or Latino,White,Male,45-54,80.0,Loan originated
1,475000.0,48,865000.0,106.0,1,Not Hispanic or Latino,White,Female,35-44,54.913,Loan originated
1,425000.0,42,585000.0,120.0,1,Hispanic or Latino,White,Female,35-44,100.0,Loan originated
1,1055000.0,20%-<30%,1175000.0,480.0,1,Not Hispanic or Latino,White,Male,25-34,90.0,Loan originated
1,575000.0,46,605000.0,238.0,1,Not Hispanic or Latino,Black or African American,Female,45-54,95.0,Loan originated
1,375000.0,38,675000.0,141.0,1,Not Hispanic or Latino,Asian,Female,55-64,55.224,Loan originated
1,285000.0,39,295000.0,160.0,1,Not Hispanic or Latino,White,Female,>74,95.0,Application denied
1,635000.0,30%-<36%,845000.0,240.0,1,Not Hispanic or Latino,2 or more minority races,Male,45-54,75.0,Loan originated
1,905000.0,41,1215000.0,200.0,1,Not Hispanic or Latino,Asian,Male,35-44,75.0,Loan originated
1,425000.0,20%-<30%,605000.0,260.0,1,Not Hispanic or Latino,White,Male,25-34,70.833,Loan originated
1,765000.0,42,1005000.0,367.0,1,Not Hispanic or Latino,White,Female,35-44,76.655,Loan originated
1,125000.0,49,445000.0,41.0,1,Not Hispanic or Latino,White,Female,45-54,28.0,Loan originated
1,495000.0,50%-60%,495000.0,107.0,1,Hispanic or Latino,White,Female,25-34,101.75,Loan originated
1,205000.0,<20%,415000.0,96.0,1,Hispanic or Latino,White,Male,35-44,48.193,Loan originated
1,105000.0,20%-<30%,225000.0,70.0,1,Hispanic or Latino,White,Male,65-74,45.455,Loan originated
1,405000.0,>60%,1155000.0,64.0,1,Not Hispanic or Latino,White,Female,>74,35.0,Application denied
1,755000.0,48,945000.0,151.0,1,Not Hispanic or Latino,Asian,Male,35-44,80.0,Loan originated
1,385000.0,46,495000.0,160.0,1,Hispanic or Latino,White,Male,35-44,79.96,Loan originated
1,905000.0,38,1005000.0,455.0,1,Hispanic or Latino,White,Female,35-44,90.0,Loan originated
1,515000.0,<20%,735000.0,329.0,1,Hispanic or Latino,White,Male,35-44,69.863,Loan originated
1,355000.0,>60%,445000.0,88.0,1,Not Hispanic or Latino,Black or African American,Female,55-64,79.545,Application denied
1,175000.0,39,515000.0,117.0,1,Not Hispanic or Latino,Black or African American,Female,35-44,35.0,Loan originated
1,715000.0,44,735000.0,260.0,1,Not Hispanic or Latino,Asian,Male,25-34,97.0,Loan originated
1,365000.0,>60%,495000.0,137.0,1,Not Hispanic or Latino,White,Female,55-64,75.0,Loan originated
1,545000.0,>60%,665000.0,108.0,1,Hispanic or Latino,White,Male,25-34,82.0,Application denied
1,515000.0,40,545000.0,250.0,1,Not Hispanic or Latino,White,Male,25-34,95.0,Loan originated
1,485000.0,49,1035000.0,215.0,1,Not Hispanic or Latino,Asian,Male,25-34,46.685,Loan originated
1,765000.0,49,835000.0,150.0,1,Hispanic or Latino,White,Male,35-44,92.289,Loan originated
1,605000.0,49,625000.0,151.0,1,Not Hispanic or Latino,Native Hawaiian or Other Pacific Islander,Male,25-34,100.0,Loan originated
1,515000.0,20%-<30%,915000.0,200.0,1,Not Hispanic or Latino,Asian,Male,25-34,56.044,Loan originated
1,845000.0,42,985000.0,248.0,1,Not Hispanic or Latino,White,Male,25-34,86.54,Loan originated
1,705000.0,30%-<36%,935000.0,220.0,1,Not Hispanic or Latino,Asian,Male,25-34,75.0,Loan originated
1,575000.0,46,715000.0,128.0,1,Not Hispanic or Latino,Asian,Male,25-34,80.0,Loan originated
1,415000.0,49,465000.0,110.0,1,Hispanic or Latino,White,Male,45-54,90.0,Loan originated
1,205000.0,30%-<36%,335000.0,264.0,1,Not Hispanic or Latino,White,Male,55-64,59.701,Loan originated
1,325000.0,41,345000.0,114.0,1,Hispanic or Latino,White,Male,25-34,97.0,Application denied
1,445000.0,43,555000.0,197.0,1,Hispanic or Latino,White,Female,45-54,80.0,Application denied
1,585000.0,49,1165000.0,117.0,1,Not Hispanic or Latino,White,Male,45-54,51.0,Loan originated
1,435000.0,45,455000.0,150.0,1,Hispanic or Latino,White,Female,55-64,97.0,Loan originated
1,495000.0,30%-<36%,695000.0,145.0,1,Not Hispanic or Latino,Asian,Male,25-34,71.014,Loan originated
1,305000.0,48,325000.0,30.0,1,Hispanic or Latino,White,Female,<25,95.0,Loan originated
1,545000.0,<20%,575000.0,438.0,1,Hispanic or Latino,White,Male,45-54,94.957,Loan originated
1,775000.0,30%-<36%,1595000.0,293.0,1,Not Hispanic or Latino,White,Male,45-54,48.552,Loan originated
1,205000.0,20%-<30%,735000.0,120.0,1,Hispanic or Latino,White,Male,55-64,28.0,Loan originated
1,315000.0,39,715000.0,108.0,1,Not Hispanic or Latino,Asian,Male,25-34,43.662,Loan originated
1,1005000.0,37,1355000.0,371.0,1,Not Hispanic or Latino,Asian,Male,35-44,73.801,Loan originated
1,905000.0,46,1135000.0,614.0,1,Hispanic or Latino,White,Male,45-54,80.0,Loan originated
1,1105000.0,30%-<36%,1935000.0,352.0,1,Not Hispanic or Latino,White,Female,45-54,57.0,Loan originated
1,635000.0,49,945000.0,132.0,1,Not Hispanic or Latino,Asian,Female,35-44,67.054,Loan originated
1,745000.0,50%-60%,1455000.0,143.0,1,Not Hispanic or Latino,Asian,Female,35-44,51.173,Loan originated
1,295000.0,49,315000.0,63.0,1,Not Hispanic or Latino,White,Male,45-54,95.0,Loan originated
1,185000.0,43,565000.0,56.0,1,Not Hispanic or Latino,Asian,Male,35-44,32.942,Loan originated
1,465000.0,<20%,575000.0,379.0,1,Hispanic or Latino,White,Male,55-64,80.0,Loan originated
1,305000.0,49,445000.0,61.0,1,Not Hispanic or Latino,White,Female,25-34,70.0,Loan originated
1,645000.0,44,665000.0,150.0,1,Not Hispanic or Latino,Asian,Female,25-34,100.0,Application denied
1,675000.0,49,835000.0,174.0,1,Hispanic or Latino,White,Male,<25,80.0,Loan originated
1,795000.0,49,1125000.0,141.0,1,Not Hispanic or Latino,White,Male,35-44,71.161,Loan originated
1,395000.0,47,595000.0,97.0,1,Not Hispanic or Latino,White,Female,35-44,66.102,Loan originated
1,615000.0,39,685000.0,167.0,1,Hispanic or Latino,White,Female,35-44,90.0,Loan originated
1,575000.0,38,1225000.0,206.0,1,Not Hispanic or Latino,White,Male,25-34,47.131,Loan originated
1,935000.0,20%-<30%,1245000.0,560.0,1,Hispanic or Latino,2 or more minority races,Male,25-34,90.0,Loan originated
1,155000.0,42,805000.0,139.0,1,Hispanic or Latino,White,Male,45-54,98.564,Loan originated
1,385000.0,40,885000.0,116.0,1,Not Hispanic or Latino,Asian,Male,25-34,43.182,Loan originated
1,965000.0,39,1215000.0,243.0,1,Not Hispanic or Latino,White,Female,45-54,80.0,Loan originated
1,315000.0,46,375000.0,113.0,1,Not Hispanic or Latino,White,Male,45-54,83.0,Loan originated
1,355000.0,30%-<36%,635000.0,129.0,1,Not Hispanic or Latino,White,Male,25-34,56.35,Loan originated
1,655000.0,39,725000.0,200.0,1,Not Hispanic or Latino,White,Male,55-64,90.0,Loan originated
1,565000.0,47,705000.0,100.0,1,Not Hispanic or Latino,Asian,Male,35-44,92.86,Loan originated
1,555000.0,50%-60%,615000.0,130.0,1,Not Hispanic or Latino,Asian,Female,25-34,90.0,Loan originated
1,415000.0,45,635000.0,122.0,1,Not Hispanic or Latino,Asian,Female,35-44,65.0,Loan originated
1,435000.0,49,585000.0,97.0,1,Not Hispanic or Latino,Asian,Male,35-44,75.0,Loan originated
1,845000.0,44,1055000.0,193.0,1,Not Hispanic or Latino,Black or African American,Male,25-34,80.0,Loan originated
1,485000.0,30%-<36%,715000.0,149.0,1,Not Hispanic or Latino,White,Male,35-44,67.887,Loan originated
1,435000.0,49,835000.0,215.0,1,Not Hispanic or Latino,White,Male,45-54,53.0,Loan originated
1,375000.0,49,395000.0,79.0,1,Not Hispanic or Latino,Black or African American,Male,55-64,97.506,Loan originated
1,625000.0,30%-<36%,775000.0,260.0,1,Not Hispanic or Latino,White,Male,35-44,80.0,Loan originated
1,435000.0,49,635000.0,95.0,1,Not Hispanic or Latino,White,Female,45-54,68.254,Loan originated
1,305000.0,44,325000.0,96.0,1,Not Hispanic or Latino,White,Female,35-44,96.45,Loan originated
1,745000.0,49,1065000.0,170.0,1,Not Hispanic or Latino,White,Female,45-54,69.953,Loan originated
1,305000.0,49,545000.0,63.0,1,Not Hispanic or Latino,White,Female,55-64,55.963,Loan originated
1,575000.0,47,765000.0,147.0,1,Hispanic or Latino,White,Male,25-34,75.0,Loan originated
1,415000.0,47,645000.0,101.0,1,Hispanic or Latino,White,Female,45-54,65.0,Loan originated
1,795000.0,20%-<30%,995000.0,415.0,1,Not Hispanic or Latino,White,Male,35-44,80.0,Loan originated
1,345000.0,46,465000.0,125.0,1,Not Hispanic or Latino,White,Female,35-44,74.949,Loan originated
1,305000.0,20%-<30%,325000.0,105.0,1,Not Hispanic or Latino,White,Male,35-44,95.0,Loan originated
1,275000.0,46,775000.0,81.0,1,Not Hispanic or Latino,White,Female,35-44,35.71,Loan originated
1,325000.0,20%-<30%,415000.0,146.0,1,Not Hispanic or Latino,White,Male,45-54,77.108,Loan originated
1,735000.0,48,925000.0,155.0,1,Hispanic or Latino,White,Male,25-34,80.0,Loan originated
1,285000.0,37,475000.0,95.0,1,Not Hispanic or Latino,White,Female,65-74,58.95,Loan originated
1,895000.0,43,1005000.0,233.0,1,Not Hispanic or Latino,Asian,Male,35-44,89.9,Loan originated
1,405000.0,47,765000.0,93.0,1,Not Hispanic or Latino,White,Female,25-34,52.425,Loan originated
1,765000.0,40,975000.0,200.0,1,Not Hispanic or Latino,White,Female,35-44,78.717,Loan originated
1,505000.0,44,805000.0,232.0,1,Not Hispanic or Latino,Asian,Male,>74,63.0,Loan originated
1,1015000.0,41,1345000.0,279.0,1,Not Hispanic or Latino,Asian,Male,45-54,89.911,Loan originated
1,395000.0,30%-<36%,885000.0,144.0,1,Not Hispanic or Latino,Asian,Female,55-64,45.264,Loan originated
1,705000.0,49,885000.0,161.0,1,Hispanic or Latino,White,Female,<25,80.0,Loan originated
1,755000.0,37,1255000.0,230.0,1,Not Hispanic or Latino,Asian,Male,35-44,60.0,Application denied
1,725000.0,48,905000.0,215.0,1,Not Hispanic or Latino,Asian,Female,45-54,80.0,Loan originated
1,575000.0,38,715000.0,225.0,1,Not Hispanic or Latino,Asian,Female,45-54,80.0,Loan originated
1,755000.0,30%-<36%,1505000.0,284.0,1,Not Hispanic or Latino,White,Female,<25,50.0,Loan originated
1,175000.0,44,345000.0,56.0,1,Hispanic or Latino,White,Female,35-44,49.93,Loan originated
1,525000.0,49,1375000.0,221.0,1,Not Hispanic or Latino,White,Male,35-44,37.981,Loan originated
1,505000.0,37,675000.0,162.0,1,Not Hispanic or Latino,White,Female,65-74,75.0,Loan originated
1,415000.0,30%-<36%,445000.0,131.0,1,Not Hispanic or Latino,Asian,Female,25-34,95.0,Loan originated
1,95000.0,41,425000.0,35.0,1,Not Hispanic or Latino,White,Female,65-74,21.615,Loan originated
1,715000.0,44,855000.0,168.0,1,Not Hispanic or Latino,Asian,Male,35-44,103.0,Application denied
1,555000.0,50%-60%,915000.0,166.0,1,Hispanic or Latino,White,Male,65-74,60.0,Application denied
1,245000.0,30%-<36%,275000.0,85.0,1,Hispanic or Latino,White,Female,25-34,88.889,Loan originated
1,645000.0,47,885000.0,141.0,1,Not Hispanic or Latino,White,Female,35-44,73.164,Loan originated
1,275000.0,47,345000.0,99.0,1,Hispanic or Latino,White,Male,<25,80.0,Loan originated
1,615000.0,37,765000.0,162.0,1,Not Hispanic or Latino,Asian,Male,25-34,80.0,Loan originated
1,155000.0,20%-<30%,835000.0,142.0,1,Not Hispanic or Latino,Asian,Male,55-64,17.92,Loan originated
1,765000.0,37,865000.0,202.0,1,Not Hispanic or Latino,White,Female,25-34,89.0,Loan originated
1,705000.0,42,835000.0,275.0,1,Not Hispanic or Latino,White,Male,35-44,85.0,Loan originated
1,565000.0,30%-<36%,705000.0,196.0,1,Not Hispanic or Latino,White,Female,25-34,80.0,Loan originated
1,255000.0,20%-<30%,315000.0,97.0,1,Not Hispanic or Latino,White,Female,55-64,80.0,Loan originated
1,375000.0,20%-<30%,625000.0,237.0,1,Not Hispanic or Latino,Asian,Female,45-54,60.0,Loan originated
1,515000.0,42,585000.0,155.0,1,Hispanic or Latino,White,Male,25-34,87.93,Loan originated
1,635000.0,30%-<36%,795000.0,230.0,1,Not Hispanic or Latino,Asian,Female,55-64,80.0,Loan originated
1,605000.0,<20%,1255000.0,0.0,1,Not Hispanic or Latino,White,Male,25-34,48.0,Application denied
1,545000.0,48,715000.0,105.0,1,Not Hispanic or Latino,Asian,Female,25-34,75.734,Loan originated
1,495000.0,42,535000.0,121.0,1,Not Hispanic or Latino,Asian,Female,45-54,92.578,Loan originated
1,1055000.0,40,1605000.0,250.0,1,Not Hispanic or Latino,White,Female,45-54,65.42,Loan originated
1,755000.0,>60%,845000.0,147.0,1,Not Hispanic or Latino,White,Male,55-64,90.0,Loan originated
1,275000.0,43,295000.0,143.0,1,Not Hispanic or Latino,White,Male,45-54,95.0,Loan originated
1,335000.0,45,425000.0,74.0,1,Not Hispanic or Latino,White,Male,25-34,80.0,Loan originated
1,125000.0,38,165000.0,38.0,1,Not Hispanic or Latino,White,Female,65-74,78.125,Loan originated
1,435000.0,40,635000.0,134.0,1,Hispanic or Latino,White,Male,25-34,68.254,Application denied
1,405000.0,30%-<36%,505000.0,211.0,1,Not Hispanic or Latino,Asian,Male,35-44,80.0,Loan originated
1,415000.0,>60%,615000.0,89.0,1,Not Hispanic or Latino,Asian,Female,65-74,68.0,Application denied
1,785000.0,30%-<36%,1125000.0,225.0,1,Not Hispanic or Latino,Asian,Male,55-64,70.0,Loan originated
1,705000.0,49,1135000.0,216.0,1,Not Hispanic or Latino,Asian,Male,45-54,62.54,Loan originated
1,1005000.0,43,1815000.0,263.0,1,Not Hispanic or Latino,Asian,Male,35-44,55.249,Loan originated
1,1005000.0,30%-<36%,2855000.0,359.0,1,Not Hispanic or Latino,Asian,Male,35-44,35.088,Loan originated
1,305000.0,20%-<30%,555000.0,117.0,1,Not Hispanic or Latino,Asian,Male,<25,54.545,Loan originated
1,575000.0,45,675000.0,214.0,1,Not Hispanic or Latino,Asian,Male,45-54,85.0,Loan originated
1,425000.0,40,475000.0,142.0,1,Hispanic or Latino,White,Female,25-34,89.9,Loan originated
1,345000.0,46,435000.0,124.0,1,Not Hispanic or Latino,Asian,Female,45-54,80.0,Loan originated
1,545000.0,39,745000.0,236.0,1,Not Hispanic or Latino,White,Male,35-44,73.298,Loan originated
1,905000.0,41,1425000.0,372.0,1,Not Hispanic or Latino,Asian,Male,45-54,62.96,Loan originated
1,305000.0,41,325000.0,84.0,1,Hispanic or Latino,White,Male,25-34,97.0,Loan originated
1,755000.0,42,935000.0,190.0,1,Not Hispanic or Latino,White,Male,35-44,80.0,Loan originated
1,345000.0,45,425000.0,96.0,1,Not Hispanic or Latino,White,Female,35-44,80.0,Loan originated
1,265000.0,43,315000.0,217.0,1,Hispanic or Latino,White,Male,<25,85.0,Loan originated
1,355000.0,49,375000.0,96.0,1,Hispanic or Latino,White,Male,45-54,95.0,Loan originated
1,485000.0,46,615000.0,151.0,1,Not Hispanic or Latino,Asian,Male,25-34,80.0,Loan originated
1,435000.0,20%-<30%,735000.0,156.0,1,Not Hispanic or Latino,Asian,Male,<25,59.405,Loan originated
1,385000.0,30%-<36%,475000.0,152.0,1,Not Hispanic or Latino,White,Female,45-54,80.0,Loan originated
1,505000.0,50%-60%,625000.0,92.0,1,Hispanic or Latino,White,Male,35-44,80.0,Loan originated
1,615000.0,30%-<36%,1035000.0,233.0,1,Hispanic or Latino,White,Male,35-44,60.0,Loan originated
1,315000.0,44,375000.0,75.0,1,Not Hispanic or Latino,White,Male,45-54,84.0,Loan originated
1,565000.0,30%-<36%,715000.0,431.0,1,Not Hispanic or Latino,White,Female,35-44,78.873,Loan originated
1,905000.0,47,1815000.0,263.0,1,Not Hispanic or Latino,Asian,Male,45-54,49.72,Loan originated
1,765000.0,40,845000.0,218.0,1,Not Hispanic or Latino,White,Male,35-44,90.0,Loan originated
1,445000.0,38,535000.0,115.0,1,Not Hispanic or Latino,Asian,Male,25-34,103.974,Loan originated
1,585000.0,37,1185000.0,310.0,1,Not Hispanic or Latino,White,Male,55-64,49.232,Loan originated
1,115000.0,20%-<30%,365000.0,51.0,1,Not Hispanic or Latino,White,Female,65-74,30.14,Loan originated
1,585000.0,44,735000.0,170.0,1,Not Hispanic or Latino,Black or African American,Female,25-34,79.592,Loan originated
1,745000.0,30%-<36%,785000.0,245.0,1,Not Hispanic or Latino,Asian,Male,35-44,94.28,Loan originated
1,765000.0,20%-<30%,1525000.0,833.0,1,Not Hispanic or Latino,White,Male,45-54,50.461,Loan originated
1,345000.0,39,445000.0,88.0,1,Hispanic or Latino,Asian,Male,25-34,79.0,Loan originated
1,585000.0,47,695000.0,180.0,1,Not Hispanic or Latino,White,Male,45-54,84.999,Loan originated
1,465000.0,39,685000.0,129.0,1,Hispanic or Latino,White,Male,35-44,76.67,Loan originated
1,265000.0,49,285000.0,52.0,1,Hispanic or Latino,White,Male,25-34,98.0,Loan originated
1,505000.0,30%-<36%,605000.0,128.0,1,Not Hispanic or Latino,2 or more minority races,Female,25-34,83.7,Loan originated
1,715000.0,39,755000.0,224.0,1,Hispanic or Latino,White,Male,35-44,95.0,Loan originated
1,1135000.0,48,1265000.0,280.0,1,Not Hispanic or Latino,Asian,Male,45-54,89.99,Loan originated
1,595000.0,41,795000.0,237.0,1,Not Hispanic or Latino,Asian,Male,25-34,75.0,Loan originated
1,805000.0,49,1655000.0,175.0,1,Not Hispanic or Latino,White,Male,35-44,49.0,Loan originated
1,225000.0,41,275000.0,64.0,1,Not Hispanic or Latino,White,Female,65-74,80.0,Loan originated
1,745000.0,44,855000.0,183.0,1,Not Hispanic or Latino,Asian,Male,35-44,88.0,Loan originated
1,945000.0,37,1175000.0,280.0,1,Not Hispanic or Latino,Asian,Female,45-54,80.0,Loan originated
1,325000.0,43,535000.0,184.0,1,Not Hispanic or Latino,Asian,Male,35-44,60.74,Loan originated
1,255000.0,20%-<30%,435000.0,95.0,1,Hispanic or Latino,White,Female,<25,58.991,Loan originated
1,625000.0,<20%,785000.0,6632.0,1,Not Hispanic or Latino,Asian,Male,35-44,80.0,Loan originated
1,805000.0,30%-<36%,1605000.0,338.0,1,Not Hispanic or Latino,Asian,Female,25-34,50.0,Loan originated
1,295000.0,47,365000.0,58.0,1,Hispanic or Latino,White,Male,45-54,80.0,Loan originated
1,355000.0,30%-<36%,655000.0,139.0,1,Not Hispanic or Latino,Asian,Female,35-44,54.431,Loan originated
1,445000.0,49,565000.0,140.0,1,Hispanic or Latino,White,Male,<25,80.0,Loan originated
1,345000.0,41,365000.0,106.0,1,Hispanic or Latino,White,Male,25-34,95.0,Loan originated
1,435000.0,49,675000.0,144.0,1,Hispanic or Latino,White,Female,35-44,65.0,Application denied
1,385000.0,45,485000.0,100.0,1,Not Hispanic or Latino,White,Male,55-64,80.0,Loan originated
1,535000.0,40,665000.0,627.0,1,Not Hispanic or Latino,Asian,Male,25-34,80.0,Loan originated
1,255000.0,30%-<36%,425000.0,84.0,1,Hispanic or Latino,White,Male,35-44,58.83,Loan originated
1,705000.0,49,885000.0,171.0,1,Not Hispanic or Latino,Asian,Male,25-34,80.0,Loan originated
1,695000.0,46,735000.0,265.0,1,Not Hispanic or Latino,White,Female,25-34,95.0,Loan originated
1,425000.0,48,605000.0,84.0,1,Not Hispanic or Latino,White,Male,25-34,70.0,Loan originated
1,465000.0,50%-60%,475000.0,95.0,1,Hispanic or Latino,Asian,Female,35-44,97.0,Application denied
1,445000.0,43,525000.0,113.0,1,Not Hispanic or Latino,White,Male,35-44,85.0,Loan originated
1,555000.0,43,655000.0,160.0,1,Not Hispanic or Latino,Asian,Male,45-54,84.733,Loan originated
1,275000.0,47,285000.0,74.0,1,Hispanic or Latino,American Indian or Alaska Native,Male,<25,100.0,Loan originated
1,885000.0,49,1105000.0,340.0,1,Not Hispanic or Latino,Asian,Male,35-44,80.0,Loan originated
1,525000.0,40,585000.0,130.0,1,Hispanic or Latino,White,Male,45-54,90.0,Loan originated
1,355000.0,47,395000.0,79.0,1,Not Hispanic or Latino,White,Male,25-34,90.0,Loan originated
1,685000.0,47,765000.0,164.0,1,Not Hispanic or Latino,White,Male,25-34,90.18,Loan originated
1,405000.0,30%-<36%,885000.0,154.0,1,Not Hispanic or Latino,White,Male,25-34,46.01,Loan originated
1,515000.0,30%-<36%,745000.0,165.0,1,Not Hispanic or Latino,Asian,Female,25-34,70.0,Loan originated
1,765000.0,41,835000.0,252.0,1,Not Hispanic or Latino,White,Male,45-54,92.0,Loan originated
1,485000.0,41,515000.0,119.0,1,Hispanic or Latino,White,Male,25-34,95.0,Loan originated
1,1145000.0,49,1425000.0,243.0,1,Not Hispanic or Latino,Asian,Male,35-44,80.0,Loan originated
1,355000.0,41,435000.0,110.0,1,Not Hispanic or Latino,Asian,Male,25-34,80.0,Loan originated
1,945000.0,49,995000.0,336.0,1,Not Hispanic or Latino,Asian,Male,35-44,95.0,Loan originated
1,1055000.0,49,1175000.0,225.0,1,Not Hispanic or Latino,White,Female,35-44,89.362,Loan originated
1,565000.0,40,715000.0,208.0,1,Hispanic or Latino,White,Male,35-44,80.0,Loan originated
1,605000.0,48,755000.0,135.0,1,Not Hispanic or Latino,Asian,Male,35-44,80.0,Loan originated
1,685000.0,<20%,855000.0,760.0,1,Not Hispanic or Latino,White,Male,45-54,89.99,Loan originated
1,375000.0,49,405000.0,73.0,1,Not Hispanic or Latino,Asian,Male,<25,92.0,Loan originated
1,635000.0,47,795000.0,212.0,1,Not Hispanic or Latino,Asian,Female,65-74,80.0,Loan originated
1,715000.0,36,755000.0,194.0,1,Not Hispanic or Latino,Native Hawaiian or Other Pacific Islander,Male,25-34,95.0,Loan originated
1,505000.0,42,3225000.0,413.0,1,Not Hispanic or Latino,Asian,Female,35-44,15.504,Loan originated
1,495000.0,41,545000.0,170.0,1,Not Hispanic or Latino,White,Male,35-44,89.98,Loan originated
1,705000.0,41,785000.0,202.0,1,Hispanic or Latino,White,Male,65-74,90.0,Application denied
1,205000.0,40,225000.0,79.0,1,Not Hispanic or Latino,White,Male,25-34,95.0,Loan originated
1,305000.0,49,805000.0,77.0,1,Not Hispanic or Latino,Asian,Male,25-34,37.887,Loan originated
1,635000.0,48,715000.0,164.0,1,Not Hispanic or Latino,Black or African American,Male,45-54,90.0,Loan originated
1,575000.0,45,635000.0,140.0,1,Not Hispanic or Latino,2 or more minority races,Male,25-34,90.0,Loan originated
1,325000.0,44,345000.0,86.0,1,Hispanic or Latino,White,Male,25-34,100.0,Loan originated
1,1145000.0,48,1525000.0,381.0,1,Not Hispanic or Latino,Asian,Male,45-54,75.4,Application denied
1,555000.0,49,585000.0,176.0,1,Hispanic or Latino,White,Male,45-54,95.0,Loan originated
1,715000.0,48,755000.0,320.0,1,Not Hispanic or Latino,White,Female,45-54,95.0,Loan originated
1,1085000.0,46,1365000.0,228.0,1,Not Hispanic or Latino,White,Female,25-34,80.0,Loan originated
1,865000.0,50%-60%,1155000.0,221.0,1,Not Hispanic or Latino,White,Female,45-54,75.0,Application denied
1,195000.0,20%-<30%,215000.0,175.0,1,Not Hispanic or Latino,Asian,Male,25-34,90.0,Loan originated
1,305000.0,30%-<36%,415000.0,89.0,1,Not Hispanic or Latino,Asian,Female,35-44,75.0,Loan originated
1,395000.0,49,495000.0,86.0,1,Not Hispanic or Latino,White,Male,25-34,80.0,Loan originated
1,635000.0,39,795000.0,200.0,1,Not Hispanic or Latino,White,Male,45-54,80.0,Loan originated
1,1145000.0,20%-<30%,1535000.0,406.0,1,Not Hispanic or Latino,White,Female,35-44,74.76,Loan originated
1,675000.0,40,845000.0,198.0,1,Not Hispanic or Latino,Asian,Male,25-34,80.0,Loan originated
1,405000.0,20%-<30%,755000.0,195.0,1,Not Hispanic or Latino,Asian,Female,25-34,53.33,Loan originated
1,965000.0,36,1215000.0,300.0,1,Not Hispanic or Latino,Asian,Male,35-44,80.0,Loan originated
1,735000.0,30%-<36%,915000.0,248.0,1,Not Hispanic or Latino,White,Male,35-44,80.0,Loan originated
1,505000.0,47,625000.0,103.0,1,Not Hispanic or Latino,White,Female,65-74,80.0,Loan originated
1,885000.0,45,1105000.0,443.0,1,Not Hispanic or Latino,White,Male,25-34,80.0,Loan originated
1,55000.0,>60%,65000.0,50.0,1,Not Hispanic or Latino,White,Female,>74,77.99,Application denied
1,685000.0,47,805000.0,197.0,1,Not Hispanic or Latino,Black or African American,Male,65-74,85.0,Loan originated
1,805000.0,49,855000.0,198.0,1,Hispanic or Latino,White,Male,25-34,95.0,Loan originated
1,605000.0,30%-<36%,875000.0,232.0,1,Hispanic or Latino,White,Female,<25,70.0,Application denied
1,555000.0,42,655000.0,164.0,1,Not Hispanic or Latino,White,Male,35-44,84.99,Loan originated
1,925000.0,48,975000.0,203.0,1,Not Hispanic or Latino,White,Male,25-34,95.0,Loan originated
1,525000.0,47,555000.0,216.0,1,Hispanic or Latino,White,Male,35-44,90.0,Application denied
1,585000.0,30%-<36%,735000.0,267.0,1,Not Hispanic or Latino,Asian,Male,45-54,80.0,Loan originated
1,285000.0,30%-<36%,955000.0,107.0,1,Hispanic or Latino,Asian,Female,35-44,29.906,Loan originated
1,305000.0,50%-60%,2005000.0,133.0,1,Not Hispanic or Latino,Asian,Female,55-64,15.0,Application denied
1,355000.0,40,435000.0,88.0,1,Not Hispanic or Latino,White,Female,55-64,102.8,Loan originated
1,135000.0,48,305000.0,64.0,1,Hispanic or Latino,Black or African American,Female,55-64,45.0,Loan originated
1,475000.0,42,725000.0,125.0,1,Not Hispanic or Latino,Asian,Female,55-64,65.0,Application denied
1,575000.0,39,825000.0,128.0,1,Not Hispanic or Latino,Asian,Female,25-34,69.697,Loan originated
1,725000.0,49,1655000.0,195.0,1,Not Hispanic or Latino,Asian,Male,25-34,43.807,Loan originated
1,545000.0,48,635000.0,134.0,1,Not Hispanic or Latino,White,Male,35-44,85.0,Loan originated
1,455000.0,30%-<36%,565000.0,266.0,1,Hispanic or Latino,White,Male,25-34,80.0,Loan originated
1,325000.0,49,775000.0,67.0,1,Not Hispanic or Latino,Asian,Male,35-44,41.785,Loan originated
1,975000.0,20%-<30%,1215000.0,390.0,1,Not Hispanic or Latino,White,Male,25-34,80.0,Loan originated
1,225000.0,49,275000.0,44.0,1,Not Hispanic or Latino,White,Female,25-34,80.0,Loan originated
1,155000.0,50%-60%,175000.0,102.0,1,Hispanic or Latino,White,Male,35-44,90.0,Loan originated
1,805000.0,38,1005000.0,343.0,1,Not Hispanic or Latino,Asian,Female,35-44,80.0,Loan originated
1,145000.0,43,405000.0,68.0,1,Not Hispanic or Latino,White,Female,65-74,36.43,Application denied
1,485000.0,43,505000.0,108.0,1,Not Hispanic or Latino,Asian,Male,35-44,97.0,Loan originated
1,425000.0,30%-<36%,575000.0,123.0,1,Hispanic or Latino,White,Female,25-34,75.0,Loan originated
1,625000.0,46,895000.0,147.0,1,Not Hispanic or Latino,White,Male,25-34,70.0,Loan originated
1,1005000.0,41,1355000.0,235.0,1,Not Hispanic or Latino,Asian,Male,35-44,73.801,Loan originated
1,525000.0,49,875000.0,105.0,1,Not Hispanic or Latino,White,Female,25-34,60.0,Loan originated
1,455000.0,43,1305000.0,195.0,1,Not Hispanic or Latino,White,Male,>74,34.615,Loan originated
1,785000.0,49,985000.0,156.0,1,Hispanic or Latino,White,Female,35-44,80.0,Loan originated
1,495000.0,42,635000.0,160.0,1,Hispanic or Latino,White,Male,45-54,77.826,Loan originated
1,305000.0,46,385000.0,85.0,1,Not Hispanic or Latino,White,Female,25-34,88.823,Loan originated
1,725000.0,44,905000.0,180.0,1,Not Hispanic or Latino,Asian,Male,>74,80.0,Loan originated
1,525000.0,42,555000.0,114.0,1,Hispanic or Latino,White,Male,55-64,95.0,Loan originated
1,725000.0,36,915000.0,220.0,1,Not Hispanic or Latino,White,Male,35-44,80.0,Loan originated
1,355000.0,48,445000.0,73.0,1,Hispanic or Latino,White,Female,25-34,80.0,Loan originated
1,675000.0,30%-<36%,845000.0,188.0,1,Not Hispanic or Latino,Black or African American,Male,25-34,80.0,Loan originated
1,575000.0,30%-<36%,825000.0,192.0,1,Not Hispanic or Latino,White,Male,35-44,70.0,Loan originated
1,315000.0,41,675000.0,81.0,1,Not Hispanic or Latino,Black or African American,Female,45-54,46.27,Loan originated
1,325000.0,48,725000.0,76.0,1,Not Hispanic or Latino,White,Female,65-74,44.828,Loan originated
1,585000.0,49,745000.0,166.0,1,Hispanic or Latino,White,Male,45-54,78.926,Application denied
1,315000.0,37,425000.0,106.0,1,Not Hispanic or Latino,White,Male,45-54,75.0,Loan originated
1,575000.0,48,615000.0,128.0,1,Not Hispanic or Latino,White,Male,35-44,95.0,Loan originated
1,665000.0,36,735000.0,172.0,1,Not Hispanic or Latino,Asian,Female,35-44,90.91,Loan originated
1,295000.0,49,295000.0,71.0,1,Not Hispanic or Latino,Black or African American,Male,25-34,100.0,Loan originated
1,255000.0,47,1155000.0,100.0,1,Not Hispanic or Latino,White,Male,45-54,21.74,Loan originated
1,275000.0,36,295000.0,113.0,1,Not Hispanic or Latino,White,Female,25-34,100.0,Loan originated
1,235000.0,36,375000.0,88.0,1,Hispanic or Latino,White,Male,45-54,63.51,Loan originated
1,255000.0,40,305000.0,62.0,1,Not Hispanic or Latino,White,Male,35-44,86.333,Loan originated
1,515000.0,49,645000.0,157.0,1,Hispanic or Latino,White,Female,55-64,80.0,Loan originated
1,635000.0,45,1055000.0,192.0,1,Not Hispanic or Latino,Asian,Male,35-44,60.0,Loan originated
1,305000.0,50%-60%,655000.0,94.0,1,Hispanic or Latino,White,Male,35-44,46.15,Loan originated
1,695000.0,30%-<36%,875000.0,223.0,1,Hispanic or Latino,White,Female,35-44,79.99,Loan originated
1,275000.0,43,295000.0,70.0,1,Not Hispanic or Latino,White,Female,<25,92.784,Loan originated
1,545000.0,48,825000.0,114.0,1,Not Hispanic or Latino,White,Female,35-44,67.0,Loan originated
1,675000.0,49,845000.0,335.0,1,Not Hispanic or Latino,Asian,Male,45-54,80.0,Loan originated
1,195000.0,48,275000.0,77.0,1,Hispanic or Latino,White,Male,25-34,70.92,Application denied
1,495000.0,47,625000.0,108.0,1,Not Hispanic or Latino,White,Male,25-34,80.0,Loan originated
1,385000.0,47,645000.0,73.0,1,Hispanic or Latino,White,Male,45-54,59.38,Loan originated
1,445000.0,49,895000.0,95.0,1,Not Hispanic or Latino,Asian,Female,25-34,49.999,Loan originated
1,575000.0,44,715000.0,126.0,1,Hispanic or Latino,White,Male,45-54,80.0,Loan originated
1,385000.0,47,485000.0,265.0,1,Not Hispanic or Latino,Asian,Male,<25,80.0,Loan originated
1,695000.0,<20%,945000.0,486.0,1,Not Hispanic or Latino,Asian,Male,45-54,73.677,Loan originated
1,665000.0,49,695000.0,147.0,1,Not Hispanic or Latino,Asian,Male,25-34,96.5,Loan originated
1,785000.0,<20%,975000.0,573.0,1,Not Hispanic or Latino,White,Male,25-34,80.0,Loan originated
1,865000.0,42,915000.0,287.0,1,Not Hispanic or Latino,White,Female,35-44,95.0,Loan originated
1,965000.0,46,1015000.0,213.0,1,Not Hispanic or Latino,White,Male,25-34,95.0,Loan originated
1,505000.0,20%-<30%,535000.0,266.0,1,Not Hispanic or Latino,White,Female,35-44,95.0,Loan originated
1,515000.0,37,645000.0,164.0,1,Not Hispanic or Latino,White,Female,35-44,80.0,Loan originated
1,425000.0,20%-<30%,665000.0,192.0,1,Not Hispanic or Latino,White,Male,45-54,65.0,Loan originated
1,535000.0,38,565000.0,142.0,1,Hispanic or Latino,White,Male,25-34,95.0,Loan originated
1,445000.0,49,555000.0,109.0,1,Not Hispanic or Latino,White,Male,25-34,80.0,Loan originated
1,305000.0,38,475000.0,129.0,1,Not Hispanic or Latino,White,Female,45-54,64.211,Loan originated
1,405000.0,47,445000.0,132.0,1,Not Hispanic or Latino,White,Male,35-44,90.0,Loan originated
1,535000.0,30%-<36%,675000.0,190.0,1,Not Hispanic or Latino,White,Male,65-74,79.997,Loan originated
1,825000.0,30%-<36%,1035000.0,242.0,1,Not Hispanic or Latino,White,Female,35-44,80.0,Loan originated
1,805000.0,20%-<30%,805000.0,325.0,1,Not Hispanic or Latino,Asian,Male,35-44,100.0,Loan originated
1,395000.0,30%-<36%,555000.0,125.0,1,Not Hispanic or Latino,White,Female,25-34,71.818,Loan originated
1,155000.0,20%-<30%,565000.0,94.0,1,Hispanic or Latino,White,Female,35-44,26.786,Loan originated
1,735000.0,30%-<36%,975000.0,257.0,1,Not Hispanic or Latino,Asian,Male,55-64,75.0,Loan originated
1,535000.0,41,665000.0,153.0,1,Not Hispanic or Latino,White,Female,65-74,80.0,Loan originated
1,635000.0,44,975000.0,149.0,1,Not Hispanic or Latino,White,Male,65-74,65.538,Application denied
1,365000.0,49,425000.0,78.0,1,Not Hispanic or Latino,Black or African American,Male,65-74,105.0,Loan originated
1,895000.0,20%-<30%,1345000.0,315.0,1,Not Hispanic or Latino,White,Male,25-34,66.543,Loan originated
1,475000.0,45,965000.0,240.0,1,Not Hispanic or Latino,White,Female,45-54,49.13,Loan originated
1,825000.0,43,875000.0,267.0,1,Not Hispanic or Latino,Asian,Female,25-34,95.0,Loan originated
1,905000.0,40,1625000.0,334.0,1,Not Hispanic or Latino,White,Male,55-64,55.38,Loan originated
1,1005000.0,40,1675000.0,235.0,1,Not Hispanic or Latino,Asian,Female,25-34,59.71,Loan originated
1,695000.0,30%-<36%,875000.0,240.0,1,Not Hispanic or Latino,Asian,Male,35-44,80.0,Loan originated
1,275000.0,36,345000.0,80.0,1,Not Hispanic or Latino,White,Female,35-44,80.0,Loan originated
1,115000.0,49,3005000.0,75.0,1,Not Hispanic or Latino,Asian,Male,55-64,3.833,Loan originated
1,845000.0,39,1055000.0,338.0,1,Not Hispanic or Latino,White,Male,55-64,80.0,Loan originated
1,305000.0,36,1025000.0,202.0,1,Not Hispanic or Latino,Asian,Male,45-54,90.0,Loan originated
1,455000.0,47,915000.0,108.0,1,Hispanic or Latino,White,Male,45-54,49.45,Loan originated
1,605000.0,43,755000.0,210.0,1,Not Hispanic or Latino,White,Female,55-64,80.0,Loan originated
1,105000.0,42,175000.0,28.0,1,Not Hispanic or Latino,White,Female,55-64,54.118,Application denied
1,1005000.0,43,1165000.0,395.0,1,Not Hispanic or Latino,White,Male,35-44,86.746,Loan originated
1,575000.0,30%-<36%,755000.0,156.0,1,Not Hispanic or Latino,Asian,Male,35-44,75.372,Loan originated
1,1145000.0,30%-<36%,1425000.0,467.0,1,Not Hispanic or Latino,Asian,Male,35-44,80.0,Loan originated
1,405000.0,40,425000.0,93.0,1,Not Hispanic or Latino,White,Male,35-44,95.0,Loan originated
1,205000.0,38,1045000.0,96.0,1,Not Hispanic or Latino,White,Female,45-54,20.0,Loan originated
1,395000.0,30%-<36%,415000.0,182.0,1,Hispanic or Latino,White,Female,55-64,95.0,Loan originated
1,315000.0,49,645000.0,69.0,1,Not Hispanic or Latino,Asian,Male,35-44,48.137,Loan originated
1,275000.0,30%-<36%,285000.0,90.0,1,Not Hispanic or Latino,Black or African American,Male,55-64,100.0,Loan originated
1,695000.0,49,735000.0,149.0,1,Hispanic or Latino,White,Male,35-44,95.0,Loan originated
1,275000.0,48,345000.0,67.0,1,Not Hispanic or Latino,White,Female,25-34,80.0,Loan originated
1,275000.0,41,575000.0,102.0,1,Hispanic or Latino,White,Male,45-54,48.21,Loan originated
1,575000.0,41,645000.0,160.0,1,Hispanic or Latino,White,Male,25-34,90.0,Loan originated
1,555000.0,37,805000.0,172.0,1,Not Hispanic or Latino,Asian,Female,25-34,68.75,Loan originated
1,955000.0,20%-<30%,1275000.0,360.0,1,Hispanic or Latino,White,Male,35-44,75.0,Application denied
1,865000.0,49,915000.0,201.0,1,Not Hispanic or Latino,Asian,Female,25-34,94.945,Loan originated
1,1045000.0,48,1105000.0,265.0,1,Hispanic or Latino,White,Female,25-34,95.0,Loan originated
1,1075000.0,49,1405000.0,209.0,1,Not Hispanic or Latino,Black or African American,Female,25-34,76.157,Loan originated
1,1105000.0,50%-60%,1715000.0,251.0,1,Not Hispanic or Latino,Asian,Female,25-34,64.328,Loan originated
1,395000.0,42,445000.0,159.0,1,Not Hispanic or Latino,American Indian or Alaska Native,Male,45-54,95.0,Loan originated
1,995000.0,37,1245000.0,299.0,1,Hispanic or Latino,White,Male,35-44,80.0,Loan originated
1,305000.0,30%-<36%,375000.0,158.0,1,Not Hispanic or Latino,White,Female,55-64,80.0,Loan originated
1,255000.0,40,265000.0,66.0,1,Not Hispanic or Latino,White,Female,<25,95.0,Loan originated
1,335000.0,40,575000.0,92.0,1,Not Hispanic or Latino,Asian,Male,35-44,58.0,Loan originated
1,285000.0,<20%,355000.0,724.0,1,Hispanic or Latino,White,Male,35-44,80.0,Loan originated
1,395000.0,42,495000.0,108.0,1,Hispanic or Latino,White,Male,25-34,80.0,Loan originated
1,125000.0,>60%,415000.0,21.0,1,Hispanic or Latino,White,Male,65-74,29.27,Application denied
1,1105000.0,48,1475000.0,224.0,1,Not Hispanic or Latino,Asian,Male,25-34,75.0,Loan originated
1,285000.0,40,295000.0,84.0,1,Not Hispanic or Latino,White,Male,45-54,97.0,Loan originated
1,65000.0,47,2045000.0,38.0,1,Not Hispanic or Latino,White,Male,>74,2.933,Loan originated
1,425000.0,30%-<36%,575000.0,118.0,1,Not Hispanic or Latino,White,Female,45-54,73.217,Loan originated
1,575000.0,36,775000.0,138.0,1,Hispanic or Latino,White,Female,45-54,74.03,Loan originated
1,225000.0,30%-<36%,285000.0,80.0,1,Not Hispanic or Latino,White,Male,<25,80.0,Loan originated
1,85000.0,41,595000.0,46.0,1,Not Hispanic or Latino,White,Female,55-64,14.0,Loan originated
1,1145000.0,49,1525000.0,246.0,1,Not Hispanic or Latino,White,Male,35-44,75.0,Loan originated
1,135000.0,20%-<30%,685000.0,159.0,1,Not Hispanic or Latino,White,Female,45-54,19.118,Loan originated
1,245000.0,20%-<30%,485000.0,115.0,1,Not Hispanic or Latino,White,Female,45-54,50.0,Loan originated
1,685000.0,40,805000.0,311.0,1,Not Hispanic or Latino,White,Male,35-44,85.0,Loan originated
1,535000.0,20%-<30%,605000.0,220.0,1,Not Hispanic or Latino,Asian,Male,45-54,89.9,Loan originated
1,315000.0,45,615000.0,70.0,1,Not Hispanic or Latino,Asian,Male,55-64,50.82,Loan originated
1,895000.0,>60%,1375000.0,230.0,1,Not Hispanic or Latino,Asian,Male,45-54,72.0,Application denied
1,605000.0,20%-<30%,925000.0,268.0,1,Not Hispanic or Latino,Asian,Female,45-54,65.217,Loan originated
1,675000.0,37,755000.0,205.0,1,Not Hispanic or Latino,White,Female,45-54,90.0,Loan originated
1,1145000.0,48,1715000.0,340.0,1,Not Hispanic or Latino,White,Male,35-44,68.0,Loan originated
1,965000.0,30%-<36%,1205000.0,312.0,1,Not Hispanic or Latino,White,Male,55-64,80.0,Loan originated
1,765000.0,20%-<30%,775000.0,393.0,1,Not Hispanic or Latino,Asian,Female,25-34,98.717,Loan originated
1,1115000.0,30%-<36%,1855000.0,1180.0,1,Not Hispanic or Latino,White,Female,45-54,60.0,Loan originated
1,435000.0,45,625000.0,121.0,1,Not Hispanic or Latino,White,Male,35-44,69.6,Loan originated
1,85000.0,<20%,105000.0,61.0,1,Hispanic or Latino,White,Male,55-64,80.0,Loan originated
1,685000.0,39,855000.0,179.0,1,Hispanic or Latino,White,Female,35-44,80.0,Loan originated
1,1145000.0,43,1605000.0,239.0,1,Not Hispanic or Latino,White,Male,55-64,72.0,Loan originated
1,295000.0,47,1595000.0,146.0,1,Not Hispanic or Latino,White,Male,65-74,18.5,Loan originated
1,655000.0,43,685000.0,188.0,1,Not Hispanic or Latino,White,Male,45-54,94.99,Loan originated
1,515000.0,41,685000.0,155.0,1,Not Hispanic or Latino,Asian,Female,45-54,75.0,Loan originated
1,515000.0,47,545000.0,127.0,1,Hispanic or Latino,White,Male,45-54,95.0,Loan originated
1,655000.0,<20%,825000.0,1081.0,1,Not Hispanic or Latino,White,Male,35-44,80.0,Loan originated
1,755000.0,20%-<30%,885000.0,246.0,1,Not Hispanic or Latino,Asian,Male,35-44,85.0,Loan originated
1,575000.0,43,725000.0,167.0,1,Not Hispanic or Latino,White,Male,65-74,80.0,Loan originated
1,605000.0,46,765000.0,125.0,1,Hispanic or Latino,White,Female,25-34,80.0,Loan originated
1,485000.0,42,785000.0,138.0,1,Not Hispanic or Latino,Asian,Male,25-34,61.98,Loan originated
1,255000.0,49,425000.0,62.0,1,Not Hispanic or Latino,White,Male,55-64,58.824,Loan originated
1,85000.0,20%-<30%,115000.0,70.0,1,Not Hispanic or Latino,Black or African American,Male,>74,77.09,Application denied
1,705000.0,43,1355000.0,170.0,1,Not Hispanic or Latino,White,Male,55-64,51.604,Loan originated
1,255000.0,20%-<30%,285000.0,98.0,1,Not Hispanic or Latino,White,Male,55-64,90.53,Loan originated
1,105000.0,30%-<36%,505000.0,63.0,1,Not Hispanic or Latino,White,Female,65-74,20.0,Loan originated
1,725000.0,43,905000.0,230.0,1,Not Hispanic or Latino,Black or African American,Male,35-44,80.0,Loan originated
1,545000.0,30%-<36%,745000.0,156.0,1,Not Hispanic or Latino,Asian,Male,25-34,72.97,Loan originated
1,405000.0,38,595000.0,152.0,1,Not Hispanic or Latino,White,Male,25-34,68.802,Loan originated
1,775000.0,20%-<30%,1395000.0,805.0,1,Hispanic or Latino,White,Female,45-54,55.556,Loan originated
1,635000.0,45,785000.0,134.0,1,Not Hispanic or Latino,White,Male,<25,80.0,Loan originated
1,955000.0,42,2455000.0,343.0,1,Not Hispanic or Latino,White,Male,55-64,38.776,Loan originated
1,385000.0,48,465000.0,98.0,1,Not Hispanic or Latino,Asian,Female,25-34,82.0,Application denied
1,245000.0,49,545000.0,98.0,1,Not Hispanic or Latino,Asian,Male,35-44,44.95,Loan originated
1,535000.0,<20%,565000.0,313.0,1,Hispanic or Latino,White,Female,45-54,95.0,Loan originated
1,505000.0,42,625000.0,178.0,1,Not Hispanic or Latino,Black or African American,Male,65-74,80.0,Loan originated
1,935000.0,47,985000.0,177.0,1,Not Hispanic or Latino,Asian,Male,35-44,95.0,Loan originated
1,545000.0,49,685000.0,112.0,1,Not Hispanic or Latino,Asian,Female,35-44,100.0,Loan originated
1,255000.0,30%-<36%,335000.0,84.0,1,Hispanic or Latino,White,Male,45-54,75.0,Loan originated
1,235000.0,43,335000.0,56.0,1,Hispanic or Latino,White,Female,55-64,69.697,Loan originated
1,335000.0,49,355000.0,71.0,1,Hispanic or Latino,White,Male,45-54,95.0,Loan originated
1,325000.0,43,1015000.0,109.0,1,Not Hispanic or Latino,White,Female,65-74,31.683,Loan originated
1,495000.0,44,585000.0,333.0,1,Not Hispanic or Latino,White,Male,45-54,84.74,Loan originated
1,225000.0,30%-<36%,675000.0,96.0,1,Not Hispanic or Latino,White,Female,55-64,33.333,Loan originated
1,445000.0,49,555000.0,113.0,1,Not Hispanic or Latino,White,Male,35-44,80.0,Loan originated
1,135000.0,47,385000.0,35.0,1,Not Hispanic or Latino,White,Male,45-54,35.0,Loan originated
1,555000.0,45,575000.0,135.0,1,Hispanic or Latino,White,Male,<25,97.0,Loan originated
1,335000.0,20%-<30%,425000.0,205.0,1,Not Hispanic or Latino,Asian,Male,45-54,80.0,Loan originated
1,35000.0,>60%,35000.0,45.0,1,Not Hispanic or Latino,White,Female,55-64,95.0,Application denied
1,385000.0,43,395000.0,92.0,1,Not Hispanic or Latino,Asian,Male,35-44,97.0,Loan originated
1,415000.0,49,485000.0,85.0,1,Not Hispanic or Latino,Asian,Male,25-34,84.378,Loan originated
1,515000.0,38,575000.0,153.0,1,Hispanic or Latino,White,Female,45-54,89.9,Loan originated
1,355000.0,20%-<30%,515000.0,151.0,1,Not Hispanic or Latino,Asian,Male,25-34,70.0,Application denied
1,695000.0,20%-<30%,865000.0,376.0,1,Not Hispanic or Latino,White,Male,35-44,80.0,Loan originated
1,715000.0,49,895000.0,142.0,1,Not Hispanic or Latino,White,Male,35-44,80.0,Loan originated
1,585000.0,40,655000.0,158.0,1,Hispanic or Latino,White,Male,45-54,89.99,Loan originated
1,1115000.0,30%-<36%,1665000.0,358.0,1,Not Hispanic or Latino,Asian,Male,25-34,67.03,Loan originated
1,355000.0,47,445000.0,72.0,1,Hispanic or Latino,White,Female,35-44,80.0,Loan originated
1,265000.0,30%-<36%,315000.0,137.0,1,Hispanic or Latino,White,Female,45-54,85.0,Loan originated
1,405000.0,48,505000.0,217.0,1,Not Hispanic or Latino,White,Male,25-34,80.0,Loan originated
1,315000.0,49,1145000.0,87.0,1,Not Hispanic or Latino,White,Female,65-74,27.328,Loan originated
1,235000.0,47,705000.0,110.0,1,Not Hispanic or Latino,White,Female,55-64,32.624,Loan originated
1,285000.0,30%-<36%,425000.0,151.0,1,Not Hispanic or Latino,White,Male,45-54,67.143,Loan originated
1,785000.0,>60%,865000.0,130.0,1,Not Hispanic or Latino,Asian,Male,35-44,90.0,Application denied
1,625000.0,48,695000.0,155.0,1,Not Hispanic or Latino,White,Female,35-44,93.98,Loan originated
1,395000.0,48,455000.0,89.0,1,Hispanic or Latino,White,Male,45-54,85.0,Loan originated
1,735000.0,42,775000.0,200.0,1,Not Hispanic or Latino,White,Male,25-34,95.0,Loan originated
1,755000.0,36,2205000.0,397.0,1,Not Hispanic or Latino,White,Male,35-44,34.091,Loan originated
1,235000.0,42,285000.0,72.0,1,Hispanic or Latino,White,Male,35-44,85.0,Application denied
1,335000.0,30%-<36%,375000.0,159.0,1,Not Hispanic or Latino,White,Male,25-34,90.0,Loan originated
1,715000.0,49,795000.0,168.0,1,Not Hispanic or Latino,White,Female,35-44,90.0,Loan originated
1,335000.0,30%-<36%,425000.0,142.0,1,Not Hispanic or Latino,White,Female,25-34,80.0,Loan originated
1,545000.0,49,685000.0,220.0,1,Not Hispanic or Latino,Black or African American,Female,65-74,80.0,Loan originated
1,415000.0,43,425000.0,135.0,1,Not Hispanic or Latino,White,Male,35-44,100.395,Loan originated
1,245000.0,20%-<30%,335000.0,225.0,1,Hispanic or Latino,White,Male,55-64,75.0,Application denied
1,415000.0,<20%,525000.0,372.0,1,Not Hispanic or Latino,White,Male,35-44,80.0,Loan originated
1,265000.0,47,335000.0,68.0,1,Not Hispanic or Latino,White,Female,65-74,80.0,Loan originated
1,305000.0,49,445000.0,65.0,1,Not Hispanic or Latino,White,Female,45-54,68.182,Loan originated
1,605000.0,48,755000.0,252.0,1,Not Hispanic or Latino,White,Male,25-34,80.0,Loan originated
1,285000.0,45,625000.0,81.0,1,Not Hispanic or Latino,Asian,Female,35-44,44.586,Loan originated
1,525000.0,43,875000.0,122.0,1,Not Hispanic or Latino,Asian,Male,35-44,60.0,Loan originated
1,285000.0,44,405000.0,75.0,1,Not Hispanic or Latino,White,Female,25-34,70.0,Loan originated
1,445000.0,47,555000.0,121.0,1,Not Hispanic or Latino,Asian,Male,25-34,80.0,Loan originated
1,705000.0,47,905000.0,15.0,1,Not Hispanic or Latino,Asian,Female,55-64,79.98,Loan originated
1,665000.0,41,725000.0,174.0,1,Not Hispanic or Latino,Asian,Female,25-34,92.0,Loan originated
1,765000.0,49,1005000.0,152.0,1,Not Hispanic or Latino,Asian,Female,35-44,75.999,Loan originated
1,535000.0,41,545000.0,153.0,1,Not Hispanic or Latino,Asian,Male,25-34,97.0,Loan originated
1,635000.0,30%-<36%,705000.0,204.0,1,Not Hispanic or Latino,Black or African American,Female,35-44,90.0,Loan originated
1,325000.0,37,335000.0,100.0,1,Hispanic or Latino,White,Male,25-34,97.0,Loan originated
1,1005000.0,44,1255000.0,236.0,1,Not Hispanic or Latino,Asian,Male,35-44,80.0,Loan originated
1,475000.0,37,495000.0,174.0,1,Not Hispanic or Latino,White,Male,35-44,95.0,Loan originated
1,195000.0,20%-<30%,245000.0,89.0,1,Hispanic or Latino,White,Male,35-44,80.0,Loan originated
1,155000.0,38,645000.0,97.0,1,Hispanic or Latino,White,Female,55-64,23.355,Loan originated
1,1075000.0,42,1205000.0,263.0,1,Not Hispanic or Latino,Asian,Female,35-44,89.917,Loan originated
1,405000.0,20%-<30%,505000.0,220.0,1,Not Hispanic or Latino,White,Female,45-54,80.0,Loan originated
1,335000.0,49,395000.0,93.0,1,Not Hispanic or Latino,Black or African American,Female,55-64,85.0,Loan originated
1,525000.0,47,795000.0,145.0,1,Not Hispanic or Latino,White,Male,45-54,65.837,Loan originated
1,335000.0,49,465000.0,70.0,1,Not Hispanic or Latino,White,Female,45-54,72.82,Loan originated
1,735000.0,47,815000.0,150.0,1,Hispanic or Latino,White,Female,35-44,90.0,Loan originated
1,635000.0,42,795000.0,147.0,1,Not Hispanic or Latino,Asian,Male,25-34,80.0,Loan originated
1,355000.0,37,1365000.0,128.0,1,Not Hispanic or Latino,White,Female,55-64,26.0,Loan originated
1,315000.0,46,445000.0,84.0,1,Not Hispanic or Latino,Asian,Female,45-54,70.0,Loan originated
1,505000.0,46,1025000.0,155.0,1,Not Hispanic or Latino,Asian,Female,25-34,49.02,Loan originated
1,345000.0,43,395000.0,93.0,1,Not Hispanic or Latino,White,Male,45-54,87.47,Loan originated
1,375000.0,30%-<36%,825000.0,153.0,1,Not Hispanic or Latino,White,Male,45-54,45.455,Loan originated
1,455000.0,43,505000.0,162.0,1,Not Hispanic or Latino,Asian,Male,25-34,90.0,Loan originated
1,495000.0,20%-<30%,625000.0,240.0,1,Not Hispanic or Latino,Asian,Female,35-44,80.0,Loan originated
1,425000.0,49,565000.0,89.0,1,Hispanic or Latino,White,Male,35-44,75.0,Loan originated
1,155000.0,<20%,745000.0,136.0,1,Not Hispanic or Latino,Black or African American,Female,55-64,20.27,Loan originated
1,595000.0,37,625000.0,180.0,1,Not Hispanic or Latino,Asian,Female,35-44,95.0,Application denied
1,465000.0,41,495000.0,104.0,1,Hispanic or Latino,White,Male,<25,95.0,Loan originated
1,365000.0,44,455000.0,96.0,1,Not Hispanic or Latino,White,Male,35-44,80.0,Loan originated
1,1145000.0,20%-<30%,4105000.0,702.0,1,Not Hispanic or Latino,White,Male,65-74,31.68,Loan originated
1,585000.0,20%-<30%,775000.0,225.0,1,Not Hispanic or Latino,Asian,Female,25-34,75.0,Loan originated
1,405000.0,38,425000.0,151.0,1,Not Hispanic or Latino,White,Male,55-64,95.0,Loan originated
1,455000.0,20%-<30%,575000.0,298.0,1,Hispanic or Latino,White,Male,35-44,80.0,Loan originated
1,925000.0,42,1155000.0,267.0,1,Not Hispanic or Latino,Black or African American,Female,45-54,80.0,Loan originated
1,275000.0,30%-<36%,465000.0,96.0,1,Not Hispanic or Latino,White,Male,35-44,60.0,Loan originated
1,595000.0,46,625000.0,126.0,1,Not Hispanic or Latino,White,Male,35-44,95.0,Loan originated
1,425000.0,45,535000.0,91.0,1,Not Hispanic or Latino,Asian,Male,35-44,80.0,Loan originated
1,575000.0,49,645000.0,114.0,1,Hispanic or Latino,White,Female,25-34,89.98,Loan originated
1,715000.0,49,805000.0,147.0,1,Not Hispanic or Latino,Asian,Male,25-34,89.0,Loan originated
1,365000.0,49,455000.0,178.0,1,Hispanic or Latino,White,Female,65-74,80.0,Loan originated
1,345000.0,40,505000.0,101.0,1,Hispanic or Latino,White,Male,65-74,68.0,Loan originated
1,665000.0,44,915000.0,158.0,1,Hispanic or Latino,White,Male,25-34,72.598,Loan originated
1,435000.0,48,635000.0,124.0,1,Not Hispanic or Latino,Asian,Female,45-54,68.267,Loan originated
1,435000.0,44,1185000.0,109.0,1,Not Hispanic or Latino,White,Male,55-64,36.441,Loan originated
1,315000.0,38,915000.0,150.0,1,Not Hispanic or Latino,White,Male,65-74,34.066,Loan originated
1,955000.0,30%-<36%,1005000.0,328.0,1,Not Hispanic or Latino,Native Hawaiian or Other Pacific Islander,Male,45-54,95.0,Loan originated
1,295000.0,48,605000.0,83.0,1,Not Hispanic or Latino,White,Female,35-44,49.421,Loan originated
1,485000.0,39,515000.0,140.0,1,Not Hispanic or Latino,Asian,Female,25-34,95.0,Loan originated
1,445000.0,38,565000.0,299.0,1,Hispanic or Latino,Native Hawaiian or Other Pacific Islander,Male,35-44,80.0,Loan originated
1,605000.0,46,635000.0,175.0,1,Hispanic or Latino,American Indian or Alaska Native,Male,25-34,95.0,Loan originated
1,475000.0,30%-<36%,595000.0,174.0,1,Not Hispanic or Latino,Asian,Male,25-34,80.0,Loan originated
1,125000.0,37,155000.0,52.0,1,Hispanic or Latino,White,Female,45-54,80.0,Loan originated
1,995000.0,43,1055000.0,279.0,1,Not Hispanic or Latino,White,Male,45-54,95.0,Loan originated
1,305000.0,20%-<30%,375000.0,173.0,1,Not Hispanic or Latino,White,Male,65-74,80.0,Loan originated
1,905000.0,30%-<36%,1025000.0,245.0,1,Not Hispanic or Latino,Asian,Male,35-44,89.0,Loan originated
1,555000.0,20%-<30%,995000.0,222.0,1,Not Hispanic or Latino,Asian,Male,25-34,55.39,Application denied
1,685000.0,41,855000.0,195.0,1,Not Hispanic or Latino,White,Male,25-34,80.0,Loan originated
1,495000.0,47,515000.0,120.0,1,Not Hispanic or Latino,White,Male,45-54,97.0,Loan originated
1,1005000.0,48,1265000.0,211.0,1,Not Hispanic or Latino,White,Male,55-64,79.365,Loan originated
1,145000.0,30%-<36%,425000.0,55.0,1,Hispanic or Latino,White,Male,55-64,33.806,Loan originated
1,335000.0,20%-<30%,355000.0,131.0,1,Hispanic or Latino,White,Male,25-34,97.0,Loan originated
1,625000.0,38,785000.0,195.0,1,Not Hispanic or Latino,Asian,Female,35-44,80.0,Loan originated
1,905000.0,30%-<36%,1205000.0,275.0,1,Not Hispanic or Latino,White,Female,35-44,74.689,Loan originated
1,475000.0,20%-<30%,695000.0,300.0,1,Not Hispanic or Latino,White,Male,25-34,70.0,Loan originated
1,1005000.0,44,1255000.0,282.0,1,Not Hispanic or Latino,White,Female,55-64,80.0,Loan originated
1,755000.0,20%-<30%,1705000.0,334.0,1,Not Hispanic or Latino,White,Female,35-44,45.0,Loan originated
1,745000.0,47,935000.0,190.0,1,Not Hispanic or Latino,Asian,Male,35-44,80.0,Loan originated
1,385000.0,37,405000.0,92.0,1,Hispanic or Latino,White,Male,45-54,98.0,Loan originated
1,825000.0,46,865000.0,232.0,1,Hispanic or Latino,White,Male,35-44,95.0,Loan originated
1,545000.0,39,675000.0,169.0,1,Hispanic or Latino,White,Male,45-54,80.0,Loan originated
1,555000.0,39,635000.0,152.0,1,Not Hispanic or Latino,Asian,Male,45-54,87.429,Loan originated
1,525000.0,47,665000.0,170.0,1,Not Hispanic or Latino,Asian,Male,25-34,80.0,Loan originated
1,505000.0,44,565000.0,138.0,1,Hispanic or Latino,White,Female,35-44,90.0,Loan originated
1,405000.0,41,555000.0,104.0,1,Not Hispanic or Latino,Asian,Female,45-54,72.727,Application denied
1,305000.0,20%-<30%,345000.0,118.0,1,Not Hispanic or Latino,White,Female,65-74,88.235,Loan originated
1,685000.0,41,865000.0,156.0,1,Not Hispanic or Latino,White,Male,45-54,80.0,Loan originated
1,945000.0,<20%,1175000.0,737.0,1,Not Hispanic or Latino,White,Male,45-54,80.0,Loan originated
1,765000.0,41,2175000.0,228.0,1,Not Hispanic or Latino,White,Female,25-34,36.0,Loan originated
1,545000.0,48,575000.0,137.0,1,Hispanic or Latino,White,Male,25-34,95.0,Loan originated
1,425000.0,38,435000.0,165.0,1,Not Hispanic or Latino,White,Female,25-34,97.0,Loan originated
1,1075000.0,37,1525000.0,340.0,1,Not Hispanic or Latino,White,Male,25-34,70.395,Loan originated
1,455000.0,>60%,665000.0,40.0,1,Not Hispanic or Latino,Asian,Male,25-34,68.0,Application denied
1,435000.0,41,545000.0,110.0,1,Not Hispanic or Latino,White,Male,35-44,80.0,Loan originated
1,625000.0,39,775000.0,170.0,1,Not Hispanic or Latino,White,Male,25-34,80.0,Loan originated
1,535000.0,20%-<30%,665000.0,271.0,1,Not Hispanic or Latino,Asian,Female,25-34,80.0,Loan originated
1,275000.0,<20%,855000.0,311.0,1,Not Hispanic or Latino,Asian,Male,35-44,32.48,Loan originated
1,995000.0,46,1245000.0,220.0,1,Not Hispanic or Latino,Asian,Male,35-44,80.0,Loan originated
1,635000.0,49,705000.0,128.0,1,Not Hispanic or Latino,Asian,Female,35-44,89.96,Loan originated
1,945000.0,30%-<36%,1115000.0,294.0,1,Not Hispanic or Latino,Asian,Male,35-44,85.0,Loan originated
1,135000.0,30%-<36%,545000.0,84.0,1,Not Hispanic or Latino,Asian,Female,55-64,24.681,Loan originated
1,715000.0,37,955000.0,160.0,1,Not Hispanic or Latino,Asian,Male,25-34,75.0,Loan originated
1,355000.0,39,375000.0,114.0,1,Not Hispanic or Latino,White,Female,55-64,95.0,Loan originated
1,965000.0,47,1205000.0,262.0,1,Not Hispanic or Latino,White,Female,55-64,80.0,Application denied
1,875000.0,<20%,1095000.0,149.0,1,Not Hispanic or Latino,White,Male,25-34,80.0,Application denied
1,505000.0,48,535000.0,119.0,1,Hispanic or Latino,Black or African American,Female,25-34,95.0,Loan originated
1,595000.0,47,705000.0,276.0,1,Not Hispanic or Latino,White,Female,35-44,85.0,Application denied
1,315000.0,40,345000.0,144.0,1,Hispanic or Latino,White,Female,35-44,90.0,Loan originated
1,335000.0,20%-<30%,445000.0,143.0,1,Not Hispanic or Latino,Asian,Male,25-34,75.0,Loan originated
1,215000.0,30%-<36%,535000.0,89.0,1,Not Hispanic or Latino,White,Female,65-74,40.81,Loan originated
1,185000.0,45,245000.0,51.0,1,Not Hispanic or Latino,White,Female,25-34,75.0,Loan originated
1,355000.0,40,375000.0,101.0,1,Hispanic or Latino,White,Male,45-54,95.0,Loan originated
1,1105000.0,40,1575000.0,277.0,1,Not Hispanic or Latino,Asian,Male,45-54,70.0,Loan originated
1,415000.0,39,445000.0,118.0,1,Not Hispanic or Latino,White,Female,25-34,95.0,Loan originated
1,705000.0,39,2715000.0,301.0,1,Not Hispanic or Latino,Asian,Male,45-54,25.83,Loan originated
1,345000.0,20%-<30%,435000.0,152.0,1,Not Hispanic or Latino,White,Female,25-34,80.0,Loan originated
1,565000.0,43,585000.0,150.0,1,Not Hispanic or Latino,Black or African American,Female,25-34,96.99,Loan originated
1,155000.0,49,195000.0,40.0,1,Not Hispanic or Latino,White,Male,25-34,80.0,Loan originated
1,485000.0,20%-<30%,835000.0,249.0,1,Not Hispanic or Latino,White,Male,45-54,58.084,Loan originated
1,915000.0,43,995000.0,210.0,1,Hispanic or Latino,White,Male,45-54,93.0,Loan originated
1,285000.0,47,335000.0,67.0,1,Hispanic or Latino,White,Female,55-64,85.0,Loan originated
1,385000.0,38,695000.0,114.0,1,Not Hispanic or Latino,Asian,Male,25-34,55.827,Loan originated
1,715000.0,42,1795000.0,180.0,1,Not Hispanic or Latino,Asian,Male,25-34,39.67,Loan originated
1,725000.0,49,815000.0,136.0,1,Not Hispanic or Latino,White,Male,35-44,90.0,Loan originated
1,625000.0,47,695000.0,147.0,1,Not Hispanic or Latino,White,Male,35-44,90.0,Loan originated
1,315000.0,46,395000.0,64.0,1,Hispanic or Latino,White,Male,45-54,80.0,Loan originated
1,925000.0,20%-<30%,1165000.0,714.0,1,Not Hispanic or Latino,White,Male,35-44,80.0,Loan originated
1,525000.0,49,655000.0,139.0,1,Not Hispanic or Latino,White,Female,25-34,80.0,Loan originated
1,465000.0,30%-<36%,615000.0,168.0,1,Not Hispanic or Latino,Asian,Male,35-44,75.0,Loan originated
1,365000.0,20%-<30%,475000.0,225.0,1,Not Hispanic or Latino,White,Male,35-44,76.895,Loan originated
1,305000.0,49,1125000.0,80.0,1,Not Hispanic or Latino,White,Male,25-34,27.188,Loan originated
1,585000.0,>60%,655000.0,95.0,1,Not Hispanic or Latino,White,Male,25-34,89.92,Application denied
1,305000.0,49,755000.0,192.0,1,Not Hispanic or Latino,White,Male,55-64,40.712,Loan originated
1,485000.0,20%-<30%,575000.0,175.0,1,Not Hispanic or Latino,White,Male,55-64,85.0,Loan originated
1,275000.0,36,335000.0,71.0,1,Not Hispanic or Latino,White,Male,35-44,81.818,Loan originated
1,735000.0,>60%,765000.0,111.0,1,Not Hispanic or Latino,2 or more minority races,Female,45-54,95.0,Application denied
1,485000.0,49,645000.0,101.0,1,Hispanic or Latino,White,Female,25-34,75.0,Loan originated
1,855000.0,47,955000.0,266.0,1,Not Hispanic or Latino,Asian,Male,25-34,90.0,Loan originated
1,1025000.0,44,1365000.0,237.0,1,Not Hispanic or Latino,White,Female,35-44,75.0,Loan originated
