loan_purpose,loan_amount,debt_to_income_ratio,property_value,income,occupancy_type,derived_ethnicity,derived_race,derived_sex,applicant_age,loan_to_value_ratio,action_taken
1,765000.0,39,1225000.0,211.0,1,Not Hispanic or Latino,Asian,Male,35-44,62.36,Loan originated
1,595000.0,49,645000.0,123.0,1,Not Hispanic or Latino,Asian,Male,35-44,93.0,Loan originated
1,285000.0,46,365000.0,87.0,1,Not Hispanic or Latino,Asian,Male,45-54,80.0,Loan originated
1,435000.0,48,735000.0,131.0,1,Not Hispanic or Latino,White,Male,55-64,59.18,Loan originated
1,565000.0,49,785000.0,117.0,1,Hispanic or Latino,White,Female,55-64,71.338,Loan originated
1,615000.0,>60%,1615000.0,205.0,1,Not Hispanic or Latino,White,Male,55-64,37.888,Application denied
1,635000.0,44,795000.0,138.0,1,Not Hispanic or Latino,Asian,Female,25-34,80.0,Loan originated
1,325000.0,49,405000.0,74.0,1,Not Hispanic or Latino,White,Female,25-34,80.0,Loan originated
1,305000.0,20%-<30%,605000.0,187.0,1,Not Hispanic or Latino,White,Female,65-74,50.331,Loan originated
1,755000.0,49,1125000.0,174.0,1,Hispanic or Latino,Asian,Male,25-34,66.67,Loan originated
1,755000.0,20%-<30%,1005000.0,309.0,1,Not Hispanic or Latino,Asian,Male,35-44,75.0,Loan originated
1,405000.0,48,485000.0,82.0,1,Not Hispanic or Latino,White,Female,<25,85.0,Loan originated
1,445000.0,45,555000.0,129.0,1,Not Hispanic or Latino,Asian,Male,25-34,80.0,Loan originated
1,425000.0,30%-<36%,715000.0,153.0,1,Hispanic or Latino,White,Male,55-64,60.0,Loan originated
1,425000.0,30%-<36%,1015000.0,152.0,1,Not Hispanic or Latino,White,Female,55-64,41.955,Loan originated
1,395000.0,43,435000.0,96.0,1,Not Hispanic or Latino,Asian,Male,25-34,90.0,Loan originated
1,685000.0,20%-<30%,855000.0,469.0,1,Not Hispanic or Latino,White,Male,25-34,80.0,Loan originated
1,655000.0,41,905000.0,149.0,1,Not Hispanic or Latino,White,Female,35-44,72.222,Loan originated
1,755000.0,38,1505000.0,376.0,1,Not Hispanic or Latino,White,Female,>74,50.0,Loan originated
1,205000.0,<20%,255000.0,140.0,1,Not Hispanic or Latino,White,Male,25-34,80.0,Loan originated
1,405000.0,30%-<36%,925000.0,184.0,1,Not Hispanic or Latino,Asian,Female,65-74,43.84,Loan originated
1,925000.0,49,1155000.0,171.0,1,Not Hispanic or Latino,Asian,Male,25-34,80.0,Loan originated
1,375000.0,38,465000.0,121.0,1,Hispanic or Latino,White,Male,65-74,80.0,Loan originated
1,1015000.0,37,1275000.0,376.0,1,Not Hispanic or Latino,White,Male,35-44,80.0,Loan originated
1,415000.0,48,525000.0,77.0,1,Not Hispanic or Latino,White,Male,25-34,79.231,Loan originated
1,295000.0,49,415000.0,71.0,1,Not Hispanic or Latino,Asian,Male,45-54,69.545,Loan originated
1,475000.0,30%-<36%,635000.0,165.0,1,Not Hispanic or Latino,White,Female,45-54,75.0,Loan originated
1,705000.0,48,835000.0,207.0,1,Not Hispanic or Latino,Asian,Male,25-34,85.0,Loan originated
1,455000.0,41,655000.0,159.0,1,Not Hispanic or Latino,White,Male,35-44,70.0,Loan originated
1,765000.0,36,1355000.0,277.0,1,Not Hispanic or Latino,White,Female,45-54,56.815,Loan originated
1,455000.0,39,505000.0,138.0,1,Not Hispanic or Latino,White,Male,35-44,90.0,Loan originated
1,605000.0,48,1105000.0,108.0,1,Not Hispanic or Latino,White,Male,65-74,75.0,Loan originated
1,725000.0,49,1125000.0,153.0,1,Not Hispanic or Latino,White,Male,55-64,65.0,Loan originated
1,845000.0,47,1055000.0,185.0,1,Not Hispanic or Latino,Asian,Male,35-44,80.0,Loan originated
1,355000.0,39,445000.0,93.0,1,Hispanic or Latino,White,Female,25-34,80.0,Loan originated
1,515000.0,39,775000.0,151.0,1,Not Hispanic or Latino,Asian,Male,35-44,70.0,Loan originated
1,705000.0,20%-<30%,2345000.0,340.0,1,Not Hispanic or Latino,White,Female,25-34,29.915,Loan originated
1,195000.0,36,695000.0,99.0,1,Hispanic or Latino,Asian,Male,45-54,28.551,Loan originated
1,405000.0,>60%,515000.0,60.0,1,Not Hispanic or Latino,White,Male,25-34,80.0,Application denied
1,725000.0,43,1825000.0,190.0,1,Not Hispanic or Latino,White,Male,55-64,39.726,Loan originated
1,1355000.0,37,1815000.0,378.0,1,Not Hispanic or Latino,White,Male,45-54,75.0,Loan originated
1,535000.0,44,565000.0,132.0,1,Not Hispanic or Latino,White,Female,25-34,95.0,Loan originated
1,545000.0,30%-<36%,685000.0,290.0,1,Not Hispanic or Latino,White,Female,45-54,80.0,Loan originated
1,485000.0,30%-<36%,615000.0,138.0,1,Not Hispanic or Latino,White,Male,25-34,80.0,Loan originated
1,295000.0,20%-<30%,365000.0,164.0,1,Not Hispanic or Latino,White,Female,25-34,80.0,Loan originated
1,185000.0,20%-<30%,195000.0,100.0,1,Not Hispanic or Latino,Asian,Female,45-54,95.0,Loan originated
1,425000.0,44,535000.0,105.0,1,Hispanic or Latino,White,Female,45-54,80.0,Loan originated
1,375000.0,38,475000.0,145.0,1,Not Hispanic or Latino,White,Male,35-44,80.0,Loan originated
1,375000.0,49,395000.0,81.0,1,Hispanic or Latino,White,Female,35-44,95.0,Loan originated
1,535000.0,<20%,685000.0,360.0,1,Not Hispanic or Latino,Asian,Female,25-34,77.941,Loan originated
1,585000.0,44,735000.0,164.0,1,Not Hispanic or Latino,Asian,Male,35-44,79.99995,Loan originated
1,535000.0,20%-<30%,595000.0,246.0,1,Not Hispanic or Latino,White,Female,35-44,90.0,Loan originated
1,1045000.0,30%-<36%,1735000.0,454.0,1,Not Hispanic or Latino,White,Male,35-44,60.0,Loan originated
1,485000.0,30%-<36%,705000.0,368.0,1,Not Hispanic or Latino,Asian,Male,45-54,69.78,Loan originated
1,445000.0,43,525000.0,163.0,1,Hispanic or Latino,White,Male,55-64,85.58,Loan originated
1,205000.0,20%-<30%,585000.0,85.0,1,Not Hispanic or Latino,White,Male,35-44,35.0,Loan originated
1,255000.0,30%-<36%,315000.0,130.0,1,Not Hispanic or Latino,White,Male,45-54,80.0,Loan originated
1,405000.0,49,435000.0,89.0,1,Not Hispanic or Latino,2 or more minority races,Female,35-44,93.006,Loan originated
1,545000.0,41,675000.0,464.0,1,Hispanic or Latino,White,Female,25-34,80.0,Loan originated
1,305000.0,47,505000.0,79.0,1,Not Hispanic or Latino,White,Female,35-44,100.0,Loan originated
1,645000.0,46,805000.0,161.0,1,Not Hispanic or Latino,White,Female,25-34,80.0,Loan originated
1,605000.0,30%-<36%,1655000.0,200.0,1,Not Hispanic or Latino,Asian,Male,25-34,36.364,Application denied
1,385000.0,49,455000.0,81.0,1,Not Hispanic or Latino,White,Female,25-34,84.505,Loan originated
1,315000.0,40,1055000.0,134.0,1,Not Hispanic or Latino,White,Female,45-54,29.524,Loan originated
1,755000.0,49,1085000.0,195.0,1,Not Hispanic or Latino,Asian,Male,45-54,70.0,Loan originated
1,685000.0,48,1225000.0,152.0,1,Not Hispanic or Latino,White,Female,55-64,55.51,Loan originated
1,305000.0,20%-<30%,605000.0,139.0,1,Not Hispanic or Latino,White,Female,25-34,50.413,Loan originated
1,675000.0,40,695000.0,179.0,1,Not Hispanic or Latino,White,Female,45-54,97.0,Loan originated
1,295000.0,47,395000.0,73.0,1,Not Hispanic or Latino,Asian,Female,25-34,74.36,Loan originated
1,1145000.0,50%-60%,1305000.0,309.0,1,Not Hispanic or Latino,White,Male,35-44,89.0,Loan originated
1,445000.0,47,565000.0,98.0,1,Not Hispanic or Latino,Asian,Male,25-34,100.0,Loan originated
1,445000.0,43,465000.0,100.0,1,Not Hispanic or Latino,White,Male,25-34,96.739,Loan originated
1,725000.0,<20%,725000.0,460.0,1,Not Hispanic or Latino,Asian,Female,25-34,100.0,Loan originated
1,355000.0,20%-<30%,735000.0,94.0,1,Not Hispanic or Latino,Asian,Female,35-44,48.22,Loan originated
1,295000.0,42,595000.0,115.0,1,Not Hispanic or Latino,Asian,Male,25-34,49.917,Loan originated
1,875000.0,47,1085000.0,196.0,1,Not Hispanic or Latino,Asian,Female,25-34,80.0,Application denied
1,255000.0,>60%,285000.0,55.0,1,Not Hispanic or Latino,White,Female,55-64,90.0,Application denied
1,605000.0,40,755000.0,170.0,1,Not Hispanic or Latino,Asian,Male,25-34,80.0,Loan originated
1,555000.0,37,655000.0,161.0,1,Not Hispanic or Latino,Asian,Male,25-34,84.671,Loan originated
1,465000.0,48,505000.0,92.0,1,Hispanic or Latino,White,Female,45-54,92.4,Loan originated
1,695000.0,42,775000.0,447.0,1,Not Hispanic or Latino,Asian,Female,65-74,90.0,Loan originated
1,475000.0,43,485000.0,117.0,1,Hispanic or Latino,White,Male,55-64,100.0,Loan originated
1,565000.0,>60%,755000.0,91.0,1,Not Hispanic or Latino,Asian,Male,25-34,95.0,Application denied
1,525000.0,44,615000.0,214.0,1,Not Hispanic or Latino,2 or more minority races,Female,<25,85.0,Loan originated
1,365000.0,39,455000.0,102.0,1,Not Hispanic or Latino,White,Female,55-64,80.0,Loan originated
1,265000.0,30%-<36%,755000.0,135.0,1,Hispanic or Latino,White,Male,35-44,35.334,Loan originated
1,705000.0,49,875000.0,140.0,1,Not Hispanic or Latino,Asian,Male,35-44,80.0,Loan originated
1,685000.0,30%-<36%,865000.0,211.0,1,Not Hispanic or Latino,Asian,Female,25-34,80.0,Loan originated
1,715000.0,50%-60%,845000.0,139.0,1,Not Hispanic or Latino,White,Female,35-44,84.0,Loan originated
1,725000.0,39,1055000.0,251.0,1,Not Hispanic or Latino,White,Male,35-44,69.0,Loan originated
1,595000.0,48,745000.0,147.0,1,Hispanic or Latino,White,Female,35-44,80.0,Loan originated
1,375000.0,38,395000.0,130.0,1,Not Hispanic or Latino,Asian,Female,55-64,100.0,Loan originated
1,685000.0,49,855000.0,1.0,1,Not Hispanic or Latino,Asian,Female,45-54,80.0,Loan originated
1,215000.0,40,235000.0,59.0,1,Hispanic or Latino,White,Female,55-64,91.304,Loan originated
1,555000.0,20%-<30%,735000.0,278.0,1,Not Hispanic or Latino,Asian,Female,65-74,75.0,Loan originated
1,415000.0,30%-<36%,525000.0,155.0,1,Hispanic or Latino,White,Male,25-34,80.0,Loan originated
1,1145000.0,30%-<36%,1325000.0,609.0,1,Not Hispanic or Latino,White,Female,35-44,86.78,Loan originated
1,495000.0,30%-<36%,615000.0,146.0,1,Hispanic or Latino,White,Male,25-34,80.0,Loan originated
1,765000.0,47,855000.0,143.0,1,Hispanic or Latino,White,Male,35-44,90.0,Loan originated
1,955000.0,40,1265000.0,342.0,1,Hispanic or Latino,White,Male,45-54,75.0,Loan originated
1,605000.0,49,975000.0,150.0,1,Not Hispanic or Latino,Asian,Male,35-44,62.1538,Loan originated
1,665000.0,49,825000.0,243.0,1,Not Hispanic or Latino,Asian,Male,55-64,80.0,Loan originated
1,765000.0,30%-<36%,855000.0,251.0,1,Not Hispanic or Latino,White,Female,55-64,90.0,Loan originated
1,495000.0,45,525000.0,248.0,1,Not Hispanic or Latino,Asian,Female,25-34,95.0,Loan originated
1,805000.0,46,965000.0,383.0,1,Not Hispanic or Latino,Asian,Male,35-44,83.212,Loan originated
1,345000.0,38,435000.0,118.0,1,Not Hispanic or Latino,White,Male,25-34,80.0,Loan originated
1,395000.0,49,495000.0,94.0,1,Hispanic or Latino,White,Male,35-44,80.0,Loan originated
1,395000.0,45,445000.0,254.0,1,Not Hispanic or Latino,Asian,Female,35-44,89.98,Loan originated
1,375000.0,48,495000.0,75.0,1,Hispanic or Latino,White,Female,55-64,95.0,Loan originated
1,765000.0,30%-<36%,855000.0,239.0,1,Not Hispanic or Latino,White,Male,35-44,90.0,Loan originated
1,565000.0,45,595000.0,125.0,1,Not Hispanic or Latino,2 or more minority races,Female,25-34,95.0,Loan originated
1,905000.0,49,1715000.0,173.0,1,Not Hispanic or Latino,White,Male,35-44,52.478,Loan originated
1,385000.0,49,405000.0,96.0,1,Hispanic or Latino,White,Male,35-44,98.0,Loan originated
1,195000.0,41,245000.0,59.0,1,Hispanic or Latino,White,Female,45-54,80.0,Loan originated
1,365000.0,46,445000.0,77.0,1,Not Hispanic or Latino,White,Female,35-44,81.6,Loan originated
1,325000.0,30%-<36%,405000.0,98.0,1,Hispanic or Latino,American Indian or Alaska Native,Male,45-54,80.0,Loan originated
1,355000.0,>60%,3005000.0,76.0,1,Not Hispanic or Latino,White,Female,>74,11.667,Application denied
1,1035000.0,49,2025000.0,226.0,1,Not Hispanic or Latino,Asian,Female,35-44,51.0,Loan originated
1,935000.0,50%-60%,1725000.0,237.0,1,Not Hispanic or Latino,Asian,Female,35-44,54.0,Loan originated
1,495000.0,<20%,585000.0,1647.0,1,Not Hispanic or Latino,White,Male,55-64,85.0,Application denied
1,745000.0,47,875000.0,204.0,1,Not Hispanic or Latino,White,Male,25-34,85.0,Loan originated
1,195000.0,48,235000.0,50.0,1,Hispanic or Latino,White,Female,45-54,85.0,Loan originated
1,455000.0,48,475000.0,108.0,1,Hispanic or Latino,White,Female,45-54,95.0,Loan originated
1,355000.0,48,375000.0,93.0,1,Hispanic or Latino,White,Male,55-64,97.0,Application denied
1,485000.0,49,535000.0,168.0,1,Not Hispanic or Latino,Asian,Male,35-44,89.875,Application denied
1,815000.0,<20%,1015000.0,414.0,1,Not Hispanic or Latino,Black or African American,Male,25-34,80.0,Loan originated
1,485000.0,30%-<36%,885000.0,157.0,1,Not Hispanic or Latino,Asian,Male,35-44,54.707,Loan originated
1,475000.0,50%-60%,595000.0,95.0,1,Not Hispanic or Latino,Asian,Male,35-44,80.0,Loan originated
1,395000.0,36,545000.0,103.0,1,Not Hispanic or Latino,White,Female,45-54,71.813,Loan originated
1,765000.0,38,1205000.0,225.0,1,Not Hispanic or Latino,American Indian or Alaska Native,Female,45-54,63.88,Loan originated
1,845000.0,41,995000.0,195.0,1,Not Hispanic or Latino,Asian,Male,35-44,85.0,Loan originated
1,765000.0,20%-<30%,1525000.0,833.0,1,Not Hispanic or Latino,White,Male,45-54,50.461,Loan originated
1,565000.0,43,625000.0,153.0,1,Hispanic or Latino,White,Male,25-34,90.0,Loan originated
1,535000.0,20%-<30%,905000.0,205.0,1,Not Hispanic or Latino,Asian,Male,65-74,59.223,Loan originated
1,355000.0,41,885000.0,114.0,1,Not Hispanic or Latino,Asian,Female,45-54,40.0,Loan originated
1,395000.0,42,415000.0,143.0,1,Not Hispanic or Latino,White,Female,35-44,97.0,Loan originated
1,115000.0,45,505000.0,50.0,1,Not Hispanic or Latino,White,Female,65-74,24.0,Loan originated
1,15000.0,37,565000.0,168.0,1,Hispanic or Latino,White,Male,25-34,100.0,Loan originated
1,655000.0,48,1975000.0,310.0,1,Not Hispanic or Latino,White,Male,55-64,32.995,Loan originated
1,865000.0,38,1085000.0,269.0,1,Not Hispanic or Latino,White,Male,25-34,80.0,Loan originated
1,265000.0,45,335000.0,80.0,1,Hispanic or Latino,White,Male,35-44,80.0,Loan originated
1,685000.0,37,915000.0,255.0,1,Not Hispanic or Latino,Asian,Male,25-34,75.0,Loan originated
1,775000.0,<20%,975000.0,854.0,1,Not Hispanic or Latino,White,Male,25-34,80.0,Loan originated
1,685000.0,40,855000.0,198.0,1,Hispanic or Latino,White,Male,35-44,79.53,Loan originated
1,715000.0,42,1085000.0,176.0,1,Not Hispanic or Latino,White,Male,65-74,65.26,Loan originated
1,225000.0,37,855000.0,126.0,1,Hispanic or Latino,White,Male,25-34,25.882,Loan originated
1,655000.0,46,1535000.0,188.0,1,Not Hispanic or Latino,Asian,Female,35-44,42.345,Loan originated
1,635000.0,48,795000.0,169.0,1,Hispanic or Latino,White,Female,45-54,80.0,Loan originated
1,185000.0,30%-<36%,2535000.0,471.0,1,Not Hispanic or Latino,White,Male,45-54,89.98,Loan originated
1,685000.0,40,865000.0,187.0,1,Not Hispanic or Latino,Asian,Female,35-44,80.0,Loan originated
1,605000.0,36,755000.0,175.0,1,Not Hispanic or Latino,White,Male,45-54,80.0,Loan originated
1,65000.0,>60%,165000.0,56.0,1,Not Hispanic or Latino,White,Female,>74,37.5,Application denied
1,685000.0,30%-<36%,855000.0,237.0,1,Not Hispanic or Latino,Asian,Male,25-34,80.0,Loan originated
1,325000.0,30%-<36%,405000.0,136.0,1,Not Hispanic or Latino,Asian,Male,25-34,80.0,Loan originated
1,425000.0,41,465000.0,96.0,1,Not Hispanic or Latino,White,Male,45-54,91.613,Loan originated
1,505000.0,47,535000.0,115.0,1,Not Hispanic or Latino,Asian,Male,25-34,95.0,Application denied
1,745000.0,46,825000.0,187.0,1,Not Hispanic or Latino,White,Male,35-44,90.0,Loan originated
1,595000.0,46,855000.0,181.0,1,Not Hispanic or Latino,Black or African American,Male,35-44,70.18,Loan originated
1,345000.0,30%-<36%,225000.0,120.0,1,Not Hispanic or Latino,White,Female,45-54,95.0,Application denied
1,445000.0,30%-<36%,635000.0,135.0,1,Not Hispanic or Latino,White,Male,35-44,69.995,Loan originated
1,565000.0,30%-<36%,935000.0,262.0,1,Hispanic or Latino,White,Female,45-54,60.0,Loan originated
1,275000.0,20%-<30%,345000.0,174.0,1,Not Hispanic or Latino,White,Female,35-44,80.0,Loan originated
1,445000.0,47,455000.0,110.0,1,Not Hispanic or Latino,White,Female,25-34,97.0,Loan originated
1,445000.0,49,495000.0,90.0,1,Not Hispanic or Latino,White,Female,35-44,90.0,Loan originated
1,365000.0,30%-<36%,425000.0,132.0,1,Hispanic or Latino,White,Male,25-34,85.0,Loan originated
1,345000.0,48,425000.0,76.0,1,Hispanic or Latino,White,Male,65-74,80.0,Loan originated
1,105000.0,30%-<36%,145000.0,78.0,1,Not Hispanic or Latino,White,Female,65-74,75.44,Application denied
1,435000.0,47,455000.0,95.0,1,Hispanic or Latino,White,Female,25-34,95.0,Loan originated
1,595000.0,47,1175000.0,175.0,1,Not Hispanic or Latino,White,Male,25-34,50.85,Loan originated
1,375000.0,43,425000.0,85.0,1,Hispanic or Latino,White,Female,35-44,90.364,Loan originated
1,485000.0,30%-<36%,515000.0,168.0,1,Not Hispanic or Latino,Black or African American,Female,25-34,95.0,Loan originated
1,355000.0,46,435000.0,91.0,1,Not Hispanic or Latino,Asian,Male,25-34,79.546,Loan originated
1,345000.0,45,355000.0,76.0,1,Not Hispanic or Latino,Native Hawaiian or Other Pacific Islander,Female,25-34,100.0,Loan originated
1,505000.0,30%-<36%,625000.0,400.0,1,Not Hispanic or Latino,Asian,Female,45-54,80.0,Loan originated
1,545000.0,42,575000.0,149.0,1,Not Hispanic or Latino,Black or African American,Female,35-44,95.0,Loan originated
1,725000.0,42,905000.0,169.0,1,Not Hispanic or Latino,White,Female,35-44,80.0,Loan originated
1,145000.0,45,195000.0,34.0,1,Not Hispanic or Latino,White,Female,<25,80.0,Application denied
1,305000.0,50%-60%,405000.0,78.0,1,Not Hispanic or Latino,Asian,Female,55-64,75.06,Application denied
1,455000.0,30%-<36%,475000.0,145.0,1,Not Hispanic or Latino,White,Male,25-34,100.0,Loan originated
1,405000.0,<20%,575000.0,250.0,1,Not Hispanic or Latino,White,Male,35-44,69.565,Loan originated
1,715000.0,49,955000.0,275.0,1,Not Hispanic or Latino,Asian,Female,45-54,75.0,Loan originated
1,735000.0,30%-<36%,775000.0,254.0,1,Not Hispanic or Latino,White,Male,<25,95.0,Loan originated
1,785000.0,<20%,1125000.0,4546.0,1,Hispanic or Latino,White,Female,25-34,70.0,Loan originated
1,645000.0,37,715000.0,155.0,1,Hispanic or Latino,Asian,Male,35-44,89.99,Loan originated
1,325000.0,37,545000.0,91.0,1,Not Hispanic or Latino,Asian,Female,45-54,60.0,Loan originated
1,495000.0,40,545000.0,171.0,1,Not Hispanic or Latino,Asian,Male,45-54,89.835,Loan originated
1,655000.0,48,765000.0,221.0,1,Hispanic or Latino,White,Male,45-54,85.0,Loan originated
1,555000.0,41,955000.0,153.0,1,Not Hispanic or Latino,Asian,Male,25-34,58.18,Loan originated
1,345000.0,42,585000.0,108.0,1,Not Hispanic or Latino,White,Female,45-54,60.0,Loan originated
1,515000.0,20%-<30%,645000.0,240.0,1,Not Hispanic or Latino,Asian,Male,25-34,80.0,Loan originated
1,585000.0,49,875000.0,116.0,1,Hispanic or Latino,White,Female,45-54,67.0,Loan originated
1,75000.0,45,85000.0,63.0,1,Hispanic or Latino,Black or African American,Female,55-64,95.0,Application denied
1,745000.0,30%-<36%,1285000.0,238.0,1,Not Hispanic or Latino,Asian,Female,35-44,58.204,Loan originated
1,635000.0,49,675000.0,132.0,1,Not Hispanic or Latino,Asian,Male,25-34,95.0,Loan originated
1,835000.0,49,995000.0,210.0,1,Not Hispanic or Latino,White,Male,35-44,83.965,Loan originated
1,665000.0,30%-<36%,1065000.0,191.0,1,Not Hispanic or Latino,Asian,Male,25-34,62.264,Loan originated
1,385000.0,45,765000.0,124.0,1,Not Hispanic or Latino,White,Female,35-44,50.0,Loan originated
1,645000.0,41,835000.0,163.0,1,Hispanic or Latino,White,Male,45-54,77.11,Application denied
1,705000.0,41,875000.0,310.0,1,Hispanic or Latino,White,Male,45-54,80.0,Loan originated
1,605000.0,39,755000.0,158.0,1,Not Hispanic or Latino,Asian,Male,25-34,80.0,Loan originated
1,295000.0,47,295000.0,180.0,1,Not Hispanic or Latino,White,Male,25-34,100.0,Loan originated
1,505000.0,40,625000.0,180.0,1,Not Hispanic or Latino,White,Female,65-74,80.0,Loan originated
1,405000.0,47,585000.0,89.0,1,Not Hispanic or Latino,White,Female,35-44,70.0,Loan originated
1,505000.0,46,525000.0,125.0,1,Hispanic or Latino,White,Male,45-54,97.0,Loan originated
1,525000.0,30%-<36%,665000.0,149.0,1,Not Hispanic or Latino,Asian,Male,25-34,80.0,Loan originated
1,505000.0,47,545000.0,125.0,1,Not Hispanic or Latino,Asian,Female,35-44,92.6,Loan originated
1,325000.0,30%-<36%,405000.0,100.0,1,Not Hispanic or Latino,White,Female,35-44,80.0,Loan originated
1,765000.0,38,1205000.0,243.0,1,Not Hispanic or Latino,Asian,Male,35-44,64.0,Loan originated
1,505000.0,47,735000.0,139.0,1,Hispanic or Latino,White,Male,35-44,68.616,Loan originated
1,565000.0,47,875000.0,118.0,1,Not Hispanic or Latino,White,Male,35-44,65.0,Loan originated
1,165000.0,>60%,235000.0,49.0,1,Hispanic or Latino,White,Female,>74,70.75,Application denied
1,915000.0,30%-<36%,1225000.0,282.0,1,Not Hispanic or Latino,White,Male,25-34,75.0,Loan originated
1,625000.0,48,785000.0,175.0,1,Not Hispanic or Latino,Asian,Male,25-34,80.0,Loan originated
1,395000.0,44,415000.0,111.0,1,Not Hispanic or Latino,White,Female,45-54,95.0,Loan originated
1,745000.0,20%-<30%,1245000.0,350.0,1,Not Hispanic or Latino,Asian,Male,25-34,60.0,Loan originated
1,575000.0,45,615000.0,175.0,1,Not Hispanic or Latino,White,Female,55-64,95.0,Loan originated
1,605000.0,40,755000.0,166.0,1,Not Hispanic or Latino,White,Male,25-34,80.0,Loan originated
1,415000.0,30%-<36%,515000.0,166.0,1,Not Hispanic or Latino,Black or African American,Male,25-34,80.0,Application denied
1,1005000.0,30%-<36%,1255000.0,622.0,1,Hispanic or Latino,White,Female,65-74,80.0,Loan originated
1,445000.0,39,475000.0,160.0,1,Hispanic or Latino,White,Male,35-44,95.0,Loan originated
1,695000.0,36,775000.0,202.0,1,Hispanic or Latino,White,Male,35-44,89.968,Loan originated
1,355000.0,20%-<30%,375000.0,140.0,1,Not Hispanic or Latino,Black or African American,Female,35-44,95.0,Loan originated
1,515000.0,49,615000.0,117.0,1,Hispanic or Latino,White,Female,25-34,85.0,Loan originated
1,455000.0,42,475000.0,118.0,1,Hispanic or Latino,White,Female,35-44,97.0,Loan originated
1,375000.0,20%-<30%,855000.0,204.0,1,Not Hispanic or Latino,Asian,Male,35-44,43.86,Loan originated
1,665000.0,44,695000.0,149.0,1,Hispanic or Latino,White,Female,35-44,95.0,Loan originated
1,675000.0,48,795000.0,222.0,1,Not Hispanic or Latino,Asian,Male,25-34,85.0,Loan originated
1,415000.0,45,525000.0,88.0,1,Hispanic or Latino,Asian,Male,25-34,80.0,Loan originated
1,405000.0,46,825000.0,93.0,1,Not Hispanic or Latino,Black or African American,Male,25-34,49.091,Loan originated
1,385000.0,41,475000.0,155.0,1,Not Hispanic or Latino,White,Female,35-44,80.0,Loan originated
1,515000.0,42,695000.0,150.0,1,Not Hispanic or Latino,Asian,Female,35-44,75.0,Loan originated
1,495000.0,49,645000.0,98.0,1,Not Hispanic or Latino,Asian,Female,35-44,76.876,Loan originated
1,555000.0,<20%,745000.0,1100.0,1,Not Hispanic or Latino,White,Female,<25,75.0,Loan originated
1,165000.0,45,515000.0,64.0,1,Hispanic or Latino,White,Female,35-44,32.406,Loan originated
1,935000.0,49,1415000.0,190.0,1,Not Hispanic or Latino,Asian,Male,25-34,65.957,Loan originated
1,695000.0,49,775000.0,144.0,1,Hispanic or Latino,White,Male,35-44,90.0,Loan originated
1,205000.0,>60%,525000.0,63.0,1,Not Hispanic or Latino,White,Female,55-64,40.0,Application denied
1,785000.0,>60%,815000.0,192.0,1,Not Hispanic or Latino,Black or African American,Female,35-44,97.0,Application denied
1,365000.0,47,395000.0,81.0,1,Hispanic or Latino,White,Female,25-34,94.0,Loan originated
1,155000.0,49,695000.0,83.0,1,Not Hispanic or Latino,White,Female,65-74,21.676,Loan originated
1,325000.0,42,405000.0,72.0,1,Hispanic or Latino,White,Male,45-54,80.0,Loan originated
1,555000.0,50%-60%,585000.0,111.0,1,Not Hispanic or Latino,White,Female,55-64,95.0,Loan originated
1,365000.0,37,385000.0,375.0,1,Not Hispanic or Latino,White,Female,45-54,95.0,Loan originated
1,505000.0,30%-<36%,635000.0,183.0,1,Not Hispanic or Latino,Asian,Female,35-44,80.0,Loan originated
1,955000.0,50%-60%,1635000.0,211.0,1,Not Hispanic or Latino,Asian,Male,25-34,58.282,Loan originated
1,725000.0,30%-<36%,935000.0,219.0,1,Not Hispanic or Latino,White,Female,45-54,77.005,Loan originated
1,765000.0,39,905000.0,312.0,1,Hispanic or Latino,White,Male,25-34,85.0,Loan originated
1,315000.0,44,515000.0,83.0,1,Not Hispanic or Latino,White,Female,55-64,60.79,Loan originated
1,505000.0,30%-<36%,635000.0,164.0,1,Hispanic or Latino,White,Male,25-34,80.0,Loan originated
1,605000.0,42,635000.0,159.0,1,Not Hispanic or Latino,Black or African American,Female,55-64,95.0,Loan originated
1,175000.0,47,295000.0,72.0,1,Hispanic or Latino,White,Male,35-44,58.35,Application denied
1,35000.0,30%-<36%,45000.0,71.0,1,Not Hispanic or Latino,White,Female,55-64,77.31,Application denied
1,315000.0,41,425000.0,73.0,1,Hispanic or Latino,Asian,Female,25-34,99.0,Loan originated
1,765000.0,43,825000.0,175.0,1,Not Hispanic or Latino,White,Male,25-34,92.467,Loan originated
1,435000.0,44,495000.0,259.0,1,Hispanic or Latino,2 or more minority races,Male,55-64,87.001,Loan originated
1,395000.0,>60%,415000.0,104.0,1,Hispanic or Latino,White,Male,45-54,95.0,Application denied
1,115000.0,39,325000.0,51.0,1,Hispanic or Latino,White,Male,45-54,34.862,Loan originated
1,325000.0,47,405000.0,80.0,1,Not Hispanic or Latino,White,Female,25-34,80.0,Loan originated
1,555000.0,42,585000.0,151.0,1,Not Hispanic or Latino,White,Male,25-34,95.0,Loan originated
1,145000.0,20%-<30%,155000.0,96.0,1,Not Hispanic or Latino,Asian,Female,45-54,97.0,Loan originated
1,1065000.0,30%-<36%,1865000.0,398.0,1,Hispanic or Latino,White,Female,35-44,57.173,Loan originated
1,445000.0,49,645000.0,97.0,1,Not Hispanic or Latino,White,Male,45-54,68.75,Loan originated
1,335000.0,46,355000.0,72.0,1,Hispanic or Latino,White,Male,<25,95.0,Loan originated
1,375000.0,39,625000.0,157.0,1,Not Hispanic or Latino,White,Female,55-64,60.0,Loan originated
1,225000.0,46,235000.0,58.0,1,Hispanic or Latino,White,Male,35-44,95.0,Loan originated
1,495000.0,46,625000.0,140.0,1,Hispanic or Latino,White,Female,45-54,79.2,Loan originated
1,745000.0,47,825000.0,168.0,1,Not Hispanic or Latino,White,Male,35-44,89.7,Loan originated
1,925000.0,42,1155000.0,242.0,1,Not Hispanic or Latino,White,Female,>74,80.0,Loan originated
1,505000.0,47,765000.0,116.0,1,Not Hispanic or Latino,Asian,Female,45-54,65.359,Loan originated
1,425000.0,42,475000.0,181.0,1,Hispanic or Latino,White,Male,<25,90.0,Loan originated
1,205000.0,49,855000.0,65.0,1,Not Hispanic or Latino,White,Male,65-74,24.0,Loan originated
1,225000.0,48,625000.0,57.0,1,Not Hispanic or Latino,Asian,Male,25-34,35.484,Loan originated
1,615000.0,41,655000.0,244.0,1,Not Hispanic or Latino,White,Female,35-44,95.0,Loan originated
1,595000.0,49,995000.0,133.0,1,Not Hispanic or Latino,Asian,Female,45-54,59.875,Loan originated
1,275000.0,49,365000.0,55.0,1,Not Hispanic or Latino,White,Male,35-44,75.0,Loan originated
1,135000.0,44,465000.0,46.0,1,Not Hispanic or Latino,White,Male,35-44,102.627,Loan originated
1,205000.0,49,555000.0,55.0,1,Not Hispanic or Latino,White,Female,35-44,36.479,Application denied
1,295000.0,50%-60%,365000.0,61.0,1,Hispanic or Latino,White,Male,25-34,80.0,Application denied
1,405000.0,30%-<36%,435000.0,147.0,1,Not Hispanic or Latino,White,Female,25-34,95.0,Loan originated
1,485000.0,48,645000.0,100.0,1,Not Hispanic or Latino,Asian,Female,35-44,95.0,Loan originated
1,765000.0,48,975000.0,397.0,1,Not Hispanic or Latino,Asian,Male,45-54,78.375,Loan originated
1,595000.0,46,655000.0,170.0,1,Not Hispanic or Latino,White,Male,35-44,90.0,Loan originated
1,625000.0,47,735000.0,140.0,1,Not Hispanic or Latino,White,Female,25-34,85.0,Application denied
1,445000.0,30%-<36%,555000.0,172.0,1,Not Hispanic or Latino,Asian,Male,25-34,80.0,Loan originated
1,685000.0,49,855000.0,261.0,1,Not Hispanic or Latino,Asian,Male,45-54,80.0,Loan originated
1,255000.0,30%-<36%,355000.0,118.0,1,Not Hispanic or Latino,White,Male,65-74,71.43,Loan originated
1,515000.0,<20%,645000.0,1587.0,1,Hispanic or Latino,White,Male,35-44,80.0,Loan originated
1,275000.0,49,345000.0,77.0,1,Not Hispanic or Latino,White,Female,25-34,80.0,Loan originated
1,695000.0,30%-<36%,735000.0,180.0,1,Hispanic or Latino,White,Male,25-34,95.0,Loan originated
1,295000.0,30%-<36%,305000.0,104.0,1,Not Hispanic or Latino,Asian,Male,35-44,101.94,Loan originated
1,335000.0,40,645000.0,150.0,1,Not Hispanic or Latino,Asian,Female,45-54,51.57,Loan originated
1,435000.0,44,455000.0,113.0,1,Hispanic or Latino,White,Male,45-54,97.0,Loan originated
1,605000.0,45,645000.0,237.0,1,Not Hispanic or Latino,Asian,Male,35-44,95.0,Loan originated
1,465000.0,49,475000.0,157.0,1,Not Hispanic or Latino,Black or African American,Female,55-64,99.9,Loan originated
1,365000.0,48,465000.0,97.0,1,Not Hispanic or Latino,White,Female,65-74,80.0,Loan originated
1,565000.0,30%-<36%,675000.0,178.0,1,Not Hispanic or Latino,Asian,Female,25-34,84.93,Loan originated
1,525000.0,30%-<36%,935000.0,185.0,1,Not Hispanic or Latino,White,Male,45-54,55.722,Loan originated
1,515000.0,20%-<30%,715000.0,387.0,1,Not Hispanic or Latino,Asian,Male,55-64,72.0,Loan originated
1,635000.0,20%-<30%,1205000.0,269.0,1,Not Hispanic or Latino,White,Female,45-54,53.0,Loan originated
1,905000.0,41,1425000.0,372.0,1,Not Hispanic or Latino,Asian,Male,45-54,62.96,Loan originated
1,755000.0,41,1295000.0,525.0,1,Not Hispanic or Latino,Asian,Female,45-54,57.866,Loan originated
1,575000.0,48,755000.0,545.0,1,Not Hispanic or Latino,White,Male,45-54,80.0,Loan originated
1,355000.0,45,405000.0,74.0,1,Hispanic or Latino,White,Female,25-34,86.574,Loan originated
1,355000.0,38,395000.0,140.0,1,Not Hispanic or Latino,White,Female,25-34,90.0,Loan originated
1,445000.0,49,555000.0,87.0,1,Hispanic or Latino,White,Female,<25,80.0,Loan originated
1,305000.0,30%-<36%,345000.0,107.0,1,Not Hispanic or Latino,White,Female,35-44,90.0,Loan originated
1,505000.0,40,565000.0,183.0,1,Not Hispanic or Latino,Black or African American,Male,35-44,90.0,Application denied
1,445000.0,20%-<30%,615000.0,380.0,1,Not Hispanic or Latino,White,Female,25-34,73.275,Loan originated
1,155000.0,20%-<30%,545000.0,130.0,1,Not Hispanic or Latino,White,Male,55-64,27.528,Loan originated
1,605000.0,<20%,755000.0,677.0,1,Hispanic or Latino,Asian,Male,35-44,80.0,Loan originated
1,695000.0,45,775000.0,365.0,1,Hispanic or Latino,White,Male,55-64,90.0,Loan originated
1,505000.0,42,625000.0,124.0,1,Not Hispanic or Latino,White,Male,35-44,80.0,Loan originated
1,275000.0,38,345000.0,93.0,1,Hispanic or Latino,White,Female,25-34,82.0,Loan originated
1,1215000.0,30%-<36%,1865000.0,358.0,1,Not Hispanic or Latino,Asian,Male,25-34,65.11,Loan originated
1,225000.0,49,235000.0,50.0,1,Hispanic or Latino,White,Male,35-44,95.0,Loan originated
1,645000.0,43,805000.0,213.0,1,Not Hispanic or Latino,Asian,Male,25-34,80.0,Loan originated
1,385000.0,46,495000.0,160.0,1,Hispanic or Latino,White,Male,35-44,79.96,Loan originated
1,155000.0,46,195000.0,48.0,1,Hispanic or Latino,American Indian or Alaska Native,Male,35-44,80.0,Loan originated
1,445000.0,47,465000.0,94.0,1,Hispanic or Latino,White,Female,25-34,97.0,Loan originated
1,765000.0,30%-<36%,865000.0,401.0,1,Not Hispanic or Latino,Asian,Male,25-34,88.9,Loan originated
1,895000.0,41,1025000.0,241.0,1,Hispanic or Latino,White,Male,35-44,87.72,Loan originated
1,615000.0,30%-<36%,1025000.0,331.0,1,Not Hispanic or Latino,Asian,Male,35-44,59.902,Loan originated
1,105000.0,50%-60%,115000.0,71.0,1,Hispanic or Latino,2 or more minority races,Female,25-34,95.45,Application denied
1,385000.0,46,415000.0,102.0,1,Not Hispanic or Latino,White,Female,25-34,98.0,Loan originated
1,665000.0,20%-<30%,845000.0,287.0,1,Hispanic or Latino,White,Male,55-64,80.0,Loan originated
1,285000.0,41,355000.0,80.0,1,Hispanic or Latino,White,Male,25-34,80.0,Loan originated
1,1085000.0,20%-<30%,1365000.0,466.0,1,Not Hispanic or Latino,White,Male,25-34,79.978,Loan originated
1,255000.0,40,655000.0,103.0,1,Not Hispanic or Latino,White,Female,35-44,39.0,Loan originated
1,365000.0,36,465000.0,110.0,1,Hispanic or Latino,White,Male,35-44,80.0,Loan originated
1,495000.0,42,555000.0,165.0,1,Not Hispanic or Latino,White,Male,55-64,90.0,Loan originated
1,505000.0,46,625000.0,150.0,1,Hispanic or Latino,White,Male,55-64,80.0,Loan originated
1,535000.0,46,695000.0,149.0,1,Hispanic or Latino,White,Female,25-34,80.02,Loan originated
1,685000.0,44,855000.0,150.0,1,Hispanic or Latino,White,Male,35-44,80.0,Loan originated
1,425000.0,49,455000.0,80.0,1,Hispanic or Latino,White,Male,25-34,94.29,Loan originated
1,335000.0,47,345000.0,126.0,1,Not Hispanic or Latino,White,Male,65-74,95.0,Application denied
1,485000.0,47,515000.0,132.0,1,Not Hispanic or Latino,Asian,Female,35-44,95.0,Loan originated
1,555000.0,46,1115000.0,195.0,1,Not Hispanic or Latino,Asian,Male,25-34,50.0,Loan originated
1,255000.0,43,325000.0,66.0,1,Not Hispanic or Latino,White,Female,35-44,81.125,Loan originated
1,715000.0,49,895000.0,290.0,1,Hispanic or Latino,White,Male,45-54,80.0,Application denied
1,505000.0,39,1405000.0,312.0,1,Not Hispanic or Latino,Asian,Male,35-44,35.714,Loan originated
1,395000.0,49,525000.0,96.0,1,Not Hispanic or Latino,White,Male,25-34,75.0,Loan originated
1,475000.0,42,595000.0,122.0,1,Not Hispanic or Latino,White,Female,35-44,79.16,Loan originated
1,155000.0,36,675000.0,103.0,1,Not Hispanic or Latino,Asian,Male,35-44,22.388,Loan originated
1,735000.0,41,915000.0,186.0,1,Not Hispanic or Latino,Asian,Male,25-34,96.39,Loan originated
1,605000.0,30%-<36%,1125000.0,470.0,1,Not Hispanic or Latino,White,Male,35-44,53.572,Loan originated
1,515000.0,20%-<30%,575000.0,391.0,1,Not Hispanic or Latino,White,Male,45-54,90.0,Loan originated
1,475000.0,30%-<36%,705000.0,213.0,1,Not Hispanic or Latino,White,Female,25-34,67.72,Loan originated
1,375000.0,49,995000.0,85.0,1,Not Hispanic or Latino,Asian,Female,25-34,37.538,Loan originated
1,1055000.0,30%-<36%,1405000.0,164.0,1,Not Hispanic or Latino,Asian,Male,55-64,75.0,Loan originated
1,515000.0,47,545000.0,127.0,1,Hispanic or Latino,White,Male,45-54,95.0,Loan originated
1,365000.0,47,435000.0,111.0,1,Hispanic or Latino,White,Male,35-44,84.973,Loan originated
1,575000.0,45,825000.0,138.0,1,Not Hispanic or Latino,Asian,Male,45-54,70.0,Loan originated
1,1105000.0,20%-<30%,1385000.0,775.0,1,Not Hispanic or Latino,White,Male,45-54,80.0,Loan originated
1,235000.0,20%-<30%,365000.0,120.0,1,Not Hispanic or Latino,White,Female,>74,64.0,Loan originated
1,375000.0,48,415000.0,88.0,1,Hispanic or Latino,White,Male,35-44,90.0,Loan originated
1,465000.0,49,645000.0,93.0,1,Hispanic or Latino,White,Male,55-64,71.919,Loan originated
1,555000.0,40,655000.0,188.0,1,Not Hispanic or Latino,Asian,Male,35-44,84.92,Loan originated
1,295000.0,47,345000.0,55.0,1,Hispanic or Latino,White,Male,25-34,85.0,Loan originated
1,385000.0,48,405000.0,140.0,1,Not Hispanic or Latino,American Indian or Alaska Native,Female,35-44,95.0,Loan originated
1,305000.0,44,405000.0,96.0,1,Not Hispanic or Latino,White,Female,55-64,75.0,Loan originated
1,535000.0,44,665000.0,129.0,1,Hispanic or Latino,Asian,Female,25-34,80.0,Loan originated
1,715000.0,36,895000.0,200.0,1,Not Hispanic or Latino,White,Female,55-64,80.0,Loan originated
1,355000.0,20%-<30%,605000.0,122.0,1,Not Hispanic or Latino,White,Male,35-44,57.875,Loan originated
1,745000.0,30%-<36%,835000.0,310.0,1,Not Hispanic or Latino,Asian,Male,25-34,89.0,Loan originated
1,185000.0,45,935000.0,69.0,1,Not Hispanic or Latino,White,Female,65-74,19.355,Loan originated
1,1125000.0,40,1615000.0,376.0,1,Not Hispanic or Latino,White,Male,25-34,89.876,Loan originated
1,525000.0,50%-60%,535000.0,164.0,1,Not Hispanic or Latino,White,Female,35-44,98.87,Loan originated
1,175000.0,36,195000.0,48.0,1,Hispanic or Latino,White,Male,65-74,90.0,Loan originated
1,175000.0,30%-<36%,185000.0,105.0,1,Hispanic or Latino,White,Female,25-34,95.0,Application denied
1,1925000.0,42,2405000.0,450.0,1,Not Hispanic or Latino,White,Male,25-34,80.0,Loan originated
1,1145000.0,20%-<30%,1245000.0,405.0,1,Not Hispanic or Latino,Asian,Male,35-44,91.96,Loan originated
1,705000.0,48,835000.0,156.0,1,Not Hispanic or Latino,Asian,Male,35-44,85.0,Loan originated
1,325000.0,38,475000.0,96.0,1,Not Hispanic or Latino,Asian,Female,45-54,70.0,Loan originated
1,635000.0,<20%,815000.0,0.0,1,Not Hispanic or Latino,White,Male,55-64,77.778,Application denied
1,435000.0,49,605000.0,99.0,1,Not Hispanic or Latino,Asian,Male,45-54,79.6,Application denied
1,255000.0,41,315000.0,70.0,1,Hispanic or Latino,White,Female,25-34,81.6,Loan originated
1,725000.0,47,805000.0,154.0,1,Hispanic or Latino,White,Male,35-44,90.0,Loan originated
1,345000.0,37,365000.0,166.0,1,Not Hispanic or Latino,White,Female,35-44,95.0,Loan originated
1,515000.0,47,715000.0,117.0,1,Not Hispanic or Latino,White,Female,55-64,73.0,Loan originated
1,295000.0,44,305000.0,79.0,1,Not Hispanic or Latino,2 or more minority races,Male,25-34,98.0,Loan originated
1,615000.0,46,635000.0,148.0,1,Not Hispanic or Latino,White,Male,25-34,97.0,Loan originated
1,775000.0,46,1035000.0,185.0,1,Not Hispanic or Latino,White,Female,35-44,75.0,Loan originated
1,485000.0,30%-<36%,645000.0,163.0,1,Not Hispanic or Latino,White,Male,55-64,75.0,Loan originated
1,935000.0,49,1235000.0,190.0,1,Not Hispanic or Latino,Asian,Male,45-54,75.55,Loan originated
1,645000.0,42,805000.0,173.0,1,Not Hispanic or Latino,White,Male,35-44,80.0,Loan originated
1,435000.0,20%-<30%,575000.0,186.0,1,Not Hispanic or Latino,Asian,Male,25-34,75.0,Loan originated
1,565000.0,20%-<30%,1855000.0,291.0,1,Not Hispanic or Latino,White,Male,55-64,30.4,Loan originated
1,375000.0,38,395000.0,91.0,1,Not Hispanic or Latino,White,Male,25-34,95.0,Loan originated
1,685000.0,49,855000.0,151.0,1,Hispanic or Latino,White,Male,35-44,80.0,Application denied
1,455000.0,45,595000.0,107.0,1,Hispanic or Latino,American Indian or Alaska Native,Male,25-34,76.704,Loan originated
1,635000.0,49,795000.0,134.0,1,Not Hispanic or Latino,Asian,Male,25-34,80.0,Loan originated
1,1125000.0,46,1415000.0,239.0,1,Not Hispanic or Latino,Asian,Male,35-44,80.0,Loan originated
1,715000.0,30%-<36%,955000.0,428.0,1,Not Hispanic or Latino,White,Female,55-64,74.15,Application denied
1,675000.0,40,755000.0,206.0,1,Not Hispanic or Latino,Asian,Male,>74,90.0,Loan originated
1,505000.0,49,765000.0,116.0,1,Not Hispanic or Latino,Asian,Female,25-34,65.79,Loan originated
1,565000.0,45,585000.0,143.0,1,Not Hispanic or Latino,White,Male,55-64,97.0,Loan originated
1,525000.0,49,1375000.0,132.0,1,Not Hispanic or Latino,Asian,Female,25-34,37.956,Loan originated
1,465000.0,42,785000.0,117.0,1,Not Hispanic or Latino,Asian,Male,45-54,60.0,Loan originated
1,205000.0,<20%,915000.0,235.0,1,Not Hispanic or Latino,White,Female,55-64,21.928,Loan originated
1,545000.0,42,745000.0,215.0,1,Not Hispanic or Latino,Asian,Male,45-54,73.093,Loan originated
1,455000.0,41,2005000.0,182.0,1,Not Hispanic or Latino,Asian,Male,55-64,22.5,Loan originated
1,415000.0,>60%,515000.0,51.0,1,Hispanic or Latino,Black or African American,Male,35-44,80.0,Application denied
1,185000.0,38,225000.0,73.0,1,Not Hispanic or Latino,Asian,Female,45-54,85.0,Loan originated
1,515000.0,40,545000.0,250.0,1,Not Hispanic or Latino,White,Male,25-34,95.0,Loan originated
1,1045000.0,20%-<30%,1315000.0,424.0,1,Not Hispanic or Latino,Asian,Female,35-44,80.0,Loan originated
1,385000.0,40,405000.0,115.0,1,Not Hispanic or Latino,White,Male,35-44,95.0,Loan originated
1,535000.0,38,885000.0,229.0,1,Not Hispanic or Latino,White,Female,35-44,59.887,Loan originated
1,765000.0,20%-<30%,1225000.0,362.0,1,Not Hispanic or Latino,White,Male,25-34,62.627,Loan originated
1,235000.0,46,785000.0,227.0,1,Not Hispanic or Latino,Asian,Male,35-44,29.872,Loan originated
1,575000.0,30%-<36%,815000.0,265.0,1,Not Hispanic or Latino,White,Male,65-74,70.0,Loan originated
1,765000.0,48,1495000.0,259.0,1,Not Hispanic or Latino,Asian,Male,55-64,51.12,Loan originated
1,135000.0,30%-<36%,495000.0,56.0,1,Not Hispanic or Latino,White,Male,25-34,26.45,Loan originated
1,625000.0,30%-<36%,855000.0,260.0,1,Hispanic or Latino,White,Male,35-44,75.0,Loan originated
1,715000.0,50%-60%,845000.0,324.0,1,Not Hispanic or Latino,Asian,Female,25-34,84.902,Application denied
1,325000.0,40,415000.0,106.0,1,Hispanic or Latino,White,Female,35-44,79.2,Loan originated
1,365000.0,43,465000.0,120.0,1,Hispanic or Latino,White,Male,35-44,80.0,Loan originated
1,735000.0,42,975000.0,272.0,1,Not Hispanic or Latino,White,Female,45-54,75.0,Loan originated
1,695000.0,39,815000.0,219.0,1,Not Hispanic or Latino,Asian,Male,35-44,85.0,Loan originated
1,315000.0,40,345000.0,144.0,1,Hispanic or Latino,White,Female,35-44,90.0,Loan originated
1,1145000.0,30%-<36%,1285000.0,350.0,1,Not Hispanic or Latino,White,Male,25-34,90.0,Loan originated
1,525000.0,38,555000.0,134.0,1,Not Hispanic or Latino,White,Female,35-44,95.0,Loan originated
1,675000.0,39,795000.0,315.0,1,Hispanic or Latino,White,Female,25-34,85.0,Loan originated
1,365000.0,20%-<30%,465000.0,149.0,1,Not Hispanic or Latino,Asian,Female,25-34,80.0,Loan originated
1,275000.0,47,275000.0,55.0,1,Hispanic or Latino,White,Female,25-34,100.0,Loan originated
1,275000.0,30%-<36%,475000.0,89.0,1,Hispanic or Latino,White,Male,35-44,57.895,Loan originated
1,765000.0,49,985000.0,163.0,1,Not Hispanic or Latino,White,Female,55-64,78.0,Loan originated
1,385000.0,20%-<30%,485000.0,188.0,1,Not Hispanic or Latino,White,Male,45-54,80.0,Loan originated
1,115000.0,38,125000.0,73.0,1,Hispanic or Latino,White,Male,<25,95.0,Application denied
1,705000.0,38,825000.0,296.0,1,Not Hispanic or Latino,Asian,Female,35-44,85.0,Loan originated
1,1135000.0,<20%,1415000.0,806.0,1,Not Hispanic or Latino,White,Male,25-34,80.0,Loan originated
1,295000.0,30%-<36%,495000.0,121.0,1,Not Hispanic or Latino,White,Male,35-44,59.27,Loan originated
1,155000.0,38,645000.0,97.0,1,Hispanic or Latino,White,Female,55-64,23.355,Loan originated
1,335000.0,50%-60%,435000.0,78.0,1,Hispanic or Latino,White,Male,45-54,77.144,Loan originated
1,165000.0,49,245000.0,57.0,1,Hispanic or Latino,White,Male,25-34,70.0,Loan originated
1,585000.0,40,835000.0,333.0,1,Not Hispanic or Latino,Asian,Female,<25,70.167,Loan originated
1,665000.0,46,955000.0,174.0,1,Not Hispanic or Latino,White,Male,25-34,69.47,Loan originated
1,545000.0,49,685000.0,111.0,1,Not Hispanic or Latino,White,Female,45-54,79.998,Loan originated
1,345000.0,39,485000.0,182.0,1,Hispanic or Latino,White,Male,35-44,70.0,Loan originated
1,675000.0,40,1105000.0,375.0,1,Not Hispanic or Latino,White,Female,55-64,61.35,Loan originated
1,565000.0,<20%,705000.0,1024.0,1,Not Hispanic or Latino,White,Male,35-44,80.0,Loan originated
1,205000.0,41,955000.0,68.0,1,Not Hispanic or Latino,Asian,Male,45-54,22.0,Loan originated
1,285000.0,30%-<36%,305000.0,116.0,1,Not Hispanic or Latino,White,Male,25-34,95.0,Loan originated
1,955000.0,37,1705000.0,287.0,1,Not Hispanic or Latino,White,Male,45-54,56.147,Loan originated
1,445000.0,30%-<36%,495000.0,153.0,1,Not Hispanic or Latino,Asian,Male,35-44,90.0,Loan originated
1,325000.0,41,375000.0,70.0,1,Hispanic or Latino,White,Male,45-54,86.486,Loan originated
1,615000.0,42,655000.0,221.0,1,Not Hispanic or Latino,White,Male,35-44,95.0,Loan originated
1,335000.0,50%-60%,725000.0,68.0,1,Not Hispanic or Latino,Asian,Male,45-54,45.833,Application denied
1,505000.0,20%-<30%,945000.0,205.0,1,Not Hispanic or Latino,White,Female,35-44,53.936,Loan originated
1,665000.0,<20%,835000.0,519.0,1,Not Hispanic or Latino,Asian,Male,25-34,80.0,Loan originated
1,935000.0,40,1105000.0,253.0,1,Not Hispanic or Latino,Asian,Male,35-44,85.0,Loan originated
1,975000.0,36,1155000.0,315.0,1,Not Hispanic or Latino,White,Female,25-34,85.0,Loan originated
1,355000.0,37,755000.0,118.0,1,Not Hispanic or Latino,Asian,Male,45-54,46.358,Loan originated
1,395000.0,48,695000.0,105.0,1,Not Hispanic or Latino,Asian,Female,55-64,57.122,Loan originated
1,275000.0,49,515000.0,70.0,1,Not Hispanic or Latino,White,Male,25-34,53.125,Loan originated
1,515000.0,48,535000.0,155.0,1,Hispanic or Latino,White,Male,45-54,97.0,Loan originated
1,1025000.0,36,1075000.0,331.0,1,Not Hispanic or Latino,White,Female,25-34,95.0,Loan originated
1,105000.0,44,335000.0,44.0,1,Not Hispanic or Latino,White,Male,<25,102.32,Loan originated
1,625000.0,47,1245000.0,168.0,1,Not Hispanic or Latino,White,Male,55-64,50.201,Loan originated
1,185000.0,30%-<36%,215000.0,35.0,1,Hispanic or Latino,White,Female,<25,101.0,Loan originated
1,1115000.0,44,1395000.0,310.0,1,Not Hispanic or Latino,White,Male,25-34,88.08,Loan originated
1,385000.0,47,475000.0,101.0,1,Hispanic or Latino,White,Female,45-54,80.0,Loan originated
1,195000.0,49,375000.0,62.0,1,Hispanic or Latino,White,Female,55-64,52.0,Loan originated
1,315000.0,48,365000.0,106.0,1,Not Hispanic or Latino,Asian,Female,25-34,86.111,Loan originated
1,445000.0,47,465000.0,100.0,1,Hispanic or Latino,White,Male,25-34,97.0,Loan originated
1,805000.0,49,845000.0,190.0,1,Hispanic or Latino,White,Female,25-34,94.988,Loan originated
1,355000.0,20%-<30%,1225000.0,225.0,1,Not Hispanic or Latino,White,Male,55-64,28.69,Loan originated
1,525000.0,44,625000.0,113.0,1,Not Hispanic or Latino,White,Male,25-34,85.0,Loan originated
1,375000.0,46,625000.0,126.0,1,Not Hispanic or Latino,White,Female,65-74,59.68,Loan originated
1,95000.0,30%-<36%,305000.0,57.0,1,Not Hispanic or Latino,White,Female,65-74,32.67,Loan originated
1,825000.0,42,1375000.0,196.0,1,Not Hispanic or Latino,Asian,Male,25-34,60.0,Loan originated
1,665000.0,46,835000.0,161.0,1,Not Hispanic or Latino,White,Male,25-34,80.0,Loan originated
1,115000.0,43,285000.0,35.0,1,Not Hispanic or Latino,White,Male,55-64,39.716,Loan originated
1,655000.0,46,875000.0,135.0,1,Not Hispanic or Latino,Asian,Female,25-34,75.0,Loan originated
1,465000.0,30%-<36%,675000.0,131.0,1,Not Hispanic or Latino,Asian,Male,35-44,70.0,Loan originated
1,115000.0,49,145000.0,79.0,1,Hispanic or Latino,White,Male,35-44,80.0,Loan originated
1,705000.0,40,875000.0,449.0,1,Hispanic or Latino,White,Female,55-64,80.0,Loan originated
1,355000.0,48,505000.0,92.0,1,Not Hispanic or Latino,Asian,Male,45-54,70.0,Loan originated
1,605000.0,<20%,715000.0,566.0,1,Hispanic or Latino,White,Male,35-44,85.0,Loan originated
1,625000.0,20%-<30%,785000.0,230.0,1,Not Hispanic or Latino,Black or African American,Male,45-54,80.0,Loan originated
1,455000.0,20%-<30%,625000.0,185.0,1,Not Hispanic or Latino,White,Female,35-44,72.0,Loan originated
1,575000.0,48,875000.0,119.0,1,Not Hispanic or Latino,Asian,Female,45-54,66.0,Loan originated
1,415000.0,43,525000.0,90.0,1,Not Hispanic or Latino,Asian,Male,25-34,80.0,Loan originated
1,435000.0,46,845000.0,111.0,1,Not Hispanic or Latino,Asian,Male,55-64,51.07,Loan originated
1,615000.0,44,645000.0,168.0,1,Hispanic or Latino,White,Female,45-54,95.0,Loan originated
1,465000.0,<20%,585000.0,575.0,1,Hispanic or Latino,White,Male,25-34,80.0,Application denied
1,15000.0,20%-<30%,415000.0,177.0,1,Hispanic or Latino,White,Female,35-44,100.0,Loan originated
1,545000.0,39,685000.0,189.0,1,Not Hispanic or Latino,White,Female,35-44,80.0,Loan originated
1,705000.0,48,775000.0,140.0,1,Hispanic or Latino,White,Female,45-54,91.161,Loan originated
1,195000.0,30%-<36%,215000.0,108.0,1,Not Hispanic or Latino,White,Male,65-74,95.0,Loan originated
1,85000.0,20%-<30%,435000.0,352.0,1,Not Hispanic or Latino,White,Male,45-54,18.605,Loan originated
1,345000.0,39,385000.0,120.0,1,Hispanic or Latino,White,Male,45-54,90.0,Loan originated
1,245000.0,30%-<36%,445000.0,95.0,1,Not Hispanic or Latino,Black or African American,Female,35-44,55.546,Loan originated
1,375000.0,38,475000.0,101.0,1,Not Hispanic or Latino,White,Male,25-34,78.854,Loan originated
1,75000.0,37,105000.0,46.0,1,Hispanic or Latino,White,Male,>74,75.0,Loan originated
1,675000.0,30%-<36%,905000.0,192.0,1,Not Hispanic or Latino,Asian,Male,35-44,75.0,Loan originated
1,385000.0,30%-<36%,475000.0,147.0,1,Not Hispanic or Latino,Asian,Male,35-44,79.991,Loan originated
1,355000.0,44,695000.0,92.0,1,Not Hispanic or Latino,Asian,Male,55-64,50.35971,Loan originated
1,585000.0,30%-<36%,935000.0,211.0,1,Not Hispanic or Latino,White,Female,35-44,62.366,Loan originated
1,705000.0,30%-<36%,825000.0,190.0,1,Not Hispanic or Latino,Asian,Male,55-64,85.0,Loan originated
1,405000.0,42,425000.0,99.0,1,Hispanic or Latino,White,Female,25-34,94.824,Application denied
1,885000.0,41,1105000.0,235.0,1,Not Hispanic or Latino,White,Male,45-54,80.0,Loan originated
1,705000.0,30%-<36%,955000.0,280.0,1,Not Hispanic or Latino,Black or African American,Female,55-64,73.735,Loan originated
1,395000.0,49,415000.0,147.0,1,Hispanic or Latino,White,Male,55-64,95.0,Loan originated
1,445000.0,38,555000.0,108.0,1,Not Hispanic or Latino,Asian,Female,45-54,80.0,Loan originated
1,235000.0,50%-60%,385000.0,76.0,1,Not Hispanic or Latino,White,Male,>74,62.5,Application denied
1,875000.0,30%-<36%,975000.0,369.0,1,Not Hispanic or Latino,Black or African American,Female,35-44,90.0,Loan originated
1,295000.0,47,385000.0,63.0,1,Not Hispanic or Latino,White,Male,35-44,76.0,Loan originated
1,685000.0,46,805000.0,135.0,1,Hispanic or Latino,White,Male,55-64,85.0,Loan originated
1,485000.0,45,725000.0,104.0,1,Not Hispanic or Latino,Asian,Male,25-34,66.67,Application denied
1,705000.0,41,1365000.0,200.0,1,Not Hispanic or Latino,White,Male,25-34,51.471,Loan originated
1,335000.0,43,415000.0,111.0,1,Hispanic or Latino,White,Female,45-54,80.0,Loan originated
1,525000.0,37,585000.0,120.0,1,Hispanic or Latino,White,Female,35-44,90.0,Loan originated
1,745000.0,46,935000.0,170.0,1,Not Hispanic or Latino,Asian,Male,25-34,80.0,Loan originated
1,755000.0,41,945000.0,326.0,1,Not Hispanic or Latino,White,Male,>74,80.0,Loan originated
1,425000.0,49,605000.0,173.0,1,Not Hispanic or Latino,White,Female,25-34,70.0,Loan originated
1,465000.0,39,585000.0,159.0,1,Hispanic or Latino,White,Male,25-34,80.0,Loan originated
1,385000.0,30%-<36%,515000.0,118.0,1,Not Hispanic or Latino,White,Male,35-44,75.0,Loan originated
1,855000.0,41,1305000.0,342.0,1,Hispanic or Latino,White,Male,45-54,65.385,Loan originated
1,405000.0,37,1805000.0,215.0,1,Not Hispanic or Latino,White,Male,55-64,22.205,Loan originated
1,805000.0,44,1015000.0,156.0,1,Not Hispanic or Latino,Asian,Male,45-54,80.0,Loan originated
1,235000.0,39,395000.0,96.0,1,Not Hispanic or Latino,Asian,Female,35-44,58.974,Loan originated
1,315000.0,30%-<36%,755000.0,120.0,1,Not Hispanic or Latino,Asian,Female,25-34,42.0,Loan originated
1,915000.0,38,1305000.0,501.0,1,Not Hispanic or Latino,Black or African American,Male,35-44,89.923,Loan originated
1,805000.0,47,1005000.0,176.0,1,Hispanic or Latino,White,Female,45-54,80.0,Loan originated
1,655000.0,44,825000.0,150.0,1,Not Hispanic or Latino,White,Male,25-34,80.0,Loan originated
1,355000.0,>60%,445000.0,39.0,1,Hispanic or Latino,White,Female,35-44,80.0,Application denied
1,1015000.0,47,1195000.0,206.0,1,Hispanic or Latino,White,Male,35-44,85.0,Loan originated
1,305000.0,49,655000.0,67.0,1,Not Hispanic or Latino,White,Male,45-54,48.0,Loan originated
1,755000.0,49,795000.0,157.0,1,Hispanic or Latino,White,Female,35-44,95.0,Loan originated
1,155000.0,44,305000.0,97.0,1,Not Hispanic or Latino,Asian,Female,45-54,50.5,Application denied
1,375000.0,46,635000.0,99.0,1,Hispanic or Latino,White,Female,45-54,58.991,Loan originated
1,1175000.0,45,1565000.0,385.0,1,Not Hispanic or Latino,Asian,Male,35-44,75.0,Loan originated
1,385000.0,46,475000.0,83.0,1,Not Hispanic or Latino,White,Male,25-34,80.0,Loan originated
1,375000.0,46,535000.0,77.0,1,Not Hispanic or Latino,White,Female,35-44,70.0,Loan originated
1,765000.0,20%-<30%,955000.0,585.0,1,Not Hispanic or Latino,White,Male,45-54,80.0,Loan originated
1,585000.0,48,615000.0,166.0,1,Not Hispanic or Latino,White,Male,35-44,95.0,Loan originated
1,435000.0,49,625000.0,116.0,1,Not Hispanic or Latino,Black or African American,Female,25-34,70.0,Loan originated
1,355000.0,20%-<30%,555000.0,330.0,1,Not Hispanic or Latino,White,Male,45-54,63.996,Loan originated
1,155000.0,39,495000.0,62.0,1,Not Hispanic or Latino,White,Male,25-34,31.224,Loan originated
1,845000.0,47,935000.0,170.0,1,Not Hispanic or Latino,Asian,Male,35-44,90.0,Loan originated
1,595000.0,42,665000.0,146.0,1,Not Hispanic or Latino,Asian,Female,35-44,90.0,Loan originated
1,345000.0,45,435000.0,110.0,1,Not Hispanic or Latino,White,Female,65-74,80.0,Loan originated
1,325000.0,42,415000.0,70.0,1,Not Hispanic or Latino,White,Male,45-54,80.0,Loan originated
1,425000.0,48,565000.0,104.0,1,Not Hispanic or Latino,Asian,Male,25-34,75.0,Loan originated
1,235000.0,45,255000.0,100.0,1,Hispanic or Latino,White,Female,45-54,93.54,Loan originated
1,645000.0,30%-<36%,1255000.0,251.0,1,Not Hispanic or Latino,White,Female,55-64,51.6,Loan originated
1,585000.0,20%-<30%,665000.0,346.0,1,Not Hispanic or Latino,White,Male,55-64,88.636,Loan originated
1,225000.0,30%-<36%,255000.0,65.0,1,Hispanic or Latino,White,Female,55-64,90.0,Loan originated
1,725000.0,36,2995000.0,275.0,1,Not Hispanic or Latino,Asian,Male,55-64,24.207,Loan originated
1,445000.0,41,525000.0,165.0,1,Not Hispanic or Latino,Asian,Male,35-44,85.0,Loan originated
1,685000.0,39,855000.0,195.0,1,Not Hispanic or Latino,White,Female,35-44,80.0,Loan originated
1,315000.0,44,335000.0,160.0,1,Hispanic or Latino,White,Female,<25,95.0,Loan originated
1,495000.0,20%-<30%,515000.0,173.0,1,Hispanic or Latino,White,Male,45-54,97.0,Loan originated
1,295000.0,45,405000.0,74.0,1,Not Hispanic or Latino,White,Female,45-54,73.105,Loan originated
1,395000.0,30%-<36%,895000.0,188.0,1,Not Hispanic or Latino,Asian,Male,55-64,44.448,Loan originated
1,405000.0,48,505000.0,100.0,1,Hispanic or Latino,White,Male,<25,100.0,Loan originated
1,455000.0,49,485000.0,117.0,1,Not Hispanic or Latino,Asian,Female,45-54,94.0,Loan originated
1,375000.0,39,775000.0,104.0,1,Not Hispanic or Latino,Asian,Male,35-44,48.717,Loan originated
1,545000.0,30%-<36%,725000.0,174.0,1,Not Hispanic or Latino,Asian,Male,25-34,95.0,Loan originated
1,385000.0,>60%,405000.0,60.0,1,Not Hispanic or Latino,Asian,Male,35-44,95.0,Application denied
1,295000.0,47,365000.0,84.0,1,Not Hispanic or Latino,White,Male,25-34,80.0,Loan originated
1,825000.0,42,1025000.0,274.0,1,Not Hispanic or Latino,White,Female,55-64,80.0,Loan originated
1,375000.0,40,675000.0,106.0,1,Not Hispanic or Latino,White,Female,45-54,55.556,Loan originated
1,395000.0,44,415000.0,98.0,1,Not Hispanic or Latino,White,Female,35-44,95.0,Loan originated
1,415000.0,20%-<30%,425000.0,150.0,1,Not Hispanic or Latino,White,Female,25-34,97.0,Loan originated
1,1005000.0,30%-<36%,1365000.0,491.0,1,Not Hispanic or Latino,White,Male,35-44,73.26,Loan originated
1,705000.0,20%-<30%,1595000.0,411.0,1,Not Hispanic or Latino,Asian,Male,35-44,43.805,Loan originated
1,255000.0,46,805000.0,60.0,1,Not Hispanic or Latino,Asian,Female,25-34,31.06,Loan originated
1,425000.0,39,445000.0,213.0,1,Not Hispanic or Latino,White,Female,25-34,95.0,Loan originated
1,305000.0,30%-<36%,315000.0,83.0,1,Not Hispanic or Latino,White,Male,25-34,97.0,Loan originated
1,435000.0,50%-60%,455000.0,71.0,1,Not Hispanic or Latino,Black or African American,Female,55-64,95.0,Application denied
1,355000.0,30%-<36%,655000.0,120.0,1,Not Hispanic or Latino,Asian,Female,35-44,54.545,Loan originated
1,45000.0,43,75000.0,36.0,1,Not Hispanic or Latino,White,Male,55-64,58.55,Application denied
1,465000.0,20%-<30%,675000.0,169.0,1,Not Hispanic or Latino,2 or more minority races,Female,35-44,70.0,Loan originated
1,275000.0,49,435000.0,128.0,1,Hispanic or Latino,White,Female,65-74,63.953,Loan originated
1,155000.0,<20%,195000.0,105.0,1,Hispanic or Latino,White,Male,55-64,80.0,Loan originated
1,765000.0,38,955000.0,253.0,1,Not Hispanic or Latino,White,Female,35-44,80.0,Loan originated
1,255000.0,>60%,505000.0,95.0,1,Hispanic or Latino,White,Female,45-54,50.0,Application denied
1,545000.0,45,725000.0,156.0,1,Not Hispanic or Latino,White,Female,55-64,75.0,Loan originated
1,315000.0,38,355000.0,79.0,1,Not Hispanic or Latino,Asian,Male,35-44,88.732,Loan originated
1,435000.0,37,445000.0,147.0,1,Hispanic or Latino,White,Male,45-54,100.0,Loan originated
1,295000.0,50%-60%,375000.0,94.0,1,Not Hispanic or Latino,White,Female,65-74,78.4,Loan originated
1,705000.0,41,745000.0,165.0,1,Not Hispanic or Latino,Asian,Male,25-34,95.0,Loan originated
1,365000.0,44,375000.0,92.0,1,Hispanic or Latino,White,Male,35-44,97.0,Loan originated
1,575000.0,36,725000.0,321.0,1,Not Hispanic or Latino,White,Female,55-64,80.0,Loan originated
1,375000.0,50%-60%,415000.0,79.0,1,Hispanic or Latino,White,Male,45-54,102.599,Application denied
1,405000.0,30%-<36%,525000.0,161.0,1,Not Hispanic or Latino,White,Male,35-44,77.0,Loan originated
1,565000.0,47,595000.0,111.0,1,Not Hispanic or Latino,White,Female,45-54,95.0,Loan originated
1,745000.0,30%-<36%,805000.0,225.0,1,Not Hispanic or Latino,White,Male,25-34,92.81,Loan originated
1,665000.0,30%-<36%,835000.0,196.0,1,Not Hispanic or Latino,Asian,Male,55-64,80.0,Loan originated
1,435000.0,48,1125000.0,110.0,1,Not Hispanic or Latino,Asian,Female,25-34,38.222,Loan originated
1,275000.0,48,475000.0,67.0,1,Not Hispanic or Latino,White,Female,35-44,57.895,Loan originated
1,1025000.0,36,3125000.0,445.0,1,Not Hispanic or Latino,White,Male,65-74,32.864,Loan originated
1,355000.0,20%-<30%,805000.0,138.0,1,Hispanic or Latino,White,Male,55-64,43.75,Loan originated
1,675000.0,>60%,715000.0,145.0,1,Hispanic or Latino,White,Male,45-54,95.0,Application denied
1,335000.0,49,355000.0,66.0,1,Hispanic or Latino,White,Male,35-44,95.0,Loan originated
1,455000.0,20%-<30%,565000.0,215.0,1,Hispanic or Latino,White,Male,25-34,80.0,Loan originated
1,465000.0,49,475000.0,89.0,1,Hispanic or Latino,White,Male,25-34,97.0,Loan originated
1,575000.0,44,915000.0,12.0,1,Not Hispanic or Latino,Asian,Female,35-44,64.37,Loan originated
1,535000.0,43,635000.0,140.0,1,Not Hispanic or Latino,Black or African American,Female,25-34,85.0,Loan originated
1,325000.0,47,405000.0,75.0,1,Not Hispanic or Latino,White,Male,25-34,80.0,Loan originated
1,405000.0,43,445000.0,99.0,1,Not Hispanic or Latino,White,Male,35-44,90.0,Application denied
1,205000.0,20%-<30%,485000.0,103.0,1,Not Hispanic or Latino,White,Male,>74,41.667,Loan originated
1,275000.0,43,815000.0,196.0,1,Not Hispanic or Latino,Asian,Male,35-44,34.0,Loan originated
1,705000.0,41,935000.0,176.0,1,Not Hispanic or Latino,Asian,Male,25-34,75.0,Loan originated
1,845000.0,43,1055000.0,204.0,1,Not Hispanic or Latino,Asian,Female,45-54,80.0,Loan originated
1,765000.0,20%-<30%,795000.0,325.0,1,Hispanic or Latino,White,Male,>74,97.0,Loan originated
1,285000.0,42,355000.0,82.0,1,Not Hispanic or Latino,White,Female,25-34,80.0,Loan originated
1,795000.0,20%-<30%,935000.0,270.0,1,Not Hispanic or Latino,White,Female,35-44,85.0,Loan originated
1,525000.0,44,575000.0,145.0,1,Not Hispanic or Latino,White,Female,35-44,92.0,Loan originated
1,665000.0,49,695000.0,198.0,1,Not Hispanic or Latino,White,Male,55-64,95.0,Loan originated
1,195000.0,44,665000.0,144.0,1,Not Hispanic or Latino,White,Male,55-64,30.0,Loan originated
1,665000.0,42,835000.0,187.0,1,Hispanic or Latino,White,Male,35-44,80.0,Application denied
1,885000.0,41,1105000.0,492.0,1,Not Hispanic or Latino,Asian,Female,35-44,80.0,Loan originated
1,675000.0,40,745000.0,283.0,1,Hispanic or Latino,Asian,Male,35-44,89.99,Loan originated
1,515000.0,45,545000.0,235.0,1,Not Hispanic or Latino,White,Female,35-44,95.0,Loan originated
1,485000.0,>60%,565000.0,70.0,1,Not Hispanic or Latino,Asian,Male,25-34,85.0,Application denied
1,425000.0,48,435000.0,102.0,1,Not Hispanic or Latino,White,Female,35-44,97.0,Application denied
1,685000.0,37,715000.0,256.0,1,Not Hispanic or Latino,Asian,Male,25-34,97.0,Loan originated
1,525000.0,49,655000.0,196.0,1,Not Hispanic or Latino,Asian,Male,35-44,80.0,Loan originated
1,555000.0,49,695000.0,206.0,1,Not Hispanic or Latino,White,Female,35-44,80.0,Loan originated
1,395000.0,<20%,445000.0,1072.0,1,Not Hispanic or Latino,White,Male,45-54,89.989,Loan originated
1,295000.0,30%-<36%,675000.0,118.0,1,Not Hispanic or Latino,Asian,Male,45-54,43.0,Loan originated
1,755000.0,30%-<36%,945000.0,288.0,1,Not Hispanic or Latino,Asian,Male,25-34,79.894,Loan originated
1,455000.0,40,475000.0,126.0,1,Hispanic or Latino,White,Male,25-34,97.0,Loan originated
1,675000.0,37,905000.0,174.0,1,Not Hispanic or Latino,White,Female,25-34,75.0,Loan originated
1,645000.0,49,905000.0,197.0,1,Not Hispanic or Latino,White,Female,25-34,71.778,Loan originated
1,465000.0,<20%,625000.0,903.0,1,Hispanic or Latino,White,Male,35-44,75.0,Application denied
1,645000.0,30%-<36%,805000.0,265.0,1,Not Hispanic or Latino,Asian,Male,45-54,80.0,Loan originated
1,185000.0,20%-<30%,245000.0,135.0,1,Not Hispanic or Latino,White,Male,35-44,75.0,Loan originated
1,355000.0,50%-60%,445000.0,159.0,1,Hispanic or Latino,White,Male,45-54,80.0,Application denied
1,845000.0,42,885000.0,444.0,1,Hispanic or Latino,White,Male,35-44,95.0,Application denied
1,295000.0,43,315000.0,109.0,1,Not Hispanic or Latino,Asian,Male,25-34,95.0,Loan originated
1,485000.0,48,515000.0,230.0,1,Not Hispanic or Latino,Asian,Male,25-34,95.0,Loan originated
1,1065000.0,30%-<36%,1775000.0,901.0,1,Not Hispanic or Latino,Asian,Male,35-44,60.0,Loan originated
1,525000.0,48,755000.0,137.0,1,Not Hispanic or Latino,White,Male,35-44,70.0,Loan originated
1,605000.0,40,805000.0,186.0,1,Hispanic or Latino,White,Female,45-54,75.0,Loan originated
1,525000.0,44,615000.0,170.0,1,Not Hispanic or Latino,White,Female,55-64,84.999,Loan originated
1,775000.0,48,965000.0,156.0,1,Not Hispanic or Latino,White,Female,35-44,80.0,Loan originated
1,865000.0,43,865000.0,228.0,1,Not Hispanic or Latino,White,Male,25-34,100.0,Loan originated
1,425000.0,38,475000.0,178.0,1,Not Hispanic or Latino,White,Female,35-44,90.0,Loan originated
1,355000.0,49,725000.0,90.0,1,Not Hispanic or Latino,Asian,Female,55-64,49.18,Loan originated
1,565000.0,49,765000.0,120.0,1,Not Hispanic or Latino,Asian,Female,35-44,73.74,Loan originated
1,555000.0,49,585000.0,176.0,1,Hispanic or Latino,White,Male,45-54,95.0,Loan originated
1,425000.0,45,535000.0,141.0,1,Hispanic or Latino,American Indian or Alaska Native,Male,45-54,80.0,Loan originated
1,985000.0,48,1425000.0,283.0,1,Not Hispanic or Latino,White,Male,35-44,68.877,Loan originated
1,495000.0,46,735000.0,162.0,1,Not Hispanic or Latino,White,Male,65-74,67.571,Loan originated
1,945000.0,47,1185000.0,277.0,1,Not Hispanic or Latino,Asian,Male,25-34,80.0,Loan originated
1,225000.0,50%-60%,265000.0,95.0,1,Not Hispanic or Latino,White,Female,35-44,84.73,Application denied
1,465000.0,49,565000.0,97.0,1,Not Hispanic or Latino,White,Female,45-54,83.48,Loan originated
1,1035000.0,37,1375000.0,287.0,1,Not Hispanic or Latino,White,Male,35-44,75.0,Loan originated
1,415000.0,30%-<36%,815000.0,240.0,1,Not Hispanic or Latino,Asian,Male,45-54,51.014,Loan originated
1,375000.0,37,465000.0,128.0,1,Not Hispanic or Latino,White,Male,45-54,80.0,Loan originated
1,515000.0,44,565000.0,135.0,1,Not Hispanic or Latino,Asian,Male,25-34,89.983,Loan originated
1,975000.0,45,1035000.0,264.0,1,Not Hispanic or Latino,White,Male,35-44,95.0,Loan originated
1,565000.0,44,705000.0,127.0,1,Not Hispanic or Latino,Asian,Female,<25,80.0,Loan originated
1,765000.0,30%-<36%,1025000.0,639.0,1,Not Hispanic or Latino,White,Male,<25,75.196,Loan originated
1,305000.0,20%-<30%,385000.0,115.0,1,Not Hispanic or Latino,White,Male,25-34,100.0,Loan originated
1,285000.0,44,295000.0,87.0,1,Hispanic or Latino,White,Male,35-44,97.0,Loan originated
1,215000.0,49,305000.0,61.0,1,Hispanic or Latino,White,Female,65-74,72.085,Loan originated
1,765000.0,48,1035000.0,189.0,1,Not Hispanic or Latino,Asian,Male,45-54,74.063,Loan originated
1,595000.0,43,625000.0,145.0,1,Not Hispanic or Latino,White,Male,35-44,95.0,Loan originated
1,465000.0,48,485000.0,188.0,1,Not Hispanic or Latino,White,Female,25-34,95.0,Loan originated
1,635000.0,30%-<36%,1735000.0,261.0,1,Not Hispanic or Latino,White,Female,45-54,36.416,Loan originated
1,565000.0,45,875000.0,215.0,1,Not Hispanic or Latino,Asian,Female,35-44,65.0,Loan originated
1,465000.0,41,495000.0,104.0,1,Hispanic or Latino,White,Male,<25,95.0,Loan originated
1,555000.0,40,735000.0,127.0,1,Hispanic or Latino,White,Male,25-34,74.999,Loan originated
1,525000.0,43,655000.0,119.0,1,Hispanic or Latino,White,Female,25-34,80.0,Loan originated
1,445000.0,46,495000.0,96.0,1,Hispanic or Latino,White,Male,45-54,90.0,Loan originated
1,605000.0,30%-<36%,765000.0,200.0,1,Not Hispanic or Latino,White,Male,25-34,79.99,Loan originated
1,975000.0,>60%,1265000.0,224.0,1,Not Hispanic or Latino,Black or African American,Female,55-64,76.98,Application denied
1,355000.0,>60%,655000.0,84.0,1,Hispanic or Latino,White,Female,65-74,53.85,Application denied
1,295000.0,46,295000.0,80.0,1,Hispanic or Latino,White,Female,25-34,101.963,Application denied
1,385000.0,20%-<30%,635000.0,291.0,1,Not Hispanic or Latino,White,Female,25-34,60.63,Loan originated
1,915000.0,40,1145000.0,231.0,1,Hispanic or Latino,White,Male,35-44,80.0,Loan originated
1,325000.0,49,405000.0,55.0,1,Not Hispanic or Latino,White,Female,25-34,80.0,Loan originated
1,425000.0,47,765000.0,97.0,1,Not Hispanic or Latino,White,Male,35-44,56.0,Loan originated
1,465000.0,38,515000.0,149.0,1,Not Hispanic or Latino,Asian,Male,35-44,90.0,Loan originated
1,865000.0,42,1085000.0,188.0,1,Not Hispanic or Latino,Asian,Male,25-34,80.0,Loan originated
1,1115000.0,39,1485000.0,303.0,1,Not Hispanic or Latino,Asian,Male,25-34,75.0,Loan originated
1,545000.0,30%-<36%,605000.0,166.0,1,Not Hispanic or Latino,Asian,Male,45-54,90.0,Loan originated
1,525000.0,49,565000.0,98.0,1,Not Hispanic or Latino,White,Male,55-64,95.0,Loan originated
1,205000.0,43,715000.0,69.0,1,Not Hispanic or Latino,White,Male,45-54,28.16,Loan originated
1,545000.0,45,605000.0,106.0,1,Hispanic or Latino,White,Male,<25,90.0,Loan originated
1,475000.0,40,605000.0,134.0,1,Hispanic or Latino,White,Male,45-54,102.0,Loan originated
1,1145000.0,39,1555000.0,330.0,1,Not Hispanic or Latino,White,Male,35-44,87.09,Loan originated
1,655000.0,41,775000.0,182.0,1,Hispanic or Latino,White,Female,45-54,85.0,Application denied
1,585000.0,43,645000.0,184.0,1,Hispanic or Latino,White,Male,35-44,90.0,Loan originated
1,425000.0,48,565000.0,116.0,1,Not Hispanic or Latino,Asian,Female,35-44,74.949,Loan originated
1,365000.0,39,485000.0,111.0,1,Not Hispanic or Latino,White,Male,25-34,75.0,Loan originated
1,765000.0,49,835000.0,192.0,1,Hispanic or Latino,White,Female,45-54,91.231,Loan originated
1,805000.0,30%-<36%,1255000.0,263.0,1,Not Hispanic or Latino,Asian,Female,25-34,64.0,Loan originated
1,425000.0,49,475000.0,97.0,1,Not Hispanic or Latino,Native Hawaiian or Other Pacific Islander,Female,25-34,90.0,Loan originated
1,695000.0,30%-<36%,995000.0,432.0,1,Not Hispanic or Latino,White,Female,>74,70.0,Loan originated
1,515000.0,49,575000.0,115.0,1,Not Hispanic or Latino,Asian,Female,35-44,90.0,Loan originated
1,395000.0,46,545000.0,92.0,1,Hispanic or Latino,White,Male,25-34,72.722,Loan originated
1,615000.0,39,875000.0,323.0,1,Not Hispanic or Latino,White,Female,65-74,70.629,Loan originated
1,1055000.0,>60%,1425000.0,220.0,1,Not Hispanic or Latino,Asian,Male,>74,73.684,Application denied
1,855000.0,41,945000.0,197.0,1,Not Hispanic or Latino,Asian,Male,25-34,89.99,Loan originated
1,245000.0,49,315000.0,56.0,1,Not Hispanic or Latino,White,Male,45-54,78.526,Loan originated
1,395000.0,49,495000.0,87.0,1,Not Hispanic or Latino,Asian,Female,35-44,100.0,Loan originated
1,575000.0,49,675000.0,113.0,1,Not Hispanic or Latino,Asian,Male,35-44,85.0,Loan originated
1,525000.0,50%-60%,555000.0,130.0,1,Hispanic or Latino,White,Male,45-54,95.0,Application denied
1,325000.0,47,525000.0,85.0,1,Hispanic or Latino,White,Female,45-54,61.538,Loan originated
1,135000.0,50%-60%,205000.0,52.0,1,Hispanic or Latino,White,Male,<25,67.98,Application denied
1,745000.0,48,935000.0,156.0,1,Not Hispanic or Latino,Asian,Female,25-34,80.0,Loan originated
1,425000.0,45,565000.0,128.0,1,Not Hispanic or Latino,Asian,Male,25-34,74.99987,Loan originated
1,565000.0,36,595000.0,147.0,1,Not Hispanic or Latino,White,Male,25-34,95.0,Loan originated
1,285000.0,30%-<36%,585000.0,108.0,1,Not Hispanic or Latino,Asian,Male,45-54,47.782,Loan originated
1,355000.0,49,405000.0,75.0,1,Not Hispanic or Latino,Asian,Male,25-34,90.0,Loan originated
1,275000.0,39,375000.0,139.0,1,Not Hispanic or Latino,White,Male,45-54,73.475,Loan originated
1,645000.0,48,865000.0,134.0,1,Not Hispanic or Latino,Asian,Female,25-34,74.42,Loan originated
1,415000.0,20%-<30%,555000.0,174.0,1,Not Hispanic or Latino,White,Female,25-34,75.0,Loan originated
1,735000.0,20%-<30%,825000.0,323.0,1,Not Hispanic or Latino,White,Male,25-34,89.0,Loan originated
1,1025000.0,41,1365000.0,230.0,1,Not Hispanic or Latino,White,Male,35-44,75.0,Loan originated
1,425000.0,48,545000.0,92.0,1,Not Hispanic or Latino,White,Male,<25,77.372,Loan originated
1,75000.0,>60%,945000.0,40.0,1,Not Hispanic or Latino,White,Female,65-74,7.933,Application denied
1,505000.0,20%-<30%,555000.0,170.0,1,Not Hispanic or Latino,Asian,Male,25-34,92.0,Loan originated
1,105000.0,20%-<30%,435000.0,170.0,1,Not Hispanic or Latino,White,Female,65-74,23.002,Loan originated
1,265000.0,>60%,305000.0,47.0,1,Not Hispanic or Latino,Asian,Female,55-64,86.67,Application denied
1,885000.0,30%-<36%,1105000.0,326.0,1,Not Hispanic or Latino,White,Male,45-54,80.0,Loan originated
1,1005000.0,45,1065000.0,275.0,1,Not Hispanic or Latino,White,Male,35-44,95.0,Loan originated
1,505000.0,44,1905000.0,260.0,1,Not Hispanic or Latino,White,Female,55-64,26.316,Loan originated
1,465000.0,20%-<30%,625000.0,277.0,1,Not Hispanic or Latino,Asian,Female,25-34,75.0,Loan originated
1,795000.0,46,935000.0,183.0,1,Not Hispanic or Latino,White,Male,35-44,85.0,Loan originated
1,415000.0,44,515000.0,94.0,1,Not Hispanic or Latino,Asian,Male,25-34,80.0,Loan originated
1,965000.0,49,1835000.0,362.0,1,Not Hispanic or Latino,White,Male,35-44,52.45,Loan originated
1,485000.0,49,505000.0,101.0,1,Hispanic or Latino,White,Male,25-34,97.0,Loan originated
1,95000.0,20%-<30%,315000.0,178.0,1,Not Hispanic or Latino,White,Male,65-74,28.57,Loan originated
1,385000.0,48,415000.0,96.0,1,Hispanic or Latino,White,Male,65-74,95.0,Loan originated
1,75000.0,<20%,155000.0,94.0,1,Not Hispanic or Latino,White,Male,55-64,50.0,Loan originated
1,1005000.0,>60%,2705000.0,159.0,1,Not Hispanic or Latino,White,Male,65-74,37.037,Application denied
1,935000.0,20%-<30%,1255000.0,540.0,1,Not Hispanic or Latino,White,Male,35-44,75.0,Loan originated
1,515000.0,48,645000.0,153.0,1,Not Hispanic or Latino,Asian,Female,45-54,80.0,Application denied
1,305000.0,40,385000.0,78.0,1,Not Hispanic or Latino,White,Male,25-34,80.0,Loan originated
1,1155000.0,41,2155000.0,365.0,1,Not Hispanic or Latino,White,Male,>74,53.489,Loan originated
1,755000.0,20%-<30%,2105000.0,1196.0,1,Not Hispanic or Latino,White,Male,25-34,35.714,Loan originated
1,605000.0,30%-<36%,635000.0,291.0,1,Not Hispanic or Latino,Asian,Female,25-34,95.0,Loan originated
1,405000.0,45,505000.0,112.0,1,Not Hispanic or Latino,White,Female,65-74,80.0,Loan originated
1,365000.0,39,405000.0,91.0,1,Not Hispanic or Latino,White,Male,45-54,90.0,Loan originated
1,245000.0,38,345000.0,65.0,1,Not Hispanic or Latino,White,Female,55-64,73.0,Loan originated
1,445000.0,30%-<36%,595000.0,133.0,1,Not Hispanic or Latino,Asian,Male,45-54,73.913,Loan originated
1,225000.0,40,445000.0,63.0,1,Not Hispanic or Latino,Asian,Female,45-54,50.44,Loan originated
1,815000.0,49,1085000.0,179.0,1,Not Hispanic or Latino,Asian,Female,25-34,75.0,Loan originated
1,595000.0,47,695000.0,124.0,1,Not Hispanic or Latino,White,Male,35-44,85.51,Loan originated
1,45000.0,40,95000.0,48.0,1,Not Hispanic or Latino,Asian,Male,55-64,50.0,Application denied
1,305000.0,37,1005000.0,133.0,1,Not Hispanic or Latino,Asian,Male,45-54,30.0,Loan originated
1,805000.0,38,1495000.0,206.0,1,Not Hispanic or Latino,White,Female,55-64,53.691,Loan originated
1,195000.0,20%-<30%,1055000.0,185.0,1,Not Hispanic or Latino,White,Male,45-54,18.095,Loan originated
1,725000.0,20%-<30%,1105000.0,814.0,1,Not Hispanic or Latino,White,Male,45-54,66.018,Loan originated
1,775000.0,40,825000.0,174.0,1,Not Hispanic or Latino,White,Male,35-44,94.0,Loan originated
1,655000.0,43,705000.0,154.0,1,Not Hispanic or Latino,Asian,Female,25-34,92.95,Loan originated
1,1025000.0,42,1325000.0,283.0,1,Not Hispanic or Latino,White,Male,35-44,77.358,Loan originated
1,245000.0,49,475000.0,208.0,1,Hispanic or Latino,White,Female,25-34,52.0,Loan originated
1,455000.0,49,705000.0,94.0,1,Not Hispanic or Latino,White,Female,35-44,64.49,Loan originated
1,515000.0,30%-<36%,535000.0,162.0,1,Not Hispanic or Latino,White,Male,25-34,95.0,Loan originated
1,305000.0,46,675000.0,86.0,1,Not Hispanic or Latino,White,Female,65-74,44.78,Loan originated
1,765000.0,50%-60%,825000.0,166.0,1,Not Hispanic or Latino,White,Male,35-44,92.915,Application denied
1,735000.0,44,775000.0,225.0,1,Not Hispanic or Latino,White,Female,55-64,95.0,Loan originated
1,765000.0,30%-<36%,955000.0,286.0,1,Not Hispanic or Latino,Asian,Male,25-34,80.0,Loan originated
1,755000.0,39,795000.0,225.0,1,Not Hispanic or Latino,Asian,Female,35-44,95.0,Loan originated
1,335000.0,45,355000.0,88.0,1,Not Hispanic or Latino,Black or African American,Male,45-54,95.0,Loan originated
1,605000.0,48,755000.0,135.0,1,Not Hispanic or Latino,Asian,Male,35-44,80.0,Loan originated
1,365000.0,46,385000.0,103.0,1,Hispanic or Latino,White,Female,35-44,97.0,Loan originated
1,725000.0,41,1045000.0,185.0,1,Not Hispanic or Latino,Asian,Male,25-34,69.665,Loan originated
1,855000.0,44,1405000.0,186.0,1,Not Hispanic or Latino,Asian,Female,25-34,60.498,Loan originated
1,85000.0,20%-<30%,355000.0,56.0,1,Not Hispanic or Latino,White,Female,65-74,22.28,Loan originated
1,425000.0,37,535000.0,127.0,1,Hispanic or Latino,White,Male,25-34,80.0,Loan originated
1,425000.0,>60%,495000.0,7.0,1,Hispanic or Latino,White,Male,65-74,85.0,Application denied
1,35000.0,30%-<36%,105000.0,49.0,1,Not Hispanic or Latino,White,Male,>74,35.22,Loan originated
1,615000.0,49,725000.0,113.0,1,Hispanic or Latino,White,Male,>74,84.722,Loan originated
1,205000.0,49,905000.0,56.0,1,Not Hispanic or Latino,White,Female,>74,22.778,Loan originated
1,545000.0,30%-<36%,675000.0,191.0,1,Not Hispanic or Latino,Asian,Female,35-44,80.0,Application denied
1,455000.0,47,915000.0,108.0,1,Hispanic or Latino,White,Male,45-54,49.45,Loan originated
1,625000.0,36,895000.0,187.0,1,Not Hispanic or Latino,White,Female,55-64,70.0,Loan originated
1,445000.0,50%-60%,465000.0,102.0,1,Not Hispanic or Latino,Black or African American,Male,35-44,95.0,Application denied
1,435000.0,40,455000.0,206.0,1,Hispanic or Latino,White,Male,25-34,95.0,Loan originated
1,455000.0,36,475000.0,123.0,1,Hispanic or Latino,White,Male,25-34,95.0,Loan originated
1,715000.0,48,845000.0,159.0,1,Not Hispanic or Latino,White,Male,35-44,84.524,Loan originated
1,505000.0,50%-60%,535000.0,112.0,1,Hispanic or Latino,White,Female,45-54,95.0,Application denied
1,495000.0,20%-<30%,515000.0,186.0,1,Not Hispanic or Latino,Asian,Male,25-34,97.0,Loan originated
1,655000.0,30%-<36%,765000.0,268.0,1,Not Hispanic or Latino,White,Female,<25,84.967,Loan originated
1,415000.0,30%-<36%,465000.0,151.0,1,Not Hispanic or Latino,White,Male,25-34,90.0,Loan originated
1,925000.0,40,1255000.0,272.0,1,Hispanic or Latino,White,Female,55-64,73.8,Loan originated
1,655000.0,30%-<36%,695000.0,179.0,1,Not Hispanic or Latino,Asian,Male,25-34,95.0,Loan originated
1,175000.0,30%-<36%,295000.0,110.0,1,Not Hispanic or Latino,White,Female,55-64,61.6,Loan originated
1,275000.0,39,305000.0,83.0,1,Hispanic or Latino,White,Female,45-54,90.0,Loan originated
1,385000.0,49,535000.0,78.0,1,Not Hispanic or Latino,Asian,Female,45-54,71.944,Loan originated
1,395000.0,45,445000.0,88.0,1,Not Hispanic or Latino,White,Male,45-54,90.0,Loan originated
1,285000.0,30%-<36%,645000.0,143.0,1,Not Hispanic or Latino,White,Female,35-44,44.444,Loan originated
1,695000.0,30%-<36%,735000.0,337.0,1,Hispanic or Latino,White,Female,25-34,95.0,Loan originated
1,235000.0,45,925000.0,95.0,1,Hispanic or Latino,Asian,Female,55-64,25.352,Loan originated
1,205000.0,45,895000.0,69.0,1,Not Hispanic or Latino,White,Female,>74,22.35,Loan originated
1,395000.0,46,495000.0,91.0,1,Not Hispanic or Latino,Black or African American,Female,55-64,102.012,Loan originated
1,545000.0,49,575000.0,119.0,1,Hispanic or Latino,White,Male,45-54,95.0,Loan originated
1,375000.0,50%-60%,395000.0,170.0,1,Not Hispanic or Latino,Black or African American,Female,35-44,95.0,Application denied
1,255000.0,39,265000.0,86.0,1,Not Hispanic or Latino,White,Male,<25,95.0,Loan originated
1,865000.0,39,1075000.0,225.0,1,Not Hispanic or Latino,White,Female,25-34,80.0,Loan originated
1,495000.0,20%-<30%,625000.0,506.0,1,Not Hispanic or Latino,White,Male,45-54,80.0,Loan originated
1,325000.0,49,345000.0,87.0,1,Not Hispanic or Latino,Black or African American,Male,35-44,100.0,Loan originated
1,445000.0,30%-<36%,475000.0,247.0,1,Not Hispanic or Latino,White,Female,55-64,95.0,Loan originated
1,325000.0,20%-<30%,415000.0,216.0,1,Hispanic or Latino,White,Male,65-74,80.0,Loan originated
1,825000.0,30%-<36%,1135000.0,343.0,1,Not Hispanic or Latino,White,Male,45-54,72.91,Loan originated
1,565000.0,42,705000.0,254.0,1,Not Hispanic or Latino,White,Male,35-44,80.0,Loan originated
1,405000.0,37,705000.0,654.0,1,Not Hispanic or Latino,White,Female,25-34,57.143,Loan originated
1,625000.0,44,775000.0,170.0,1,Not Hispanic or Latino,White,Male,25-34,80.0,Loan originated
1,385000.0,43,415000.0,100.0,1,Hispanic or Latino,White,Female,25-34,95.0,Loan originated
1,1085000.0,37,1355000.0,270.0,1,Not Hispanic or Latino,White,Male,25-34,80.0,Loan originated
1,265000.0,43,535000.0,86.0,1,Not Hispanic or Latino,White,Female,55-64,50.0,Loan originated
1,795000.0,>60%,1795000.0,166.0,1,Not Hispanic or Latino,White,Female,55-64,44.26,Application denied
1,465000.0,41,515000.0,104.0,1,Hispanic or Latino,Asian,Female,35-44,90.0,Loan originated
1,895000.0,41,955000.0,251.0,1,Not Hispanic or Latino,White,Male,25-34,95.0,Loan originated
1,625000.0,43,785000.0,223.0,1,Not Hispanic or Latino,Black or African American,Female,45-54,79.489,Loan originated
1,305000.0,48,315000.0,63.0,1,Not Hispanic or Latino,White,Male,25-34,97.0,Loan originated
1,415000.0,47,515000.0,95.0,1,Not Hispanic or Latino,White,Male,25-34,81.0,Loan originated
1,425000.0,49,465000.0,106.0,1,Not Hispanic or Latino,Asian,Female,35-44,93.0,Loan originated
1,655000.0,42,935000.0,21.0,1,Not Hispanic or Latino,Asian,Female,25-34,70.0,Loan originated
1,805000.0,50%-60%,955000.0,509.0,1,Not Hispanic or Latino,Asian,Female,65-74,85.0,Loan originated
1,755000.0,38,835000.0,185.0,1,Not Hispanic or Latino,Asian,Male,35-44,90.0,Loan originated
1,335000.0,42,555000.0,89.0,1,Not Hispanic or Latino,Asian,Male,25-34,60.0,Loan originated
1,635000.0,30%-<36%,1035000.0,221.0,1,Not Hispanic or Latino,Asian,Male,35-44,61.24,Loan originated
1,955000.0,46,1275000.0,208.0,1,Not Hispanic or Latino,Asian,Male,45-54,74.961,Loan originated
1,595000.0,>60%,595000.0,104.0,1,Not Hispanic or Latino,Asian,Male,35-44,100.0,Application denied
1,645000.0,45,1325000.0,170.0,1,Not Hispanic or Latino,White,Female,45-54,49.92,Loan originated
1,385000.0,48,535000.0,90.0,1,Hispanic or Latino,White,Male,35-44,71.963,Loan originated
1,465000.0,38,525000.0,146.0,1,Hispanic or Latino,White,Female,35-44,90.0,Loan originated
1,335000.0,49,355000.0,62.0,1,Hispanic or Latino,White,Male,25-34,97.0,Loan originated
1,955000.0,42,1385000.0,240.0,1,Not Hispanic or Latino,Asian,Male,25-34,69.44,Loan originated
1,605000.0,40,755000.0,189.0,1,Not Hispanic or Latino,White,Male,35-44,80.0,Loan originated
1,255000.0,30%-<36%,525000.0,102.0,1,Not Hispanic or Latino,White,Female,25-34,48.0,Loan originated
1,905000.0,43,1125000.0,208.0,1,Hispanic or Latino,White,Male,25-34,80.0,Loan originated
1,205000.0,37,725000.0,201.0,1,Not Hispanic or Latino,White,Female,45-54,27.515,Loan originated
1,705000.0,48,1045000.0,262.0,1,Not Hispanic or Latino,Asian,Female,35-44,66.855,Loan originated
1,685000.0,30%-<36%,915000.0,206.0,1,Not Hispanic or Latino,Asian,Male,35-44,75.0,Loan originated
1,985000.0,30%-<36%,1645000.0,274.0,1,Not Hispanic or Latino,Asian,Female,65-74,60.0,Loan originated
1,35000.0,41,75000.0,38.0,1,Not Hispanic or Latino,White,Female,>74,53.27,Loan originated
1,515000.0,38,645000.0,175.0,1,Not Hispanic or Latino,White,Male,35-44,80.0,Loan originated
1,905000.0,49,1765000.0,192.0,1,Not Hispanic or Latino,Asian,Male,25-34,51.53,Loan originated
1,365000.0,37,485000.0,100.0,1,Not Hispanic or Latino,White,Female,35-44,75.0,Loan originated
1,1085000.0,<20%,1455000.0,720.0,1,Not Hispanic or Latino,White,Male,35-44,75.0,Loan originated
1,315000.0,47,395000.0,87.0,1,Not Hispanic or Latino,White,Female,55-64,80.0,Loan originated
1,435000.0,20%-<30%,535000.0,382.0,1,Not Hispanic or Latino,White,Female,25-34,80.0,Loan originated
1,1055000.0,38,1315000.0,289.0,1,Not Hispanic or Latino,Asian,Male,25-34,80.0,Loan originated
1,455000.0,41,1005000.0,214.0,1,Not Hispanic or Latino,Asian,Female,55-64,45.0,Loan originated
1,385000.0,39,475000.0,94.0,1,Not Hispanic or Latino,White,Male,25-34,80.0,Loan originated
1,445000.0,47,665000.0,111.0,1,Not Hispanic or Latino,Asian,Male,35-44,65.77,Loan originated
1,1045000.0,40,1105000.0,244.0,1,Not Hispanic or Latino,White,Male,35-44,95.0,Loan originated
1,745000.0,36,785000.0,199.0,1,Not Hispanic or Latino,Asian,Male,45-54,95.0,Loan originated
1,1005000.0,44,1825000.0,285.0,1,Not Hispanic or Latino,White,Female,55-64,54.79,Application denied
1,385000.0,40,395000.0,96.0,1,Not Hispanic or Latino,Asian,Male,25-34,97.0,Loan originated
1,575000.0,37,725000.0,186.0,1,Not Hispanic or Latino,Asian,Male,25-34,80.0,Loan originated
1,365000.0,20%-<30%,405000.0,280.0,1,Not Hispanic or Latino,Asian,Female,35-44,89.99,Loan originated
1,725000.0,47,805000.0,162.0,1,Not Hispanic or Latino,White,Male,25-34,89.97,Loan originated
1,345000.0,45,405000.0,72.0,1,Hispanic or Latino,White,Male,<25,88.0,Loan originated
1,655000.0,48,725000.0,149.0,1,Not Hispanic or Latino,Asian,Male,45-54,90.0,Loan originated
1,425000.0,48,655000.0,91.0,1,Not Hispanic or Latino,Asian,Male,55-64,63.83,Loan originated
1,695000.0,37,865000.0,572.0,1,Hispanic or Latino,White,Female,45-54,80.0,Loan originated
1,445000.0,41,555000.0,129.0,1,Hispanic or Latino,White,Female,45-54,80.0,Loan originated
1,635000.0,44,815000.0,171.0,1,Not Hispanic or Latino,Black or African American,Female,55-64,79.0,Loan originated
1,675000.0,44,745000.0,240.0,1,Not Hispanic or Latino,Black or African American,Female,55-64,89.99,Loan originated
1,985000.0,46,1225000.0,389.0,1,Hispanic or Latino,White,Male,35-44,80.0,Loan originated
1,605000.0,44,645000.0,135.0,1,Not Hispanic or Latino,White,Male,35-44,94.987,Loan originated
1,205000.0,30%-<36%,595000.0,92.0,1,Not Hispanic or Latino,White,Female,65-74,33.898,Loan originated
1,465000.0,40,565000.0,141.0,1,Not Hispanic or Latino,Asian,Male,25-34,103.811,Loan originated
1,245000.0,<20%,435000.0,188.0,1,Not Hispanic or Latino,White,Female,35-44,55.814,Loan originated
1,375000.0,20%-<30%,465000.0,133.0,1,Not Hispanic or Latino,Asian,Female,25-34,80.0,Loan originated
1,655000.0,20%-<30%,875000.0,314.0,1,Not Hispanic or Latino,White,Male,35-44,74.971,Loan originated
1,615000.0,40,755000.0,153.0,1,Hispanic or Latino,White,Male,25-34,82.0,Loan originated
1,305000.0,40,335000.0,77.0,1,Hispanic or Latino,White,Female,35-44,90.0,Loan originated
1,675000.0,49,845000.0,138.0,1,Hispanic or Latino,White,Female,35-44,97.8,Loan originated
1,705000.0,45,875000.0,174.0,1,Hispanic or Latino,White,Male,<25,80.0,Loan originated
1,805000.0,38,1005000.0,343.0,1,Not Hispanic or Latino,Asian,Female,35-44,80.0,Loan originated
1,195000.0,49,265000.0,51.0,1,Not Hispanic or Latino,Asian,Female,35-44,76.442,Loan originated
1,365000.0,30%-<36%,405000.0,98.0,1,Hispanic or Latino,White,Male,25-34,90.017,Loan originated
1,465000.0,37,615000.0,185.0,1,Not Hispanic or Latino,White,Female,35-44,75.0,Loan originated
1,595000.0,43,745000.0,187.0,1,Not Hispanic or Latino,White,Male,35-44,80.0,Loan originated
1,425000.0,47,565000.0,170.0,1,Hispanic or Latino,White,Female,<25,75.0,Loan originated
1,1145000.0,38,1405000.0,309.0,1,Not Hispanic or Latino,White,Male,35-44,82.13,Loan originated
1,405000.0,20%-<30%,665000.0,195.0,1,Hispanic or Latino,White,Male,45-54,60.606,Loan originated
1,495000.0,47,515000.0,120.0,1,Not Hispanic or Latino,White,Male,45-54,97.0,Loan originated
1,685000.0,44,725000.0,175.0,1,Not Hispanic or Latino,White,Female,25-34,95.0,Loan originated
1,1145000.0,42,1275000.0,595.0,1,Not Hispanic or Latino,White,Male,45-54,90.0,Loan originated
1,315000.0,41,505000.0,98.0,1,Not Hispanic or Latino,White,Female,55-64,62.0,Loan originated
1,785000.0,40,1125000.0,219.0,1,Not Hispanic or Latino,White,Male,55-64,70.0,Loan originated
1,655000.0,41,765000.0,212.0,1,Not Hispanic or Latino,White,Male,55-64,85.0,Loan originated
1,655000.0,48,935000.0,134.0,1,Not Hispanic or Latino,Asian,Male,35-44,70.0,Loan originated
1,225000.0,30%-<36%,525000.0,86.0,1,Not Hispanic or Latino,White,Female,65-74,43.0,Loan originated
1,625000.0,30%-<36%,1215000.0,215.0,1,Not Hispanic or Latino,White,Male,35-44,51.28,Loan originated
1,235000.0,49,255000.0,66.0,1,Hispanic or Latino,White,Female,35-44,92.6,Loan originated
1,525000.0,45,525000.0,108.0,1,Not Hispanic or Latino,Black or African American,Female,55-64,100.772,Loan originated
1,695000.0,36,775000.0,310.0,1,Hispanic or Latino,White,Female,45-54,90.0,Loan originated
1,305000.0,47,615000.0,66.0,1,Not Hispanic or Latino,Asian,Male,55-64,50.0,Loan originated
1,275000.0,41,335000.0,61.0,1,Hispanic or Latino,White,Female,25-34,103.11,Loan originated
1,895000.0,30%-<36%,1195000.0,455.0,1,Not Hispanic or Latino,Asian,Male,25-34,75.0,Loan originated
1,885000.0,47,1245000.0,220.0,1,Not Hispanic or Latino,White,Female,35-44,80.0,Loan originated
1,555000.0,47,615000.0,181.0,1,Not Hispanic or Latino,Asian,Female,45-54,90.0,Loan originated
1,375000.0,>60%,395000.0,54.0,1,Hispanic or Latino,White,Female,55-64,95.0,Application denied
1,445000.0,42,875000.0,110.0,1,Not Hispanic or Latino,Asian,Male,25-34,50.857,Loan originated
1,595000.0,49,765000.0,130.0,1,Not Hispanic or Latino,White,Male,25-34,78.392,Loan originated
1,465000.0,49,485000.0,125.0,1,Hispanic or Latino,White,Female,35-44,99.9,Loan originated
1,945000.0,48,1185000.0,256.0,1,Not Hispanic or Latino,Black or African American,Female,35-44,80.0,Loan originated
1,1005000.0,49,1285000.0,293.0,1,Hispanic or Latino,White,Female,45-54,90.0,Loan originated
1,415000.0,30%-<36%,515000.0,166.0,1,Not Hispanic or Latino,Black or African American,Male,25-34,80.0,Loan originated
1,635000.0,20%-<30%,705000.0,1048.0,1,Hispanic or Latino,White,Female,55-64,90.0,Loan originated
1,555000.0,42,665000.0,141.0,1,Not Hispanic or Latino,Asian,Female,25-34,104.0,Loan originated
1,675000.0,30%-<36%,755000.0,311.0,1,Hispanic or Latino,White,Male,35-44,90.0,Loan originated
1,205000.0,20%-<30%,615000.0,121.0,1,Not Hispanic or Latino,Asian,Female,35-44,33.005,Loan originated
1,455000.0,49,575000.0,85.0,1,Not Hispanic or Latino,White,Male,25-34,80.0,Loan originated
1,635000.0,40,1275000.0,178.0,1,Not Hispanic or Latino,Asian,Female,35-44,50.0,Loan originated
1,385000.0,49,455000.0,85.0,1,Hispanic or Latino,White,Female,25-34,85.0,Loan originated
1,495000.0,49,655000.0,96.0,1,Not Hispanic or Latino,White,Male,65-74,74.873,Loan originated
1,415000.0,48,645000.0,81.0,1,Not Hispanic or Latino,White,Female,35-44,64.291,Loan originated
1,225000.0,49,265000.0,52.0,1,Hispanic or Latino,White,Male,25-34,86.538,Loan originated
1,425000.0,49,735000.0,92.0,1,Hispanic or Latino,White,Female,35-44,57.53,Loan originated
1,635000.0,50%-60%,985000.0,163.0,1,Not Hispanic or Latino,White,Male,45-54,64.467,Application denied
1,765000.0,30%-<36%,1705000.0,251.0,1,Not Hispanic or Latino,Asian,Male,35-44,45.0,Loan originated
1,525000.0,47,545000.0,130.0,1,Hispanic or Latino,White,Female,45-54,97.0,Loan originated
1,715000.0,42,845000.0,225.0,1,Not Hispanic or Latino,White,Female,35-44,85.0,Loan originated
1,825000.0,30%-<36%,1175000.0,335.0,1,Not Hispanic or Latino,Asian,Male,35-44,70.0,Loan originated
1,425000.0,47,525000.0,84.0,1,Hispanic or Latino,White,Male,35-44,80.0,Loan originated
1,795000.0,42,995000.0,188.0,1,Not Hispanic or Latino,White,Male,35-44,79.989,Loan originated
1,365000.0,40,405000.0,89.0,1,Hispanic or Latino,White,Female,25-34,89.88,Loan originated
1,625000.0,36,775000.0,198.0,1,Not Hispanic or Latino,Asian,Female,25-34,80.0,Loan originated
1,575000.0,30%-<36%,725000.0,215.0,1,Not Hispanic or Latino,White,Female,65-74,80.0,Loan originated
1,575000.0,44,745000.0,123.0,1,Not Hispanic or Latino,Asian,Male,35-44,77.03,Loan originated
1,595000.0,43,805000.0,169.0,1,Not Hispanic or Latino,White,Male,65-74,75.0,Loan originated
1,415000.0,30%-<36%,615000.0,115.0,1,Not Hispanic or Latino,White,Male,25-34,67.213,Loan originated
1,705000.0,44,2775000.0,240.0,1,Not Hispanic or Latino,Asian,Male,35-44,25.271,Loan originated
1,165000.0,46,205000.0,92.0,1,Not Hispanic or Latino,White,Female,55-64,78.01,Loan originated
1,405000.0,30%-<36%,825000.0,130.0,1,Not Hispanic or Latino,White,Male,35-44,48.485,Loan originated
1,615000.0,40,655000.0,165.0,1,Hispanic or Latino,White,Male,25-34,95.0,Loan originated
1,125000.0,30%-<36%,325000.0,55.0,1,Not Hispanic or Latino,White,Female,>74,39.21,Loan originated
1,705000.0,36,705000.0,306.0,1,Hispanic or Latino,American Indian or Alaska Native,Male,45-54,99.79,Application denied
1,395000.0,20%-<30%,515000.0,175.0,1,Not Hispanic or Latino,White,Female,25-34,76.471,Loan originated
1,255000.0,30%-<36%,905000.0,118.0,1,Not Hispanic or Latino,Asian,Female,25-34,27.778,Loan originated
1,365000.0,47,385000.0,353.0,1,Not Hispanic or Latino,White,Male,35-44,95.0,Loan originated
1,245000.0,20%-<30%,485000.0,115.0,1,Not Hispanic or Latino,White,Female,45-54,50.0,Loan originated
1,645000.0,37,715000.0,197.0,1,Not Hispanic or Latino,Asian,Male,35-44,89.99,Loan originated
1,295000.0,49,435000.0,60.0,1,Hispanic or Latino,White,Male,25-34,68.437,Loan originated
1,825000.0,43,1105000.0,213.0,1,Not Hispanic or Latino,White,Female,55-64,75.0,Loan originated
1,925000.0,41,1155000.0,235.0,1,Not Hispanic or Latino,White,Male,35-44,80.0,Loan originated
1,365000.0,>60%,455000.0,72.0,1,Not Hispanic or Latino,Black or African American,Male,55-64,80.0,Application denied
1,415000.0,40,485000.0,112.0,1,Hispanic or Latino,White,Male,55-64,85.0,Loan originated
1,155000.0,43,205000.0,62.0,1,Not Hispanic or Latino,White,Male,65-74,75.61,Loan originated
1,405000.0,30%-<36%,775000.0,14.0,1,Not Hispanic or Latino,White,Male,55-64,80.0,Loan originated
1,705000.0,42,1005000.0,163.0,1,Not Hispanic or Latino,White,Male,45-54,70.0,Loan originated
1,765000.0,45,895000.0,169.0,1,Not Hispanic or Latino,White,Female,45-54,95.0,Loan originated
1,265000.0,30%-<36%,505000.0,81.0,1,Not Hispanic or Latino,White,Female,55-64,52.8,Loan originated
1,475000.0,46,485000.0,116.0,1,Not Hispanic or Latino,White,Male,65-74,97.0,Loan originated
1,415000.0,47,445000.0,132.0,1,Not Hispanic or Latino,Black or African American,Female,35-44,95.0,Loan originated
1,575000.0,49,615000.0,131.0,1,Not Hispanic or Latino,White,Male,45-54,95.0,Loan originated
1,585000.0,48,735000.0,120.0,1,Not Hispanic or Latino,White,Female,55-64,100.0,Loan originated
1,365000.0,49,745000.0,83.0,1,Not Hispanic or Latino,White,Female,55-64,48.583,Loan originated
1,585000.0,>60%,645000.0,54.0,1,Hispanic or Latino,White,Male,35-44,90.0,Application denied
1,415000.0,46,445000.0,88.0,1,Hispanic or Latino,White,Female,25-34,95.0,Loan originated
1,865000.0,38,1155000.0,207.0,1,Not Hispanic or Latino,White,Male,35-44,75.0,Loan originated
1,1145000.0,49,1745000.0,286.0,1,Not Hispanic or Latino,White,Male,55-64,65.893,Loan originated
1,755000.0,43,845000.0,236.0,1,Hispanic or Latino,White,Female,25-34,90.0,Loan originated
1,825000.0,38,1025000.0,201.0,1,Not Hispanic or Latino,White,Male,45-54,80.0,Loan originated
1,465000.0,45,485000.0,122.0,1,Not Hispanic or Latino,White,Male,25-34,95.0,Loan originated
1,555000.0,20%-<30%,995000.0,242.0,1,Not Hispanic or Latino,Asian,Male,25-34,55.388,Loan originated
1,585000.0,20%-<30%,795000.0,257.0,1,Not Hispanic or Latino,White,Male,45-54,73.42,Loan originated
1,645000.0,36,715000.0,229.0,1,Not Hispanic or Latino,Native Hawaiian or Other Pacific Islander,Female,25-34,90.0,Loan originated
1,305000.0,46,655000.0,134.0,1,Hispanic or Latino,White,Female,45-54,46.565,Loan originated
1,695000.0,40,965000.0,188.0,1,Not Hispanic or Latino,White,Male,45-54,71.73,Loan originated
1,715000.0,47,745000.0,206.0,1,Not Hispanic or Latino,Asian,Male,45-54,95.0,Loan originated
1,195000.0,48,335000.0,51.0,1,Not Hispanic or Latino,White,Female,55-64,58.209,Loan originated
1,315000.0,47,395000.0,82.0,1,Hispanic or Latino,White,Female,25-34,80.0,Loan originated
1,745000.0,36,855000.0,320.0,1,Not Hispanic or Latino,White,Female,45-54,88.04,Loan originated
1,225000.0,<20%,1255000.0,760.0,1,Hispanic or Latino,White,Female,35-44,17.6,Loan originated
1,995000.0,20%-<30%,1655000.0,461.0,1,Not Hispanic or Latino,White,Female,55-64,60.0,Loan originated
1,605000.0,<20%,755000.0,648.0,1,Not Hispanic or Latino,White,Female,65-74,80.0,Loan originated
1,355000.0,50%-60%,385000.0,110.0,1,Hispanic or Latino,White,Female,45-54,92.29,Application denied
1,75000.0,47,205000.0,48.0,1,Hispanic or Latino,White,Female,45-54,35.58,Loan originated
1,445000.0,47,465000.0,95.0,1,Hispanic or Latino,White,Male,25-34,100.0,Loan originated
1,935000.0,<20%,1255000.0,481.0,1,Not Hispanic or Latino,Asian,Male,25-34,75.0,Application denied
1,1055000.0,49,1405000.0,189.0,1,Not Hispanic or Latino,Asian,Female,25-34,75.0,Loan originated
1,525000.0,48,585000.0,105.0,1,Not Hispanic or Latino,White,Female,25-34,90.0,Loan originated
1,715000.0,47,935000.0,154.0,1,Not Hispanic or Latino,Asian,Male,45-54,75.856,Loan originated
1,425000.0,41,1275000.0,120.0,1,Not Hispanic or Latino,Asian,Female,25-34,33.465,Loan originated
1,845000.0,47,1155000.0,160.0,1,Not Hispanic or Latino,Asian,Male,35-44,91.27,Loan originated
1,155000.0,37,305000.0,77.0,1,Hispanic or Latino,White,Male,55-64,50.0,Loan originated
1,405000.0,40,625000.0,101.0,1,Not Hispanic or Latino,Asian,Male,25-34,63.9,Loan originated
1,765000.0,36,825000.0,210.0,1,Not Hispanic or Latino,White,Male,35-44,93.415,Loan originated
1,485000.0,41,515000.0,145.0,1,Not Hispanic or Latino,White,Male,45-54,94.951,Loan originated
1,125000.0,30%-<36%,955000.0,75.0,1,Not Hispanic or Latino,White,Female,55-64,13.0,Loan originated
1,375000.0,20%-<30%,395000.0,167.0,1,Not Hispanic or Latino,White,Male,35-44,97.0,Loan originated
1,345000.0,40,355000.0,94.0,1,Not Hispanic or Latino,White,Female,45-54,95.0,Loan originated
1,405000.0,20%-<30%,425000.0,228.0,1,Hispanic or Latino,White,Male,45-54,95.0,Loan originated
1,1055000.0,40,1315000.0,317.0,1,Not Hispanic or Latino,White,Female,35-44,80.0,Loan originated
1,345000.0,39,405000.0,90.0,1,Not Hispanic or Latino,White,Female,25-34,85.31,Loan originated
1,105000.0,30%-<36%,215000.0,75.0,1,Not Hispanic or Latino,White,Male,45-54,48.49,Loan originated
1,225000.0,44,295000.0,54.0,1,Hispanic or Latino,White,Male,45-54,76.0,Loan originated
1,545000.0,44,705000.0,122.0,1,Not Hispanic or Latino,White,Female,25-34,77.305,Loan originated
1,965000.0,30%-<36%,1205000.0,443.0,1,Hispanic or Latino,White,Male,35-44,80.0,Loan originated
1,475000.0,49,625000.0,102.0,1,Not Hispanic or Latino,White,Female,45-54,75.81,Loan originated
1,415000.0,44,525000.0,104.0,1,Hispanic or Latino,Black or African American,Male,35-44,100.0,Application denied
1,445000.0,44,565000.0,138.0,1,Not Hispanic or Latino,White,Male,55-64,80.0,Loan originated
1,315000.0,20%-<30%,325000.0,145.0,1,Not Hispanic or Latino,White,Male,25-34,96.007,Loan originated
1,675000.0,30%-<36%,745000.0,178.0,1,Not Hispanic or Latino,Asian,Female,25-34,89.96,Loan originated
1,105000.0,50%-60%,1255000.0,101.0,1,Not Hispanic or Latino,White,Male,25-34,8.0,Loan originated
1,645000.0,36,965000.0,344.0,1,Hispanic or Latino,White,Male,45-54,67.282,Loan originated
1,305000.0,38,505000.0,79.0,1,Not Hispanic or Latino,Black or African American,Female,35-44,100.0,Loan originated
1,385000.0,49,455000.0,78.0,1,Hispanic or Latino,White,Male,25-34,84.18,Loan originated
1,925000.0,46,1155000.0,206.0,1,Not Hispanic or Latino,Asian,Male,25-34,80.0,Loan originated
1,845000.0,41,1065000.0,18.0,1,Not Hispanic or Latino,Asian,Male,45-54,80.0,Loan originated
1,575000.0,<20%,1155000.0,1324.0,1,Not Hispanic or Latino,White,Female,45-54,50.0,Loan originated
1,435000.0,49,545000.0,98.0,1,Hispanic or Latino,White,Male,<25,80.0,Loan originated
1,555000.0,42,585000.0,126.0,1,Not Hispanic or Latino,White,Female,45-54,95.0,Loan originated
1,385000.0,49,425000.0,76.0,1,Not Hispanic or Latino,White,Female,25-34,89.894,Loan originated
1,565000.0,49,705000.0,120.0,1,Not Hispanic or Latino,Asian,Female,45-54,80.0,Loan originated
1,555000.0,41,695000.0,133.0,1,Hispanic or Latino,White,Male,25-34,80.0,Loan originated
1,1605000.0,40,2515000.0,363.0,1,Not Hispanic or Latino,White,Female,45-54,63.745,Loan originated
1,535000.0,44,715000.0,135.0,1,Not Hispanic or Latino,White,Male,35-44,75.0,Application denied
1,405000.0,41,905000.0,113.0,1,Not Hispanic or Latino,White,Male,45-54,44.199,Loan originated
1,615000.0,46,635000.0,136.0,1,Not Hispanic or Latino,White,Male,35-44,97.0,Loan originated
1,155000.0,49,455000.0,45.0,1,Not Hispanic or Latino,White,Female,65-74,33.333,Loan originated
1,425000.0,48,455000.0,94.0,1,Hispanic or Latino,White,Female,35-44,97.0,Loan originated
1,525000.0,37,665000.0,162.0,1,Not Hispanic or Latino,White,Male,35-44,80.0,Loan originated
1,755000.0,42,945000.0,183.0,1,Not Hispanic or Latino,White,Female,35-44,80.0,Loan originated
1,865000.0,44,915000.0,189.0,1,Hispanic or Latino,White,Male,35-44,95.0,Loan originated
1,635000.0,49,675000.0,130.0,1,Not Hispanic or Latino,Asian,Male,35-44,95.0,Loan originated
1,365000.0,48,435000.0,255.0,1,Not Hispanic or Latino,White,Male,35-44,85.0,Loan originated
1,675000.0,30%-<36%,745000.0,281.0,1,Not Hispanic or Latino,Asian,Male,35-44,90.0,Loan originated
1,285000.0,43,485000.0,69.0,1,Not Hispanic or Latino,White,Male,25-34,57.873,Loan originated
1,625000.0,49,785000.0,124.0,1,Hispanic or Latino,Asian,Male,35-44,80.0,Loan originated
1,575000.0,49,545000.0,120.0,1,Not Hispanic or Latino,Asian,Male,35-44,104.396,Application denied
1,495000.0,49,625000.0,130.0,1,Not Hispanic or Latino,White,Female,35-44,80.0,Loan originated
1,785000.0,48,1055000.0,172.0,1,Hispanic or Latino,White,Male,35-44,75.0,Loan originated
1,535000.0,49,855000.0,105.0,1,Not Hispanic or Latino,White,Female,55-64,62.353,Loan originated
1,435000.0,42,815000.0,154.0,1,Not Hispanic or Latino,Asian,Male,45-54,52.76,Loan originated
1,195000.0,<20%,205000.0,109.0,1,Not Hispanic or Latino,White,Male,45-54,95.0,Loan originated
1,615000.0,49,785000.0,126.0,1,Hispanic or Latino,White,Female,35-44,78.046,Loan originated
1,345000.0,43,845000.0,123.0,1,Not Hispanic or Latino,Asian,Male,55-64,40.69,Loan originated
1,295000.0,44,315000.0,91.0,1,Not Hispanic or Latino,White,Male,45-54,95.0,Loan originated
1,525000.0,44,545000.0,180.0,1,Hispanic or Latino,White,Male,45-54,100.4,Loan originated
1,385000.0,47,685000.0,101.0,1,Not Hispanic or Latino,White,Female,45-54,56.03,Application denied
1,665000.0,45,705000.0,152.0,1,Hispanic or Latino,White,Male,45-54,95.0,Loan originated
1,655000.0,41,955000.0,329.0,1,Not Hispanic or Latino,Asian,Male,25-34,68.43,Loan originated
1,485000.0,49,505000.0,225.0,1,Not Hispanic or Latino,Asian,Male,55-64,95.0,Loan originated
1,385000.0,40,425000.0,109.0,1,Not Hispanic or Latino,White,Female,55-64,89.41,Loan originated
1,665000.0,38,885000.0,344.0,1,Not Hispanic or Latino,White,Male,35-44,75.0,Loan originated
1,505000.0,<20%,745000.0,0.0,1,Not Hispanic or Latino,Black or African American,Female,65-74,68.0,Application denied
1,15000.0,<20%,355000.0,104.0,1,Not Hispanic or Latino,Black or African American,Female,45-54,102.91,Loan originated
1,905000.0,42,1225000.0,92.0,1,Not Hispanic or Latino,White,Female,55-64,73.469,Loan originated
1,125000.0,<20%,525000.0,102.0,1,Not Hispanic or Latino,White,Female,55-64,24.615,Loan originated
1,675000.0,>60%,845000.0,95.0,1,Not Hispanic or Latino,Asian,Female,25-34,80.0,Application denied
1,435000.0,48,685000.0,230.0,1,Not Hispanic or Latino,White,Male,45-54,63.564,Loan originated
1,485000.0,49,755000.0,100.0,1,Not Hispanic or Latino,Asian,Male,<25,64.38,Loan originated
1,485000.0,47,605000.0,155.0,1,Hispanic or Latino,American Indian or Alaska Native,Female,35-44,80.0,Loan originated
1,485000.0,44,855000.0,158.0,1,Not Hispanic or Latino,Asian,Female,35-44,56.471,Loan originated
1,995000.0,41,1335000.0,259.0,1,Not Hispanic or Latino,Asian,Male,25-34,75.0,Loan originated
1,425000.0,47,995000.0,116.0,1,Not Hispanic or Latino,Asian,Male,25-34,43.0,Loan originated
1,485000.0,43,605000.0,123.0,1,Not Hispanic or Latino,White,Male,35-44,79.99,Loan originated
1,495000.0,30%-<36%,765000.0,139.0,1,Not Hispanic or Latino,Asian,Female,45-54,64.575,Loan originated
1,525000.0,44,555000.0,206.0,1,Not Hispanic or Latino,White,Female,35-44,95.0,Loan originated
1,765000.0,43,825000.0,181.0,1,Not Hispanic or Latino,White,Female,55-64,92.916,Loan originated
1,1005000.0,40,1675000.0,235.0,1,Not Hispanic or Latino,Asian,Female,25-34,59.71,Loan originated
1,445000.0,42,465000.0,126.0,1,Hispanic or Latino,White,Male,35-44,95.0,Loan originated
1,1005000.0,43,1735000.0,222.0,1,Not Hispanic or Latino,Asian,Male,45-54,57.637,Loan originated
1,565000.0,30%-<36%,705000.0,179.0,1,Not Hispanic or Latino,White,Male,25-34,80.0,Loan originated
1,405000.0,49,515000.0,87.0,1,Hispanic or Latino,White,Male,65-74,80.0,Loan originated
1,355000.0,41,915000.0,207.0,1,Not Hispanic or Latino,White,Male,45-54,38.46,Loan originated
1,595000.0,49,635000.0,129.0,1,Not Hispanic or Latino,White,Male,45-54,99.9,Loan originated
1,405000.0,42,425000.0,97.0,1,Hispanic or Latino,White,Male,35-44,97.0,Loan originated
1,265000.0,46,505000.0,65.0,1,Hispanic or Latino,White,Female,35-44,51.485,Application denied
1,305000.0,37,615000.0,102.0,1,Not Hispanic or Latino,White,Female,25-34,49.67,Loan originated
1,185000.0,41,205000.0,74.0,1,Not Hispanic or Latino,White,Female,35-44,90.621,Loan originated
1,305000.0,40,345000.0,80.0,1,Not Hispanic or Latino,White,Male,35-44,85.739,Application denied
1,415000.0,49,495000.0,85.0,1,Not Hispanic or Latino,White,Female,55-64,88.0,Loan originated
1,585000.0,47,735000.0,109.0,1,Hispanic or Latino,White,Male,35-44,80.0,Loan originated
1,405000.0,39,1125000.0,140.0,1,Not Hispanic or Latino,White,Male,35-44,37.21,Loan originated
1,365000.0,49,525000.0,112.0,1,Not Hispanic or Latino,Asian,Male,45-54,70.0,Loan originated
1,395000.0,47,695000.0,158.0,1,Hispanic or Latino,White,Female,55-64,56.533,Loan originated
1,305000.0,49,375000.0,86.0,1,Hispanic or Latino,American Indian or Alaska Native,Female,25-34,80.0,Loan originated
1,535000.0,41,675000.0,161.0,1,Not Hispanic or Latino,White,Male,55-64,80.0,Loan originated
1,445000.0,47,555000.0,102.0,1,Not Hispanic or Latino,Asian,Female,35-44,100.0,Loan originated
1,385000.0,44,405000.0,104.0,1,Hispanic or Latino,White,Female,35-44,95.0,Loan originated
1,385000.0,41,555000.0,95.0,1,Not Hispanic or Latino,Asian,Male,25-34,70.0,Loan originated
1,555000.0,30%-<36%,585000.0,398.0,1,Hispanic or Latino,White,Male,25-34,95.0,Loan originated
1,675000.0,20%-<30%,1355000.0,300.0,1,Not Hispanic or Latino,Asian,Male,35-44,50.0,Loan originated
1,735000.0,47,775000.0,144.0,1,Hispanic or Latino,White,Male,35-44,95.0,Loan originated
1,875000.0,40,1095000.0,273.0,1,Not Hispanic or Latino,White,Male,35-44,80.0,Loan originated
1,425000.0,42,445000.0,102.0,1,Hispanic or Latino,White,Male,35-44,99.84,Loan originated
1,615000.0,49,1415000.0,170.0,1,Not Hispanic or Latino,Asian,Female,65-74,43.262,Loan originated
1,765000.0,42,1455000.0,193.0,1,Not Hispanic or Latino,White,Male,35-44,52.897,Loan originated
1,465000.0,40,775000.0,130.0,1,Not Hispanic or Latino,White,Female,25-34,60.0,Loan originated
1,1095000.0,30%-<36%,1375000.0,339.0,1,Not Hispanic or Latino,Asian,Male,35-44,80.0,Loan originated
1,495000.0,44,555000.0,127.0,1,Not Hispanic or Latino,White,Male,45-54,90.0,Loan originated
1,285000.0,49,425000.0,79.0,1,Not Hispanic or Latino,Black or African American,Female,25-34,67.86,Loan originated
1,755000.0,<20%,845000.0,665.0,1,Not Hispanic or Latino,White,Male,35-44,89.989,Loan originated
1,255000.0,38,275000.0,76.0,1,Hispanic or Latino,American Indian or Alaska Native,Male,35-44,92.832,Loan originated
1,1145000.0,47,1315000.0,440.0,1,Not Hispanic or Latino,Asian,Male,45-54,88.0,Loan originated
1,375000.0,46,475000.0,115.0,1,Hispanic or Latino,White,Female,45-54,80.0,Loan originated
1,355000.0,43,375000.0,88.0,1,Hispanic or Latino,White,Male,35-44,95.0,Application denied
1,145000.0,44,155000.0,91.0,1,Not Hispanic or Latino,White,Male,25-34,95.0,Application denied
1,715000.0,>60%,735000.0,48.0,1,Hispanic or Latino,White,Male,35-44,98.361,Application denied
1,265000.0,<20%,765000.0,296.0,1,Not Hispanic or Latino,White,Male,55-64,34.211,Loan originated
1,165000.0,20%-<30%,375000.0,69.0,1,Not Hispanic or Latino,White,Male,55-64,44.9,Loan originated
1,765000.0,46,815000.0,218.0,1,Not Hispanic or Latino,Black or African American,Male,25-34,99.522,Loan originated
1,505000.0,<20%,675000.0,325.0,1,Not Hispanic or Latino,White,Female,25-34,75.0,Loan originated
1,355000.0,47,395000.0,79.0,1,Not Hispanic or Latino,White,Male,25-34,90.0,Loan originated
1,445000.0,47,555000.0,121.0,1,Not Hispanic or Latino,Asian,Male,25-34,80.0,Loan originated
1,405000.0,30%-<36%,455000.0,147.0,1,Hispanic or Latino,White,Male,35-44,90.0,Loan originated
1,115000.0,41,805000.0,84.0,1,Not Hispanic or Latino,White,Female,65-74,14.375,Loan originated
1,485000.0,46,605000.0,106.0,1,Hispanic or Latino,White,Female,25-34,80.0,Loan originated
1,205000.0,41,215000.0,49.0,1,Hispanic or Latino,White,Male,35-44,95.0,Loan originated
1,485000.0,49,615000.0,125.0,1,Hispanic or Latino,White,Male,35-44,80.0,Loan originated
1,315000.0,40,735000.0,86.0,1,Not Hispanic or Latino,White,Male,25-34,42.005,Loan originated
1,935000.0,49,1665000.0,191.0,1,Not Hispanic or Latino,White,Female,35-44,55.948,Loan originated
1,755000.0,37,3205000.0,277.0,1,Not Hispanic or Latino,White,Female,35-44,43.75,Loan originated
1,205000.0,43,275000.0,54.0,1,Not Hispanic or Latino,White,Male,25-34,75.0,Loan originated
1,575000.0,20%-<30%,815000.0,210.0,1,Not Hispanic or Latino,Asian,Male,35-44,71.486,Loan originated
1,485000.0,48,575000.0,115.0,1,Not Hispanic or Latino,Asian,Female,25-34,85.0,Loan originated
1,535000.0,30%-<36%,555000.0,186.0,1,Not Hispanic or Latino,Asian,Female,35-44,97.0,Loan originated
1,665000.0,45,835000.0,133.0,1,Hispanic or Latino,White,Male,45-54,80.0,Loan originated
1,325000.0,49,345000.0,65.0,1,Not Hispanic or Latino,White,Male,<25,95.0,Loan originated
1,285000.0,20%-<30%,445000.0,100.0,1,Not Hispanic or Latino,White,Male,35-44,64.016,Loan originated
1,685000.0,20%-<30%,1105000.0,748.0,1,Hispanic or Latino,White,Female,45-54,65.0,Loan originated
1,505000.0,30%-<36%,565000.0,160.0,1,Hispanic or Latino,White,Male,25-34,90.0,Loan originated
1,325000.0,48,625000.0,75.0,1,Hispanic or Latino,White,Female,45-54,52.0,Loan originated
1,1125000.0,30%-<36%,1415000.0,427.0,1,Not Hispanic or Latino,Asian,Male,35-44,80.0,Loan originated
1,365000.0,36,435000.0,158.0,1,Hispanic or Latino,White,Male,45-54,85.0,Loan originated
1,575000.0,41,715000.0,131.0,1,Not Hispanic or Latino,Asian,Female,25-34,80.0,Loan originated
1,525000.0,48,585000.0,120.0,1,Hispanic or Latino,White,Male,25-34,90.0,Loan originated
1,495000.0,47,625000.0,120.0,1,Not Hispanic or Latino,White,Female,25-34,80.0,Loan originated
1,575000.0,46,675000.0,135.0,1,Not Hispanic or Latino,White,Female,25-34,85.19,Loan originated
1,435000.0,39,465000.0,151.0,1,Hispanic or Latino,White,Female,45-54,95.0,Loan originated
1,385000.0,49,905000.0,81.0,1,Not Hispanic or Latino,White,Male,45-54,42.33,Loan originated
1,405000.0,45,415000.0,112.0,1,Not Hispanic or Latino,Black or African American,Female,25-34,97.0,Loan originated
1,545000.0,37,675000.0,165.0,1,Not Hispanic or Latino,Asian,Male,35-44,80.0,Loan originated
1,685000.0,46,735000.0,171.0,1,Not Hispanic or Latino,Asian,Female,25-34,96.061,Loan originated
1,545000.0,48,895000.0,129.0,1,Not Hispanic or Latino,White,Female,35-44,61.0,Loan originated
1,245000.0,50%-60%,505000.0,72.0,1,Not Hispanic or Latino,White,Male,65-74,47.525,Loan originated
1,955000.0,49,1115000.0,201.0,1,Not Hispanic or Latino,Asian,Male,35-44,85.0,Loan originated
1,195000.0,40,245000.0,54.0,1,Not Hispanic or Latino,White,Male,35-44,79.167,Loan originated
1,575000.0,36,775000.0,138.0,1,Hispanic or Latino,White,Female,45-54,74.03,Loan originated
1,275000.0,47,375000.0,73.0,1,Hispanic or Latino,White,Male,35-44,75.0,Loan originated
1,645000.0,48,805000.0,174.0,1,Not Hispanic or Latino,Asian,Female,45-54,79.99,Loan originated
1,555000.0,45,585000.0,117.0,1,Hispanic or Latino,American Indian or Alaska Native,Male,45-54,100.0,Loan originated
1,735000.0,50%-60%,1475000.0,167.0,1,Not Hispanic or Latino,White,Male,35-44,49.83,Application denied
1,595000.0,39,625000.0,164.0,1,Hispanic or Latino,White,Female,25-34,95.0,Loan originated
1,765000.0,46,1415000.0,175.0,1,Hispanic or Latino,White,Female,55-64,54.064,Loan originated
1,765000.0,49,975000.0,159.0,1,Not Hispanic or Latino,Asian,Female,25-34,78.615,Loan originated
1,415000.0,45,435000.0,339.0,1,Not Hispanic or Latino,White,Female,25-34,95.0,Loan originated
1,985000.0,43,1235000.0,356.0,1,Not Hispanic or Latino,Asian,Male,35-44,80.0,Loan originated
1,415000.0,47,685000.0,176.0,1,Not Hispanic or Latino,White,Male,35-44,60.0,Loan originated
1,495000.0,48,525000.0,158.0,1,Hispanic or Latino,White,Male,35-44,95.0,Loan originated
1,335000.0,42,355000.0,108.0,1,Not Hispanic or Latino,American Indian or Alaska Native,Female,35-44,95.0,Loan originated
1,105000.0,20%-<30%,385000.0,93.0,1,Not Hispanic or Latino,Asian,Female,65-74,25.974,Loan originated
1,445000.0,48,555000.0,251.0,1,Hispanic or Latino,White,Male,45-54,80.0,Loan originated
1,255000.0,44,265000.0,64.0,1,Hispanic or Latino,White,Female,45-54,97.0,Loan originated
1,335000.0,39,425000.0,80.0,1,Not Hispanic or Latino,White,Male,35-44,80.0,Loan originated
1,555000.0,49,575000.0,127.0,1,Hispanic or Latino,White,Female,25-34,97.0,Loan originated
1,285000.0,42,355000.0,81.0,1,Not Hispanic or Latino,White,Male,65-74,80.0,Loan originated
1,505000.0,49,525000.0,139.0,1,Hispanic or Latino,White,Male,45-54,95.0,Loan originated
1,395000.0,20%-<30%,505000.0,142.0,1,Not Hispanic or Latino,Asian,Female,35-44,78.0,Loan originated
1,545000.0,49,725000.0,107.0,1,Not Hispanic or Latino,Asian,Female,25-34,75.0,Loan originated
1,765000.0,49,1025000.0,195.0,1,Not Hispanic or Latino,White,Female,<25,74.39,Loan originated
1,695000.0,48,1085000.0,163.0,1,Not Hispanic or Latino,Asian,Female,<25,64.391,Loan originated
1,285000.0,49,295000.0,58.0,1,Hispanic or Latino,White,Male,25-34,97.0,Loan originated
1,505000.0,49,535000.0,238.0,1,Not Hispanic or Latino,White,Male,45-54,95.0,Loan originated
1,275000.0,48,295000.0,55.0,1,Hispanic or Latino,White,Female,<25,95.0,Loan originated
1,585000.0,37,725000.0,211.0,1,Not Hispanic or Latino,Asian,Female,35-44,80.0,Loan originated
1,1065000.0,20%-<30%,1425000.0,474.0,1,Not Hispanic or Latino,White,Female,<25,75.0,Loan originated
1,805000.0,47,855000.0,364.0,1,Not Hispanic or Latino,Asian,Male,25-34,95.0,Loan originated
1,905000.0,39,955000.0,242.0,1,Not Hispanic or Latino,White,Female,35-44,95.0,Loan originated
1,545000.0,47,575000.0,208.0,1,Not Hispanic or Latino,White,Female,25-34,95.0,Loan originated
1,425000.0,47,705000.0,179.0,1,Not Hispanic or Latino,Asian,Female,45-54,60.0,Loan originated
1,345000.0,48,445000.0,77.0,1,Not Hispanic or Latino,White,Male,35-44,77.28,Loan originated
1,405000.0,30%-<36%,505000.0,211.0,1,Not Hispanic or Latino,Asian,Male,35-44,80.0,Loan originated
1,855000.0,49,895000.0,205.0,1,Hispanic or Latino,White,Male,25-34,95.0,Loan originated
1,905000.0,45,975000.0,304.0,1,Not Hispanic or Latino,American Indian or Alaska Native,Male,45-54,92.784,Application denied
1,1005000.0,41,1255000.0,225.0,1,Not Hispanic or Latino,Asian,Female,45-54,79.94,Loan originated
1,415000.0,48,525000.0,132.0,1,Not Hispanic or Latino,Asian,Female,45-54,80.0,Loan originated
1,315000.0,49,465000.0,73.0,1,Not Hispanic or Latino,White,Male,<25,67.0,Loan originated
1,375000.0,48,465000.0,75.0,1,Not Hispanic or Latino,Asian,Female,25-34,80.0,Loan originated
1,65000.0,20%-<30%,115000.0,82.0,1,Not Hispanic or Latino,White,Female,65-74,50.0,Loan originated
1,1035000.0,43,1155000.0,300.0,1,Not Hispanic or Latino,White,Female,55-64,90.0,Application denied
1,305000.0,38,375000.0,91.0,1,Hispanic or Latino,Black or African American,Male,25-34,80.0,Loan originated
1,525000.0,43,625000.0,131.0,1,Not Hispanic or Latino,Asian,Female,25-34,83.5,Loan originated
1,745000.0,30%-<36%,825000.0,333.0,1,Not Hispanic or Latino,White,Male,35-44,90.0,Loan originated
1,745000.0,20%-<30%,825000.0,867.0,1,Hispanic or Latino,White,Male,25-34,90.0,Loan originated
1,365000.0,49,465000.0,78.0,1,Not Hispanic or Latino,White,Female,25-34,80.0,Loan originated
1,375000.0,48,585000.0,78.0,1,Not Hispanic or Latino,White,Female,35-44,63.248,Loan originated
1,355000.0,46,555000.0,107.0,1,Not Hispanic or Latino,White,Male,55-64,63.637,Loan originated
1,235000.0,39,295000.0,62.0,1,Not Hispanic or Latino,White,Female,35-44,80.0,Loan originated
1,335000.0,30%-<36%,585000.0,127.0,1,Not Hispanic or Latino,White,Male,25-34,56.897,Loan originated
1,565000.0,37,705000.0,153.0,1,Hispanic or Latino,White,Male,45-54,80.0,Loan originated
1,825000.0,42,1175000.0,191.0,1,Not Hispanic or Latino,White,Female,35-44,70.0,Loan originated
1,1015000.0,44,1355000.0,200.0,1,Not Hispanic or Latino,Asian,Female,65-74,75.0,Loan originated
1,595000.0,30%-<36%,665000.0,185.0,1,Not Hispanic or Latino,White,Female,25-34,90.0,Loan originated
1,235000.0,40,435000.0,104.0,1,Not Hispanic or Latino,White,Female,45-54,53.488372093024,Loan originated
1,205000.0,20%-<30%,255000.0,114.0,1,Not Hispanic or Latino,White,Male,65-74,80.0,Loan originated
1,735000.0,48,945000.0,146.0,1,Not Hispanic or Latino,Asian,Male,35-44,77.984,Loan originated
1,1125000.0,40,1405000.0,307.0,1,Not Hispanic or Latino,Asian,Male,>74,80.0,Loan originated
1,305000.0,38,325000.0,98.0,1,Hispanic or Latino,White,Male,35-44,95.0,Loan originated
1,225000.0,44,235000.0,119.0,1,Not Hispanic or Latino,Black or African American,Female,35-44,101.94,Loan originated
1,385000.0,41,405000.0,234.0,1,Hispanic or Latino,American Indian or Alaska Native,Male,55-64,95.0,Loan originated
1,405000.0,48,515000.0,108.0,1,Hispanic or Latino,White,Male,35-44,80.0,Loan originated
1,75000.0,<20%,655000.0,118.0,1,Not Hispanic or Latino,White,Male,45-54,10.69,Loan originated
1,325000.0,30%-<36%,655000.0,109.0,1,Not Hispanic or Latino,Asian,Male,25-34,49.677,Loan originated
1,485000.0,20%-<30%,565000.0,212.0,1,Not Hispanic or Latino,Asian,Female,35-44,80.0,Application denied
1,765000.0,30%-<36%,955000.0,201.0,1,Not Hispanic or Latino,White,Female,25-34,80.0,Loan originated
1,695000.0,43,1385000.0,296.0,1,Not Hispanic or Latino,White,Male,>74,50.0,Loan originated
1,1135000.0,44,1415000.0,333.0,1,Not Hispanic or Latino,Asian,Male,55-64,79.98,Loan originated
1,345000.0,40,425000.0,111.0,1,Not Hispanic or Latino,Asian,Male,35-44,80.0,Loan originated
1,515000.0,46,535000.0,120.0,1,Hispanic or Latino,White,Male,35-44,99.804,Loan originated
1,835000.0,36,1645000.0,334.0,1,Not Hispanic or Latino,White,Male,35-44,50.606,Loan originated
1,355000.0,44,625000.0,144.0,1,Not Hispanic or Latino,Asian,Female,55-64,57.259,Loan originated
1,1065000.0,30%-<36%,1335000.0,302.0,1,Not Hispanic or Latino,Asian,Male,35-44,80.0,Loan originated
1,295000.0,47,825000.0,108.0,1,Not Hispanic or Latino,White,Female,65-74,35.37,Loan originated
1,865000.0,20%-<30%,1155000.0,336.0,1,Not Hispanic or Latino,Asian,Female,25-34,75.0,Loan originated
1,495000.0,44,535000.0,104.0,1,Not Hispanic or Latino,White,Female,55-64,93.56,Loan originated
1,695000.0,40,925000.0,218.0,1,Not Hispanic or Latino,Asian,Male,45-54,74.965,Loan originated
1,475000.0,49,495000.0,111.0,1,Hispanic or Latino,White,Male,45-54,95.0,Loan originated
1,355000.0,36,445000.0,244.0,1,Hispanic or Latino,White,Male,45-54,80.0,Loan originated
1,385000.0,40,405000.0,91.0,1,Not Hispanic or Latino,White,Male,35-44,95.0,Loan originated
1,575000.0,<20%,605000.0,-65.0,1,Not Hispanic or Latino,White,Male,35-44,94.99,Application denied
1,935000.0,48,1165000.0,234.0,1,Hispanic or Latino,White,Male,35-44,80.0,Loan originated
1,705000.0,41,745000.0,243.0,1,Not Hispanic or Latino,Asian,Female,35-44,95.0,Loan originated
1,365000.0,44,485000.0,88.0,1,Hispanic or Latino,Asian,Female,25-34,89.085,Loan originated
1,295000.0,39,355000.0,89.0,1,Hispanic or Latino,White,Male,35-44,104.0,Loan originated
1,765000.0,43,1015000.0,13.0,1,Not Hispanic or Latino,Asian,Male,45-54,75.0,Loan originated
1,465000.0,48,555000.0,111.0,1,Not Hispanic or Latino,White,Male,25-34,85.0,Loan originated
1,1025000.0,46,1275000.0,242.0,1,Not Hispanic or Latino,White,Male,25-34,80.0,Loan originated
1,485000.0,49,605000.0,105.0,1,Hispanic or Latino,White,Female,25-34,80.0,Loan originated
1,625000.0,48,775000.0,148.0,1,Not Hispanic or Latino,Asian,Male,25-34,80.0,Loan originated
1,335000.0,46,485000.0,83.0,1,Not Hispanic or Latino,White,Female,65-74,68.75,Loan originated
1,455000.0,44,545000.0,114.0,1,Hispanic or Latino,White,Female,55-64,85.0,Loan originated
1,875000.0,37,1455000.0,366.0,1,Not Hispanic or Latino,Asian,Male,55-64,60.0,Loan originated
1,725000.0,20%-<30%,905000.0,362.0,1,Not Hispanic or Latino,Black or African American,Female,55-64,80.0,Loan originated
1,375000.0,43,415000.0,114.0,1,Hispanic or Latino,White,Female,55-64,90.0,Loan originated
1,285000.0,30%-<36%,625000.0,136.0,1,Not Hispanic or Latino,White,Male,55-64,44.82,Loan originated
1,735000.0,30%-<36%,915000.0,267.0,1,Not Hispanic or Latino,Asian,Male,45-54,79.989,Loan originated
1,565000.0,45,625000.0,185.0,1,Hispanic or Latino,White,Female,25-34,90.756,Loan originated
1,185000.0,39,265000.0,52.0,1,Hispanic or Latino,White,Female,55-64,67.92,Loan originated
1,175000.0,43,575000.0,70.0,1,Hispanic or Latino,American Indian or Alaska Native,Male,35-44,31.292,Loan originated
1,275000.0,45,575000.0,6.0,1,Not Hispanic or Latino,Asian,Male,35-44,47.83,Loan originated
1,295000.0,39,315000.0,134.0,1,Not Hispanic or Latino,Black or African American,Female,25-34,95.0,Application denied
1,325000.0,41,415000.0,80.0,1,Hispanic or Latino,Asian,Male,25-34,80.0,Loan originated
1,515000.0,20%-<30%,735000.0,282.0,1,Not Hispanic or Latino,Asian,Female,35-44,70.0,Loan originated
1,595000.0,41,735000.0,136.0,1,Not Hispanic or Latino,White,Male,25-34,80.0,Loan originated
1,315000.0,47,335000.0,81.0,1,Hispanic or Latino,White,Male,25-34,95.0,Loan originated
1,545000.0,48,595000.0,130.0,1,Not Hispanic or Latino,Asian,Female,35-44,92.0,Loan originated
1,545000.0,42,675000.0,236.0,1,Not Hispanic or Latino,White,Female,55-64,80.0,Application denied
1,405000.0,41,1605000.0,136.0,1,Not Hispanic or Latino,Asian,Female,25-34,24.94,Loan originated
1,545000.0,20%-<30%,575000.0,315.0,1,Not Hispanic or Latino,White,Female,35-44,94.992,Loan originated
1,555000.0,48,585000.0,113.0,1,Not Hispanic or Latino,Asian,Female,35-44,94.884,Loan originated
1,655000.0,<20%,825000.0,348.0,1,Not Hispanic or Latino,White,Male,35-44,80.0,Loan originated
1,315000.0,49,505000.0,67.0,1,Not Hispanic or Latino,White,Male,65-74,62.0,Loan originated
1,615000.0,49,675000.0,154.0,1,Hispanic or Latino,Asian,Male,25-34,89.986,Loan originated
1,375000.0,30%-<36%,565000.0,155.0,1,Not Hispanic or Latino,Asian,Male,35-44,72.0,Loan originated
1,565000.0,49,815000.0,137.0,1,Not Hispanic or Latino,Black or African American,Male,55-64,69.37,Loan originated
1,375000.0,46,385000.0,82.0,1,Not Hispanic or Latino,White,Female,35-44,95.0,Loan originated
1,765000.0,43,1125000.0,166.0,1,Not Hispanic or Latino,Asian,Female,25-34,68.393,Loan originated
1,365000.0,36,385000.0,96.0,1,Hispanic or Latino,White,Male,35-44,95.0,Loan originated
1,265000.0,30%-<36%,315000.0,137.0,1,Hispanic or Latino,White,Female,45-54,85.0,Loan originated
1,135000.0,20%-<30%,135000.0,52.0,1,Hispanic or Latino,White,Female,55-64,95.0,Loan originated
1,635000.0,30%-<36%,655000.0,250.0,1,Not Hispanic or Latino,White,Male,25-34,97.0,Loan originated
1,245000.0,40,355000.0,70.0,1,Not Hispanic or Latino,White,Male,65-74,69.718,Loan originated
1,645000.0,44,675000.0,194.0,1,Not Hispanic or Latino,White,Male,35-44,95.0,Loan originated
1,385000.0,>60%,685000.0,52.0,1,Hispanic or Latino,White,Male,45-54,56.204,Application denied
1,335000.0,20%-<30%,415000.0,140.0,1,Not Hispanic or Latino,White,Male,45-54,80.0,Loan originated
1,705000.0,38,755000.0,203.0,1,Not Hispanic or Latino,Asian,Female,45-54,93.33,Loan originated
1,805000.0,30%-<36%,1605000.0,338.0,1,Not Hispanic or Latino,Asian,Female,25-34,50.0,Loan originated
1,885000.0,20%-<30%,1105000.0,431.0,1,Not Hispanic or Latino,Asian,Female,55-64,80.0,Loan originated
1,565000.0,49,785000.0,110.0,1,Hispanic or Latino,White,Female,45-54,73.0,Loan originated
1,505000.0,39,525000.0,168.0,1,Not Hispanic or Latino,White,Female,25-34,100.0,Loan originated
1,15000.0,50%-60%,285000.0,182.0,1,Hispanic or Latino,White,Male,55-64,100.0,Loan originated
1,495000.0,48,615000.0,143.0,1,Not Hispanic or Latino,White,Male,65-74,80.0,Loan originated
1,285000.0,30%-<36%,305000.0,112.0,1,Not Hispanic or Latino,White,Male,25-34,94.0,Loan originated
1,165000.0,30%-<36%,215000.0,71.0,1,Hispanic or Latino,White,Male,65-74,80.0,Loan originated
1,405000.0,41,455000.0,154.0,1,Not Hispanic or Latino,White,Male,25-34,90.0,Loan originated
1,1045000.0,>60%,1305000.0,180.0,1,Not Hispanic or Latino,Asian,Male,65-74,80.0,Application denied
1,545000.0,43,675000.0,132.0,1,Hispanic or Latino,White,Male,45-54,80.0,Loan originated
1,535000.0,20%-<30%,665000.0,215.0,1,Not Hispanic or Latino,Asian,Female,25-34,80.0,Loan originated
1,355000.0,20%-<30%,375000.0,223.0,1,Not Hispanic or Latino,White,Male,45-54,95.0,Loan originated
1,205000.0,<20%,955000.0,179.0,1,Not Hispanic or Latino,White,Female,55-64,21.053,Loan originated
1,215000.0,45,585000.0,82.0,1,Not Hispanic or Latino,Asian,Male,25-34,37.025,Loan originated
1,595000.0,48,635000.0,131.0,1,Not Hispanic or Latino,White,Female,45-54,95.0,Loan originated
1,465000.0,30%-<36%,495000.0,170.0,1,Not Hispanic or Latino,Black or African American,Male,<25,95.0,Loan originated
1,805000.0,30%-<36%,895000.0,294.0,1,Not Hispanic or Latino,Asian,Female,35-44,90.0,Loan originated
1,415000.0,44,575000.0,108.0,1,Not Hispanic or Latino,Asian,Male,25-34,71.93,Loan originated
1,555000.0,41,1455000.0,155.0,1,Not Hispanic or Latino,White,Male,35-44,37.931,Loan originated
1,475000.0,45,595000.0,150.0,1,Not Hispanic or Latino,White,Male,35-44,80.0,Loan originated
1,555000.0,<20%,625000.0,723.0,1,Hispanic or Latino,White,Male,25-34,90.0,Loan originated
1,355000.0,30%-<36%,375000.0,150.0,1,Not Hispanic or Latino,White,Female,35-44,95.0,Loan originated
1,555000.0,20%-<30%,1295000.0,208.0,1,Not Hispanic or Latino,Asian,Female,45-54,42.497,Loan originated
1,665000.0,49,705000.0,139.0,1,Hispanic or Latino,White,Male,45-54,94.918,Loan originated
1,535000.0,47,555000.0,110.0,1,Not Hispanic or Latino,White,Male,25-34,97.0,Loan originated
1,545000.0,42,575000.0,131.0,1,Hispanic or Latino,White,Male,35-44,95.0,Loan originated
1,795000.0,48,995000.0,170.0,1,Not Hispanic or Latino,White,Male,55-64,80.0,Loan originated
1,345000.0,41,435000.0,83.0,1,Not Hispanic or Latino,Asian,Male,35-44,80.0,Loan originated
1,505000.0,43,785000.0,124.0,1,Not Hispanic or Latino,White,Female,25-34,64.0,Loan originated
1,1005000.0,20%-<30%,2435000.0,437.0,1,Not Hispanic or Latino,White,Male,35-44,41.152,Loan originated
1,415000.0,30%-<36%,575000.0,142.0,1,Not Hispanic or Latino,White,Female,65-74,73.509,Loan originated
1,525000.0,45,745000.0,129.0,1,Not Hispanic or Latino,Asian,Male,65-74,70.0,Loan originated
1,265000.0,44,345000.0,83.0,1,Not Hispanic or Latino,White,Male,>74,75.0,Loan originated
1,155000.0,43,995000.0,74.0,1,Not Hispanic or Latino,Asian,Female,65-74,16.0,Loan originated
1,475000.0,<20%,635000.0,725.0,1,Not Hispanic or Latino,White,Female,45-54,75.0,Loan originated
1,505000.0,20%-<30%,715000.0,177.0,1,Not Hispanic or Latino,Asian,Female,25-34,70.0,Loan originated
1,295000.0,50%-60%,315000.0,73.0,1,Not Hispanic or Latino,White,Female,25-34,95.0,Application denied
1,295000.0,49,445000.0,70.0,1,Not Hispanic or Latino,White,Female,25-34,66.037,Loan originated
1,485000.0,50%-60%,515000.0,112.0,1,Hispanic or Latino,White,Female,35-44,95.0,Application denied
1,555000.0,46,695000.0,267.0,1,Not Hispanic or Latino,Asian,Female,45-54,80.0,Loan originated
1,605000.0,46,675000.0,116.0,1,Not Hispanic or Latino,Asian,Male,35-44,89.99,Loan originated
1,485000.0,30%-<36%,615000.0,180.0,1,Not Hispanic or Latino,White,Female,35-44,80.0,Loan originated
1,275000.0,20%-<30%,475000.0,180.0,1,Hispanic or Latino,American Indian or Alaska Native,Female,45-54,58.0,Loan originated
1,355000.0,30%-<36%,545000.0,136.0,1,Not Hispanic or Latino,White,Male,35-44,64.815,Loan originated
1,515000.0,30%-<36%,645000.0,150.0,1,Not Hispanic or Latino,Asian,Male,25-34,80.0,Loan originated
1,495000.0,20%-<30%,525000.0,285.0,1,Hispanic or Latino,White,Female,55-64,95.0,Loan originated
1,485000.0,49,515000.0,149.0,1,Not Hispanic or Latino,Asian,Female,35-44,95.0,Loan originated
1,685000.0,47,935000.0,185.0,1,Not Hispanic or Latino,White,Male,45-54,73.262,Loan originated
1,265000.0,20%-<30%,435000.0,165.0,1,Not Hispanic or Latino,White,Male,55-64,60.465,Loan originated
1,605000.0,48,855000.0,204.0,1,Not Hispanic or Latino,Asian,Male,35-44,70.589,Loan originated
1,285000.0,47,475000.0,62.0,1,Not Hispanic or Latino,White,Female,45-54,59.999,Loan originated
1,535000.0,38,595000.0,140.0,1,Not Hispanic or Latino,White,Male,25-34,90.0,Loan originated
1,605000.0,45,645000.0,179.0,1,Not Hispanic or Latino,White,Male,35-44,95.0,Loan originated
1,455000.0,46,565000.0,102.0,1,Not Hispanic or Latino,White,Female,25-34,80.0,Loan originated
1,485000.0,47,505000.0,127.0,1,Hispanic or Latino,White,Male,25-34,100.0,Loan originated
1,465000.0,50%-60%,575000.0,133.0,1,Not Hispanic or Latino,White,Female,55-64,80.0,Loan originated
1,625000.0,44,955000.0,150.0,1,Not Hispanic or Latino,White,Male,25-34,64.99,Loan originated
1,565000.0,30%-<36%,765000.0,175.0,1,Not Hispanic or Latino,Asian,Female,35-44,73.856,Loan originated
1,515000.0,20%-<30%,545000.0,231.0,1,Not Hispanic or Latino,Native Hawaiian or Other Pacific Islander,Male,45-54,95.0,Loan originated
1,465000.0,40,505000.0,165.0,1,Hispanic or Latino,White,Female,25-34,93.0,Application denied
1,525000.0,49,1155000.0,151.0,1,Not Hispanic or Latino,White,Female,35-44,45.65,Loan originated
1,315000.0,20%-<30%,765000.0,154.0,1,Not Hispanic or Latino,White,Male,65-74,41.406,Loan originated
1,625000.0,20%-<30%,775000.0,260.0,1,Not Hispanic or Latino,Asian,Female,45-54,80.0,Loan originated
1,465000.0,20%-<30%,585000.0,234.0,1,Not Hispanic or Latino,White,Female,55-64,80.0,Loan originated
1,485000.0,>60%,605000.0,79.0,1,Not Hispanic or Latino,Asian,Male,35-44,80.0,Application denied
1,505000.0,49,555000.0,152.0,1,Not Hispanic or Latino,White,Female,25-34,92.0,Loan originated
1,855000.0,50%-60%,905000.0,157.0,1,Hispanic or Latino,White,Male,45-54,95.0,Loan originated
1,95000.0,38,295000.0,117.0,1,Not Hispanic or Latino,White,Female,65-74,30.89,Loan originated
1,655000.0,44,1655000.0,163.0,1,Not Hispanic or Latino,White,Female,55-64,39.39,Loan originated
1,285000.0,30%-<36%,425000.0,151.0,1,Not Hispanic or Latino,White,Male,45-54,67.143,Loan originated
1,225000.0,48,725000.0,253.0,1,Not Hispanic or Latino,White,Female,25-34,31.04,Loan originated
1,435000.0,41,535000.0,166.0,1,Hispanic or Latino,White,Male,45-54,80.0,Loan originated
1,245000.0,43,305000.0,79.0,1,Hispanic or Latino,White,Male,35-44,80.0,Loan originated
1,455000.0,47,775000.0,271.0,1,Not Hispanic or Latino,Black or African American,Female,35-44,58.065,Loan originated
1,725000.0,<20%,905000.0,606.0,1,Hispanic or Latino,White,Male,45-54,80.0,Loan originated
1,765000.0,20%-<30%,975000.0,824.0,1,Not Hispanic or Latino,White,Male,55-64,79.0,Loan originated
1,735000.0,38,815000.0,448.0,1,Not Hispanic or Latino,Native Hawaiian or Other Pacific Islander,Male,45-54,90.0,Loan originated
1,255000.0,<20%,645000.0,0.0,1,Not Hispanic or Latino,White,Male,55-64,38.521,Application denied
1,425000.0,42,535000.0,152.0,1,Hispanic or Latino,White,Male,35-44,80.0,Loan originated
1,755000.0,44,845000.0,174.0,1,Not Hispanic or Latino,White,Male,55-64,90.0,Loan originated
1,325000.0,43,405000.0,186.0,1,Not Hispanic or Latino,Asian,Male,35-44,80.0,Loan originated
1,765000.0,46,955000.0,168.0,1,Not Hispanic or Latino,White,Male,25-34,83.416,Loan originated
1,755000.0,47,1255000.0,243.0,1,Not Hispanic or Latino,White,Male,55-64,60.0,Loan originated
1,715000.0,49,895000.0,223.0,1,Not Hispanic or Latino,White,Female,45-54,80.0,Application denied
1,485000.0,30%-<36%,615000.0,152.0,1,Not Hispanic or Latino,Asian,Male,25-34,80.0,Loan originated
1,205000.0,39,575000.0,82.0,1,Not Hispanic or Latino,White,Female,35-44,36.0,Loan originated
1,945000.0,37,1045000.0,244.0,1,Not Hispanic or Latino,Black or African American,Male,45-54,90.0,Loan originated
1,375000.0,40,395000.0,136.0,1,Not Hispanic or Latino,Native Hawaiian or Other Pacific Islander,Male,25-34,97.0,Loan originated
1,395000.0,49,415000.0,130.0,1,Not Hispanic or Latino,Native Hawaiian or Other Pacific Islander,Male,25-34,95.0,Loan originated
1,495000.0,45,625000.0,134.0,1,Hispanic or Latino,White,Male,45-54,80.0,Loan originated
1,215000.0,46,385000.0,73.0,1,Hispanic or Latino,White,Female,25-34,55.263,Loan originated
1,985000.0,39,1225000.0,294.0,1,Not Hispanic or Latino,Asian,Female,35-44,79.992,Loan originated
1,165000.0,20%-<30%,345000.0,110.0,1,Hispanic or Latino,American Indian or Alaska Native,Female,55-64,47.059,Loan originated
1,415000.0,42,445000.0,98.0,1,Hispanic or Latino,White,Male,25-34,95.0,Loan originated
1,305000.0,49,1135000.0,99.0,1,Not Hispanic or Latino,White,Female,65-74,26.43,Loan originated
1,255000.0,45,255000.0,108.0,1,Not Hispanic or Latino,Black or African American,Male,25-34,100.0,Loan originated
1,285000.0,49,325000.0,101.0,1,Not Hispanic or Latino,Black or African American,Male,25-34,88.0,Loan originated
1,525000.0,30%-<36%,695000.0,202.0,1,Not Hispanic or Latino,Asian,Female,25-34,75.0,Application denied
1,565000.0,20%-<30%,635000.0,424.0,1,Hispanic or Latino,White,Female,35-44,90.0,Loan originated
1,335000.0,20%-<30%,425000.0,142.0,1,Not Hispanic or Latino,Asian,Male,35-44,80.0,Loan originated
1,555000.0,49,695000.0,136.0,1,Not Hispanic or Latino,Asian,Male,25-34,80.0,Loan originated
1,575000.0,49,755000.0,116.0,1,Hispanic or Latino,White,Male,35-44,80.0,Loan originated
1,585000.0,47,735000.0,198.0,1,Not Hispanic or Latino,White,Male,45-54,79.93,Loan originated
1,835000.0,44,985000.0,195.0,1,Not Hispanic or Latino,White,Male,25-34,85.0,Loan originated
1,415000.0,39,925000.0,119.0,1,Not Hispanic or Latino,White,Male,55-64,45.277,Loan originated
1,95000.0,49,165000.0,55.0,1,Not Hispanic or Latino,White,Female,65-74,56.25,Loan originated
1,1105000.0,44,1505000.0,248.0,1,Not Hispanic or Latino,Asian,Female,25-34,73.34,Loan originated
1,425000.0,48,505000.0,91.0,1,Not Hispanic or Latino,White,Female,35-44,85.0,Loan originated
1,455000.0,43,655000.0,260.0,1,Not Hispanic or Latino,Asian,Male,35-44,69.517,Loan originated
1,525000.0,41,695000.0,146.0,1,Not Hispanic or Latino,Asian,Male,35-44,75.0,Loan originated
1,665000.0,<20%,665000.0,342.0,1,Not Hispanic or Latino,Asian,Female,25-34,100.0,Loan originated
1,885000.0,44,985000.0,252.0,1,Not Hispanic or Latino,White,Female,55-64,90.0,Loan originated
1,425000.0,>60%,765000.0,151.0,1,Not Hispanic or Latino,Asian,Female,25-34,55.73,Loan originated
1,315000.0,20%-<30%,425000.0,147.0,1,Not Hispanic or Latino,White,Male,35-44,75.0,Loan originated
1,305000.0,47,365000.0,67.0,1,Hispanic or Latino,White,Female,25-34,104.0,Loan originated
1,735000.0,30%-<36%,1535000.0,261.0,1,Not Hispanic or Latino,Asian,Female,25-34,47.712,Loan originated
1,425000.0,48,565000.0,97.0,1,Hispanic or Latino,Asian,Male,25-34,75.0,Loan originated
1,445000.0,49,495000.0,123.0,1,Not Hispanic or Latino,Asian,Male,45-54,90.0,Loan originated
1,315000.0,38,345000.0,82.0,1,Not Hispanic or Latino,Asian,Male,25-34,90.0,Loan originated
1,335000.0,42,515000.0,89.0,1,Not Hispanic or Latino,White,Female,55-64,102.745,Loan originated
1,175000.0,20%-<30%,215000.0,68.0,1,Hispanic or Latino,White,Female,25-34,80.0,Loan originated
1,355000.0,20%-<30%,415000.0,186.0,1,Not Hispanic or Latino,White,Female,35-44,85.0,Loan originated
1,955000.0,>60%,1185000.0,2.0,1,Not Hispanic or Latino,White,Female,35-44,80.0,Loan originated
1,315000.0,<20%,365000.0,219.0,1,Not Hispanic or Latino,Asian,Female,45-54,86.301,Loan originated
1,635000.0,47,755000.0,219.0,1,Not Hispanic or Latino,Asian,Male,35-44,85.0,Loan originated
1,465000.0,50%-60%,485000.0,103.0,1,Not Hispanic or Latino,Asian,Male,35-44,95.0,Application denied
1,435000.0,46,445000.0,129.0,1,Not Hispanic or Latino,White,Female,25-34,100.0,Loan originated
1,385000.0,50%-60%,485000.0,91.0,1,Not Hispanic or Latino,Asian,Male,35-44,90.0,Application denied
1,505000.0,42,2055000.0,178.0,1,Not Hispanic or Latino,White,Female,65-74,24.39,Loan originated
1,655000.0,49,775000.0,162.0,1,Not Hispanic or Latino,White,Female,65-74,85.0,Loan originated
1,305000.0,20%-<30%,505000.0,112.0,1,Not Hispanic or Latino,White,Male,25-34,60.341,Loan originated
1,325000.0,49,455000.0,62.0,1,Not Hispanic or Latino,Asian,Male,55-64,77.0,Loan originated
1,765000.0,40,885000.0,202.0,1,Not Hispanic or Latino,White,Female,35-44,86.806,Loan originated
1,355000.0,49,375000.0,75.0,1,Not Hispanic or Latino,White,Male,55-64,95.0,Loan originated
1,705000.0,40,1155000.0,189.0,1,Not Hispanic or Latino,Asian,Female,>74,61.0,Loan originated
1,255000.0,44,1025000.0,142.0,1,Not Hispanic or Latino,White,Male,55-64,24.51,Loan originated
1,595000.0,46,745000.0,158.0,1,Not Hispanic or Latino,Asian,Male,25-34,80.0,Loan originated
1,565000.0,49,715000.0,118.0,1,Not Hispanic or Latino,Asian,Male,25-34,100.0,Application denied
1,135000.0,46,685000.0,148.0,1,Not Hispanic or Latino,White,Female,25-34,100.0,Loan originated
1,705000.0,44,1325000.0,202.0,1,Not Hispanic or Latino,White,Male,25-34,53.03,Loan originated
1,1025000.0,41,1285000.0,241.0,1,Not Hispanic or Latino,White,Male,55-64,80.0,Loan originated
1,575000.0,30%-<36%,875000.0,183.0,1,Not Hispanic or Latino,White,Male,25-34,65.52,Loan originated
1,405000.0,20%-<30%,615000.0,185.0,1,Not Hispanic or Latino,White,Male,45-54,65.04,Loan originated
1,965000.0,39,1205000.0,594.0,1,Not Hispanic or Latino,White,Male,35-44,80.0,Loan originated
1,375000.0,39,435000.0,96.0,1,Not Hispanic or Latino,White,Female,35-44,90.338,Loan originated
1,675000.0,30%-<36%,715000.0,202.0,1,Not Hispanic or Latino,Asian,Female,25-34,95.0,Loan originated
1,495000.0,36,555000.0,143.0,1,Hispanic or Latino,White,Male,35-44,90.0,Loan originated
1,475000.0,30%-<36%,595000.0,125.0,1,Not Hispanic or Latino,White,Female,55-64,80.0,Loan originated
1,275000.0,41,675000.0,73.0,1,Not Hispanic or Latino,White,Male,35-44,40.299,Loan originated
1,585000.0,30%-<36%,725000.0,249.0,1,Not Hispanic or Latino,Asian,Female,35-44,80.0,Loan originated
1,435000.0,30%-<36%,735000.0,174.0,1,Not Hispanic or Latino,Asian,Male,35-44,58.905,Loan originated
1,745000.0,39,995000.0,186.0,1,Hispanic or Latino,White,Male,25-34,75.0,Loan originated
1,495000.0,49,695000.0,107.0,1,Not Hispanic or Latino,White,Female,35-44,71.68,Loan originated
1,345000.0,48,455000.0,95.0,1,Hispanic or Latino,White,Female,25-34,75.556,Loan originated
1,175000.0,49,645000.0,54.0,1,Not Hispanic or Latino,White,Female,55-64,27.322,Loan originated
1,415000.0,30%-<36%,475000.0,120.0,1,Hispanic or Latino,White,Male,25-34,88.0,Loan originated
1,555000.0,40,905000.0,149.0,1,Not Hispanic or Latino,Asian,Female,35-44,79.71,Loan originated
1,565000.0,41,595000.0,171.0,1,Hispanic or Latino,Black or African American,Male,55-64,95.0,Loan originated
1,465000.0,49,585000.0,88.0,1,Not Hispanic or Latino,Asian,Male,35-44,79.558,Loan originated
1,1005000.0,20%-<30%,2725000.0,600.0,1,Not Hispanic or Latino,Asian,Male,45-54,36.7,Application denied
1,305000.0,40,405000.0,81.0,1,Not Hispanic or Latino,Asian,Female,25-34,75.0,Loan originated
1,705000.0,20%-<30%,1655000.0,310.0,1,Not Hispanic or Latino,Asian,Male,45-54,42.424,Loan originated
1,515000.0,30%-<36%,645000.0,137.0,1,Hispanic or Latino,White,Female,25-34,80.0,Loan originated
1,475000.0,49,505000.0,128.0,1,Not Hispanic or Latino,White,Male,25-34,95.0,Loan originated
1,805000.0,30%-<36%,955000.0,236.0,1,Not Hispanic or Latino,Asian,Male,35-44,85.0,Loan originated
1,345000.0,38,445000.0,79.0,1,Not Hispanic or Latino,White,Female,35-44,78.369,Loan originated
1,675000.0,50%-60%,755000.0,149.0,1,Not Hispanic or Latino,Asian,Female,25-34,89.99,Loan originated
1,765000.0,30%-<36%,1675000.0,280.0,1,Not Hispanic or Latino,White,Female,25-34,45.764,Loan originated
1,645000.0,20%-<30%,805000.0,234.0,1,Hispanic or Latino,White,Female,35-44,80.0,Loan originated
1,655000.0,41,735000.0,157.0,1,Not Hispanic or Latino,Asian,Male,35-44,89.99,Loan originated
1,265000.0,30%-<36%,325000.0,127.0,1,Not Hispanic or Latino,White,Female,35-44,80.0,Loan originated
1,555000.0,43,585000.0,150.0,1,Not Hispanic or Latino,Asian,Female,45-54,94.996,Loan originated
1,225000.0,49,315000.0,62.0,1,Hispanic or Latino,White,Female,55-64,104.1,Loan originated
1,545000.0,30%-<36%,2035000.0,225.0,1,Not Hispanic or Latino,Asian,Male,25-34,26.847,Loan originated
1,55000.0,<20%,55000.0,78.0,1,Not Hispanic or Latino,White,Female,45-54,94.999,Loan originated
1,175000.0,48,205000.0,74.0,1,Hispanic or Latino,White,Female,45-54,85.0,Loan originated
1,375000.0,38,965000.0,123.0,1,Not Hispanic or Latino,White,Male,55-64,39.0,Loan originated
1,805000.0,42,3975000.0,240.0,1,Not Hispanic or Latino,White,Female,45-54,20.116,Loan originated
1,45000.0,49,65000.0,48.0,1,Not Hispanic or Latino,White,Male,25-34,73.07,Application denied
1,445000.0,49,565000.0,92.0,1,Hispanic or Latino,White,Female,35-44,80.0,Loan originated
1,715000.0,42,1025000.0,257.0,1,Not Hispanic or Latino,Asian,Male,25-34,70.0,Loan originated
1,655000.0,30%-<36%,1045000.0,313.0,1,Not Hispanic or Latino,Asian,Female,45-54,62.037,Loan originated
1,885000.0,42,985000.0,230.0,1,Not Hispanic or Latino,Asian,Male,35-44,90.0,Loan originated
1,305000.0,48,315000.0,91.0,1,Not Hispanic or Latino,Asian,Male,25-34,98.958,Application denied
1,675000.0,46,715000.0,155.0,1,Not Hispanic or Latino,White,Female,25-34,95.0,Loan originated
1,695000.0,41,725000.0,180.0,1,Hispanic or Latino,White,Male,25-34,97.0,Loan originated
1,285000.0,49,305000.0,67.0,1,Hispanic or Latino,White,Female,45-54,94.098,Loan originated
1,225000.0,41,235000.0,56.0,1,Hispanic or Latino,White,Female,25-34,97.0,Loan originated
1,885000.0,44,1105000.0,206.0,1,Not Hispanic or Latino,White,Male,35-44,80.0,Loan originated
1,305000.0,<20%,455000.0,426.0,1,Hispanic or Latino,White,Male,45-54,67.033,Loan originated
1,475000.0,30%-<36%,505000.0,413.0,1,Hispanic or Latino,White,Female,<25,95.0,Loan originated
1,425000.0,47,525000.0,236.0,1,Not Hispanic or Latino,Asian,Male,45-54,80.0,Loan originated
1,285000.0,48,565000.0,66.0,1,Not Hispanic or Latino,White,Female,45-54,49.646,Loan originated
1,75000.0,<20%,1005000.0,300.0,1,Not Hispanic or Latino,White,Male,55-64,7.0,Application denied
1,165000.0,20%-<30%,235000.0,131.0,1,Hispanic or Latino,White,Female,45-54,70.0,Loan originated
1,235000.0,36,285000.0,102.0,1,Not Hispanic or Latino,White,Male,55-64,80.0,Loan originated
1,1125000.0,30%-<36%,1405000.0,510.0,1,Not Hispanic or Latino,Asian,Female,35-44,80.0,Loan originated
1,255000.0,30%-<36%,765000.0,96.0,1,Not Hispanic or Latino,Asian,Female,35-44,33.015,Loan originated
1,525000.0,44,995000.0,189.0,1,Not Hispanic or Latino,White,Female,55-64,52.05,Loan originated
1,635000.0,45,705000.0,183.0,1,Hispanic or Latino,White,Male,25-34,90.0,Loan originated
1,445000.0,48,595000.0,109.0,1,Hispanic or Latino,White,Female,45-54,75.0,Loan originated
1,255000.0,45,405000.0,60.0,1,Not Hispanic or Latino,Black or African American,Male,25-34,89.0,Loan originated
1,295000.0,30%-<36%,415000.0,117.0,1,Not Hispanic or Latino,Asian,Female,25-34,71.084,Application denied
1,375000.0,44,415000.0,87.0,1,Hispanic or Latino,White,Female,25-34,90.0,Loan originated
1,495000.0,43,495000.0,155.0,1,Hispanic or Latino,White,Male,35-44,100.0,Loan originated
1,145000.0,20%-<30%,185000.0,90.0,1,Hispanic or Latino,White,Male,35-44,80.0,Loan originated
1,655000.0,20%-<30%,825000.0,235.0,1,Hispanic or Latino,Asian,Male,45-54,80.0,Loan originated
1,235000.0,45,275000.0,60.0,1,Hispanic or Latino,White,Male,45-54,97.23,Loan originated
1,475000.0,48,485000.0,121.0,1,Not Hispanic or Latino,White,Female,45-54,97.0,Loan originated
1,495000.0,20%-<30%,555000.0,317.0,1,Hispanic or Latino,White,Female,45-54,90.0,Loan originated
1,925000.0,38,1225000.0,218.0,1,Not Hispanic or Latino,Asian,Male,35-44,75.59,Loan originated
1,355000.0,41,385000.0,165.0,1,Not Hispanic or Latino,White,Male,35-44,90.0,Loan originated
1,765000.0,43,845000.0,165.0,1,Not Hispanic or Latino,Asian,Male,25-34,90.0,Loan originated
1,245000.0,20%-<30%,615000.0,141.0,1,Hispanic or Latino,White,Male,65-74,40.0,Loan originated
1,695000.0,30%-<36%,735000.0,207.0,1,Not Hispanic or Latino,Asian,Male,35-44,95.0,Loan originated
1,315000.0,<20%,515000.0,158.0,1,Hispanic or Latino,White,Male,25-34,61.08,Loan originated
1,655000.0,44,725000.0,202.0,1,Not Hispanic or Latino,Asian,Female,35-44,90.0,Loan originated
1,145000.0,38,245000.0,67.0,1,Not Hispanic or Latino,White,Female,25-34,59.839,Loan originated
1,625000.0,30%-<36%,885000.0,193.0,1,Not Hispanic or Latino,Asian,Female,35-44,70.0,Loan originated
1,385000.0,47,695000.0,90.0,1,Not Hispanic or Latino,Asian,Female,25-34,56.38,Loan originated
1,875000.0,48,945000.0,274.0,1,Hispanic or Latino,2 or more minority races,Male,35-44,93.085,Loan originated
1,265000.0,47,275000.0,71.0,1,Not Hispanic or Latino,White,Male,25-34,97.0,Loan originated
1,455000.0,44,855000.0,192.0,1,Not Hispanic or Latino,Asian,Female,35-44,53.488,Application denied
1,175000.0,37,985000.0,81.0,1,Not Hispanic or Latino,White,Female,25-34,17.766,Loan originated
1,345000.0,20%-<30%,385000.0,148.0,1,Not Hispanic or Latino,Asian,Female,45-54,90.0,Loan originated
1,545000.0,30%-<36%,685000.0,217.0,1,Not Hispanic or Latino,Asian,Male,35-44,80.0,Loan originated
1,505000.0,30%-<36%,665000.0,464.0,1,Not Hispanic or Latino,Asian,Male,45-54,75.0,Loan originated
1,515000.0,<20%,565000.0,270.0,1,Not Hispanic or Latino,White,Male,35-44,90.0,Loan originated
1,225000.0,20%-<30%,285000.0,107.0,1,Not Hispanic or Latino,White,Male,55-64,80.0,Loan originated
1,245000.0,<20%,615000.0,284.0,1,Not Hispanic or Latino,White,Male,55-64,39.418,Loan originated
1,355000.0,43,1105000.0,112.0,1,Not Hispanic or Latino,White,Female,65-74,32.06,Application denied
1,485000.0,47,515000.0,115.0,1,Hispanic or Latino,White,Female,25-34,95.0,Loan originated
1,495000.0,49,515000.0,151.0,1,Hispanic or Latino,White,Male,45-54,95.0,Loan originated
1,495000.0,42,555000.0,108.0,1,Not Hispanic or Latino,White,Male,35-44,89.189,Loan originated
1,345000.0,44,385000.0,99.0,1,Hispanic or Latino,White,Male,25-34,90.0,Loan originated
1,615000.0,<20%,765000.0,456.0,1,Not Hispanic or Latino,Asian,Female,45-54,80.0,Loan originated
1,225000.0,30%-<36%,595000.0,90.0,1,Not Hispanic or Latino,White,Female,55-64,38.136,Loan originated
1,205000.0,50%-60%,225000.0,76.0,1,Not Hispanic or Latino,Asian,Male,55-64,95.0,Application denied
1,405000.0,43,505000.0,128.0,1,Not Hispanic or Latino,Black or African American,Female,55-64,80.0,Loan originated
1,995000.0,36,1245000.0,300.0,1,Not Hispanic or Latino,Asian,Male,25-34,80.0,Loan originated
1,215000.0,40,465000.0,60.0,1,Not Hispanic or Latino,White,Male,55-64,45.652,Loan originated
1,825000.0,30%-<36%,1095000.0,243.0,1,Not Hispanic or Latino,White,Male,65-74,75.0,Loan originated
1,575000.0,48,635000.0,115.0,1,Hispanic or Latino,White,Female,35-44,94.0,Loan originated
1,455000.0,40,735000.0,190.0,1,Not Hispanic or Latino,Asian,Male,25-34,60.992,Loan originated
1,235000.0,42,295000.0,60.0,1,Not Hispanic or Latino,White,Male,35-44,80.0,Loan originated
1,195000.0,48,275000.0,77.0,1,Hispanic or Latino,White,Male,25-34,70.92,Application denied
1,295000.0,38,355000.0,72.0,1,Hispanic or Latino,White,Female,25-34,84.86,Loan originated
1,605000.0,49,755000.0,122.0,1,Not Hispanic or Latino,Asian,Male,25-34,83.0,Loan originated
1,575000.0,41,625000.0,154.0,1,Not Hispanic or Latino,Black or African American,Male,55-64,92.0,Loan originated
1,235000.0,49,245000.0,68.0,1,Not Hispanic or Latino,White,Female,65-74,97.0,Loan originated
1,675000.0,>60%,845000.0,143.0,1,Not Hispanic or Latino,Asian,Male,45-54,80.0,Application denied
1,525000.0,48,625000.0,112.0,1,Not Hispanic or Latino,White,Male,25-34,85.0,Loan originated
1,445000.0,49,555000.0,86.0,1,Not Hispanic or Latino,Asian,Male,35-44,79.86,Loan originated
1,395000.0,46,535000.0,87.0,1,Not Hispanic or Latino,White,Male,35-44,75.0,Loan originated
1,405000.0,30%-<36%,455000.0,129.0,1,Hispanic or Latino,White,Male,35-44,90.0,Loan originated
1,35000.0,30%-<36%,55000.0,48.0,1,Hispanic or Latino,White,Male,45-54,65.0,Loan originated
1,855000.0,37,1075000.0,227.0,1,Not Hispanic or Latino,Asian,Male,25-34,80.0,Loan originated
1,1095000.0,40,1565000.0,290.0,1,Not Hispanic or Latino,Asian,Male,35-44,70.0,Loan originated
1,75000.0,20%-<30%,395000.0,58.0,1,Not Hispanic or Latino,White,Female,65-74,19.108,Loan originated
1,505000.0,39,1175000.0,140.0,1,Not Hispanic or Latino,Asian,Male,55-64,42.411,Loan originated
1,175000.0,49,185000.0,73.0,1,Not Hispanic or Latino,White,Female,45-54,97.0,Application denied
1,1005000.0,50%-60%,1185000.0,170.0,1,Not Hispanic or Latino,Asian,Female,25-34,85.0,Application denied
1,525000.0,40,585000.0,201.0,1,Hispanic or Latino,White,Male,35-44,89.99,Loan originated
1,735000.0,30%-<36%,915000.0,249.0,1,Not Hispanic or Latino,White,Female,55-64,90.0,Loan originated
1,515000.0,46,645000.0,130.0,1,Not Hispanic or Latino,White,Female,55-64,80.0,Loan originated
1,805000.0,20%-<30%,1355000.0,270.0,1,Not Hispanic or Latino,Asian,Male,25-34,59.259,Loan originated
1,105000.0,30%-<36%,135000.0,55.0,1,Not Hispanic or Latino,Asian,Male,45-54,80.0,Loan originated
1,785000.0,48,985000.0,209.0,1,Not Hispanic or Latino,Asian,Male,45-54,80.0,Loan originated
1,365000.0,47,455000.0,72.0,1,Hispanic or Latino,White,Female,35-44,80.0,Loan originated
1,1055000.0,44,1325000.0,262.0,1,Not Hispanic or Latino,Asian,Male,25-34,80.0,Loan originated
1,225000.0,30%-<36%,255000.0,150.0,1,Not Hispanic or Latino,White,Female,>74,90.0,Loan originated
1,485000.0,43,615000.0,183.0,1,Not Hispanic or Latino,White,Male,25-34,80.0,Loan originated
1,655000.0,44,945000.0,158.0,1,Not Hispanic or Latino,White,Female,25-34,69.644,Loan originated
1,305000.0,49,315000.0,69.0,1,Hispanic or Latino,White,Female,35-44,94.33,Loan originated
1,555000.0,47,695000.0,193.0,1,Not Hispanic or Latino,Asian,Male,25-34,80.0,Loan originated
1,535000.0,48,565000.0,166.0,1,Hispanic or Latino,White,Female,35-44,95.0,Loan originated
1,655000.0,40,1155000.0,167.0,1,Not Hispanic or Latino,Asian,Male,35-44,56.522,Loan originated
1,375000.0,45,525000.0,101.0,1,Not Hispanic or Latino,White,Male,25-34,71.429,Loan originated
1,525000.0,46,665000.0,143.0,1,Not Hispanic or Latino,White,Female,45-54,80.0,Loan originated
1,255000.0,30%-<36%,655000.0,116.0,1,Hispanic or Latino,White,Female,45-54,38.47,Loan originated
1,115000.0,44,535000.0,38.0,1,Hispanic or Latino,White,Female,45-54,21.258,Loan originated
1,545000.0,38,1025000.0,156.0,1,Not Hispanic or Latino,Asian,Male,35-44,100.488,Loan originated
1,555000.0,47,1045000.0,152.0,1,Not Hispanic or Latino,Asian,Male,45-54,53.32,Loan originated
1,705000.0,42,2205000.0,235.0,1,Not Hispanic or Latino,White,Female,25-34,31.818,Loan originated
1,155000.0,<20%,745000.0,156.0,1,Not Hispanic or Latino,White,Female,>74,20.069,Loan originated
1,305000.0,>60%,385000.0,46.0,1,Hispanic or Latino,White,Male,35-44,80.0,Application denied
1,155000.0,38,535000.0,67.0,1,Not Hispanic or Latino,Asian,Female,>74,28.29,Loan originated
1,755000.0,47,1775000.0,186.0,1,Not Hispanic or Latino,White,Female,35-44,42.254,Loan originated
1,35000.0,42,55000.0,105.0,1,Not Hispanic or Latino,White,Male,65-74,66.65,Loan originated
1,655000.0,49,725000.0,142.0,1,Not Hispanic or Latino,Asian,Female,25-34,90.0,Loan originated
1,805000.0,38,905000.0,310.0,1,Hispanic or Latino,White,Male,25-34,89.89,Loan originated
1,745000.0,40,1095000.0,249.0,1,Hispanic or Latino,White,Male,35-44,68.179,Loan originated
1,625000.0,49,745000.0,175.0,1,Hispanic or Latino,White,Male,25-34,85.01,Loan originated
1,265000.0,>60%,315000.0,59.0,1,Not Hispanic or Latino,Black or African American,Female,55-64,83.861,Application denied
1,875000.0,41,1005000.0,216.0,1,Not Hispanic or Latino,Asian,Male,35-44,87.0,Loan originated
1,405000.0,48,445000.0,110.0,1,Not Hispanic or Latino,Black or African American,Male,35-44,92.0,Loan originated
1,505000.0,48,535000.0,121.0,1,Hispanic or Latino,American Indian or Alaska Native,Female,45-54,96.0,Loan originated
1,595000.0,30%-<36%,895000.0,212.0,1,Hispanic or Latino,White,Female,45-54,67.0,Loan originated
1,635000.0,41,675000.0,175.0,1,Not Hispanic or Latino,Asian,Male,25-34,95.0,Loan originated
1,755000.0,47,945000.0,150.0,1,Not Hispanic or Latino,White,Male,25-34,80.0,Loan originated
1,395000.0,49,415000.0,75.0,1,Not Hispanic or Latino,Asian,Female,<25,95.0,Loan originated
1,555000.0,44,2075000.0,155.0,1,Not Hispanic or Latino,Asian,Male,25-34,26.52,Loan originated
1,215000.0,49,475000.0,49.0,1,Hispanic or Latino,White,Female,45-54,47.0,Loan originated
1,405000.0,47,445000.0,100.0,1,Not Hispanic or Latino,White,Male,25-34,90.0,Loan originated
1,365000.0,39,385000.0,105.0,1,Not Hispanic or Latino,Asian,Male,25-34,95.0,Loan originated
1,635000.0,>60%,795000.0,249.0,1,Not Hispanic or Latino,Asian,Male,35-44,80.0,Application denied
1,495000.0,41,855000.0,116.0,1,Not Hispanic or Latino,Black or African American,Male,55-64,57.647,Loan originated
1,335000.0,45,415000.0,68.0,1,Hispanic or Latino,White,Male,45-54,80.0,Loan originated
1,455000.0,20%-<30%,615000.0,182.0,1,Not Hispanic or Latino,Asian,Female,25-34,75.0,Loan originated
1,395000.0,39,405000.0,145.0,1,Not Hispanic or Latino,White,Male,25-34,97.0,Loan originated
1,645000.0,30%-<36%,865000.0,318.0,1,Not Hispanic or Latino,White,Male,35-44,75.0,Loan originated
1,355000.0,46,515000.0,88.0,1,Hispanic or Latino,American Indian or Alaska Native,Male,45-54,67.961,Loan originated
1,325000.0,40,335000.0,97.0,1,Hispanic or Latino,White,Female,55-64,97.0,Loan originated
1,445000.0,49,565000.0,121.0,1,Not Hispanic or Latino,White,Female,65-74,79.0,Loan originated
1,765000.0,20%-<30%,1605000.0,627.0,1,Not Hispanic or Latino,Asian,Female,35-44,47.5,Loan originated
1,245000.0,49,295000.0,57.0,1,Hispanic or Latino,White,Male,35-44,85.0,Loan originated
1,665000.0,36,705000.0,185.0,1,Not Hispanic or Latino,White,Female,45-54,95.0,Application denied
1,555000.0,>60%,585000.0,161.0,1,Not Hispanic or Latino,Asian,Male,45-54,95.0,Application denied
1,725000.0,45,805000.0,148.0,1,Not Hispanic or Latino,Asian,Male,35-44,89.99,Loan originated
1,395000.0,49,495000.0,81.0,1,Hispanic or Latino,White,Male,<25,83.0,Loan originated
1,375000.0,42,385000.0,111.0,1,Not Hispanic or Latino,Asian,Male,35-44,96.11,Loan originated
1,905000.0,42,1005000.0,288.0,1,Not Hispanic or Latino,Asian,Female,35-44,90.0,Loan originated
1,555000.0,20%-<30%,695000.0,212.0,1,Not Hispanic or Latino,White,Male,35-44,80.0,Loan originated
1,495000.0,38,675000.0,126.0,1,Not Hispanic or Latino,White,Female,45-54,73.185,Loan originated
1,295000.0,44,305000.0,62.0,1,Hispanic or Latino,White,Male,<25,95.0,Loan originated
1,755000.0,43,1915000.0,411.0,1,Not Hispanic or Latino,White,Female,45-54,39.164,Loan originated
1,345000.0,40,695000.0,172.0,1,Not Hispanic or Latino,White,Male,55-64,48.641,Loan originated
1,575000.0,47,605000.0,159.0,1,Not Hispanic or Latino,White,Male,25-34,95.0,Loan originated
1,275000.0,<20%,365000.0,68.0,1,Hispanic or Latino,White,Female,<25,75.0,Application denied
1,895000.0,42,995000.0,235.0,1,Not Hispanic or Latino,Asian,Female,25-34,90.0,Loan originated
1,245000.0,<20%,1245000.0,224.0,1,Not Hispanic or Latino,White,Male,55-64,20.0,Loan originated
1,735000.0,49,975000.0,208.0,1,Not Hispanic or Latino,Asian,Male,45-54,75.0,Application denied
1,155000.0,<20%,1155000.0,241.0,1,Not Hispanic or Latino,White,Male,25-34,100.0,Loan originated
1,665000.0,45,1265000.0,164.0,1,Not Hispanic or Latino,Asian,Male,25-34,62.45,Loan originated
1,355000.0,45,595000.0,113.0,1,Not Hispanic or Latino,White,Female,>74,58.72,Loan originated
1,15000.0,38,515000.0,126.0,1,Not Hispanic or Latino,Asian,Male,35-44,100.0,Loan originated
1,405000.0,44,765000.0,99.0,1,Not Hispanic or Latino,White,Female,>74,52.52,Loan originated
1,175000.0,47,1155000.0,88.0,1,Not Hispanic or Latino,White,Male,55-64,14.783,Loan originated
1,485000.0,50%-60%,625000.0,101.0,1,Hispanic or Latino,White,Female,45-54,77.419,Application denied
1,375000.0,20%-<30%,465000.0,189.0,1,Hispanic or Latino,White,Male,35-44,80.0,Loan originated
1,605000.0,20%-<30%,765000.0,374.0,1,Hispanic or Latino,White,Male,45-54,80.0,Loan originated
1,305000.0,48,605000.0,104.0,1,Not Hispanic or Latino,White,Male,25-34,49.79,Loan originated
1,475000.0,30%-<36%,505000.0,132.0,1,Not Hispanic or Latino,White,Male,35-44,95.0,Loan originated
1,695000.0,48,865000.0,134.0,1,Not Hispanic or Latino,White,Male,25-34,80.0,Loan originated
1,765000.0,49,885000.0,162.0,1,Not Hispanic or Latino,White,Male,25-34,86.389,Loan originated
1,975000.0,46,1405000.0,278.0,1,Not Hispanic or Latino,Asian,Female,45-54,85.18,Loan originated
1,215000.0,36,325000.0,64.0,1,Not Hispanic or Latino,White,Male,65-74,65.69,Loan originated
1,625000.0,44,775000.0,214.0,1,Not Hispanic or Latino,Asian,Male,35-44,80.0,Loan originated
1,885000.0,30%-<36%,1105000.0,371.0,1,Not Hispanic or Latino,White,Female,35-44,80.0,Loan originated
1,185000.0,39,225000.0,69.0,1,Not Hispanic or Latino,White,Male,65-74,82.262,Loan originated
1,715000.0,43,895000.0,185.0,1,Not Hispanic or Latino,White,Male,45-54,80.0,Loan originated
1,675000.0,20%-<30%,905000.0,237.0,1,Not Hispanic or Latino,Asian,Male,35-44,75.0,Loan originated
1,75000.0,30%-<36%,135000.0,72.0,1,Hispanic or Latino,White,Female,65-74,54.55,Loan originated
1,125000.0,20%-<30%,145000.0,111.0,1,Hispanic or Latino,White,Female,55-64,86.88,Application denied
1,475000.0,49,495000.0,97.0,1,Hispanic or Latino,White,Male,<25,97.0,Loan originated
1,335000.0,38,835000.0,155.0,1,Not Hispanic or Latino,Asian,Male,25-34,40.0,Loan originated
1,255000.0,49,515000.0,61.0,1,Not Hispanic or Latino,White,Female,65-74,51.0,Loan originated
1,205000.0,<20%,555000.0,120.0,1,Not Hispanic or Latino,White,Female,55-64,37.0,Loan originated
1,395000.0,49,475000.0,83.0,1,Hispanic or Latino,American Indian or Alaska Native,Male,25-34,86.39,Loan originated
1,945000.0,20%-<30%,1175000.0,373.0,1,Not Hispanic or Latino,White,Male,35-44,80.0,Loan originated
1,555000.0,30%-<36%,695000.0,235.0,1,Not Hispanic or Latino,White,Female,45-54,80.0,Loan originated
1,665000.0,>60%,835000.0,96.0,1,Hispanic or Latino,White,Male,25-34,80.0,Application denied
1,535000.0,<20%,725000.0,393.0,1,Not Hispanic or Latino,Asian,Male,35-44,74.0,Loan originated
1,635000.0,46,645000.0,142.0,1,Hispanic or Latino,White,Female,45-54,97.0,Loan originated
1,675000.0,40,715000.0,182.0,1,Not Hispanic or Latino,White,Female,25-34,95.0,Loan originated
1,675000.0,36,855000.0,175.0,1,Not Hispanic or Latino,White,Male,45-54,79.46,Loan originated
1,1145000.0,48,1525000.0,224.0,1,Not Hispanic or Latino,Asian,Male,35-44,75.29,Loan originated
1,305000.0,48,315000.0,84.0,1,Not Hispanic or Latino,Asian,Female,25-34,97.0,Loan originated
1,605000.0,43,1535000.0,199.0,1,Not Hispanic or Latino,White,Female,35-44,39.164,Loan originated
1,425000.0,30%-<36%,675000.0,131.0,1,Not Hispanic or Latino,White,Male,25-34,62.963,Loan originated
1,245000.0,30%-<36%,545000.0,118.0,1,Not Hispanic or Latino,Asian,Male,45-54,44.444,Loan originated
1,1015000.0,42,1265000.0,241.0,1,Not Hispanic or Latino,Asian,Female,35-44,79.842,Loan originated
1,435000.0,48,545000.0,82.0,1,Hispanic or Latino,White,Male,35-44,80.0,Loan originated
1,505000.0,45,1085000.0,130.0,1,Not Hispanic or Latino,Asian,Female,45-54,46.0,Loan originated
1,385000.0,49,405000.0,72.0,1,Hispanic or Latino,White,Male,45-54,98.0,Loan originated
1,265000.0,48,295000.0,52.0,1,Hispanic or Latino,White,Female,<25,91.0,Loan originated
1,655000.0,47,895000.0,203.0,1,Not Hispanic or Latino,White,Female,45-54,73.034,Loan originated
1,765000.0,38,955000.0,264.0,1,Hispanic or Latino,White,Male,65-74,80.0,Loan originated
1,325000.0,41,345000.0,85.0,1,Not Hispanic or Latino,Asian,Male,35-44,100.0,Loan originated
1,585000.0,39,735000.0,294.0,1,Not Hispanic or Latino,Black or African American,Male,25-34,80.0,Loan originated
1,345000.0,49,535000.0,73.0,1,Hispanic or Latino,White,Female,<25,65.0,Loan originated
1,175000.0,46,195000.0,156.0,1,Not Hispanic or Latino,White,Male,55-64,90.0,Application denied
1,665000.0,40,835000.0,240.0,1,Not Hispanic or Latino,Asian,Male,45-54,80.0,Loan originated
1,675000.0,39,745000.0,209.0,1,Hispanic or Latino,White,Male,35-44,89.98,Loan originated
1,1145000.0,45,1355000.0,282.0,1,Not Hispanic or Latino,White,Female,65-74,85.0,Loan originated
1,285000.0,39,295000.0,66.0,1,Hispanic or Latino,White,Male,35-44,100.0,Loan originated
1,545000.0,44,605000.0,122.0,1,Not Hispanic or Latino,Black or African American,Female,25-34,89.99,Loan originated
1,785000.0,48,975000.0,236.0,1,Hispanic or Latino,White,Female,35-44,80.0,Loan originated
1,255000.0,41,305000.0,116.0,1,Not Hispanic or Latino,White,Female,45-54,86.866,Loan originated
1,895000.0,42,1005000.0,299.0,1,Not Hispanic or Latino,White,Female,55-64,90.0,Loan originated
1,635000.0,20%-<30%,1285000.0,230.0,1,Not Hispanic or Latino,White,Male,35-44,50.0,Loan originated
1,355000.0,30%-<36%,1005000.0,124.0,1,Hispanic or Latino,White,Male,55-64,35.0,Loan originated
1,595000.0,20%-<30%,795000.0,213.0,1,Not Hispanic or Latino,Asian,Male,35-44,75.0,Loan originated
1,305000.0,38,345000.0,102.0,1,Not Hispanic or Latino,White,Female,45-54,87.997,Loan originated
1,515000.0,20%-<30%,645000.0,197.0,1,Not Hispanic or Latino,White,Male,25-34,80.0,Loan originated
1,765000.0,45,1005000.0,151.0,1,Not Hispanic or Latino,White,Female,35-44,77.0,Loan originated
1,485000.0,49,745000.0,103.0,1,Not Hispanic or Latino,Asian,Female,45-54,65.0,Loan originated
1,355000.0,49,1495000.0,130.0,1,Not Hispanic or Latino,White,Male,55-64,23.49,Loan originated
1,415000.0,30%-<36%,525000.0,203.0,1,Not Hispanic or Latino,White,Female,55-64,78.571,Application denied
1,705000.0,46,1415000.0,150.0,1,Not Hispanic or Latino,Asian,Male,25-34,49.645,Loan originated
1,515000.0,49,645000.0,119.0,1,Not Hispanic or Latino,Asian,Male,25-34,80.0,Loan originated
1,375000.0,49,475000.0,152.0,1,Hispanic or Latino,White,Female,45-54,80.0,Loan originated
1,585000.0,49,655000.0,156.0,1,Not Hispanic or Latino,Asian,Male,35-44,90.0,Loan originated
1,865000.0,41,1085000.0,225.0,1,Not Hispanic or Latino,White,Male,25-34,80.0,Loan originated
1,665000.0,39,695000.0,288.0,1,Not Hispanic or Latino,Black or African American,Female,35-44,95.0,Loan originated
1,645000.0,41,755000.0,278.0,1,Hispanic or Latino,White,Male,35-44,85.0,Loan originated
1,755000.0,47,1475000.0,174.0,1,Not Hispanic or Latino,Asian,Male,35-44,51.02,Loan originated
1,435000.0,20%-<30%,475000.0,195.0,1,Not Hispanic or Latino,White,Male,25-34,90.0,Loan originated
1,545000.0,47,575000.0,149.0,1,Not Hispanic or Latino,Asian,Male,25-34,95.0,Loan originated
1,355000.0,46,445000.0,104.0,1,Not Hispanic or Latino,White,Male,25-34,80.0,Loan originated
1,405000.0,30%-<36%,605000.0,140.0,1,Not Hispanic or Latino,White,Female,45-54,67.144,Loan originated
1,415000.0,49,435000.0,109.0,1,Hispanic or Latino,American Indian or Alaska Native,Male,25-34,95.0,Loan originated
1,215000.0,20%-<30%,715000.0,142.0,1,Not Hispanic or Latino,White,Female,65-74,30.119,Loan originated
1,95000.0,20%-<30%,445000.0,88.0,1,Not Hispanic or Latino,White,Female,65-74,20.455,Loan originated
1,475000.0,20%-<30%,595000.0,347.0,1,Hispanic or Latino,White,Male,25-34,80.0,Loan originated
1,725000.0,46,905000.0,166.0,1,Not Hispanic or Latino,Asian,Female,25-34,80.0,Loan originated
1,485000.0,20%-<30%,605000.0,226.0,1,Hispanic or Latino,White,Male,55-64,80.0,Loan originated
1,345000.0,47,395000.0,98.0,1,Not Hispanic or Latino,Black or African American,Female,45-54,88.478,Loan originated
1,745000.0,40,935000.0,197.0,1,Not Hispanic or Latino,White,Female,45-54,80.0,Loan originated
1,1005000.0,<20%,1805000.0,715.0,1,Not Hispanic or Latino,Asian,Male,35-44,55.556,Loan originated
1,425000.0,44,475000.0,173.0,1,Not Hispanic or Latino,White,Female,35-44,90.0,Application denied
1,765000.0,46,815000.0,327.0,1,Hispanic or Latino,White,Male,25-34,94.055,Loan originated
1,1145000.0,37,1935000.0,637.0,1,Not Hispanic or Latino,Asian,Male,35-44,59.282,Loan originated
1,515000.0,43,685000.0,133.0,1,Not Hispanic or Latino,White,Male,25-34,75.0,Loan originated
1,495000.0,43,565000.0,146.0,1,Hispanic or Latino,White,Male,45-54,88.974,Loan originated
1,335000.0,20%-<30%,355000.0,135.0,1,Not Hispanic or Latino,Asian,Male,25-34,95.0,Loan originated
1,325000.0,44,485000.0,89.0,1,Not Hispanic or Latino,Asian,Male,25-34,66.189,Loan originated
1,415000.0,49,555000.0,88.0,1,Not Hispanic or Latino,White,Female,45-54,75.0,Loan originated
1,305000.0,>60%,745000.0,103.0,1,Hispanic or Latino,American Indian or Alaska Native,Male,45-54,40.39,Application denied
1,405000.0,37,505000.0,115.0,1,Not Hispanic or Latino,Asian,Male,25-34,80.0,Loan originated
1,625000.0,47,775000.0,130.0,1,Not Hispanic or Latino,Asian,Male,35-44,80.0,Loan originated
1,435000.0,30%-<36%,805000.0,180.0,1,Not Hispanic or Latino,Asian,Male,45-54,53.7,Loan originated
1,295000.0,20%-<30%,365000.0,118.0,1,Not Hispanic or Latino,Asian,Female,35-44,80.0,Application denied
1,455000.0,49,735000.0,175.0,1,Not Hispanic or Latino,White,Male,35-44,62.329,Loan originated
1,755000.0,48,1485000.0,280.0,1,Not Hispanic or Latino,Native Hawaiian or Other Pacific Islander,Female,<25,50.68,Loan originated
1,595000.0,30%-<36%,755000.0,577.0,1,Hispanic or Latino,White,Male,45-54,78.93,Loan originated
1,425000.0,43,525000.0,115.0,1,Hispanic or Latino,White,Male,35-44,80.0,Loan originated
1,405000.0,49,605000.0,83.0,1,Not Hispanic or Latino,Asian,Female,35-44,68.0,Loan originated
1,505000.0,49,925000.0,118.0,1,Not Hispanic or Latino,Asian,Female,45-54,54.083,Loan originated
1,445000.0,50%-60%,505000.0,98.0,1,Not Hispanic or Latino,Asian,Male,35-44,87.128,Loan originated
1,245000.0,30%-<36%,315000.0,86.0,1,Not Hispanic or Latino,White,Female,55-64,80.0,Loan originated
1,325000.0,37,405000.0,310.0,1,Not Hispanic or Latino,Black or African American,Male,45-54,80.0,Loan originated
1,725000.0,38,895000.0,445.0,1,Not Hispanic or Latino,Asian,Male,35-44,81.23,Loan originated
1,515000.0,30%-<36%,1695000.0,271.0,1,Not Hispanic or Latino,White,Male,35-44,30.547,Loan originated
1,445000.0,30%-<36%,665000.0,139.0,1,Not Hispanic or Latino,White,Male,35-44,66.92,Loan originated
1,345000.0,30%-<36%,405000.0,278.0,1,Not Hispanic or Latino,White,Female,<25,85.0,Loan originated
1,1085000.0,20%-<30%,1365000.0,785.0,1,Not Hispanic or Latino,White,Male,35-44,80.0,Loan originated
1,765000.0,48,955000.0,266.0,1,Not Hispanic or Latino,White,Male,65-74,80.0,Loan originated
1,385000.0,37,545000.0,109.0,1,Not Hispanic or Latino,White,Female,65-74,70.559,Loan originated
1,975000.0,20%-<30%,1215000.0,546.0,1,Not Hispanic or Latino,White,Male,55-64,80.0,Loan originated
1,565000.0,46,705000.0,165.0,1,Not Hispanic or Latino,White,Male,45-54,80.0,Loan originated
1,465000.0,36,545000.0,158.0,1,Not Hispanic or Latino,Asian,Male,35-44,85.32,Loan originated
1,595000.0,36,925000.0,168.0,1,Hispanic or Latino,White,Female,25-34,65.0,Loan originated
1,245000.0,49,305000.0,78.0,1,Not Hispanic or Latino,White,Male,25-34,80.0,Loan originated
1,635000.0,45,755000.0,147.0,1,Hispanic or Latino,White,Male,35-44,85.0,Loan originated
1,565000.0,39,595000.0,144.0,1,Not Hispanic or Latino,White,Male,45-54,95.0,Loan originated
1,655000.0,30%-<36%,935000.0,207.0,1,Not Hispanic or Latino,Asian,Male,45-54,70.0,Loan originated
1,355000.0,46,365000.0,94.0,1,Not Hispanic or Latino,White,Female,35-44,97.0,Loan originated
1,235000.0,>60%,255000.0,75.0,1,Not Hispanic or Latino,White,Female,35-44,94.66,Application denied
1,255000.0,42,1205000.0,74.0,1,Hispanic or Latino,White,Female,65-74,20.833,Application denied
1,865000.0,42,1175000.0,240.0,1,Not Hispanic or Latino,Asian,Female,45-54,73.872,Loan originated
1,305000.0,36,375000.0,81.0,1,Hispanic or Latino,White,Male,55-64,80.0,Loan originated
1,715000.0,>60%,755000.0,89.0,1,Hispanic or Latino,White,Male,25-34,95.0,Application denied
1,455000.0,47,855000.0,107.0,1,Not Hispanic or Latino,White,Male,55-64,52.941,Loan originated
1,545000.0,49,645000.0,106.0,1,Not Hispanic or Latino,White,Male,25-34,85.0,Loan originated
1,655000.0,36,735000.0,195.0,1,Not Hispanic or Latino,White,Female,45-54,90.0,Loan originated
1,665000.0,45,745000.0,155.0,1,Not Hispanic or Latino,Asian,Male,45-54,89.99,Loan originated
1,655000.0,30%-<36%,825000.0,216.0,1,Not Hispanic or Latino,White,Male,45-54,79.39,Loan originated
1,535000.0,30%-<36%,665000.0,207.0,1,Not Hispanic or Latino,Asian,Male,35-44,80.0,Loan originated
1,785000.0,49,1185000.0,140.0,1,Hispanic or Latino,Black or African American,Female,45-54,66.102,Loan originated
1,545000.0,48,825000.0,114.0,1,Not Hispanic or Latino,White,Female,35-44,67.0,Loan originated
1,315000.0,46,325000.0,104.0,1,Not Hispanic or Latino,White,Female,55-64,97.0,Loan originated
1,355000.0,49,635000.0,72.0,1,Hispanic or Latino,White,Male,25-34,55.276,Loan originated
1,1005000.0,20%-<30%,1145000.0,841.0,1,Hispanic or Latino,White,Female,45-54,88.189,Application denied
1,175000.0,49,765000.0,63.0,1,Not Hispanic or Latino,Asian,Female,25-34,22.222,Application denied
1,645000.0,42,805000.0,192.0,1,Not Hispanic or Latino,Asian,Female,>74,80.0,Loan originated
1,715000.0,30%-<36%,785000.0,211.0,1,Not Hispanic or Latino,White,Female,25-34,90.0,Loan originated
1,575000.0,<20%,955000.0,995.0,1,Not Hispanic or Latino,White,Male,55-64,60.0,Loan originated
1,105000.0,40,405000.0,125.0,1,Not Hispanic or Latino,Asian,Female,55-64,25.53,Loan originated
1,625000.0,30%-<36%,925000.0,201.0,1,Not Hispanic or Latino,White,Female,25-34,69.0,Loan originated
1,155000.0,44,155000.0,71.0,1,Not Hispanic or Latino,White,Female,35-44,101.75,Loan originated
1,615000.0,49,725000.0,191.0,1,Hispanic or Latino,White,Male,25-34,85.0,Loan originated
1,345000.0,41,365000.0,106.0,1,Hispanic or Latino,White,Male,25-34,95.0,Loan originated
1,445000.0,47,495000.0,203.0,1,Not Hispanic or Latino,White,Male,25-34,89.427,Loan originated
1,285000.0,44,415000.0,59.0,1,Hispanic or Latino,White,Male,25-34,69.0,Loan originated
1,385000.0,47,485000.0,85.0,1,Not Hispanic or Latino,White,Male,25-34,80.0,Loan originated
1,895000.0,49,955000.0,186.0,1,Not Hispanic or Latino,Black or African American,Male,35-44,93.684,Loan originated
1,735000.0,45,925000.0,167.0,1,Not Hispanic or Latino,Asian,Male,<25,80.0,Loan originated
1,555000.0,44,695000.0,540.0,1,Not Hispanic or Latino,American Indian or Alaska Native,Female,35-44,80.0,Loan originated
1,425000.0,40,535000.0,190.0,1,Hispanic or Latino,White,Female,55-64,80.0,Loan originated
1,285000.0,48,565000.0,61.0,1,Not Hispanic or Latino,Asian,Male,35-44,50.0,Loan originated
1,765000.0,38,1125000.0,197.0,1,Not Hispanic or Latino,Asian,Male,25-34,68.138,Loan originated
1,705000.0,44,995000.0,162.0,1,Not Hispanic or Latino,Asian,Female,35-44,70.0,Loan originated
1,455000.0,39,475000.0,113.0,1,Not Hispanic or Latino,Black or African American,Male,55-64,95.0,Loan originated
1,385000.0,30%-<36%,565000.0,181.0,1,Not Hispanic or Latino,Asian,Male,25-34,80.0,Loan originated
1,585000.0,41,735000.0,242.0,1,Hispanic or Latino,White,Female,55-64,79.452,Loan originated
1,645000.0,30%-<36%,805000.0,221.0,1,Not Hispanic or Latino,Asian,Male,25-34,80.0,Loan originated
1,985000.0,41,1225000.0,249.0,1,Not Hispanic or Latino,Asian,Male,25-34,80.0,Loan originated
1,525000.0,48,555000.0,199.0,1,Not Hispanic or Latino,White,Male,35-44,95.0,Loan originated
1,945000.0,38,995000.0,258.0,1,Not Hispanic or Latino,White,Female,35-44,95.0,Loan originated
1,435000.0,30%-<36%,485000.0,170.0,1,Not Hispanic or Latino,White,Male,25-34,90.0,Loan originated
1,485000.0,45,575000.0,114.0,1,Not Hispanic or Latino,White,Female,35-44,85.0,Loan originated
1,455000.0,<20%,765000.0,295.0,1,Hispanic or Latino,White,Male,45-54,59.211,Loan originated
1,645000.0,<20%,1285000.0,2199.0,1,Hispanic or Latino,Native Hawaiian or Other Pacific Islander,Male,25-34,50.0,Loan originated
1,695000.0,40,775000.0,207.0,1,Not Hispanic or Latino,White,Male,35-44,89.935,Loan originated
1,855000.0,20%-<30%,1615000.0,655.0,1,Not Hispanic or Latino,Asian,Male,35-44,52.795,Loan originated
1,545000.0,39,605000.0,164.0,1,Hispanic or Latino,White,Male,45-54,90.0,Loan originated
1,375000.0,49,575000.0,84.0,1,Not Hispanic or Latino,Black or African American,Female,>74,64.912,Loan originated
1,305000.0,40,325000.0,73.0,1,Hispanic or Latino,White,Male,45-54,95.0,Loan originated
1,355000.0,30%-<36%,675000.0,132.0,1,Not Hispanic or Latino,White,Female,35-44,51.852,Loan originated
1,245000.0,44,265000.0,61.0,1,Hispanic or Latino,White,Female,25-34,95.0,Loan originated
1,5000.0,20%-<30%,5000.0,65.0,1,Hispanic or Latino,Asian,Female,55-64,113.662,Application denied
1,205000.0,49,845000.0,64.0,1,Not Hispanic or Latino,White,Female,65-74,23.53,Loan originated
1,1105000.0,<20%,1375000.0,5886.0,1,Not Hispanic or Latino,White,Male,25-34,80.0,Loan originated
1,395000.0,49,495000.0,88.0,1,Hispanic or Latino,White,Female,35-44,80.0,Loan originated
1,355000.0,37,445000.0,93.0,1,Not Hispanic or Latino,White,Female,45-54,80.0,Loan originated
1,985000.0,46,1305000.0,178.0,1,Not Hispanic or Latino,White,Male,25-34,75.0,Loan originated
1,795000.0,39,875000.0,242.0,1,Hispanic or Latino,White,Male,55-64,89.943,Loan originated
1,505000.0,30%-<36%,535000.0,167.0,1,Not Hispanic or Latino,White,Female,55-64,95.0,Loan originated
1,645000.0,44,815000.0,146.0,1,Hispanic or Latino,White,Male,25-34,80.0,Loan originated
1,455000.0,<20%,605000.0,310.0,1,Not Hispanic or Latino,White,Male,35-44,75.0,Loan originated
1,455000.0,38,1305000.0,247.0,1,Not Hispanic or Latino,White,Male,>74,34.62,Loan originated
1,1125000.0,49,1505000.0,270.0,1,Not Hispanic or Latino,Asian,Male,<25,85.0,Loan originated
1,305000.0,48,725000.0,72.0,1,Not Hispanic or Latino,White,Female,55-64,41.379,Loan originated
1,285000.0,48,445000.0,70.0,1,Not Hispanic or Latino,Asian,Male,25-34,80.357,Loan originated
1,275000.0,46,375000.0,139.0,1,Hispanic or Latino,White,Male,<25,73.333,Loan originated
1,585000.0,44,655000.0,136.0,1,Not Hispanic or Latino,Asian,Male,35-44,89.99,Loan originated
1,305000.0,30%-<36%,385000.0,127.0,1,Hispanic or Latino,White,Male,35-44,80.0,Loan originated
1,865000.0,43,1085000.0,177.0,1,Hispanic or Latino,White,Female,35-44,80.0,Loan originated
1,765000.0,45,1005000.0,347.0,1,Not Hispanic or Latino,Asian,Male,35-44,77.0,Loan originated
1,435000.0,49,585000.0,110.0,1,Not Hispanic or Latino,White,Female,45-54,75.0,Loan originated
1,675000.0,<20%,1255000.0,365.0,1,Hispanic or Latino,White,Female,45-54,54.0,Loan originated
1,675000.0,30%-<36%,715000.0,191.0,1,Not Hispanic or Latino,Asian,Male,35-44,95.0,Loan originated
1,325000.0,40,345000.0,131.0,1,Not Hispanic or Latino,Black or African American,Male,55-64,95.0,Application denied
1,545000.0,44,685000.0,155.0,1,Not Hispanic or Latino,White,Female,25-34,80.0,Loan originated
1,1035000.0,48,1725000.0,292.0,1,Not Hispanic or Latino,Asian,Female,25-34,60.0,Loan originated
1,485000.0,37,915000.0,132.0,1,Not Hispanic or Latino,White,Male,25-34,52.877,Loan originated
1,975000.0,42,1135000.0,210.0,1,Not Hispanic or Latino,Asian,Male,45-54,85.84,Loan originated
1,815000.0,36,1025000.0,248.0,1,Not Hispanic or Latino,Asian,Male,25-34,80.0,Loan originated
1,305000.0,45,315000.0,68.0,1,Hispanic or Latino,White,Female,45-54,100.0,Loan originated
1,955000.0,20%-<30%,1885000.0,460.0,1,Not Hispanic or Latino,White,Male,45-54,51.0,Loan originated
1,675000.0,40,705000.0,206.0,1,Not Hispanic or Latino,White,Male,45-54,97.0,Application denied
1,555000.0,45,1075000.0,267.0,1,Not Hispanic or Latino,White,Male,55-64,51.402,Loan originated
1,325000.0,44,345000.0,168.0,1,Not Hispanic or Latino,White,Male,25-34,95.0,Loan originated
1,145000.0,46,395000.0,36.0,1,Not Hispanic or Latino,Asian,Female,<25,37.342,Loan originated
1,435000.0,49,845000.0,87.0,1,Hispanic or Latino,White,Female,25-34,51.537,Loan originated
1,595000.0,48,745000.0,127.0,1,Not Hispanic or Latino,White,Female,25-34,80.0,Loan originated
1,655000.0,49,665000.0,139.0,1,Hispanic or Latino,White,Male,25-34,97.54,Application denied
1,765000.0,30%-<36%,1055000.0,330.0,1,Not Hispanic or Latino,White,Male,55-64,90.0,Loan originated
1,215000.0,<20%,455000.0,214.0,1,Not Hispanic or Latino,Asian,Female,45-54,47.47,Loan originated
1,395000.0,38,465000.0,99.0,1,Not Hispanic or Latino,White,Female,55-64,85.0,Loan originated
1,495000.0,50%-60%,525000.0,106.0,1,Not Hispanic or Latino,Black or African American,Male,35-44,95.0,Loan originated
1,315000.0,47,415000.0,93.0,1,Not Hispanic or Latino,White,Male,35-44,75.0,Loan originated
1,305000.0,20%-<30%,655000.0,150.0,1,Not Hispanic or Latino,Asian,Male,35-44,46.646,Loan originated
1,385000.0,42,575000.0,114.0,1,Not Hispanic or Latino,White,Male,25-34,66.957,Loan originated
1,405000.0,20%-<30%,425000.0,325.0,1,Not Hispanic or Latino,Asian,Male,25-34,95.0,Loan originated
1,665000.0,>60%,655000.0,101.0,1,Not Hispanic or Latino,Asian,Female,45-54,101.75,Application denied
1,975000.0,50%-60%,1265000.0,193.0,1,Not Hispanic or Latino,Asian,Female,45-54,77.381,Application denied
1,395000.0,44,415000.0,79.0,1,Not Hispanic or Latino,Asian,Male,55-64,95.0,Loan originated
1,395000.0,>60%,465000.0,49.0,1,Hispanic or Latino,White,Female,35-44,83.671,Application denied
1,435000.0,49,735000.0,132.0,1,Not Hispanic or Latino,White,Female,35-44,59.589,Application denied
1,765000.0,43,795000.0,214.0,1,Not Hispanic or Latino,Asian,Male,25-34,96.421,Loan originated
1,415000.0,40,555000.0,139.0,1,Not Hispanic or Latino,Asian,Male,55-64,75.0,Loan originated
1,1005000.0,<20%,2655000.0,2626.0,1,Not Hispanic or Latino,White,Male,55-64,37.601,Loan originated
1,375000.0,49,725000.0,85.0,1,Not Hispanic or Latino,White,Male,65-74,52.61,Application denied
1,385000.0,50%-60%,435000.0,70.0,1,Not Hispanic or Latino,White,Female,<25,88.0,Loan originated
1,405000.0,40,1005000.0,116.0,1,Not Hispanic or Latino,White,Male,45-54,40.299,Loan originated
1,495000.0,44,925000.0,157.0,1,Not Hispanic or Latino,Asian,Female,45-54,53.38,Loan originated
1,305000.0,30%-<36%,1935000.0,275.0,1,Not Hispanic or Latino,Asian,Female,35-44,15.544,Loan originated
1,325000.0,48,335000.0,121.0,1,Hispanic or Latino,White,Male,65-74,95.0,Loan originated
1,885000.0,30%-<36%,1105000.0,267.0,1,Not Hispanic or Latino,White,Female,35-44,80.0,Loan originated
1,635000.0,38,635000.0,150.0,1,Not Hispanic or Latino,White,Female,25-34,100.0,Loan originated
1,435000.0,49,485000.0,135.0,1,Not Hispanic or Latino,Asian,Female,45-54,90.0,Loan originated
1,955000.0,39,1195000.0,279.0,1,Not Hispanic or Latino,White,Male,65-74,80.0,Loan originated
1,705000.0,30%-<36%,1605000.0,247.0,1,Not Hispanic or Latino,White,Male,25-34,44.0,Loan originated
1,855000.0,30%-<36%,1255000.0,315.0,1,Not Hispanic or Latino,White,Male,65-74,68.0,Loan originated
1,405000.0,47,605000.0,94.0,1,Not Hispanic or Latino,White,Male,45-54,66.942,Loan originated
1,395000.0,46,405000.0,77.0,1,Hispanic or Latino,White,Male,25-34,100.0,Loan originated
1,575000.0,30%-<36%,725000.0,214.0,1,Not Hispanic or Latino,Asian,Male,35-44,80.0,Loan originated
1,525000.0,30%-<36%,655000.0,147.0,1,Not Hispanic or Latino,Asian,Male,25-34,80.0,Loan originated
1,515000.0,30%-<36%,635000.0,165.0,1,Not Hispanic or Latino,White,Male,35-44,80.47,Loan originated
1,285000.0,37,435000.0,73.0,1,Not Hispanic or Latino,White,Male,55-64,65.516,Loan originated
1,515000.0,38,645000.0,160.0,1,Not Hispanic or Latino,White,Male,35-44,80.0,Loan originated
1,345000.0,49,435000.0,107.0,1,Not Hispanic or Latino,White,Male,55-64,80.0,Loan originated
1,265000.0,43,715000.0,74.0,1,Not Hispanic or Latino,White,Female,35-44,36.886,Loan originated
1,155000.0,47,485000.0,61.0,1,Not Hispanic or Latino,American Indian or Alaska Native,Male,25-34,30.928,Loan originated
1,505000.0,30%-<36%,515000.0,137.0,1,Not Hispanic or Latino,White,Female,25-34,97.0,Loan originated
1,195000.0,30%-<36%,205000.0,93.0,1,Not Hispanic or Latino,White,Male,25-34,97.0,Application denied
1,515000.0,36,645000.0,432.0,1,Not Hispanic or Latino,Asian,Male,35-44,80.0,Application denied
1,565000.0,48,625000.0,142.0,1,Not Hispanic or Latino,Black or African American,Female,55-64,90.0,Loan originated
1,605000.0,46,785000.0,139.0,1,Not Hispanic or Latino,White,Female,25-34,76.433,Loan originated
1,135000.0,30%-<36%,545000.0,84.0,1,Not Hispanic or Latino,Asian,Female,55-64,24.681,Loan originated
1,925000.0,30%-<36%,1055000.0,303.0,1,Not Hispanic or Latino,White,Male,25-34,87.494,Application denied
1,305000.0,47,445000.0,80.0,1,Not Hispanic or Latino,Asian,Female,25-34,70.0,Loan originated
1,195000.0,44,1485000.0,109.0,1,Not Hispanic or Latino,Asian,Male,25-34,13.11,Application denied
1,325000.0,43,335000.0,66.0,1,Hispanic or Latino,White,Female,<25,97.0,Loan originated
1,735000.0,41,915000.0,174.0,1,Not Hispanic or Latino,Asian,Male,35-44,80.0,Loan originated
1,605000.0,30%-<36%,705000.0,256.0,1,Not Hispanic or Latino,Asian,Female,35-44,90.269,Loan originated
1,325000.0,48,1255000.0,88.0,1,Not Hispanic or Latino,Asian,Male,<25,26.0,Loan originated
1,1065000.0,47,1335000.0,310.0,1,Not Hispanic or Latino,White,Male,35-44,80.0,Loan originated
1,975000.0,44,1165000.0,252.0,1,Not Hispanic or Latino,Asian,Male,25-34,84.052,Loan originated
1,445000.0,47,555000.0,95.0,1,Not Hispanic or Latino,White,Male,25-34,80.0,Loan originated
1,85000.0,<20%,205000.0,130.0,1,Hispanic or Latino,Asian,Male,25-34,40.0,Application denied
1,515000.0,20%-<30%,545000.0,288.0,1,Not Hispanic or Latino,White,Female,45-54,95.0,Loan originated
1,1075000.0,48,1165000.0,191.0,1,Not Hispanic or Latino,Asian,Male,35-44,92.67,Loan originated
1,375000.0,>60%,395000.0,48.0,1,Not Hispanic or Latino,Asian,Female,35-44,96.0,Application denied
1,405000.0,30%-<36%,445000.0,138.0,1,Not Hispanic or Latino,White,Female,65-74,90.0,Loan originated
1,705000.0,48,955000.0,156.0,1,Hispanic or Latino,White,Male,35-44,73.684,Loan originated
1,595000.0,20%-<30%,795000.0,223.0,1,Not Hispanic or Latino,Asian,Male,35-44,74.937,Loan originated
1,365000.0,45,455000.0,101.0,1,Not Hispanic or Latino,White,Male,25-34,80.0,Loan originated
1,325000.0,49,365000.0,79.0,1,Hispanic or Latino,White,Female,25-34,90.0,Loan originated
1,705000.0,37,785000.0,189.0,1,Not Hispanic or Latino,Asian,Male,25-34,89.99,Loan originated
1,155000.0,<20%,905000.0,195.0,1,Not Hispanic or Latino,Asian,Male,45-54,96.667,Loan originated
1,615000.0,30%-<36%,825000.0,226.0,1,Not Hispanic or Latino,White,Female,25-34,75.0,Loan originated
1,305000.0,<20%,415000.0,211.0,1,Not Hispanic or Latino,Asian,Male,25-34,75.0,Loan originated
1,375000.0,40,475000.0,126.0,1,Not Hispanic or Latino,Asian,Male,25-34,80.0,Loan originated
1,65000.0,50%-60%,85000.0,94.0,1,Not Hispanic or Latino,White,Male,>74,75.0,Loan originated
1,205000.0,39,225000.0,70.0,1,Not Hispanic or Latino,White,Female,35-44,95.0,Loan originated
1,345000.0,49,435000.0,80.0,1,Not Hispanic or Latino,White,Female,45-54,78.42,Loan originated
1,145000.0,37,445000.0,94.0,1,Not Hispanic or Latino,White,Female,35-44,33.021,Loan originated
1,945000.0,41,1175000.0,282.0,1,Not Hispanic or Latino,White,Female,65-74,80.0,Loan originated
1,435000.0,44,545000.0,144.0,1,Not Hispanic or Latino,White,Male,<25,80.0,Loan originated
1,485000.0,48,505000.0,113.0,1,Not Hispanic or Latino,Asian,Female,25-34,100.0,Loan originated
1,25000.0,<20%,585000.0,153.0,1,Hispanic or Latino,White,Female,45-54,100.0,Loan originated
1,615000.0,38,765000.0,204.0,1,Hispanic or Latino,White,Male,65-74,80.0,Loan originated
1,665000.0,>60%,825000.0,105.0,1,Not Hispanic or Latino,White,Female,<25,80.0,Loan originated
1,645000.0,48,675000.0,169.0,1,Hispanic or Latino,White,Male,25-34,95.0,Loan originated
1,415000.0,44,465000.0,121.0,1,Not Hispanic or Latino,Asian,Male,35-44,90.0,Loan originated
1,615000.0,49,655000.0,117.0,1,Hispanic or Latino,American Indian or Alaska Native,Female,45-54,94.62,Loan originated
1,485000.0,47,605000.0,103.0,1,Hispanic or Latino,White,Male,25-34,80.0,Loan originated
1,185000.0,30%-<36%,205000.0,147.0,1,Not Hispanic or Latino,White,Male,35-44,90.48,Loan originated
1,765000.0,42,955000.0,200.0,1,Not Hispanic or Latino,Asian,Female,25-34,80.0,Loan originated
1,405000.0,30%-<36%,515000.0,149.0,1,Not Hispanic or Latino,Asian,Female,35-44,80.0,Loan originated
1,815000.0,44,855000.0,229.0,1,Not Hispanic or Latino,White,Female,25-34,94.74,Loan originated
1,945000.0,38,1175000.0,275.0,1,Not Hispanic or Latino,White,Male,35-44,80.0,Loan originated
1,485000.0,30%-<36%,515000.0,149.0,1,Not Hispanic or Latino,White,Male,35-44,95.0,Loan originated
1,205000.0,>60%,785000.0,100.0,1,Not Hispanic or Latino,Black or African American,Male,65-74,25.478,Application denied
1,865000.0,46,915000.0,198.0,1,Not Hispanic or Latino,White,Male,55-64,95.0,Loan originated
1,355000.0,36,375000.0,194.0,1,Not Hispanic or Latino,White,Male,25-34,95.0,Loan originated
1,665000.0,45,895000.0,161.0,1,Hispanic or Latino,White,Male,45-54,74.27,Loan originated
1,185000.0,44,345000.0,50.0,1,Not Hispanic or Latino,White,Male,25-34,51.443,Loan originated
1,565000.0,30%-<36%,595000.0,275.0,1,Not Hispanic or Latino,White,Female,45-54,95.0,Loan originated
1,875000.0,42,975000.0,209.0,1,Hispanic or Latino,White,Male,35-44,90.0,Loan originated
1,335000.0,45,355000.0,88.0,1,Not Hispanic or Latino,White,Male,45-54,97.0,Loan originated
1,405000.0,49,435000.0,90.0,1,Not Hispanic or Latino,White,Male,65-74,95.0,Loan originated
1,345000.0,40,435000.0,105.0,1,Not Hispanic or Latino,White,Female,35-44,80.0,Loan originated
1,765000.0,41,1465000.0,235.0,1,Not Hispanic or Latino,Asian,Female,45-54,52.355,Loan originated
1,785000.0,38,1485000.0,478.0,1,Not Hispanic or Latino,Asian,Female,25-34,52.862,Loan originated
1,185000.0,49,205000.0,60.0,1,Hispanic or Latino,White,Female,25-34,90.0,Loan originated
1,205000.0,41,705000.0,90.0,1,Not Hispanic or Latino,White,Male,45-54,29.0,Loan originated
1,445000.0,46,465000.0,100.0,1,Not Hispanic or Latino,White,Male,25-34,95.0,Loan originated
1,905000.0,46,1385000.0,193.0,1,Hispanic or Latino,White,Male,45-54,64.982,Loan originated
1,615000.0,30%-<36%,675000.0,186.0,1,Hispanic or Latino,Asian,Male,25-34,89.99,Loan originated
1,635000.0,30%-<36%,635000.0,220.0,1,Not Hispanic or Latino,White,Male,55-64,70.0,Loan originated
1,575000.0,49,685000.0,121.0,1,Not Hispanic or Latino,Asian,Male,25-34,84.55,Loan originated
1,525000.0,36,615000.0,161.0,1,Not Hispanic or Latino,White,Female,35-44,85.0,Loan originated
1,405000.0,30%-<36%,725000.0,157.0,1,Not Hispanic or Latino,White,Male,>74,55.621,Application denied
1,605000.0,30%-<36%,645000.0,187.0,1,Hispanic or Latino,White,Female,25-34,95.0,Loan originated
1,275000.0,49,445000.0,55.0,1,Hispanic or Latino,White,Female,35-44,98.975,Loan originated
1,395000.0,20%-<30%,695000.0,126.0,1,Hispanic or Latino,White,Female,35-44,56.827,Loan originated
1,655000.0,30%-<36%,735000.0,192.0,1,Not Hispanic or Latino,Asian,Male,25-34,89.99,Loan originated
1,455000.0,30%-<36%,855000.0,165.0,1,Not Hispanic or Latino,White,Male,25-34,53.216,Loan originated
1,1065000.0,50%-60%,1125000.0,195.0,1,Not Hispanic or Latino,Asian,Male,35-44,95.0,Application denied
1,495000.0,40,795000.0,181.0,1,Not Hispanic or Latino,White,Male,45-54,63.0,Loan originated
1,1135000.0,47,1195000.0,248.0,1,Not Hispanic or Latino,White,Male,55-64,95.0,Loan originated
1,255000.0,38,425000.0,80.0,1,Not Hispanic or Latino,White,Male,55-64,60.0,Loan originated
1,305000.0,48,385000.0,70.0,1,Not Hispanic or Latino,2 or more minority races,Female,25-34,80.0,Loan originated
1,715000.0,43,895000.0,191.0,1,Not Hispanic or Latino,Asian,Male,35-44,80.0,Loan originated
1,515000.0,43,705000.0,125.0,1,Not Hispanic or Latino,Asian,Female,35-44,72.857,Loan originated
1,655000.0,45,715000.0,162.0,1,Not Hispanic or Latino,Asian,Male,35-44,91.0,Loan originated
1,345000.0,37,955000.0,125.0,1,Not Hispanic or Latino,White,Female,65-74,36.278,Loan originated
1,735000.0,36,775000.0,204.0,1,Hispanic or Latino,White,Male,<25,95.0,Loan originated
1,985000.0,40,1095000.0,271.0,1,Not Hispanic or Latino,Native Hawaiian or Other Pacific Islander,Male,35-44,90.0,Loan originated
1,455000.0,30%-<36%,505000.0,168.0,1,Not Hispanic or Latino,White,Female,45-54,90.0,Loan originated
1,865000.0,45,915000.0,156.0,1,Hispanic or Latino,White,Male,25-34,95.0,Loan originated
1,425000.0,40,535000.0,119.0,1,Not Hispanic or Latino,White,Male,55-64,80.0,Loan originated
1,285000.0,47,375000.0,81.0,1,Hispanic or Latino,White,Male,45-54,75.0,Loan originated
1,155000.0,43,165000.0,78.0,1,Not Hispanic or Latino,White,Female,65-74,95.0,Loan originated
1,805000.0,37,1525000.0,214.0,1,Not Hispanic or Latino,Asian,Female,35-44,52.43,Loan originated
1,275000.0,48,295000.0,83.0,1,Hispanic or Latino,White,Male,45-54,95.0,Loan originated
1,285000.0,44,335000.0,54.0,1,Not Hispanic or Latino,Native Hawaiian or Other Pacific Islander,Male,65-74,83.33,Application denied
1,905000.0,44,1275000.0,196.0,1,Not Hispanic or Latino,Asian,Female,25-34,70.866,Loan originated
1,205000.0,49,645000.0,60.0,1,Not Hispanic or Latino,Black or African American,Female,25-34,31.433,Loan originated
1,335000.0,46,355000.0,72.0,1,Hispanic or Latino,White,Male,35-44,100.0,Loan originated
1,145000.0,30%-<36%,795000.0,92.0,1,Not Hispanic or Latino,White,Female,45-54,18.55,Loan originated
1,265000.0,39,285000.0,101.0,1,Hispanic or Latino,2 or more minority races,Female,35-44,95.0,Application denied
1,375000.0,47,395000.0,72.0,1,Hispanic or Latino,White,Female,25-34,95.0,Loan originated
1,565000.0,20%-<30%,705000.0,257.0,1,Not Hispanic or Latino,White,Male,45-54,80.0,Loan originated
1,995000.0,36,1245000.0,270.0,1,Not Hispanic or Latino,Asian,Male,25-34,79.95,Loan originated
1,585000.0,39,735000.0,139.0,1,Not Hispanic or Latino,White,Male,35-44,79.94,Loan originated
1,335000.0,45,355000.0,84.0,1,Hispanic or Latino,White,Male,35-44,95.0,Loan originated
1,405000.0,39,485000.0,102.0,1,Not Hispanic or Latino,White,Male,35-44,83.0,Loan originated
1,315000.0,50%-60%,775000.0,99.0,1,Not Hispanic or Latino,White,Female,55-64,40.645,Loan originated
1,385000.0,42,405000.0,87.0,1,Hispanic or Latino,White,Female,25-34,95.0,Loan originated
1,495000.0,20%-<30%,695000.0,200.0,1,Not Hispanic or Latino,Asian,Male,35-44,71.095,Loan originated
1,555000.0,47,695000.0,125.0,1,Hispanic or Latino,White,Male,35-44,83.0,Application denied
1,685000.0,37,855000.0,285.0,1,Not Hispanic or Latino,White,Female,55-64,80.0,Loan originated
1,675000.0,50%-60%,715000.0,131.0,1,Hispanic or Latino,White,Male,35-44,95.0,Loan originated
1,735000.0,20%-<30%,1135000.0,300.0,1,Not Hispanic or Latino,White,Male,25-34,65.0,Application denied
1,445000.0,45,695000.0,115.0,1,Not Hispanic or Latino,Black or African American,Male,35-44,63.768,Application denied
1,605000.0,41,755000.0,144.0,1,Not Hispanic or Latino,White,Male,25-34,80.0,Loan originated
1,765000.0,49,985000.0,234.0,1,Not Hispanic or Latino,White,Male,45-54,78.163,Loan originated
1,335000.0,49,365000.0,82.0,1,Not Hispanic or Latino,Asian,Female,25-34,93.0,Loan originated
1,875000.0,50%-60%,925000.0,131.0,1,Not Hispanic or Latino,White,Female,35-44,94.054,Application denied
1,655000.0,30%-<36%,735000.0,254.0,1,Not Hispanic or Latino,Black or African American,Male,35-44,89.9,Loan originated
1,345000.0,43,435000.0,88.0,1,Not Hispanic or Latino,Asian,Female,25-34,80.0,Loan originated
1,555000.0,38,695000.0,155.0,1,Not Hispanic or Latino,White,Male,45-54,80.0,Loan originated
1,465000.0,30%-<36%,575000.0,265.0,1,Not Hispanic or Latino,White,Male,35-44,80.0,Loan originated
1,455000.0,47,575000.0,100.0,1,Not Hispanic or Latino,Asian,Female,55-64,79.9,Loan originated
1,325000.0,47,405000.0,90.0,1,Not Hispanic or Latino,White,Male,35-44,80.0,Application denied
1,835000.0,49,1115000.0,162.0,1,Hispanic or Latino,White,Female,55-64,75.0,Loan originated
1,405000.0,20%-<30%,505000.0,182.0,1,Not Hispanic or Latino,White,Male,<25,80.0,Loan originated
1,265000.0,44,1065000.0,274.0,1,Not Hispanic or Latino,Asian,Male,25-34,24.67,Loan originated
1,725000.0,49,765000.0,243.0,1,Not Hispanic or Latino,White,Female,45-54,95.0,Loan originated
1,535000.0,41,775000.0,137.0,1,Not Hispanic or Latino,White,Male,35-44,69.55,Loan originated
1,435000.0,44,485000.0,98.0,1,Not Hispanic or Latino,Black or African American,Female,25-34,89.993,Loan originated
1,535000.0,44,595000.0,135.0,1,Hispanic or Latino,White,Male,45-54,90.0,Loan originated
1,285000.0,>60%,355000.0,0.0,1,Hispanic or Latino,White,Female,55-64,80.0,Application denied
1,665000.0,20%-<30%,825000.0,205.0,1,Not Hispanic or Latino,White,Female,25-34,80.0,Loan originated
1,535000.0,47,565000.0,173.0,1,Not Hispanic or Latino,Black or African American,Male,65-74,95.0,Application denied
1,605000.0,49,625000.0,131.0,1,Hispanic or Latino,White,Male,25-34,97.0,Loan originated
1,105000.0,36,435000.0,46.0,1,Not Hispanic or Latino,White,Male,65-74,24.419,Loan originated
1,405000.0,30%-<36%,535000.0,150.0,1,Not Hispanic or Latino,Asian,Female,25-34,75.0,Loan originated
1,205000.0,39,455000.0,70.0,1,Hispanic or Latino,White,Male,55-64,45.175,Loan originated
1,265000.0,49,365000.0,56.0,1,Not Hispanic or Latino,White,Male,45-54,73.64,Loan originated
1,405000.0,37,875000.0,150.0,1,Not Hispanic or Latino,Asian,Male,25-34,45.977,Loan originated
1,545000.0,48,685000.0,104.0,1,Not Hispanic or Latino,White,Female,55-64,80.0,Loan originated
1,965000.0,30%-<36%,1215000.0,265.0,1,Not Hispanic or Latino,Asian,Male,25-34,80.0,Loan originated
1,405000.0,43,485000.0,115.0,1,Not Hispanic or Latino,White,Female,25-34,78.93,Application denied
1,455000.0,47,855000.0,117.0,1,Not Hispanic or Latino,White,Female,25-34,52.941,Loan originated
1,665000.0,>60%,1285000.0,219.0,1,Not Hispanic or Latino,Asian,Female,25-34,52.71,Loan originated
1,535000.0,41,565000.0,120.0,1,Not Hispanic or Latino,Asian,Male,25-34,95.0,Loan originated
1,285000.0,49,385000.0,305.0,1,Not Hispanic or Latino,White,Female,35-44,75.0,Loan originated
1,1045000.0,20%-<30%,1305000.0,418.0,1,Hispanic or Latino,White,Female,25-34,80.0,Loan originated
