loan_purpose,loan_amount,debt_to_income_ratio,property_value,income,occupancy_type,derived_ethnicity,derived_race,derived_sex,applicant_age,loan_to_value_ratio,action_taken
1,665000.0,48,845000.0,229.0,1,Not Hispanic or Latino,Asian,Female,55-64,78.57,Loan originated
1,355000.0,40,375000.0,94.0,1,Not Hispanic or Latino,White,Female,65-74,95.0,Loan originated
1,325000.0,44,375000.0,75.0,1,Not Hispanic or Latino,White,Female,45-54,87.838,Loan originated
1,515000.0,46,645000.0,120.0,1,Not Hispanic or Latino,Asian,Male,25-34,80.0,Loan originated
1,465000.0,36,675000.0,322.0,1,Hispanic or Latino,White,Male,45-54,70.0,Loan originated
1,695000.0,<20%,1455000.0,470.0,1,Not Hispanic or Latino,White,Female,65-74,48.0,Loan originated
1,735000.0,43,765000.0,213.0,1,Not Hispanic or Latino,Asian,Male,35-44,97.0,Loan originated
1,1115000.0,30%-<36%,1395000.0,481.0,1,Not Hispanic or Latino,White,Male,25-34,80.0,Loan originated
1,655000.0,>60%,815000.0,127.0,1,Not Hispanic or Latino,Asian,Male,65-74,79.99,Application denied
1,1085000.0,30%-<36%,1365000.0,271.0,1,Not Hispanic or Latino,Asian,Male,35-44,80.0,Loan originated
1,305000.0,30%-<36%,705000.0,123.0,1,Hispanic or Latino,White,Female,45-54,42.86,Loan originated
1,515000.0,>60%,745000.0,61.0,1,Not Hispanic or Latino,White,Male,35-44,70.0,Application denied
1,535000.0,44,865000.0,154.0,1,Not Hispanic or Latino,Asian,Female,55-64,61.0,Loan originated
1,245000.0,47,265000.0,54.0,1,Hispanic or Latino,White,Male,45-54,95.0,Loan originated
1,395000.0,50%-60%,1135000.0,174.0,1,Hispanic or Latino,Asian,Male,55-64,34.43,Loan originated
1,715000.0,41,885000.0,165.0,1,Hispanic or Latino,White,Female,25-34,96.856,Loan originated
1,135000.0,49,215000.0,33.0,1,Not Hispanic or Latino,White,Male,25-34,79.048,Loan originated
1,295000.0,49,365000.0,60.0,1,Not Hispanic or Latino,White,Male,35-44,80.0,Loan originated
1,325000.0,30%-<36%,425000.0,115.0,1,Not Hispanic or Latino,Asian,Female,25-34,89.49,Loan originated
1,665000.0,40,835000.0,188.0,1,Hispanic or Latino,White,Male,35-44,80.0,Loan originated
1,245000.0,40,335000.0,65.0,1,Not Hispanic or Latino,Asian,Female,35-44,72.727,Loan originated
1,245000.0,40,335000.0,87.0,1,Hispanic or Latino,White,Male,55-64,75.0,Loan originated
1,685000.0,43,755000.0,155.0,1,Not Hispanic or Latino,Asian,Female,35-44,90.0,Loan originated
1,245000.0,39,845000.0,119.0,1,Not Hispanic or Latino,White,Male,45-54,29.329,Loan originated
1,765000.0,40,1305000.0,203.0,1,Not Hispanic or Latino,Asian,Male,45-54,58.864,Loan originated
1,325000.0,40,355000.0,146.0,1,Not Hispanic or Latino,White,Male,45-54,97.0,Loan originated
1,335000.0,40,535000.0,135.0,1,Not Hispanic or Latino,White,Male,35-44,62.54,Loan originated
1,295000.0,38,345000.0,85.0,1,Hispanic or Latino,White,Male,35-44,87.64,Loan originated
1,535000.0,49,745000.0,105.0,1,Not Hispanic or Latino,Asian,Female,25-34,71.43,Loan originated
1,535000.0,49,785000.0,87.0,1,Not Hispanic or Latino,Black or African American,Female,35-44,70.0,Loan originated
1,645000.0,20%-<30%,805000.0,234.0,1,Hispanic or Latino,White,Female,35-44,80.0,Loan originated
1,1195000.0,30%-<36%,1495000.0,393.0,1,Not Hispanic or Latino,White,Male,35-44,80.0,Loan originated
1,165000.0,48,175000.0,88.0,1,Hispanic or Latino,White,Female,<25,97.0,Application denied
1,175000.0,38,235000.0,106.0,1,Not Hispanic or Latino,White,Male,45-54,75.0,Loan originated
1,545000.0,20%-<30%,685000.0,385.0,1,Not Hispanic or Latino,White,Male,45-54,80.0,Loan originated
1,435000.0,42,605000.0,145.0,1,Hispanic or Latino,White,Male,35-44,71.074,Loan originated
1,315000.0,30%-<36%,545000.0,125.0,1,Not Hispanic or Latino,White,Male,25-34,56.829,Loan originated
1,415000.0,49,565000.0,165.0,1,Not Hispanic or Latino,Asian,Male,55-64,73.451,Loan originated
1,655000.0,41,675000.0,174.0,1,Not Hispanic or Latino,White,Female,25-34,97.0,Loan originated
1,255000.0,48,855000.0,64.0,1,Not Hispanic or Latino,Asian,Female,35-44,29.412,Loan originated
1,345000.0,45,435000.0,75.0,1,Not Hispanic or Latino,Asian,Male,<25,80.0,Loan originated
1,525000.0,39,655000.0,259.0,1,Not Hispanic or Latino,White,Male,25-34,80.0,Loan originated
1,325000.0,49,645000.0,165.0,1,Not Hispanic or Latino,Asian,Male,55-64,49.61,Loan originated
1,1055000.0,43,1505000.0,397.0,1,Not Hispanic or Latino,White,Male,35-44,69.959,Loan originated
1,765000.0,45,805000.0,158.0,1,Hispanic or Latino,White,Male,45-54,95.0,Application denied
1,475000.0,49,595000.0,95.0,1,Hispanic or Latino,White,Female,>74,80.0,Loan originated
1,895000.0,30%-<36%,995000.0,267.0,1,Not Hispanic or Latino,White,Female,35-44,90.0,Application denied
1,605000.0,39,635000.0,155.0,1,Not Hispanic or Latino,White,Female,>74,95.0,Loan originated
1,285000.0,47,345000.0,75.0,1,Hispanic or Latino,White,Male,45-54,85.0,Loan originated
1,655000.0,48,875000.0,207.0,1,Not Hispanic or Latino,Asian,Female,>74,75.0,Loan originated
1,495000.0,49,555000.0,120.0,1,Not Hispanic or Latino,White,Female,35-44,89.99,Loan originated
1,1145000.0,20%-<30%,3465000.0,433.0,1,Not Hispanic or Latino,White,Female,45-54,33.183,Loan originated
1,25000.0,38,655000.0,191.0,1,Not Hispanic or Latino,Black or African American,Female,35-44,100.0,Loan originated
1,485000.0,47,615000.0,149.0,1,Hispanic or Latino,White,Male,<25,80.0,Loan originated
1,345000.0,30%-<36%,365000.0,123.0,1,Not Hispanic or Latino,White,Male,35-44,95.0,Loan originated
1,575000.0,20%-<30%,675000.0,210.0,1,Not Hispanic or Latino,White,Male,35-44,85.634,Loan originated
1,445000.0,49,505000.0,96.0,1,Hispanic or Latino,White,Male,45-54,88.0,Loan originated
1,525000.0,44,655000.0,172.0,1,Not Hispanic or Latino,White,Female,25-34,80.0,Loan originated
1,755000.0,30%-<36%,1755000.0,314.0,1,Not Hispanic or Latino,Asian,Male,25-34,42.857,Loan originated
1,515000.0,42,545000.0,114.0,1,Not Hispanic or Latino,Asian,Male,35-44,95.0,Loan originated
1,635000.0,<20%,795000.0,499.0,1,Not Hispanic or Latino,White,Male,45-54,80.0,Loan originated
1,15000.0,50%-60%,455000.0,112.0,1,Hispanic or Latino,White,Male,25-34,100.0,Loan originated
1,395000.0,36,465000.0,144.0,1,Hispanic or Latino,White,Male,45-54,85.0,Loan originated
1,485000.0,46,605000.0,120.0,1,Not Hispanic or Latino,Asian,Male,25-34,80.0,Loan originated
1,805000.0,36,1325000.0,324.0,1,Not Hispanic or Latino,Asian,Male,45-54,61.0,Loan originated
1,945000.0,20%-<30%,1175000.0,725.0,1,Hispanic or Latino,Asian,Female,<25,80.0,Loan originated
1,305000.0,44,335000.0,76.0,1,Hispanic or Latino,White,Female,25-34,90.0,Loan originated
1,675000.0,40,745000.0,283.0,1,Hispanic or Latino,Asian,Male,35-44,89.99,Loan originated
1,575000.0,50%-60%,575000.0,123.0,1,Hispanic or Latino,White,Female,35-44,100.0,Application denied
1,425000.0,<20%,525000.0,-3.0,1,Not Hispanic or Latino,White,Male,55-64,79.81,Application denied
1,945000.0,37,1045000.0,244.0,1,Not Hispanic or Latino,Black or African American,Male,45-54,90.0,Loan originated
1,435000.0,38,635000.0,211.0,1,Not Hispanic or Latino,White,Female,55-64,68.254,Loan originated
1,405000.0,30%-<36%,555000.0,234.0,1,Not Hispanic or Latino,White,Male,25-34,72.909,Loan originated
1,615000.0,44,765000.0,167.0,1,Not Hispanic or Latino,Asian,Female,55-64,80.0,Loan originated
1,395000.0,49,425000.0,96.0,1,Hispanic or Latino,White,Female,35-44,95.0,Loan originated
1,235000.0,37,705000.0,96.0,1,Not Hispanic or Latino,Asian,Female,25-34,33.616,Loan originated
1,425000.0,38,475000.0,178.0,1,Not Hispanic or Latino,White,Female,35-44,90.0,Loan originated
1,425000.0,30%-<36%,2525000.0,236.0,1,Not Hispanic or Latino,White,Male,25-34,16.865,Loan originated
1,395000.0,38,495000.0,114.0,1,Not Hispanic or Latino,White,Male,25-34,80.0,Loan originated
1,365000.0,43,385000.0,91.0,1,Not Hispanic or Latino,White,Female,45-54,95.0,Loan originated
1,675000.0,47,755000.0,364.0,1,Hispanic or Latino,White,Male,<25,90.0,Loan originated
1,615000.0,30%-<36%,725000.0,205.0,1,Not Hispanic or Latino,Asian,Male,35-44,85.0,Loan originated
1,375000.0,37,505000.0,145.0,1,Not Hispanic or Latino,Asian,Female,25-34,75.0,Loan originated
1,705000.0,45,875000.0,174.0,1,Hispanic or Latino,White,Male,<25,80.0,Loan originated
1,665000.0,42,705000.0,240.0,1,Not Hispanic or Latino,White,Male,55-64,95.0,Application denied
1,335000.0,49,745000.0,203.0,1,Not Hispanic or Latino,White,Male,35-44,45.0,Application denied
1,605000.0,36,865000.0,186.0,1,Not Hispanic or Latino,Asian,Female,45-54,70.0,Loan originated
1,715000.0,20%-<30%,795000.0,310.0,1,Not Hispanic or Latino,Black or African American,Female,35-44,90.0,Loan originated
1,1005000.0,40,1065000.0,275.0,1,Not Hispanic or Latino,Asian,Male,35-44,93.9,Loan originated
1,555000.0,46,695000.0,140.0,1,Hispanic or Latino,White,Male,25-34,80.0,Loan originated
1,205000.0,20%-<30%,565000.0,117.0,1,Not Hispanic or Latino,Native Hawaiian or Other Pacific Islander,Female,25-34,35.72,Loan originated
1,885000.0,40,1285000.0,252.0,1,Not Hispanic or Latino,White,Female,35-44,68.872,Loan originated
1,395000.0,42,405000.0,99.0,1,Hispanic or Latino,White,Female,35-44,97.0,Loan originated
1,765000.0,30%-<36%,1325000.0,242.0,1,Not Hispanic or Latino,White,Male,45-54,57.85,Loan originated
1,595000.0,39,615000.0,202.0,1,Hispanic or Latino,White,Male,35-44,97.0,Loan originated
1,925000.0,46,975000.0,198.0,1,Not Hispanic or Latino,Asian,Male,45-54,95.0,Loan originated
1,765000.0,44,1085000.0,222.0,1,Not Hispanic or Latino,Asian,Female,55-64,70.37,Loan originated
1,315000.0,48,325000.0,72.0,1,Not Hispanic or Latino,Black or African American,Female,25-34,97.0,Loan originated
1,455000.0,42,605000.0,136.0,1,Not Hispanic or Latino,Black or African American,Male,35-44,75.0,Loan originated
1,325000.0,46,1025000.0,195.0,1,Not Hispanic or Latino,White,Male,35-44,31.7,Loan originated
1,415000.0,30%-<36%,445000.0,131.0,1,Not Hispanic or Latino,Asian,Female,25-34,95.0,Loan originated
1,435000.0,44,805000.0,129.0,1,Not Hispanic or Latino,Asian,Female,25-34,53.75,Loan originated
1,815000.0,30%-<36%,1215000.0,258.0,1,Hispanic or Latino,White,Male,45-54,67.051,Loan originated
1,535000.0,49,575000.0,136.0,1,Not Hispanic or Latino,Asian,Female,25-34,93.004,Loan originated
1,305000.0,44,445000.0,106.0,1,Not Hispanic or Latino,White,Male,55-64,68.0,Loan originated
1,755000.0,43,1075000.0,196.0,1,Not Hispanic or Latino,Asian,Male,45-54,69.83,Loan originated
1,455000.0,49,505000.0,155.0,1,Not Hispanic or Latino,White,Female,25-34,90.0,Loan originated
1,315000.0,45,355000.0,85.0,1,Not Hispanic or Latino,White,Male,25-34,90.0,Loan originated
1,515000.0,30%-<36%,675000.0,283.0,1,Not Hispanic or Latino,White,Male,45-54,76.3,Application denied
1,415000.0,30%-<36%,525000.0,159.0,1,Not Hispanic or Latino,Asian,Female,45-54,80.0,Loan originated
1,535000.0,49,675000.0,127.0,1,Hispanic or Latino,White,Male,25-34,79.866,Loan originated
1,375000.0,50%-60%,645000.0,206.0,1,Not Hispanic or Latino,White,Female,65-74,59.0,Loan originated
1,275000.0,43,365000.0,119.0,1,Hispanic or Latino,White,Male,35-44,75.0,Loan originated
1,375000.0,44,415000.0,84.0,1,Not Hispanic or Latino,White,Female,<25,92.0,Loan originated
1,735000.0,38,815000.0,448.0,1,Not Hispanic or Latino,Native Hawaiian or Other Pacific Islander,Male,45-54,90.0,Loan originated
1,945000.0,30%-<36%,1055000.0,394.0,1,Not Hispanic or Latino,Black or African American,Male,35-44,90.0,Application denied
1,135000.0,30%-<36%,145000.0,115.0,1,Not Hispanic or Latino,White,Female,65-74,87.44,Loan originated
1,155000.0,42,455000.0,58.0,1,Not Hispanic or Latino,White,Female,>74,32.967,Loan originated
1,425000.0,46,575000.0,99.0,1,Not Hispanic or Latino,White,Female,<25,75.0,Loan originated
1,355000.0,44,505000.0,77.0,1,Not Hispanic or Latino,White,Female,25-34,70.12,Loan originated
1,635000.0,43,655000.0,138.0,1,Hispanic or Latino,White,Female,25-34,97.0,Loan originated
1,475000.0,39,495000.0,118.0,1,Hispanic or Latino,White,Male,35-44,97.0,Loan originated
1,465000.0,48,525000.0,102.0,1,Hispanic or Latino,White,Male,<25,88.462,Loan originated
1,595000.0,20%-<30%,905000.0,211.0,1,Hispanic or Latino,Asian,Female,25-34,65.67,Loan originated
1,945000.0,38,995000.0,258.0,1,Not Hispanic or Latino,White,Female,35-44,95.0,Loan originated
1,915000.0,45,1715000.0,285.0,1,Not Hispanic or Latino,Asian,Male,25-34,53.295,Loan originated
1,405000.0,43,805000.0,142.0,1,Not Hispanic or Latino,Asian,Female,<25,50.0,Loan originated
1,835000.0,39,1195000.0,273.0,1,Not Hispanic or Latino,Asian,Male,45-54,70.0,Loan originated
1,735000.0,41,775000.0,242.0,1,Not Hispanic or Latino,White,Male,35-44,95.0,Loan originated
1,435000.0,41,585000.0,104.0,1,Not Hispanic or Latino,Asian,Male,55-64,75.0,Loan originated
1,585000.0,44,735000.0,121.0,1,Not Hispanic or Latino,White,Female,45-54,80.0,Loan originated
1,425000.0,41,435000.0,124.0,1,Hispanic or Latino,White,Female,25-34,97.0,Application denied
1,435000.0,45,625000.0,121.0,1,Not Hispanic or Latino,White,Male,35-44,69.6,Loan originated
1,855000.0,47,975000.0,195.0,1,Hispanic or Latino,White,Male,25-34,87.892,Loan originated
1,655000.0,44,815000.0,157.0,1,Not Hispanic or Latino,Asian,Male,25-34,80.0,Loan originated
1,775000.0,<20%,975000.0,854.0,1,Not Hispanic or Latino,White,Male,25-34,80.0,Loan originated
1,735000.0,48,775000.0,203.0,1,Not Hispanic or Latino,Black or African American,Female,55-64,95.0,Loan originated
1,765000.0,20%-<30%,985000.0,367.0,1,Not Hispanic or Latino,White,Male,45-54,78.163,Loan originated
1,565000.0,46,595000.0,110.0,1,Hispanic or Latino,White,Male,35-44,95.0,Loan originated
1,545000.0,44,1165000.0,143.0,1,Not Hispanic or Latino,Asian,Female,45-54,46.79,Loan originated
1,265000.0,48,275000.0,76.0,1,Not Hispanic or Latino,Black or African American,Female,25-34,97.0,Loan originated
1,505000.0,20%-<30%,1405000.0,366.0,1,Not Hispanic or Latino,White,Female,55-64,35.714,Loan originated
1,615000.0,38,765000.0,181.0,1,Not Hispanic or Latino,Black or African American,Male,65-74,80.0,Loan originated
1,515000.0,30%-<36%,535000.0,162.0,1,Not Hispanic or Latino,White,Male,25-34,95.0,Loan originated
1,295000.0,44,305000.0,64.0,1,Not Hispanic or Latino,White,Female,25-34,97.0,Loan originated
1,495000.0,48,545000.0,104.0,1,Not Hispanic or Latino,Asian,Male,45-54,92.0,Loan originated
1,75000.0,50%-60%,115000.0,55.0,1,Not Hispanic or Latino,White,Male,>74,67.1,Application denied
1,255000.0,43,325000.0,86.0,1,Hispanic or Latino,White,Male,25-34,80.0,Loan originated
1,955000.0,30%-<36%,1375000.0,363.0,1,Not Hispanic or Latino,Asian,Male,25-34,70.0,Loan originated
1,445000.0,42,485000.0,121.0,1,Not Hispanic or Latino,White,Female,45-54,90.0,Loan originated
1,335000.0,30%-<36%,855000.0,128.0,1,Not Hispanic or Latino,Asian,Male,45-54,39.412,Loan originated
1,765000.0,49,815000.0,150.0,1,Hispanic or Latino,White,Male,35-44,94.0,Loan originated
1,745000.0,30%-<36%,935000.0,421.0,1,Not Hispanic or Latino,Asian,Male,25-34,80.0,Loan originated
1,605000.0,49,645000.0,151.0,1,Hispanic or Latino,American Indian or Alaska Native,Male,25-34,95.0,Loan originated
1,525000.0,49,575000.0,106.0,1,Hispanic or Latino,White,Female,45-54,90.55,Loan originated
1,575000.0,44,595000.0,130.0,1,Not Hispanic or Latino,Asian,Male,55-64,97.0,Loan originated
1,175000.0,36,605000.0,57.0,1,Not Hispanic or Latino,White,Male,55-64,29.16,Loan originated
1,235000.0,48,245000.0,65.0,1,Hispanic or Latino,White,Female,35-44,95.0,Loan originated
1,495000.0,39,625000.0,131.0,1,Not Hispanic or Latino,White,Male,65-74,79.839,Loan originated
1,745000.0,42,935000.0,210.0,1,Not Hispanic or Latino,White,Male,65-74,80.0,Loan originated
1,965000.0,41,1875000.0,256.0,1,Not Hispanic or Latino,Asian,Male,35-44,51.2,Loan originated
1,715000.0,30%-<36%,775000.0,244.0,1,Not Hispanic or Latino,White,Male,45-54,92.0,Loan originated
1,765000.0,38,805000.0,231.0,1,Not Hispanic or Latino,White,Female,25-34,95.0,Loan originated
1,585000.0,50%-60%,605000.0,111.0,1,Hispanic or Latino,White,Female,<25,96.667,Application denied
1,555000.0,41,1425000.0,135.0,1,Not Hispanic or Latino,Asian,Male,55-64,38.596,Loan originated
1,575000.0,49,775000.0,144.0,1,Not Hispanic or Latino,Asian,Male,45-54,74.0,Loan originated
1,225000.0,47,1355000.0,90.0,1,Not Hispanic or Latino,Asian,Male,25-34,17.0,Loan originated
1,365000.0,47,385000.0,133.0,1,Hispanic or Latino,White,Female,35-44,95.0,Loan originated
1,365000.0,48,525000.0,148.0,1,Hispanic or Latino,White,Female,35-44,70.0,Application denied
1,625000.0,30%-<36%,775000.0,195.0,1,Not Hispanic or Latino,Asian,Male,25-34,80.0,Loan originated
1,415000.0,44,515000.0,100.0,1,Not Hispanic or Latino,White,Male,35-44,80.0,Loan originated
1,925000.0,38,1255000.0,244.0,1,Not Hispanic or Latino,White,Male,35-44,74.0,Loan originated
1,785000.0,39,985000.0,236.0,1,Not Hispanic or Latino,White,Male,45-54,80.0,Loan originated
1,235000.0,<20%,255000.0,172.0,1,Not Hispanic or Latino,White,Male,45-54,95.0,Loan originated
1,425000.0,42,435000.0,141.0,1,Hispanic or Latino,White,Male,45-54,100.0,Loan originated
1,575000.0,48,715000.0,156.0,1,Hispanic or Latino,White,Male,35-44,80.0,Application denied
1,315000.0,47,335000.0,61.0,1,Not Hispanic or Latino,Asian,Male,45-54,94.0,Loan originated
1,715000.0,43,895000.0,208.0,1,Not Hispanic or Latino,Asian,Male,45-54,80.0,Loan originated
1,285000.0,42,435000.0,176.0,1,Not Hispanic or Latino,White,Male,65-74,65.517,Loan originated
1,715000.0,49,755000.0,156.0,1,Not Hispanic or Latino,White,Male,45-54,95.0,Loan originated
1,405000.0,41,405000.0,112.0,1,Not Hispanic or Latino,White,Male,25-34,100.0,Loan originated
1,895000.0,36,955000.0,246.0,1,Hispanic or Latino,White,Male,25-34,94.731,Loan originated
1,765000.0,37,1065000.0,377.0,1,Not Hispanic or Latino,Asian,Female,55-64,71.698,Loan originated
1,345000.0,36,495000.0,131.0,1,Not Hispanic or Latino,White,Male,45-54,70.0,Application denied
1,255000.0,47,265000.0,67.0,1,Not Hispanic or Latino,Black or African American,Male,45-54,100.0,Loan originated
1,705000.0,46,885000.0,218.0,1,Not Hispanic or Latino,Asian,Male,35-44,79.998,Loan originated
1,185000.0,20%-<30%,225000.0,80.0,1,Not Hispanic or Latino,Asian,Male,55-64,80.0,Loan originated
1,695000.0,49,725000.0,171.0,1,Not Hispanic or Latino,White,Female,55-64,95.0,Loan originated
1,205000.0,20%-<30%,405000.0,80.0,1,Not Hispanic or Latino,White,Female,25-34,50.0,Loan originated
1,355000.0,50%-60%,775000.0,69.0,1,Not Hispanic or Latino,Asian,Female,65-74,38.961,Application denied
1,1105000.0,42,2215000.0,322.0,1,Not Hispanic or Latino,White,Male,45-54,50.0,Loan originated
1,775000.0,47,815000.0,180.0,1,Not Hispanic or Latino,White,Male,35-44,95.0,Loan originated
1,1095000.0,39,1155000.0,354.0,1,Not Hispanic or Latino,White,Male,25-34,95.0,Loan originated
1,435000.0,49,585000.0,110.0,1,Not Hispanic or Latino,White,Female,45-54,75.0,Loan originated
1,395000.0,36,475000.0,139.0,1,Hispanic or Latino,American Indian or Alaska Native,Male,35-44,102.392,Loan originated
1,535000.0,41,665000.0,153.0,1,Not Hispanic or Latino,White,Male,45-54,80.0,Loan originated
1,695000.0,36,875000.0,273.0,1,Not Hispanic or Latino,Asian,Male,45-54,80.0,Loan originated
1,225000.0,44,305000.0,77.0,1,Not Hispanic or Latino,White,Male,55-64,75.0,Loan originated
1,455000.0,38,505000.0,117.0,1,Not Hispanic or Latino,White,Female,35-44,89.9,Loan originated
1,545000.0,30%-<36%,575000.0,205.0,1,Not Hispanic or Latino,White,Female,45-54,95.0,Loan originated
1,625000.0,47,735000.0,161.0,1,Not Hispanic or Latino,Black or African American,Male,45-54,85.0,Loan originated
1,405000.0,30%-<36%,715000.0,296.0,1,Not Hispanic or Latino,White,Female,55-64,56.0,Loan originated
1,605000.0,48,765000.0,151.0,1,Not Hispanic or Latino,White,Male,25-34,80.0,Loan originated
1,465000.0,20%-<30%,865000.0,386.0,1,Hispanic or Latino,White,Male,25-34,53.488,Loan originated
1,195000.0,43,365000.0,71.0,1,Hispanic or Latino,White,Female,35-44,52.575,Loan originated
1,635000.0,46,785000.0,133.0,1,Hispanic or Latino,White,Female,25-34,80.0,Loan originated
1,365000.0,42,495000.0,303.0,1,Not Hispanic or Latino,White,Female,35-44,75.0,Loan originated
1,485000.0,49,545000.0,152.0,1,Not Hispanic or Latino,White,Female,45-54,90.0,Application denied
1,295000.0,46,305000.0,77.0,1,Hispanic or Latino,White,Male,35-44,97.0,Loan originated
1,455000.0,30%-<36%,535000.0,186.0,1,Not Hispanic or Latino,White,Female,45-54,85.0,Loan originated
1,285000.0,49,305000.0,93.0,1,Not Hispanic or Latino,White,Male,55-64,95.0,Loan originated
1,785000.0,48,985000.0,209.0,1,Not Hispanic or Latino,Asian,Male,45-54,80.0,Loan originated
1,555000.0,43,615000.0,137.0,1,Not Hispanic or Latino,White,Female,25-34,90.0,Loan originated
1,175000.0,30%-<36%,175000.0,65.0,1,Not Hispanic or Latino,White,Female,55-64,100.0,Application denied
1,655000.0,20%-<30%,1305000.0,238.0,1,Not Hispanic or Latino,White,Female,55-64,50.0,Application denied
1,765000.0,20%-<30%,855000.0,308.0,1,Not Hispanic or Latino,Asian,Male,45-54,90.0,Application denied
1,945000.0,<20%,1175000.0,592.0,1,Not Hispanic or Latino,White,Male,25-34,80.0,Loan originated
1,355000.0,>60%,625000.0,135.0,1,Not Hispanic or Latino,Asian,Male,45-54,56.532,Application denied
1,345000.0,46,495000.0,76.0,1,Not Hispanic or Latino,Asian,Male,45-54,70.0,Loan originated
1,725000.0,45,805000.0,207.0,1,Hispanic or Latino,White,Female,35-44,90.0,Application denied
1,205000.0,46,875000.0,60.0,1,Not Hispanic or Latino,White,Male,35-44,22.99,Loan originated
1,375000.0,45,385000.0,120.0,1,Hispanic or Latino,White,Male,25-34,97.0,Loan originated
1,605000.0,48,765000.0,122.0,1,Hispanic or Latino,White,Male,35-44,99.7368,Loan originated
1,385000.0,44,415000.0,84.0,1,Not Hispanic or Latino,Asian,Female,35-44,95.0,Loan originated
1,435000.0,20%-<30%,545000.0,161.0,1,Not Hispanic or Latino,White,Female,35-44,83.0,Loan originated
1,705000.0,45,735000.0,179.0,1,Hispanic or Latino,White,Female,25-34,97.0,Loan originated
1,295000.0,45,415000.0,93.0,1,Not Hispanic or Latino,White,Female,55-64,70.0,Loan originated
1,405000.0,40,635000.0,255.0,1,Hispanic or Latino,White,Male,55-64,63.1,Loan originated
1,835000.0,40,1645000.0,506.0,1,Not Hispanic or Latino,White,Male,35-44,81.59,Loan originated
1,695000.0,46,925000.0,192.0,1,Not Hispanic or Latino,White,Female,55-64,75.0,Loan originated
1,615000.0,30%-<36%,675000.0,163.0,1,Not Hispanic or Latino,White,Female,35-44,90.0,Loan originated
1,905000.0,20%-<30%,1645000.0,336.0,1,Not Hispanic or Latino,Asian,Male,35-44,54.621,Loan originated
1,245000.0,20%-<30%,695000.0,100.0,1,Not Hispanic or Latino,White,Male,45-54,34.532,Application denied
1,1005000.0,41,1355000.0,235.0,1,Not Hispanic or Latino,Asian,Male,35-44,73.801,Loan originated
1,875000.0,48,925000.0,200.0,1,Not Hispanic or Latino,Asian,Male,25-34,98.0,Loan originated
1,305000.0,30%-<36%,475000.0,113.0,1,Not Hispanic or Latino,White,Male,25-34,63.83,Loan originated
1,655000.0,45,765000.0,135.0,1,Not Hispanic or Latino,Asian,Male,25-34,85.0,Loan originated
1,765000.0,30%-<36%,865000.0,230.0,1,Not Hispanic or Latino,Asian,Male,25-34,89.0,Loan originated
1,305000.0,30%-<36%,355000.0,89.0,1,Not Hispanic or Latino,White,Male,25-34,85.714,Loan originated
1,515000.0,36,655000.0,159.0,1,Not Hispanic or Latino,White,Male,65-74,80.0,Loan originated
1,485000.0,30%-<36%,655000.0,130.0,1,Hispanic or Latino,White,Male,45-54,75.0,Loan originated
1,355000.0,48,845000.0,83.0,1,Not Hispanic or Latino,Asian,Female,35-44,41.31,Loan originated
1,645000.0,37,715000.0,155.0,1,Hispanic or Latino,Asian,Male,35-44,89.99,Loan originated
1,505000.0,49,635000.0,139.0,1,Not Hispanic or Latino,White,Male,55-64,80.0,Loan originated
1,135000.0,45,145000.0,75.0,1,Hispanic or Latino,White,Male,35-44,95.0,Loan originated
1,385000.0,40,555000.0,146.0,1,Not Hispanic or Latino,White,Male,>74,70.0,Loan originated
1,295000.0,42,595000.0,76.0,1,Not Hispanic or Latino,White,Female,45-54,49.58,Loan originated
1,895000.0,49,945000.0,304.0,1,Hispanic or Latino,White,Male,35-44,95.0,Loan originated
1,225000.0,<20%,455000.0,1522.0,1,Not Hispanic or Latino,Asian,Female,45-54,49.451,Loan originated
1,375000.0,47,535000.0,118.0,1,Hispanic or Latino,White,Female,45-54,70.0,Loan originated
1,665000.0,45,885000.0,160.0,1,Not Hispanic or Latino,White,Male,35-44,75.0,Loan originated
1,85000.0,20%-<30%,805000.0,48.0,1,Hispanic or Latino,Black or African American,Male,25-34,10.0,Loan originated
1,945000.0,30%-<36%,1455000.0,276.0,1,Not Hispanic or Latino,Asian,Male,45-54,64.83,Loan originated
1,265000.0,45,275000.0,66.0,1,Hispanic or Latino,White,Male,25-34,97.0,Loan originated
1,85000.0,30%-<36%,95000.0,55.0,1,Not Hispanic or Latino,White,Male,>74,92.89,Loan originated
1,685000.0,38,855000.0,380.0,1,Not Hispanic or Latino,Black or African American,Male,45-54,80.0,Loan originated
1,755000.0,30%-<36%,795000.0,220.0,1,Not Hispanic or Latino,Asian,Female,35-44,95.0,Loan originated
1,895000.0,48,995000.0,174.0,1,Not Hispanic or Latino,Asian,Male,25-34,89.99,Loan originated
1,725000.0,41,765000.0,176.0,1,Not Hispanic or Latino,White,Male,25-34,95.0,Loan originated
1,875000.0,45,925000.0,452.0,1,Not Hispanic or Latino,Asian,Male,35-44,95.0,Loan originated
1,905000.0,36,1145000.0,305.0,1,Not Hispanic or Latino,Asian,Male,35-44,79.825,Loan originated
1,405000.0,30%-<36%,465000.0,137.0,1,Not Hispanic or Latino,2 or more minority races,Female,35-44,88.1,Loan originated
1,375000.0,38,385000.0,118.0,1,Not Hispanic or Latino,Black or African American,Male,45-54,97.0,Loan originated
1,645000.0,48,1545000.0,190.0,1,Not Hispanic or Latino,White,Female,45-54,41.634,Loan originated
1,435000.0,50%-60%,1155000.0,111.0,1,Not Hispanic or Latino,Asian,Male,65-74,37.489,Application denied
1,525000.0,48,655000.0,140.0,1,Not Hispanic or Latino,Black or African American,Male,45-54,100.0,Loan originated
1,375000.0,45,495000.0,106.0,1,Hispanic or Latino,White,Male,35-44,76.0,Loan originated
1,445000.0,49,565000.0,92.0,1,Not Hispanic or Latino,Asian,Female,45-54,78.572,Loan originated
1,345000.0,<20%,575000.0,273.0,1,Not Hispanic or Latino,Asian,Female,25-34,59.13,Loan originated
1,645000.0,47,885000.0,141.0,1,Not Hispanic or Latino,White,Female,35-44,73.164,Loan originated
1,205000.0,49,245000.0,57.0,1,Hispanic or Latino,White,Male,25-34,85.0,Loan originated
1,555000.0,40,575000.0,144.0,1,Not Hispanic or Latino,White,Female,35-44,95.0,Loan originated
1,375000.0,50%-60%,475000.0,97.0,1,Not Hispanic or Latino,Black or African American,Male,35-44,103.0,Application denied
1,115000.0,39,465000.0,55.0,1,Hispanic or Latino,White,Female,55-64,24.73,Loan originated
1,765000.0,49,955000.0,249.0,1,Not Hispanic or Latino,Asian,Male,25-34,80.0,Loan originated
1,505000.0,>60%,535000.0,130.0,1,Not Hispanic or Latino,Black or African American,Female,25-34,95.0,Application denied
1,475000.0,20%-<30%,725000.0,244.0,1,Not Hispanic or Latino,Asian,Male,55-64,65.517,Loan originated
1,435000.0,48,435000.0,120.0,1,Not Hispanic or Latino,White,Male,25-34,99.23,Application denied
1,745000.0,30%-<36%,885000.0,254.0,1,Not Hispanic or Latino,Asian,Male,45-54,85.0,Loan originated
1,475000.0,49,565000.0,116.0,1,Not Hispanic or Latino,Asian,Male,55-64,85.0,Loan originated
1,195000.0,48,225000.0,94.0,1,Hispanic or Latino,White,Male,65-74,90.0,Loan originated
1,265000.0,37,335000.0,87.0,1,Not Hispanic or Latino,White,Male,55-64,80.0,Loan originated
1,765000.0,43,955000.0,177.0,1,Hispanic or Latino,White,Male,55-64,80.0,Loan originated
1,455000.0,48,755000.0,107.0,1,Hispanic or Latino,White,Female,25-34,60.0,Loan originated
1,205000.0,48,375000.0,59.0,1,Not Hispanic or Latino,Asian,Female,45-54,54.67,Loan originated
1,595000.0,30%-<36%,665000.0,191.0,1,Hispanic or Latino,White,Male,35-44,90.0,Loan originated
1,1075000.0,38,2045000.0,360.0,1,Not Hispanic or Latino,White,Male,65-74,52.593,Loan originated
1,865000.0,48,1215000.0,193.0,1,Not Hispanic or Latino,White,Male,65-74,71.0,Loan originated
1,705000.0,40,785000.0,214.0,1,Not Hispanic or Latino,White,Male,35-44,90.0,Loan originated
1,425000.0,48,535000.0,60.0,1,Hispanic or Latino,White,Male,55-64,80.0,Application denied
1,305000.0,49,405000.0,62.0,1,Not Hispanic or Latino,Asian,Male,25-34,95.0,Loan originated
1,525000.0,45,555000.0,215.0,1,Hispanic or Latino,White,Male,35-44,95.0,Loan originated
1,15000.0,37,565000.0,168.0,1,Hispanic or Latino,White,Male,25-34,100.0,Loan originated
1,655000.0,49,815000.0,159.0,1,Not Hispanic or Latino,Black or African American,Male,>74,80.0,Loan originated
1,535000.0,30%-<36%,685000.0,145.0,1,Not Hispanic or Latino,Asian,Male,35-44,77.941,Loan originated
1,1145000.0,44,1435000.0,296.0,1,Not Hispanic or Latino,Asian,Male,35-44,80.0,Loan originated
1,725000.0,30%-<36%,915000.0,186.0,1,Not Hispanic or Latino,White,Male,35-44,80.0,Loan originated
1,465000.0,41,585000.0,116.0,1,Not Hispanic or Latino,White,Male,25-34,80.0,Loan originated
1,745000.0,44,885000.0,180.0,1,Not Hispanic or Latino,White,Male,55-64,85.0,Loan originated
1,515000.0,42,545000.0,210.0,1,Not Hispanic or Latino,White,Female,55-64,95.0,Loan originated
1,495000.0,20%-<30%,795000.0,696.0,1,Not Hispanic or Latino,Asian,Male,>74,62.147,Loan originated
1,205000.0,44,255000.0,52.0,1,Hispanic or Latino,White,Male,25-34,80.0,Loan originated
1,635000.0,30%-<36%,1735000.0,261.0,1,Not Hispanic or Latino,White,Female,45-54,36.416,Loan originated
1,755000.0,49,945000.0,207.0,1,Not Hispanic or Latino,Asian,Male,35-44,80.0,Loan originated
1,515000.0,50%-60%,575000.0,85.0,1,Hispanic or Latino,White,Female,25-34,90.087,Loan originated
1,355000.0,46,685000.0,125.0,1,Not Hispanic or Latino,White,Female,55-64,51.471,Loan originated
1,705000.0,48,835000.0,156.0,1,Not Hispanic or Latino,Asian,Male,35-44,85.0,Loan originated
1,805000.0,38,945000.0,183.0,1,Not Hispanic or Latino,Asian,Male,35-44,85.479,Loan originated
1,545000.0,30%-<36%,685000.0,186.0,1,Not Hispanic or Latino,White,Female,25-34,80.0,Loan originated
1,585000.0,45,725000.0,134.0,1,Not Hispanic or Latino,White,Male,35-44,80.0,Loan originated
1,875000.0,39,1355000.0,250.0,1,Not Hispanic or Latino,White,Female,25-34,64.58,Loan originated
1,485000.0,>60%,565000.0,70.0,1,Not Hispanic or Latino,Asian,Male,25-34,85.0,Application denied
1,545000.0,<20%,775000.0,388.0,1,Hispanic or Latino,White,Male,35-44,70.0,Loan originated
1,545000.0,49,575000.0,124.0,1,Not Hispanic or Latino,White,Male,25-34,93.92,Loan originated
1,585000.0,30%-<36%,1065000.0,191.0,1,Not Hispanic or Latino,White,Female,35-44,54.717,Loan originated
1,755000.0,20%-<30%,1555000.0,707.0,1,Not Hispanic or Latino,Asian,Male,45-54,48.387,Loan originated
1,95000.0,37,105000.0,65.0,1,Not Hispanic or Latino,Black or African American,Male,>74,95.0,Application denied
1,515000.0,41,575000.0,131.0,1,Not Hispanic or Latino,Asian,Male,35-44,90.0,Loan originated
1,745000.0,39,825000.0,216.0,1,Not Hispanic or Latino,Asian,Male,35-44,90.0,Loan originated
1,555000.0,30%-<36%,655000.0,147.0,1,Not Hispanic or Latino,Asian,Male,25-34,85.0,Loan originated
1,105000.0,46,395000.0,32.0,1,Not Hispanic or Latino,White,Female,65-74,25.316,Loan originated
1,645000.0,41,805000.0,293.0,1,Not Hispanic or Latino,Asian,Female,25-34,90.0,Loan originated
1,385000.0,36,495000.0,129.0,1,Not Hispanic or Latino,Asian,Female,35-44,80.0,Loan originated
1,245000.0,46,255000.0,71.0,1,Not Hispanic or Latino,White,Male,25-34,96.716,Loan originated
1,185000.0,20%-<30%,245000.0,170.0,1,Not Hispanic or Latino,White,Female,55-64,75.0,Loan originated
1,345000.0,48,415000.0,68.0,1,Hispanic or Latino,White,Male,35-44,89.0,Application denied
1,835000.0,44,925000.0,278.0,1,Not Hispanic or Latino,White,Male,25-34,90.0,Loan originated
1,1095000.0,42,1165000.0,304.0,1,Not Hispanic or Latino,White,Female,35-44,95.0,Loan originated
1,585000.0,30%-<36%,655000.0,181.0,1,Not Hispanic or Latino,Asian,Male,35-44,90.0,Loan originated
1,595000.0,49,635000.0,129.0,1,Not Hispanic or Latino,White,Male,45-54,99.9,Loan originated
1,595000.0,42,625000.0,190.0,1,Hispanic or Latino,Black or African American,Male,35-44,95.0,Loan originated
1,285000.0,20%-<30%,325000.0,271.0,1,Not Hispanic or Latino,White,Female,45-54,90.0,Loan originated
1,765000.0,47,985000.0,162.0,1,Not Hispanic or Latino,White,Male,55-64,77.503,Loan originated
1,535000.0,20%-<30%,635000.0,186.0,1,Not Hispanic or Latino,White,Male,35-44,85.0,Loan originated
1,585000.0,48,715000.0,117.0,1,Not Hispanic or Latino,White,Female,45-54,82.394,Loan originated
1,635000.0,48,665000.0,140.0,1,Not Hispanic or Latino,Asian,Male,25-34,95.0,Loan originated
1,485000.0,<20%,635000.0,0.0,1,Not Hispanic or Latino,White,Female,>74,80.0,Loan originated
1,1005000.0,46,1105000.0,234.0,1,Not Hispanic or Latino,White,Female,45-54,91.455,Loan originated
1,625000.0,45,695000.0,250.0,1,Not Hispanic or Latino,White,Male,25-34,90.0,Loan originated
1,765000.0,46,1175000.0,161.0,1,Not Hispanic or Latino,White,Male,55-64,65.52,Loan originated
1,355000.0,39,505000.0,227.0,1,Not Hispanic or Latino,White,Male,<25,70.297,Loan originated
1,915000.0,47,1525000.0,205.0,1,Not Hispanic or Latino,White,Male,45-54,60.0,Loan originated
1,515000.0,45,545000.0,147.0,1,Not Hispanic or Latino,Asian,Male,35-44,95.0,Loan originated
1,765000.0,46,1245000.0,167.0,1,Not Hispanic or Latino,Asian,Male,35-44,61.488,Loan originated
1,195000.0,30%-<36%,205000.0,67.0,1,Not Hispanic or Latino,American Indian or Alaska Native,Female,<25,97.0,Loan originated
1,385000.0,30%-<36%,605000.0,165.0,1,Not Hispanic or Latino,White,Male,45-54,63.33,Loan originated
1,235000.0,42,605000.0,195.0,1,Hispanic or Latino,White,Female,>74,38.182,Loan originated
1,1145000.0,48,1455000.0,230.0,1,Not Hispanic or Latino,Asian,Male,25-34,80.0,Loan originated
1,375000.0,49,465000.0,66.0,1,Not Hispanic or Latino,White,Male,25-34,100.0,Loan originated
1,885000.0,41,1105000.0,207.0,1,Not Hispanic or Latino,White,Male,25-34,80.0,Loan originated
1,495000.0,48,515000.0,126.0,1,Not Hispanic or Latino,Black or African American,Female,25-34,97.0,Loan originated
1,905000.0,49,1595000.0,220.0,1,Hispanic or Latino,White,Male,25-34,56.32,Loan originated
1,585000.0,38,645000.0,194.0,1,Hispanic or Latino,White,Female,25-34,90.0,Loan originated
1,675000.0,49,995000.0,140.0,1,Not Hispanic or Latino,White,Male,25-34,67.337,Loan originated
1,755000.0,48,815000.0,168.0,1,Hispanic or Latino,White,Female,45-54,93.11,Loan originated
1,215000.0,42,245000.0,79.0,1,Not Hispanic or Latino,White,Female,45-54,90.0,Loan originated
1,705000.0,45,785000.0,210.0,1,Not Hispanic or Latino,White,Male,25-34,90.0,Loan originated
1,425000.0,43,535000.0,98.0,1,Not Hispanic or Latino,White,Male,35-44,80.0,Loan originated
1,1045000.0,20%-<30%,1395000.0,371.0,1,Not Hispanic or Latino,Asian,Male,35-44,75.0,Loan originated
1,365000.0,48,455000.0,74.0,1,Hispanic or Latino,White,Male,55-64,80.0,Loan originated
1,495000.0,37,705000.0,193.0,1,Not Hispanic or Latino,Asian,Male,45-54,70.0,Loan originated
1,565000.0,49,595000.0,111.0,1,Not Hispanic or Latino,Black or African American,Female,35-44,95.0,Loan originated
1,575000.0,41,605000.0,159.0,1,Not Hispanic or Latino,Asian,Female,25-34,95.04,Loan originated
1,655000.0,42,755000.0,196.0,1,Not Hispanic or Latino,Asian,Male,35-44,86.0,Loan originated
1,585000.0,46,735000.0,191.0,1,Hispanic or Latino,White,Male,45-54,80.0,Loan originated
1,405000.0,30%-<36%,705000.0,186.0,1,Not Hispanic or Latino,White,Female,35-44,57.5,Loan originated
1,905000.0,30%-<36%,1205000.0,267.0,1,Not Hispanic or Latino,Asian,Female,35-44,74.925,Loan originated
1,615000.0,30%-<36%,685000.0,185.0,1,Not Hispanic or Latino,Asian,Male,35-44,89.077,Loan originated
1,585000.0,20%-<30%,735000.0,200.0,1,Not Hispanic or Latino,Asian,Male,35-44,80.0,Loan originated
1,445000.0,49,915000.0,137.0,1,Not Hispanic or Latino,White,Female,65-74,47.934,Loan originated
1,455000.0,43,575000.0,231.0,1,Not Hispanic or Latino,Asian,Male,35-44,80.0,Loan originated
1,425000.0,46,535000.0,99.0,1,Not Hispanic or Latino,White,Male,35-44,80.0,Loan originated
1,245000.0,20%-<30%,345000.0,83.0,1,Not Hispanic or Latino,White,Male,65-74,70.0,Loan originated
1,585000.0,44,605000.0,140.0,1,Hispanic or Latino,White,Male,25-34,97.0,Loan originated
1,545000.0,30%-<36%,735000.0,199.0,1,Not Hispanic or Latino,Asian,Female,55-64,74.5,Loan originated
1,315000.0,48,335000.0,69.0,1,Hispanic or Latino,White,Male,35-44,94.703,Loan originated
1,725000.0,49,855000.0,155.0,1,Not Hispanic or Latino,Asian,Female,35-44,85.0,Loan originated
1,475000.0,36,595000.0,132.0,1,Not Hispanic or Latino,White,Female,25-34,80.0,Loan originated
1,375000.0,30%-<36%,385000.0,132.0,1,Hispanic or Latino,White,Male,25-34,100.395,Loan originated
1,505000.0,48,1285000.0,107.0,1,Not Hispanic or Latino,White,Female,35-44,39.03,Loan originated
1,215000.0,30%-<36%,225000.0,116.0,1,Not Hispanic or Latino,White,Female,65-74,95.0,Loan originated
1,125000.0,42,425000.0,54.0,1,Not Hispanic or Latino,Black or African American,Female,55-64,103.87,Loan originated
1,255000.0,44,635000.0,122.0,1,Not Hispanic or Latino,White,Female,55-64,39.69,Loan originated
1,405000.0,45,875000.0,121.0,1,Not Hispanic or Latino,White,Female,45-54,45.98,Loan originated
1,275000.0,41,365000.0,114.0,1,Not Hispanic or Latino,White,Female,65-74,75.0,Loan originated
1,665000.0,36,835000.0,176.0,1,Not Hispanic or Latino,Asian,Male,25-34,80.0,Loan originated
1,225000.0,47,845000.0,124.0,1,Not Hispanic or Latino,White,Female,65-74,27.111,Loan originated
1,615000.0,30%-<36%,1035000.0,233.0,1,Hispanic or Latino,White,Male,35-44,60.0,Loan originated
1,425000.0,44,355000.0,139.0,1,Not Hispanic or Latino,Asian,Male,35-44,97.0,Loan originated
1,305000.0,36,405000.0,83.0,1,Hispanic or Latino,White,Male,25-34,75.0,Loan originated
1,335000.0,45,355000.0,69.0,1,Hispanic or Latino,White,Female,55-64,97.0,Loan originated
1,285000.0,41,635000.0,126.0,1,Not Hispanic or Latino,Asian,Female,65-74,44.882,Loan originated
1,425000.0,46,445000.0,120.0,1,Not Hispanic or Latino,White,Male,65-74,94.965,Loan originated
1,445000.0,36,565000.0,114.0,1,Not Hispanic or Latino,Asian,Female,45-54,80.0,Loan originated
1,765000.0,30%-<36%,1045000.0,223.0,1,Hispanic or Latino,White,Male,25-34,73.07,Loan originated
1,725000.0,37,915000.0,180.0,1,Not Hispanic or Latino,White,Male,45-54,80.0,Loan originated
1,565000.0,47,715000.0,115.0,1,Not Hispanic or Latino,Asian,Male,25-34,80.0,Loan originated
1,615000.0,41,655000.0,143.0,1,Not Hispanic or Latino,Asian,Male,35-44,95.0,Loan originated
1,935000.0,41,1315000.0,235.0,1,Hispanic or Latino,White,Male,35-44,71.37,Loan originated
1,265000.0,37,275000.0,89.0,1,Hispanic or Latino,White,Male,25-34,97.0,Loan originated
1,365000.0,47,735000.0,90.0,1,Not Hispanic or Latino,White,Female,35-44,48.98,Loan originated
1,675000.0,49,835000.0,402.0,1,Not Hispanic or Latino,Asian,Male,45-54,80.0,Loan originated
1,555000.0,41,615000.0,146.0,1,Not Hispanic or Latino,Asian,Male,25-34,89.99,Loan originated
1,735000.0,20%-<30%,925000.0,299.0,1,Hispanic or Latino,White,Male,35-44,80.0,Loan originated
1,415000.0,37,465000.0,162.0,1,Not Hispanic or Latino,White,Female,35-44,90.0,Loan originated
1,445000.0,49,565000.0,121.0,1,Not Hispanic or Latino,White,Female,65-74,79.0,Loan originated
1,305000.0,38,855000.0,193.0,1,Not Hispanic or Latino,White,Female,35-44,35.673,Loan originated
1,665000.0,20%-<30%,825000.0,250.0,1,Not Hispanic or Latino,Asian,Male,25-34,79.97,Application denied
1,645000.0,37,815000.0,241.0,1,Hispanic or Latino,White,Male,35-44,80.0,Loan originated
1,485000.0,30%-<36%,605000.0,168.0,1,Not Hispanic or Latino,White,Male,45-54,80.0,Application denied
1,315000.0,44,325000.0,85.0,1,Not Hispanic or Latino,White,Male,25-34,97.0,Loan originated
1,585000.0,30%-<36%,605000.0,222.0,1,Hispanic or Latino,White,Female,35-44,97.0,Loan originated
1,545000.0,49,615000.0,137.0,1,Not Hispanic or Latino,Asian,Male,35-44,90.0,Loan originated
1,665000.0,30%-<36%,1465000.0,276.0,1,Not Hispanic or Latino,White,Female,55-64,45.205,Loan originated
1,505000.0,30%-<36%,1315000.0,240.0,1,Not Hispanic or Latino,White,Female,45-54,38.168,Loan originated
1,1065000.0,37,1845000.0,352.0,1,Not Hispanic or Latino,Asian,Male,45-54,57.453,Loan originated
1,355000.0,37,435000.0,119.0,1,Not Hispanic or Latino,White,Female,45-54,80.0,Loan originated
1,705000.0,49,785000.0,267.0,1,Not Hispanic or Latino,Asian,Male,25-34,90.0,Loan originated
1,505000.0,36,845000.0,170.0,1,Not Hispanic or Latino,Asian,Female,35-44,60.0,Loan originated
1,465000.0,45,585000.0,102.0,1,Hispanic or Latino,White,Male,45-54,80.0,Loan originated
1,155000.0,46,325000.0,41.0,1,Not Hispanic or Latino,White,Female,65-74,46.225,Loan originated
1,605000.0,>60%,805000.0,118.0,1,Not Hispanic or Latino,White,Female,35-44,75.0,Application denied
1,765000.0,36,865000.0,236.0,1,Not Hispanic or Latino,Asian,Female,25-34,88.372,Loan originated
1,625000.0,30%-<36%,715000.0,207.0,1,Not Hispanic or Latino,White,Female,45-54,87.5,Loan originated
1,355000.0,43,375000.0,170.0,1,Not Hispanic or Latino,White,Male,45-54,95.0,Loan originated
1,465000.0,45,515000.0,110.0,1,Not Hispanic or Latino,White,Female,25-34,90.0,Loan originated
1,555000.0,36,695000.0,200.0,1,Not Hispanic or Latino,White,Male,35-44,80.0,Application denied
1,645000.0,<20%,805000.0,577.0,1,Not Hispanic or Latino,White,Male,65-74,80.0,Application denied
1,515000.0,43,535000.0,124.0,1,Not Hispanic or Latino,White,Female,55-64,95.0,Loan originated
1,395000.0,36,425000.0,115.0,1,Not Hispanic or Latino,Asian,Male,25-34,94.05,Loan originated
1,475000.0,49,1065000.0,126.0,1,Not Hispanic or Latino,White,Female,55-64,44.131,Loan originated
1,555000.0,47,885000.0,156.0,1,Not Hispanic or Latino,Asian,Female,55-64,61.881,Application denied
1,515000.0,47,605000.0,108.0,1,Not Hispanic or Latino,White,Male,35-44,79.667,Application denied
1,255000.0,41,505000.0,112.0,1,Not Hispanic or Latino,White,Male,45-54,50.74,Loan originated
1,885000.0,43,1285000.0,266.0,1,Not Hispanic or Latino,White,Male,35-44,68.872,Loan originated
1,325000.0,48,395000.0,58.0,1,Hispanic or Latino,White,Male,25-34,84.0,Loan originated
1,765000.0,44,1035000.0,175.0,1,Not Hispanic or Latino,Asian,Female,25-34,74.417,Loan originated
1,415000.0,46,825000.0,101.0,1,Not Hispanic or Latino,White,Female,35-44,50.0,Loan originated
1,365000.0,42,385000.0,93.0,1,Not Hispanic or Latino,White,Female,25-34,95.0,Loan originated
1,305000.0,<20%,315000.0,300.0,1,Not Hispanic or Latino,White,Male,45-54,97.0,Loan originated
1,105000.0,40,575000.0,54.0,1,Not Hispanic or Latino,White,Male,55-64,18.0,Loan originated
1,385000.0,48,475000.0,125.0,1,Not Hispanic or Latino,Asian,Female,25-34,80.0,Loan originated
1,435000.0,>60%,535000.0,143.0,1,Hispanic or Latino,White,Female,35-44,80.0,Application denied
1,505000.0,37,635000.0,142.0,1,Not Hispanic or Latino,White,Female,25-34,80.0,Loan originated
1,1005000.0,48,1905000.0,227.0,1,Not Hispanic or Latino,Asian,Male,45-54,52.63,Loan originated
1,285000.0,44,485000.0,111.0,1,Hispanic or Latino,White,Male,45-54,60.0,Loan originated
1,355000.0,42,375000.0,100.0,1,Not Hispanic or Latino,White,Female,35-44,95.0,Loan originated
1,765000.0,42,955000.0,192.0,1,Not Hispanic or Latino,Asian,Female,35-44,80.0,Loan originated
1,305000.0,46,375000.0,77.0,1,Not Hispanic or Latino,White,Female,45-54,80.0,Loan originated
1,505000.0,39,775000.0,140.0,1,Not Hispanic or Latino,Asian,Female,25-34,64.52,Loan originated
1,915000.0,43,1145000.0,240.0,1,Not Hispanic or Latino,Black or African American,Female,45-54,80.0,Application denied
1,315000.0,48,365000.0,103.0,1,Not Hispanic or Latino,White,Female,25-34,86.19,Loan originated
1,365000.0,30%-<36%,585000.0,145.0,1,Not Hispanic or Latino,White,Male,35-44,62.372,Loan originated
1,445000.0,50%-60%,605000.0,90.0,1,Hispanic or Latino,White,Male,25-34,74.0,Application denied
1,585000.0,48,785000.0,222.0,1,Not Hispanic or Latino,Asian,Male,<25,75.0,Loan originated
1,495000.0,41,615000.0,281.0,1,Not Hispanic or Latino,Asian,Male,35-44,80.0,Loan originated
1,765000.0,47,1755000.0,171.0,1,Not Hispanic or Latino,White,Female,45-54,43.714,Loan originated
1,825000.0,48,925000.0,157.0,1,Not Hispanic or Latino,Asian,Male,35-44,88.919,Loan originated
1,345000.0,39,375000.0,136.0,1,Not Hispanic or Latino,White,Female,25-34,92.36,Application denied
1,395000.0,49,775000.0,88.0,1,Not Hispanic or Latino,White,Female,25-34,50.323,Loan originated
1,355000.0,45,405000.0,74.0,1,Hispanic or Latino,White,Female,25-34,86.574,Loan originated
1,905000.0,30%-<36%,1205000.0,685.0,1,Hispanic or Latino,White,Male,45-54,75.0,Loan originated
1,265000.0,48,505000.0,73.0,1,Not Hispanic or Latino,White,Female,25-34,86.634,Loan originated
1,365000.0,48,495000.0,90.0,1,Not Hispanic or Latino,White,Female,55-64,73.0,Loan originated
1,525000.0,20%-<30%,1225000.0,295.0,1,Not Hispanic or Latino,Asian,Male,25-34,42.857,Loan originated
1,255000.0,49,705000.0,87.0,1,Hispanic or Latino,White,Male,45-54,35.714,Loan originated
1,1005000.0,40,1355000.0,251.0,1,Not Hispanic or Latino,White,Male,25-34,73.758,Loan originated
1,655000.0,30%-<36%,695000.0,179.0,1,Not Hispanic or Latino,Asian,Male,25-34,95.0,Loan originated
1,385000.0,20%-<30%,545000.0,151.0,1,Not Hispanic or Latino,White,Male,45-54,70.463,Loan originated
1,565000.0,42,715000.0,138.0,1,Not Hispanic or Latino,White,Female,25-34,80.0,Loan originated
1,205000.0,48,765000.0,82.0,1,Not Hispanic or Latino,Asian,Female,45-54,27.0,Loan originated
1,625000.0,20%-<30%,835000.0,334.0,1,Not Hispanic or Latino,White,Female,55-64,74.11,Loan originated
1,445000.0,48,475000.0,93.0,1,Hispanic or Latino,White,Male,25-34,95.0,Loan originated
1,325000.0,49,635000.0,109.0,1,Not Hispanic or Latino,White,Male,65-74,51.555,Loan originated
1,385000.0,43,405000.0,99.0,1,Not Hispanic or Latino,White,Male,35-44,95.0,Loan originated
1,665000.0,>60%,655000.0,101.0,1,Not Hispanic or Latino,Asian,Female,45-54,101.75,Application denied
1,275000.0,30%-<36%,295000.0,198.0,1,Not Hispanic or Latino,White,Male,65-74,95.0,Loan originated
1,445000.0,<20%,555000.0,0.0,1,Not Hispanic or Latino,White,Male,35-44,80.0,Application denied
1,445000.0,30%-<36%,745000.0,239.0,1,Not Hispanic or Latino,White,Male,55-64,59.459,Loan originated
1,925000.0,40,1325000.0,237.0,1,Not Hispanic or Latino,White,Female,65-74,70.0,Application denied
1,905000.0,36,955000.0,433.0,1,Not Hispanic or Latino,White,Male,35-44,95.0,Loan originated
1,665000.0,47,835000.0,150.0,1,Hispanic or Latino,White,Male,25-34,80.0,Loan originated
1,1005000.0,<20%,2655000.0,0.0,1,Not Hispanic or Latino,White,Male,35-44,38.1,Application denied
1,445000.0,49,1485000.0,126.0,1,Not Hispanic or Latino,Asian,Female,55-64,29.57,Loan originated
1,615000.0,50%-60%,765000.0,126.0,1,Hispanic or Latino,2 or more minority races,Female,25-34,80.0,Loan originated
1,445000.0,<20%,855000.0,456.0,1,Hispanic or Latino,American Indian or Alaska Native,Male,55-64,51.878,Loan originated
1,205000.0,40,355000.0,64.0,1,Not Hispanic or Latino,White,Male,45-54,57.143,Loan originated
1,715000.0,30%-<36%,1215000.0,842.0,1,Not Hispanic or Latino,Asian,Male,35-44,58.85,Loan originated
1,705000.0,37,745000.0,202.0,1,Not Hispanic or Latino,Asian,Female,25-34,95.0,Loan originated
1,375000.0,37,395000.0,100.0,1,Hispanic or Latino,White,Male,25-34,73.33,Loan originated
1,695000.0,30%-<36%,875000.0,300.0,1,Not Hispanic or Latino,White,Female,55-64,80.0,Loan originated
1,755000.0,37,3205000.0,277.0,1,Not Hispanic or Latino,White,Female,35-44,43.75,Loan originated
1,195000.0,30%-<36%,245000.0,66.0,1,Not Hispanic or Latino,White,Female,35-44,80.0,Loan originated
1,575000.0,46,975000.0,145.0,1,Not Hispanic or Latino,White,Female,65-74,58.76,Loan originated
1,105000.0,49,115000.0,33.0,1,Not Hispanic or Latino,American Indian or Alaska Native,Male,55-64,100.0,Loan originated
1,495000.0,44,535000.0,177.0,1,Not Hispanic or Latino,White,Male,35-44,92.523,Loan originated
1,205000.0,30%-<36%,255000.0,100.0,1,Not Hispanic or Latino,White,Female,45-54,80.0,Loan originated
1,295000.0,50%-60%,495000.0,70.0,1,Not Hispanic or Latino,White,Male,65-74,59.596,Loan originated
1,255000.0,40,725000.0,104.0,1,Not Hispanic or Latino,White,Female,65-74,34.48,Loan originated
1,205000.0,<20%,265000.0,135.0,1,Not Hispanic or Latino,White,Male,35-44,80.0,Application denied
1,765000.0,41,1005000.0,265.0,1,Not Hispanic or Latino,White,Male,25-34,76.5,Loan originated
1,195000.0,47,205000.0,67.0,1,Not Hispanic or Latino,White,Female,<25,97.0,Loan originated
1,235000.0,<20%,255000.0,313.0,1,Hispanic or Latino,White,Male,35-44,95.0,Loan originated
1,345000.0,49,455000.0,62.0,1,Not Hispanic or Latino,Asian,Female,<25,75.0,Loan originated
1,395000.0,44,465000.0,85.0,1,Not Hispanic or Latino,White,Male,25-34,88.0,Loan originated
1,315000.0,47,575000.0,117.0,1,Not Hispanic or Latino,White,Male,55-64,54.043,Loan originated
1,585000.0,45,835000.0,147.0,1,Not Hispanic or Latino,Asian,Male,35-44,70.0,Loan originated
1,165000.0,40,205000.0,52.0,1,Not Hispanic or Latino,Asian,Female,35-44,80.0,Loan originated
1,445000.0,38,475000.0,121.0,1,Not Hispanic or Latino,Asian,Male,35-44,95.0,Loan originated
1,695000.0,40,875000.0,192.0,1,Not Hispanic or Latino,White,Male,25-34,80.0,Loan originated
1,545000.0,49,995000.0,138.0,1,Not Hispanic or Latino,Asian,Male,45-54,54.054,Loan originated
1,765000.0,49,1185000.0,263.0,1,Not Hispanic or Latino,White,Male,45-54,64.64,Loan originated
1,625000.0,36,695000.0,232.0,1,Not Hispanic or Latino,White,Male,45-54,90.0,Loan originated
1,315000.0,20%-<30%,525000.0,148.0,1,Not Hispanic or Latino,White,Female,25-34,60.0,Loan originated
1,415000.0,44,465000.0,111.0,1,Not Hispanic or Latino,Asian,Male,25-34,90.0,Loan originated
1,605000.0,42,765000.0,128.0,1,Hispanic or Latino,White,Male,35-44,89.958,Application denied
1,505000.0,41,585000.0,121.0,1,Not Hispanic or Latino,White,Male,25-34,86.325,Loan originated
1,655000.0,36,875000.0,186.0,1,Not Hispanic or Latino,Asian,Female,25-34,75.0,Loan originated
1,545000.0,50%-60%,745000.0,102.0,1,Not Hispanic or Latino,Asian,Male,<25,73.278,Application denied
1,375000.0,48,475000.0,111.0,1,Not Hispanic or Latino,Asian,Male,25-34,80.0,Loan originated
1,305000.0,41,375000.0,122.0,1,Not Hispanic or Latino,White,Female,25-34,80.0,Loan originated
1,685000.0,42,865000.0,179.0,1,Not Hispanic or Latino,White,Male,35-44,80.0,Loan originated
1,155000.0,<20%,585000.0,117.0,1,Not Hispanic or Latino,White,Male,55-64,25.862,Loan originated
1,845000.0,50%-60%,925000.0,147.0,1,Not Hispanic or Latino,White,Male,25-34,91.451,Application denied
1,445000.0,49,695000.0,194.0,1,Not Hispanic or Latino,Asian,Female,45-54,63.821,Loan originated
1,225000.0,20%-<30%,625000.0,104.0,1,Not Hispanic or Latino,Asian,Female,25-34,35.484,Loan originated
1,565000.0,49,715000.0,145.0,1,Not Hispanic or Latino,White,Male,35-44,79.021,Loan originated
1,345000.0,20%-<30%,435000.0,153.0,1,Hispanic or Latino,Native Hawaiian or Other Pacific Islander,Male,25-34,80.0,Loan originated
1,155000.0,39,455000.0,67.0,1,Not Hispanic or Latino,White,Male,45-54,34.0,Loan originated
1,375000.0,46,465000.0,80.0,1,Not Hispanic or Latino,White,Male,35-44,80.0,Loan originated
1,345000.0,49,385000.0,73.0,1,Hispanic or Latino,White,Male,45-54,91.527,Loan originated
1,585000.0,36,735000.0,159.0,1,Hispanic or Latino,White,Female,45-54,80.0,Loan originated
1,495000.0,50%-60%,525000.0,108.0,1,Hispanic or Latino,White,Male,35-44,95.0,Loan originated
1,675000.0,36,845000.0,189.0,1,Hispanic or Latino,White,Male,25-34,80.0,Loan originated
1,445000.0,44,635000.0,129.0,1,Hispanic or Latino,White,Female,45-54,70.0,Loan originated
1,395000.0,30%-<36%,435000.0,133.0,1,Not Hispanic or Latino,White,Female,55-64,90.0,Loan originated
1,945000.0,30%-<36%,1255000.0,267.0,1,Not Hispanic or Latino,White,Male,35-44,75.0,Loan originated
1,635000.0,48,855000.0,145.0,1,Not Hispanic or Latino,White,Male,55-64,75.0,Loan originated
1,125000.0,30%-<36%,165000.0,112.0,1,Hispanic or Latino,White,Female,35-44,80.0,Loan originated
1,365000.0,42,705000.0,89.0,1,Not Hispanic or Latino,White,Male,25-34,52.163,Loan originated
1,335000.0,30%-<36%,395000.0,94.0,1,Not Hispanic or Latino,White,Male,35-44,83.917,Loan originated
1,585000.0,49,725000.0,335.0,1,Not Hispanic or Latino,White,Male,25-34,80.0,Loan originated
1,425000.0,20%-<30%,1025000.0,293.0,1,Not Hispanic or Latino,White,Male,35-44,41.176,Loan originated
1,695000.0,41,695000.0,197.0,1,Not Hispanic or Latino,White,Female,>74,100.0,Loan originated
1,985000.0,20%-<30%,1225000.0,300.0,1,Not Hispanic or Latino,Asian,Male,35-44,80.0,Loan originated
1,265000.0,42,725000.0,74.0,1,Not Hispanic or Latino,Asian,Male,25-34,79.983,Loan originated
1,745000.0,42,785000.0,213.0,1,Hispanic or Latino,American Indian or Alaska Native,Male,35-44,95.0,Loan originated
1,425000.0,43,485000.0,89.0,1,Hispanic or Latino,White,Male,<25,86.548,Application denied
1,585000.0,49,665000.0,127.0,1,Hispanic or Latino,White,Male,45-54,88.0,Loan originated
1,965000.0,48,1215000.0,251.0,1,Not Hispanic or Latino,Asian,Male,45-54,80.0,Loan originated
1,385000.0,43,485000.0,137.0,1,Not Hispanic or Latino,White,Female,35-44,80.0,Loan originated
1,405000.0,43,805000.0,107.0,1,Not Hispanic or Latino,White,Female,55-64,49.689,Loan originated
1,645000.0,30%-<36%,665000.0,170.0,1,Hispanic or Latino,White,Male,25-34,97.0,Loan originated
1,655000.0,48,735000.0,168.0,1,Not Hispanic or Latino,White,Male,35-44,90.0,Loan originated
1,475000.0,48,485000.0,90.0,1,Hispanic or Latino,White,Male,25-34,97.0,Loan originated
1,605000.0,44,645000.0,172.0,1,Hispanic or Latino,White,Male,25-34,95.0,Loan originated
1,415000.0,49,845000.0,152.0,1,Not Hispanic or Latino,White,Female,55-64,48.763,Loan originated
1,465000.0,41,485000.0,116.0,1,Not Hispanic or Latino,White,Female,35-44,97.0,Loan originated
1,555000.0,44,585000.0,177.0,1,Not Hispanic or Latino,White,Male,45-54,95.0,Loan originated
1,245000.0,20%-<30%,485000.0,115.0,1,Not Hispanic or Latino,White,Female,45-54,50.0,Loan originated
1,355000.0,20%-<30%,445000.0,135.0,1,Not Hispanic or Latino,Asian,Male,25-34,80.0,Loan originated
1,385000.0,45,405000.0,112.0,1,Not Hispanic or Latino,Black or African American,Male,45-54,95.0,Loan originated
1,445000.0,47,555000.0,102.0,1,Not Hispanic or Latino,Asian,Female,35-44,100.0,Loan originated
1,595000.0,20%-<30%,665000.0,243.0,1,Hispanic or Latino,White,Female,55-64,90.0,Loan originated
1,555000.0,49,575000.0,121.0,1,Not Hispanic or Latino,White,Male,25-34,100.0,Loan originated
1,525000.0,45,525000.0,108.0,1,Not Hispanic or Latino,Black or African American,Female,55-64,100.772,Loan originated
1,765000.0,47,905000.0,199.0,1,Not Hispanic or Latino,White,Female,25-34,85.0,Loan originated
1,485000.0,49,615000.0,270.0,1,Not Hispanic or Latino,White,Female,35-44,80.0,Loan originated
1,865000.0,48,1075000.0,192.0,1,Not Hispanic or Latino,White,Male,25-34,80.0,Loan originated
1,35000.0,20%-<30%,125000.0,65.0,1,Not Hispanic or Latino,White,Female,>74,28.0,Loan originated
1,445000.0,42,895000.0,308.0,1,Not Hispanic or Latino,White,Female,45-54,49.889,Loan originated
1,705000.0,39,1805000.0,273.0,1,Not Hispanic or Latino,Asian,Female,35-44,38.85,Loan originated
1,765000.0,38,905000.0,204.0,1,Hispanic or Latino,White,Male,35-44,85.0,Loan originated
1,275000.0,<20%,825000.0,371.0,1,Not Hispanic or Latino,White,Male,45-54,33.495,Loan originated
1,765000.0,42,855000.0,194.0,1,Not Hispanic or Latino,White,Male,35-44,89.989,Loan originated
1,395000.0,39,495000.0,187.0,1,Not Hispanic or Latino,White,Male,45-54,80.0,Loan originated
1,1025000.0,49,1365000.0,200.0,1,Not Hispanic or Latino,White,Male,35-44,75.0,Loan originated
1,675000.0,49,1355000.0,170.0,1,Not Hispanic or Latino,Asian,Female,25-34,49.63,Loan originated
1,265000.0,30%-<36%,295000.0,91.0,1,Hispanic or Latino,White,Female,45-54,90.0,Loan originated
1,305000.0,46,435000.0,79.0,1,Hispanic or Latino,Asian,Female,25-34,68.381,Loan originated
1,475000.0,47,595000.0,140.0,1,Not Hispanic or Latino,White,Female,25-34,80.0,Loan originated
1,305000.0,20%-<30%,505000.0,112.0,1,Not Hispanic or Latino,White,Male,25-34,60.341,Loan originated
1,445000.0,38,465000.0,106.0,1,Not Hispanic or Latino,Black or African American,Male,35-44,96.31,Loan originated
1,835000.0,47,875000.0,221.0,1,Not Hispanic or Latino,Asian,Female,35-44,95.0,Loan originated
1,315000.0,45,605000.0,91.0,1,Not Hispanic or Latino,White,Female,35-44,52.667,Loan originated
1,215000.0,49,485000.0,66.0,1,Hispanic or Latino,White,Female,35-44,43.75,Loan originated
1,435000.0,30%-<36%,875000.0,213.0,1,Not Hispanic or Latino,White,Male,45-54,50.0,Loan originated
1,475000.0,44,485000.0,113.0,1,Hispanic or Latino,White,Male,35-44,100.0,Application denied
1,505000.0,30%-<36%,1025000.0,214.0,1,Not Hispanic or Latino,Asian,Female,55-64,48.78,Loan originated
1,85000.0,20%-<30%,95000.0,47.0,1,Not Hispanic or Latino,White,Male,55-64,95.0,Loan originated
1,565000.0,>60%,1445000.0,156.0,1,Not Hispanic or Latino,White,Female,65-74,38.754,Loan originated
1,655000.0,38,1355000.0,216.0,1,Not Hispanic or Latino,Asian,Male,45-54,48.149,Loan originated
1,775000.0,48,825000.0,159.0,1,Not Hispanic or Latino,Asian,Male,35-44,95.0,Loan originated
1,495000.0,43,495000.0,155.0,1,Hispanic or Latino,White,Male,35-44,100.0,Loan originated
1,435000.0,20%-<30%,535000.0,347.0,1,Not Hispanic or Latino,White,Male,55-64,80.0,Loan originated
1,605000.0,30%-<36%,665000.0,169.0,1,Not Hispanic or Latino,Asian,Male,25-34,90.0,Loan originated
1,845000.0,47,1055000.0,260.0,1,Not Hispanic or Latino,Asian,Male,35-44,80.0,Loan originated
1,425000.0,42,855000.0,165.0,1,Not Hispanic or Latino,White,Female,25-34,50.0,Loan originated
1,155000.0,49,195000.0,50.0,1,Not Hispanic or Latino,Black or African American,Male,35-44,80.0,Loan originated
1,405000.0,36,415000.0,117.0,1,Not Hispanic or Latino,White,Female,25-34,97.0,Loan originated
1,605000.0,20%-<30%,755000.0,251.0,1,Not Hispanic or Latino,White,Male,35-44,80.0,Loan originated
1,325000.0,20%-<30%,405000.0,140.0,1,Not Hispanic or Latino,Asian,Male,35-44,80.0,Loan originated
1,305000.0,44,325000.0,74.0,1,Not Hispanic or Latino,White,Female,35-44,95.0,Loan originated
1,575000.0,48,595000.0,114.0,1,Hispanic or Latino,White,Male,35-44,99.521,Loan originated
1,305000.0,44,355000.0,109.0,1,Not Hispanic or Latino,White,Male,35-44,85.0,Loan originated
1,445000.0,49,595000.0,95.0,1,Not Hispanic or Latino,White,Male,35-44,75.0,Loan originated
1,925000.0,44,2325000.0,389.0,1,Not Hispanic or Latino,White,Male,55-64,39.78,Loan originated
1,355000.0,47,395000.0,114.0,1,Hispanic or Latino,White,Male,25-34,90.0,Loan originated
1,325000.0,46,335000.0,66.0,1,Not Hispanic or Latino,White,Female,<25,100.0,Loan originated
1,505000.0,49,705000.0,117.0,1,Not Hispanic or Latino,White,Female,35-44,71.952,Loan originated
1,835000.0,41,925000.0,212.0,1,Hispanic or Latino,White,Male,45-54,89.99,Application denied
1,125000.0,20%-<30%,515000.0,68.0,1,Not Hispanic or Latino,Asian,Male,35-44,24.608,Loan originated
1,455000.0,43,855000.0,129.0,1,Not Hispanic or Latino,White,Male,25-34,53.404,Loan originated
1,655000.0,30%-<36%,1005000.0,237.0,1,Not Hispanic or Latino,White,Male,35-44,65.0,Loan originated
1,455000.0,20%-<30%,805000.0,271.0,1,Not Hispanic or Latino,Asian,Male,>74,56.25,Loan originated
1,505000.0,37,955000.0,155.0,1,Not Hispanic or Latino,Asian,Male,35-44,53.0,Loan originated
1,145000.0,36,765000.0,83.0,1,Not Hispanic or Latino,White,Female,55-64,18.301,Loan originated
1,1045000.0,49,1305000.0,231.0,1,Not Hispanic or Latino,Asian,Male,25-34,80.0,Loan originated
1,1085000.0,47,1875000.0,240.0,1,Not Hispanic or Latino,White,Female,55-64,58.26,Loan originated
1,355000.0,42,1355000.0,114.0,1,Hispanic or Latino,White,Female,55-64,26.308,Loan originated
1,525000.0,47,655000.0,120.0,1,Not Hispanic or Latino,White,Male,25-34,80.0,Loan originated
1,615000.0,38,635000.0,170.0,1,Hispanic or Latino,White,Male,35-44,97.0,Loan originated
1,605000.0,43,755000.0,210.0,1,Not Hispanic or Latino,White,Female,55-64,80.0,Loan originated
1,1025000.0,>60%,1285000.0,169.0,1,Not Hispanic or Latino,White,Male,35-44,80.0,Application denied
1,715000.0,>60%,795000.0,140.0,1,Hispanic or Latino,White,Male,35-44,89.948,Application denied
1,735000.0,20%-<30%,1445000.0,379.0,1,Not Hispanic or Latino,White,Male,25-34,51.11,Loan originated
1,375000.0,38,405000.0,97.0,1,Hispanic or Latino,Asian,Male,25-34,93.5,Loan originated
1,585000.0,42,615000.0,152.0,1,Not Hispanic or Latino,Asian,Male,25-34,95.0,Loan originated
1,645000.0,39,805000.0,182.0,1,Not Hispanic or Latino,White,Male,45-54,80.0,Loan originated
1,365000.0,47,385000.0,82.0,1,Not Hispanic or Latino,White,Female,25-34,98.0,Loan originated
1,85000.0,<20%,605000.0,170.0,1,Not Hispanic or Latino,White,Male,65-74,15.0,Loan originated
1,545000.0,49,965000.0,130.0,1,Not Hispanic or Latino,White,Male,45-54,56.193,Loan originated
1,415000.0,20%-<30%,735000.0,160.0,1,Not Hispanic or Latino,Asian,Male,45-54,56.463,Loan originated
1,755000.0,30%-<36%,845000.0,297.0,1,Hispanic or Latino,White,Male,25-34,90.0,Loan originated
1,615000.0,47,775000.0,169.0,1,Not Hispanic or Latino,Asian,Female,35-44,80.0,Loan originated
1,165000.0,43,345000.0,41.0,1,Hispanic or Latino,White,Male,55-64,48.529,Loan originated
1,705000.0,49,1445000.0,149.0,1,Not Hispanic or Latino,Asian,Male,<25,48.443,Loan originated
1,585000.0,46,725000.0,172.0,1,Hispanic or Latino,White,Male,55-64,80.0,Loan originated
1,1005000.0,48,1265000.0,252.0,1,Not Hispanic or Latino,Asian,Male,45-54,80.0,Loan originated
1,685000.0,30%-<36%,865000.0,206.0,1,Not Hispanic or Latino,Asian,Male,35-44,80.0,Loan originated
1,595000.0,44,625000.0,129.0,1,Not Hispanic or Latino,White,Male,25-34,94.994,Loan originated
1,485000.0,47,605000.0,119.0,1,Not Hispanic or Latino,Asian,Female,45-54,100.0,Loan originated
1,635000.0,48,845000.0,127.0,1,Not Hispanic or Latino,Asian,Female,35-44,75.0,Loan originated
1,355000.0,30%-<36%,385000.0,115.0,1,Hispanic or Latino,White,Male,35-44,90.0,Loan originated
1,395000.0,43,565000.0,95.0,1,Not Hispanic or Latino,Asian,Male,25-34,70.0,Loan originated
1,635000.0,20%-<30%,795000.0,239.0,1,Not Hispanic or Latino,Black or African American,Male,45-54,80.0,Loan originated
1,325000.0,>60%,1505000.0,25.0,1,Not Hispanic or Latino,Black or African American,Female,>74,21.667,Application denied
1,515000.0,40,565000.0,131.0,1,Not Hispanic or Latino,White,Female,25-34,90.0,Loan originated
1,475000.0,<20%,945000.0,1286.0,1,Not Hispanic or Latino,White,Male,55-64,50.0,Loan originated
1,165000.0,46,205000.0,180.0,1,Hispanic or Latino,White,Male,25-34,83.46,Application denied
1,525000.0,36,705000.0,150.0,1,Not Hispanic or Latino,Asian,Female,45-54,75.0,Loan originated
1,735000.0,20%-<30%,1385000.0,371.0,1,Not Hispanic or Latino,White,Female,35-44,53.204,Loan originated
1,355000.0,39,375000.0,104.0,1,Not Hispanic or Latino,White,Male,65-74,95.0,Loan originated
1,575000.0,49,595000.0,113.0,1,Hispanic or Latino,White,Female,25-34,97.0,Loan originated
1,1005000.0,20%-<30%,1685000.0,464.0,1,Not Hispanic or Latino,Asian,Male,35-44,59.524,Loan originated
1,765000.0,42,1305000.0,224.0,1,Hispanic or Latino,White,Female,55-64,58.965,Loan originated
1,305000.0,46,315000.0,90.0,1,Hispanic or Latino,White,Male,25-34,100.0,Loan originated
1,525000.0,36,565000.0,126.0,1,Not Hispanic or Latino,White,Male,45-54,92.92,Loan originated
1,525000.0,>60%,655000.0,106.0,1,Not Hispanic or Latino,White,Female,65-74,79.995,Application denied
1,485000.0,46,605000.0,146.0,1,Not Hispanic or Latino,Asian,Female,45-54,80.0,Loan originated
1,935000.0,47,1175000.0,295.0,1,Hispanic or Latino,White,Female,25-34,80.0,Loan originated
1,555000.0,42,695000.0,193.0,1,Hispanic or Latino,White,Male,45-54,90.0,Loan originated
1,325000.0,20%-<30%,585000.0,191.0,1,Not Hispanic or Latino,White,Male,65-74,56.0,Loan originated
1,735000.0,40,775000.0,168.0,1,Hispanic or Latino,White,Male,25-34,95.0,Loan originated
1,565000.0,47,655000.0,125.0,1,Not Hispanic or Latino,Asian,Male,25-34,85.649,Loan originated
1,305000.0,41,375000.0,71.0,1,Not Hispanic or Latino,White,Male,25-34,80.0,Loan originated
1,445000.0,49,465000.0,97.0,1,Not Hispanic or Latino,White,Male,25-34,95.0,Loan originated
1,715000.0,38,755000.0,192.0,1,Not Hispanic or Latino,White,Male,45-54,95.0,Loan originated
1,375000.0,48,395000.0,71.0,1,Hispanic or Latino,White,Female,25-34,95.0,Loan originated
1,375000.0,20%-<30%,715000.0,251.0,1,Not Hispanic or Latino,White,Male,35-44,52.448,Loan originated
1,715000.0,44,845000.0,149.0,1,Not Hispanic or Latino,White,Male,25-34,85.0,Loan originated
1,485000.0,20%-<30%,565000.0,212.0,1,Not Hispanic or Latino,Asian,Female,35-44,80.0,Application denied
1,375000.0,48,385000.0,144.0,1,Not Hispanic or Latino,White,Male,25-34,97.0,Loan originated
1,955000.0,>60%,2225000.0,134.0,1,Not Hispanic or Latino,Asian,Male,25-34,42.8,Application denied
1,455000.0,20%-<30%,905000.0,540.0,1,Not Hispanic or Latino,American Indian or Alaska Native,Female,25-34,50.0,Loan originated
1,275000.0,42,545000.0,89.0,1,Not Hispanic or Latino,Asian,Female,25-34,71.857,Loan originated
1,355000.0,36,395000.0,97.0,1,Not Hispanic or Latino,White,Female,<25,89.999,Loan originated
1,415000.0,45,445000.0,105.0,1,Hispanic or Latino,White,Male,55-64,95.0,Loan originated
1,315000.0,30%-<36%,585000.0,195.0,1,Not Hispanic or Latino,White,Male,25-34,53.846,Loan originated
1,345000.0,44,435000.0,84.0,1,Hispanic or Latino,White,Male,25-34,93.0,Loan originated
1,575000.0,46,605000.0,125.0,1,Not Hispanic or Latino,White,Female,45-54,95.0,Loan originated
1,325000.0,<20%,625000.0,236.0,1,Not Hispanic or Latino,Asian,Male,45-54,61.05,Loan originated
1,475000.0,46,775000.0,114.0,1,Not Hispanic or Latino,White,Female,35-44,61.039,Loan originated
1,535000.0,40,1035000.0,139.0,1,Not Hispanic or Latino,Asian,Male,35-44,51.691,Loan originated
1,695000.0,20%-<30%,775000.0,261.0,1,Hispanic or Latino,White,Male,25-34,89.935,Loan originated
1,475000.0,30%-<36%,975000.0,227.0,1,Not Hispanic or Latino,Asian,Female,65-74,48.454,Loan originated
1,705000.0,46,2205000.0,190.0,1,Not Hispanic or Latino,Asian,Female,25-34,31.818,Loan originated
1,605000.0,40,765000.0,180.0,1,Not Hispanic or Latino,Asian,Female,25-34,80.0,Loan originated
1,825000.0,38,875000.0,355.0,1,Not Hispanic or Latino,Asian,Female,25-34,95.0,Loan originated
1,955000.0,49,1895000.0,325.0,1,Not Hispanic or Latino,White,Female,45-54,50.13,Loan originated
1,465000.0,20%-<30%,915000.0,240.0,1,Not Hispanic or Latino,White,Male,45-54,50.927,Loan originated
1,395000.0,30%-<36%,435000.0,128.0,1,Not Hispanic or Latino,White,Female,25-34,90.0,Loan originated
1,495000.0,30%-<36%,845000.0,151.0,1,Not Hispanic or Latino,White,Female,35-44,58.775,Loan originated
1,515000.0,30%-<36%,725000.0,479.0,1,Not Hispanic or Latino,White,Male,25-34,70.7,Loan originated
1,675000.0,30%-<36%,1175000.0,210.0,1,Not Hispanic or Latino,White,Male,45-54,57.447,Loan originated
1,545000.0,30%-<36%,725000.0,184.0,1,Hispanic or Latino,White,Male,25-34,75.0,Loan originated
1,385000.0,39,625000.0,164.0,1,Not Hispanic or Latino,White,Male,65-74,61.6,Loan originated
1,295000.0,50%-60%,455000.0,95.0,1,Not Hispanic or Latino,White,Female,25-34,64.878,Application denied
1,455000.0,30%-<36%,755000.0,274.0,1,Not Hispanic or Latino,White,Male,45-54,60.0,Loan originated
1,1015000.0,41,1275000.0,258.0,1,Not Hispanic or Latino,White,Male,35-44,79.56,Loan originated
1,425000.0,39,535000.0,154.0,1,Not Hispanic or Latino,Asian,Female,25-34,80.0,Loan originated
1,1005000.0,38,1055000.0,337.0,1,Not Hispanic or Latino,White,Male,35-44,95.0,Loan originated
1,285000.0,46,295000.0,74.0,1,Hispanic or Latino,White,Female,55-64,100.0,Loan originated
1,415000.0,43,445000.0,232.0,1,Not Hispanic or Latino,Asian,Female,55-64,95.0,Loan originated
1,445000.0,42,555000.0,99.0,1,Hispanic or Latino,White,Female,35-44,80.0,Loan originated
1,895000.0,38,1125000.0,240.0,1,Not Hispanic or Latino,Asian,Female,35-44,79.977,Loan originated
1,925000.0,38,1155000.0,270.0,1,Not Hispanic or Latino,White,Female,35-44,80.0,Loan originated
1,365000.0,50%-60%,525000.0,75.0,1,Not Hispanic or Latino,White,Male,25-34,70.0,Application denied
1,285000.0,30%-<36%,385000.0,148.0,1,Not Hispanic or Latino,White,Male,65-74,75.0,Application denied
1,715000.0,43,1105000.0,150.0,1,Not Hispanic or Latino,Asian,Male,35-44,65.0,Loan originated
1,285000.0,38,295000.0,128.0,1,Not Hispanic or Latino,2 or more minority races,Male,25-34,95.0,Loan originated
1,445000.0,37,775000.0,234.0,1,Not Hispanic or Latino,White,Male,25-34,58.0,Loan originated
1,475000.0,43,505000.0,147.0,1,Not Hispanic or Latino,White,Male,55-64,95.0,Loan originated
1,465000.0,43,745000.0,152.0,1,Hispanic or Latino,White,Female,55-64,62.535,Loan originated
1,575000.0,41,925000.0,194.0,1,Not Hispanic or Latino,White,Female,35-44,62.162,Loan originated
1,495000.0,49,515000.0,114.0,1,Not Hispanic or Latino,White,Female,25-34,95.0,Loan originated
1,175000.0,41,185000.0,46.0,1,Hispanic or Latino,White,Female,<25,100.0,Loan originated
1,795000.0,30%-<36%,885000.0,219.0,1,Hispanic or Latino,White,Male,35-44,90.0,Loan originated
1,595000.0,48,855000.0,198.0,1,Not Hispanic or Latino,Asian,Female,25-34,70.0,Loan originated
1,345000.0,20%-<30%,425000.0,208.0,1,Not Hispanic or Latino,White,Male,45-54,80.0,Loan originated
1,355000.0,40,445000.0,88.0,1,Not Hispanic or Latino,White,Female,45-54,80.0,Loan originated
1,565000.0,30%-<36%,675000.0,178.0,1,Not Hispanic or Latino,Asian,Female,25-34,84.93,Loan originated
1,515000.0,45,535000.0,139.0,1,Not Hispanic or Latino,Asian,Male,35-44,95.0,Loan originated
1,345000.0,42,365000.0,91.0,1,Hispanic or Latino,American Indian or Alaska Native,Male,45-54,95.0,Loan originated
1,725000.0,46,765000.0,194.0,1,Not Hispanic or Latino,White,Male,65-74,95.0,Loan originated
1,525000.0,46,655000.0,124.0,1,Not Hispanic or Latino,White,Male,55-64,80.0,Loan originated
1,345000.0,40,435000.0,105.0,1,Not Hispanic or Latino,White,Female,35-44,80.0,Loan originated
1,465000.0,30%-<36%,925000.0,156.0,1,Not Hispanic or Latino,Asian,Male,<25,50.0,Loan originated
1,245000.0,45,345000.0,85.0,1,Hispanic or Latino,White,Male,25-34,100.294,Loan originated
1,665000.0,30%-<36%,835000.0,206.0,1,Not Hispanic or Latino,White,Female,45-54,80.0,Loan originated
1,565000.0,49,705000.0,118.0,1,Not Hispanic or Latino,Black or African American,Male,>74,79.94,Loan originated
1,445000.0,20%-<30%,555000.0,158.0,1,Not Hispanic or Latino,Black or African American,Male,25-34,80.0,Loan originated
1,255000.0,30%-<36%,325000.0,94.0,1,Not Hispanic or Latino,White,Male,<25,80.0,Loan originated
1,635000.0,<20%,965000.0,0.0,1,Hispanic or Latino,White,Male,35-44,66.0,Application denied
1,445000.0,44,555000.0,113.0,1,Hispanic or Latino,White,Male,35-44,80.0,Loan originated
1,435000.0,30%-<36%,545000.0,138.0,1,Not Hispanic or Latino,White,Male,55-64,80.0,Loan originated
1,345000.0,<20%,595000.0,293.0,1,Not Hispanic or Latino,Asian,Female,45-54,58.0,Loan originated
1,195000.0,39,205000.0,106.0,1,Hispanic or Latino,White,Male,55-64,100.0,Loan originated
1,745000.0,47,1065000.0,173.0,1,Not Hispanic or Latino,White,Male,35-44,70.0,Loan originated
1,405000.0,30%-<36%,455000.0,129.0,1,Hispanic or Latino,White,Male,35-44,90.0,Loan originated
1,425000.0,41,455000.0,129.0,1,Not Hispanic or Latino,White,Male,35-44,95.0,Loan originated
1,425000.0,41,445000.0,100.0,1,Hispanic or Latino,White,Male,45-54,97.0,Loan originated
1,545000.0,50%-60%,605000.0,99.0,1,Not Hispanic or Latino,Black or African American,Male,35-44,90.0,Application denied
1,205000.0,30%-<36%,215000.0,84.0,1,Not Hispanic or Latino,White,Female,35-44,99.052,Application denied
1,545000.0,49,675000.0,162.0,1,Not Hispanic or Latino,Asian,Male,35-44,80.0,Application denied
1,95000.0,44,105000.0,72.0,1,Hispanic or Latino,White,Female,55-64,91.58,Loan originated
1,435000.0,20%-<30%,545000.0,196.0,1,Not Hispanic or Latino,White,Female,45-54,80.0,Loan originated
1,425000.0,49,455000.0,85.0,1,Hispanic or Latino,White,Male,45-54,95.0,Loan originated
1,205000.0,49,675000.0,79.0,1,Not Hispanic or Latino,White,Female,<25,30.0,Loan originated
1,555000.0,46,735000.0,136.0,1,Not Hispanic or Latino,Asian,Male,45-54,95.0,Loan originated
1,745000.0,38,935000.0,210.0,1,Not Hispanic or Latino,Asian,Female,35-44,80.0,Loan originated
1,595000.0,46,745000.0,131.0,1,Hispanic or Latino,White,Female,55-64,80.0,Loan originated
1,615000.0,39,765000.0,160.0,1,Hispanic or Latino,American Indian or Alaska Native,Male,35-44,80.0,Loan originated
1,575000.0,38,765000.0,164.0,1,Not Hispanic or Latino,Asian,Female,25-34,75.0,Application denied
1,585000.0,48,615000.0,243.0,1,Not Hispanic or Latino,White,Female,25-34,95.0,Loan originated
1,515000.0,20%-<30%,575000.0,200.0,1,Not Hispanic or Latino,White,Female,45-54,90.0,Loan originated
1,1005000.0,41,1515000.0,257.0,1,Not Hispanic or Latino,Asian,Male,55-64,66.225,Loan originated
1,345000.0,46,385000.0,98.0,1,Hispanic or Latino,White,Female,25-34,90.0,Loan originated
1,665000.0,46,785000.0,169.0,1,Not Hispanic or Latino,White,Male,35-44,85.0,Loan originated
1,555000.0,46,695000.0,219.0,1,Not Hispanic or Latino,Asian,Female,35-44,80.0,Loan originated
1,845000.0,46,1055000.0,179.0,1,Not Hispanic or Latino,Asian,Male,25-34,79.99,Loan originated
1,405000.0,42,425000.0,97.0,1,Hispanic or Latino,White,Male,35-44,97.0,Loan originated
1,365000.0,49,475000.0,116.0,1,Not Hispanic or Latino,Black or African American,Female,45-54,77.09,Loan originated
1,645000.0,42,675000.0,240.0,1,Not Hispanic or Latino,White,Female,>74,95.0,Loan originated
1,295000.0,44,345000.0,88.0,1,Not Hispanic or Latino,White,Female,25-34,105.0,Loan originated
1,355000.0,49,445000.0,75.0,1,Not Hispanic or Latino,Asian,Male,35-44,80.0,Loan originated
1,465000.0,42,965000.0,138.0,1,Not Hispanic or Latino,White,Male,35-44,48.187,Loan originated
1,115000.0,41,125000.0,84.0,1,Hispanic or Latino,White,Male,25-34,91.3,Application denied
1,605000.0,49,845000.0,126.0,1,Not Hispanic or Latino,Asian,Male,25-34,71.174,Loan originated
1,835000.0,48,1105000.0,723.0,1,Not Hispanic or Latino,White,Male,45-54,75.0,Loan originated
1,345000.0,44,685000.0,8.0,1,Not Hispanic or Latino,Asian,Female,35-44,50.15,Loan originated
1,525000.0,47,975000.0,150.0,1,Not Hispanic or Latino,White,Female,55-64,53.985,Loan originated
1,695000.0,30%-<36%,925000.0,203.0,1,Not Hispanic or Latino,Asian,Male,35-44,75.0,Loan originated
1,1005000.0,47,1285000.0,315.0,1,Hispanic or Latino,White,Female,45-54,77.822,Loan originated
1,765000.0,37,1485000.0,214.0,1,Not Hispanic or Latino,Asian,Male,<25,51.61,Loan originated
1,105000.0,20%-<30%,685000.0,123.0,1,Hispanic or Latino,White,Male,65-74,15.0,Loan originated
1,365000.0,49,385000.0,98.0,1,Hispanic or Latino,White,Male,35-44,95.0,Loan originated
1,905000.0,47,1125000.0,368.0,1,Not Hispanic or Latino,White,Male,25-34,80.0,Loan originated
1,495000.0,40,625000.0,128.0,1,Hispanic or Latino,White,Female,35-44,79.969,Loan originated
1,445000.0,43,555000.0,243.0,1,Not Hispanic or Latino,Asian,Male,35-44,80.0,Loan originated
1,645000.0,45,805000.0,201.0,1,Not Hispanic or Latino,Asian,Male,35-44,80.0,Loan originated
1,345000.0,30%-<36%,945000.0,144.0,1,Not Hispanic or Latino,Asian,Female,25-34,36.642,Loan originated
1,245000.0,48,325000.0,63.0,1,Hispanic or Latino,White,Female,45-54,75.0,Loan originated
1,375000.0,30%-<36%,505000.0,125.0,1,Not Hispanic or Latino,White,Male,25-34,75.0,Loan originated
1,355000.0,45,375000.0,78.0,1,Hispanic or Latino,White,Female,55-64,95.0,Loan originated
1,505000.0,46,715000.0,132.0,1,Not Hispanic or Latino,Asian,Female,55-64,70.0,Loan originated
1,395000.0,45,595000.0,83.0,1,Not Hispanic or Latino,White,Female,35-44,66.171,Loan originated
1,455000.0,40,505000.0,169.0,1,Hispanic or Latino,White,Female,45-54,90.0,Loan originated
1,495000.0,30%-<36%,585000.0,163.0,1,Hispanic or Latino,Black or African American,Female,45-54,84.589,Loan originated
1,795000.0,40,845000.0,271.0,1,Not Hispanic or Latino,White,Female,35-44,95.0,Loan originated
1,775000.0,38,1105000.0,600.0,1,Not Hispanic or Latino,White,Male,35-44,95.0,Loan originated
1,405000.0,45,425000.0,86.0,1,Hispanic or Latino,White,Male,25-34,95.0,Loan originated
1,605000.0,39,755000.0,468.0,1,Not Hispanic or Latino,White,Female,55-64,80.0,Loan originated
1,705000.0,49,825000.0,156.0,1,Not Hispanic or Latino,Black or African American,Female,45-54,85.0,Loan originated
1,345000.0,44,365000.0,166.0,1,Hispanic or Latino,White,Female,25-34,95.0,Loan originated
1,575000.0,44,615000.0,150.0,1,Hispanic or Latino,White,Male,55-64,95.0,Loan originated
1,655000.0,20%-<30%,1005000.0,429.0,1,Hispanic or Latino,White,Male,45-54,65.0,Loan originated
1,675000.0,40,845000.0,155.0,1,Not Hispanic or Latino,Asian,Male,25-34,79.94,Loan originated
1,215000.0,48,555000.0,73.0,1,Hispanic or Latino,White,Female,35-44,38.182,Loan originated
1,605000.0,30%-<36%,675000.0,470.0,1,Not Hispanic or Latino,White,Male,45-54,89.986,Loan originated
1,275000.0,20%-<30%,365000.0,296.0,1,Not Hispanic or Latino,White,Male,35-44,75.0,Loan originated
1,775000.0,38,965000.0,207.0,1,Not Hispanic or Latino,White,Female,55-64,80.0,Loan originated
1,435000.0,48,535000.0,150.0,1,Not Hispanic or Latino,White,Female,55-64,80.0,Application denied
1,765000.0,37,955000.0,172.0,1,Hispanic or Latino,White,Male,55-64,80.0,Loan originated
1,645000.0,42,675000.0,285.0,1,Not Hispanic or Latino,Native Hawaiian or Other Pacific Islander,Male,25-34,95.0,Loan originated
1,175000.0,30%-<36%,185000.0,75.0,1,Not Hispanic or Latino,White,Male,25-34,97.0,Loan originated
1,865000.0,30%-<36%,1265000.0,385.0,1,Not Hispanic or Latino,White,Female,65-74,68.304,Loan originated
1,305000.0,50%-60%,465000.0,242.0,1,Not Hispanic or Latino,White,Male,55-64,65.38,Loan originated
1,605000.0,38,755000.0,147.0,1,Not Hispanic or Latino,White,Male,35-44,80.0,Loan originated
1,1145000.0,37,2245000.0,351.0,1,Not Hispanic or Latino,White,Male,35-44,50.893,Application denied
1,375000.0,43,465000.0,92.0,1,Not Hispanic or Latino,Asian,Female,25-34,80.0,Loan originated
1,445000.0,49,555000.0,85.0,1,Not Hispanic or Latino,Asian,Male,35-44,80.0,Loan originated
1,315000.0,42,635000.0,112.0,1,Not Hispanic or Latino,Asian,Male,35-44,48.819,Loan originated
1,115000.0,20%-<30%,555000.0,88.0,1,Hispanic or Latino,White,Male,55-64,20.0,Loan originated
1,685000.0,30%-<36%,855000.0,211.0,1,Not Hispanic or Latino,White,Male,55-64,82.0,Loan originated
1,355000.0,44,555000.0,89.0,1,Not Hispanic or Latino,White,Female,25-34,63.636,Loan originated
1,415000.0,30%-<36%,595000.0,180.0,1,Not Hispanic or Latino,Asian,Female,35-44,70.0,Loan originated
1,415000.0,36,575000.0,150.0,1,Hispanic or Latino,White,Female,25-34,71.93,Loan originated
1,425000.0,>60%,465000.0,70.0,1,Not Hispanic or Latino,Asian,Female,35-44,90.0,Application denied
1,175000.0,45,235000.0,45.0,1,Not Hispanic or Latino,White,Female,65-74,72.689,Loan originated
1,875000.0,38,1265000.0,251.0,1,Not Hispanic or Latino,Asian,Female,25-34,69.307,Loan originated
1,435000.0,46,735000.0,124.0,1,Not Hispanic or Latino,White,Male,55-64,59.19,Loan originated
1,335000.0,49,345000.0,66.0,1,Hispanic or Latino,White,Female,25-34,95.0,Loan originated
1,305000.0,46,405000.0,70.0,1,Hispanic or Latino,White,Male,45-54,75.0,Loan originated
1,845000.0,44,1565000.0,309.0,1,Not Hispanic or Latino,White,Male,55-64,53.674,Loan originated
1,535000.0,20%-<30%,735000.0,246.0,1,Not Hispanic or Latino,White,Male,35-44,72.613,Loan originated
1,685000.0,46,855000.0,216.0,1,Not Hispanic or Latino,White,Male,35-44,80.0,Loan originated
1,245000.0,45,445000.0,100.0,1,Not Hispanic or Latino,White,Female,55-64,55.46,Application denied
1,395000.0,39,525000.0,126.0,1,Not Hispanic or Latino,Asian,Male,25-34,75.227,Loan originated
1,265000.0,40,375000.0,66.0,1,Hispanic or Latino,White,Female,35-44,97.36,Loan originated
1,405000.0,30%-<36%,455000.0,120.0,1,Not Hispanic or Latino,Asian,Female,35-44,90.0,Loan originated
1,645000.0,43,805000.0,184.0,1,Not Hispanic or Latino,Asian,Male,25-34,80.0,Loan originated
1,435000.0,<20%,485000.0,1256.0,1,Hispanic or Latino,White,Female,35-44,90.0,Loan originated
1,325000.0,20%-<30%,655000.0,151.0,1,Not Hispanic or Latino,White,Female,35-44,49.489,Loan originated
1,725000.0,39,915000.0,253.0,1,Not Hispanic or Latino,White,Male,45-54,80.0,Loan originated
1,265000.0,20%-<30%,355000.0,89.0,1,Not Hispanic or Latino,White,Male,25-34,75.0,Loan originated
1,355000.0,20%-<30%,395000.0,237.0,1,Hispanic or Latino,White,Male,35-44,90.0,Loan originated
1,435000.0,20%-<30%,545000.0,193.0,1,Not Hispanic or Latino,Black or African American,Male,25-34,80.0,Loan originated
1,265000.0,43,325000.0,53.0,1,Not Hispanic or Latino,Asian,Male,35-44,80.0,Loan originated
1,645000.0,42,865000.0,382.0,1,Not Hispanic or Latino,Asian,Male,25-34,75.0,Loan originated
1,445000.0,43,555000.0,197.0,1,Hispanic or Latino,White,Female,45-54,80.0,Application denied
1,395000.0,49,495000.0,94.0,1,Hispanic or Latino,White,Male,35-44,80.0,Loan originated
1,535000.0,50%-60%,1385000.0,201.0,1,Not Hispanic or Latino,White,Female,25-34,38.63,Application denied
1,685000.0,44,855000.0,210.0,1,Not Hispanic or Latino,White,Male,35-44,80.0,Loan originated
1,505000.0,42,635000.0,138.0,1,Hispanic or Latino,White,Male,25-34,80.0,Loan originated
1,505000.0,30%-<36%,1025000.0,172.0,1,Not Hispanic or Latino,Asian,Female,35-44,49.02,Loan originated
1,275000.0,47,305000.0,59.0,1,Hispanic or Latino,White,Male,35-44,90.0,Loan originated
1,225000.0,46,235000.0,58.0,1,Hispanic or Latino,White,Male,35-44,95.0,Loan originated
1,605000.0,44,1205000.0,185.0,1,Not Hispanic or Latino,Asian,Female,25-34,50.0,Loan originated
1,655000.0,41,965000.0,190.0,1,Not Hispanic or Latino,Asian,Male,35-44,67.708,Loan originated
1,855000.0,30%-<36%,1675000.0,325.0,1,Not Hispanic or Latino,White,Female,45-54,50.746,Loan originated
1,305000.0,20%-<30%,505000.0,105.0,1,Not Hispanic or Latino,Asian,Male,25-34,60.0,Loan originated
1,295000.0,40,385000.0,89.0,1,Not Hispanic or Latino,White,Female,65-74,75.0,Loan originated
1,285000.0,41,295000.0,82.0,1,Not Hispanic or Latino,White,Male,65-74,97.0,Loan originated
1,285000.0,>60%,355000.0,40.0,1,Hispanic or Latino,White,Male,<25,80.0,Application denied
1,705000.0,47,1125000.0,172.0,1,Not Hispanic or Latino,White,Male,65-74,63.0,Loan originated
1,495000.0,30%-<36%,625000.0,205.0,1,Not Hispanic or Latino,White,Female,>74,80.0,Loan originated
1,495000.0,30%-<36%,705000.0,205.0,1,Not Hispanic or Latino,Asian,Female,35-44,70.0,Loan originated
1,685000.0,>60%,855000.0,150.0,1,Not Hispanic or Latino,White,Male,35-44,80.0,Application denied
1,715000.0,47,915000.0,152.0,1,Not Hispanic or Latino,White,Female,65-74,78.03,Loan originated
1,755000.0,48,1485000.0,280.0,1,Not Hispanic or Latino,Native Hawaiian or Other Pacific Islander,Female,<25,50.68,Loan originated
1,535000.0,41,675000.0,144.0,1,Not Hispanic or Latino,Asian,Male,25-34,80.0,Loan originated
1,195000.0,48,245000.0,82.0,1,Not Hispanic or Latino,White,Female,55-64,80.0,Loan originated
1,475000.0,49,625000.0,111.0,1,Not Hispanic or Latino,White,Male,35-44,75.806,Loan originated
1,965000.0,20%-<30%,1205000.0,401.0,1,Not Hispanic or Latino,White,Female,25-34,80.0,Loan originated
1,725000.0,38,905000.0,199.0,1,Not Hispanic or Latino,Asian,Female,45-54,80.0,Loan originated
1,465000.0,41,525000.0,179.0,1,Hispanic or Latino,White,Female,35-44,90.0,Loan originated
1,475000.0,<20%,675000.0,250.0,1,Not Hispanic or Latino,Asian,Male,35-44,70.0,Loan originated
1,505000.0,38,995000.0,163.0,1,Not Hispanic or Latino,Asian,Male,55-64,51.011,Loan originated
1,765000.0,49,955000.0,170.0,1,Not Hispanic or Latino,White,Male,45-54,80.0,Application denied
1,625000.0,30%-<36%,695000.0,203.0,1,Not Hispanic or Latino,White,Male,25-34,90.0,Loan originated
1,555000.0,30%-<36%,575000.0,201.0,1,Hispanic or Latino,White,Female,25-34,100.0,Loan originated
1,1145000.0,45,1495000.0,292.0,1,Not Hispanic or Latino,White,Male,25-34,78.0,Loan originated
1,725000.0,42,1795000.0,332.0,1,Not Hispanic or Latino,Asian,Male,45-54,40.5,Loan originated
1,255000.0,44,995000.0,121.0,1,Not Hispanic or Latino,White,Male,65-74,25.003,Loan originated
1,355000.0,42,475000.0,139.0,1,Not Hispanic or Latino,White,Female,25-34,75.0,Loan originated
1,505000.0,47,535000.0,143.0,1,Not Hispanic or Latino,White,Female,45-54,95.0,Loan originated
1,455000.0,20%-<30%,895000.0,243.0,1,Not Hispanic or Latino,White,Male,45-54,50.562,Loan originated
1,735000.0,45,1055000.0,168.0,1,Not Hispanic or Latino,Asian,Female,45-54,70.0,Loan originated
1,515000.0,30%-<36%,535000.0,160.0,1,Not Hispanic or Latino,White,Male,35-44,97.0,Loan originated
1,465000.0,43,865000.0,116.0,1,Not Hispanic or Latino,Asian,Female,25-34,53.118,Loan originated
1,665000.0,48,735000.0,218.0,1,Not Hispanic or Latino,Asian,Male,35-44,90.0,Loan originated
1,625000.0,43,785000.0,223.0,1,Not Hispanic or Latino,Black or African American,Female,45-54,79.489,Loan originated
1,575000.0,49,655000.0,111.0,1,Not Hispanic or Latino,White,Male,35-44,93.0,Application denied
1,945000.0,30%-<36%,1175000.0,323.0,1,Not Hispanic or Latino,Asian,Female,35-44,80.0,Loan originated
1,935000.0,46,1165000.0,235.0,1,Not Hispanic or Latino,White,Male,25-34,80.0,Application denied
1,265000.0,42,275000.0,69.0,1,Hispanic or Latino,White,Female,35-44,100.0,Loan originated
1,555000.0,<20%,1815000.0,680.0,1,Not Hispanic or Latino,White,Male,55-64,31.0,Loan originated
1,765000.0,46,805000.0,241.0,1,Not Hispanic or Latino,Asian,Male,35-44,95.0,Loan originated
1,365000.0,46,455000.0,74.0,1,Hispanic or Latino,White,Male,35-44,80.0,Loan originated
1,235000.0,48,255000.0,47.0,1,Hispanic or Latino,White,Male,45-54,95.0,Loan originated
1,645000.0,49,805000.0,155.0,1,Not Hispanic or Latino,Asian,Female,35-44,80.0,Loan originated
1,625000.0,48,775000.0,155.0,1,Not Hispanic or Latino,White,Female,25-34,80.0,Loan originated
1,705000.0,20%-<30%,795000.0,299.0,1,Not Hispanic or Latino,White,Male,35-44,88.0,Loan originated
1,515000.0,44,925000.0,130.0,1,Not Hispanic or Latino,White,Male,25-34,54.927,Loan originated
1,875000.0,41,1005000.0,216.0,1,Not Hispanic or Latino,Asian,Male,35-44,87.0,Loan originated
1,665000.0,46,835000.0,244.0,1,Not Hispanic or Latino,Asian,Male,35-44,80.0,Loan originated
1,575000.0,20%-<30%,675000.0,282.0,1,Hispanic or Latino,White,Male,45-54,85.0,Loan originated
1,1025000.0,38,1205000.0,405.0,1,Hispanic or Latino,White,Male,35-44,85.0,Loan originated
1,645000.0,20%-<30%,1065000.0,293.0,1,Not Hispanic or Latino,White,Male,35-44,60.943,Loan originated
1,575000.0,39,715000.0,143.0,1,Not Hispanic or Latino,White,Male,55-64,80.0,Loan originated
1,115000.0,30%-<36%,415000.0,58.0,1,Not Hispanic or Latino,Asian,Male,25-34,56.31,Loan originated
1,485000.0,40,615000.0,274.0,1,Not Hispanic or Latino,White,Male,55-64,78.69,Loan originated
1,595000.0,36,925000.0,168.0,1,Hispanic or Latino,White,Female,25-34,65.0,Loan originated
1,1345000.0,41,2235000.0,1329.0,1,Not Hispanic or Latino,Asian,Male,65-74,60.0,Loan originated
1,325000.0,49,415000.0,77.0,1,Not Hispanic or Latino,White,Male,25-34,80.0,Loan originated
1,1045000.0,30%-<36%,1095000.0,405.0,1,Not Hispanic or Latino,White,Female,35-44,95.0,Loan originated
1,565000.0,45,725000.0,120.0,1,Not Hispanic or Latino,White,Male,25-34,77.24,Loan originated
1,545000.0,37,795000.0,235.0,1,Not Hispanic or Latino,Asian,Male,25-34,68.553,Loan originated
1,1025000.0,39,1145000.0,292.0,1,Not Hispanic or Latino,Asian,Male,25-34,89.9,Loan originated
1,335000.0,39,425000.0,80.0,1,Not Hispanic or Latino,White,Male,35-44,80.0,Loan originated
1,325000.0,48,425000.0,69.0,1,Not Hispanic or Latino,White,Female,45-54,103.0,Loan originated
1,555000.0,42,695000.0,148.0,1,Not Hispanic or Latino,Asian,Male,25-34,80.0,Loan originated
1,495000.0,42,635000.0,160.0,1,Hispanic or Latino,White,Male,45-54,77.826,Loan originated
1,275000.0,49,275000.0,67.0,1,Not Hispanic or Latino,White,Male,35-44,97.0,Application denied
1,625000.0,30%-<36%,925000.0,190.0,1,Not Hispanic or Latino,Asian,Male,25-34,68.0,Loan originated
1,395000.0,44,415000.0,79.0,1,Not Hispanic or Latino,Asian,Male,55-64,95.0,Loan originated
1,785000.0,49,975000.0,229.0,1,Not Hispanic or Latino,Asian,Female,35-44,80.0,Loan originated
1,355000.0,48,425000.0,259.0,1,Not Hispanic or Latino,Black or African American,Female,35-44,85.0,Loan originated
1,765000.0,43,835000.0,225.0,1,Not Hispanic or Latino,Asian,Male,45-54,91.952,Loan originated
1,155000.0,20%-<30%,785000.0,104.0,1,Hispanic or Latino,White,Male,<25,20.0,Loan originated
1,565000.0,45,715000.0,171.0,1,Not Hispanic or Latino,Asian,Male,25-34,80.0,Loan originated
1,1115000.0,42,1715000.0,456.0,1,Not Hispanic or Latino,Asian,Male,45-54,65.0,Loan originated
1,475000.0,49,875000.0,105.0,1,Not Hispanic or Latino,White,Female,55-64,54.639,Loan originated
1,765000.0,46,1065000.0,280.0,1,Hispanic or Latino,White,Female,45-54,71.909,Loan originated
1,485000.0,30%-<36%,705000.0,257.0,1,Not Hispanic or Latino,Asian,Male,25-34,69.559,Loan originated
1,585000.0,37,785000.0,160.0,1,Not Hispanic or Latino,Asian,Male,35-44,75.0,Loan originated
1,345000.0,46,435000.0,124.0,1,Not Hispanic or Latino,Asian,Female,45-54,80.0,Loan originated
1,195000.0,47,245000.0,57.0,1,Hispanic or Latino,White,Male,45-54,80.0,Loan originated
1,675000.0,45,705000.0,183.0,1,Hispanic or Latino,White,Male,25-34,94.999,Loan originated
1,185000.0,49,695000.0,59.0,1,Not Hispanic or Latino,White,Female,65-74,26.087,Loan originated
1,535000.0,48,1125000.0,117.0,1,Not Hispanic or Latino,Asian,Male,45-54,47.321,Loan originated
1,755000.0,45,815000.0,265.0,1,Not Hispanic or Latino,White,Male,35-44,91.519,Loan originated
1,465000.0,20%-<30%,795000.0,205.0,1,Not Hispanic or Latino,White,Female,45-54,90.0,Loan originated
1,845000.0,49,885000.0,191.0,1,Hispanic or Latino,Asian,Female,25-34,95.0,Loan originated
1,715000.0,41,795000.0,254.0,1,Not Hispanic or Latino,White,Male,55-64,90.0,Loan originated
1,405000.0,47,795000.0,97.0,1,Hispanic or Latino,White,Female,45-54,50.31,Loan originated
1,785000.0,49,875000.0,287.0,1,Not Hispanic or Latino,Asian,Female,25-34,90.0,Loan originated
1,655000.0,49,695000.0,135.0,1,Hispanic or Latino,White,Male,35-44,94.638,Loan originated
1,365000.0,45,555000.0,85.0,1,Not Hispanic or Latino,Asian,Male,35-44,66.126,Loan originated
1,455000.0,37,565000.0,161.0,1,Not Hispanic or Latino,Asian,Male,45-54,80.0,Loan originated
1,315000.0,20%-<30%,355000.0,160.0,1,Not Hispanic or Latino,White,Female,45-54,90.0,Loan originated
1,725000.0,48,1105000.0,212.0,1,Not Hispanic or Latino,White,Male,>74,65.305,Loan originated
1,25000.0,37,705000.0,179.0,1,Hispanic or Latino,White,Female,25-34,100.0,Loan originated
1,635000.0,41,705000.0,192.0,1,Not Hispanic or Latino,White,Female,35-44,90.0,Loan originated
1,535000.0,45,835000.0,140.0,1,Not Hispanic or Latino,White,Male,35-44,63.86,Loan originated
1,135000.0,50%-60%,265000.0,57.0,1,Hispanic or Latino,Native Hawaiian or Other Pacific Islander,Male,65-74,51.923,Loan originated
1,845000.0,49,945000.0,290.0,1,Not Hispanic or Latino,White,Female,45-54,89.418,Loan originated
1,685000.0,20%-<30%,805000.0,205.0,1,Not Hispanic or Latino,White,Male,35-44,85.0,Loan originated
1,825000.0,49,1025000.0,223.0,1,Not Hispanic or Latino,Asian,Female,45-54,80.0,Loan originated
1,905000.0,41,1005000.0,269.0,1,Not Hispanic or Latino,White,Female,55-64,90.0,Loan originated
1,425000.0,48,645000.0,120.0,1,Not Hispanic or Latino,Black or African American,Male,55-64,65.015,Loan originated
1,665000.0,<20%,735000.0,1282.0,1,Not Hispanic or Latino,White,Male,55-64,90.0,Loan originated
1,715000.0,>60%,955000.0,128.0,1,Not Hispanic or Latino,Asian,Male,45-54,75.0,Application denied
1,225000.0,48,285000.0,91.0,1,Hispanic or Latino,American Indian or Alaska Native,Male,55-64,80.0,Loan originated
1,365000.0,49,465000.0,114.0,1,Not Hispanic or Latino,Asian,Female,25-34,78.0,Loan originated
1,465000.0,42,555000.0,117.0,1,Not Hispanic or Latino,White,Male,35-44,105.0,Loan originated
1,535000.0,49,565000.0,105.0,1,Hispanic or Latino,White,Male,35-44,95.0,Loan originated
1,75000.0,42,125000.0,90.0,1,Not Hispanic or Latino,White,Female,55-64,60.0,Loan originated
1,675000.0,42,755000.0,205.0,1,Not Hispanic or Latino,White,Male,35-44,90.0,Loan originated
1,45000.0,50%-60%,95000.0,64.0,1,Not Hispanic or Latino,White,Male,55-64,50.0,Application denied
1,595000.0,40,635000.0,206.0,1,Hispanic or Latino,White,Male,25-34,94.683,Loan originated
1,475000.0,20%-<30%,595000.0,208.0,1,Not Hispanic or Latino,White,Female,25-34,80.0,Loan originated
1,645000.0,44,675000.0,270.0,1,Hispanic or Latino,American Indian or Alaska Native,Male,35-44,95.0,Loan originated
1,575000.0,36,725000.0,168.0,1,Hispanic or Latino,White,Female,35-44,80.0,Loan originated
1,765000.0,46,965000.0,24.0,1,Not Hispanic or Latino,Asian,Male,45-54,80.0,Loan originated
1,965000.0,30%-<36%,1445000.0,274.0,1,Not Hispanic or Latino,Asian,Male,45-54,66.667,Loan originated
1,765000.0,40,1005000.0,221.0,1,Hispanic or Latino,White,Male,25-34,76.655,Loan originated
1,735000.0,20%-<30%,775000.0,431.0,1,Not Hispanic or Latino,White,Female,35-44,95.0,Loan originated
1,455000.0,37,825000.0,125.0,1,Hispanic or Latino,White,Male,35-44,54.87,Loan originated
1,465000.0,40,575000.0,124.0,1,Not Hispanic or Latino,White,Female,25-34,79.992,Loan originated
1,735000.0,45,765000.0,165.0,1,Not Hispanic or Latino,Black or African American,Female,35-44,95.99,Loan originated
1,675000.0,49,715000.0,165.0,1,Hispanic or Latino,White,Male,25-34,95.0,Loan originated
1,1015000.0,44,1135000.0,314.0,1,Not Hispanic or Latino,Asian,Female,25-34,90.0,Loan originated
1,795000.0,49,995000.0,167.0,1,Hispanic or Latino,Asian,Male,45-54,80.0,Loan originated
1,905000.0,44,1255000.0,201.0,1,Not Hispanic or Latino,Asian,Female,25-34,71.86,Loan originated
1,615000.0,49,655000.0,126.0,1,Not Hispanic or Latino,White,Male,25-34,95.0,Loan originated
1,155000.0,49,175000.0,129.0,1,Hispanic or Latino,White,Male,45-54,88.739,Loan originated
1,1125000.0,37,1415000.0,333.0,1,Not Hispanic or Latino,Asian,Male,25-34,80.0,Loan originated
1,775000.0,48,1105000.0,252.0,1,Not Hispanic or Latino,Asian,Male,45-54,70.0,Loan originated
1,965000.0,49,1215000.0,232.0,1,Not Hispanic or Latino,Asian,Male,35-44,80.0,Loan originated
1,695000.0,48,765000.0,138.0,1,Hispanic or Latino,White,Male,35-44,90.918,Loan originated
1,775000.0,30%-<36%,965000.0,241.0,1,Not Hispanic or Latino,Asian,Female,35-44,80.0,Loan originated
1,765000.0,47,805000.0,207.0,1,Hispanic or Latino,White,Male,<25,95.0,Loan originated
1,945000.0,48,1355000.0,405.0,1,Not Hispanic or Latino,Asian,Female,25-34,70.0,Loan originated
1,505000.0,42,835000.0,126.0,1,Not Hispanic or Latino,Asian,Male,25-34,60.241,Loan originated
1,455000.0,46,755000.0,161.0,1,Hispanic or Latino,White,Male,45-54,60.0,Loan originated
1,1085000.0,36,1365000.0,333.0,1,Not Hispanic or Latino,Asian,Male,25-34,80.0,Loan originated
1,185000.0,41,655000.0,100.0,1,Not Hispanic or Latino,White,Female,45-54,28.244,Loan originated
1,675000.0,38,845000.0,184.0,1,Not Hispanic or Latino,Asian,Male,55-64,80.0,Loan originated
1,555000.0,49,675000.0,133.0,1,Not Hispanic or Latino,Asian,Female,65-74,83.0,Loan originated
1,645000.0,30%-<36%,865000.0,179.0,1,Hispanic or Latino,White,Male,35-44,75.0,Loan originated
1,215000.0,40,275000.0,58.0,1,Not Hispanic or Latino,White,Female,45-54,80.0,Loan originated
1,765000.0,40,885000.0,202.0,1,Not Hispanic or Latino,White,Female,35-44,86.806,Loan originated
1,345000.0,44,465000.0,96.0,1,Not Hispanic or Latino,Asian,Male,25-34,74.514,Loan originated
1,185000.0,36,355000.0,53.0,1,Not Hispanic or Latino,White,Female,55-64,50.845,Loan originated
1,275000.0,48,915000.0,89.0,1,Not Hispanic or Latino,Asian,Female,55-64,29.97,Loan originated
1,565000.0,38,715000.0,182.0,1,Not Hispanic or Latino,Asian,Male,35-44,80.0,Loan originated
1,535000.0,37,665000.0,150.0,1,Not Hispanic or Latino,White,Female,25-34,80.0,Loan originated
1,355000.0,30%-<36%,445000.0,208.0,1,Not Hispanic or Latino,White,Male,35-44,80.0,Loan originated
1,525000.0,44,535000.0,125.0,1,Hispanic or Latino,White,Male,25-34,97.0,Loan originated
1,975000.0,38,1305000.0,395.0,1,Not Hispanic or Latino,White,Female,35-44,75.0,Loan originated
1,915000.0,49,1325000.0,218.0,1,Not Hispanic or Latino,White,Female,35-44,70.0,Loan originated
1,1115000.0,42,1175000.0,563.0,1,Not Hispanic or Latino,Asian,Male,45-54,95.0,Loan originated
1,205000.0,20%-<30%,485000.0,108.0,1,Hispanic or Latino,White,Male,35-44,41.24,Application denied
1,325000.0,49,735000.0,70.0,1,Not Hispanic or Latino,White,Male,35-44,44.205,Loan originated
1,485000.0,48,605000.0,148.0,1,Not Hispanic or Latino,Asian,Male,25-34,80.0,Loan originated
1,405000.0,49,425000.0,82.0,1,Not Hispanic or Latino,Black or African American,Female,55-64,94.86,Loan originated
1,355000.0,20%-<30%,555000.0,155.0,1,Not Hispanic or Latino,White,Male,25-34,63.64,Loan originated
1,445000.0,44,525000.0,105.0,1,Hispanic or Latino,White,Female,45-54,85.0,Loan originated
1,165000.0,49,175000.0,164.0,1,Not Hispanic or Latino,White,Male,35-44,95.0,Loan originated
1,625000.0,47,785000.0,210.0,1,Not Hispanic or Latino,Asian,Male,45-54,80.0,Loan originated
1,605000.0,20%-<30%,635000.0,230.0,1,Not Hispanic or Latino,Asian,Male,25-34,95.0,Loan originated
1,205000.0,20%-<30%,305000.0,169.0,1,Not Hispanic or Latino,White,Female,55-64,67.21,Loan originated
1,505000.0,47,535000.0,122.0,1,Not Hispanic or Latino,White,Male,35-44,95.0,Loan originated
1,455000.0,20%-<30%,505000.0,301.0,1,Not Hispanic or Latino,Asian,Male,45-54,90.0,Loan originated
1,355000.0,46,475000.0,82.0,1,Not Hispanic or Latino,White,Male,25-34,75.0,Loan originated
1,625000.0,30%-<36%,785000.0,297.0,1,Not Hispanic or Latino,Asian,Female,25-34,80.0,Loan originated
1,385000.0,20%-<30%,455000.0,177.0,1,Not Hispanic or Latino,White,Male,65-74,85.0,Loan originated
1,465000.0,49,645000.0,93.0,1,Hispanic or Latino,White,Male,55-64,71.919,Loan originated
1,475000.0,36,585000.0,198.0,1,Not Hispanic or Latino,Asian,Male,25-34,80.0,Loan originated
1,285000.0,30%-<36%,555000.0,114.0,1,Not Hispanic or Latino,White,Female,55-64,52.0,Loan originated
1,695000.0,43,875000.0,269.0,1,Not Hispanic or Latino,White,Male,25-34,80.0,Loan originated
1,545000.0,49,725000.0,109.0,1,Hispanic or Latino,White,Female,25-34,95.0,Loan originated
1,485000.0,41,515000.0,241.0,1,Not Hispanic or Latino,White,Male,55-64,95.0,Loan originated
1,315000.0,49,855000.0,91.0,1,Not Hispanic or Latino,White,Female,55-64,37.063,Loan originated
1,315000.0,40,345000.0,144.0,1,Hispanic or Latino,White,Female,35-44,90.0,Loan originated
1,485000.0,<20%,605000.0,150.0,1,Hispanic or Latino,Asian,Female,35-44,80.0,Application denied
1,465000.0,39,735000.0,115.0,1,Not Hispanic or Latino,White,Male,35-44,64.0,Loan originated
1,1045000.0,50%-60%,1305000.0,199.0,1,Not Hispanic or Latino,White,Male,25-34,79.92,Application denied
1,275000.0,47,345000.0,99.0,1,Hispanic or Latino,White,Male,<25,80.0,Loan originated
1,765000.0,43,885000.0,189.0,1,Not Hispanic or Latino,White,Male,65-74,86.769,Loan originated
1,415000.0,30%-<36%,465000.0,124.0,1,Not Hispanic or Latino,White,Male,65-74,90.0,Loan originated
1,675000.0,48,755000.0,130.0,1,Not Hispanic or Latino,Asian,Male,35-44,90.0,Loan originated
1,245000.0,37,825000.0,111.0,1,Not Hispanic or Latino,White,Female,35-44,29.697,Loan originated
1,605000.0,41,655000.0,159.0,1,Hispanic or Latino,White,Male,35-44,93.0,Loan originated
1,545000.0,45,575000.0,174.0,1,Hispanic or Latino,Asian,Female,35-44,95.0,Loan originated
1,675000.0,49,1155000.0,232.0,1,Not Hispanic or Latino,White,Female,55-64,58.26,Application denied
1,395000.0,46,535000.0,87.0,1,Not Hispanic or Latino,White,Male,35-44,75.0,Loan originated
1,425000.0,20%-<30%,525000.0,161.0,1,Not Hispanic or Latino,White,Female,45-54,80.0,Loan originated
1,155000.0,44,285000.0,42.0,1,Not Hispanic or Latino,White,Female,25-34,54.583,Loan originated
1,455000.0,48,995000.0,120.0,1,Not Hispanic or Latino,White,Male,25-34,45.409,Loan originated
1,375000.0,40,615000.0,124.0,1,Not Hispanic or Latino,Asian,Male,45-54,60.0,Loan originated
1,315000.0,30%-<36%,485000.0,98.0,1,Not Hispanic or Latino,White,Male,25-34,64.583,Loan originated
1,905000.0,45,1325000.0,199.0,1,Not Hispanic or Latino,White,Male,25-34,67.93,Loan originated
1,885000.0,47,1105000.0,235.0,1,Hispanic or Latino,White,Female,25-34,80.0,Loan originated
1,575000.0,45,635000.0,140.0,1,Not Hispanic or Latino,2 or more minority races,Male,25-34,90.0,Loan originated
1,475000.0,49,715000.0,94.0,1,Not Hispanic or Latino,Asian,Male,35-44,66.2,Loan originated
1,655000.0,43,875000.0,175.0,1,Not Hispanic or Latino,Asian,Male,45-54,75.0,Loan originated
1,335000.0,43,365000.0,100.0,1,Hispanic or Latino,Asian,Male,35-44,91.781,Loan originated
1,395000.0,44,595000.0,81.0,1,Hispanic or Latino,White,Male,35-44,85.59,Loan originated
1,345000.0,20%-<30%,365000.0,214.0,1,Not Hispanic or Latino,White,Female,45-54,95.0,Loan originated
1,415000.0,50%-60%,455000.0,79.0,1,Not Hispanic or Latino,Asian,Female,55-64,92.0,Loan originated
1,725000.0,46,905000.0,235.0,1,Not Hispanic or Latino,White,Female,35-44,80.0,Loan originated
1,295000.0,45,405000.0,74.0,1,Not Hispanic or Latino,White,Female,45-54,73.105,Loan originated
1,455000.0,49,475000.0,87.0,1,Hispanic or Latino,White,Female,<25,95.0,Loan originated
1,865000.0,40,1085000.0,191.0,1,Hispanic or Latino,White,Female,35-44,80.0,Loan originated
1,495000.0,45,675000.0,129.0,1,Hispanic or Latino,White,Male,25-34,73.333,Loan originated
1,385000.0,36,475000.0,140.0,1,Not Hispanic or Latino,Asian,Male,45-54,80.0,Loan originated
1,435000.0,47,545000.0,123.0,1,Not Hispanic or Latino,White,Female,45-54,80.0,Loan originated
1,185000.0,36,565000.0,67.0,1,Not Hispanic or Latino,White,Female,55-64,32.66,Loan originated
1,555000.0,>60%,585000.0,104.0,1,Hispanic or Latino,2 or more minority races,Female,45-54,95.0,Application denied
1,685000.0,40,805000.0,311.0,1,Not Hispanic or Latino,White,Male,35-44,85.0,Loan originated
1,315000.0,30%-<36%,375000.0,172.0,1,Not Hispanic or Latino,White,Male,35-44,85.0,Loan originated
1,195000.0,49,235000.0,40.0,1,Not Hispanic or Latino,White,Female,>74,80.0,Loan originated
1,885000.0,44,1105000.0,229.0,1,Not Hispanic or Latino,White,Male,35-44,80.0,Loan originated
1,205000.0,44,535000.0,76.0,1,Not Hispanic or Latino,White,Male,45-54,37.38,Loan originated
1,275000.0,43,285000.0,98.0,1,Hispanic or Latino,White,Female,25-34,97.0,Loan originated
1,1045000.0,30%-<36%,1315000.0,304.0,1,Not Hispanic or Latino,Asian,Male,25-34,79.89,Loan originated
1,385000.0,47,645000.0,73.0,1,Hispanic or Latino,White,Male,45-54,59.38,Loan originated
1,535000.0,46,595000.0,131.0,1,Not Hispanic or Latino,Asian,Female,25-34,90.0,Loan originated
1,355000.0,38,475000.0,198.0,1,Hispanic or Latino,White,Female,55-64,74.094,Loan originated
1,985000.0,36,1235000.0,294.0,1,Not Hispanic or Latino,White,Male,35-44,80.0,Loan originated
1,105000.0,48,345000.0,75.0,1,Not Hispanic or Latino,White,Male,>74,30.0,Loan originated
1,765000.0,42,1205000.0,299.0,1,Hispanic or Latino,White,Male,45-54,63.879,Loan originated
1,1245000.0,46,1315000.0,277.0,1,Not Hispanic or Latino,White,Male,25-34,95.0,Loan originated
1,655000.0,30%-<36%,675000.0,220.0,1,Not Hispanic or Latino,White,Male,25-34,97.0,Loan originated
1,575000.0,20%-<30%,585000.0,231.0,1,Not Hispanic or Latino,White,Male,45-54,97.0,Loan originated
1,955000.0,48,1005000.0,299.0,1,Not Hispanic or Latino,White,Male,45-54,95.0,Loan originated
1,445000.0,47,495000.0,121.0,1,Hispanic or Latino,White,Male,35-44,90.0,Application denied
1,205000.0,20%-<30%,935000.0,123.0,1,Not Hispanic or Latino,Asian,Male,25-34,21.505,Loan originated
1,765000.0,45,1015000.0,178.0,1,Not Hispanic or Latino,Asian,Female,25-34,76.0,Loan originated
1,265000.0,43,275000.0,67.0,1,Hispanic or Latino,White,Male,<25,97.0,Loan originated
1,645000.0,20%-<30%,805000.0,389.0,1,Not Hispanic or Latino,White,Male,25-34,80.0,Loan originated
1,745000.0,30%-<36%,835000.0,310.0,1,Not Hispanic or Latino,Asian,Male,25-34,89.0,Loan originated
1,575000.0,<20%,755000.0,491.0,1,Not Hispanic or Latino,White,Male,35-44,76.791,Loan originated
1,825000.0,43,1025000.0,422.0,1,Not Hispanic or Latino,Asian,Female,35-44,80.0,Loan originated
1,335000.0,45,355000.0,95.0,1,Not Hispanic or Latino,Black or African American,Male,35-44,97.0,Application denied
1,565000.0,49,625000.0,104.0,1,Hispanic or Latino,White,Male,25-34,90.0,Loan originated
1,225000.0,48,425000.0,67.0,1,Not Hispanic or Latino,Black or African American,Male,55-64,53.402,Loan originated
1,115000.0,20%-<30%,125000.0,155.0,1,Not Hispanic or Latino,White,Male,35-44,92.0,Application denied
1,755000.0,<20%,1185000.0,582.0,1,Not Hispanic or Latino,Asian,Male,45-54,63.18,Loan originated
1,625000.0,20%-<30%,785000.0,230.0,1,Not Hispanic or Latino,Black or African American,Male,45-54,80.0,Loan originated
1,525000.0,30%-<36%,665000.0,176.0,1,Not Hispanic or Latino,White,Female,65-74,80.0,Loan originated
1,455000.0,44,485000.0,141.0,1,Hispanic or Latino,White,Female,35-44,95.0,Loan originated
1,345000.0,45,535000.0,103.0,1,Not Hispanic or Latino,White,Female,45-54,63.659,Loan originated
1,735000.0,37,925000.0,215.0,1,Hispanic or Latino,White,Male,45-54,80.0,Loan originated
1,305000.0,20%-<30%,1035000.0,435.0,1,Hispanic or Latino,White,Male,45-54,29.126,Loan originated
1,455000.0,42,605000.0,101.0,1,Not Hispanic or Latino,Asian,Female,35-44,95.0,Loan originated
1,355000.0,44,405000.0,113.0,1,Not Hispanic or Latino,White,Male,25-34,87.654,Loan originated
1,485000.0,30%-<36%,885000.0,157.0,1,Not Hispanic or Latino,Asian,Male,35-44,54.707,Loan originated
1,705000.0,30%-<36%,725000.0,240.0,1,Not Hispanic or Latino,White,Male,25-34,97.0,Loan originated
1,555000.0,50%-60%,745000.0,107.0,1,Hispanic or Latino,White,Male,45-54,75.0,Application denied
1,305000.0,40,375000.0,171.0,1,Not Hispanic or Latino,White,Female,25-34,80.0,Loan originated
1,1015000.0,44,1275000.0,221.0,1,Not Hispanic or Latino,Asian,Male,25-34,80.0,Loan originated
1,725000.0,<20%,905000.0,1041.0,1,Hispanic or Latino,White,Male,25-34,80.0,Loan originated
1,575000.0,>60%,585000.0,225.0,1,Not Hispanic or Latino,White,Male,55-64,95.0,Application denied
1,645000.0,43,805000.0,176.0,1,Not Hispanic or Latino,Asian,Female,25-34,80.0,Loan originated
1,1125000.0,45,1405000.0,246.0,1,Not Hispanic or Latino,White,Male,25-34,80.0,Loan originated
1,815000.0,39,855000.0,275.0,1,Not Hispanic or Latino,Black or African American,Female,45-54,95.29,Loan originated
1,205000.0,36,275000.0,57.0,1,Not Hispanic or Latino,White,Male,55-64,74.63,Loan originated
1,455000.0,40,775000.0,115.0,1,Not Hispanic or Latino,White,Female,45-54,59.0,Loan originated
1,365000.0,41,515000.0,100.0,1,Not Hispanic or Latino,White,Male,45-54,70.987,Loan originated
1,555000.0,46,695000.0,150.0,1,Not Hispanic or Latino,White,Male,25-34,80.0,Loan originated
1,735000.0,30%-<36%,815000.0,211.0,1,Not Hispanic or Latino,Asian,Male,35-44,89.98,Loan originated
1,365000.0,30%-<36%,465000.0,112.0,1,Not Hispanic or Latino,White,Male,35-44,80.0,Loan originated
1,645000.0,42,715000.0,152.0,1,Not Hispanic or Latino,White,Male,25-34,90.0,Loan originated
1,425000.0,40,475000.0,106.0,1,Not Hispanic or Latino,White,Male,25-34,90.0,Loan originated
1,845000.0,20%-<30%,1055000.0,511.0,1,Not Hispanic or Latino,Asian,Female,35-44,80.0,Loan originated
1,415000.0,20%-<30%,525000.0,208.0,1,Not Hispanic or Latino,White,Male,35-44,80.0,Loan originated
1,915000.0,37,1105000.0,247.0,1,Not Hispanic or Latino,Asian,Male,25-34,82.73,Loan originated
1,355000.0,48,375000.0,76.0,1,Hispanic or Latino,White,Female,35-44,95.0,Loan originated
1,505000.0,42,535000.0,104.0,1,Not Hispanic or Latino,Asian,Female,25-34,94.424,Loan originated
1,1005000.0,49,1685000.0,198.0,1,Not Hispanic or Latino,Asian,Male,35-44,60.0,Loan originated
1,505000.0,37,645000.0,128.0,1,Not Hispanic or Latino,Asian,Female,55-64,80.0,Loan originated
1,265000.0,44,295000.0,61.0,1,Not Hispanic or Latino,White,Female,35-44,90.0,Loan originated
1,765000.0,30%-<36%,1255000.0,227.0,1,Not Hispanic or Latino,Asian,Male,35-44,62.0,Loan originated
1,455000.0,<20%,605000.0,297.0,1,Not Hispanic or Latino,White,Female,65-74,74.38,Application denied
1,395000.0,41,435000.0,206.0,1,Not Hispanic or Latino,Black or African American,Female,45-54,90.0,Loan originated
1,225000.0,30%-<36%,245000.0,64.0,1,Not Hispanic or Latino,Black or African American,Male,35-44,90.0,Loan originated
1,225000.0,42,495000.0,61.0,1,Not Hispanic or Latino,White,Male,45-54,102.592,Loan originated
1,755000.0,49,1325000.0,157.0,1,Not Hispanic or Latino,White,Female,35-44,56.604,Application denied
1,315000.0,49,395000.0,156.0,1,Not Hispanic or Latino,Asian,Male,25-34,80.0,Application denied
1,365000.0,37,455000.0,117.0,1,Not Hispanic or Latino,Asian,Male,25-34,79.89,Loan originated
1,605000.0,47,905000.0,137.0,1,Hispanic or Latino,White,Male,35-44,66.667,Loan originated
1,695000.0,40,875000.0,243.0,1,Not Hispanic or Latino,White,Female,25-34,80.0,Loan originated
1,855000.0,20%-<30%,1155000.0,330.0,1,Not Hispanic or Latino,Asian,Male,35-44,73.91,Loan originated
1,665000.0,38,1035000.0,192.0,1,Not Hispanic or Latino,Asian,Female,45-54,63.906,Loan originated
1,1015000.0,42,1415000.0,352.0,1,Not Hispanic or Latino,Asian,Female,35-44,72.06,Loan originated
1,355000.0,42,555000.0,118.0,1,Hispanic or Latino,White,Male,25-34,63.636,Application denied
1,705000.0,44,995000.0,145.0,1,Not Hispanic or Latino,White,Male,65-74,70.35,Loan originated
1,585000.0,48,615000.0,164.0,1,Not Hispanic or Latino,Asian,Male,25-34,95.0,Loan originated
1,575000.0,44,675000.0,157.0,1,Not Hispanic or Latino,White,Male,55-64,85.0,Loan originated
1,185000.0,44,275000.0,43.0,1,Hispanic or Latino,White,Female,>74,66.67,Loan originated
1,425000.0,30%-<36%,455000.0,165.0,1,Hispanic or Latino,White,Female,35-44,95.0,Loan originated
1,515000.0,39,605000.0,150.0,1,Not Hispanic or Latino,Asian,Male,25-34,85.833,Loan originated
1,635000.0,30%-<36%,795000.0,206.0,1,Hispanic or Latino,White,Male,35-44,80.0,Loan originated
1,395000.0,30%-<36%,885000.0,144.0,1,Not Hispanic or Latino,Asian,Female,55-64,45.264,Loan originated
1,595000.0,49,745000.0,131.0,1,Not Hispanic or Latino,White,Male,35-44,79.865,Loan originated
1,385000.0,48,475000.0,95.0,1,Not Hispanic or Latino,Asian,Female,35-44,80.0,Loan originated
1,495000.0,49,555000.0,122.0,1,Not Hispanic or Latino,Asian,Male,25-34,89.99,Loan originated
1,685000.0,39,855000.0,179.0,1,Hispanic or Latino,White,Female,35-44,80.0,Loan originated
1,305000.0,50%-60%,325000.0,193.0,1,Not Hispanic or Latino,White,Female,55-64,95.0,Application denied
1,355000.0,49,475000.0,102.0,1,Not Hispanic or Latino,White,Female,65-74,75.0,Loan originated
1,805000.0,36,1305000.0,225.0,1,Not Hispanic or Latino,Asian,Male,35-44,61.538,Application denied
1,635000.0,30%-<36%,785000.0,342.0,1,Not Hispanic or Latino,Asian,Male,55-64,80.417,Loan originated
1,865000.0,41,915000.0,265.0,1,Hispanic or Latino,White,Female,25-34,95.0,Loan originated
1,475000.0,47,1215000.0,150.0,1,Hispanic or Latino,White,Male,55-64,38.671,Loan originated
1,305000.0,43,315000.0,85.0,1,Not Hispanic or Latino,White,Female,45-54,97.0,Loan originated
1,195000.0,43,295000.0,56.0,1,Not Hispanic or Latino,Asian,Male,<25,67.0,Loan originated
1,455000.0,39,845000.0,116.0,1,Not Hispanic or Latino,White,Male,25-34,90.0,Loan originated
1,1145000.0,46,1495000.0,303.0,1,Not Hispanic or Latino,White,Male,25-34,77.0,Loan originated
1,445000.0,44,465000.0,105.0,1,Not Hispanic or Latino,Black or African American,Male,25-34,97.0,Loan originated
1,385000.0,41,485000.0,89.0,1,Hispanic or Latino,White,Male,35-44,80.0,Loan originated
1,275000.0,49,395000.0,69.0,1,Hispanic or Latino,White,Male,65-74,70.0,Loan originated
1,505000.0,<20%,845000.0,335.0,1,Not Hispanic or Latino,Asian,Male,45-54,59.53,Loan originated
1,985000.0,49,1795000.0,222.0,1,Not Hispanic or Latino,White,Male,55-64,55.0,Loan originated
1,865000.0,20%-<30%,1245000.0,384.0,1,Not Hispanic or Latino,Asian,Female,35-44,79.818,Loan originated
1,395000.0,41,435000.0,98.0,1,Not Hispanic or Latino,Asian,Male,25-34,89.885,Loan originated
1,605000.0,42,755000.0,188.0,1,Not Hispanic or Latino,White,Female,45-54,80.0,Loan originated
1,565000.0,<20%,715000.0,748.0,1,Hispanic or Latino,White,Male,35-44,79.999,Loan originated
1,645000.0,46,765000.0,136.0,1,Not Hispanic or Latino,White,Male,25-34,85.0,Loan originated
1,605000.0,36,765000.0,177.0,1,Hispanic or Latino,Asian,Male,35-44,79.53,Loan originated
1,355000.0,48,425000.0,72.0,1,Hispanic or Latino,White,Male,35-44,85.0,Loan originated
1,175000.0,20%-<30%,225000.0,189.0,1,Hispanic or Latino,White,Male,25-34,80.0,Loan originated
1,475000.0,48,505000.0,113.0,1,Hispanic or Latino,White,Female,45-54,98.0,Application denied
1,555000.0,36,1005000.0,173.0,1,Not Hispanic or Latino,Asian,Male,25-34,55.0,Loan originated
1,305000.0,48,415000.0,67.0,1,Not Hispanic or Latino,White,Male,35-44,75.0,Loan originated
1,385000.0,47,415000.0,92.0,1,Hispanic or Latino,American Indian or Alaska Native,Male,45-54,93.0,Loan originated
1,305000.0,41,755000.0,97.0,1,Hispanic or Latino,Asian,Female,45-54,39.74,Loan originated
1,665000.0,50%-60%,745000.0,227.0,1,Not Hispanic or Latino,White,Male,55-64,90.0,Loan originated
1,955000.0,37,1195000.0,260.0,1,Not Hispanic or Latino,Asian,Male,35-44,80.0,Loan originated
1,335000.0,44,655000.0,86.0,1,Hispanic or Latino,American Indian or Alaska Native,Male,35-44,50.769,Loan originated
1,255000.0,45,265000.0,56.0,1,Hispanic or Latino,White,Male,<25,100.0,Loan originated
1,325000.0,44,615000.0,103.0,1,Not Hispanic or Latino,Asian,Male,25-34,52.042,Loan originated
1,525000.0,40,555000.0,174.0,1,Not Hispanic or Latino,Asian,Male,25-34,93.935,Loan originated
1,425000.0,42,455000.0,120.0,1,Not Hispanic or Latino,White,Male,25-34,95.0,Loan originated
1,455000.0,43,565000.0,94.0,1,Not Hispanic or Latino,Asian,Female,55-64,80.0,Loan originated
1,625000.0,49,655000.0,116.0,1,Not Hispanic or Latino,White,Male,35-44,95.0,Loan originated
1,985000.0,48,1225000.0,199.0,1,Not Hispanic or Latino,Asian,Male,25-34,80.0,Loan originated
1,755000.0,36,895000.0,213.0,1,Not Hispanic or Latino,Asian,Male,25-34,83.706,Loan originated
1,505000.0,20%-<30%,825000.0,193.0,1,Not Hispanic or Latino,White,Male,45-54,60.98,Loan originated
1,285000.0,38,295000.0,68.0,1,Hispanic or Latino,White,Male,25-34,97.0,Loan originated
1,1025000.0,40,1625000.0,256.0,1,Not Hispanic or Latino,White,Female,55-64,63.08,Loan originated
1,705000.0,48,775000.0,140.0,1,Hispanic or Latino,White,Female,45-54,91.161,Loan originated
1,415000.0,41,695000.0,9.0,1,Not Hispanic or Latino,Asian,Male,35-44,60.0,Loan originated
1,115000.0,41,145000.0,54.0,1,Not Hispanic or Latino,White,Female,55-64,75.862,Loan originated
1,475000.0,44,685000.0,115.0,1,Not Hispanic or Latino,White,Male,25-34,70.0,Loan originated
1,655000.0,48,685000.0,185.0,1,Not Hispanic or Latino,White,Female,25-34,95.0,Loan originated
1,225000.0,46,605000.0,77.0,1,Not Hispanic or Latino,White,Female,55-64,37.5,Loan originated
1,325000.0,20%-<30%,1125000.0,158.0,1,Not Hispanic or Latino,White,Female,35-44,28.952,Loan originated
1,185000.0,38,495000.0,84.0,1,Not Hispanic or Latino,White,Female,65-74,36.057,Loan originated
1,995000.0,30%-<36%,1175000.0,293.0,1,Not Hispanic or Latino,Asian,Male,35-44,85.0,Loan originated
1,335000.0,49,425000.0,91.0,1,Hispanic or Latino,White,Male,35-44,80.0,Loan originated
1,765000.0,40,2155000.0,237.0,1,Not Hispanic or Latino,White,Male,35-44,35.512,Loan originated
1,325000.0,40,625000.0,108.0,1,Not Hispanic or Latino,Asian,Male,25-34,52.0,Loan originated
1,1065000.0,44,1325000.0,368.0,1,Not Hispanic or Latino,White,Female,35-44,80.0,Loan originated
1,915000.0,43,1085000.0,239.0,1,Not Hispanic or Latino,Asian,Female,25-34,84.91,Loan originated
1,715000.0,40,895000.0,208.0,1,Not Hispanic or Latino,White,Female,25-34,80.0,Loan originated
1,425000.0,20%-<30%,525000.0,203.0,1,Not Hispanic or Latino,White,Male,55-64,80.0,Loan originated
1,405000.0,42,435000.0,117.0,1,Hispanic or Latino,White,Male,45-54,95.0,Loan originated
1,135000.0,43,465000.0,78.0,1,Not Hispanic or Latino,Asian,Female,65-74,28.26,Loan originated
1,455000.0,37,565000.0,261.0,1,Not Hispanic or Latino,Asian,Female,55-64,79.965,Application denied
1,175000.0,36,455000.0,107.0,1,Not Hispanic or Latino,Asian,Female,55-64,39.0,Loan originated
1,485000.0,30%-<36%,615000.0,156.0,1,Not Hispanic or Latino,Asian,Male,35-44,80.0,Loan originated
1,685000.0,42,1155000.0,169.0,1,Not Hispanic or Latino,White,Male,45-54,59.13,Loan originated
1,195000.0,39,235000.0,48.0,1,Hispanic or Latino,White,Female,<25,96.751,Loan originated
1,865000.0,38,1085000.0,322.0,1,Not Hispanic or Latino,White,Female,35-44,80.0,Loan originated
1,525000.0,39,655000.0,130.0,1,Not Hispanic or Latino,Asian,Female,35-44,80.0,Loan originated
1,375000.0,49,2055000.0,263.0,1,Not Hispanic or Latino,Asian,Male,35-44,18.439,Loan originated
1,345000.0,47,425000.0,77.0,1,Hispanic or Latino,American Indian or Alaska Native,Male,25-34,80.0,Loan originated
1,205000.0,47,365000.0,49.0,1,Hispanic or Latino,White,Male,45-54,56.403,Loan originated
1,535000.0,38,835000.0,158.0,1,Not Hispanic or Latino,White,Female,35-44,63.855,Loan originated
1,745000.0,20%-<30%,925000.0,282.0,1,Not Hispanic or Latino,White,Male,25-34,80.0,Loan originated
1,675000.0,46,905000.0,261.0,1,Not Hispanic or Latino,White,Male,35-44,75.0,Loan originated
1,335000.0,47,355000.0,71.0,1,Hispanic or Latino,White,Female,25-34,98.0,Loan originated
1,435000.0,39,515000.0,176.0,1,Not Hispanic or Latino,White,Male,45-54,85.0,Loan originated
1,885000.0,44,1105000.0,273.0,1,Not Hispanic or Latino,Asian,Male,25-34,80.0,Loan originated
1,545000.0,44,685000.0,370.0,1,Not Hispanic or Latino,Asian,Female,25-34,80.0,Loan originated
1,995000.0,46,1005000.0,240.0,1,Not Hispanic or Latino,White,Male,55-64,99.0,Application denied
1,865000.0,30%-<36%,1165000.0,747.0,1,Not Hispanic or Latino,White,Male,55-64,74.138,Loan originated
1,935000.0,43,1035000.0,287.0,1,Hispanic or Latino,Black or African American,Female,45-54,89.95,Loan originated
1,235000.0,37,345000.0,74.0,1,Not Hispanic or Latino,White,Female,25-34,67.65,Loan originated
1,1015000.0,>60%,1125000.0,189.0,1,Hispanic or Latino,White,Female,25-34,90.0,Application denied
1,75000.0,42,125000.0,42.0,1,Not Hispanic or Latino,Asian,Female,65-74,61.9,Loan originated
1,445000.0,48,595000.0,87.0,1,Hispanic or Latino,White,Female,35-44,75.0,Loan originated
1,955000.0,42,1495000.0,269.0,1,Not Hispanic or Latino,Asian,Male,45-54,63.362,Loan originated
1,295000.0,<20%,695000.0,676.0,1,Not Hispanic or Latino,White,Male,65-74,42.029,Loan originated
1,495000.0,30%-<36%,845000.0,185.0,1,Not Hispanic or Latino,Asian,Female,45-54,58.72,Loan originated
1,565000.0,43,705000.0,139.0,1,Not Hispanic or Latino,Asian,Female,45-54,80.0,Loan originated
1,505000.0,45,525000.0,129.0,1,Not Hispanic or Latino,2 or more minority races,Female,65-74,95.0,Loan originated
1,575000.0,47,715000.0,118.0,1,Not Hispanic or Latino,Asian,Female,25-34,80.0,Loan originated
1,845000.0,49,995000.0,227.0,1,Not Hispanic or Latino,Asian,Male,35-44,85.0,Loan originated
1,335000.0,>60%,385000.0,105.0,1,Not Hispanic or Latino,Asian,Female,65-74,87.57,Application denied
1,665000.0,43,835000.0,217.0,1,Not Hispanic or Latino,Asian,Female,35-44,80.0,Loan originated
1,605000.0,<20%,1145000.0,1025.0,1,Not Hispanic or Latino,White,Male,65-74,52.63,Loan originated
1,685000.0,39,855000.0,173.0,1,Not Hispanic or Latino,Asian,Female,35-44,80.0,Loan originated
1,755000.0,30%-<36%,1405000.0,206.0,1,Not Hispanic or Latino,White,Female,55-64,53.57,Application denied
1,345000.0,49,465000.0,95.0,1,Not Hispanic or Latino,Asian,Male,45-54,74.194,Loan originated
1,425000.0,47,535000.0,104.0,1,Not Hispanic or Latino,White,Female,35-44,80.0,Loan originated
1,395000.0,30%-<36%,495000.0,146.0,1,Not Hispanic or Latino,White,Female,35-44,80.0,Loan originated
1,485000.0,48,605000.0,163.0,1,Not Hispanic or Latino,Black or African American,Male,65-74,80.0,Loan originated
1,335000.0,44,425000.0,85.0,1,Not Hispanic or Latino,White,Female,35-44,80.0,Loan originated
1,485000.0,47,605000.0,163.0,1,Hispanic or Latino,White,Male,25-34,80.0,Loan originated
1,815000.0,50%-60%,915000.0,145.0,1,Hispanic or Latino,White,Female,35-44,90.0,Loan originated
1,875000.0,30%-<36%,975000.0,504.0,1,Not Hispanic or Latino,Asian,Male,55-64,89.9,Loan originated
1,455000.0,48,485000.0,148.0,1,Not Hispanic or Latino,Asian,Male,35-44,95.0,Loan originated
1,735000.0,46,1225000.0,172.0,1,Not Hispanic or Latino,Asian,Male,25-34,60.0,Loan originated
1,105000.0,40,505000.0,47.0,1,Not Hispanic or Latino,White,Female,55-64,20.0,Loan originated
1,455000.0,41,1205000.0,207.0,1,Not Hispanic or Latino,White,Female,35-44,37.34,Loan originated
1,645000.0,49,745000.0,150.0,1,Not Hispanic or Latino,Asian,Male,35-44,88.0,Loan originated
1,825000.0,38,1035000.0,363.0,1,Not Hispanic or Latino,White,Male,45-54,80.0,Loan originated
1,265000.0,44,285000.0,98.0,1,Hispanic or Latino,White,Female,45-54,95.0,Loan originated
1,225000.0,45,615000.0,88.0,1,Not Hispanic or Latino,White,Female,55-64,37.24,Loan originated
1,1215000.0,30%-<36%,1865000.0,358.0,1,Not Hispanic or Latino,Asian,Male,25-34,65.11,Loan originated
1,535000.0,49,565000.0,128.0,1,Not Hispanic or Latino,Asian,Male,45-54,95.0,Loan originated
1,515000.0,41,605000.0,355.0,1,Hispanic or Latino,White,Male,25-34,85.0,Loan originated
1,515000.0,48,645000.0,120.0,1,Hispanic or Latino,White,Male,25-34,80.0,Loan originated
1,205000.0,20%-<30%,305000.0,95.0,1,Hispanic or Latino,White,Female,35-44,66.667,Loan originated
1,615000.0,20%-<30%,775000.0,390.0,1,Hispanic or Latino,White,Male,35-44,80.0,Loan originated
1,445000.0,30%-<36%,555000.0,144.0,1,Hispanic or Latino,White,Female,45-54,80.0,Loan originated
1,485000.0,40,655000.0,141.0,1,Not Hispanic or Latino,Asian,Male,35-44,75.0,Loan originated
1,105000.0,30%-<36%,125000.0,72.0,1,Not Hispanic or Latino,White,Male,25-34,90.0,Loan originated
1,625000.0,30%-<36%,695000.0,195.0,1,Not Hispanic or Latino,White,Male,55-64,90.0,Loan originated
1,195000.0,37,635000.0,73.0,1,Not Hispanic or Latino,Asian,Female,45-54,30.0,Loan originated
1,505000.0,39,535000.0,187.0,1,Not Hispanic or Latino,Black or African American,Female,35-44,95.0,Loan originated
1,595000.0,46,635000.0,201.0,1,Not Hispanic or Latino,White,Male,35-44,95.0,Loan originated
1,705000.0,<20%,985000.0,673.0,1,Not Hispanic or Latino,Asian,Male,35-44,70.962,Loan originated
1,635000.0,30%-<36%,845000.0,205.0,1,Not Hispanic or Latino,Asian,Male,35-44,75.0,Application denied
1,505000.0,44,585000.0,110.0,1,Not Hispanic or Latino,Asian,Female,35-44,85.0,Loan originated
1,335000.0,41,445000.0,71.0,1,Not Hispanic or Latino,Asian,Male,25-34,75.336,Loan originated
1,445000.0,>60%,655000.0,49.0,1,Hispanic or Latino,White,Female,35-44,67.382,Application denied
1,215000.0,41,305000.0,74.0,1,Not Hispanic or Latino,White,Male,65-74,70.0,Loan originated
1,835000.0,20%-<30%,985000.0,374.0,1,Hispanic or Latino,White,Male,25-34,85.0,Loan originated
1,675000.0,49,845000.0,138.0,1,Hispanic or Latino,White,Female,35-44,97.8,Loan originated
1,505000.0,50%-60%,1655000.0,181.0,1,Not Hispanic or Latino,Asian,Male,25-34,31.0,Application denied
1,455000.0,45,485000.0,121.0,1,Hispanic or Latino,White,Male,25-34,95.0,Loan originated
1,495000.0,43,715000.0,144.0,1,Not Hispanic or Latino,Native Hawaiian or Other Pacific Islander,Female,35-44,68.531,Loan originated
1,755000.0,47,945000.0,253.0,1,Not Hispanic or Latino,Asian,Male,55-64,79.894,Loan originated
1,255000.0,46,395000.0,62.0,1,Not Hispanic or Latino,White,Female,55-64,62.954,Loan originated
1,385000.0,43,485000.0,100.0,1,Not Hispanic or Latino,White,Male,55-64,80.0,Application denied
1,555000.0,43,1025000.0,157.0,1,Not Hispanic or Latino,Black or African American,Female,65-74,53.61,Loan originated
1,325000.0,20%-<30%,415000.0,114.0,1,Hispanic or Latino,White,Male,25-34,80.0,Loan originated
1,475000.0,43,585000.0,146.0,1,Not Hispanic or Latino,White,Female,55-64,80.0,Loan originated
1,295000.0,20%-<30%,915000.0,148.0,1,Not Hispanic or Latino,White,Male,25-34,32.192,Loan originated
1,155000.0,44,425000.0,58.0,1,Not Hispanic or Latino,White,Female,35-44,100.68,Loan originated
1,675000.0,42,845000.0,160.0,1,Not Hispanic or Latino,Asian,Female,35-44,80.0,Loan originated
1,445000.0,36,485000.0,141.0,1,Hispanic or Latino,White,Female,<25,90.0,Loan originated
1,255000.0,42,275000.0,97.0,1,Not Hispanic or Latino,White,Male,25-34,95.0,Loan originated
1,235000.0,49,255000.0,67.0,1,Not Hispanic or Latino,White,Female,35-44,95.0,Loan originated
1,335000.0,49,425000.0,166.0,1,Hispanic or Latino,White,Male,35-44,80.0,Application denied
1,835000.0,46,1195000.0,190.0,1,Not Hispanic or Latino,White,Female,45-54,70.0,Loan originated
1,685000.0,43,735000.0,225.0,1,Not Hispanic or Latino,Asian,Male,25-34,94.0,Loan originated
1,485000.0,48,515000.0,230.0,1,Not Hispanic or Latino,Asian,Male,25-34,95.0,Loan originated
1,95000.0,43,95000.0,84.0,1,Hispanic or Latino,White,Female,45-54,91.59,Application denied
1,435000.0,47,465000.0,115.0,1,Hispanic or Latino,White,Male,35-44,95.0,Loan originated
1,765000.0,49,1175000.0,199.0,1,Not Hispanic or Latino,White,Female,35-44,65.191,Loan originated
1,525000.0,>60%,665000.0,198.0,1,Not Hispanic or Latino,Asian,Male,25-34,79.02,Application denied
1,675000.0,43,845000.0,206.0,1,Not Hispanic or Latino,Asian,Male,25-34,80.0,Loan originated
1,735000.0,36,825000.0,342.0,1,Hispanic or Latino,White,Male,25-34,90.0,Loan originated
1,1105000.0,44,1375000.0,251.0,1,Not Hispanic or Latino,Asian,Female,35-44,80.0,Loan originated
1,475000.0,45,595000.0,156.0,1,Not Hispanic or Latino,White,Female,45-54,80.0,Loan originated
1,475000.0,45,565000.0,125.0,1,Hispanic or Latino,White,Male,55-64,84.071,Loan originated
1,865000.0,30%-<36%,1075000.0,288.0,1,Not Hispanic or Latino,White,Male,35-44,80.0,Loan originated
1,205000.0,45,895000.0,69.0,1,Not Hispanic or Latino,White,Female,>74,22.35,Loan originated
1,455000.0,49,1205000.0,115.0,1,Not Hispanic or Latino,White,Male,35-44,38.25,Loan originated
1,365000.0,48,435000.0,75.0,1,Not Hispanic or Latino,Asian,Female,35-44,83.0,Loan originated
1,575000.0,47,715000.0,196.0,1,Not Hispanic or Latino,White,Male,>74,80.0,Loan originated
1,405000.0,<20%,475000.0,299.0,1,Not Hispanic or Latino,White,Male,35-44,85.0,Loan originated
1,945000.0,42,1085000.0,260.0,1,Not Hispanic or Latino,Asian,Female,25-34,87.037,Loan originated
1,445000.0,40,555000.0,110.0,1,Not Hispanic or Latino,Asian,Female,25-34,79.997,Loan originated
1,585000.0,49,735000.0,106.0,1,Not Hispanic or Latino,Asian,Male,55-64,80.0,Loan originated
1,815000.0,>60%,855000.0,80.0,1,Hispanic or Latino,White,Female,45-54,95.0,Application denied
1,605000.0,30%-<36%,805000.0,385.0,1,Not Hispanic or Latino,Asian,Male,35-44,75.0,Loan originated
1,625000.0,49,725000.0,172.0,1,Not Hispanic or Latino,White,Male,35-44,85.517,Loan originated
1,655000.0,48,685000.0,188.0,1,Hispanic or Latino,White,Female,25-34,95.0,Loan originated
1,735000.0,38,975000.0,282.0,1,Not Hispanic or Latino,White,Female,55-64,75.0,Loan originated
1,735000.0,39,1435000.0,186.0,1,Not Hispanic or Latino,Asian,Male,25-34,51.7,Loan originated
1,575000.0,49,605000.0,156.0,1,Not Hispanic or Latino,Asian,Female,45-54,95.0,Loan originated
1,1165000.0,40,1455000.0,278.0,1,Hispanic or Latino,White,Female,55-64,80.0,Loan originated
1,1085000.0,49,1385000.0,227.0,1,Not Hispanic or Latino,Asian,Female,35-44,78.38,Loan originated
1,665000.0,47,885000.0,136.0,1,Not Hispanic or Latino,White,Male,35-44,75.0,Application denied
1,515000.0,30%-<36%,705000.0,155.0,1,Not Hispanic or Latino,White,Female,45-54,73.746,Loan originated
1,735000.0,44,775000.0,225.0,1,Not Hispanic or Latino,White,Female,55-64,95.0,Loan originated
1,505000.0,<20%,715000.0,329.0,1,Not Hispanic or Latino,Asian,Male,35-44,70.0,Loan originated
1,405000.0,30%-<36%,505000.0,163.0,1,Not Hispanic or Latino,White,Male,35-44,80.0,Loan originated
1,425000.0,30%-<36%,715000.0,153.0,1,Hispanic or Latino,White,Male,55-64,60.0,Loan originated
1,665000.0,49,975000.0,135.0,1,Not Hispanic or Latino,White,Male,45-54,69.0,Loan originated
1,995000.0,39,1395000.0,300.0,1,Not Hispanic or Latino,White,Male,35-44,71.41,Loan originated
1,365000.0,40,485000.0,83.0,1,Hispanic or Latino,White,Female,45-54,94.9,Loan originated
1,505000.0,45,535000.0,126.0,1,Hispanic or Latino,White,Male,25-34,95.0,Loan originated
1,285000.0,50%-60%,305000.0,65.0,1,Not Hispanic or Latino,White,Male,45-54,95.0,Application denied
1,475000.0,45,485000.0,102.0,1,Not Hispanic or Latino,Asian,Male,35-44,97.0,Loan originated
1,515000.0,49,545000.0,100.0,1,Hispanic or Latino,White,Male,55-64,94.875,Loan originated
1,475000.0,42,645000.0,135.0,1,Not Hispanic or Latino,Black or African American,Female,35-44,73.68,Loan originated
1,855000.0,36,905000.0,261.0,1,Hispanic or Latino,Native Hawaiian or Other Pacific Islander,Male,45-54,95.0,Loan originated
1,525000.0,49,585000.0,101.0,1,Not Hispanic or Latino,Asian,Male,35-44,90.0,Loan originated
1,525000.0,48,665000.0,113.0,1,Hispanic or Latino,White,Female,35-44,80.0,Loan originated
1,475000.0,49,545000.0,98.0,1,Not Hispanic or Latino,White,Male,45-54,87.41,Loan originated
1,305000.0,47,3105000.0,163.0,1,Not Hispanic or Latino,Asian,Male,65-74,10.0,Loan originated
1,295000.0,49,365000.0,107.0,1,Not Hispanic or Latino,White,Female,>74,80.0,Loan originated
1,205000.0,44,225000.0,86.0,1,Not Hispanic or Latino,Black or African American,Female,25-34,90.0,Loan originated
1,305000.0,30%-<36%,555000.0,140.0,1,Not Hispanic or Latino,White,Male,55-64,55.221,Loan originated
1,665000.0,<20%,835000.0,519.0,1,Not Hispanic or Latino,Asian,Male,25-34,80.0,Loan originated
1,235000.0,49,375000.0,57.0,1,Not Hispanic or Latino,White,Female,>74,62.67,Loan originated
1,1005000.0,41,1405000.0,507.0,1,Not Hispanic or Latino,White,Male,35-44,71.857,Loan originated
1,565000.0,30%-<36%,715000.0,431.0,1,Not Hispanic or Latino,White,Female,35-44,78.873,Loan originated
1,1145000.0,49,1585000.0,266.0,1,Not Hispanic or Latino,Asian,Male,55-64,72.769,Loan originated
1,185000.0,20%-<30%,235000.0,143.0,1,Not Hispanic or Latino,Asian,Female,65-74,80.0,Loan originated
1,375000.0,46,475000.0,159.0,1,Not Hispanic or Latino,White,Female,55-64,78.99,Loan originated
1,365000.0,38,455000.0,90.0,1,Not Hispanic or Latino,Asian,Female,55-64,80.0,Loan originated
1,825000.0,49,1025000.0,213.0,1,Not Hispanic or Latino,Asian,Male,45-54,80.0,Loan originated
1,965000.0,43,1205000.0,264.0,1,Not Hispanic or Latino,White,Female,35-44,80.0,Loan originated
1,455000.0,45,565000.0,128.0,1,Not Hispanic or Latino,Asian,Male,35-44,80.0,Loan originated
1,525000.0,44,705000.0,168.0,1,Hispanic or Latino,Asian,Male,35-44,75.0,Loan originated
1,445000.0,41,555000.0,129.0,1,Hispanic or Latino,White,Female,45-54,80.0,Loan originated
1,1005000.0,43,2905000.0,346.0,1,Not Hispanic or Latino,White,Female,45-54,34.48,Loan originated
1,1075000.0,44,1135000.0,256.0,1,Not Hispanic or Latino,Black or African American,Female,45-54,95.0,Loan originated
1,255000.0,20%-<30%,605000.0,114.0,1,Not Hispanic or Latino,White,Male,45-54,41.667,Application denied
1,715000.0,30%-<36%,955000.0,186.0,1,Not Hispanic or Latino,Asian,Female,25-34,75.0,Loan originated
1,385000.0,20%-<30%,685000.0,191.0,1,Not Hispanic or Latino,White,Female,25-34,56.2,Loan originated
1,85000.0,36,85000.0,48.0,1,Not Hispanic or Latino,White,Female,65-74,95.0,Application denied
1,985000.0,40,1095000.0,271.0,1,Not Hispanic or Latino,Native Hawaiian or Other Pacific Islander,Male,35-44,90.0,Loan originated
1,175000.0,30%-<36%,345000.0,65.0,1,Not Hispanic or Latino,White,Male,65-74,50.578,Loan originated
1,765000.0,37,955000.0,200.0,1,Not Hispanic or Latino,Asian,Female,25-34,80.0,Loan originated
1,95000.0,44,175000.0,43.0,1,Not Hispanic or Latino,White,Female,65-74,51.43,Loan originated
1,385000.0,48,405000.0,75.0,1,Not Hispanic or Latino,Asian,Male,45-54,95.0,Loan originated
1,745000.0,30%-<36%,935000.0,221.0,1,Not Hispanic or Latino,Asian,Male,35-44,80.0,Loan originated
1,165000.0,>60%,425000.0,117.0,1,Not Hispanic or Latino,White,Male,55-64,40.0,Application denied
1,495000.0,20%-<30%,625000.0,244.0,1,Hispanic or Latino,White,Female,25-34,80.0,Loan originated
1,415000.0,48,445000.0,97.0,1,Hispanic or Latino,White,Female,35-44,95.0,Loan originated
1,445000.0,49,465000.0,108.0,1,Not Hispanic or Latino,White,Female,65-74,95.0,Loan originated
1,975000.0,48,1085000.0,205.0,1,Not Hispanic or Latino,White,Female,35-44,89.99,Loan originated
1,325000.0,40,355000.0,111.0,1,Not Hispanic or Latino,Asian,Female,35-44,91.43,Loan originated
1,935000.0,49,1235000.0,190.0,1,Not Hispanic or Latino,Asian,Male,45-54,75.55,Loan originated
1,1055000.0,47,1165000.0,235.0,1,Not Hispanic or Latino,White,Female,35-44,90.0,Loan originated
1,995000.0,47,1245000.0,285.0,1,Not Hispanic or Latino,Black or African American,Female,45-54,80.0,Loan originated
1,525000.0,20%-<30%,795000.0,221.0,1,Not Hispanic or Latino,Black or African American,Female,55-64,85.0,Loan originated
1,455000.0,49,505000.0,98.0,1,Hispanic or Latino,White,Female,25-34,90.0,Loan originated
1,135000.0,30%-<36%,155000.0,59.0,1,Hispanic or Latino,White,Male,65-74,90.0,Loan originated
1,485000.0,45,645000.0,97.0,1,Not Hispanic or Latino,Asian,Male,55-64,75.0,Loan originated
1,1115000.0,46,1315000.0,295.0,1,Not Hispanic or Latino,White,Male,25-34,85.0,Loan originated
1,505000.0,20%-<30%,755000.0,231.0,1,Not Hispanic or Latino,Asian,Female,25-34,66.67,Loan originated
1,505000.0,38,1505000.0,160.0,1,Not Hispanic or Latino,Asian,Male,35-44,33.334,Loan originated
1,485000.0,50%-60%,605000.0,110.0,1,Not Hispanic or Latino,Asian,Female,25-34,80.0,Loan originated
1,705000.0,37,885000.0,203.0,1,Not Hispanic or Latino,White,Male,25-34,80.0,Loan originated
1,575000.0,30%-<36%,765000.0,189.0,1,Not Hispanic or Latino,Asian,Female,45-54,75.0,Loan originated
1,205000.0,<20%,705000.0,171.0,1,Not Hispanic or Latino,White,Male,35-44,29.379,Loan originated
1,725000.0,47,905000.0,149.0,1,Not Hispanic or Latino,Asian,Male,35-44,80.0,Loan originated
1,745000.0,45,785000.0,187.0,1,Hispanic or Latino,White,Female,45-54,95.0,Loan originated
1,515000.0,41,545000.0,207.0,1,Not Hispanic or Latino,White,Male,25-34,95.0,Loan originated
1,555000.0,46,935000.0,164.0,1,Not Hispanic or Latino,Asian,Male,55-64,60.0,Loan originated
1,375000.0,43,795000.0,142.0,1,Not Hispanic or Latino,White,Female,65-74,47.031,Loan originated
1,445000.0,40,465000.0,112.0,1,Not Hispanic or Latino,White,Female,55-64,95.0,Loan originated
1,365000.0,44,565000.0,96.0,1,Hispanic or Latino,White,Female,65-74,64.6,Loan originated
1,305000.0,46,415000.0,75.0,1,Not Hispanic or Latino,Asian,Male,25-34,75.0,Loan originated
1,565000.0,36,765000.0,231.0,1,Not Hispanic or Latino,White,Male,55-64,73.684,Loan originated
1,455000.0,49,475000.0,100.0,1,Not Hispanic or Latino,Black or African American,Male,35-44,95.0,Loan originated
1,785000.0,47,925000.0,183.0,1,Hispanic or Latino,White,Male,35-44,86.005,Loan originated
1,745000.0,47,1075000.0,372.0,1,Not Hispanic or Latino,Asian,Male,<25,70.0,Loan originated
1,695000.0,45,735000.0,157.0,1,Not Hispanic or Latino,White,Male,55-64,95.0,Loan originated
1,345000.0,46,375000.0,78.0,1,Hispanic or Latino,White,Male,<25,90.0,Loan originated
1,145000.0,49,545000.0,40.0,1,Not Hispanic or Latino,Asian,Female,45-54,26.606,Loan originated
1,995000.0,38,1425000.0,310.0,1,Not Hispanic or Latino,White,Male,45-54,88.035,Loan originated
1,505000.0,49,695000.0,106.0,1,Not Hispanic or Latino,Asian,Male,35-44,73.11,Loan originated
1,195000.0,45,315000.0,47.0,1,Hispanic or Latino,White,Male,45-54,61.29,Loan originated
1,295000.0,42,595000.0,128.0,1,Not Hispanic or Latino,Black or African American,Female,55-64,100.676,Loan originated
1,675000.0,43,715000.0,144.0,1,Hispanic or Latino,White,Male,45-54,95.0,Loan originated
1,465000.0,49,515000.0,103.0,1,Hispanic or Latino,White,Female,25-34,89.981,Loan originated
1,395000.0,39,435000.0,130.0,1,Hispanic or Latino,White,Male,25-34,90.0,Application denied
1,315000.0,47,395000.0,60.0,1,Not Hispanic or Latino,White,Male,35-44,80.0,Loan originated
1,365000.0,48,455000.0,104.0,1,Not Hispanic or Latino,White,Male,25-34,80.0,Loan originated
1,725000.0,45,1125000.0,382.0,1,Not Hispanic or Latino,Asian,Male,55-64,65.0,Loan originated
1,625000.0,20%-<30%,785000.0,265.0,1,Not Hispanic or Latino,Asian,Male,35-44,80.0,Loan originated
1,625000.0,48,665000.0,153.0,1,Not Hispanic or Latino,Asian,Female,35-44,95.0,Loan originated
1,1045000.0,39,1305000.0,337.0,1,Not Hispanic or Latino,White,Male,45-54,80.0,Loan originated
1,205000.0,46,585000.0,71.0,1,Not Hispanic or Latino,White,Female,>74,33.96,Loan originated
1,1015000.0,40,1125000.0,326.0,1,Not Hispanic or Latino,Asian,Male,25-34,89.982,Loan originated
1,1005000.0,45,3055000.0,302.0,1,Not Hispanic or Latino,Asian,Male,45-54,32.79,Loan originated
1,515000.0,42,545000.0,127.0,1,Not Hispanic or Latino,White,Male,45-54,95.0,Loan originated
1,435000.0,44,485000.0,106.0,1,Hispanic or Latino,White,Male,35-44,90.0,Loan originated
1,505000.0,48,985000.0,120.0,1,Not Hispanic or Latino,Asian,Male,25-34,51.02,Loan originated
1,485000.0,39,685000.0,150.0,1,Not Hispanic or Latino,Asian,Female,25-34,70.0,Loan originated
1,215000.0,30%-<36%,485000.0,81.0,1,Not Hispanic or Latino,White,Female,25-34,44.32,Loan originated
1,1025000.0,30%-<36%,1205000.0,406.0,1,Not Hispanic or Latino,White,Male,45-54,85.0,Application denied
1,555000.0,41,685000.0,150.0,1,Hispanic or Latino,White,Male,35-44,83.0,Loan originated
1,295000.0,20%-<30%,915000.0,128.0,1,Not Hispanic or Latino,White,Male,55-64,32.406,Loan originated
1,565000.0,49,625000.0,227.0,1,Not Hispanic or Latino,White,Female,25-34,89.9,Loan originated
1,1055000.0,30%-<36%,2535000.0,358.0,1,Not Hispanic or Latino,Asian,Male,45-54,41.714,Loan originated
1,455000.0,48,485000.0,101.0,1,Hispanic or Latino,White,Male,25-34,96.58,Loan originated
1,475000.0,<20%,585000.0,2923.0,1,Not Hispanic or Latino,White,Male,25-34,80.0,Loan originated
1,415000.0,43,455000.0,89.0,1,Not Hispanic or Latino,White,Female,35-44,90.0,Loan originated
1,835000.0,36,1645000.0,334.0,1,Not Hispanic or Latino,White,Male,35-44,50.606,Loan originated
1,505000.0,49,635000.0,113.0,1,Not Hispanic or Latino,Asian,Female,55-64,79.74,Loan originated
1,1125000.0,37,1405000.0,280.0,1,Not Hispanic or Latino,Asian,Male,25-34,80.0,Loan originated
1,575000.0,49,615000.0,110.0,1,Not Hispanic or Latino,White,Female,25-34,95.0,Loan originated
1,435000.0,47,545000.0,134.0,1,Not Hispanic or Latino,White,Female,35-44,80.0,Loan originated
1,765000.0,41,955000.0,210.0,1,Not Hispanic or Latino,White,Male,35-44,80.0,Application denied
1,465000.0,47,575000.0,102.0,1,Not Hispanic or Latino,White,Male,25-34,80.0,Loan originated
1,485000.0,30%-<36%,525000.0,135.0,1,Hispanic or Latino,White,Female,25-34,91.894,Loan originated
1,245000.0,30%-<36%,695000.0,156.0,1,Not Hispanic or Latino,White,Male,55-64,35.252,Loan originated
1,365000.0,38,545000.0,98.0,1,Not Hispanic or Latino,White,Female,45-54,67.817,Loan originated
1,695000.0,42,715000.0,165.0,1,Not Hispanic or Latino,Black or African American,Male,25-34,97.0,Loan originated
1,515000.0,43,545000.0,132.0,1,Not Hispanic or Latino,Asian,Male,35-44,95.0,Loan originated
1,665000.0,30%-<36%,695000.0,205.0,1,Not Hispanic or Latino,Asian,Male,<25,95.0,Loan originated
1,625000.0,20%-<30%,835000.0,264.0,1,Not Hispanic or Latino,Black or African American,Female,55-64,75.0,Loan originated
1,255000.0,48,555000.0,72.0,1,Not Hispanic or Latino,White,Male,35-44,45.455,Loan originated
1,255000.0,48,345000.0,88.0,1,Hispanic or Latino,White,Male,35-44,75.0,Loan originated
1,345000.0,46,365000.0,75.0,1,Hispanic or Latino,Asian,Male,35-44,95.0,Loan originated
1,505000.0,48,525000.0,447.0,1,Not Hispanic or Latino,White,Male,35-44,95.0,Loan originated
1,385000.0,47,485000.0,77.0,1,Hispanic or Latino,White,Male,<25,78.351,Loan originated
1,285000.0,41,485000.0,90.0,1,Hispanic or Latino,White,Female,35-44,58.333,Loan originated
1,685000.0,49,725000.0,145.0,1,Not Hispanic or Latino,White,Female,25-34,95.0,Loan originated
1,595000.0,49,795000.0,128.0,1,Not Hispanic or Latino,White,Female,45-54,74.684,Loan originated
1,605000.0,46,755000.0,130.0,1,Not Hispanic or Latino,Asian,Male,25-34,80.0,Loan originated
1,475000.0,20%-<30%,625000.0,248.0,1,Not Hispanic or Latino,White,Female,65-74,75.0,Loan originated
1,405000.0,45,505000.0,133.0,1,Hispanic or Latino,White,Female,55-64,80.0,Loan originated
1,385000.0,45,405000.0,96.0,1,Not Hispanic or Latino,Asian,Female,<25,95.0,Loan originated
1,1015000.0,45,1265000.0,301.0,1,Not Hispanic or Latino,Asian,Male,25-34,80.0,Loan originated
1,275000.0,30%-<36%,375000.0,115.0,1,Not Hispanic or Latino,White,Male,35-44,73.33,Loan originated
1,455000.0,20%-<30%,755000.0,146.0,1,Not Hispanic or Latino,White,Male,35-44,59.603,Loan originated
1,235000.0,20%-<30%,385000.0,153.0,1,Hispanic or Latino,White,Female,35-44,61.347,Loan originated
1,525000.0,20%-<30%,545000.0,319.0,1,Not Hispanic or Latino,White,Female,65-74,97.0,Loan originated
1,975000.0,49,1085000.0,207.0,1,Not Hispanic or Latino,Asian,Male,25-34,90.0,Loan originated
1,485000.0,39,515000.0,117.0,1,Hispanic or Latino,White,Male,35-44,95.0,Loan originated
1,935000.0,30%-<36%,1385000.0,320.0,1,Hispanic or Latino,Asian,Female,35-44,67.391,Loan originated
1,255000.0,39,1515000.0,186.0,1,Not Hispanic or Latino,Asian,Male,35-44,17.0,Loan originated
1,455000.0,44,655000.0,144.0,1,Not Hispanic or Latino,White,Female,35-44,69.316,Loan originated
1,885000.0,44,1105000.0,314.0,1,Hispanic or Latino,White,Male,45-54,80.0,Loan originated
1,595000.0,20%-<30%,745000.0,418.0,1,Hispanic or Latino,White,Male,45-54,80.0,Loan originated
1,495000.0,49,1385000.0,109.0,1,Not Hispanic or Latino,Asian,Female,55-64,35.888,Loan originated
1,615000.0,30%-<36%,935000.0,184.0,1,Not Hispanic or Latino,Asian,Male,35-44,65.0,Loan originated
1,675000.0,48,715000.0,140.0,1,Hispanic or Latino,White,Female,35-44,95.0,Loan originated
1,635000.0,42,665000.0,161.0,1,Hispanic or Latino,American Indian or Alaska Native,Male,25-34,95.0,Loan originated
1,825000.0,36,915000.0,223.0,1,Not Hispanic or Latino,White,Male,35-44,90.0,Loan originated
1,385000.0,44,405000.0,92.0,1,Hispanic or Latino,White,Male,25-34,95.0,Loan originated
1,585000.0,38,615000.0,157.0,1,Not Hispanic or Latino,White,Female,>74,94.99,Loan originated
1,355000.0,36,435000.0,164.0,1,Not Hispanic or Latino,White,Female,65-74,80.0,Loan originated
1,445000.0,20%-<30%,475000.0,237.0,1,Hispanic or Latino,White,Male,45-54,95.0,Loan originated
1,925000.0,47,1165000.0,193.0,1,Hispanic or Latino,White,Male,25-34,80.0,Loan originated
1,725000.0,45,905000.0,517.0,1,Hispanic or Latino,White,Female,55-64,80.0,Loan originated
1,425000.0,48,665000.0,92.0,1,Hispanic or Latino,White,Male,25-34,63.636,Loan originated
1,645000.0,48,845000.0,273.0,1,Not Hispanic or Latino,White,Male,65-74,76.724,Loan originated
1,405000.0,48,805000.0,87.0,1,Not Hispanic or Latino,White,Male,55-64,50.0,Loan originated
1,915000.0,45,1665000.0,241.0,1,Not Hispanic or Latino,Asian,Female,35-44,55.0,Loan originated
1,685000.0,20%-<30%,855000.0,283.0,1,Hispanic or Latino,White,Male,25-34,80.0,Loan originated
1,195000.0,50%-60%,285000.0,50.0,1,Not Hispanic or Latino,Asian,Male,25-34,68.42,Application denied
1,355000.0,20%-<30%,445000.0,118.0,1,Not Hispanic or Latino,White,Male,25-34,80.0,Loan originated
1,335000.0,49,485000.0,81.0,1,Not Hispanic or Latino,White,Female,>74,68.75,Loan originated
1,415000.0,42,445000.0,97.0,1,Not Hispanic or Latino,White,Male,25-34,93.18,Loan originated
1,305000.0,20%-<30%,385000.0,110.0,1,Hispanic or Latino,Black or African American,Male,25-34,80.0,Loan originated
1,715000.0,36,885000.0,231.0,1,Not Hispanic or Latino,Asian,Male,45-54,80.0,Loan originated
1,505000.0,44,625000.0,152.0,1,Hispanic or Latino,Asian,Male,35-44,80.0,Loan originated
1,755000.0,49,2025000.0,205.0,1,Not Hispanic or Latino,Asian,Male,35-44,37.037,Loan originated
1,445000.0,42,505000.0,198.0,1,Hispanic or Latino,White,Female,35-44,89.98,Loan originated
1,665000.0,41,785000.0,205.0,1,Not Hispanic or Latino,White,Male,25-34,85.0,Loan originated
1,595000.0,30%-<36%,745000.0,181.0,1,Not Hispanic or Latino,White,Male,25-34,80.0,Loan originated
1,305000.0,44,315000.0,79.0,1,Not Hispanic or Latino,White,Male,<25,100.0,Loan originated
1,415000.0,47,515000.0,94.0,1,Not Hispanic or Latino,Asian,Male,25-34,79.8,Loan originated
1,95000.0,41,165000.0,57.0,1,Hispanic or Latino,2 or more minority races,Female,65-74,59.56,Loan originated
1,1105000.0,42,1385000.0,253.0,1,Not Hispanic or Latino,Asian,Female,25-34,80.0,Loan originated
1,405000.0,40,415000.0,116.0,1,Hispanic or Latino,White,Male,25-34,97.0,Loan originated
1,625000.0,47,665000.0,124.0,1,Hispanic or Latino,White,Male,25-34,95.0,Loan originated
1,1055000.0,44,1925000.0,243.0,1,Not Hispanic or Latino,Asian,Female,45-54,54.6,Loan originated
1,985000.0,49,1095000.0,190.0,1,Hispanic or Latino,White,Female,45-54,89.991,Loan originated
1,585000.0,37,725000.0,331.0,1,Not Hispanic or Latino,Asian,Male,35-44,80.0,Loan originated
1,325000.0,45,365000.0,76.0,1,Not Hispanic or Latino,White,Male,<25,90.0,Loan originated
1,195000.0,50%-60%,245000.0,98.0,1,Not Hispanic or Latino,White,Male,55-64,80.0,Loan originated
1,65000.0,<20%,225000.0,64.0,1,Not Hispanic or Latino,White,Male,65-74,28.09,Loan originated
1,795000.0,49,845000.0,199.0,1,Not Hispanic or Latino,White,Male,25-34,94.643,Loan originated
1,295000.0,30%-<36%,895000.0,123.0,1,Not Hispanic or Latino,Asian,Female,25-34,32.781,Loan originated
1,505000.0,30%-<36%,805000.0,163.0,1,Not Hispanic or Latino,Asian,Male,25-34,62.825,Loan originated
1,605000.0,48,855000.0,204.0,1,Not Hispanic or Latino,Asian,Male,35-44,70.589,Loan originated
1,335000.0,30%-<36%,655000.0,114.0,1,Not Hispanic or Latino,Asian,Female,25-34,51.47,Loan originated
1,165000.0,42,195000.0,58.0,1,Not Hispanic or Latino,White,Male,25-34,85.0,Loan originated
1,425000.0,46,535000.0,97.0,1,Not Hispanic or Latino,Asian,Male,25-34,80.0,Loan originated
1,585000.0,49,725000.0,123.0,1,Hispanic or Latino,White,Male,25-34,100.0,Loan originated
1,455000.0,40,565000.0,107.0,1,Hispanic or Latino,White,Female,25-34,80.0,Loan originated
1,235000.0,49,295000.0,44.0,1,Hispanic or Latino,White,Female,35-44,79.31,Loan originated
1,305000.0,30%-<36%,685000.0,215.0,1,Not Hispanic or Latino,Asian,Female,35-44,44.037,Loan originated
1,825000.0,48,915000.0,240.0,1,Hispanic or Latino,White,Female,55-64,89.99,Loan originated
1,315000.0,48,325000.0,67.0,1,Hispanic or Latino,White,Male,35-44,97.0,Loan originated
1,535000.0,46,645000.0,102.0,1,Hispanic or Latino,White,Male,35-44,83.0,Loan originated
1,755000.0,42,935000.0,190.0,1,Not Hispanic or Latino,White,Male,35-44,80.0,Loan originated
1,685000.0,20%-<30%,855000.0,262.0,1,Not Hispanic or Latino,Asian,Male,25-34,80.0,Loan originated
1,345000.0,30%-<36%,365000.0,114.0,1,Not Hispanic or Latino,White,Female,25-34,95.0,Loan originated
1,475000.0,36,565000.0,186.0,1,Not Hispanic or Latino,White,Male,35-44,85.0,Loan originated
1,655000.0,30%-<36%,1155000.0,397.0,1,Not Hispanic or Latino,Asian,Female,35-44,56.52,Loan originated
1,665000.0,46,955000.0,184.0,1,Not Hispanic or Latino,Asian,Female,35-44,70.0,Loan originated
1,725000.0,36,965000.0,215.0,1,Not Hispanic or Latino,White,Female,45-54,75.0,Loan originated
1,585000.0,44,735000.0,139.0,1,Not Hispanic or Latino,White,Male,45-54,80.0,Loan originated
1,415000.0,44,535000.0,144.0,1,Not Hispanic or Latino,Asian,Male,35-44,76.21,Loan originated
1,305000.0,30%-<36%,1055000.0,116.0,1,Not Hispanic or Latino,Asian,Female,35-44,28.91,Loan originated
1,525000.0,30%-<36%,695000.0,141.0,1,Not Hispanic or Latino,White,Female,25-34,75.0,Loan originated
1,965000.0,49,1265000.0,210.0,1,Not Hispanic or Latino,Asian,Female,35-44,76.25,Application denied
1,995000.0,43,1255000.0,241.0,1,Not Hispanic or Latino,Asian,Male,55-64,79.857,Loan originated
1,525000.0,49,655000.0,110.0,1,Not Hispanic or Latino,Black or African American,Male,35-44,80.0,Loan originated
1,735000.0,42,975000.0,272.0,1,Not Hispanic or Latino,White,Female,45-54,75.0,Loan originated
1,285000.0,41,395000.0,92.0,1,Hispanic or Latino,White,Female,35-44,103.0,Application denied
1,525000.0,49,655000.0,143.0,1,Not Hispanic or Latino,Asian,Female,35-44,80.0,Loan originated
1,995000.0,43,1055000.0,243.0,1,Not Hispanic or Latino,Black or African American,Male,35-44,95.0,Loan originated
1,655000.0,30%-<36%,1045000.0,313.0,1,Not Hispanic or Latino,Asian,Female,45-54,62.037,Loan originated
1,345000.0,39,575000.0,109.0,1,Not Hispanic or Latino,White,Female,65-74,60.0,Loan originated
1,945000.0,42,1185000.0,242.0,1,Not Hispanic or Latino,Asian,Male,45-54,80.0,Loan originated
1,145000.0,50%-60%,145000.0,64.0,1,Not Hispanic or Latino,White,Female,25-34,97.25,Application denied
1,475000.0,42,595000.0,104.0,1,Hispanic or Latino,White,Male,55-64,80.0,Loan originated
1,265000.0,42,645000.0,128.0,1,Not Hispanic or Latino,Asian,Female,65-74,40.941,Loan originated
1,865000.0,46,1155000.0,195.0,1,Not Hispanic or Latino,Asian,Male,35-44,75.0,Loan originated
1,485000.0,45,605000.0,123.0,1,Not Hispanic or Latino,Black or African American,Male,>74,80.0,Loan originated
1,485000.0,<20%,515000.0,253.0,1,Not Hispanic or Latino,White,Female,25-34,95.0,Loan originated
1,565000.0,49,635000.0,119.0,1,Not Hispanic or Latino,White,Male,25-34,90.0,Loan originated
1,615000.0,46,835000.0,126.0,1,Not Hispanic or Latino,White,Male,35-44,73.727,Loan originated
1,275000.0,30%-<36%,285000.0,147.0,1,Not Hispanic or Latino,White,Male,25-34,95.0,Loan originated
1,275000.0,>60%,365000.0,82.0,1,Not Hispanic or Latino,Black or African American,Female,65-74,75.0,Application denied
1,695000.0,49,745000.0,156.0,1,Not Hispanic or Latino,White,Male,25-34,93.243,Application denied
1,1035000.0,30%-<36%,1725000.0,320.0,1,Not Hispanic or Latino,White,Male,25-34,60.0,Loan originated
1,455000.0,47,585000.0,88.0,1,Hispanic or Latino,White,Male,25-34,97.0,Loan originated
1,805000.0,43,3855000.0,330.0,1,Not Hispanic or Latino,White,Male,65-74,20.742,Loan originated
1,1125000.0,41,2125000.0,280.0,1,Not Hispanic or Latino,Asian,Male,45-54,52.94,Loan originated
1,425000.0,20%-<30%,565000.0,231.0,1,Not Hispanic or Latino,Asian,Male,25-34,75.0,Loan originated
1,505000.0,46,725000.0,105.0,1,Not Hispanic or Latino,Asian,Male,45-54,70.0,Loan originated
1,405000.0,38,1255000.0,129.0,1,Not Hispanic or Latino,Asian,Male,25-34,32.0,Loan originated
1,705000.0,45,885000.0,430.0,1,Not Hispanic or Latino,White,Male,45-54,80.0,Loan originated
1,365000.0,45,335000.0,108.0,1,Not Hispanic or Latino,American Indian or Alaska Native,Female,35-44,109.835,Application denied
1,275000.0,47,275000.0,55.0,1,Hispanic or Latino,White,Female,25-34,100.0,Loan originated
1,735000.0,50%-60%,915000.0,231.0,1,Hispanic or Latino,White,Female,35-44,80.0,Loan originated
1,505000.0,20%-<30%,625000.0,224.0,1,Not Hispanic or Latino,Asian,Male,45-54,80.0,Loan originated
1,135000.0,20%-<30%,145000.0,129.0,1,Hispanic or Latino,White,Female,<25,92.57,Application denied
1,885000.0,30%-<36%,1105000.0,448.0,1,Not Hispanic or Latino,White,Male,35-44,80.0,Loan originated
1,685000.0,50%-60%,855000.0,150.0,1,Not Hispanic or Latino,White,Male,35-44,80.0,Application denied
1,535000.0,49,565000.0,131.0,1,Hispanic or Latino,White,Male,35-44,94.99,Loan originated
1,1105000.0,43,1375000.0,263.0,1,Not Hispanic or Latino,White,Male,45-54,80.0,Loan originated
1,455000.0,44,505000.0,247.0,1,Not Hispanic or Latino,White,Male,35-44,90.0,Loan originated
1,905000.0,48,1325000.0,211.0,1,Not Hispanic or Latino,Asian,Female,45-54,68.206,Loan originated
1,275000.0,36,365000.0,94.0,1,Hispanic or Latino,White,Female,55-64,75.0,Loan originated
1,765000.0,36,1175000.0,229.0,1,Not Hispanic or Latino,Asian,Male,45-54,65.131,Loan originated
1,465000.0,42,585000.0,132.0,1,Not Hispanic or Latino,White,Female,45-54,80.0,Loan originated
1,455000.0,>60%,505000.0,26.0,1,Not Hispanic or Latino,White,Female,25-34,90.0,Application denied
1,335000.0,47,425000.0,87.0,1,Not Hispanic or Latino,White,Female,35-44,80.0,Loan originated
1,725000.0,36,905000.0,324.0,1,Not Hispanic or Latino,Asian,Male,25-34,80.889,Loan originated
1,335000.0,49,475000.0,81.0,1,Hispanic or Latino,White,Male,25-34,97.0,Loan originated
1,485000.0,49,605000.0,108.0,1,Not Hispanic or Latino,White,Male,35-44,80.0,Loan originated
1,975000.0,45,1155000.0,332.0,1,Not Hispanic or Latino,Asian,Male,35-44,85.0,Loan originated
1,945000.0,<20%,1455000.0,5061.0,1,Not Hispanic or Latino,Asian,Male,35-44,70.0,Loan originated
1,405000.0,30%-<36%,615000.0,193.0,1,Not Hispanic or Latino,White,Female,45-54,65.574,Loan originated
1,645000.0,47,1165000.0,136.0,1,Not Hispanic or Latino,White,Female,45-54,55.6,Loan originated
1,315000.0,44,355000.0,82.0,1,Hispanic or Latino,White,Female,35-44,90.0,Loan originated
1,845000.0,41,1065000.0,210.0,1,Not Hispanic or Latino,Asian,Male,25-34,80.0,Loan originated
1,605000.0,30%-<36%,905000.0,186.0,1,Not Hispanic or Latino,Asian,Male,25-34,66.667,Loan originated
1,335000.0,47,345000.0,100.0,1,Not Hispanic or Latino,White,Male,25-34,103.667,Loan originated
1,435000.0,44,495000.0,203.0,1,Not Hispanic or Latino,White,Male,25-34,87.755,Loan originated
1,385000.0,49,465000.0,87.0,1,Not Hispanic or Latino,Black or African American,Female,55-64,84.36,Loan originated
1,475000.0,46,1015000.0,109.0,1,Hispanic or Latino,White,Female,55-64,47.134,Loan originated
1,825000.0,46,1135000.0,266.0,1,Not Hispanic or Latino,White,Male,55-64,73.009,Loan originated
1,705000.0,42,885000.0,224.0,1,Not Hispanic or Latino,Black or African American,Male,35-44,80.0,Loan originated
1,395000.0,30%-<36%,415000.0,175.0,1,Hispanic or Latino,White,Male,55-64,95.0,Loan originated
1,595000.0,42,745000.0,139.0,1,Not Hispanic or Latino,Asian,Male,35-44,80.0,Loan originated
1,545000.0,44,575000.0,165.0,1,Hispanic or Latino,Asian,Male,25-34,95.0,Loan originated
1,735000.0,20%-<30%,915000.0,277.0,1,Not Hispanic or Latino,Asian,Male,35-44,79.88,Loan originated
1,675000.0,41,755000.0,148.0,1,Not Hispanic or Latino,Asian,Male,25-34,89.93,Loan originated
1,965000.0,41,1205000.0,242.0,1,Not Hispanic or Latino,White,Male,35-44,80.0,Loan originated
1,535000.0,47,615000.0,111.0,1,Hispanic or Latino,White,Male,35-44,87.0,Loan originated
1,575000.0,41,615000.0,152.0,1,Hispanic or Latino,White,Female,55-64,95.0,Loan originated
1,245000.0,49,255000.0,61.0,1,Hispanic or Latino,White,Female,35-44,95.0,Loan originated
1,395000.0,<20%,495000.0,231.0,1,Not Hispanic or Latino,White,Male,25-34,80.0,Loan originated
1,425000.0,37,575000.0,120.0,1,Not Hispanic or Latino,Asian,Female,35-44,75.0,Loan originated
1,755000.0,50%-60%,875000.0,121.0,1,Hispanic or Latino,American Indian or Alaska Native,Male,<25,85.763,Loan originated
1,925000.0,49,1155000.0,171.0,1,Not Hispanic or Latino,Asian,Male,25-34,80.0,Loan originated
1,405000.0,30%-<36%,435000.0,147.0,1,Not Hispanic or Latino,White,Female,25-34,95.0,Loan originated
1,305000.0,45,375000.0,68.0,1,Hispanic or Latino,White,Female,55-64,82.4,Loan originated
1,675000.0,30%-<36%,845000.0,198.0,1,Not Hispanic or Latino,Asian,Male,25-34,80.0,Application denied
1,455000.0,49,695000.0,95.0,1,Hispanic or Latino,White,Female,35-44,65.755,Loan originated
1,225000.0,37,855000.0,126.0,1,Hispanic or Latino,White,Male,25-34,25.882,Loan originated
1,155000.0,20%-<30%,765000.0,195.0,1,Not Hispanic or Latino,White,Male,25-34,19.711,Application denied
1,675000.0,49,825000.0,147.0,1,Not Hispanic or Latino,Asian,Female,25-34,100.0,Loan originated
1,595000.0,49,615000.0,150.0,1,Hispanic or Latino,White,Male,35-44,97.0,Loan originated
1,265000.0,30%-<36%,765000.0,115.0,1,Not Hispanic or Latino,Asian,Male,35-44,34.22,Loan originated
1,595000.0,47,765000.0,124.0,1,Not Hispanic or Latino,Asian,Female,35-44,77.91,Loan originated
1,305000.0,30%-<36%,385000.0,92.0,1,Hispanic or Latino,White,Male,45-54,80.0,Loan originated
1,755000.0,45,845000.0,160.0,1,Not Hispanic or Latino,Asian,Female,45-54,89.994,Loan originated
1,345000.0,41,365000.0,85.0,1,Hispanic or Latino,White,Male,25-34,95.0,Loan originated
1,165000.0,30%-<36%,255000.0,98.0,1,Not Hispanic or Latino,White,Female,55-64,62.84,Loan originated
1,585000.0,30%-<36%,735000.0,191.0,1,Not Hispanic or Latino,Asian,Female,35-44,80.0,Loan originated
1,405000.0,43,475000.0,119.0,1,Not Hispanic or Latino,Asian,Male,25-34,85.106,Loan originated
1,445000.0,30%-<36%,555000.0,127.0,1,Not Hispanic or Latino,Asian,Female,25-34,80.0,Loan originated
1,195000.0,42,215000.0,59.0,1,Hispanic or Latino,White,Male,55-64,90.0,Loan originated
1,475000.0,48,595000.0,92.0,1,Not Hispanic or Latino,Asian,Male,45-54,80.0,Loan originated
1,545000.0,44,1055000.0,133.0,1,Not Hispanic or Latino,Asian,Female,25-34,51.429,Loan originated
1,235000.0,42,475000.0,245.0,1,Hispanic or Latino,White,Male,35-44,49.474,Loan originated
1,735000.0,46,825000.0,186.0,1,Not Hispanic or Latino,White,Male,45-54,90.0,Loan originated
1,695000.0,44,775000.0,171.0,1,Not Hispanic or Latino,White,Male,25-34,89.99,Loan originated
1,255000.0,>60%,1205000.0,120.0,1,Not Hispanic or Latino,White,Male,55-64,20.833,Application denied
1,875000.0,<20%,1095000.0,510.0,1,Hispanic or Latino,Black or African American,Male,35-44,80.0,Loan originated
1,705000.0,45,875000.0,200.0,1,Not Hispanic or Latino,Asian,Female,35-44,80.0,Loan originated
1,115000.0,20%-<30%,365000.0,46.0,1,Hispanic or Latino,White,Male,45-54,31.0,Loan originated
1,1015000.0,44,1325000.0,316.0,1,Not Hispanic or Latino,White,Male,45-54,76.604,Loan originated
1,615000.0,42,675000.0,237.0,1,Not Hispanic or Latino,White,Male,55-64,92.09,Loan originated
1,425000.0,41,475000.0,178.0,1,Not Hispanic or Latino,Asian,Female,35-44,90.0,Loan originated
1,205000.0,47,255000.0,47.0,1,Hispanic or Latino,White,Male,35-44,80.0,Loan originated
1,175000.0,48,185000.0,55.0,1,Not Hispanic or Latino,White,Male,25-34,97.0,Application denied
1,725000.0,48,1195000.0,140.0,1,Not Hispanic or Latino,White,Male,45-54,60.669,Loan originated
1,555000.0,<20%,835000.0,449.0,1,Not Hispanic or Latino,White,Male,55-64,65.632,Loan originated
1,315000.0,50%-60%,355000.0,149.0,1,Not Hispanic or Latino,White,Male,25-34,90.0,Application denied
1,115000.0,43,125000.0,50.0,1,Not Hispanic or Latino,White,Female,35-44,97.0,Loan originated
1,265000.0,37,335000.0,128.0,1,Hispanic or Latino,White,Male,25-34,80.0,Loan originated
1,255000.0,43,855000.0,74.0,1,Not Hispanic or Latino,White,Female,55-64,29.412,Loan originated
1,965000.0,38,1205000.0,252.0,1,Not Hispanic or Latino,Asian,Male,35-44,80.0,Loan originated
1,405000.0,40,455000.0,98.0,1,Not Hispanic or Latino,White,Male,25-34,90.0,Loan originated
1,755000.0,44,1025000.0,271.0,1,Not Hispanic or Latino,Asian,Male,25-34,73.05,Loan originated
1,1105000.0,42,1585000.0,328.0,1,Not Hispanic or Latino,Asian,Male,35-44,69.63,Loan originated
1,915000.0,30%-<36%,1225000.0,282.0,1,Not Hispanic or Latino,White,Male,25-34,75.0,Loan originated
1,205000.0,36,925000.0,85.0,1,Not Hispanic or Latino,Asian,Male,25-34,21.56,Loan originated
1,715000.0,45,895000.0,147.0,1,Hispanic or Latino,White,Male,35-44,80.0,Loan originated
1,815000.0,45,1115000.0,180.0,1,Not Hispanic or Latino,Asian,Male,35-44,72.97,Loan originated
1,155000.0,20%-<30%,885000.0,176.0,1,Not Hispanic or Latino,Asian,Male,45-54,17.0,Loan originated
1,335000.0,48,415000.0,116.0,1,Not Hispanic or Latino,White,Male,45-54,80.0,Loan originated
1,1145000.0,47,1665000.0,255.0,1,Not Hispanic or Latino,White,Male,25-34,69.217,Loan originated
1,475000.0,46,505000.0,104.0,1,Not Hispanic or Latino,Black or African American,Female,35-44,95.0,Loan originated
1,545000.0,45,575000.0,141.0,1,Hispanic or Latino,White,Male,25-34,95.0,Loan originated
1,265000.0,44,385000.0,129.0,1,Not Hispanic or Latino,White,Female,65-74,70.0,Application denied
1,445000.0,37,465000.0,110.0,1,Hispanic or Latino,White,Male,35-44,95.0,Loan originated
1,765000.0,47,1175000.0,191.0,1,Not Hispanic or Latino,Asian,Male,35-44,65.513,Loan originated
1,345000.0,49,365000.0,69.0,1,Hispanic or Latino,White,Female,25-34,97.0,Loan originated
1,195000.0,44,205000.0,47.0,1,Hispanic or Latino,White,Female,<25,97.0,Loan originated
1,795000.0,39,875000.0,242.0,1,Hispanic or Latino,White,Male,55-64,89.943,Loan originated
1,825000.0,41,1035000.0,357.0,1,Not Hispanic or Latino,Asian,Male,35-44,80.0,Loan originated
1,305000.0,30%-<36%,385000.0,192.0,1,Not Hispanic or Latino,White,Male,25-34,80.0,Loan originated
1,715000.0,49,805000.0,147.0,1,Not Hispanic or Latino,Asian,Male,25-34,89.0,Loan originated
1,175000.0,43,225000.0,80.0,1,Not Hispanic or Latino,White,Male,35-44,79.55,Application denied
1,375000.0,>60%,395000.0,51.0,1,Hispanic or Latino,White,Female,35-44,95.7,Application denied
1,735000.0,36,765000.0,310.0,1,Not Hispanic or Latino,Black or African American,Male,25-34,97.0,Loan originated
1,425000.0,47,535000.0,87.0,1,Not Hispanic or Latino,White,Male,35-44,80.0,Application denied
1,765000.0,46,955000.0,184.0,1,Not Hispanic or Latino,White,Male,<25,80.0,Loan originated
1,425000.0,48,485000.0,105.0,1,Not Hispanic or Latino,White,Male,55-64,88.14,Loan originated
1,1115000.0,46,1395000.0,255.0,1,Not Hispanic or Latino,Asian,Male,45-54,80.0,Loan originated
1,685000.0,41,855000.0,173.0,1,Not Hispanic or Latino,Asian,Male,35-44,80.0,Loan originated
1,305000.0,20%-<30%,315000.0,150.0,1,Not Hispanic or Latino,White,Female,45-54,95.0,Loan originated
1,755000.0,46,1205000.0,200.0,1,Hispanic or Latino,Asian,Male,35-44,62.5,Loan originated
1,75000.0,44,395000.0,37.0,1,Not Hispanic or Latino,White,Female,25-34,101.974,Loan originated
1,635000.0,39,755000.0,248.0,1,Hispanic or Latino,Asian,Male,25-34,85.0,Loan originated
1,665000.0,<20%,835000.0,1753.0,1,Hispanic or Latino,White,Male,35-44,80.0,Loan originated
1,265000.0,49,275000.0,58.0,1,Not Hispanic or Latino,White,Female,25-34,95.0,Loan originated
1,765000.0,49,865000.0,188.0,1,Hispanic or Latino,White,Female,25-34,88.953,Loan originated
1,585000.0,42,985000.0,146.0,1,Not Hispanic or Latino,Asian,Male,35-44,59.391,Loan originated
1,385000.0,48,435000.0,163.0,1,Hispanic or Latino,White,Male,45-54,90.0,Loan originated
1,75000.0,42,85000.0,60.0,1,Not Hispanic or Latino,White,Female,45-54,85.0,Loan originated
1,775000.0,38,1445000.0,252.0,1,Not Hispanic or Latino,Asian,Female,45-54,53.472,Loan originated
1,355000.0,30%-<36%,475000.0,134.0,1,Not Hispanic or Latino,Asian,Male,25-34,75.0,Loan originated
1,495000.0,44,615000.0,131.0,1,Not Hispanic or Latino,Native Hawaiian or Other Pacific Islander,Female,35-44,80.0,Loan originated
1,485000.0,46,505000.0,107.0,1,Hispanic or Latino,White,Male,25-34,97.0,Loan originated
1,205000.0,44,1395000.0,90.0,1,Not Hispanic or Latino,White,Female,55-64,14.287,Loan originated
1,1105000.0,43,1235000.0,238.0,1,Not Hispanic or Latino,Asian,Male,35-44,89.837,Application denied
1,855000.0,43,1145000.0,208.0,1,Not Hispanic or Latino,White,Female,35-44,75.0,Loan originated
1,545000.0,41,575000.0,149.0,1,Not Hispanic or Latino,White,Male,45-54,95.0,Loan originated
1,335000.0,44,415000.0,104.0,1,Not Hispanic or Latino,Asian,Female,55-64,80.0,Loan originated
1,445000.0,39,555000.0,121.0,1,Not Hispanic or Latino,Black or African American,Female,45-54,80.0,Loan originated
1,765000.0,30%-<36%,1125000.0,231.0,1,Hispanic or Latino,Asian,Male,25-34,68.111,Loan originated
1,655000.0,47,725000.0,129.0,1,Hispanic or Latino,White,Male,35-44,89.99,Loan originated
1,395000.0,49,475000.0,102.0,1,Hispanic or Latino,White,Female,35-44,85.0,Loan originated
1,235000.0,36,335000.0,68.0,1,Not Hispanic or Latino,White,Male,35-44,69.7,Loan originated
1,395000.0,45,495000.0,89.0,1,Not Hispanic or Latino,White,Female,55-64,80.0,Loan originated
1,715000.0,50%-60%,1425000.0,579.0,1,Not Hispanic or Latino,White,Male,65-74,50.0,Loan originated
1,545000.0,42,685000.0,142.0,1,Not Hispanic or Latino,White,Female,45-54,80.0,Loan originated
1,65000.0,20%-<30%,75000.0,77.0,1,Hispanic or Latino,White,Female,55-64,92.06,Application denied
1,275000.0,39,1045000.0,136.0,1,Not Hispanic or Latino,White,Male,55-64,26.442,Loan originated
1,625000.0,43,885000.0,140.0,1,Not Hispanic or Latino,Asian,Female,45-54,70.0,Loan originated
1,355000.0,30%-<36%,435000.0,146.0,1,Not Hispanic or Latino,Asian,Female,25-34,80.0,Loan originated
1,725000.0,36,995000.0,265.0,1,Hispanic or Latino,White,Male,35-44,72.0,Loan originated
1,485000.0,20%-<30%,495000.0,204.0,1,Not Hispanic or Latino,White,Male,35-44,97.0,Loan originated
1,435000.0,42,545000.0,100.0,1,Not Hispanic or Latino,White,Male,35-44,80.0,Loan originated
1,405000.0,20%-<30%,2605000.0,276.0,1,Not Hispanic or Latino,White,Male,45-54,15.385,Loan originated
1,715000.0,47,745000.0,160.0,1,Not Hispanic or Latino,2 or more minority races,Female,35-44,95.0,Loan originated
1,415000.0,40,465000.0,285.0,1,Not Hispanic or Latino,White,Male,35-44,90.0,Loan originated
1,205000.0,30%-<36%,635000.0,112.0,1,Not Hispanic or Latino,White,Male,55-64,31.75,Loan originated
1,405000.0,49,525000.0,78.0,1,Not Hispanic or Latino,Asian,Male,25-34,77.0,Loan originated
1,515000.0,49,645000.0,103.0,1,Not Hispanic or Latino,Asian,Male,45-54,80.0,Loan originated
1,505000.0,45,925000.0,130.0,1,Not Hispanic or Latino,Asian,Male,25-34,54.17,Loan originated
1,285000.0,41,335000.0,102.0,1,Not Hispanic or Latino,White,Male,25-34,85.0,Loan originated
1,115000.0,20%-<30%,185000.0,53.0,1,Not Hispanic or Latino,White,Female,45-54,61.531,Loan originated
1,705000.0,49,785000.0,159.0,1,Hispanic or Latino,White,Female,55-64,90.0,Loan originated
1,515000.0,42,515000.0,118.0,1,Not Hispanic or Latino,Black or African American,Male,35-44,100.0,Loan originated
1,635000.0,46,845000.0,12.0,1,Not Hispanic or Latino,Asian,Male,35-44,75.0,Loan originated
1,305000.0,48,315000.0,66.0,1,Not Hispanic or Latino,White,Male,25-34,97.0,Loan originated
1,555000.0,46,1095000.0,188.0,1,Not Hispanic or Latino,White,Male,55-64,50.917,Loan originated
1,145000.0,20%-<30%,185000.0,92.0,1,Not Hispanic or Latino,White,Female,65-74,80.0,Loan originated
1,985000.0,42,1505000.0,220.0,1,Not Hispanic or Latino,White,Female,45-54,65.333,Loan originated
1,335000.0,20%-<30%,835000.0,196.0,1,Not Hispanic or Latino,Asian,Male,35-44,39.86,Loan originated
1,505000.0,46,655000.0,111.0,1,Hispanic or Latino,White,Male,25-34,77.026,Loan originated
1,655000.0,46,1205000.0,157.0,1,Hispanic or Latino,White,Male,45-54,54.167,Loan originated
1,195000.0,49,205000.0,69.0,1,Not Hispanic or Latino,Black or African American,Male,25-34,100.4,Loan originated
1,435000.0,41,495000.0,171.0,1,Not Hispanic or Latino,White,Female,45-54,90.0,Loan originated
1,135000.0,49,215000.0,29.0,1,Not Hispanic or Latino,White,Male,65-74,62.0,Loan originated
1,1025000.0,44,1275000.0,297.0,1,Not Hispanic or Latino,White,Female,35-44,80.0,Loan originated
1,655000.0,<20%,825000.0,348.0,1,Not Hispanic or Latino,White,Male,35-44,80.0,Loan originated
1,625000.0,47,1025000.0,165.0,1,Not Hispanic or Latino,Asian,Male,25-34,60.784,Loan originated
1,755000.0,41,945000.0,183.0,1,Not Hispanic or Latino,White,Male,35-44,80.0,Loan originated
1,625000.0,49,1005000.0,129.0,1,Not Hispanic or Latino,Asian,Female,25-34,62.445,Loan originated
1,1145000.0,30%-<36%,1675000.0,401.0,1,Not Hispanic or Latino,Asian,Male,25-34,68.646,Loan originated
1,605000.0,45,765000.0,244.0,1,Not Hispanic or Latino,Asian,Male,45-54,80.0,Loan originated
1,595000.0,48,995000.0,183.0,1,Not Hispanic or Latino,Asian,Male,45-54,60.0,Loan originated
1,875000.0,20%-<30%,1095000.0,318.0,1,Not Hispanic or Latino,White,Male,35-44,80.0,Loan originated
1,295000.0,49,305000.0,94.0,1,Hispanic or Latino,American Indian or Alaska Native,Female,35-44,97.0,Loan originated
1,385000.0,46,485000.0,82.0,1,Not Hispanic or Latino,Asian,Female,25-34,80.0,Loan originated
1,365000.0,43,455000.0,98.0,1,Not Hispanic or Latino,Asian,Female,35-44,80.0,Loan originated
1,575000.0,48,605000.0,141.0,1,Hispanic or Latino,White,Male,25-34,95.0,Loan originated
1,415000.0,49,605000.0,88.0,1,Not Hispanic or Latino,Asian,Female,45-54,70.01,Loan originated
1,555000.0,42,695000.0,154.0,1,Hispanic or Latino,Black or African American,Female,25-34,100.0,Loan originated
1,735000.0,45,775000.0,307.0,1,Not Hispanic or Latino,White,Male,45-54,95.0,Loan originated
1,415000.0,30%-<36%,835000.0,142.0,1,Not Hispanic or Latino,White,Female,35-44,50.0,Loan originated
1,795000.0,44,1065000.0,198.0,1,Not Hispanic or Latino,Asian,Male,25-34,75.0,Loan originated
1,525000.0,44,655000.0,113.0,1,Hispanic or Latino,White,Male,25-34,80.0,Loan originated
1,445000.0,37,595000.0,117.0,1,Not Hispanic or Latino,White,Male,25-34,74.96,Loan originated
1,825000.0,44,1615000.0,231.0,1,Not Hispanic or Latino,White,Male,35-44,51.04,Loan originated
1,315000.0,47,475000.0,86.0,1,Not Hispanic or Latino,White,Male,65-74,66.947,Loan originated
1,765000.0,38,995000.0,187.0,1,Not Hispanic or Latino,White,Female,25-34,77.041,Loan originated
1,465000.0,50%-60%,495000.0,83.0,1,Hispanic or Latino,White,Male,45-54,95.0,Loan originated
1,505000.0,49,1155000.0,133.0,1,Not Hispanic or Latino,White,Female,45-54,43.48,Loan originated
1,385000.0,47,405000.0,150.0,1,Hispanic or Latino,White,Male,45-54,97.85,Loan originated
1,285000.0,20%-<30%,355000.0,239.0,1,Not Hispanic or Latino,White,Male,55-64,80.0,Loan originated
1,695000.0,39,895000.0,188.0,1,Not Hispanic or Latino,Asian,Female,35-44,77.73,Loan originated
1,185000.0,49,265000.0,51.0,1,Not Hispanic or Latino,White,Female,65-74,69.23,Loan originated
1,765000.0,48,1005000.0,165.0,1,Not Hispanic or Latino,White,Male,25-34,77.0,Loan originated
1,215000.0,43,265000.0,53.0,1,Hispanic or Latino,White,Male,45-54,80.0,Loan originated
1,315000.0,49,335000.0,64.0,1,Hispanic or Latino,White,Female,25-34,95.0,Loan originated
1,405000.0,48,425000.0,177.0,1,Hispanic or Latino,White,Female,45-54,95.0,Loan originated
1,695000.0,20%-<30%,875000.0,248.0,1,Not Hispanic or Latino,Asian,Male,35-44,80.0,Loan originated
1,275000.0,20%-<30%,675000.0,144.0,1,Not Hispanic or Latino,White,Male,65-74,40.0,Loan originated
1,335000.0,43,355000.0,94.0,1,Hispanic or Latino,White,Male,<25,95.0,Loan originated
1,705000.0,45,885000.0,163.0,1,Not Hispanic or Latino,White,Male,25-34,80.0,Loan originated
1,685000.0,43,865000.0,159.0,1,Not Hispanic or Latino,White,Male,35-44,79.018,Loan originated
1,425000.0,40,525000.0,142.0,1,Not Hispanic or Latino,White,Male,45-54,80.0,Loan originated
1,125000.0,30%-<36%,315000.0,72.0,1,Not Hispanic or Latino,White,Female,35-44,39.683,Loan originated
1,535000.0,50%-60%,545000.0,152.0,1,Hispanic or Latino,White,Male,45-54,100.5,Loan originated
1,855000.0,49,905000.0,164.0,1,Not Hispanic or Latino,Black or African American,Female,>74,95.0,Loan originated
1,965000.0,42,1375000.0,275.0,1,Not Hispanic or Latino,Asian,Male,65-74,70.0,Loan originated
1,765000.0,48,835000.0,184.0,1,Not Hispanic or Latino,Asian,Male,25-34,92.355,Loan originated
1,775000.0,45,1295000.0,192.0,1,Not Hispanic or Latino,Asian,Male,25-34,59.99,Loan originated
1,605000.0,41,645000.0,188.0,1,Hispanic or Latino,White,Female,35-44,95.0,Loan originated
1,735000.0,30%-<36%,975000.0,213.0,1,Not Hispanic or Latino,Asian,Male,35-44,75.0,Loan originated
1,605000.0,42,635000.0,261.0,1,Hispanic or Latino,White,Male,35-44,95.0,Loan originated
1,705000.0,20%-<30%,785000.0,461.0,1,Not Hispanic or Latino,White,Female,>74,90.0,Loan originated
1,485000.0,30%-<36%,605000.0,184.0,1,Not Hispanic or Latino,White,Female,25-34,80.0,Loan originated
1,395000.0,49,415000.0,94.0,1,Not Hispanic or Latino,Asian,Male,25-34,95.0,Loan originated
1,755000.0,20%-<30%,1265000.0,307.0,1,Not Hispanic or Latino,Asian,Male,25-34,60.0,Application denied
1,345000.0,30%-<36%,495000.0,142.0,1,Not Hispanic or Latino,White,Female,65-74,69.697,Loan originated
1,265000.0,37,295000.0,76.0,1,Not Hispanic or Latino,Asian,Female,25-34,90.0,Application denied
1,655000.0,40,725000.0,197.0,1,Not Hispanic or Latino,Asian,Female,35-44,89.993,Loan originated
1,335000.0,45,425000.0,76.0,1,Hispanic or Latino,White,Female,25-34,80.0,Loan originated
1,585000.0,45,615000.0,153.0,1,Not Hispanic or Latino,White,Female,25-34,95.0,Loan originated
1,385000.0,37,645000.0,120.0,1,Not Hispanic or Latino,Asian,Female,25-34,90.0,Loan originated
1,485000.0,49,515000.0,121.0,1,Hispanic or Latino,White,Male,25-34,95.0,Loan originated
1,235000.0,42,365000.0,65.0,1,Not Hispanic or Latino,Asian,Male,55-64,65.0,Loan originated
1,465000.0,30%-<36%,685000.0,152.0,1,Hispanic or Latino,White,Female,45-54,67.647,Loan originated
1,355000.0,<20%,475000.0,188.0,1,Not Hispanic or Latino,Asian,Male,25-34,75.0,Loan originated
1,245000.0,48,475000.0,79.0,1,Hispanic or Latino,White,Male,45-54,51.579,Loan originated
1,775000.0,37,2395000.0,415.0,1,Not Hispanic or Latino,Asian,Male,55-64,32.097,Loan originated
1,355000.0,47,605000.0,128.0,1,Not Hispanic or Latino,White,Female,>74,58.333,Loan originated
1,765000.0,46,1355000.0,230.0,1,Hispanic or Latino,White,Female,45-54,56.615,Loan originated
1,415000.0,44,575000.0,108.0,1,Not Hispanic or Latino,Asian,Male,25-34,71.93,Loan originated
1,315000.0,30%-<36%,425000.0,99.0,1,Not Hispanic or Latino,2 or more minority races,Female,25-34,75.0,Loan originated
1,455000.0,46,475000.0,249.0,1,Not Hispanic or Latino,Black or African American,Female,45-54,95.0,Loan originated
1,565000.0,43,625000.0,191.0,1,Not Hispanic or Latino,Asian,Female,35-44,90.0,Loan originated
1,425000.0,48,565000.0,104.0,1,Not Hispanic or Latino,Asian,Male,25-34,75.0,Loan originated
1,295000.0,42,545000.0,77.0,1,Hispanic or Latino,White,Male,45-54,54.491,Loan originated
1,565000.0,42,585000.0,160.0,1,Not Hispanic or Latino,White,Female,35-44,97.0,Loan originated
1,765000.0,39,805000.0,171.0,1,Hispanic or Latino,White,Female,25-34,95.0,Loan originated
1,205000.0,43,715000.0,69.0,1,Not Hispanic or Latino,White,Male,45-54,28.16,Loan originated
1,405000.0,36,655000.0,121.0,1,Not Hispanic or Latino,Asian,Female,25-34,62.0,Loan originated
1,375000.0,44,1655000.0,369.0,1,Not Hispanic or Latino,Black or African American,Female,35-44,78.78,Loan originated
1,605000.0,43,675000.0,171.0,1,Hispanic or Latino,White,Male,35-44,90.0,Loan originated
1,945000.0,40,1185000.0,251.0,1,Not Hispanic or Latino,Asian,Male,25-34,80.0,Loan originated
1,225000.0,37,385000.0,66.0,1,Not Hispanic or Latino,Asian,Male,45-54,59.74,Loan originated
1,605000.0,42,815000.0,165.0,1,Not Hispanic or Latino,Asian,Female,25-34,75.0,Loan originated
1,345000.0,<20%,495000.0,197.0,1,Not Hispanic or Latino,White,Male,35-44,70.0,Loan originated
1,415000.0,39,445000.0,123.0,1,Not Hispanic or Latino,White,Female,35-44,93.258,Application denied
1,355000.0,<20%,585000.0,204.0,1,Not Hispanic or Latino,White,Male,35-44,60.751,Loan originated
1,285000.0,<20%,325000.0,285.0,1,Hispanic or Latino,White,Male,45-54,90.0,Application denied
1,605000.0,47,805000.0,131.0,1,Not Hispanic or Latino,White,Female,55-64,75.0,Loan originated
1,455000.0,50%-60%,555000.0,79.0,1,Hispanic or Latino,White,Female,25-34,81.982,Application denied
1,625000.0,49,785000.0,135.0,1,Not Hispanic or Latino,White,Female,55-64,80.0,Loan originated
1,505000.0,39,985000.0,138.0,1,Hispanic or Latino,White,Male,45-54,50.76,Loan originated
1,65000.0,<20%,65000.0,61.0,1,Hispanic or Latino,White,Male,25-34,95.89,Application denied
1,155000.0,36,335000.0,59.0,1,Hispanic or Latino,White,Female,55-64,45.045,Loan originated
1,465000.0,46,515000.0,123.0,1,Hispanic or Latino,White,Male,45-54,90.0,Loan originated
1,975000.0,41,1295000.0,535.0,1,Not Hispanic or Latino,White,Male,25-34,75.0,Loan originated
1,805000.0,44,1055000.0,200.0,1,Not Hispanic or Latino,White,Female,35-44,76.19,Loan originated
1,665000.0,46,835000.0,166.0,1,Not Hispanic or Latino,White,Male,25-34,80.0,Loan originated
1,265000.0,47,795000.0,64.0,1,Not Hispanic or Latino,White,Male,25-34,32.911,Loan originated
1,695000.0,20%-<30%,1305000.0,330.0,1,Not Hispanic or Latino,White,Male,45-54,53.69,Loan originated
1,525000.0,42,535000.0,130.0,1,Not Hispanic or Latino,Black or African American,Female,55-64,97.0,Application denied
1,825000.0,42,1375000.0,196.0,1,Not Hispanic or Latino,Asian,Male,25-34,60.0,Loan originated
1,675000.0,42,835000.0,240.0,1,Not Hispanic or Latino,White,Male,35-44,80.0,Loan originated
1,605000.0,49,815000.0,138.0,1,Not Hispanic or Latino,Asian,Female,45-54,75.0,Loan originated
1,725000.0,49,775000.0,168.0,1,Hispanic or Latino,White,Female,25-34,93.506,Loan originated
1,565000.0,46,595000.0,126.0,1,Hispanic or Latino,White,Male,25-34,95.0,Loan originated
1,445000.0,42,495000.0,134.0,1,Hispanic or Latino,White,Male,25-34,90.0,Loan originated
1,285000.0,47,355000.0,90.0,1,Hispanic or Latino,White,Male,45-54,80.0,Loan originated
1,755000.0,49,815000.0,138.0,1,Not Hispanic or Latino,Black or African American,Female,45-54,95.8,Loan originated
1,615000.0,30%-<36%,765000.0,175.0,1,Not Hispanic or Latino,White,Male,45-54,80.0,Loan originated
1,385000.0,30%-<36%,485000.0,107.0,1,Not Hispanic or Latino,White,Male,55-64,80.0,Loan originated
1,745000.0,30%-<36%,875000.0,264.0,1,Hispanic or Latino,White,Female,45-54,85.0,Loan originated
1,455000.0,49,575000.0,106.0,1,Not Hispanic or Latino,White,Female,<25,80.0,Loan originated
1,395000.0,48,625000.0,89.0,1,Not Hispanic or Latino,White,Female,45-54,62.003,Loan originated
1,405000.0,30%-<36%,745000.0,245.0,1,Not Hispanic or Latino,Asian,Male,45-54,53.471,Loan originated
1,285000.0,20%-<30%,355000.0,152.0,1,Not Hispanic or Latino,White,Female,25-34,80.0,Loan originated
1,205000.0,46,915000.0,82.0,1,Not Hispanic or Latino,White,Female,65-74,21.858,Loan originated
1,845000.0,46,1065000.0,245.0,1,Not Hispanic or Latino,White,Female,35-44,80.0,Loan originated
1,805000.0,49,1005000.0,235.0,1,Not Hispanic or Latino,White,Female,35-44,80.0,Loan originated
1,435000.0,20%-<30%,545000.0,379.0,1,Not Hispanic or Latino,White,Male,55-64,79.997,Loan originated
1,435000.0,46,555000.0,97.0,1,Not Hispanic or Latino,White,Male,35-44,78.182,Loan originated
1,825000.0,42,1105000.0,489.0,1,Not Hispanic or Latino,Asian,Female,65-74,75.0,Loan originated
1,625000.0,49,735000.0,217.0,1,Not Hispanic or Latino,White,Male,35-44,85.0,Loan originated
1,665000.0,30%-<36%,795000.0,191.0,1,Not Hispanic or Latino,White,Male,25-34,83.019,Loan originated
1,715000.0,47,795000.0,165.0,1,Not Hispanic or Latino,White,Female,45-54,90.0,Loan originated
1,565000.0,43,615000.0,142.0,1,Hispanic or Latino,White,Male,25-34,91.997,Loan originated
1,655000.0,44,775000.0,322.0,1,Not Hispanic or Latino,White,Male,35-44,85.0,Loan originated
1,325000.0,44,335000.0,98.0,1,Hispanic or Latino,White,Male,25-34,97.0,Loan originated
1,765000.0,37,855000.0,237.0,1,Not Hispanic or Latino,Asian,Male,35-44,89.83,Loan originated
1,275000.0,20%-<30%,345000.0,107.0,1,Not Hispanic or Latino,Asian,Male,25-34,80.0,Loan originated
1,525000.0,44,615000.0,214.0,1,Not Hispanic or Latino,2 or more minority races,Female,<25,85.0,Loan originated
1,495000.0,30%-<36%,705000.0,587.0,1,Not Hispanic or Latino,White,Male,65-74,70.0,Loan originated
1,565000.0,46,715000.0,121.0,1,Not Hispanic or Latino,Asian,Female,55-64,80.0,Loan originated
1,525000.0,42,555000.0,114.0,1,Hispanic or Latino,White,Male,55-64,95.0,Loan originated
1,935000.0,37,1555000.0,262.0,1,Not Hispanic or Latino,Asian,Male,45-54,60.0,Loan originated
1,445000.0,49,465000.0,94.0,1,Hispanic or Latino,White,Male,35-44,95.0,Loan originated
1,325000.0,30%-<36%,365000.0,107.0,1,Not Hispanic or Latino,White,Male,55-64,90.0,Loan originated
1,405000.0,42,455000.0,105.0,1,Not Hispanic or Latino,White,Male,25-34,90.0,Loan originated
1,575000.0,30%-<36%,1145000.0,365.0,1,Not Hispanic or Latino,Native Hawaiian or Other Pacific Islander,Female,55-64,50.0,Loan originated
1,495000.0,49,625000.0,95.0,1,Not Hispanic or Latino,White,Female,65-74,80.0,Loan originated
1,1115000.0,40,1245000.0,309.0,1,Not Hispanic or Latino,White,Male,35-44,89.775,Loan originated
1,275000.0,41,305000.0,70.0,1,Hispanic or Latino,White,Female,25-34,91.06,Loan originated
1,365000.0,48,415000.0,124.0,1,Hispanic or Latino,White,Male,35-44,90.0,Loan originated
1,145000.0,30%-<36%,215000.0,54.0,1,Not Hispanic or Latino,White,Male,35-44,67.742,Loan originated
1,645000.0,46,865000.0,191.0,1,Hispanic or Latino,White,Male,35-44,75.0,Loan originated
1,405000.0,48,1735000.0,57.0,1,Not Hispanic or Latino,White,Male,65-74,23.022,Loan originated
1,405000.0,38,705000.0,136.0,1,Hispanic or Latino,White,Male,25-34,58.0,Loan originated
1,525000.0,45,555000.0,109.0,1,Not Hispanic or Latino,Black or African American,Female,45-54,95.0,Loan originated
1,1085000.0,30%-<36%,1365000.0,362.0,1,Not Hispanic or Latino,Asian,Male,35-44,80.0,Loan originated
1,745000.0,49,875000.0,166.0,1,Not Hispanic or Latino,Asian,Female,35-44,86.0,Loan originated
1,705000.0,37,1025000.0,200.0,1,Not Hispanic or Latino,White,Male,25-34,68.293,Loan originated
1,105000.0,<20%,215000.0,95.0,1,Hispanic or Latino,White,Male,65-74,47.17,Application denied
1,155000.0,30%-<36%,695000.0,131.0,1,Not Hispanic or Latino,White,Male,65-74,22.0,Loan originated
1,275000.0,20%-<30%,775000.0,128.0,1,Not Hispanic or Latino,White,Female,25-34,36.0,Loan originated
1,1055000.0,49,1345000.0,195.0,1,Not Hispanic or Latino,Asian,Female,35-44,79.0,Loan originated
1,555000.0,20%-<30%,685000.0,238.0,1,Not Hispanic or Latino,Black or African American,Male,35-44,80.0,Loan originated
1,995000.0,44,1325000.0,226.0,1,Not Hispanic or Latino,White,Male,35-44,75.0,Loan originated
1,515000.0,48,615000.0,105.0,1,Not Hispanic or Latino,Asian,Male,35-44,85.0,Loan originated
1,615000.0,36,775000.0,456.0,1,Not Hispanic or Latino,White,Male,35-44,80.0,Loan originated
1,125000.0,44,165000.0,49.0,1,Not Hispanic or Latino,White,Female,35-44,75.0,Loan originated
1,405000.0,40,475000.0,300.0,1,Not Hispanic or Latino,White,Female,35-44,83.85,Loan originated
1,395000.0,30%-<36%,655000.0,143.0,1,Not Hispanic or Latino,Asian,Female,55-64,60.0,Loan originated
1,705000.0,30%-<36%,905000.0,225.0,1,Not Hispanic or Latino,Asian,Female,35-44,78.0,Loan originated
1,305000.0,42,675000.0,83.0,1,Not Hispanic or Latino,White,Male,25-34,44.444,Loan originated
1,585000.0,43,695000.0,191.0,1,Not Hispanic or Latino,White,Male,35-44,85.0,Loan originated
1,545000.0,30%-<36%,605000.0,160.0,1,Hispanic or Latino,White,Male,35-44,90.0,Loan originated
1,435000.0,46,455000.0,111.0,1,Hispanic or Latino,White,Male,25-34,95.0,Loan originated
1,155000.0,36,425000.0,53.0,1,Hispanic or Latino,White,Female,55-64,34.965,Loan originated
1,565000.0,30%-<36%,705000.0,154.0,1,Not Hispanic or Latino,Asian,Male,45-54,80.0,Loan originated
1,115000.0,45,505000.0,50.0,1,Not Hispanic or Latino,White,Female,65-74,24.0,Loan originated
1,465000.0,48,555000.0,111.0,1,Not Hispanic or Latino,White,Male,25-34,85.0,Loan originated
1,135000.0,30%-<36%,465000.0,149.0,1,Hispanic or Latino,White,Male,45-54,28.375,Loan originated
1,435000.0,43,485000.0,99.0,1,Not Hispanic or Latino,Asian,Male,<25,90.0,Loan originated
1,285000.0,20%-<30%,405000.0,299.0,1,Not Hispanic or Latino,White,Male,55-64,70.0,Loan originated
1,385000.0,49,545000.0,82.0,1,Not Hispanic or Latino,Asian,Female,55-64,71.236,Loan originated
1,815000.0,49,905000.0,235.0,1,Not Hispanic or Latino,White,Male,45-54,90.0,Loan originated
1,145000.0,45,345000.0,55.0,1,Not Hispanic or Latino,White,Male,25-34,42.775,Loan originated
1,555000.0,40,865000.0,180.0,1,Not Hispanic or Latino,Asian,Male,<25,65.0,Loan originated
1,785000.0,45,895000.0,183.0,1,Not Hispanic or Latino,Asian,Male,25-34,87.694,Loan originated
1,655000.0,49,815000.0,133.0,1,Not Hispanic or Latino,Asian,Female,25-34,80.0,Loan originated
1,75000.0,50%-60%,95000.0,41.0,1,Not Hispanic or Latino,White,Female,65-74,75.0,Loan originated
1,275000.0,37,535000.0,153.0,1,Not Hispanic or Latino,Asian,Male,35-44,53.0,Loan originated
1,465000.0,46,745000.0,108.0,1,Not Hispanic or Latino,White,Male,55-64,63.0,Loan originated
1,915000.0,48,1305000.0,190.0,1,Not Hispanic or Latino,White,Male,45-54,70.0,Loan originated
1,375000.0,48,545000.0,87.0,1,Hispanic or Latino,White,Female,45-54,70.0,Loan originated
1,555000.0,49,585000.0,176.0,1,Hispanic or Latino,White,Male,45-54,95.0,Loan originated
1,535000.0,49,675000.0,120.0,1,Not Hispanic or Latino,White,Male,55-64,79.409,Loan originated
1,205000.0,20%-<30%,415000.0,97.0,1,Hispanic or Latino,White,Male,25-34,48.193,Loan originated
1,765000.0,38,1315000.0,193.0,1,Not Hispanic or Latino,Asian,Male,25-34,58.33,Loan originated
1,605000.0,20%-<30%,765000.0,261.0,1,Hispanic or Latino,White,Male,45-54,80.0,Loan originated
1,555000.0,49,645000.0,125.0,1,Not Hispanic or Latino,White,Male,25-34,85.0,Loan originated
1,1005000.0,44,1265000.0,326.0,1,Not Hispanic or Latino,White,Male,35-44,80.0,Loan originated
1,395000.0,42,525000.0,170.0,1,Not Hispanic or Latino,Asian,Male,25-34,75.0,Loan originated
1,765000.0,30%-<36%,925000.0,249.0,1,Not Hispanic or Latino,Asian,Female,25-34,82.49,Loan originated
1,1045000.0,47,1105000.0,323.0,1,Not Hispanic or Latino,White,Female,35-44,95.0,Loan originated
1,495000.0,20%-<30%,615000.0,261.0,1,Not Hispanic or Latino,Asian,Female,35-44,80.0,Loan originated
1,405000.0,44,455000.0,83.0,1,Not Hispanic or Latino,Black or African American,Male,35-44,88.69,Loan originated
1,435000.0,43,835000.0,310.0,1,Not Hispanic or Latino,Asian,Male,45-54,52.267,Loan originated
1,1095000.0,48,1155000.0,234.0,1,Not Hispanic or Latino,White,Male,35-44,98.0,Loan originated
1,935000.0,44,1005000.0,196.0,1,Not Hispanic or Latino,Asian,Male,25-34,93.05,Loan originated
1,725000.0,42,905000.0,169.0,1,Not Hispanic or Latino,White,Female,35-44,80.0,Loan originated
1,655000.0,38,865000.0,188.0,1,Not Hispanic or Latino,White,Female,25-34,75.0,Loan originated
1,735000.0,20%-<30%,815000.0,405.0,1,Not Hispanic or Latino,Black or African American,Female,55-64,90.0,Loan originated
1,395000.0,38,435000.0,145.0,1,Not Hispanic or Latino,White,Male,45-54,90.0,Loan originated
1,505000.0,49,565000.0,106.0,1,Not Hispanic or Latino,Asian,Female,35-44,90.0,Loan originated
1,555000.0,46,745000.0,260.0,1,Not Hispanic or Latino,White,Male,35-44,75.0,Loan originated
1,915000.0,40,1305000.0,335.0,1,Not Hispanic or Latino,Asian,Female,35-44,70.0,Loan originated
1,555000.0,40,695000.0,136.0,1,Not Hispanic or Latino,White,Female,25-34,80.0,Loan originated
1,605000.0,36,755000.0,174.0,1,Not Hispanic or Latino,Native Hawaiian or Other Pacific Islander,Female,25-34,80.0,Loan originated
1,545000.0,20%-<30%,735000.0,241.0,1,Not Hispanic or Latino,White,Male,45-54,75.0,Loan originated
1,505000.0,44,555000.0,113.0,1,Not Hispanic or Latino,Black or African American,Female,45-54,90.909,Application denied
1,625000.0,30%-<36%,775000.0,248.0,1,Not Hispanic or Latino,Asian,Male,25-34,80.0,Loan originated
1,275000.0,46,625000.0,67.0,1,Hispanic or Latino,White,Male,25-34,100.0,Loan originated
1,205000.0,46,415000.0,47.0,1,Not Hispanic or Latino,White,Male,35-44,49.0,Loan originated
1,585000.0,41,645000.0,166.0,1,Not Hispanic or Latino,Black or African American,Male,45-54,90.0,Loan originated
1,375000.0,40,465000.0,90.0,1,Hispanic or Latino,White,Female,25-34,80.0,Loan originated
1,655000.0,42,935000.0,21.0,1,Not Hispanic or Latino,Asian,Female,25-34,70.0,Loan originated
1,135000.0,20%-<30%,435000.0,81.0,1,Not Hispanic or Latino,White,Female,45-54,31.66,Loan originated
1,505000.0,<20%,1105000.0,432.0,1,Not Hispanic or Latino,Asian,Male,45-54,45.45,Loan originated
1,505000.0,38,515000.0,219.0,1,Not Hispanic or Latino,Asian,Female,25-34,97.0,Loan originated
1,675000.0,30%-<36%,705000.0,246.0,1,Not Hispanic or Latino,Asian,Female,35-44,99.143,Application denied
1,485000.0,43,645000.0,158.0,1,Not Hispanic or Latino,White,Male,35-44,74.922,Loan originated
1,755000.0,44,945000.0,204.0,1,Hispanic or Latino,White,Female,45-54,80.0,Loan originated
1,275000.0,43,285000.0,113.0,1,Not Hispanic or Latino,White,Male,<25,95.0,Loan originated
1,625000.0,44,645000.0,150.0,1,Hispanic or Latino,White,Female,25-34,97.0,Loan originated
1,605000.0,47,1505000.0,158.0,1,Hispanic or Latino,White,Male,55-64,40.0,Loan originated
1,85000.0,50%-60%,165000.0,65.0,1,Not Hispanic or Latino,White,Female,65-74,48.48,Loan originated
1,645000.0,38,845000.0,169.0,1,Hispanic or Latino,White,Male,35-44,76.443,Loan originated
1,765000.0,37,895000.0,212.0,1,Not Hispanic or Latino,White,Female,35-44,85.0,Loan originated
1,265000.0,<20%,415000.0,90.0,1,Not Hispanic or Latino,Asian,Male,45-54,63.42,Loan originated
1,335000.0,20%-<30%,435000.0,122.0,1,Not Hispanic or Latino,White,Male,45-54,76.74,Loan originated
1,785000.0,39,985000.0,344.0,1,Not Hispanic or Latino,Asian,Male,45-54,80.0,Loan originated
1,595000.0,41,745000.0,154.0,1,Not Hispanic or Latino,White,Male,25-34,80.0,Loan originated
1,1085000.0,49,1235000.0,195.0,1,Not Hispanic or Latino,Asian,Male,25-34,88.58,Loan originated
1,665000.0,42,835000.0,158.0,1,Not Hispanic or Latino,Asian,Male,35-44,80.0,Loan originated
1,325000.0,42,435000.0,120.0,1,Not Hispanic or Latino,White,Female,25-34,75.0,Loan originated
1,395000.0,41,555000.0,121.0,1,Not Hispanic or Latino,White,Female,25-34,70.874,Loan originated
1,525000.0,<20%,655000.0,2660.0,1,Not Hispanic or Latino,White,Male,35-44,80.0,Loan originated
1,175000.0,49,425000.0,52.0,1,Not Hispanic or Latino,White,Female,<25,99.765,Loan originated
1,595000.0,41,795000.0,187.0,1,Not Hispanic or Latino,Asian,Female,45-54,74.97,Loan originated
1,405000.0,20%-<30%,505000.0,141.0,1,Not Hispanic or Latino,Asian,Female,55-64,80.0,Loan originated
1,765000.0,40,1175000.0,183.0,1,Not Hispanic or Latino,Asian,Male,25-34,65.513,Loan originated
1,515000.0,>60%,515000.0,64.0,1,Not Hispanic or Latino,Black or African American,Male,25-34,101.75,Application denied
1,375000.0,49,395000.0,79.0,1,Not Hispanic or Latino,Black or African American,Male,55-64,97.506,Loan originated
1,675000.0,30%-<36%,845000.0,179.0,1,Not Hispanic or Latino,Asian,Male,25-34,80.0,Loan originated
1,935000.0,48,1335000.0,231.0,1,Not Hispanic or Latino,Asian,Female,45-54,69.92,Loan originated
1,625000.0,38,775000.0,218.0,1,Not Hispanic or Latino,White,Male,35-44,79.918,Loan originated
1,275000.0,40,825000.0,114.0,1,Not Hispanic or Latino,White,Male,45-54,33.333,Loan originated
1,935000.0,40,1105000.0,253.0,1,Not Hispanic or Latino,Asian,Male,35-44,85.0,Loan originated
1,215000.0,44,555000.0,64.0,1,Not Hispanic or Latino,Asian,Male,25-34,38.74,Loan originated
1,1105000.0,49,1435000.0,226.0,1,Not Hispanic or Latino,Asian,Male,35-44,76.923,Loan originated
1,155000.0,38,535000.0,67.0,1,Not Hispanic or Latino,Asian,Female,>74,28.29,Loan originated
1,605000.0,38,755000.0,175.0,1,Not Hispanic or Latino,White,Male,25-34,80.0,Loan originated
1,765000.0,46,865000.0,212.0,1,Not Hispanic or Latino,Asian,Female,35-44,88.953,Loan originated
1,865000.0,50%-60%,1245000.0,285.0,1,Not Hispanic or Latino,Asian,Female,45-54,70.0,Loan originated
1,675000.0,43,845000.0,186.0,1,Not Hispanic or Latino,White,Male,35-44,80.0,Application denied
1,255000.0,45,255000.0,108.0,1,Not Hispanic or Latino,Black or African American,Male,25-34,100.0,Loan originated
1,585000.0,48,725000.0,149.0,1,Not Hispanic or Latino,Asian,Female,45-54,100.0,Loan originated
1,295000.0,49,375000.0,77.0,1,Not Hispanic or Latino,White,Female,35-44,80.0,Loan originated
1,695000.0,46,725000.0,251.0,1,Not Hispanic or Latino,Black or African American,Male,55-64,97.0,Loan originated
1,405000.0,38,535000.0,175.0,1,Not Hispanic or Latino,Asian,Female,45-54,75.0,Loan originated
