loan_purpose,loan_amount,debt_to_income_ratio,property_value,income,occupancy_type,derived_ethnicity,derived_race,derived_sex,applicant_age,loan_to_value_ratio,action_taken
1,405000.0,20%-<30%,2205000.0,348.0,1,Not Hispanic or Latino,White,Male,65-74,18.182,Loan originated
1,475000.0,49,595000.0,111.0,1,Hispanic or Latino,White,Female,25-34,80.0,Loan originated
1,345000.0,40,435000.0,78.0,1,Not Hispanic or Latino,White,Male,25-34,80.0,Loan originated
1,805000.0,48,895000.0,170.0,1,Not Hispanic or Latino,White,Male,25-34,89.27,Loan originated
1,405000.0,43,725000.0,87.0,1,Not Hispanic or Latino,Asian,Male,45-54,55.721,Loan originated
1,165000.0,49,205000.0,39.0,1,Hispanic or Latino,White,Male,45-54,80.0,Loan originated
1,405000.0,47,585000.0,87.0,1,Not Hispanic or Latino,White,Male,25-34,70.0,Loan originated
1,355000.0,45,375000.0,97.0,1,Hispanic or Latino,White,Female,45-54,101.94,Loan originated
1,565000.0,48,705000.0,121.0,1,Not Hispanic or Latino,Asian,Male,35-44,80.0,Loan originated
1,865000.0,38,1095000.0,300.0,1,Hispanic or Latino,Asian,Male,35-44,79.03,Loan originated
1,415000.0,30%-<36%,435000.0,202.0,1,Not Hispanic or Latino,Asian,Male,25-34,95.0,Loan originated
1,405000.0,20%-<30%,1665000.0,216.0,1,Not Hispanic or Latino,Asian,Male,55-64,24.096,Loan originated
1,345000.0,49,385000.0,67.0,1,Hispanic or Latino,White,Female,<25,90.0,Loan originated
1,645000.0,30%-<36%,995000.0,227.0,1,Not Hispanic or Latino,White,Male,45-54,64.646,Loan originated
1,355000.0,37,475000.0,130.0,1,Not Hispanic or Latino,Asian,Male,<25,73.22,Loan originated
1,355000.0,38,475000.0,198.0,1,Hispanic or Latino,White,Female,55-64,74.094,Loan originated
1,395000.0,43,495000.0,137.0,1,Not Hispanic or Latino,White,Male,35-44,80.0,Loan originated
1,705000.0,38,885000.0,186.0,1,Not Hispanic or Latino,White,Male,25-34,80.0,Loan originated
1,95000.0,20%-<30%,125000.0,100.0,1,Not Hispanic or Latino,White,Male,45-54,80.0,Loan originated
1,355000.0,36,545000.0,117.0,1,Not Hispanic or Latino,Asian,Female,<25,65.133,Loan originated
1,835000.0,48,1215000.0,223.0,1,Not Hispanic or Latino,Asian,Female,35-44,68.775,Loan originated
1,335000.0,46,445000.0,73.0,1,Not Hispanic or Latino,White,Male,35-44,75.0,Loan originated
1,335000.0,30%-<36%,355000.0,197.0,1,Not Hispanic or Latino,White,Male,35-44,95.0,Loan originated
1,395000.0,49,425000.0,114.0,1,Hispanic or Latino,White,Male,25-34,95.0,Loan originated
1,765000.0,30%-<36%,1065000.0,287.0,1,Not Hispanic or Latino,White,Male,55-64,72.0,Loan originated
1,495000.0,44,555000.0,152.0,1,Not Hispanic or Latino,Asian,Female,45-54,90.0,Loan originated
1,645000.0,<20%,855000.0,770.0,1,Not Hispanic or Latino,White,Male,25-34,75.0,Loan originated
1,605000.0,46,815000.0,301.0,1,Not Hispanic or Latino,White,Female,45-54,75.0,Loan originated
1,725000.0,<20%,905000.0,1124.0,1,Not Hispanic or Latino,White,Female,55-64,80.0,Loan originated
1,405000.0,47,1355000.0,106.0,1,Not Hispanic or Latino,Asian,Female,35-44,29.778,Loan originated
1,355000.0,48,435000.0,85.0,1,Not Hispanic or Latino,Asian,Female,45-54,80.0,Loan originated
1,425000.0,46,1155000.0,110.0,1,Not Hispanic or Latino,Asian,Female,25-34,36.522,Loan originated
1,895000.0,41,1115000.0,216.0,1,Not Hispanic or Latino,White,Female,35-44,80.0,Loan originated
1,305000.0,49,1135000.0,99.0,1,Not Hispanic or Latino,White,Female,65-74,26.43,Loan originated
1,395000.0,30%-<36%,795000.0,136.0,1,Hispanic or Latino,White,Female,45-54,50.0,Loan originated
1,725000.0,45,765000.0,156.0,1,Hispanic or Latino,White,Male,45-54,95.0,Loan originated
1,1025000.0,30%-<36%,1275000.0,347.0,1,Not Hispanic or Latino,Asian,Female,45-54,80.0,Loan originated
1,605000.0,48,855000.0,186.0,1,Not Hispanic or Latino,White,Male,35-44,70.58,Loan originated
1,925000.0,37,1155000.0,343.0,1,Not Hispanic or Latino,Asian,Male,35-44,80.0,Loan originated
1,245000.0,45,485000.0,63.0,1,Not Hispanic or Latino,White,Female,35-44,50.0,Loan originated
1,445000.0,40,635000.0,108.0,1,Not Hispanic or Latino,White,Female,25-34,69.984,Loan originated
1,655000.0,30%-<36%,955000.0,422.0,1,Not Hispanic or Latino,Asian,Male,55-64,69.0,Loan originated
1,345000.0,41,465000.0,116.0,1,Hispanic or Latino,White,Female,35-44,75.0,Loan originated
1,815000.0,48,865000.0,205.0,1,Not Hispanic or Latino,Asian,Male,25-34,95.0,Loan originated
1,885000.0,38,1105000.0,203.0,1,Not Hispanic or Latino,Asian,Female,35-44,80.0,Loan originated
1,545000.0,49,795000.0,107.0,1,Not Hispanic or Latino,White,Male,25-34,68.623,Loan originated
1,565000.0,30%-<36%,705000.0,290.0,1,Not Hispanic or Latino,Asian,Female,25-34,81.0,Loan originated
1,615000.0,>60%,655000.0,102.0,1,Not Hispanic or Latino,Black or African American,Female,35-44,95.0,Application denied
1,225000.0,>60%,235000.0,75.0,1,Not Hispanic or Latino,White,Female,25-34,95.0,Application denied
1,435000.0,20%-<30%,455000.0,175.0,1,Not Hispanic or Latino,White,Male,35-44,95.0,Loan originated
1,375000.0,50%-60%,415000.0,79.0,1,Hispanic or Latino,White,Male,45-54,102.599,Application denied
1,515000.0,43,565000.0,168.0,1,Hispanic or Latino,White,Male,25-34,95.0,Loan originated
1,415000.0,47,445000.0,126.0,1,Hispanic or Latino,White,Male,25-34,95.0,Loan originated
1,315000.0,20%-<30%,375000.0,120.0,1,Not Hispanic or Latino,White,Male,35-44,85.0,Loan originated
1,1115000.0,40,1245000.0,309.0,1,Not Hispanic or Latino,White,Male,35-44,89.775,Loan originated
1,585000.0,43,615000.0,184.0,1,Hispanic or Latino,White,Female,55-64,95.0,Loan originated
1,345000.0,46,425000.0,105.0,1,Not Hispanic or Latino,White,Female,>74,80.0,Loan originated
1,235000.0,48,365000.0,59.0,1,Not Hispanic or Latino,White,Male,<25,64.0,Loan originated
1,585000.0,20%-<30%,655000.0,510.0,1,Not Hispanic or Latino,Black or African American,Female,35-44,90.0,Loan originated
1,435000.0,39,615000.0,125.0,1,Not Hispanic or Latino,White,Female,45-54,71.311,Loan originated
1,1055000.0,44,1405000.0,265.0,1,Not Hispanic or Latino,Asian,Male,25-34,75.0,Loan originated
1,255000.0,30%-<36%,315000.0,73.0,1,Hispanic or Latino,White,Male,25-34,80.0,Loan originated
1,355000.0,49,475000.0,116.0,1,Not Hispanic or Latino,White,Female,55-64,75.0,Loan originated
1,915000.0,48,1225000.0,189.0,1,Not Hispanic or Latino,White,Female,25-34,75.0,Loan originated
1,55000.0,20%-<30%,65000.0,136.0,1,Hispanic or Latino,White,Male,35-44,83.13,Application denied
1,285000.0,36,355000.0,72.0,1,Not Hispanic or Latino,White,Male,35-44,80.0,Loan originated
1,215000.0,49,385000.0,36.0,1,Not Hispanic or Latino,White,Female,55-64,55.483,Loan originated
1,545000.0,42,675000.0,132.0,1,Not Hispanic or Latino,White,Female,35-44,80.0,Loan originated
1,645000.0,42,805000.0,191.0,1,Not Hispanic or Latino,Asian,Female,65-74,80.0,Loan originated
1,485000.0,49,605000.0,105.0,1,Not Hispanic or Latino,White,Female,35-44,80.0,Loan originated
1,85000.0,50%-60%,135000.0,33.0,1,Hispanic or Latino,White,Male,<25,63.769,Application denied
1,735000.0,49,815000.0,144.0,1,Hispanic or Latino,White,Male,55-64,90.0,Loan originated
1,935000.0,42,1075000.0,201.0,1,Not Hispanic or Latino,Asian,Male,35-44,87.68,Loan originated
1,265000.0,20%-<30%,335000.0,122.0,1,Not Hispanic or Latino,White,Female,<25,80.0,Loan originated
1,525000.0,49,1005000.0,154.0,1,Hispanic or Latino,White,Female,35-44,52.0,Loan originated
1,505000.0,30%-<36%,2005000.0,200.0,1,Not Hispanic or Latino,Asian,Male,35-44,25.0,Loan originated
1,965000.0,42,1205000.0,309.0,1,Not Hispanic or Latino,Asian,Male,35-44,80.0,Loan originated
1,605000.0,47,755000.0,140.0,1,Not Hispanic or Latino,Asian,Male,25-34,80.0,Loan originated
1,415000.0,43,515000.0,109.0,1,Not Hispanic or Latino,White,Male,25-34,80.0,Loan originated
1,705000.0,37,1295000.0,225.0,1,Not Hispanic or Latino,Asian,Male,35-44,54.054,Loan originated
1,495000.0,44,525000.0,161.0,1,Hispanic or Latino,White,Male,45-54,98.0,Loan originated
1,745000.0,49,875000.0,193.0,1,Not Hispanic or Latino,White,Male,55-64,85.0,Loan originated
1,375000.0,43,535000.0,138.0,1,Not Hispanic or Latino,Asian,Female,45-54,70.0,Loan originated
1,335000.0,48,355000.0,76.0,1,Hispanic or Latino,White,Male,25-34,95.0,Application denied
1,545000.0,49,725000.0,141.0,1,Not Hispanic or Latino,Asian,Male,55-64,75.0,Loan originated
1,635000.0,40,795000.0,169.0,1,Hispanic or Latino,White,Male,55-64,80.0,Loan originated
1,725000.0,48,765000.0,149.0,1,Not Hispanic or Latino,Black or African American,Male,45-54,95.0,Loan originated
1,415000.0,49,445000.0,91.0,1,Hispanic or Latino,White,Female,45-54,95.0,Loan originated
1,705000.0,41,745000.0,193.0,1,Hispanic or Latino,White,Female,25-34,95.0,Loan originated
1,605000.0,45,765000.0,159.0,1,Not Hispanic or Latino,Asian,Male,35-44,80.0,Loan originated
1,605000.0,50%-60%,665000.0,231.0,1,Not Hispanic or Latino,Asian,Male,45-54,90.0,Application denied
1,1005000.0,30%-<36%,1445000.0,312.0,1,Not Hispanic or Latino,Asian,Male,35-44,69.057,Loan originated
1,695000.0,45,865000.0,170.0,1,Not Hispanic or Latino,White,Female,25-34,80.0,Loan originated
1,385000.0,49,555000.0,124.0,1,Hispanic or Latino,White,Male,55-64,70.0,Loan originated
1,465000.0,38,585000.0,191.0,1,Hispanic or Latino,White,Male,25-34,80.0,Loan originated
1,745000.0,38,785000.0,219.0,1,Not Hispanic or Latino,White,Male,35-44,95.0,Loan originated
1,475000.0,38,505000.0,158.0,1,Not Hispanic or Latino,White,Male,35-44,95.0,Loan originated
1,1005000.0,20%-<30%,1255000.0,312.0,1,Not Hispanic or Latino,Asian,Male,25-34,80.0,Loan originated
1,545000.0,49,585000.0,101.0,1,Not Hispanic or Latino,White,Female,25-34,93.11,Loan originated
1,815000.0,49,1145000.0,173.0,1,Not Hispanic or Latino,White,Female,35-44,70.496,Loan originated
1,315000.0,49,415000.0,93.0,1,Not Hispanic or Latino,Asian,Female,35-44,75.0,Loan originated
1,425000.0,30%-<36%,445000.0,149.0,1,Not Hispanic or Latino,White,Female,55-64,97.0,Loan originated
1,675000.0,46,705000.0,151.0,1,Not Hispanic or Latino,Black or African American,Male,35-44,95.0,Loan originated
1,545000.0,43,685000.0,233.0,1,Hispanic or Latino,White,Male,55-64,80.0,Loan originated
1,535000.0,47,905000.0,152.0,1,Not Hispanic or Latino,Asian,Female,35-44,58.89,Loan originated
1,235000.0,47,315000.0,48.0,1,Not Hispanic or Latino,White,Female,<25,83.194,Loan originated
1,135000.0,30%-<36%,175000.0,60.0,1,Not Hispanic or Latino,White,Male,35-44,80.0,Loan originated
1,385000.0,48,435000.0,163.0,1,Hispanic or Latino,White,Male,45-54,90.0,Loan originated
1,585000.0,49,1035000.0,150.0,1,Not Hispanic or Latino,White,Male,25-34,56.505,Loan originated
1,505000.0,20%-<30%,535000.0,313.0,1,Hispanic or Latino,White,Male,65-74,95.0,Loan originated
1,745000.0,46,875000.0,197.0,1,Not Hispanic or Latino,White,Female,35-44,85.0,Loan originated
1,445000.0,30%-<36%,505000.0,146.0,1,Not Hispanic or Latino,White,Male,25-34,88.0,Loan originated
1,555000.0,20%-<30%,585000.0,420.0,1,Not Hispanic or Latino,Black or African American,Female,55-64,96.0,Application denied
1,1045000.0,30%-<36%,1305000.0,361.0,1,Not Hispanic or Latino,White,Male,25-34,80.0,Loan originated
1,245000.0,38,345000.0,65.0,1,Not Hispanic or Latino,White,Female,55-64,73.0,Loan originated
1,725000.0,48,765000.0,141.0,1,Hispanic or Latino,White,Female,45-54,95.0,Loan originated
1,425000.0,36,445000.0,113.0,1,Hispanic or Latino,White,Male,45-54,95.0,Loan originated
1,555000.0,47,695000.0,125.0,1,Hispanic or Latino,White,Male,35-44,83.0,Application denied
1,365000.0,>60%,455000.0,72.0,1,Not Hispanic or Latino,Black or African American,Male,55-64,80.0,Application denied
1,235000.0,47,365000.0,93.0,1,Hispanic or Latino,White,Female,55-64,64.712,Loan originated
1,725000.0,49,805000.0,175.0,1,Not Hispanic or Latino,White,Male,45-54,90.0,Loan originated
1,765000.0,38,1755000.0,276.0,1,Not Hispanic or Latino,Asian,Female,45-54,43.8,Loan originated
1,415000.0,20%-<30%,1115000.0,235.0,1,Not Hispanic or Latino,Asian,Female,25-34,36.673,Loan originated
1,235000.0,49,235000.0,84.0,1,Hispanic or Latino,White,Female,25-34,100.0,Loan originated
1,495000.0,50%-60%,515000.0,120.0,1,Not Hispanic or Latino,Asian,Female,45-54,97.0,Application denied
1,425000.0,42,505000.0,143.0,1,Not Hispanic or Latino,Asian,Female,55-64,85.0,Loan originated
1,425000.0,42,615000.0,159.0,1,Not Hispanic or Latino,Asian,Female,45-54,70.0,Loan originated
1,555000.0,38,615000.0,194.0,1,Not Hispanic or Latino,White,Female,55-64,90.0,Loan originated
1,905000.0,43,1355000.0,241.0,1,Not Hispanic or Latino,White,Female,35-44,66.667,Loan originated
1,725000.0,45,805000.0,186.0,1,Not Hispanic or Latino,Asian,Male,25-34,90.0,Loan originated
1,585000.0,30%-<36%,735000.0,181.0,1,Not Hispanic or Latino,White,Male,25-34,80.0,Loan originated
1,535000.0,49,565000.0,121.0,1,Not Hispanic or Latino,Asian,Female,35-44,95.0,Loan originated
1,555000.0,44,745000.0,110.0,1,Hispanic or Latino,White,Male,25-34,75.0,Loan originated
1,405000.0,20%-<30%,675000.0,144.0,1,Hispanic or Latino,Asian,Female,<25,60.0,Loan originated
1,665000.0,30%-<36%,865000.0,210.0,1,Not Hispanic or Latino,Asian,Male,45-54,77.008,Loan originated
1,195000.0,48,495000.0,59.0,1,Not Hispanic or Latino,White,Female,55-64,38.815,Loan originated
1,305000.0,36,765000.0,134.0,1,Not Hispanic or Latino,White,Female,45-54,39.113,Loan originated
1,745000.0,47,825000.0,168.0,1,Not Hispanic or Latino,White,Male,35-44,89.7,Loan originated
1,1005000.0,42,1255000.0,231.0,1,Not Hispanic or Latino,White,Female,25-34,80.0,Loan originated
1,675000.0,44,805000.0,161.0,1,Not Hispanic or Latino,White,Male,45-54,83.75,Loan originated
1,425000.0,47,535000.0,113.0,1,Not Hispanic or Latino,White,Female,25-34,80.0,Loan originated
1,15000.0,30%-<36%,485000.0,126.0,1,Not Hispanic or Latino,Asian,Male,35-44,100.0,Loan originated
1,555000.0,38,685000.0,234.0,1,Not Hispanic or Latino,White,Male,25-34,80.0,Loan originated
1,475000.0,20%-<30%,505000.0,279.0,1,Hispanic or Latino,White,Male,25-34,95.0,Loan originated
1,1045000.0,42,1705000.0,278.0,1,Not Hispanic or Latino,Asian,Male,45-54,61.4,Loan originated
1,505000.0,46,565000.0,163.0,1,Not Hispanic or Latino,Asian,Male,25-34,90.0,Loan originated
1,455000.0,49,535000.0,87.0,1,Not Hispanic or Latino,White,Female,35-44,88.0,Loan originated
1,265000.0,<20%,815000.0,921.0,1,Not Hispanic or Latino,White,Female,45-54,32.716,Loan originated
1,405000.0,45,565000.0,166.0,1,Not Hispanic or Latino,White,Male,45-54,71.429,Loan originated
1,625000.0,39,3525000.0,233.0,1,Not Hispanic or Latino,Asian,Male,35-44,17.61,Loan originated
1,235000.0,43,685000.0,83.0,1,Not Hispanic or Latino,White,Male,35-44,100.0,Loan originated
1,545000.0,43,665000.0,246.0,1,Not Hispanic or Latino,White,Male,25-34,81.818,Loan originated
1,1065000.0,>60%,1185000.0,203.0,1,Not Hispanic or Latino,Asian,Male,25-34,90.0,Application denied
1,295000.0,47,305000.0,57.0,1,Hispanic or Latino,White,Male,35-44,100.0,Application denied
1,125000.0,47,155000.0,48.0,1,Hispanic or Latino,White,Female,25-34,80.0,Loan originated
1,1145000.0,30%-<36%,1425000.0,467.0,1,Not Hispanic or Latino,Asian,Male,35-44,80.0,Loan originated
1,1055000.0,40,1315000.0,317.0,1,Not Hispanic or Latino,White,Female,35-44,80.0,Loan originated
1,545000.0,49,665000.0,112.0,1,Not Hispanic or Latino,Black or African American,Male,55-64,102.65,Loan originated
1,685000.0,39,825000.0,200.0,1,Not Hispanic or Latino,White,Female,25-34,83.293,Loan originated
1,245000.0,49,255000.0,59.0,1,Hispanic or Latino,White,Male,25-34,97.0,Loan originated
1,535000.0,30%-<36%,825000.0,139.0,1,Not Hispanic or Latino,Asian,Female,25-34,65.488,Loan originated
1,495000.0,43,615000.0,160.0,1,Hispanic or Latino,White,Female,55-64,79.391,Loan originated
1,555000.0,39,625000.0,197.0,1,Not Hispanic or Latino,Black or African American,Male,55-64,90.0,Application denied
1,355000.0,41,495000.0,84.0,1,Not Hispanic or Latino,Asian,Male,55-64,70.565,Loan originated
1,315000.0,48,555000.0,71.0,1,Not Hispanic or Latino,Asian,Male,45-54,82.273,Loan originated
1,255000.0,30%-<36%,415000.0,74.0,1,Hispanic or Latino,White,Male,45-54,60.976,Loan originated
1,185000.0,38,575000.0,59.0,1,Hispanic or Latino,White,Male,25-34,32.982,Loan originated
1,845000.0,20%-<30%,1215000.0,374.0,1,Not Hispanic or Latino,White,Female,45-54,70.0,Loan originated
1,505000.0,20%-<30%,1115000.0,196.0,1,Not Hispanic or Latino,White,Male,45-54,44.843,Loan originated
1,725000.0,>60%,1455000.0,248.0,1,Not Hispanic or Latino,Black or African American,Female,45-54,50.0,Loan originated
1,1005000.0,40,1675000.0,235.0,1,Not Hispanic or Latino,Asian,Female,25-34,59.71,Loan originated
1,465000.0,49,515000.0,103.0,1,Hispanic or Latino,White,Female,25-34,89.981,Loan originated
1,755000.0,49,845000.0,349.0,1,Not Hispanic or Latino,White,Male,35-44,90.0,Loan originated
1,525000.0,46,665000.0,106.0,1,Not Hispanic or Latino,American Indian or Alaska Native,Female,45-54,80.0,Loan originated
1,485000.0,44,605000.0,149.0,1,Not Hispanic or Latino,Asian,Male,45-54,80.0,Loan originated
1,505000.0,39,685000.0,150.0,1,Not Hispanic or Latino,White,Male,>74,72.714,Loan originated
1,415000.0,30%-<36%,435000.0,126.0,1,Hispanic or Latino,White,Male,25-34,95.0,Loan originated
1,875000.0,48,1275000.0,196.0,1,Not Hispanic or Latino,White,Female,35-44,68.504,Loan originated
1,125000.0,36,465000.0,238.0,1,Hispanic or Latino,White,Male,55-64,26.69,Loan originated
1,485000.0,37,665000.0,130.0,1,Not Hispanic or Latino,Asian,Male,<25,73.292,Loan originated
1,405000.0,40,875000.0,139.0,1,Not Hispanic or Latino,Asian,Female,35-44,46.0,Loan originated
1,435000.0,45,475000.0,92.0,1,Hispanic or Latino,White,Male,<25,89.979,Loan originated
1,425000.0,45,535000.0,141.0,1,Hispanic or Latino,American Indian or Alaska Native,Male,45-54,80.0,Loan originated
1,535000.0,46,595000.0,131.0,1,Not Hispanic or Latino,Asian,Female,25-34,90.0,Loan originated
1,395000.0,49,465000.0,83.0,1,Hispanic or Latino,White,Male,25-34,85.0,Loan originated
1,725000.0,45,915000.0,185.0,1,Not Hispanic or Latino,Asian,Male,45-54,80.0,Loan originated
1,655000.0,50%-60%,685000.0,135.0,1,Hispanic or Latino,White,Female,35-44,94.994,Loan originated
1,705000.0,<20%,775000.0,412.0,1,Not Hispanic or Latino,White,Male,25-34,90.0,Loan originated
1,485000.0,42,845000.0,126.0,1,Not Hispanic or Latino,White,Male,45-54,57.58,Loan originated
1,965000.0,43,1205000.0,264.0,1,Not Hispanic or Latino,White,Female,35-44,80.0,Loan originated
1,345000.0,44,685000.0,8.0,1,Not Hispanic or Latino,Asian,Female,35-44,50.15,Loan originated
1,445000.0,49,555000.0,142.0,1,Not Hispanic or Latino,Asian,Female,45-54,80.0,Loan originated
1,575000.0,49,985000.0,127.0,1,Not Hispanic or Latino,Asian,Male,35-44,58.67,Loan originated
1,345000.0,45,465000.0,90.0,1,Not Hispanic or Latino,White,Male,25-34,75.0,Loan originated
1,475000.0,45,595000.0,57.0,1,Not Hispanic or Latino,White,Female,>74,80.0,Loan originated
1,635000.0,20%-<30%,805000.0,308.0,1,Not Hispanic or Latino,Asian,Female,45-54,80.0,Loan originated
1,205000.0,38,335000.0,104.0,1,Not Hispanic or Latino,White,Female,35-44,60.61,Loan originated
1,585000.0,30%-<36%,1385000.0,231.0,1,Not Hispanic or Latino,White,Male,25-34,42.238,Loan originated
1,855000.0,36,1205000.0,315.0,1,Not Hispanic or Latino,White,Female,35-44,71.0,Loan originated
1,495000.0,43,615000.0,121.0,1,Not Hispanic or Latino,Black or African American,Female,25-34,80.0,Loan originated
1,785000.0,20%-<30%,1055000.0,339.0,1,Not Hispanic or Latino,Asian,Female,45-54,75.0,Loan originated
1,755000.0,30%-<36%,1755000.0,395.0,1,Not Hispanic or Latino,White,Male,55-64,42.86,Loan originated
1,175000.0,30%-<36%,705000.0,76.0,1,Hispanic or Latino,White,Female,35-44,25.0,Loan originated
1,585000.0,50%-60%,665000.0,120.0,1,Not Hispanic or Latino,Black or African American,Female,35-44,89.242,Application denied
1,395000.0,46,645000.0,129.0,1,Not Hispanic or Latino,White,Male,35-44,60.47,Loan originated
1,515000.0,46,645000.0,168.0,1,Not Hispanic or Latino,Black or African American,Female,45-54,80.0,Loan originated
1,445000.0,48,555000.0,200.0,1,Not Hispanic or Latino,White,Male,45-54,80.0,Loan originated
1,455000.0,45,575000.0,115.0,1,Not Hispanic or Latino,Asian,Female,25-34,80.0,Loan originated
1,295000.0,20%-<30%,375000.0,134.0,1,Not Hispanic or Latino,White,Male,25-34,80.0,Loan originated
1,585000.0,42,985000.0,408.0,1,Not Hispanic or Latino,White,Female,25-34,60.0,Loan originated
1,175000.0,40,1105000.0,70.0,1,Not Hispanic or Latino,White,Female,65-74,15.455,Loan originated
1,315000.0,45,455000.0,72.0,1,Not Hispanic or Latino,Asian,Female,35-44,70.0,Loan originated
1,375000.0,39,425000.0,109.0,1,Not Hispanic or Latino,White,Male,25-34,88.12,Loan originated
1,435000.0,47,465000.0,115.0,1,Hispanic or Latino,White,Male,35-44,95.0,Loan originated
1,335000.0,50%-60%,355000.0,107.0,1,Hispanic or Latino,White,Female,45-54,95.0,Application denied
1,475000.0,49,905000.0,147.0,1,Not Hispanic or Latino,White,Female,65-74,53.0,Loan originated
1,495000.0,37,625000.0,145.0,1,Not Hispanic or Latino,White,Female,45-54,80.0,Loan originated
1,765000.0,49,2255000.0,181.0,1,Not Hispanic or Latino,White,Female,65-74,34.09,Loan originated
1,535000.0,36,835000.0,176.0,1,Not Hispanic or Latino,Asian,Female,45-54,63.855,Loan originated
1,245000.0,48,315000.0,61.0,1,Not Hispanic or Latino,Asian,Male,55-64,80.0,Loan originated
1,425000.0,49,455000.0,85.0,1,Hispanic or Latino,White,Male,45-54,95.0,Loan originated
1,755000.0,30%-<36%,1005000.0,252.0,1,Not Hispanic or Latino,Asian,Female,25-34,75.0,Loan originated
1,485000.0,40,515000.0,181.0,1,Not Hispanic or Latino,Black or African American,Female,35-44,95.0,Loan originated
1,645000.0,48,805000.0,220.0,1,Not Hispanic or Latino,Asian,Female,45-54,80.0,Loan originated
1,405000.0,41,425000.0,113.0,1,Not Hispanic or Latino,White,Male,55-64,97.0,Loan originated
1,555000.0,49,575000.0,121.0,1,Not Hispanic or Latino,White,Male,25-34,100.0,Loan originated
1,415000.0,44,435000.0,108.0,1,Hispanic or Latino,White,Female,25-34,95.0,Loan originated
1,355000.0,49,445000.0,81.0,1,Not Hispanic or Latino,White,Male,55-64,80.0,Loan originated
1,675000.0,49,845000.0,165.0,1,Not Hispanic or Latino,White,Male,>74,80.0,Loan originated
1,335000.0,49,425000.0,65.0,1,Not Hispanic or Latino,Asian,Male,35-44,81.0,Loan originated
1,345000.0,49,375000.0,67.0,1,Not Hispanic or Latino,Asian,Female,25-34,93.0,Loan originated
1,675000.0,48,755000.0,210.0,1,Not Hispanic or Latino,White,Male,25-34,90.0,Loan originated
1,985000.0,41,1235000.0,240.0,1,Not Hispanic or Latino,White,Male,25-34,80.0,Loan originated
1,635000.0,49,705000.0,130.0,1,Not Hispanic or Latino,White,Female,25-34,90.0,Loan originated
1,655000.0,41,875000.0,156.0,1,Not Hispanic or Latino,Asian,Male,35-44,75.0,Loan originated
1,605000.0,48,1485000.0,167.0,1,Not Hispanic or Latino,Asian,Female,45-54,40.541,Loan originated
1,505000.0,47,535000.0,107.0,1,Hispanic or Latino,White,Male,55-64,94.5,Loan originated
1,815000.0,45,1025000.0,205.0,1,Not Hispanic or Latino,White,Male,25-34,80.0,Loan originated
1,335000.0,43,455000.0,93.0,1,Hispanic or Latino,White,Female,25-34,94.47,Loan originated
1,435000.0,45,455000.0,132.0,1,Hispanic or Latino,White,Male,45-54,97.0,Loan originated
1,385000.0,42,515000.0,136.0,1,Hispanic or Latino,White,Male,25-34,74.76,Application denied
1,225000.0,>60%,345000.0,51.0,1,Not Hispanic or Latino,White,Female,65-74,66.0,Application denied
1,845000.0,40,1295000.0,205.0,1,Not Hispanic or Latino,Asian,Male,35-44,65.251,Loan originated
1,545000.0,30%-<36%,775000.0,405.0,1,Not Hispanic or Latino,Asian,Female,45-54,70.0,Loan originated
1,675000.0,50%-60%,845000.0,144.0,1,Hispanic or Latino,White,Male,25-34,80.0,Application denied
1,975000.0,40,1155000.0,239.0,1,Not Hispanic or Latino,Asian,Male,35-44,85.0,Loan originated
1,645000.0,45,895000.0,136.0,1,Not Hispanic or Latino,Black or African American,Male,<25,72.07,Loan originated
1,385000.0,44,405000.0,104.0,1,Not Hispanic or Latino,Native Hawaiian or Other Pacific Islander,Female,25-34,95.0,Loan originated
1,885000.0,30%-<36%,1105000.0,260.0,1,Not Hispanic or Latino,Asian,Male,25-34,80.0,Loan originated
1,205000.0,30%-<36%,255000.0,100.0,1,Not Hispanic or Latino,White,Female,45-54,80.0,Loan originated
1,445000.0,20%-<30%,645000.0,226.0,1,Not Hispanic or Latino,Black or African American,Female,55-64,68.906,Loan originated
1,405000.0,42,455000.0,87.0,1,Not Hispanic or Latino,Black or African American,Male,25-34,90.0,Loan originated
1,505000.0,20%-<30%,625000.0,202.0,1,Hispanic or Latino,White,Female,45-54,80.0,Loan originated
1,655000.0,<20%,825000.0,542.0,1,Not Hispanic or Latino,White,Male,25-34,80.0,Loan originated
1,475000.0,48,625000.0,95.0,1,Not Hispanic or Latino,Asian,Female,25-34,95.0,Loan originated
1,365000.0,50%-60%,425000.0,67.0,1,Not Hispanic or Latino,Asian,Female,25-34,86.824,Application denied
1,545000.0,20%-<30%,605000.0,186.0,1,Not Hispanic or Latino,Asian,Male,35-44,90.0,Loan originated
1,725000.0,50%-60%,805000.0,150.0,1,Hispanic or Latino,White,Female,35-44,90.0,Loan originated
1,225000.0,43,525000.0,72.0,1,Hispanic or Latino,White,Female,<25,43.0,Loan originated
1,455000.0,39,605000.0,131.0,1,Not Hispanic or Latino,Asian,Male,25-34,75.971,Loan originated
1,565000.0,49,915000.0,122.0,1,Hispanic or Latino,White,Male,25-34,61.749,Loan originated
1,445000.0,41,495000.0,103.0,1,Hispanic or Latino,White,Female,25-34,90.0,Loan originated
1,795000.0,49,995000.0,301.0,1,Not Hispanic or Latino,White,Male,25-34,80.0,Loan originated
1,495000.0,30%-<36%,705000.0,205.0,1,Not Hispanic or Latino,Asian,Female,35-44,70.0,Loan originated
1,465000.0,49,585000.0,108.0,1,Hispanic or Latino,White,Male,25-34,80.0,Loan originated
1,525000.0,49,655000.0,130.0,1,Hispanic or Latino,White,Female,45-54,80.0,Loan originated
1,705000.0,49,805000.0,129.0,1,Not Hispanic or Latino,Asian,Female,35-44,86.957,Loan originated
1,235000.0,38,1405000.0,120.0,1,Not Hispanic or Latino,White,Male,35-44,16.429,Loan originated
1,105000.0,>60%,325000.0,39.0,1,Hispanic or Latino,White,Female,55-64,30.49,Application denied
1,465000.0,<20%,575000.0,218.0,1,Not Hispanic or Latino,White,Male,25-34,79.965,Loan originated
1,345000.0,30%-<36%,645000.0,103.0,1,Not Hispanic or Latino,White,Male,25-34,54.0,Loan originated
1,765000.0,38,1075000.0,203.0,1,Not Hispanic or Latino,Asian,Male,25-34,71.589,Loan originated
1,315000.0,<20%,925000.0,221.0,1,Not Hispanic or Latino,White,Female,35-44,34.054,Application denied
1,325000.0,49,915000.0,95.0,1,Not Hispanic or Latino,Asian,Male,35-44,34.973,Loan originated
1,545000.0,44,675000.0,116.0,1,Not Hispanic or Latino,Asian,Male,45-54,80.0,Loan originated
1,105000.0,20%-<30%,435000.0,54.0,1,Not Hispanic or Latino,Asian,Female,65-74,24.419,Loan originated
1,525000.0,37,555000.0,150.0,1,Not Hispanic or Latino,White,Female,35-44,95.0,Loan originated
1,185000.0,30%-<36%,2535000.0,471.0,1,Not Hispanic or Latino,White,Male,45-54,89.98,Loan originated
1,145000.0,44,155000.0,91.0,1,Not Hispanic or Latino,White,Male,25-34,95.0,Application denied
1,735000.0,44,1435000.0,177.0,1,Not Hispanic or Latino,Asian,Female,25-34,51.049,Loan originated
1,585000.0,<20%,735000.0,141.0,1,Not Hispanic or Latino,Asian,Male,35-44,79.9,Loan originated
1,625000.0,30%-<36%,665000.0,318.0,1,Not Hispanic or Latino,Black or African American,Male,65-74,95.0,Loan originated
1,1095000.0,42,1405000.0,258.0,1,Not Hispanic or Latino,Asian,Male,35-44,77.825,Loan originated
1,415000.0,30%-<36%,585000.0,134.0,1,Not Hispanic or Latino,White,Female,25-34,70.0,Loan originated
1,385000.0,48,555000.0,247.0,1,Hispanic or Latino,Asian,Male,35-44,84.946,Loan originated
1,555000.0,39,1895000.0,394.0,1,Not Hispanic or Latino,White,Male,45-54,29.02,Loan originated
1,495000.0,39,575000.0,124.0,1,Not Hispanic or Latino,White,Male,35-44,86.087,Loan originated
1,465000.0,30%-<36%,525000.0,160.0,1,Hispanic or Latino,White,Female,25-34,88.0,Loan originated
1,495000.0,30%-<36%,665000.0,186.0,1,Not Hispanic or Latino,White,Male,25-34,75.0,Loan originated
1,415000.0,45,465000.0,94.0,1,Hispanic or Latino,White,Male,45-54,90.0,Loan originated
1,685000.0,39,725000.0,190.0,1,Hispanic or Latino,White,Male,35-44,95.0,Loan originated
1,615000.0,49,1455000.0,124.0,1,Not Hispanic or Latino,White,Female,55-64,42.414,Loan originated
1,335000.0,45,355000.0,82.0,1,Not Hispanic or Latino,White,Female,55-64,95.0,Loan originated
1,585000.0,48,1005000.0,144.0,1,Not Hispanic or Latino,Asian,Male,25-34,57.666,Loan originated
1,725000.0,47,765000.0,271.0,1,Not Hispanic or Latino,Asian,Female,25-34,95.0,Loan originated
1,355000.0,49,455000.0,75.0,1,Hispanic or Latino,White,Female,65-74,78.889,Loan originated
1,135000.0,47,235000.0,61.0,1,Hispanic or Latino,White,Female,25-34,56.522,Loan originated
1,185000.0,20%-<30%,285000.0,153.0,1,Hispanic or Latino,White,Male,25-34,66.926,Loan originated
1,685000.0,49,805000.0,129.0,1,Hispanic or Latino,White,Male,25-34,85.0,Loan originated
1,485000.0,37,615000.0,313.0,1,Hispanic or Latino,White,Male,45-54,80.0,Loan originated
1,375000.0,30%-<36%,395000.0,124.0,1,Not Hispanic or Latino,White,Male,25-34,95.0,Loan originated
1,135000.0,30%-<36%,145000.0,58.0,1,Hispanic or Latino,White,Male,25-34,96.18,Application denied
1,485000.0,49,545000.0,119.0,1,Hispanic or Latino,White,Male,45-54,90.0,Loan originated
1,375000.0,41,395000.0,90.0,1,Hispanic or Latino,White,Male,35-44,97.0,Loan originated
1,485000.0,49,575000.0,105.0,1,Hispanic or Latino,White,Male,35-44,85.0,Loan originated
1,275000.0,38,575000.0,88.0,1,Not Hispanic or Latino,Asian,Male,65-74,48.187,Loan originated
1,455000.0,47,475000.0,98.0,1,Hispanic or Latino,White,Male,<25,100.0,Loan originated
1,475000.0,49,1075000.0,128.0,1,Not Hispanic or Latino,White,Male,55-64,44.57,Loan originated
1,415000.0,49,555000.0,154.0,1,Not Hispanic or Latino,White,Female,45-54,74.91,Loan originated
1,1015000.0,42,1265000.0,247.0,1,Not Hispanic or Latino,Asian,Female,25-34,80.0,Loan originated
1,375000.0,43,385000.0,84.0,1,Not Hispanic or Latino,White,Male,35-44,100.0,Loan originated
1,555000.0,38,605000.0,146.0,1,Not Hispanic or Latino,Black or African American,Male,25-34,96.132,Loan originated
1,245000.0,42,255000.0,71.0,1,Not Hispanic or Latino,White,Female,25-34,100.0,Loan originated
1,265000.0,41,305000.0,64.0,1,Hispanic or Latino,White,Female,55-64,86.885,Loan originated
1,405000.0,42,425000.0,99.0,1,Hispanic or Latino,White,Female,25-34,94.824,Application denied
1,165000.0,50%-60%,375000.0,46.0,1,Not Hispanic or Latino,White,Female,65-74,43.536,Loan originated
1,455000.0,43,515000.0,122.0,1,Not Hispanic or Latino,White,Male,25-34,90.0,Loan originated
1,185000.0,45,215000.0,44.0,1,Hispanic or Latino,White,Male,25-34,90.0,Loan originated
1,725000.0,44,765000.0,181.0,1,Not Hispanic or Latino,Asian,Female,45-54,95.0,Loan originated
1,985000.0,45,1235000.0,207.0,1,Hispanic or Latino,White,Male,25-34,80.0,Loan originated
1,845000.0,39,1055000.0,338.0,1,Not Hispanic or Latino,White,Male,55-64,80.0,Loan originated
1,165000.0,20%-<30%,455000.0,88.0,1,Not Hispanic or Latino,White,Female,45-54,36.562,Loan originated
1,155000.0,>60%,285000.0,20.0,1,Hispanic or Latino,White,Male,55-64,52.76,Application denied
1,1085000.0,48,1355000.0,297.0,1,Not Hispanic or Latino,White,Female,55-64,80.0,Loan originated
1,455000.0,49,605000.0,111.0,1,Hispanic or Latino,White,Male,35-44,75.0,Application denied
1,1135000.0,>60%,1615000.0,46.0,1,Not Hispanic or Latino,Asian,Male,45-54,70.0,Application denied
1,1145000.0,47,1465000.0,27.0,1,Not Hispanic or Latino,White,Female,35-44,78.755,Loan originated
1,465000.0,30%-<36%,495000.0,159.0,1,Not Hispanic or Latino,White,Male,25-34,94.0,Loan originated
1,535000.0,47,575000.0,187.0,1,Not Hispanic or Latino,White,Female,35-44,94.0,Loan originated
1,405000.0,30%-<36%,495000.0,183.0,1,Not Hispanic or Latino,White,Female,25-34,81.633,Loan originated
1,655000.0,49,815000.0,159.0,1,Not Hispanic or Latino,Black or African American,Male,>74,80.0,Loan originated
1,875000.0,47,975000.0,229.0,1,Not Hispanic or Latino,White,Female,45-54,90.0,Loan originated
1,925000.0,50%-60%,975000.0,191.0,1,Not Hispanic or Latino,White,Female,45-54,95.0,Application denied
1,945000.0,50%-60%,975000.0,185.0,1,Hispanic or Latino,White,Male,25-34,97.0,Loan originated
1,665000.0,46,835000.0,320.0,1,Not Hispanic or Latino,Asian,Female,35-44,80.0,Loan originated
1,645000.0,<20%,815000.0,561.0,1,Not Hispanic or Latino,Asian,Female,45-54,80.0,Loan originated
1,455000.0,48,475000.0,95.0,1,Not Hispanic or Latino,White,Male,35-44,95.0,Loan originated
1,635000.0,47,795000.0,174.0,1,Not Hispanic or Latino,Asian,Male,25-34,79.99,Loan originated
1,1145000.0,48,1285000.0,265.0,1,Not Hispanic or Latino,White,Female,35-44,89.626,Loan originated
1,675000.0,>60%,855000.0,120.0,1,Not Hispanic or Latino,White,Female,35-44,78.817,Loan originated
1,935000.0,43,1285000.0,222.0,1,Not Hispanic or Latino,Asian,Male,35-44,72.684,Loan originated
1,445000.0,43,475000.0,146.0,1,Not Hispanic or Latino,White,Female,45-54,95.0,Loan originated
1,1145000.0,49,1745000.0,286.0,1,Not Hispanic or Latino,White,Male,55-64,65.893,Loan originated
1,305000.0,49,1305000.0,106.0,1,Not Hispanic or Latino,White,Male,55-64,24.0,Loan originated
1,975000.0,37,1225000.0,271.0,1,Not Hispanic or Latino,Asian,Male,55-64,80.0,Loan originated
1,265000.0,48,295000.0,52.0,1,Hispanic or Latino,White,Female,<25,91.0,Loan originated
1,605000.0,45,825000.0,245.0,1,Not Hispanic or Latino,Asian,Male,35-44,72.728,Loan originated
1,315000.0,41,385000.0,120.0,1,Not Hispanic or Latino,White,Male,65-74,79.99,Loan originated
1,465000.0,47,485000.0,89.0,1,Not Hispanic or Latino,Black or African American,Female,35-44,95.0,Loan originated
1,1145000.0,42,1435000.0,260.0,1,Not Hispanic or Latino,White,Male,25-34,80.0,Loan originated
1,865000.0,30%-<36%,1085000.0,306.0,1,Not Hispanic or Latino,Asian,Male,25-34,79.915,Loan originated
1,435000.0,44,885000.0,114.0,1,Hispanic or Latino,Asian,Male,65-74,48.864,Loan originated
1,525000.0,<20%,745000.0,793.0,1,Not Hispanic or Latino,Asian,Male,35-44,70.0,Loan originated
1,495000.0,42,595000.0,120.0,1,Not Hispanic or Latino,White,Male,55-64,83.306,Loan originated
1,455000.0,30%-<36%,535000.0,199.0,1,Not Hispanic or Latino,Asian,Female,55-64,85.0,Loan originated
1,605000.0,20%-<30%,1005000.0,239.0,1,Not Hispanic or Latino,Asian,Female,35-44,60.0,Loan originated
1,305000.0,30%-<36%,515000.0,469.0,1,Not Hispanic or Latino,White,Female,25-34,60.0,Loan originated
1,595000.0,38,1325000.0,210.0,1,Not Hispanic or Latino,Asian,Female,25-34,45.0,Loan originated
1,525000.0,30%-<36%,655000.0,174.0,1,Not Hispanic or Latino,White,Male,35-44,80.0,Loan originated
1,405000.0,43,1535000.0,202.0,1,Not Hispanic or Latino,White,Male,65-74,26.093,Loan originated
1,765000.0,41,805000.0,197.0,1,Not Hispanic or Latino,White,Female,25-34,94.753,Loan originated
1,375000.0,30%-<36%,395000.0,126.0,1,Not Hispanic or Latino,White,Male,55-64,97.0,Loan originated
1,685000.0,<20%,855000.0,457.0,1,Not Hispanic or Latino,White,Male,25-34,80.0,Loan originated
1,355000.0,42,405000.0,97.0,1,Not Hispanic or Latino,White,Male,25-34,88.0,Loan originated
1,595000.0,47,745000.0,130.0,1,Not Hispanic or Latino,Black or African American,Male,35-44,100.0,Loan originated
1,505000.0,45,535000.0,109.0,1,Not Hispanic or Latino,Asian,Male,25-34,95.0,Loan originated
1,135000.0,20%-<30%,165000.0,108.0,1,Hispanic or Latino,White,Male,35-44,80.0,Loan originated
1,265000.0,43,315000.0,60.0,1,Hispanic or Latino,White,Male,<25,86.0,Loan originated
1,525000.0,20%-<30%,655000.0,204.0,1,Not Hispanic or Latino,Asian,Male,35-44,80.0,Loan originated
1,775000.0,47,825000.0,147.0,1,Hispanic or Latino,White,Male,45-54,95.0,Loan originated
1,225000.0,49,315000.0,62.0,1,Hispanic or Latino,White,Female,55-64,104.1,Loan originated
1,235000.0,39,435000.0,80.0,1,Hispanic or Latino,White,Female,55-64,54.02,Loan originated
1,645000.0,30%-<36%,755000.0,190.0,1,Not Hispanic or Latino,Asian,Male,35-44,85.0,Loan originated
1,815000.0,46,855000.0,208.0,1,Hispanic or Latino,White,Female,35-44,95.0,Loan originated
1,395000.0,40,445000.0,110.0,1,Not Hispanic or Latino,White,Male,25-34,90.0,Loan originated
1,475000.0,49,595000.0,121.0,1,Hispanic or Latino,White,Female,35-44,80.0,Loan originated
1,585000.0,30%-<36%,645000.0,180.0,1,Not Hispanic or Latino,Asian,Male,25-34,90.0,Loan originated
1,245000.0,45,575000.0,82.0,1,Not Hispanic or Latino,White,Female,65-74,41.772,Loan originated
1,615000.0,39,655000.0,161.0,1,Not Hispanic or Latino,Asian,Male,45-54,95.0,Loan originated
1,865000.0,39,1705000.0,305.0,1,Not Hispanic or Latino,White,Male,35-44,90.0,Loan originated
1,145000.0,45,515000.0,51.0,1,Not Hispanic or Latino,White,Male,65-74,27.184,Loan originated
1,925000.0,30%-<36%,1035000.0,264.0,1,Not Hispanic or Latino,White,Female,35-44,90.0,Loan originated
1,415000.0,20%-<30%,425000.0,79.0,1,Hispanic or Latino,White,Female,35-44,97.67,Application denied
1,575000.0,43,675000.0,176.0,1,Not Hispanic or Latino,Black or African American,Female,35-44,85.0,Loan originated
1,1005000.0,30%-<36%,1705000.0,356.0,1,Not Hispanic or Latino,White,Female,55-64,58.62,Loan originated
1,265000.0,49,265000.0,57.0,1,Not Hispanic or Latino,Black or African American,Female,55-64,97.0,Loan originated
1,305000.0,40,315000.0,78.0,1,Hispanic or Latino,White,Male,35-44,100.0,Loan originated
1,735000.0,47,1085000.0,179.0,1,Not Hispanic or Latino,White,Male,55-64,67.593,Loan originated
1,375000.0,45,465000.0,92.0,1,Hispanic or Latino,White,Female,35-44,80.0,Loan originated
1,595000.0,30%-<36%,705000.0,226.0,1,Hispanic or Latino,White,Female,55-64,85.0,Loan originated
1,445000.0,20%-<30%,555000.0,202.0,1,Not Hispanic or Latino,Asian,Male,35-44,80.0,Loan originated
1,935000.0,50%-60%,1045000.0,175.0,1,Hispanic or Latino,White,Male,35-44,90.0,Application denied
1,355000.0,49,475000.0,84.0,1,Not Hispanic or Latino,Black or African American,Male,45-54,75.0,Loan originated
1,825000.0,42,1105000.0,194.0,1,Hispanic or Latino,White,Male,25-34,75.0,Loan originated
1,525000.0,30%-<36%,655000.0,155.0,1,Hispanic or Latino,White,Female,45-54,80.0,Loan originated
1,605000.0,20%-<30%,1305000.0,288.0,1,Not Hispanic or Latino,White,Male,55-64,46.154,Loan originated
1,505000.0,44,505000.0,149.0,1,Not Hispanic or Latino,Black or African American,Female,25-34,100.0,Loan originated
1,745000.0,47,995000.0,310.0,1,Not Hispanic or Latino,White,Male,55-64,75.0,Loan originated
1,555000.0,20%-<30%,745000.0,278.0,1,Not Hispanic or Latino,Asian,Male,45-54,79.689,Loan originated
1,765000.0,44,825000.0,220.0,1,Not Hispanic or Latino,Black or African American,Female,45-54,93.476,Loan originated
1,385000.0,37,415000.0,128.0,1,Not Hispanic or Latino,White,Female,55-64,95.0,Loan originated
1,345000.0,20%-<30%,425000.0,121.0,1,Not Hispanic or Latino,White,Male,35-44,80.0,Loan originated
1,645000.0,45,725000.0,163.0,1,Not Hispanic or Latino,Asian,Female,25-34,90.0,Loan originated
1,215000.0,49,245000.0,53.0,1,Not Hispanic or Latino,Black or African American,Male,55-64,90.0,Loan originated
1,395000.0,46,415000.0,157.0,1,Hispanic or Latino,White,Male,45-54,95.0,Loan originated
1,405000.0,42,425000.0,106.0,1,Hispanic or Latino,American Indian or Alaska Native,Female,45-54,95.0,Loan originated
1,435000.0,20%-<30%,545000.0,178.0,1,Hispanic or Latino,Black or African American,Male,25-34,80.0,Loan originated
1,875000.0,49,1315000.0,307.0,1,Not Hispanic or Latino,White,Male,45-54,66.54,Loan originated
1,745000.0,39,835000.0,285.0,1,Not Hispanic or Latino,Asian,Male,45-54,89.9,Loan originated
1,565000.0,39,625000.0,164.0,1,Not Hispanic or Latino,Asian,Male,25-34,90.0,Loan originated
1,235000.0,20%-<30%,435000.0,119.0,1,Not Hispanic or Latino,White,Male,35-44,53.488,Loan originated
1,345000.0,46,595000.0,125.0,1,Not Hispanic or Latino,White,Male,55-64,57.62,Loan originated
1,1125000.0,46,1185000.0,241.0,1,Not Hispanic or Latino,Asian,Male,35-44,95.0,Loan originated
1,375000.0,41,495000.0,208.0,1,Hispanic or Latino,White,Male,35-44,75.0,Loan originated
1,215000.0,48,295000.0,44.0,1,Hispanic or Latino,White,Male,35-44,75.0,Loan originated
1,615000.0,41,765000.0,163.0,1,Not Hispanic or Latino,Asian,Female,45-54,80.0,Loan originated
1,1005000.0,44,1275000.0,253.0,1,Not Hispanic or Latino,White,Female,55-64,79.0,Loan originated
1,355000.0,49,365000.0,74.0,1,Not Hispanic or Latino,White,Male,55-64,97.0,Loan originated
1,745000.0,38,925000.0,204.0,1,Not Hispanic or Latino,White,Female,35-44,80.0,Loan originated
1,435000.0,20%-<30%,745000.0,613.0,1,Not Hispanic or Latino,White,Male,45-54,59.0,Loan originated
1,385000.0,41,535000.0,101.0,1,Not Hispanic or Latino,White,Male,25-34,71.949,Loan originated
1,495000.0,48,625000.0,114.0,1,Not Hispanic or Latino,White,Male,35-44,100.0,Loan originated
1,125000.0,<20%,775000.0,181.0,1,Not Hispanic or Latino,White,Male,55-64,17.0,Loan originated
1,465000.0,45,485000.0,144.0,1,Not Hispanic or Latino,White,Male,35-44,95.0,Loan originated
1,195000.0,45,405000.0,56.0,1,Hispanic or Latino,White,Female,65-74,48.148,Loan originated
1,435000.0,37,445000.0,147.0,1,Hispanic or Latino,White,Male,45-54,100.0,Loan originated
1,505000.0,41,765000.0,160.0,1,Not Hispanic or Latino,White,Female,25-34,65.02,Loan originated
1,225000.0,30%-<36%,385000.0,121.0,1,Not Hispanic or Latino,White,Female,55-64,58.413,Loan originated
1,605000.0,48,755000.0,320.0,1,Not Hispanic or Latino,White,Female,65-74,80.0,Loan originated
1,445000.0,44,465000.0,105.0,1,Not Hispanic or Latino,Black or African American,Male,25-34,97.0,Loan originated
1,225000.0,50%-60%,305000.0,62.0,1,Hispanic or Latino,White,Female,25-34,76.0,Loan originated
1,545000.0,44,575000.0,158.0,1,Not Hispanic or Latino,Asian,Female,35-44,94.823,Loan originated
1,525000.0,49,545000.0,325.0,1,Not Hispanic or Latino,Asian,Female,35-44,95.0,Application denied
1,365000.0,41,455000.0,125.0,1,Not Hispanic or Latino,Native Hawaiian or Other Pacific Islander,Male,35-44,80.0,Loan originated
1,225000.0,46,595000.0,73.0,1,Not Hispanic or Latino,White,Male,65-74,39.0,Loan originated
1,435000.0,30%-<36%,545000.0,216.0,1,Hispanic or Latino,White,Female,35-44,80.0,Loan originated
1,845000.0,20%-<30%,1055000.0,480.0,1,Not Hispanic or Latino,Asian,Male,25-34,80.0,Loan originated
1,505000.0,47,625000.0,113.0,1,Hispanic or Latino,White,Male,45-54,100.0,Loan originated
1,1125000.0,37,1405000.0,280.0,1,Not Hispanic or Latino,Asian,Male,25-34,80.0,Loan originated
1,235000.0,41,285000.0,67.0,1,Not Hispanic or Latino,White,Female,55-64,80.0,Loan originated
1,455000.0,39,635000.0,111.0,1,Not Hispanic or Latino,Asian,Female,55-64,71.556,Loan originated
1,405000.0,20%-<30%,1375000.0,286.0,1,Not Hispanic or Latino,Asian,Male,55-64,29.091,Loan originated
1,1145000.0,39,1505000.0,341.0,1,Not Hispanic or Latino,White,Female,>74,76.6,Loan originated
1,545000.0,44,685000.0,116.0,1,Hispanic or Latino,White,Female,35-44,80.0,Loan originated
1,205000.0,37,265000.0,75.0,1,Hispanic or Latino,White,Male,55-64,80.0,Loan originated
1,595000.0,41,745000.0,260.0,1,Hispanic or Latino,2 or more minority races,Male,35-44,80.0,Loan originated
1,465000.0,48,625000.0,126.0,1,Not Hispanic or Latino,Asian,Male,25-34,74.534,Loan originated
1,525000.0,30%-<36%,655000.0,218.0,1,Not Hispanic or Latino,White,Male,65-74,80.0,Loan originated
1,355000.0,37,655000.0,121.0,1,Not Hispanic or Latino,White,Male,35-44,53.846,Loan originated
1,415000.0,40,435000.0,110.0,1,Hispanic or Latino,White,Male,45-54,97.0,Loan originated
1,765000.0,45,955000.0,192.0,1,Not Hispanic or Latino,Asian,Male,35-44,80.0,Loan originated
1,385000.0,39,475000.0,166.0,1,Not Hispanic or Latino,White,Male,45-54,80.0,Loan originated
1,1075000.0,37,1525000.0,340.0,1,Not Hispanic or Latino,White,Male,25-34,70.395,Loan originated
1,195000.0,47,205000.0,67.0,1,Not Hispanic or Latino,White,Female,<25,97.0,Loan originated
1,485000.0,36,675000.0,148.0,1,Not Hispanic or Latino,Asian,Female,55-64,71.006,Loan originated
1,725000.0,38,1025000.0,197.0,1,Not Hispanic or Latino,White,Female,55-64,70.588,Loan originated
1,415000.0,46,525000.0,91.0,1,Hispanic or Latino,White,Male,25-34,80.0,Loan originated
1,565000.0,47,595000.0,251.0,1,Hispanic or Latino,White,Male,25-34,94.887,Loan originated
1,495000.0,41,655000.0,132.0,1,Not Hispanic or Latino,White,Male,35-44,75.0,Loan originated
1,1085000.0,36,1365000.0,333.0,1,Not Hispanic or Latino,Asian,Male,25-34,80.0,Loan originated
1,365000.0,44,615000.0,113.0,1,Not Hispanic or Latino,Native Hawaiian or Other Pacific Islander,Male,35-44,59.35,Loan originated
1,105000.0,42,175000.0,28.0,1,Not Hispanic or Latino,White,Female,55-64,54.118,Application denied
1,615000.0,30%-<36%,765000.0,340.0,1,Not Hispanic or Latino,Asian,Female,35-44,80.0,Application denied
1,155000.0,41,975000.0,80.0,1,Not Hispanic or Latino,Asian,Female,45-54,15.385,Loan originated
1,535000.0,42,555000.0,155.0,1,Not Hispanic or Latino,Asian,Male,25-34,100.0,Loan originated
1,395000.0,49,525000.0,96.0,1,Not Hispanic or Latino,White,Male,25-34,75.0,Loan originated
1,565000.0,47,625000.0,140.0,1,Not Hispanic or Latino,Asian,Male,35-44,89.99,Loan originated
1,765000.0,48,1005000.0,166.0,1,Not Hispanic or Latino,Black or African American,Female,45-54,76.655,Loan originated
1,335000.0,48,355000.0,71.0,1,Hispanic or Latino,White,Male,35-44,100.0,Loan originated
1,595000.0,39,785000.0,166.0,1,Not Hispanic or Latino,Asian,Female,25-34,75.0,Loan originated
1,305000.0,20%-<30%,335000.0,132.0,1,Not Hispanic or Latino,White,Female,55-64,90.0,Loan originated
1,465000.0,47,575000.0,92.0,1,Not Hispanic or Latino,Asian,Female,35-44,80.0,Loan originated
1,765000.0,30%-<36%,1025000.0,741.0,1,Not Hispanic or Latino,Asian,Female,35-44,74.495,Loan originated
1,175000.0,20%-<30%,185000.0,72.0,1,Not Hispanic or Latino,White,Male,25-34,95.0,Loan originated
1,435000.0,41,485000.0,236.0,1,Not Hispanic or Latino,Asian,Female,35-44,90.0,Loan originated
1,565000.0,49,1365000.0,133.0,1,Not Hispanic or Latino,Asian,Male,25-34,41.39,Loan originated
1,1125000.0,42,1405000.0,265.0,1,Not Hispanic or Latino,Asian,Male,25-34,80.0,Loan originated
1,565000.0,45,595000.0,129.0,1,Hispanic or Latino,White,Female,45-54,97.521,Loan originated
1,405000.0,46,505000.0,81.0,1,Not Hispanic or Latino,Asian,Male,25-34,80.0,Loan originated
1,565000.0,49,705000.0,132.0,1,Not Hispanic or Latino,White,Female,35-44,100.0,Loan originated
1,1145000.0,44,1675000.0,250.0,1,Not Hispanic or Latino,White,Male,45-54,68.642,Loan originated
1,645000.0,47,675000.0,150.0,1,Not Hispanic or Latino,Asian,Female,25-34,95.0,Loan originated
1,475000.0,30%-<36%,505000.0,137.0,1,Not Hispanic or Latino,White,Female,25-34,94.07,Loan originated
1,825000.0,20%-<30%,1025000.0,308.0,1,Not Hispanic or Latino,Asian,Female,45-54,80.0,Loan originated
1,765000.0,40,875000.0,200.0,1,Not Hispanic or Latino,Asian,Male,<25,87.5,Loan originated
1,1085000.0,49,1885000.0,220.0,1,Not Hispanic or Latino,White,Male,45-54,57.45,Loan originated
1,275000.0,50%-60%,385000.0,52.0,1,Not Hispanic or Latino,White,Male,35-44,70.78,Loan originated
1,755000.0,49,1415000.0,174.0,1,Not Hispanic or Latino,Asian,Male,25-34,52.854,Loan originated
1,285000.0,41,365000.0,94.0,1,Not Hispanic or Latino,White,Male,25-34,80.0,Loan originated
1,435000.0,42,585000.0,104.0,1,Not Hispanic or Latino,Asian,Male,35-44,75.0,Loan originated
1,955000.0,49,1085000.0,218.0,1,Not Hispanic or Latino,White,Male,35-44,89.0,Loan originated
1,235000.0,41,405000.0,74.0,1,Not Hispanic or Latino,Black or African American,Female,65-74,57.5,Loan originated
1,605000.0,46,855000.0,143.0,1,Not Hispanic or Latino,White,Female,35-44,70.351,Loan originated
1,435000.0,37,545000.0,177.0,1,Not Hispanic or Latino,White,Male,35-44,80.0,Loan originated
1,465000.0,30%-<36%,525000.0,142.0,1,Hispanic or Latino,Asian,Male,25-34,90.0,Loan originated
1,265000.0,47,295000.0,62.0,1,Hispanic or Latino,White,Female,35-44,90.0,Loan originated
1,445000.0,40,615000.0,133.0,1,Not Hispanic or Latino,White,Male,25-34,74.958,Loan originated
1,265000.0,49,295000.0,49.0,1,Hispanic or Latino,White,Male,25-34,89.727,Loan originated
1,725000.0,20%-<30%,1455000.0,285.0,1,Not Hispanic or Latino,White,Male,35-44,49.883,Loan originated
1,305000.0,38,755000.0,143.0,1,Not Hispanic or Latino,White,Male,35-44,40.0,Loan originated
1,685000.0,49,765000.0,185.0,1,Not Hispanic or Latino,Asian,Female,45-54,89.515,Loan originated
1,395000.0,36,485000.0,215.0,1,Hispanic or Latino,American Indian or Alaska Native,Male,65-74,80.0,Loan originated
1,985000.0,46,1655000.0,283.0,1,Not Hispanic or Latino,White,Male,25-34,66.42,Loan originated
1,865000.0,46,915000.0,184.0,1,Hispanic or Latino,White,Male,25-34,98.0,Loan originated
1,265000.0,43,335000.0,61.0,1,Not Hispanic or Latino,White,Male,25-34,78.788,Loan originated
1,285000.0,50%-60%,425000.0,57.0,1,Not Hispanic or Latino,White,Male,25-34,90.0,Application denied
1,675000.0,38,875000.0,203.0,1,Not Hispanic or Latino,White,Male,45-54,78.0,Loan originated
1,465000.0,43,745000.0,152.0,1,Hispanic or Latino,White,Female,55-64,62.535,Loan originated
1,305000.0,20%-<30%,385000.0,110.0,1,Hispanic or Latino,Black or African American,Male,25-34,80.0,Loan originated
1,735000.0,44,775000.0,162.0,1,Not Hispanic or Latino,Asian,Female,25-34,95.0,Loan originated
1,405000.0,47,505000.0,84.0,1,Not Hispanic or Latino,White,Female,25-34,80.0,Loan originated
1,305000.0,45,375000.0,85.0,1,Hispanic or Latino,White,Male,45-54,80.0,Loan originated
1,585000.0,49,725000.0,182.0,1,Not Hispanic or Latino,White,Male,45-54,80.0,Loan originated
1,1145000.0,46,1475000.0,325.0,1,Not Hispanic or Latino,Asian,Male,45-54,78.0,Loan originated
1,645000.0,44,765000.0,146.0,1,Not Hispanic or Latino,White,Male,35-44,85.0,Application denied
1,385000.0,45,405000.0,145.0,1,Hispanic or Latino,White,Male,35-44,95.0,Loan originated
1,675000.0,49,715000.0,181.0,1,Not Hispanic or Latino,White,Female,65-74,96.9,Application denied
1,355000.0,48,445000.0,90.0,1,Not Hispanic or Latino,Asian,Female,35-44,80.0,Loan originated
1,765000.0,47,845000.0,204.0,1,Not Hispanic or Latino,Black or African American,Female,35-44,91.0,Loan originated
1,575000.0,48,605000.0,189.0,1,Not Hispanic or Latino,White,Female,45-54,95.0,Loan originated
1,635000.0,20%-<30%,795000.0,258.0,1,Not Hispanic or Latino,White,Male,35-44,80.0,Loan originated
1,675000.0,30%-<36%,715000.0,204.0,1,Hispanic or Latino,White,Female,35-44,95.0,Loan originated
1,625000.0,36,775000.0,181.0,1,Not Hispanic or Latino,White,Male,25-34,80.0,Loan originated
1,435000.0,39,545000.0,111.0,1,Not Hispanic or Latino,Black or African American,Female,65-74,80.0,Loan originated
1,355000.0,49,725000.0,90.0,1,Not Hispanic or Latino,Asian,Female,55-64,49.18,Loan originated
1,755000.0,<20%,1265000.0,2347.0,1,Not Hispanic or Latino,White,Male,65-74,60.0,Loan originated
1,415000.0,20%-<30%,555000.0,174.0,1,Not Hispanic or Latino,White,Female,25-34,75.0,Loan originated
1,675000.0,49,755000.0,159.0,1,Not Hispanic or Latino,Asian,Male,25-34,89.867,Loan originated
1,625000.0,50%-60%,685000.0,109.0,1,Hispanic or Latino,White,Male,45-54,90.52,Application denied
1,315000.0,48,665000.0,105.0,1,Not Hispanic or Latino,Asian,Male,25-34,48.2,Loan originated
1,455000.0,41,855000.0,150.0,1,Not Hispanic or Latino,Asian,Male,25-34,53.434,Loan originated
1,765000.0,46,855000.0,188.0,1,Hispanic or Latino,White,Male,25-34,90.0,Loan originated
1,235000.0,37,645000.0,137.0,1,Not Hispanic or Latino,White,Male,45-54,36.0,Loan originated
1,275000.0,41,615000.0,151.0,1,Not Hispanic or Latino,White,Male,25-34,45.082,Loan originated
1,135000.0,38,955000.0,79.0,1,Not Hispanic or Latino,White,Female,45-54,14.0,Loan originated
1,945000.0,30%-<36%,1265000.0,301.0,1,Not Hispanic or Latino,White,Male,25-34,75.0,Loan originated
1,605000.0,47,765000.0,271.0,1,Not Hispanic or Latino,White,Male,25-34,80.0,Loan originated
1,745000.0,20%-<30%,935000.0,295.0,1,Not Hispanic or Latino,White,Male,25-34,80.0,Loan originated
1,245000.0,20%-<30%,265000.0,101.0,1,Hispanic or Latino,White,Male,35-44,95.0,Loan originated
1,715000.0,43,895000.0,169.0,1,Not Hispanic or Latino,Asian,Male,35-44,80.0,Loan originated
1,395000.0,43,575000.0,124.0,1,Not Hispanic or Latino,White,Female,35-44,70.0,Loan originated
1,615000.0,37,775000.0,183.0,1,Not Hispanic or Latino,White,Female,25-34,80.0,Loan originated
1,655000.0,46,735000.0,136.0,1,Not Hispanic or Latino,Asian,Female,35-44,89.99,Loan originated
1,805000.0,30%-<36%,1655000.0,260.0,1,Not Hispanic or Latino,Asian,Male,35-44,48.55,Loan originated
1,645000.0,48,805000.0,144.0,1,Not Hispanic or Latino,Asian,Male,45-54,80.0,Loan originated
1,505000.0,20%-<30%,855000.0,200.0,1,Not Hispanic or Latino,Asian,Female,35-44,58.824,Loan originated
1,1065000.0,43,1335000.0,237.0,1,Not Hispanic or Latino,Asian,Female,25-34,80.0,Loan originated
1,425000.0,30%-<36%,1535000.0,245.0,1,Not Hispanic or Latino,Asian,Male,25-34,27.661,Loan originated
1,375000.0,40,475000.0,94.0,1,Not Hispanic or Latino,Asian,Female,45-54,78.791,Loan originated
1,525000.0,48,1355000.0,154.0,1,Not Hispanic or Latino,White,Female,55-64,38.889,Loan originated
1,765000.0,47,1585000.0,166.0,1,Not Hispanic or Latino,Asian,Female,65-74,48.366,Loan originated
1,525000.0,48,745000.0,136.0,1,Not Hispanic or Latino,Asian,Male,25-34,70.0,Loan originated
1,555000.0,49,1755000.0,524.0,1,Not Hispanic or Latino,Asian,Male,25-34,32.0,Loan originated
1,495000.0,40,795000.0,181.0,1,Not Hispanic or Latino,White,Male,45-54,63.0,Loan originated
1,175000.0,41,245000.0,111.0,1,Hispanic or Latino,American Indian or Alaska Native,Female,35-44,69.672,Loan originated
1,635000.0,49,955000.0,122.0,1,Hispanic or Latino,White,Female,35-44,66.91,Loan originated
1,775000.0,20%-<30%,975000.0,421.0,1,Hispanic or Latino,American Indian or Alaska Native,Male,35-44,80.0,Application denied
1,275000.0,49,455000.0,92.0,1,Not Hispanic or Latino,White,Female,25-34,61.111,Loan originated
1,635000.0,20%-<30%,705000.0,264.0,1,Hispanic or Latino,White,Female,25-34,90.0,Loan originated
1,745000.0,49,875000.0,176.0,1,Not Hispanic or Latino,Asian,Male,45-54,85.0,Loan originated
1,655000.0,38,815000.0,200.0,1,Not Hispanic or Latino,Asian,Male,35-44,80.0,Loan originated
1,445000.0,38,475000.0,131.0,1,Not Hispanic or Latino,White,Female,25-34,95.0,Loan originated
1,575000.0,45,615000.0,146.0,1,Hispanic or Latino,White,Male,25-34,95.0,Loan originated
1,505000.0,<20%,965000.0,275.0,1,Not Hispanic or Latino,White,Male,35-44,51.68,Loan originated
1,295000.0,20%-<30%,395000.0,129.0,1,Hispanic or Latino,White,Male,35-44,75.0,Loan originated
1,335000.0,48,355000.0,107.0,1,Not Hispanic or Latino,White,Female,35-44,97.0,Loan originated
1,425000.0,20%-<30%,475000.0,177.0,1,Not Hispanic or Latino,White,Female,45-54,90.0,Loan originated
1,855000.0,42,1075000.0,209.0,1,Not Hispanic or Latino,Asian,Male,35-44,80.0,Loan originated
1,805000.0,42,945000.0,207.0,1,Not Hispanic or Latino,White,Male,45-54,84.811,Loan originated
1,495000.0,50%-60%,525000.0,248.0,1,Not Hispanic or Latino,Asian,Female,25-34,95.0,Application denied
1,465000.0,44,485000.0,108.0,1,Hispanic or Latino,White,Male,35-44,95.0,Loan originated
1,385000.0,41,475000.0,110.0,1,Hispanic or Latino,White,Female,25-34,80.0,Loan originated
1,325000.0,46,545000.0,84.0,1,Not Hispanic or Latino,Asian,Female,25-34,60.0,Loan originated
1,505000.0,41,625000.0,187.0,1,Not Hispanic or Latino,White,Female,35-44,80.0,Loan originated
1,375000.0,46,535000.0,77.0,1,Not Hispanic or Latino,White,Female,35-44,70.0,Loan originated
1,595000.0,50%-60%,625000.0,133.0,1,Hispanic or Latino,White,Male,25-34,95.0,Loan originated
1,625000.0,30%-<36%,785000.0,152.0,1,Not Hispanic or Latino,Asian,Female,35-44,80.0,Loan originated
1,225000.0,37,275000.0,95.0,1,Not Hispanic or Latino,White,Male,35-44,80.0,Loan originated
1,545000.0,49,575000.0,114.0,1,Not Hispanic or Latino,American Indian or Alaska Native,Female,25-34,95.0,Loan originated
1,405000.0,45,875000.0,121.0,1,Not Hispanic or Latino,White,Female,45-54,45.98,Loan originated
1,505000.0,49,545000.0,145.0,1,Not Hispanic or Latino,White,Female,35-44,92.831,Loan originated
1,845000.0,40,895000.0,243.0,1,Hispanic or Latino,White,Male,25-34,95.0,Loan originated
1,425000.0,<20%,955000.0,278.0,1,Not Hispanic or Latino,White,Female,35-44,44.737,Loan originated
1,405000.0,<20%,505000.0,264.0,1,Hispanic or Latino,Asian,Male,25-34,80.0,Loan originated
1,345000.0,48,425000.0,76.0,1,Hispanic or Latino,White,Male,65-74,80.0,Loan originated
1,1135000.0,20%-<30%,1625000.0,536.0,1,Not Hispanic or Latino,White,Male,35-44,70.0,Loan originated
1,515000.0,48,645000.0,150.0,1,Not Hispanic or Latino,White,Female,25-34,96.0,Loan originated
1,685000.0,43,745000.0,189.0,1,Not Hispanic or Latino,White,Male,35-44,91.625,Loan originated
1,535000.0,47,565000.0,126.0,1,Hispanic or Latino,White,Male,25-34,95.0,Loan originated
1,225000.0,>60%,275000.0,43.0,1,Not Hispanic or Latino,White,Male,35-44,85.0,Application denied
1,705000.0,30%-<36%,1005000.0,209.0,1,Not Hispanic or Latino,White,Male,35-44,70.0,Loan originated
1,385000.0,48,515000.0,94.0,1,Hispanic or Latino,White,Male,25-34,74.951,Loan originated
1,435000.0,36,585000.0,162.0,1,Not Hispanic or Latino,Asian,Male,25-34,75.0,Loan originated
1,805000.0,42,855000.0,191.0,1,Not Hispanic or Latino,Native Hawaiian or Other Pacific Islander,Female,35-44,95.0,Loan originated
1,325000.0,20%-<30%,765000.0,146.0,1,Not Hispanic or Latino,Asian,Male,25-34,42.783,Loan originated
1,1005000.0,42,1355000.0,304.0,1,Not Hispanic or Latino,White,Female,55-64,74.074,Loan originated
1,445000.0,45,905000.0,92.0,1,Hispanic or Latino,White,Female,25-34,49.0,Loan originated
1,85000.0,20%-<30%,85000.0,75.0,1,Not Hispanic or Latino,Asian,Male,45-54,95.0,Loan originated
1,135000.0,30%-<36%,165000.0,83.0,1,Not Hispanic or Latino,White,Female,25-34,100.0,Loan originated
1,1105000.0,49,1225000.0,264.0,1,Not Hispanic or Latino,Asian,Female,55-64,89.959,Loan originated
1,175000.0,37,605000.0,124.0,1,Not Hispanic or Latino,White,Male,65-74,28.752,Loan originated
1,605000.0,48,755000.0,71.0,1,Hispanic or Latino,White,Female,45-54,80.0,Application denied
1,335000.0,20%-<30%,355000.0,135.0,1,Not Hispanic or Latino,Asian,Male,25-34,95.0,Loan originated
1,485000.0,46,545000.0,139.0,1,Not Hispanic or Latino,White,Female,35-44,90.0,Loan originated
1,645000.0,44,815000.0,397.0,1,Not Hispanic or Latino,Asian,Male,45-54,80.0,Loan originated
1,1145000.0,49,1515000.0,401.0,1,Hispanic or Latino,Asian,Female,25-34,75.98,Loan originated
1,255000.0,20%-<30%,585000.0,119.0,1,Not Hispanic or Latino,Asian,Female,35-44,43.59,Loan originated
1,985000.0,44,1095000.0,222.0,1,Not Hispanic or Latino,Asian,Male,35-44,89.99,Loan originated
1,895000.0,38,1895000.0,270.0,1,Not Hispanic or Latino,White,Male,35-44,47.23,Application denied
1,445000.0,30%-<36%,695000.0,156.0,1,Not Hispanic or Latino,Asian,Female,45-54,65.0,Loan originated
1,275000.0,48,455000.0,73.0,1,Hispanic or Latino,White,Female,45-54,60.0,Loan originated
1,535000.0,44,715000.0,168.0,1,Not Hispanic or Latino,Asian,Female,25-34,75.0,Loan originated
1,955000.0,44,1325000.0,239.0,1,Not Hispanic or Latino,Asian,Male,45-54,72.12,Loan originated
1,205000.0,30%-<36%,345000.0,79.0,1,Not Hispanic or Latino,White,Female,65-74,60.0,Loan originated
1,765000.0,37,1235000.0,271.0,1,Not Hispanic or Latino,White,Male,35-44,61.79,Loan originated
1,1005000.0,43,1355000.0,219.0,1,Not Hispanic or Latino,White,Male,35-44,74.07,Loan originated
1,535000.0,49,695000.0,150.0,1,Hispanic or Latino,White,Female,35-44,75.931,Application denied
1,705000.0,49,945000.0,216.0,1,Not Hispanic or Latino,Asian,Male,55-64,74.7,Loan originated
1,805000.0,36,1275000.0,243.0,1,Not Hispanic or Latino,Asian,Male,35-44,62.745,Loan originated
1,435000.0,47,465000.0,163.0,1,Hispanic or Latino,White,Male,25-34,95.0,Loan originated
1,305000.0,47,3105000.0,163.0,1,Not Hispanic or Latino,Asian,Male,65-74,10.0,Loan originated
1,425000.0,42,535000.0,152.0,1,Hispanic or Latino,White,Male,35-44,80.0,Loan originated
1,445000.0,>60%,435000.0,94.0,1,Hispanic or Latino,White,Female,35-44,101.75,Application denied
1,295000.0,45,405000.0,74.0,1,Not Hispanic or Latino,White,Female,45-54,73.105,Loan originated
1,625000.0,48,775000.0,148.0,1,Not Hispanic or Latino,Asian,Male,25-34,80.0,Loan originated
1,865000.0,38,1155000.0,207.0,1,Not Hispanic or Latino,White,Male,35-44,75.0,Loan originated
1,385000.0,49,405000.0,72.0,1,Hispanic or Latino,White,Male,45-54,98.0,Loan originated
1,355000.0,49,445000.0,73.0,1,Hispanic or Latino,White,Male,25-34,80.0,Loan originated
1,725000.0,38,915000.0,210.0,1,Not Hispanic or Latino,Asian,Male,35-44,80.0,Loan originated
1,605000.0,20%-<30%,1275000.0,397.0,1,Not Hispanic or Latino,Asian,Male,35-44,48.0,Loan originated
1,145000.0,41,715000.0,67.0,1,Not Hispanic or Latino,Asian,Male,25-34,20.317,Loan originated
1,275000.0,49,345000.0,64.0,1,Not Hispanic or Latino,Asian,Female,25-34,78.95,Loan originated
1,515000.0,43,645000.0,184.0,1,Not Hispanic or Latino,White,Male,55-64,80.0,Application denied
1,275000.0,45,375000.0,66.0,1,Hispanic or Latino,White,Female,25-34,73.333,Loan originated
1,705000.0,47,735000.0,185.0,1,Hispanic or Latino,White,Female,35-44,102.0,Loan originated
1,235000.0,41,235000.0,63.0,1,Not Hispanic or Latino,White,Male,65-74,97.0,Loan originated
1,275000.0,47,305000.0,59.0,1,Hispanic or Latino,White,Female,45-54,92.667,Loan originated
1,475000.0,46,505000.0,105.0,1,Hispanic or Latino,White,Male,55-64,95.0,Loan originated
1,615000.0,38,655000.0,149.0,1,Not Hispanic or Latino,White,Female,35-44,93.72,Loan originated
1,425000.0,47,535000.0,109.0,1,Hispanic or Latino,White,Male,45-54,80.0,Loan originated
1,685000.0,49,855000.0,134.0,1,Not Hispanic or Latino,White,Female,65-74,80.0,Loan originated
1,285000.0,47,335000.0,67.0,1,Hispanic or Latino,White,Female,55-64,85.0,Loan originated
1,575000.0,42,715000.0,175.0,1,Not Hispanic or Latino,Asian,Male,35-44,80.0,Loan originated
1,805000.0,37,1525000.0,214.0,1,Not Hispanic or Latino,Asian,Female,35-44,52.43,Loan originated
1,255000.0,30%-<36%,345000.0,100.0,1,Hispanic or Latino,White,Male,45-54,75.0,Loan originated
1,355000.0,49,475000.0,89.0,1,Not Hispanic or Latino,White,Male,35-44,75.0,Loan originated
1,665000.0,50%-60%,745000.0,227.0,1,Not Hispanic or Latino,White,Male,55-64,90.0,Loan originated
1,935000.0,43,985000.0,326.0,1,Hispanic or Latino,White,Female,35-44,95.0,Loan originated
1,515000.0,44,545000.0,119.0,1,Not Hispanic or Latino,White,Male,25-34,95.0,Loan originated
1,855000.0,20%-<30%,1655000.0,295.0,1,Not Hispanic or Latino,White,Male,25-34,51.515,Loan originated
1,285000.0,38,605000.0,90.0,1,Not Hispanic or Latino,Asian,Male,25-34,46.67,Loan originated
1,645000.0,37,805000.0,345.0,1,Not Hispanic or Latino,White,Male,35-44,80.0,Loan originated
1,295000.0,43,385000.0,103.0,1,Not Hispanic or Latino,Asian,Male,35-44,75.0,Loan originated
1,505000.0,49,675000.0,263.0,1,Not Hispanic or Latino,Black or African American,Male,25-34,75.0,Loan originated
1,515000.0,45,645000.0,207.0,1,Not Hispanic or Latino,Asian,Male,65-74,80.0,Loan originated
1,385000.0,30%-<36%,405000.0,136.0,1,Not Hispanic or Latino,White,Female,35-44,95.0,Loan originated
1,765000.0,30%-<36%,805000.0,264.0,1,Not Hispanic or Latino,White,Male,35-44,95.0,Loan originated
1,505000.0,49,1285000.0,104.0,1,Not Hispanic or Latino,Asian,Female,25-34,39.23,Loan originated
1,535000.0,43,655000.0,137.0,1,Not Hispanic or Latino,Black or African American,Female,35-44,102.0,Loan originated
1,745000.0,<20%,765000.0,258.0,1,Not Hispanic or Latino,Black or African American,Male,45-54,97.0,Loan originated
1,635000.0,36,855000.0,198.0,1,Hispanic or Latino,White,Female,45-54,75.0,Application denied
1,455000.0,42,565000.0,104.0,1,Hispanic or Latino,White,Female,35-44,80.0,Loan originated
1,625000.0,47,655000.0,180.0,1,Not Hispanic or Latino,Asian,Male,45-54,95.0,Loan originated
1,395000.0,38,445000.0,104.0,1,Hispanic or Latino,White,Male,35-44,89.77,Loan originated
1,745000.0,42,785000.0,251.0,1,Not Hispanic or Latino,White,Male,55-64,95.0,Loan originated
1,705000.0,46,875000.0,158.0,1,Hispanic or Latino,White,Female,45-54,80.0,Loan originated
1,375000.0,30%-<36%,545000.0,133.0,1,Not Hispanic or Latino,Asian,Male,65-74,70.0,Loan originated
1,685000.0,47,865000.0,200.0,1,Not Hispanic or Latino,Asian,Female,25-34,80.0,Loan originated
1,535000.0,20%-<30%,835000.0,240.0,1,Not Hispanic or Latino,White,Male,35-44,64.222,Loan originated
1,455000.0,47,475000.0,112.0,1,Not Hispanic or Latino,White,Female,25-34,95.0,Loan originated
1,565000.0,30%-<36%,705000.0,340.0,1,Not Hispanic or Latino,White,Male,45-54,80.0,Loan originated
1,825000.0,48,1025000.0,169.0,1,Not Hispanic or Latino,White,Female,35-44,80.0,Application denied
1,355000.0,48,435000.0,70.0,1,Hispanic or Latino,White,Female,35-44,80.0,Loan originated
1,715000.0,41,795000.0,254.0,1,Not Hispanic or Latino,White,Male,55-64,90.0,Loan originated
1,485000.0,49,645000.0,93.0,1,Hispanic or Latino,White,Male,25-34,75.0,Loan originated
1,305000.0,30%-<36%,2585000.0,205.0,1,Not Hispanic or Latino,Asian,Male,45-54,11.628,Loan originated
1,505000.0,49,575000.0,124.0,1,Not Hispanic or Latino,White,Male,45-54,87.0,Loan originated
1,745000.0,48,1075000.0,153.0,1,Not Hispanic or Latino,White,Female,55-64,70.0,Loan originated
1,305000.0,46,505000.0,75.0,1,Not Hispanic or Latino,White,Female,>74,60.0,Loan originated
1,715000.0,39,955000.0,191.0,1,Not Hispanic or Latino,White,Male,25-34,75.0,Loan originated
1,265000.0,44,285000.0,132.0,1,Not Hispanic or Latino,White,Male,55-64,95.0,Loan originated
1,765000.0,45,985000.0,180.0,1,Hispanic or Latino,White,Male,45-54,78.163,Loan originated
1,745000.0,30%-<36%,785000.0,260.0,1,Not Hispanic or Latino,White,Female,25-34,95.0,Loan originated
1,155000.0,45,325000.0,227.0,1,Not Hispanic or Latino,White,Male,35-44,46.154,Loan originated
1,445000.0,38,475000.0,121.0,1,Not Hispanic or Latino,Asian,Male,35-44,95.0,Loan originated
1,485000.0,43,515000.0,122.0,1,Hispanic or Latino,American Indian or Alaska Native,Male,25-34,95.0,Loan originated
1,305000.0,45,415000.0,88.0,1,Hispanic or Latino,White,Male,35-44,75.122,Loan originated
1,1005000.0,40,1345000.0,219.0,1,Not Hispanic or Latino,White,Male,35-44,75.0,Loan originated
1,225000.0,30%-<36%,525000.0,99.0,1,Not Hispanic or Latino,Asian,Female,<25,42.695,Loan originated
1,515000.0,46,535000.0,120.0,1,Hispanic or Latino,White,Male,35-44,99.804,Loan originated
1,455000.0,49,625000.0,80.0,1,Not Hispanic or Latino,White,Male,25-34,91.6,Application denied
1,1005000.0,46,1255000.0,273.0,1,Not Hispanic or Latino,White,Female,65-74,80.0,Loan originated
1,775000.0,39,825000.0,221.0,1,Not Hispanic or Latino,Black or African American,Female,35-44,95.0,Loan originated
1,765000.0,>60%,1205000.0,89.0,1,Hispanic or Latino,White,Female,65-74,63.917,Loan originated
1,755000.0,>60%,1555000.0,120.0,1,Not Hispanic or Latino,Asian,Male,25-34,48.387,Application denied
1,365000.0,30%-<36%,515000.0,169.0,1,Not Hispanic or Latino,Asian,Female,55-64,70.0,Loan originated
1,535000.0,50%-60%,565000.0,113.0,1,Not Hispanic or Latino,Asian,Male,25-34,95.0,Application denied
1,755000.0,44,795000.0,193.0,1,Not Hispanic or Latino,White,Male,35-44,95.0,Loan originated
1,325000.0,43,405000.0,186.0,1,Not Hispanic or Latino,Asian,Male,35-44,80.0,Loan originated
1,1015000.0,40,1455000.0,260.0,1,Not Hispanic or Latino,White,Female,45-54,70.0,Loan originated
1,1105000.0,49,1815000.0,264.0,1,Not Hispanic or Latino,Asian,Male,25-34,60.669,Loan originated
1,765000.0,36,875000.0,212.0,1,Not Hispanic or Latino,Asian,Male,25-34,87.744,Loan originated
1,495000.0,30%-<36%,535000.0,177.0,1,Not Hispanic or Latino,Asian,Male,35-44,94.0,Loan originated
1,1105000.0,48,1225000.0,245.0,1,Not Hispanic or Latino,Asian,Male,35-44,102.245,Loan originated
1,595000.0,48,785000.0,120.0,1,Not Hispanic or Latino,White,Female,35-44,75.0,Loan originated
1,565000.0,30%-<36%,625000.0,225.0,1,Not Hispanic or Latino,Asian,Male,25-34,90.0,Loan originated
1,1075000.0,44,2025000.0,226.0,1,Not Hispanic or Latino,Asian,Male,25-34,52.97,Loan originated
1,175000.0,30%-<36%,175000.0,99.0,1,Hispanic or Latino,White,Female,35-44,95.0,Application denied
1,265000.0,<20%,375000.0,1677.0,1,Hispanic or Latino,White,Female,45-54,70.0,Loan originated
1,465000.0,42,525000.0,148.0,1,Hispanic or Latino,White,Male,25-34,90.0,Loan originated
1,685000.0,30%-<36%,865000.0,212.0,1,Not Hispanic or Latino,Asian,Male,35-44,80.0,Loan originated
1,1005000.0,37,1125000.0,422.0,1,Not Hispanic or Latino,White,Female,45-54,88.889,Application denied
1,415000.0,30%-<36%,515000.0,141.0,1,Hispanic or Latino,White,Male,25-34,80.0,Loan originated
1,585000.0,43,615000.0,301.0,1,Not Hispanic or Latino,Asian,Male,35-44,95.0,Loan originated
1,265000.0,43,295000.0,61.0,1,Hispanic or Latino,Black or African American,Male,55-64,90.0,Loan originated
1,965000.0,30%-<36%,1655000.0,324.0,1,Not Hispanic or Latino,White,Female,<25,60.0,Loan originated
1,935000.0,30%-<36%,1175000.0,300.0,1,Not Hispanic or Latino,Asian,Male,25-34,80.0,Loan originated
1,765000.0,39,965000.0,203.0,1,Hispanic or Latino,White,Male,35-44,79.79,Loan originated
1,425000.0,38,445000.0,118.0,1,Not Hispanic or Latino,Asian,Female,25-34,96.922,Loan originated
1,55000.0,<20%,315000.0,73.0,1,Not Hispanic or Latino,White,Female,45-54,16.129,Loan originated
1,365000.0,36,515000.0,113.0,1,Not Hispanic or Latino,Asian,Female,<25,70.588,Loan originated
1,285000.0,39,295000.0,100.0,1,Not Hispanic or Latino,White,Male,25-34,95.0,Loan originated
1,565000.0,46,715000.0,260.0,1,Not Hispanic or Latino,Asian,Female,45-54,80.0,Loan originated
1,1055000.0,41,1315000.0,267.0,1,Not Hispanic or Latino,Asian,Male,35-44,80.0,Loan originated
1,355000.0,45,465000.0,87.0,1,Not Hispanic or Latino,White,Male,55-64,76.77,Loan originated
1,305000.0,44,705000.0,-36.0,1,Not Hispanic or Latino,White,Female,65-74,43.513,Loan originated
1,475000.0,30%-<36%,505000.0,161.0,1,Hispanic or Latino,White,Female,35-44,95.0,Loan originated
1,255000.0,42,345000.0,73.0,1,Not Hispanic or Latino,White,Male,45-54,75.0,Loan originated
1,615000.0,30%-<36%,645000.0,210.0,1,Hispanic or Latino,Asian,Male,45-54,95.0,Loan originated
1,765000.0,43,955000.0,233.0,1,Not Hispanic or Latino,White,Male,25-34,79.928,Loan originated
1,755000.0,48,815000.0,168.0,1,Hispanic or Latino,White,Female,45-54,93.11,Loan originated
1,1015000.0,49,1095000.0,216.0,1,Not Hispanic or Latino,White,Male,35-44,93.119,Loan originated
1,565000.0,49,705000.0,123.0,1,Not Hispanic or Latino,Asian,Male,25-34,80.0,Loan originated
1,1005000.0,20%-<30%,1255000.0,460.0,1,Not Hispanic or Latino,White,Male,65-74,80.0,Loan originated
1,525000.0,46,755000.0,184.0,1,Not Hispanic or Latino,Asian,Male,25-34,70.0,Loan originated
1,635000.0,48,675000.0,142.0,1,Not Hispanic or Latino,White,Male,25-34,95.0,Loan originated
1,605000.0,49,625000.0,114.0,1,Not Hispanic or Latino,Black or African American,Male,45-54,97.0,Loan originated
1,315000.0,>60%,455000.0,33.0,1,Hispanic or Latino,White,Female,65-74,71.419,Application denied
1,465000.0,49,495000.0,182.0,1,Not Hispanic or Latino,American Indian or Alaska Native,Female,55-64,95.0,Loan originated
1,555000.0,41,695000.0,135.0,1,Not Hispanic or Latino,Asian,Male,25-34,80.0,Loan originated
1,445000.0,20%-<30%,555000.0,196.0,1,Hispanic or Latino,White,Male,45-54,80.0,Loan originated
1,285000.0,20%-<30%,375000.0,146.0,1,Not Hispanic or Latino,Asian,Male,35-44,76.0,Loan originated
1,185000.0,43,635000.0,81.0,1,Not Hispanic or Latino,White,Female,>74,28.346,Loan originated
1,405000.0,30%-<36%,795000.0,133.0,1,Not Hispanic or Latino,Asian,Female,35-44,50.63,Loan originated
1,425000.0,46,555000.0,18.0,1,Not Hispanic or Latino,Asian,Female,35-44,80.0,Loan originated
1,515000.0,37,955000.0,176.0,1,Not Hispanic or Latino,Asian,Female,55-64,53.51,Loan originated
1,665000.0,49,945000.0,149.0,1,Not Hispanic or Latino,White,Male,45-54,70.0,Loan originated
1,265000.0,44,405000.0,177.0,1,Not Hispanic or Latino,Asian,Male,55-64,65.0,Loan originated
1,735000.0,46,925000.0,152.0,1,Hispanic or Latino,White,Male,35-44,80.0,Loan originated
1,695000.0,49,775000.0,220.0,1,Not Hispanic or Latino,Asian,Male,25-34,90.0,Loan originated
1,525000.0,44,665000.0,139.0,1,Hispanic or Latino,White,Female,25-34,100.0,Loan originated
1,365000.0,45,415000.0,83.0,1,Hispanic or Latino,White,Female,35-44,90.0,Loan originated
1,875000.0,48,925000.0,192.0,1,Not Hispanic or Latino,Asian,Female,35-44,95.0,Loan originated
1,765000.0,20%-<30%,805000.0,489.0,1,Not Hispanic or Latino,Black or African American,Male,55-64,95.446,Loan originated
1,525000.0,49,575000.0,107.0,1,Hispanic or Latino,White,Male,45-54,93.0,Loan originated
1,335000.0,48,405000.0,65.0,1,Hispanic or Latino,White,Male,35-44,102.0,Loan originated
1,295000.0,45,675000.0,110.0,1,Not Hispanic or Latino,White,Female,45-54,42.963,Loan originated
1,555000.0,30%-<36%,695000.0,189.0,1,Not Hispanic or Latino,White,Female,65-74,80.0,Loan originated
1,955000.0,42,1195000.0,239.0,1,Not Hispanic or Latino,White,Female,35-44,80.0,Loan originated
1,655000.0,41,775000.0,182.0,1,Hispanic or Latino,White,Female,45-54,85.0,Application denied
1,385000.0,30%-<36%,475000.0,126.0,1,Not Hispanic or Latino,White,Male,65-74,80.0,Loan originated
1,145000.0,42,295000.0,73.0,1,Not Hispanic or Latino,White,Male,55-64,50.0,Loan originated
1,585000.0,49,735000.0,108.0,1,Not Hispanic or Latino,Asian,Female,25-34,80.0,Loan originated
1,225000.0,30%-<36%,495000.0,80.0,1,Not Hispanic or Latino,White,Female,45-54,44.67,Loan originated
1,1055000.0,47,1325000.0,220.0,1,Not Hispanic or Latino,Asian,Male,35-44,79.55,Loan originated
1,435000.0,39,455000.0,127.0,1,Hispanic or Latino,White,Female,45-54,101.94,Loan originated
1,575000.0,43,605000.0,220.0,1,Hispanic or Latino,White,Male,35-44,95.0,Loan originated
1,505000.0,49,925000.0,118.0,1,Not Hispanic or Latino,Asian,Female,45-54,54.083,Loan originated
1,765000.0,40,885000.0,221.0,1,Not Hispanic or Latino,Asian,Male,45-54,86.94,Loan originated
1,525000.0,49,655000.0,205.0,1,Not Hispanic or Latino,White,Male,65-74,80.0,Loan originated
1,345000.0,<20%,435000.0,124.0,1,Hispanic or Latino,White,Female,35-44,80.0,Loan originated
1,365000.0,48,505000.0,148.0,1,Hispanic or Latino,White,Female,55-64,72.8,Loan originated
1,375000.0,30%-<36%,475000.0,172.0,1,Not Hispanic or Latino,White,Male,25-34,80.0,Loan originated
1,285000.0,40,575000.0,110.0,1,Not Hispanic or Latino,White,Female,45-54,50.351,Loan originated
1,625000.0,30%-<36%,1105000.0,190.0,1,Not Hispanic or Latino,White,Female,35-44,56.433,Loan originated
1,515000.0,40,855000.0,120.0,1,Not Hispanic or Latino,White,Male,25-34,60.12,Loan originated
1,345000.0,47,505000.0,100.0,1,Hispanic or Latino,White,Female,25-34,68.0,Loan originated
1,765000.0,30%-<36%,2405000.0,300.0,1,Not Hispanic or Latino,White,Male,55-64,31.94,Application denied
1,345000.0,40,385000.0,79.0,1,Hispanic or Latino,White,Female,25-34,93.0,Loan originated
1,1115000.0,44,1415000.0,263.0,1,Not Hispanic or Latino,Asian,Male,35-44,79.08,Loan originated
1,1005000.0,42,1255000.0,397.0,1,Hispanic or Latino,White,Female,45-54,80.0,Loan originated
1,355000.0,30%-<36%,545000.0,136.0,1,Not Hispanic or Latino,White,Male,35-44,64.815,Loan originated
1,425000.0,38,615000.0,130.0,1,Not Hispanic or Latino,White,Female,35-44,70.0,Loan originated
1,645000.0,49,805000.0,210.0,1,Not Hispanic or Latino,Asian,Male,45-54,80.0,Loan originated
1,995000.0,30%-<36%,1245000.0,270.0,1,Not Hispanic or Latino,White,Male,35-44,80.0,Loan originated
1,825000.0,49,1175000.0,261.0,1,Not Hispanic or Latino,White,Male,25-34,70.0,Loan originated
1,625000.0,30%-<36%,775000.0,340.0,1,Not Hispanic or Latino,White,Male,55-64,80.0,Loan originated
1,725000.0,40,905000.0,180.0,1,Not Hispanic or Latino,Asian,Male,35-44,80.0,Loan originated
1,175000.0,30%-<36%,215000.0,71.0,1,Hispanic or Latino,White,Female,55-64,80.0,Loan originated
1,725000.0,39,915000.0,192.0,1,Not Hispanic or Latino,White,Male,<25,80.0,Loan originated
1,535000.0,47,675000.0,197.0,1,Not Hispanic or Latino,Asian,Male,35-44,80.0,Loan originated
1,295000.0,41,555000.0,82.0,1,Hispanic or Latino,White,Female,35-44,52.653,Loan originated
1,395000.0,46,525000.0,88.0,1,Not Hispanic or Latino,Asian,Male,35-44,95.0,Loan originated
1,325000.0,47,335000.0,68.0,1,Hispanic or Latino,White,Male,35-44,97.0,Loan originated
1,495000.0,43,625000.0,167.0,1,Not Hispanic or Latino,White,Male,65-74,80.0,Loan originated
1,375000.0,49,995000.0,85.0,1,Not Hispanic or Latino,Asian,Female,25-34,37.538,Loan originated
1,445000.0,30%-<36%,475000.0,122.0,1,Not Hispanic or Latino,Asian,Male,35-44,95.0,Loan originated
1,615000.0,46,685000.0,161.0,1,Hispanic or Latino,White,Male,25-34,90.0,Loan originated
1,395000.0,43,475000.0,97.0,1,Not Hispanic or Latino,Asian,Female,25-34,84.0,Loan originated
1,295000.0,47,365000.0,58.0,1,Not Hispanic or Latino,White,Female,35-44,80.0,Loan originated
1,335000.0,37,595000.0,114.0,1,Not Hispanic or Latino,Asian,Female,25-34,56.65,Loan originated
1,945000.0,30%-<36%,1175000.0,323.0,1,Not Hispanic or Latino,Asian,Female,35-44,80.0,Loan originated
1,535000.0,48,715000.0,160.0,1,Not Hispanic or Latino,White,Female,35-44,75.0,Loan originated
1,525000.0,42,695000.0,173.0,1,Not Hispanic or Latino,Asian,Male,45-54,75.0,Loan originated
1,385000.0,50%-60%,1115000.0,79.0,1,Not Hispanic or Latino,American Indian or Alaska Native,Male,55-64,34.685,Application denied
1,495000.0,50%-60%,625000.0,107.0,1,Hispanic or Latino,White,Male,35-44,80.0,Application denied
1,455000.0,48,485000.0,148.0,1,Not Hispanic or Latino,Asian,Male,35-44,95.0,Loan originated
1,155000.0,30%-<36%,355000.0,102.0,1,Hispanic or Latino,White,Male,<25,43.0,Loan originated
1,575000.0,20%-<30%,765000.0,400.0,1,Not Hispanic or Latino,White,Male,35-44,75.0,Loan originated
1,675000.0,46,715000.0,181.0,1,Not Hispanic or Latino,White,Female,25-34,95.0,Loan originated
1,345000.0,<20%,435000.0,188.0,1,Not Hispanic or Latino,White,Female,65-74,80.0,Loan originated
1,475000.0,48,505000.0,99.0,1,Hispanic or Latino,White,Male,35-44,95.0,Loan originated
1,1035000.0,>60%,1155000.0,213.0,1,Not Hispanic or Latino,Asian,Male,35-44,90.0,Application denied
1,265000.0,20%-<30%,265000.0,97.0,1,Not Hispanic or Latino,Asian,Female,35-44,97.0,Loan originated
1,405000.0,20%-<30%,1005000.0,224.0,1,Not Hispanic or Latino,White,Female,35-44,40.0,Loan originated
1,595000.0,30%-<36%,705000.0,158.0,1,Not Hispanic or Latino,Asian,Male,35-44,85.0,Loan originated
1,565000.0,45,635000.0,140.0,1,Not Hispanic or Latino,White,Female,35-44,89.9,Loan originated
1,235000.0,20%-<30%,295000.0,175.0,1,Not Hispanic or Latino,White,Male,25-34,80.0,Loan originated
1,295000.0,20%-<30%,1395000.0,311.0,1,Hispanic or Latino,White,Male,35-44,20.863,Loan originated
1,605000.0,39,625000.0,193.0,1,Not Hispanic or Latino,White,Female,45-54,100.92,Loan originated
1,1075000.0,<20%,1335000.0,1123.0,1,Not Hispanic or Latino,White,Male,35-44,80.0,Loan originated
1,365000.0,46,585000.0,104.0,1,Not Hispanic or Latino,White,Female,45-54,63.11,Loan originated
1,345000.0,30%-<36%,435000.0,121.0,1,Not Hispanic or Latino,White,Male,35-44,80.0,Loan originated
1,365000.0,47,485000.0,68.0,1,Not Hispanic or Latino,Asian,Female,45-54,95.0,Loan originated
1,425000.0,41,535000.0,113.0,1,Not Hispanic or Latino,Asian,Female,45-54,80.0,Loan originated
1,365000.0,30%-<36%,405000.0,150.0,1,Not Hispanic or Latino,White,Male,35-44,90.0,Loan originated
1,425000.0,46,445000.0,114.0,1,Hispanic or Latino,White,Male,35-44,95.0,Loan originated
1,385000.0,44,475000.0,88.0,1,Not Hispanic or Latino,White,Female,55-64,80.0,Loan originated
1,435000.0,39,525000.0,105.0,1,Not Hispanic or Latino,Asian,Male,25-34,84.0,Loan originated
1,385000.0,45,455000.0,93.0,1,Not Hispanic or Latino,White,Female,35-44,85.0,Loan originated
1,175000.0,38,185000.0,67.0,1,Hispanic or Latino,White,Female,35-44,100.0,Loan originated
1,765000.0,46,955000.0,209.0,1,Hispanic or Latino,White,Female,55-64,80.0,Loan originated
1,475000.0,49,535000.0,86.0,1,Not Hispanic or Latino,Asian,Male,25-34,88.88,Loan originated
1,225000.0,43,245000.0,63.0,1,Not Hispanic or Latino,Black or African American,Female,45-54,95.0,Loan originated
1,465000.0,48,585000.0,90.0,1,Not Hispanic or Latino,Asian,Male,25-34,100.0,Application denied
1,355000.0,49,415000.0,80.0,1,Not Hispanic or Latino,White,Female,25-34,85.0,Loan originated
1,345000.0,46,425000.0,132.0,1,Hispanic or Latino,White,Male,25-34,80.0,Application denied
1,425000.0,49,1055000.0,164.0,1,Not Hispanic or Latino,White,Female,55-64,40.8,Loan originated
1,545000.0,42,795000.0,151.0,1,Not Hispanic or Latino,White,Female,55-64,68.553,Loan originated
1,765000.0,44,1015000.0,212.0,1,Not Hispanic or Latino,White,Female,45-54,75.891,Loan originated
1,215000.0,42,245000.0,79.0,1,Not Hispanic or Latino,White,Female,45-54,90.0,Loan originated
1,735000.0,47,775000.0,156.0,1,Not Hispanic or Latino,Black or African American,Male,35-44,98.0,Loan originated
1,395000.0,<20%,895000.0,0.0,1,Not Hispanic or Latino,White,Female,>74,44.38,Loan originated
1,555000.0,44,615000.0,127.0,1,Hispanic or Latino,White,Female,25-34,90.0,Loan originated
1,445000.0,49,465000.0,172.0,1,Not Hispanic or Latino,White,Male,25-34,95.0,Loan originated
1,625000.0,30%-<36%,925000.0,200.0,1,Not Hispanic or Latino,White,Male,25-34,68.0,Loan originated
1,245000.0,37,485000.0,121.0,1,Not Hispanic or Latino,White,Female,35-44,50.0,Loan originated
1,885000.0,30%-<36%,1805000.0,746.0,1,Not Hispanic or Latino,Asian,Female,35-44,49.0,Loan originated
1,405000.0,30%-<36%,425000.0,149.0,1,Not Hispanic or Latino,White,Female,45-54,95.0,Loan originated
1,475000.0,48,495000.0,114.0,1,Hispanic or Latino,White,Female,25-34,95.0,Loan originated
1,715000.0,20%-<30%,795000.0,246.0,1,Not Hispanic or Latino,Asian,Female,25-34,90.0,Loan originated
1,465000.0,20%-<30%,565000.0,160.0,1,Not Hispanic or Latino,Native Hawaiian or Other Pacific Islander,Female,45-54,82.163,Loan originated
1,375000.0,30%-<36%,1075000.0,313.0,1,Not Hispanic or Latino,Asian,Male,25-34,36.0,Loan originated
1,285000.0,37,475000.0,95.0,1,Not Hispanic or Latino,White,Female,65-74,58.95,Loan originated
1,455000.0,49,565000.0,97.0,1,Hispanic or Latino,White,Female,35-44,100.0,Loan originated
1,495000.0,43,755000.0,164.0,1,Not Hispanic or Latino,Asian,Male,35-44,64.99999,Loan originated
1,565000.0,30%-<36%,705000.0,159.0,1,Not Hispanic or Latino,White,Male,45-54,80.0,Loan originated
1,595000.0,48,625000.0,215.0,1,Not Hispanic or Latino,White,Male,25-34,95.0,Application denied
1,495000.0,30%-<36%,665000.0,161.0,1,Not Hispanic or Latino,White,Female,25-34,75.0,Loan originated
1,405000.0,49,515000.0,81.0,1,Not Hispanic or Latino,White,Male,25-34,79.863,Loan originated
1,1115000.0,48,2235000.0,288.0,1,Not Hispanic or Latino,Asian,Male,35-44,49.664,Loan originated
1,285000.0,47,595000.0,99.0,1,Hispanic or Latino,White,Male,65-74,47.458,Loan originated
1,725000.0,39,1055000.0,251.0,1,Not Hispanic or Latino,White,Male,35-44,69.0,Loan originated
1,635000.0,40,795000.0,160.0,1,Not Hispanic or Latino,White,Male,55-64,80.0,Loan originated
1,465000.0,44,575000.0,99.0,1,Not Hispanic or Latino,White,Female,35-44,100.0,Loan originated
1,765000.0,38,1205000.0,225.0,1,Not Hispanic or Latino,American Indian or Alaska Native,Female,45-54,63.88,Loan originated
1,745000.0,47,785000.0,192.0,1,Not Hispanic or Latino,White,Male,55-64,95.0,Loan originated
1,905000.0,44,1005000.0,210.0,1,Not Hispanic or Latino,White,Male,35-44,90.0,Loan originated
1,405000.0,30%-<36%,535000.0,133.0,1,Not Hispanic or Latino,White,Female,45-54,75.0,Loan originated
1,575000.0,45,715000.0,130.0,1,Not Hispanic or Latino,Asian,Female,25-34,80.0,Loan originated
1,335000.0,43,355000.0,106.0,1,Hispanic or Latino,White,Male,55-64,95.0,Loan originated
1,395000.0,45,445000.0,85.0,1,Not Hispanic or Latino,White,Male,<25,90.0,Loan originated
1,225000.0,42,285000.0,56.0,1,Not Hispanic or Latino,White,Male,35-44,80.0,Loan originated
1,205000.0,20%-<30%,1105000.0,127.0,1,Not Hispanic or Latino,Asian,Female,45-54,18.182,Loan originated
1,1005000.0,42,1265000.0,260.0,1,Not Hispanic or Latino,Asian,Female,25-34,80.0,Loan originated
1,145000.0,49,215000.0,41.0,1,Hispanic or Latino,White,Female,45-54,67.44,Loan originated
1,395000.0,30%-<36%,435000.0,134.0,1,Not Hispanic or Latino,Asian,Male,35-44,90.0,Loan originated
1,305000.0,41,535000.0,98.0,1,Hispanic or Latino,White,Male,35-44,57.231,Loan originated
1,565000.0,42,705000.0,137.0,1,Not Hispanic or Latino,Asian,Male,25-34,80.0,Loan originated
1,385000.0,20%-<30%,685000.0,191.0,1,Not Hispanic or Latino,White,Female,25-34,56.2,Loan originated
1,515000.0,20%-<30%,735000.0,225.0,1,Hispanic or Latino,American Indian or Alaska Native,Male,25-34,70.0,Loan originated
1,305000.0,30%-<36%,705000.0,123.0,1,Hispanic or Latino,White,Female,45-54,42.86,Loan originated
1,665000.0,46,825000.0,171.0,1,Not Hispanic or Latino,Asian,Male,45-54,80.0,Application denied
1,405000.0,41,515000.0,103.0,1,Not Hispanic or Latino,White,Female,55-64,79.813,Loan originated
1,195000.0,45,205000.0,52.0,1,Not Hispanic or Latino,White,Female,35-44,95.0,Loan originated
1,205000.0,20%-<30%,345000.0,118.0,1,Hispanic or Latino,White,Male,35-44,60.0,Loan originated
1,205000.0,30%-<36%,565000.0,128.0,1,Not Hispanic or Latino,White,Female,45-54,35.714,Loan originated
1,505000.0,40,905000.0,130.0,1,Not Hispanic or Latino,Asian,Male,45-54,71.43,Loan originated
1,645000.0,47,865000.0,152.0,1,Not Hispanic or Latino,White,Female,55-64,75.0,Loan originated
1,445000.0,41,555000.0,120.0,1,Not Hispanic or Latino,Asian,Female,35-44,80.0,Loan originated
1,605000.0,42,925000.0,159.0,1,Not Hispanic or Latino,White,Male,45-54,65.0,Loan originated
1,755000.0,45,835000.0,189.0,1,Not Hispanic or Latino,Black or African American,Female,55-64,90.0,Loan originated
1,545000.0,43,575000.0,189.0,1,Not Hispanic or Latino,Black or African American,Female,55-64,95.0,Loan originated
1,305000.0,43,415000.0,80.0,1,Not Hispanic or Latino,White,Male,<25,75.0,Loan originated
1,605000.0,43,755000.0,210.0,1,Not Hispanic or Latino,White,Female,55-64,80.0,Loan originated
1,345000.0,39,365000.0,120.0,1,Hispanic or Latino,White,Female,55-64,95.0,Loan originated
1,425000.0,46,495000.0,99.0,1,Hispanic or Latino,White,Male,25-34,85.0,Loan originated
1,435000.0,20%-<30%,585000.0,223.0,1,Not Hispanic or Latino,White,Male,25-34,75.0,Loan originated
1,805000.0,20%-<30%,1255000.0,889.0,1,Not Hispanic or Latino,Asian,Male,25-34,64.0,Loan originated
1,255000.0,30%-<36%,605000.0,95.0,1,Not Hispanic or Latino,White,Male,45-54,41.667,Loan originated
1,285000.0,37,305000.0,89.0,1,Hispanic or Latino,White,Female,35-44,95.0,Loan originated
1,725000.0,20%-<30%,975000.0,245.0,1,Not Hispanic or Latino,White,Male,45-54,75.0,Loan originated
1,365000.0,39,455000.0,107.0,1,Not Hispanic or Latino,Black or African American,Female,55-64,80.0,Loan originated
1,1025000.0,49,1205000.0,208.0,1,Not Hispanic or Latino,Asian,Male,35-44,86.0,Loan originated
1,455000.0,45,565000.0,135.0,1,Not Hispanic or Latino,White,Male,45-54,80.0,Loan originated
1,155000.0,45,165000.0,40.0,1,Not Hispanic or Latino,White,Male,25-34,95.0,Loan originated
1,505000.0,49,535000.0,146.0,1,Hispanic or Latino,White,Male,25-34,95.0,Loan originated
1,1065000.0,30%-<36%,1425000.0,281.0,1,Hispanic or Latino,Asian,Female,45-54,75.0,Loan originated
1,655000.0,49,695000.0,135.0,1,Hispanic or Latino,White,Male,35-44,94.638,Loan originated
1,295000.0,41,505000.0,95.0,1,Not Hispanic or Latino,Asian,Female,45-54,60.0,Loan originated
1,605000.0,39,1105000.0,166.0,1,Not Hispanic or Latino,Asian,Female,45-54,54.545,Loan originated
1,285000.0,39,515000.0,74.0,1,Not Hispanic or Latino,White,Female,55-64,55.34,Loan originated
1,475000.0,30%-<36%,595000.0,145.0,1,Not Hispanic or Latino,Asian,Male,25-34,80.0,Loan originated
1,585000.0,41,885000.0,175.0,1,Not Hispanic or Latino,Asian,Female,25-34,66.24,Loan originated
1,1065000.0,30%-<36%,1325000.0,348.0,1,Not Hispanic or Latino,White,Male,<25,80.0,Loan originated
1,515000.0,20%-<30%,565000.0,170.0,1,Not Hispanic or Latino,White,Male,25-34,91.071,Loan originated
1,625000.0,30%-<36%,665000.0,437.0,1,Not Hispanic or Latino,White,Male,25-34,95.0,Loan originated
1,575000.0,49,605000.0,137.0,1,Not Hispanic or Latino,White,Male,25-34,95.0,Loan originated
1,325000.0,41,415000.0,80.0,1,Hispanic or Latino,Asian,Male,25-34,80.0,Loan originated
1,225000.0,39,235000.0,117.0,1,Not Hispanic or Latino,White,Female,25-34,95.0,Loan originated
1,425000.0,48,475000.0,93.0,1,Not Hispanic or Latino,Asian,Male,25-34,89.999,Loan originated
1,235000.0,44,885000.0,68.0,1,Not Hispanic or Latino,White,Female,45-54,26.35,Loan originated
1,985000.0,<20%,1405000.0,1797.0,1,Not Hispanic or Latino,Asian,Male,55-64,70.0,Loan originated
1,535000.0,36,895000.0,220.0,1,Hispanic or Latino,White,Male,35-44,60.0,Loan originated
1,215000.0,48,555000.0,68.0,1,Not Hispanic or Latino,White,Male,35-44,38.182,Loan originated
1,375000.0,30%-<36%,825000.0,153.0,1,Not Hispanic or Latino,White,Male,45-54,45.455,Loan originated
1,645000.0,37,815000.0,158.0,1,Hispanic or Latino,Black or African American,Male,55-64,79.556,Loan originated
1,185000.0,49,245000.0,39.0,1,Not Hispanic or Latino,White,Male,65-74,77.917,Loan originated
1,235000.0,39,415000.0,88.0,1,Not Hispanic or Latino,Asian,Female,45-54,57.0,Loan originated
1,265000.0,30%-<36%,335000.0,95.0,1,Not Hispanic or Latino,White,Female,25-34,77.612,Loan originated
1,305000.0,30%-<36%,315000.0,105.0,1,Hispanic or Latino,White,Female,35-44,97.0,Loan originated
1,335000.0,45,415000.0,98.0,1,Not Hispanic or Latino,Asian,Male,35-44,80.0,Loan originated
1,425000.0,49,535000.0,96.0,1,Hispanic or Latino,White,Female,45-54,80.0,Loan originated
1,975000.0,20%-<30%,1225000.0,516.0,1,Hispanic or Latino,Asian,Female,45-54,80.0,Loan originated
1,565000.0,20%-<30%,1035000.0,296.0,1,Not Hispanic or Latino,White,Male,35-44,54.369,Loan originated
1,685000.0,>60%,915000.0,68.0,1,Hispanic or Latino,White,Male,55-64,75.0,Application denied
1,325000.0,43,415000.0,81.0,1,Not Hispanic or Latino,White,Male,25-34,80.0,Loan originated
1,805000.0,30%-<36%,1355000.0,281.0,1,Not Hispanic or Latino,White,Male,35-44,59.259,Loan originated
1,825000.0,37,1625000.0,239.0,1,Not Hispanic or Latino,Asian,Male,45-54,50.62,Loan originated
1,635000.0,41,795000.0,166.0,1,Not Hispanic or Latino,White,Male,35-44,80.0,Loan originated
1,245000.0,46,305000.0,87.0,1,Not Hispanic or Latino,White,Male,55-64,80.0,Loan originated
1,135000.0,47,175000.0,35.0,1,Hispanic or Latino,White,Male,<25,80.0,Loan originated
1,955000.0,44,1035000.0,360.0,1,Not Hispanic or Latino,White,Male,45-54,91.956,Loan originated
1,235000.0,38,405000.0,100.0,1,Hispanic or Latino,White,Male,25-34,100.0,Loan originated
1,485000.0,20%-<30%,615000.0,1211.0,1,Not Hispanic or Latino,White,Male,35-44,80.0,Loan originated
1,945000.0,46,1175000.0,210.0,1,Not Hispanic or Latino,Asian,Male,25-34,80.0,Loan originated
1,425000.0,20%-<30%,525000.0,191.0,1,Not Hispanic or Latino,White,Female,25-34,80.0,Loan originated
1,765000.0,42,955000.0,325.0,1,Hispanic or Latino,White,Male,35-44,80.0,Loan originated
1,325000.0,37,405000.0,122.0,1,Not Hispanic or Latino,Black or African American,Female,45-54,80.0,Loan originated
1,445000.0,36,485000.0,117.0,1,Not Hispanic or Latino,Native Hawaiian or Other Pacific Islander,Male,35-44,90.0,Loan originated
1,405000.0,48,605000.0,98.0,1,Not Hispanic or Latino,White,Female,25-34,66.667,Loan originated
1,115000.0,44,395000.0,46.0,1,Hispanic or Latino,White,Male,25-34,103.154,Loan originated
1,595000.0,49,745000.0,188.0,1,Not Hispanic or Latino,White,Female,55-64,80.0,Loan originated
1,605000.0,47,755000.0,212.0,1,Not Hispanic or Latino,Asian,Male,35-44,80.0,Loan originated
1,535000.0,46,665000.0,112.0,1,Hispanic or Latino,White,Female,25-34,80.0,Loan originated
1,575000.0,20%-<30%,715000.0,458.0,1,Not Hispanic or Latino,White,Male,25-34,79.704,Loan originated
1,435000.0,46,485000.0,120.0,1,Hispanic or Latino,White,Male,35-44,89.691,Loan originated
1,885000.0,38,935000.0,276.0,1,Not Hispanic or Latino,White,Male,25-34,95.0,Loan originated
1,655000.0,37,695000.0,272.0,1,Not Hispanic or Latino,Asian,Female,25-34,95.0,Loan originated
1,575000.0,39,1655000.0,204.0,1,Not Hispanic or Latino,Asian,Male,25-34,34.924,Loan originated
1,445000.0,49,555000.0,349.0,1,Not Hispanic or Latino,White,Male,65-74,80.0,Loan originated
1,245000.0,39,255000.0,78.0,1,Not Hispanic or Latino,Black or African American,Female,25-34,97.0,Loan originated
1,365000.0,48,525000.0,151.0,1,Not Hispanic or Latino,Asian,Female,25-34,70.0,Loan originated
1,635000.0,40,715000.0,212.0,1,Hispanic or Latino,White,Male,25-34,90.0,Loan originated
1,975000.0,20%-<30%,1625000.0,311.0,1,Not Hispanic or Latino,White,Female,25-34,60.0,Loan originated
1,515000.0,49,545000.0,116.0,1,Not Hispanic or Latino,White,Female,35-44,95.0,Loan originated
1,355000.0,49,455000.0,70.0,1,Hispanic or Latino,American Indian or Alaska Native,Male,35-44,78.681,Application denied
1,425000.0,47,705000.0,179.0,1,Not Hispanic or Latino,Asian,Female,45-54,60.0,Loan originated
1,555000.0,<20%,745000.0,1245.0,1,Not Hispanic or Latino,White,Male,45-54,75.0,Loan originated
1,435000.0,39,535000.0,129.0,1,Hispanic or Latino,White,Female,45-54,80.0,Loan originated
1,215000.0,40,235000.0,59.0,1,Hispanic or Latino,White,Female,55-64,91.304,Loan originated
1,655000.0,30%-<36%,815000.0,263.0,1,Not Hispanic or Latino,Asian,Female,45-54,80.0,Loan originated
1,505000.0,30%-<36%,625000.0,226.0,1,Not Hispanic or Latino,White,Female,35-44,80.0,Loan originated
1,665000.0,49,735000.0,89.0,1,Hispanic or Latino,White,Male,35-44,89.796,Application denied
1,635000.0,48,795000.0,195.0,1,Not Hispanic or Latino,Asian,Female,25-34,98.99,Application denied
1,445000.0,45,475000.0,135.0,1,Hispanic or Latino,White,Female,25-34,95.0,Loan originated
1,645000.0,42,725000.0,152.0,1,Not Hispanic or Latino,Black or African American,Male,35-44,90.0,Loan originated
1,575000.0,20%-<30%,675000.0,191.0,1,Hispanic or Latino,American Indian or Alaska Native,Male,35-44,85.185,Loan originated
1,605000.0,30%-<36%,1585000.0,202.0,1,Not Hispanic or Latino,Asian,Female,25-34,37.975,Loan originated
1,995000.0,43,1055000.0,243.0,1,Not Hispanic or Latino,Black or African American,Male,35-44,95.0,Loan originated
1,845000.0,41,1265000.0,205.0,1,Not Hispanic or Latino,Asian,Female,35-44,66.403,Loan originated
1,285000.0,45,355000.0,69.0,1,Hispanic or Latino,White,Male,35-44,80.0,Loan originated
1,925000.0,46,1155000.0,244.0,1,Not Hispanic or Latino,Asian,Female,35-44,80.0,Loan originated
1,395000.0,41,455000.0,110.0,1,Hispanic or Latino,White,Male,45-54,85.0,Loan originated
1,505000.0,44,625000.0,157.0,1,Hispanic or Latino,White,Male,35-44,80.0,Loan originated
1,455000.0,40,775000.0,115.0,1,Not Hispanic or Latino,White,Female,45-54,59.0,Loan originated
1,745000.0,30%-<36%,795000.0,216.0,1,Not Hispanic or Latino,American Indian or Alaska Native,Male,<25,93.082,Loan originated
1,515000.0,>60%,545000.0,112.0,1,Not Hispanic or Latino,Black or African American,Male,55-64,95.0,Application denied
1,965000.0,47,1385000.0,382.0,1,Not Hispanic or Latino,Asian,Male,<25,70.0,Loan originated
1,155000.0,45,455000.0,52.0,1,Not Hispanic or Latino,White,Female,55-64,33.04,Loan originated
1,1085000.0,<20%,1355000.0,1650.0,1,Hispanic or Latino,White,Male,25-34,80.0,Loan originated
1,635000.0,38,905000.0,160.0,1,Hispanic or Latino,White,Female,<25,70.0,Loan originated
1,155000.0,50%-60%,165000.0,76.0,1,Hispanic or Latino,White,Male,35-44,95.0,Application denied
1,535000.0,48,605000.0,115.0,1,Not Hispanic or Latino,White,Female,25-34,87.97,Loan originated
1,705000.0,49,885000.0,157.0,1,Not Hispanic or Latino,White,Female,25-34,79.551,Loan originated
1,495000.0,47,865000.0,127.0,1,Not Hispanic or Latino,Asian,Male,35-44,56.79,Loan originated
1,415000.0,49,515000.0,80.0,1,Not Hispanic or Latino,Asian,Male,35-44,80.0,Loan originated
1,955000.0,48,1585000.0,205.0,1,Not Hispanic or Latino,Asian,Male,25-34,60.0,Loan originated
1,555000.0,42,695000.0,134.0,1,Not Hispanic or Latino,White,Male,55-64,80.0,Loan originated
1,425000.0,43,605000.0,90.0,1,Not Hispanic or Latino,White,Female,<25,70.333,Loan originated
1,255000.0,48,345000.0,88.0,1,Hispanic or Latino,White,Male,35-44,75.0,Loan originated
1,1095000.0,42,1155000.0,393.0,1,Not Hispanic or Latino,White,Male,35-44,94.87,Loan originated
1,265000.0,43,325000.0,59.0,1,Not Hispanic or Latino,White,Male,35-44,80.0,Loan originated
1,625000.0,47,765000.0,160.0,1,Not Hispanic or Latino,White,Male,35-44,82.0,Loan originated
1,955000.0,47,1215000.0,227.0,1,Not Hispanic or Latino,White,Female,25-34,78.512,Loan originated
1,555000.0,42,745000.0,144.0,1,Not Hispanic or Latino,Asian,Male,25-34,75.0,Loan originated
1,695000.0,30%-<36%,775000.0,215.0,1,Not Hispanic or Latino,White,Female,35-44,90.0,Loan originated
1,415000.0,47,515000.0,91.0,1,Not Hispanic or Latino,Asian,Female,25-34,80.0,Loan originated
1,425000.0,38,535000.0,125.0,1,Not Hispanic or Latino,White,Male,35-44,80.0,Loan originated
1,345000.0,<20%,445000.0,245.0,1,Not Hispanic or Latino,Asian,Female,45-54,76.851,Loan originated
1,575000.0,36,615000.0,159.0,1,Not Hispanic or Latino,White,Female,25-34,95.0,Loan originated
1,405000.0,50%-60%,505000.0,83.0,1,Not Hispanic or Latino,White,Female,25-34,80.0,Loan originated
1,425000.0,30%-<36%,605000.0,127.0,1,Not Hispanic or Latino,White,Male,35-44,70.0,Loan originated
1,265000.0,44,335000.0,67.0,1,Not Hispanic or Latino,White,Male,55-64,80.0,Loan originated
1,255000.0,>60%,2005000.0,60.0,1,Not Hispanic or Latino,Asian,Male,65-74,12.5,Application denied
1,445000.0,44,555000.0,144.0,1,Not Hispanic or Latino,American Indian or Alaska Native,Male,25-34,80.0,Loan originated
1,55000.0,39,55000.0,39.0,1,Not Hispanic or Latino,Black or African American,Male,<25,95.0,Application denied
1,155000.0,44,545000.0,47.0,1,Not Hispanic or Latino,Asian,Male,25-34,27.37,Loan originated
1,395000.0,46,425000.0,99.0,1,Hispanic or Latino,White,Male,25-34,93.004,Loan originated
1,305000.0,50%-60%,905000.0,100.0,1,Hispanic or Latino,Asian,Male,55-64,33.333,Application denied
1,435000.0,30%-<36%,485000.0,152.0,1,Not Hispanic or Latino,White,Male,45-54,90.0,Loan originated
1,385000.0,38,785000.0,109.0,1,Not Hispanic or Latino,Asian,Female,35-44,49.045,Application denied
1,285000.0,48,365000.0,73.0,1,Hispanic or Latino,White,Male,35-44,80.0,Loan originated
1,75000.0,20%-<30%,85000.0,77.0,1,Not Hispanic or Latino,White,Female,>74,85.0,Loan originated
1,265000.0,46,425000.0,52.0,1,Not Hispanic or Latino,Asian,Male,35-44,61.905,Loan originated
1,465000.0,30%-<36%,675000.0,135.0,1,Not Hispanic or Latino,White,Female,25-34,68.657,Loan originated
1,525000.0,39,555000.0,150.0,1,Hispanic or Latino,White,Female,25-34,95.0,Loan originated
1,765000.0,47,855000.0,205.0,1,Not Hispanic or Latino,Asian,Male,35-44,89.96,Loan originated
1,605000.0,44,755000.0,189.0,1,Not Hispanic or Latino,White,Female,55-64,80.0,Loan originated
1,155000.0,46,205000.0,46.0,1,Hispanic or Latino,White,Male,25-34,75.0,Loan originated
1,395000.0,43,415000.0,98.0,1,Not Hispanic or Latino,White,Female,35-44,95.0,Loan originated
1,325000.0,20%-<30%,475000.0,138.0,1,Not Hispanic or Latino,Asian,Male,25-34,69.0,Loan originated
1,765000.0,30%-<36%,1025000.0,424.0,1,Not Hispanic or Latino,Asian,Female,25-34,75.0,Loan originated
1,695000.0,37,865000.0,203.0,1,Not Hispanic or Latino,Asian,Female,25-34,80.0,Loan originated
1,705000.0,48,775000.0,175.0,1,Not Hispanic or Latino,Black or African American,Male,45-54,90.0,Loan originated
1,445000.0,48,555000.0,94.0,1,Hispanic or Latino,White,Female,35-44,80.0,Loan originated
1,655000.0,40,695000.0,164.0,1,Not Hispanic or Latino,Asian,Male,65-74,95.0,Application denied
1,485000.0,41,515000.0,145.0,1,Not Hispanic or Latino,White,Male,35-44,95.0,Loan originated
1,225000.0,39,655000.0,70.0,1,Not Hispanic or Latino,Asian,Male,25-34,35.0,Loan originated
1,665000.0,41,885000.0,284.0,1,Not Hispanic or Latino,Asian,Female,45-54,75.0,Loan originated
1,245000.0,40,245000.0,74.0,1,Hispanic or Latino,Asian,Male,25-34,97.0,Application denied
1,515000.0,46,645000.0,130.0,1,Not Hispanic or Latino,White,Female,55-64,80.0,Loan originated
1,705000.0,49,745000.0,166.0,1,Hispanic or Latino,White,Male,35-44,95.0,Loan originated
1,515000.0,30%-<36%,635000.0,179.0,1,Not Hispanic or Latino,Asian,Female,25-34,80.0,Loan originated
1,405000.0,49,805000.0,117.0,1,Not Hispanic or Latino,Black or African American,Male,35-44,50.513,Loan originated
1,445000.0,49,475000.0,158.0,1,Not Hispanic or Latino,White,Female,45-54,95.0,Loan originated
1,375000.0,45,385000.0,93.0,1,Hispanic or Latino,White,Female,25-34,97.0,Loan originated
1,355000.0,40,365000.0,97.0,1,Hispanic or Latino,White,Female,25-34,97.0,Loan originated
1,165000.0,<20%,265000.0,90.0,1,Not Hispanic or Latino,Asian,Female,25-34,61.278,Loan originated
1,425000.0,37,575000.0,123.0,1,Hispanic or Latino,White,Female,25-34,75.0,Loan originated
1,705000.0,44,745000.0,160.0,1,Hispanic or Latino,American Indian or Alaska Native,Female,25-34,95.0,Loan originated
1,575000.0,46,655000.0,128.0,1,Not Hispanic or Latino,Asian,Male,25-34,88.482,Loan originated
1,405000.0,20%-<30%,445000.0,154.0,1,Not Hispanic or Latino,White,Male,65-74,91.818,Loan originated
1,675000.0,42,715000.0,187.0,1,Hispanic or Latino,White,Male,35-44,95.0,Loan originated
1,635000.0,39,905000.0,193.0,1,Not Hispanic or Latino,Asian,Female,45-54,70.0,Loan originated
1,375000.0,30%-<36%,475000.0,148.0,1,Hispanic or Latino,White,Male,45-54,80.0,Loan originated
1,885000.0,49,1265000.0,180.0,1,Not Hispanic or Latino,Asian,Male,35-44,70.0,Loan originated
1,355000.0,46,515000.0,43.0,1,Not Hispanic or Latino,White,Female,35-44,94.829,Loan originated
1,365000.0,44,385000.0,80.0,1,Hispanic or Latino,White,Male,25-34,95.0,Loan originated
1,435000.0,49,845000.0,87.0,1,Hispanic or Latino,White,Female,25-34,51.537,Loan originated
1,455000.0,46,1405000.0,145.0,1,Not Hispanic or Latino,Asian,Female,25-34,32.143,Loan originated
1,485000.0,30%-<36%,605000.0,129.0,1,Not Hispanic or Latino,White,Male,25-34,80.0,Loan originated
1,355000.0,30%-<36%,435000.0,106.0,1,Not Hispanic or Latino,White,Female,25-34,80.0,Loan originated
1,555000.0,20%-<30%,975000.0,207.0,1,Not Hispanic or Latino,Asian,Male,35-44,57.0,Loan originated
1,335000.0,43,425000.0,104.0,1,Hispanic or Latino,White,Female,35-44,80.0,Loan originated
1,525000.0,47,555000.0,206.0,1,Not Hispanic or Latino,White,Male,45-54,95.0,Loan originated
1,185000.0,30%-<36%,315000.0,51.0,1,Hispanic or Latino,White,Female,25-34,88.217,Loan originated
1,315000.0,50%-60%,355000.0,59.0,1,Not Hispanic or Latino,Black or African American,Female,55-64,90.0,Application denied
1,645000.0,40,805000.0,232.0,1,Not Hispanic or Latino,White,Male,35-44,80.0,Loan originated
1,525000.0,30%-<36%,695000.0,141.0,1,Not Hispanic or Latino,White,Female,25-34,75.0,Loan originated
1,565000.0,40,715000.0,13.0,1,Not Hispanic or Latino,Asian,Male,25-34,80.0,Loan originated
1,625000.0,45,645000.0,152.0,1,Hispanic or Latino,White,Female,25-34,97.0,Loan originated
1,585000.0,49,1385000.0,174.0,1,Not Hispanic or Latino,Asian,Female,35-44,42.029,Loan originated
1,645000.0,20%-<30%,1095000.0,210.0,1,Hispanic or Latino,White,Male,25-34,60.0,Loan originated
1,875000.0,39,915000.0,258.0,1,Not Hispanic or Latino,White,Female,25-34,95.0,Loan originated
1,595000.0,41,745000.0,157.0,1,Not Hispanic or Latino,White,Female,25-34,80.0,Loan originated
1,685000.0,46,725000.0,165.0,1,Hispanic or Latino,White,Male,45-54,95.0,Loan originated
1,255000.0,48,555000.0,72.0,1,Not Hispanic or Latino,White,Male,35-44,45.455,Loan originated
1,455000.0,39,575000.0,123.0,1,Not Hispanic or Latino,White,Male,25-34,80.0,Application denied
1,425000.0,20%-<30%,535000.0,221.0,1,Not Hispanic or Latino,White,Male,55-64,80.0,Loan originated
1,895000.0,30%-<36%,1125000.0,300.0,1,Not Hispanic or Latino,White,Female,45-54,80.0,Loan originated
1,155000.0,30%-<36%,1325000.0,135.0,1,Not Hispanic or Latino,Asian,Male,45-54,11.364,Loan originated
1,85000.0,49,515000.0,35.0,1,Not Hispanic or Latino,White,Female,65-74,16.019,Loan originated
1,265000.0,47,435000.0,140.0,1,Not Hispanic or Latino,Asian,Female,35-44,60.465,Loan originated
1,585000.0,49,735000.0,174.0,1,Not Hispanic or Latino,White,Female,55-64,80.0,Loan originated
1,375000.0,37,475000.0,167.0,1,Hispanic or Latino,Asian,Male,55-64,80.0,Loan originated
1,555000.0,>60%,575000.0,71.0,1,Hispanic or Latino,White,Male,25-34,97.0,Application denied
1,575000.0,43,765000.0,155.0,1,Not Hispanic or Latino,Asian,Female,35-44,75.0,Loan originated
1,565000.0,39,765000.0,163.0,1,Not Hispanic or Latino,Asian,Female,35-44,73.78,Loan originated
1,385000.0,44,415000.0,104.0,1,Hispanic or Latino,White,Male,25-34,92.23,Loan originated
1,435000.0,43,1275000.0,150.0,1,Not Hispanic or Latino,White,Male,25-34,34.0,Loan originated
1,655000.0,47,725000.0,189.0,1,Not Hispanic or Latino,White,Female,35-44,90.0,Loan originated
1,285000.0,47,315000.0,73.0,1,Hispanic or Latino,White,Male,<25,90.0,Loan originated
1,285000.0,44,355000.0,107.0,1,Hispanic or Latino,White,Male,35-44,80.0,Loan originated
1,665000.0,48,855000.0,150.0,1,Not Hispanic or Latino,White,Male,35-44,78.0,Loan originated
1,805000.0,37,1015000.0,243.0,1,Not Hispanic or Latino,Asian,Female,25-34,80.0,Loan originated
1,585000.0,38,705000.0,153.0,1,Not Hispanic or Latino,White,Male,25-34,83.051,Loan originated
1,145000.0,49,455000.0,68.0,1,Hispanic or Latino,White,Male,45-54,31.111,Application denied
1,175000.0,41,1025000.0,139.0,1,Not Hispanic or Latino,Asian,Male,45-54,18.0,Loan originated
1,1005000.0,44,2505000.0,344.0,1,Not Hispanic or Latino,White,Female,65-74,40.0,Loan originated
1,405000.0,41,435000.0,113.0,1,Hispanic or Latino,White,Male,25-34,98.325,Loan originated
1,645000.0,44,715000.0,226.0,1,Not Hispanic or Latino,White,Male,55-64,90.0,Loan originated
1,965000.0,47,1455000.0,200.0,1,Not Hispanic or Latino,Asian,Male,45-54,66.552,Loan originated
1,85000.0,38,85000.0,66.0,1,Not Hispanic or Latino,White,Female,>74,95.0,Loan originated
1,765000.0,38,955000.0,242.0,1,Not Hispanic or Latino,White,Male,25-34,80.0,Loan originated
1,355000.0,40,445000.0,101.0,1,Not Hispanic or Latino,White,Male,35-44,80.0,Loan originated
1,725000.0,45,905000.0,517.0,1,Hispanic or Latino,White,Female,55-64,80.0,Loan originated
1,405000.0,39,515000.0,105.0,1,Not Hispanic or Latino,White,Male,25-34,80.0,Loan originated
1,345000.0,47,465000.0,71.0,1,Hispanic or Latino,White,Male,25-34,74.194,Loan originated
1,105000.0,30%-<36%,525000.0,110.0,1,Not Hispanic or Latino,White,Female,45-54,19.121,Loan originated
1,415000.0,49,435000.0,96.0,1,Not Hispanic or Latino,2 or more minority races,Male,45-54,96.55,Loan originated
1,825000.0,41,1035000.0,306.0,1,Not Hispanic or Latino,Asian,Female,35-44,80.0,Application denied
1,85000.0,<20%,605000.0,170.0,1,Not Hispanic or Latino,White,Male,65-74,15.0,Loan originated
1,445000.0,48,535000.0,89.0,1,Not Hispanic or Latino,Black or African American,Female,25-34,103.83,Loan originated
1,495000.0,45,555000.0,127.0,1,Hispanic or Latino,White,Female,45-54,90.0,Loan originated
1,1005000.0,<20%,1255000.0,693.0,1,Not Hispanic or Latino,White,Female,55-64,80.0,Application denied
1,375000.0,30%-<36%,555000.0,117.0,1,Not Hispanic or Latino,Asian,Female,25-34,67.273,Loan originated
1,535000.0,42,675000.0,326.0,1,Not Hispanic or Latino,Asian,Male,35-44,80.0,Loan originated
1,445000.0,44,495000.0,106.0,1,Hispanic or Latino,White,Female,25-34,90.0,Loan originated
1,995000.0,49,1245000.0,253.0,1,Not Hispanic or Latino,White,Male,35-44,80.0,Loan originated
1,765000.0,45,815000.0,178.0,1,Not Hispanic or Latino,Asian,Male,25-34,95.0,Loan originated
1,425000.0,43,455000.0,156.0,1,Hispanic or Latino,White,Male,55-64,95.0,Loan originated
1,465000.0,46,575000.0,107.0,1,Not Hispanic or Latino,White,Female,25-34,80.0,Loan originated
1,735000.0,49,1685000.0,155.0,1,Not Hispanic or Latino,White,Male,35-44,43.298,Loan originated
1,245000.0,48,375000.0,62.0,1,Hispanic or Latino,White,Female,45-54,65.684,Loan originated
1,485000.0,49,515000.0,127.0,1,Hispanic or Latino,Black or African American,Female,35-44,95.0,Loan originated
1,705000.0,47,785000.0,131.0,1,Not Hispanic or Latino,Asian,Female,45-54,89.9,Loan originated
1,375000.0,48,465000.0,111.0,1,Hispanic or Latino,White,Female,45-54,80.0,Loan originated
1,765000.0,20%-<30%,2105000.0,1032.0,1,Not Hispanic or Latino,White,Male,25-34,36.476,Loan originated
1,425000.0,48,525000.0,116.0,1,Hispanic or Latino,White,Male,65-74,80.0,Loan originated
1,545000.0,39,885000.0,174.0,1,Not Hispanic or Latino,Asian,Male,45-54,62.0,Loan originated
1,325000.0,48,405000.0,90.0,1,Hispanic or Latino,White,Male,25-34,80.0,Loan originated
1,695000.0,50%-60%,935000.0,174.0,1,Not Hispanic or Latino,Asian,Male,25-34,75.0,Loan originated
1,205000.0,49,245000.0,57.0,1,Hispanic or Latino,White,Male,25-34,85.0,Loan originated
1,565000.0,44,595000.0,195.0,1,Hispanic or Latino,White,Male,35-44,95.0,Application denied
1,365000.0,49,455000.0,69.0,1,Hispanic or Latino,Asian,Female,35-44,80.0,Loan originated
1,1045000.0,40,1905000.0,407.0,1,Not Hispanic or Latino,Asian,Male,35-44,54.737,Loan originated
1,475000.0,49,545000.0,118.0,1,Hispanic or Latino,White,Female,45-54,88.0,Loan originated
1,195000.0,47,265000.0,47.0,1,Not Hispanic or Latino,Asian,Female,45-54,75.0,Loan originated
1,415000.0,49,455000.0,87.0,1,Not Hispanic or Latino,Asian,Female,25-34,93.0,Loan originated
1,315000.0,50%-60%,355000.0,62.0,1,Not Hispanic or Latino,White,Male,<25,88.571,Application denied
1,465000.0,47,575000.0,102.0,1,Not Hispanic or Latino,White,Male,25-34,80.0,Loan originated
1,375000.0,30%-<36%,1375000.0,164.0,1,Not Hispanic or Latino,White,Male,35-44,27.01,Loan originated
1,625000.0,37,785000.0,265.0,1,Not Hispanic or Latino,Asian,Male,35-44,80.0,Loan originated
1,735000.0,46,775000.0,152.0,1,Not Hispanic or Latino,Asian,Male,35-44,95.0,Application denied
1,515000.0,30%-<36%,545000.0,156.0,1,Not Hispanic or Latino,White,Male,25-34,95.0,Loan originated
1,535000.0,46,665000.0,115.0,1,Hispanic or Latino,White,Male,35-44,80.0,Loan originated
1,755000.0,38,1495000.0,232.0,1,Not Hispanic or Latino,Asian,Male,55-64,50.057,Loan originated
1,455000.0,46,605000.0,129.0,1,Not Hispanic or Latino,White,Female,35-44,75.0,Loan originated
1,905000.0,20%-<30%,1135000.0,388.0,1,Not Hispanic or Latino,White,Male,35-44,80.0,Loan originated
1,635000.0,49,785000.0,185.0,1,Not Hispanic or Latino,Asian,Female,55-64,80.0,Loan originated
1,265000.0,49,335000.0,60.0,1,Not Hispanic or Latino,White,Female,45-54,85.985,Loan originated
1,425000.0,20%-<30%,565000.0,155.0,1,Not Hispanic or Latino,Asian,Male,35-44,75.0,Loan originated
1,185000.0,42,195000.0,155.0,1,Not Hispanic or Latino,Asian,Male,35-44,95.0,Loan originated
1,305000.0,20%-<30%,1005000.0,161.0,1,Not Hispanic or Latino,White,Female,35-44,30.244,Loan originated
1,455000.0,30%-<36%,805000.0,143.0,1,Not Hispanic or Latino,Asian,Male,45-54,57.0,Loan originated
1,425000.0,>60%,495000.0,77.0,1,Hispanic or Latino,White,Male,25-34,85.0,Application denied
1,835000.0,48,1195000.0,197.0,1,Not Hispanic or Latino,White,Male,45-54,70.0,Loan originated
1,315000.0,30%-<36%,375000.0,172.0,1,Not Hispanic or Latino,White,Male,35-44,85.0,Loan originated
1,405000.0,30%-<36%,785000.0,151.0,1,Not Hispanic or Latino,Asian,Male,25-34,51.08,Loan originated
1,775000.0,36,1035000.0,227.0,1,Not Hispanic or Latino,White,Female,35-44,75.0,Loan originated
1,615000.0,46,835000.0,126.0,1,Not Hispanic or Latino,White,Male,35-44,73.727,Loan originated
1,375000.0,49,475000.0,97.0,1,Not Hispanic or Latino,Black or African American,Male,55-64,80.0,Loan originated
1,765000.0,48,845000.0,209.0,1,Not Hispanic or Latino,Asian,Female,25-34,90.533,Loan originated
1,335000.0,30%-<36%,355000.0,124.0,1,Not Hispanic or Latino,Asian,Male,35-44,95.0,Loan originated
1,485000.0,49,1005000.0,117.0,1,Not Hispanic or Latino,White,Female,45-54,48.38,Loan originated
1,655000.0,44,1095000.0,167.0,1,Not Hispanic or Latino,White,Female,65-74,59.63,Loan originated
1,685000.0,45,715000.0,156.0,1,Not Hispanic or Latino,White,Male,25-34,97.0,Loan originated
1,295000.0,30%-<36%,305000.0,260.0,1,Not Hispanic or Latino,Asian,Male,45-54,95.0,Loan originated
1,665000.0,46,705000.0,164.0,1,Hispanic or Latino,White,Male,25-34,95.0,Loan originated
1,515000.0,43,1025000.0,124.0,1,Not Hispanic or Latino,Asian,Female,35-44,50.0,Loan originated
1,1025000.0,44,1285000.0,240.0,1,Not Hispanic or Latino,Asian,Male,35-44,79.44,Loan originated
1,1055000.0,20%-<30%,1995000.0,459.0,1,Not Hispanic or Latino,White,Male,55-64,52.632,Loan originated
1,185000.0,20%-<30%,255000.0,106.0,1,Not Hispanic or Latino,Asian,Male,25-34,75.0,Loan originated
1,325000.0,20%-<30%,725000.0,14.0,1,Not Hispanic or Latino,Asian,Male,45-54,44.83,Loan originated
1,345000.0,41,425000.0,132.0,1,Not Hispanic or Latino,White,Male,35-44,80.0,Loan originated
1,765000.0,20%-<30%,865000.0,319.0,1,Not Hispanic or Latino,Black or African American,Female,35-44,88.651,Loan originated
1,525000.0,41,695000.0,144.0,1,Not Hispanic or Latino,White,Male,25-34,75.0,Loan originated
1,455000.0,20%-<30%,955000.0,250.0,1,Not Hispanic or Latino,White,Female,25-34,47.862,Loan originated
1,495000.0,39,625000.0,129.0,1,Not Hispanic or Latino,Asian,Female,25-34,80.0,Loan originated
1,125000.0,20%-<30%,275000.0,139.0,1,Not Hispanic or Latino,Asian,Female,45-54,46.23,Loan originated
1,305000.0,43,645000.0,121.0,1,Not Hispanic or Latino,Black or African American,Female,45-54,46.957,Loan originated
1,1045000.0,46,1105000.0,264.0,1,Not Hispanic or Latino,White,Female,35-44,95.0,Loan originated
1,905000.0,45,1705000.0,274.0,1,Not Hispanic or Latino,White,Male,25-34,52.94,Loan originated
1,35000.0,50%-60%,125000.0,48.0,1,Not Hispanic or Latino,White,Male,>74,28.23,Loan originated
1,595000.0,20%-<30%,715000.0,233.0,1,Not Hispanic or Latino,Black or African American,Female,55-64,83.217,Loan originated
1,495000.0,42,595000.0,121.0,1,Not Hispanic or Latino,White,Female,<25,83.258,Loan originated
1,785000.0,45,1055000.0,246.0,1,Not Hispanic or Latino,White,Female,55-64,75.0,Loan originated
1,485000.0,41,505000.0,154.0,1,Hispanic or Latino,Asian,Male,25-34,95.0,Loan originated
1,925000.0,44,1205000.0,334.0,1,Not Hispanic or Latino,Asian,Female,35-44,76.35,Loan originated
1,735000.0,43,915000.0,213.0,1,Not Hispanic or Latino,Asian,Male,45-54,80.0,Loan originated
1,335000.0,42,355000.0,83.0,1,Hispanic or Latino,White,Male,45-54,95.0,Loan originated
1,255000.0,49,1025000.0,84.0,1,Not Hispanic or Latino,Asian,Female,25-34,24.51,Loan originated
1,425000.0,30%-<36%,735000.0,121.0,1,Hispanic or Latino,White,Female,55-64,57.511,Loan originated
1,505000.0,48,565000.0,102.0,1,Hispanic or Latino,White,Female,35-44,90.0,Loan originated
1,575000.0,47,715000.0,196.0,1,Not Hispanic or Latino,White,Male,>74,80.0,Loan originated
1,705000.0,45,1605000.0,213.0,1,Not Hispanic or Latino,Asian,Female,35-44,43.614,Loan originated
1,365000.0,42,1135000.0,267.0,1,Not Hispanic or Latino,White,Male,65-74,32.301,Loan originated
1,635000.0,30%-<36%,795000.0,170.0,1,Not Hispanic or Latino,White,Male,25-34,80.0,Loan originated
1,1145000.0,48,1265000.0,258.0,1,Not Hispanic or Latino,Asian,Female,35-44,91.19,Loan originated
1,425000.0,37,455000.0,129.0,1,Not Hispanic or Latino,Asian,Male,45-54,95.0,Loan originated
1,265000.0,45,275000.0,75.0,1,Hispanic or Latino,American Indian or Alaska Native,Male,35-44,96.481,Application denied
1,335000.0,50%-60%,395000.0,64.0,1,Not Hispanic or Latino,White,Female,35-44,84.615,Loan originated
1,955000.0,47,1055000.0,190.0,1,Not Hispanic or Latino,White,Male,25-34,89.999,Loan originated
1,525000.0,30%-<36%,725000.0,183.0,1,Not Hispanic or Latino,White,Male,25-34,72.222,Loan originated
1,625000.0,47,695000.0,114.0,1,Not Hispanic or Latino,White,Female,<25,90.0,Loan originated
1,455000.0,49,605000.0,249.0,1,Not Hispanic or Latino,White,Male,55-64,75.0,Application denied
1,185000.0,<20%,735000.0,225.0,1,Not Hispanic or Latino,White,Male,35-44,25.0,Loan originated
1,355000.0,30%-<36%,865000.0,146.0,1,Not Hispanic or Latino,2 or more minority races,Male,35-44,40.449,Loan originated
1,285000.0,43,385000.0,76.0,1,Hispanic or Latino,White,Male,55-64,73.684,Loan originated
1,285000.0,44,295000.0,100.0,1,Not Hispanic or Latino,Black or African American,Female,55-64,95.0,Loan originated
1,625000.0,37,775000.0,260.0,1,Not Hispanic or Latino,Asian,Female,45-54,80.0,Loan originated
1,495000.0,42,625000.0,136.0,1,Hispanic or Latino,White,Male,35-44,80.0,Loan originated
1,645000.0,<20%,855000.0,486.0,1,Not Hispanic or Latino,Asian,Male,35-44,75.0,Loan originated
1,105000.0,47,115000.0,49.0,1,Not Hispanic or Latino,White,Female,35-44,89.22,Application denied
1,575000.0,>60%,605000.0,141.0,1,Hispanic or Latino,White,Female,35-44,96.394,Application denied
1,255000.0,39,535000.0,97.0,1,Not Hispanic or Latino,White,Male,35-44,47.858,Loan originated
1,195000.0,46,345000.0,51.0,1,Not Hispanic or Latino,White,Female,45-54,57.131,Loan originated
1,555000.0,44,585000.0,142.0,1,Hispanic or Latino,White,Male,25-34,95.0,Loan originated
1,575000.0,44,725000.0,144.0,1,Not Hispanic or Latino,Asian,Male,25-34,80.0,Loan originated
1,1125000.0,49,1415000.0,211.0,1,Not Hispanic or Latino,Asian,Male,35-44,79.32,Loan originated
1,615000.0,42,805000.0,140.0,1,Not Hispanic or Latino,White,Male,25-34,76.25,Loan originated
1,505000.0,30%-<36%,905000.0,170.0,1,Not Hispanic or Latino,White,Male,35-44,55.801,Loan originated
1,885000.0,30%-<36%,965000.0,310.0,1,Hispanic or Latino,Asian,Female,35-44,92.195,Loan originated
1,395000.0,>60%,495000.0,39.0,1,Not Hispanic or Latino,Asian,Male,35-44,80.0,Application denied
1,495000.0,43,655000.0,107.0,1,Not Hispanic or Latino,Asian,Male,35-44,75.0,Loan originated
1,565000.0,36,705000.0,186.0,1,Not Hispanic or Latino,White,Female,35-44,80.0,Loan originated
1,195000.0,39,1195000.0,96.0,1,Not Hispanic or Latino,Asian,Female,35-44,16.0,Loan originated
1,1145000.0,49,1365000.0,227.0,1,Not Hispanic or Latino,Asian,Male,25-34,95.0,Loan originated
1,415000.0,47,455000.0,90.0,1,Hispanic or Latino,White,Female,25-34,91.111,Loan originated
1,335000.0,43,415000.0,111.0,1,Hispanic or Latino,White,Female,45-54,80.0,Loan originated
1,1005000.0,<20%,2925000.0,922.0,1,Not Hispanic or Latino,Asian,Male,45-54,34.188,Loan originated
1,135000.0,<20%,235000.0,80.0,1,Not Hispanic or Latino,White,Male,35-44,57.806,Loan originated
1,325000.0,48,395000.0,92.0,1,Not Hispanic or Latino,Black or African American,Female,35-44,103.333,Loan originated
1,265000.0,44,295000.0,72.0,1,Not Hispanic or Latino,Asian,Female,35-44,88.136,Loan originated
1,335000.0,>60%,425000.0,95.0,1,Not Hispanic or Latino,Asian,Male,45-54,80.0,Application denied
1,255000.0,43,265000.0,269.0,1,Not Hispanic or Latino,White,Male,35-44,95.0,Loan originated
1,995000.0,48,1245000.0,285.0,1,Not Hispanic or Latino,White,Male,55-64,80.0,Loan originated
1,695000.0,49,1355000.0,139.0,1,Not Hispanic or Latino,Asian,Female,25-34,52.0,Loan originated
1,805000.0,39,945000.0,205.0,1,Not Hispanic or Latino,Asian,Male,25-34,84.974,Loan originated
1,495000.0,45,615000.0,137.0,1,Hispanic or Latino,White,Male,45-54,100.0,Loan originated
1,265000.0,47,515000.0,79.0,1,Not Hispanic or Latino,Asian,Female,45-54,50.98,Loan originated
1,385000.0,45,485000.0,215.0,1,Not Hispanic or Latino,White,Male,35-44,80.0,Loan originated
1,1045000.0,49,1305000.0,231.0,1,Not Hispanic or Latino,Asian,Male,25-34,80.0,Loan originated
1,725000.0,43,805000.0,184.0,1,Not Hispanic or Latino,Asian,Male,35-44,90.0,Loan originated
1,765000.0,42,1255000.0,173.0,1,Not Hispanic or Latino,White,Male,65-74,61.177,Loan originated
1,705000.0,38,785000.0,167.0,1,Not Hispanic or Latino,Asian,Male,25-34,90.0,Loan originated
1,265000.0,49,275000.0,55.0,1,Not Hispanic or Latino,White,Female,25-34,97.0,Loan originated
1,375000.0,42,465000.0,141.0,1,Not Hispanic or Latino,Asian,Female,25-34,80.0,Loan originated
1,625000.0,42,785000.0,172.0,1,Not Hispanic or Latino,Asian,Female,35-44,80.0,Loan originated
1,655000.0,43,685000.0,186.0,1,Hispanic or Latino,White,Male,25-34,95.0,Loan originated
1,315000.0,41,675000.0,81.0,1,Not Hispanic or Latino,Black or African American,Female,45-54,46.27,Loan originated
1,675000.0,46,905000.0,261.0,1,Not Hispanic or Latino,White,Male,35-44,75.0,Loan originated
1,745000.0,50%-60%,775000.0,152.0,1,Not Hispanic or Latino,Asian,Male,35-44,80.0,Application denied
1,525000.0,44,925000.0,166.0,1,Not Hispanic or Latino,Asian,Male,45-54,56.52,Loan originated
1,15000.0,38,515000.0,95.0,1,Hispanic or Latino,White,Male,35-44,100.0,Loan originated
1,565000.0,36,715000.0,202.0,1,Hispanic or Latino,White,Male,35-44,80.0,Loan originated
1,985000.0,48,1155000.0,287.0,1,Not Hispanic or Latino,White,Male,>74,85.0,Loan originated
1,585000.0,37,895000.0,190.0,1,Not Hispanic or Latino,Asian,Male,35-44,64.804,Loan originated
1,515000.0,48,575000.0,111.0,1,Hispanic or Latino,White,Female,25-34,90.0,Loan originated
1,1085000.0,44,1275000.0,233.0,1,Not Hispanic or Latino,Asian,Male,25-34,85.0,Loan originated
1,425000.0,47,545000.0,157.0,1,Not Hispanic or Latino,White,Female,65-74,77.25,Loan originated
1,815000.0,30%-<36%,865000.0,260.0,1,Hispanic or Latino,White,Male,45-54,95.0,Loan originated
1,915000.0,41,1305000.0,225.0,1,Not Hispanic or Latino,Asian,Male,25-34,70.0,Loan originated
1,675000.0,45,755000.0,214.0,1,Not Hispanic or Latino,Asian,Male,35-44,90.0,Loan originated
1,225000.0,38,505000.0,101.0,1,Not Hispanic or Latino,White,Female,65-74,45.0,Loan originated
1,385000.0,41,425000.0,115.0,1,Hispanic or Latino,White,Male,45-54,90.0,Loan originated
1,695000.0,48,1005000.0,167.0,1,Not Hispanic or Latino,Asian,Male,45-54,69.0,Loan originated
1,425000.0,47,525000.0,166.0,1,Hispanic or Latino,White,Female,45-54,80.0,Loan originated
1,275000.0,30%-<36%,285000.0,115.0,1,Not Hispanic or Latino,White,Male,<25,97.0,Loan originated
1,1105000.0,30%-<36%,1385000.0,412.0,1,Not Hispanic or Latino,White,Male,45-54,80.0,Loan originated
1,355000.0,46,505000.0,79.0,1,Hispanic or Latino,White,Male,35-44,70.0,Loan originated
1,505000.0,47,565000.0,148.0,1,Not Hispanic or Latino,White,Male,45-54,90.0,Loan originated
1,355000.0,41,535000.0,95.0,1,Hispanic or Latino,White,Male,65-74,65.485,Loan originated
1,695000.0,48,875000.0,175.0,1,Not Hispanic or Latino,Asian,Female,55-64,80.0,Loan originated
1,385000.0,50%-60%,405000.0,68.0,1,Hispanic or Latino,White,Male,35-44,97.0,Loan originated
1,295000.0,47,335000.0,162.0,1,Not Hispanic or Latino,White,Female,25-34,95.0,Loan originated
1,375000.0,40,425000.0,116.0,1,Not Hispanic or Latino,White,Female,25-34,93.0,Loan originated
1,345000.0,20%-<30%,435000.0,204.0,1,Not Hispanic or Latino,Asian,Male,35-44,80.0,Loan originated
1,235000.0,20%-<30%,515000.0,113.0,1,Not Hispanic or Latino,White,Male,55-64,45.726,Loan originated
1,375000.0,20%-<30%,505000.0,210.0,1,Not Hispanic or Latino,White,Female,45-54,75.0,Loan originated
1,305000.0,44,335000.0,76.0,1,Hispanic or Latino,White,Female,25-34,90.0,Loan originated
1,155000.0,30%-<36%,335000.0,80.0,1,Hispanic or Latino,White,Female,25-34,45.428,Loan originated
1,545000.0,49,605000.0,144.0,1,Hispanic or Latino,White,Female,55-64,90.0,Loan originated
1,485000.0,40,805000.0,116.0,1,Hispanic or Latino,White,Female,25-34,60.0,Loan originated
1,805000.0,42,1095000.0,211.0,1,Not Hispanic or Latino,Asian,Male,35-44,73.059,Loan originated
1,735000.0,47,825000.0,235.0,1,Hispanic or Latino,White,Male,25-34,88.97,Loan originated
1,885000.0,49,1405000.0,172.0,1,Not Hispanic or Latino,White,Female,35-44,62.857,Loan originated
1,855000.0,49,895000.0,236.0,1,Hispanic or Latino,White,Male,45-54,95.0,Loan originated
1,405000.0,30%-<36%,435000.0,172.0,1,Hispanic or Latino,White,Female,25-34,95.0,Loan originated
1,985000.0,43,1035000.0,442.0,1,Not Hispanic or Latino,Asian,Male,25-34,95.0,Loan originated
1,455000.0,30%-<36%,785000.0,161.0,1,Not Hispanic or Latino,White,Female,25-34,57.69,Loan originated
1,325000.0,37,405000.0,107.0,1,Hispanic or Latino,White,Male,25-34,100.0,Loan originated
1,265000.0,30%-<36%,325000.0,127.0,1,Not Hispanic or Latino,White,Female,35-44,80.0,Loan originated
1,1055000.0,47,1175000.0,400.0,1,Hispanic or Latino,White,Male,35-44,90.0,Loan originated
1,985000.0,20%-<30%,1285000.0,473.0,1,Not Hispanic or Latino,White,Male,25-34,76.863,Loan originated
1,165000.0,41,185000.0,78.0,1,Not Hispanic or Latino,White,Female,55-64,90.0,Loan originated
1,475000.0,42,595000.0,122.0,1,Not Hispanic or Latino,White,Female,35-44,79.16,Loan originated
1,275000.0,30%-<36%,375000.0,77.0,1,Not Hispanic or Latino,Asian,Female,35-44,73.33,Loan originated
1,565000.0,47,595000.0,120.0,1,Not Hispanic or Latino,White,Male,25-34,95.0,Loan originated
1,1135000.0,41,1265000.0,315.0,1,Not Hispanic or Latino,Asian,Male,35-44,89.96,Loan originated
1,285000.0,45,375000.0,94.0,1,Not Hispanic or Latino,White,Male,35-44,75.0,Loan originated
1,85000.0,<20%,405000.0,153.0,1,Not Hispanic or Latino,White,Female,25-34,20.0,Loan originated
1,655000.0,30%-<36%,875000.0,216.0,1,Not Hispanic or Latino,White,Female,35-44,75.0,Loan originated
1,805000.0,41,1595000.0,326.0,1,Not Hispanic or Latino,Asian,Male,35-44,50.183,Loan originated
1,605000.0,43,3005000.0,210.0,1,Not Hispanic or Latino,White,Female,55-64,20.0,Loan originated
1,305000.0,45,315000.0,77.0,1,Not Hispanic or Latino,Asian,Female,25-34,95.0,Loan originated
1,55000.0,30%-<36%,75000.0,60.0,1,Not Hispanic or Latino,White,Male,55-64,72.75,Application denied
1,1125000.0,30%-<36%,1495000.0,488.0,1,Not Hispanic or Latino,Black or African American,Male,45-54,75.0,Loan originated
1,335000.0,45,415000.0,75.0,1,Not Hispanic or Latino,Asian,Female,55-64,80.0,Loan originated
1,1005000.0,30%-<36%,1555000.0,260.0,1,Not Hispanic or Latino,Asian,Male,55-64,65.0,Loan originated
1,765000.0,49,1155000.0,150.0,1,Not Hispanic or Latino,Asian,Female,45-54,66.652,Loan originated
1,325000.0,47,405000.0,90.0,1,Not Hispanic or Latino,White,Male,35-44,80.0,Application denied
1,765000.0,41,1005000.0,247.0,1,Not Hispanic or Latino,Asian,Male,25-34,76.7,Loan originated
1,635000.0,36,605000.0,156.0,1,Hispanic or Latino,White,Female,25-34,100.0,Application denied
1,415000.0,48,515000.0,110.0,1,Not Hispanic or Latino,White,Female,45-54,80.0,Loan originated
1,295000.0,48,305000.0,58.0,1,Not Hispanic or Latino,White,Male,<25,100.0,Loan originated
1,605000.0,50%-60%,755000.0,138.0,1,Not Hispanic or Latino,Asian,Female,35-44,80.0,Application denied
1,485000.0,47,535000.0,104.0,1,Not Hispanic or Latino,Asian,Male,45-54,90.0,Loan originated
1,565000.0,42,615000.0,130.0,1,Not Hispanic or Latino,White,Female,<25,91.869,Loan originated
1,125000.0,49,515000.0,55.0,1,Not Hispanic or Latino,White,Female,>74,24.54,Loan originated
1,675000.0,40,745000.0,170.0,1,Not Hispanic or Latino,Asian,Male,55-64,90.0,Loan originated
1,995000.0,41,1245000.0,245.0,1,Not Hispanic or Latino,Asian,Male,35-44,80.0,Loan originated
1,1145000.0,49,1345000.0,376.0,1,Not Hispanic or Latino,White,Male,35-44,85.0,Loan originated
1,385000.0,49,405000.0,102.0,1,Hispanic or Latino,White,Male,<25,95.0,Loan originated
1,905000.0,44,1205000.0,205.0,1,Not Hispanic or Latino,Asian,Female,45-54,75.0,Loan originated
1,695000.0,40,875000.0,192.0,1,Not Hispanic or Latino,White,Male,25-34,80.0,Loan originated
1,405000.0,38,505000.0,109.0,1,Not Hispanic or Latino,Asian,Female,35-44,78.586,Loan originated
1,475000.0,37,1205000.0,176.0,1,Not Hispanic or Latino,Asian,Male,25-34,39.583,Loan originated
1,625000.0,40,835000.0,259.0,1,Not Hispanic or Latino,Asian,Male,25-34,74.97,Loan originated
1,445000.0,20%-<30%,555000.0,219.0,1,Not Hispanic or Latino,Asian,Male,25-34,80.0,Application denied
1,235000.0,48,245000.0,59.0,1,Not Hispanic or Latino,White,Female,35-44,96.8,Loan originated
1,665000.0,30%-<36%,665000.0,274.0,1,Not Hispanic or Latino,White,Male,35-44,100.0,Loan originated
1,265000.0,48,465000.0,72.0,1,Not Hispanic or Latino,White,Female,45-54,56.989,Loan originated
1,565000.0,46,625000.0,143.0,1,Hispanic or Latino,White,Female,25-34,89.9,Loan originated
1,265000.0,49,335000.0,63.0,1,Hispanic or Latino,White,Male,25-34,80.0,Loan originated
1,1095000.0,42,1155000.0,295.0,1,Not Hispanic or Latino,White,Male,35-44,95.0,Loan originated
1,345000.0,30%-<36%,425000.0,98.0,1,Not Hispanic or Latino,White,Male,25-34,80.0,Loan originated
1,545000.0,44,845000.0,131.0,1,Not Hispanic or Latino,White,Female,65-74,64.5,Loan originated
1,685000.0,30%-<36%,865000.0,206.0,1,Not Hispanic or Latino,Asian,Male,35-44,80.0,Loan originated
1,515000.0,39,925000.0,137.0,1,Not Hispanic or Latino,White,Female,55-64,55.45,Loan originated
1,485000.0,49,665000.0,121.0,1,Not Hispanic or Latino,White,Female,45-54,72.782,Loan originated
1,645000.0,20%-<30%,715000.0,310.0,1,Not Hispanic or Latino,White,Female,55-64,90.0,Loan originated
1,415000.0,49,605000.0,122.0,1,Hispanic or Latino,White,Female,35-44,97.0,Loan originated
1,355000.0,>60%,1255000.0,54.0,1,Hispanic or Latino,White,Male,65-74,27.89,Application denied
1,485000.0,20%-<30%,605000.0,232.0,1,Hispanic or Latino,White,Male,35-44,80.0,Loan originated
1,225000.0,47,335000.0,45.0,1,Hispanic or Latino,White,Male,55-64,100.152,Loan originated
1,605000.0,48,755000.0,154.0,1,Not Hispanic or Latino,Black or African American,Female,45-54,80.0,Loan originated
1,625000.0,49,895000.0,141.0,1,Not Hispanic or Latino,Asian,Female,35-44,70.0,Loan originated
1,515000.0,48,645000.0,103.0,1,Not Hispanic or Latino,White,Male,35-44,80.0,Loan originated
1,535000.0,49,565000.0,307.0,1,Not Hispanic or Latino,White,Female,55-64,95.0,Loan originated
1,605000.0,49,1305000.0,173.0,1,Not Hispanic or Latino,Asian,Female,25-34,46.154,Loan originated
1,485000.0,20%-<30%,605000.0,266.0,1,Hispanic or Latino,White,Male,35-44,80.0,Loan originated
1,595000.0,44,745000.0,150.0,1,Not Hispanic or Latino,White,Male,45-54,80.0,Loan originated
1,465000.0,49,485000.0,154.0,1,Not Hispanic or Latino,Black or African American,Male,35-44,95.0,Loan originated
1,575000.0,43,635000.0,131.0,1,Hispanic or Latino,White,Female,35-44,90.0,Loan originated
1,615000.0,45,645000.0,206.0,1,Hispanic or Latino,White,Male,>74,95.0,Loan originated
1,1005000.0,38,1285000.0,329.0,1,Not Hispanic or Latino,White,Female,35-44,80.0,Application denied
1,1125000.0,40,1405000.0,436.0,1,Not Hispanic or Latino,Asian,Male,35-44,80.0,Loan originated
1,655000.0,<20%,825000.0,348.0,1,Not Hispanic or Latino,White,Male,35-44,80.0,Loan originated
1,345000.0,44,385000.0,99.0,1,Hispanic or Latino,White,Male,25-34,90.0,Loan originated
1,735000.0,30%-<36%,775000.0,214.0,1,Not Hispanic or Latino,Asian,Male,35-44,95.0,Loan originated
1,365000.0,44,665000.0,94.0,1,Not Hispanic or Latino,Asian,Female,25-34,54.89,Loan originated
1,955000.0,30%-<36%,1375000.0,315.0,1,Not Hispanic or Latino,White,Male,25-34,70.0,Loan originated
1,285000.0,42,355000.0,82.0,1,Not Hispanic or Latino,White,Female,25-34,80.0,Loan originated
1,485000.0,20%-<30%,875000.0,221.0,1,Not Hispanic or Latino,White,Female,35-44,54.858,Loan originated
1,205000.0,47,225000.0,81.0,1,Not Hispanic or Latino,White,Male,35-44,95.0,Loan originated
1,595000.0,30%-<36%,695000.0,178.0,1,Hispanic or Latino,White,Male,35-44,85.0,Loan originated
1,375000.0,49,395000.0,75.0,1,Hispanic or Latino,White,Female,25-34,98.0,Loan originated
1,605000.0,39,675000.0,162.0,1,Not Hispanic or Latino,Asian,Male,35-44,90.0,Loan originated
1,165000.0,30%-<36%,315000.0,71.0,1,Not Hispanic or Latino,White,Female,55-64,52.381,Loan originated
1,385000.0,44,405000.0,93.0,1,Hispanic or Latino,White,Female,35-44,95.0,Loan originated
1,885000.0,49,1105000.0,187.0,1,Not Hispanic or Latino,Asian,Male,25-34,80.0,Loan originated
1,735000.0,38,825000.0,195.0,1,Not Hispanic or Latino,White,Male,55-64,90.0,Loan originated
1,705000.0,20%-<30%,1595000.0,411.0,1,Not Hispanic or Latino,Asian,Male,35-44,43.805,Loan originated
1,385000.0,49,405000.0,132.0,1,Not Hispanic or Latino,White,Male,25-34,95.0,Loan originated
1,485000.0,49,625000.0,116.0,1,Not Hispanic or Latino,Asian,Male,25-34,77.086,Loan originated
1,495000.0,47,1435000.0,312.0,1,Not Hispanic or Latino,White,Male,65-74,34.843,Loan originated
1,365000.0,48,455000.0,91.0,1,Hispanic or Latino,White,Male,35-44,80.0,Loan originated
1,565000.0,20%-<30%,755000.0,256.0,1,Not Hispanic or Latino,White,Male,55-64,75.0,Loan originated
1,705000.0,40,885000.0,187.0,1,Not Hispanic or Latino,White,Male,25-34,80.0,Loan originated
1,695000.0,37,865000.0,357.0,1,Hispanic or Latino,White,Male,35-44,80.0,Loan originated
1,95000.0,20%-<30%,265000.0,63.0,1,Not Hispanic or Latino,White,Female,65-74,34.615,Loan originated
1,295000.0,49,495000.0,75.0,1,Not Hispanic or Latino,Asian,Male,25-34,93.0,Application denied
1,525000.0,47,705000.0,108.0,1,Not Hispanic or Latino,White,Male,25-34,75.0,Loan originated
1,555000.0,42,625000.0,136.0,1,Not Hispanic or Latino,White,Male,45-54,89.517,Loan originated
1,325000.0,44,1965000.0,210.0,1,Not Hispanic or Latino,White,Male,35-44,16.539,Loan originated
1,335000.0,41,415000.0,129.0,1,Not Hispanic or Latino,White,Male,65-74,80.0,Loan originated
1,525000.0,49,545000.0,115.0,1,Hispanic or Latino,White,Male,45-54,95.0,Loan originated
1,765000.0,41,1135000.0,325.0,1,Not Hispanic or Latino,White,Male,35-44,95.0,Loan originated
1,765000.0,48,1025000.0,303.0,1,Not Hispanic or Latino,Black or African American,Male,35-44,74.78,Loan originated
1,465000.0,42,485000.0,148.0,1,Hispanic or Latino,White,Male,25-34,95.0,Loan originated
1,625000.0,46,865000.0,228.0,1,Not Hispanic or Latino,Asian,Male,45-54,72.706,Loan originated
1,505000.0,50%-60%,925000.0,107.0,1,Not Hispanic or Latino,Asian,Male,55-64,54.348,Loan originated
1,165000.0,20%-<30%,485000.0,72.0,1,Not Hispanic or Latino,White,Male,35-44,34.536,Loan originated
1,665000.0,44,755000.0,207.0,1,Not Hispanic or Latino,White,Male,55-64,95.0,Application denied
1,605000.0,48,645000.0,149.0,1,Not Hispanic or Latino,Asian,Female,25-34,95.0,Loan originated
1,275000.0,44,375000.0,66.0,1,Hispanic or Latino,White,Female,35-44,75.0,Loan originated
1,395000.0,37,405000.0,119.0,1,Hispanic or Latino,White,Male,25-34,100.0,Loan originated
1,325000.0,<20%,435000.0,2298.0,1,Not Hispanic or Latino,White,Male,<25,75.0,Loan originated
1,415000.0,30%-<36%,655000.0,160.0,1,Not Hispanic or Latino,Asian,Male,45-54,64.0,Loan originated
1,805000.0,41,1325000.0,283.0,1,Hispanic or Latino,White,Female,25-34,75.0,Loan originated
1,925000.0,>60%,965000.0,212.0,1,Not Hispanic or Latino,White,Female,35-44,95.0,Application denied
1,615000.0,20%-<30%,765000.0,263.0,1,Not Hispanic or Latino,White,Female,25-34,80.0,Loan originated
1,625000.0,47,695000.0,142.0,1,Not Hispanic or Latino,White,Female,35-44,89.99,Loan originated
1,505000.0,49,605000.0,110.0,1,Not Hispanic or Latino,White,Female,65-74,83.564,Loan originated
1,755000.0,44,945000.0,204.0,1,Hispanic or Latino,White,Female,45-54,80.0,Loan originated
1,315000.0,47,495000.0,143.0,1,Not Hispanic or Latino,White,Female,45-54,65.0,Loan originated
1,135000.0,20%-<30%,305000.0,84.0,1,Not Hispanic or Latino,Asian,Male,55-64,44.26,Loan originated
1,555000.0,30%-<36%,695000.0,238.0,1,Hispanic or Latino,White,Male,35-44,80.0,Loan originated
1,125000.0,39,375000.0,50.0,1,Not Hispanic or Latino,White,Female,55-64,32.92,Loan originated
1,455000.0,47,915000.0,108.0,1,Hispanic or Latino,White,Male,45-54,49.45,Loan originated
1,645000.0,46,865000.0,159.0,1,Not Hispanic or Latino,Asian,Male,35-44,75.0,Loan originated
1,365000.0,44,385000.0,110.0,1,Not Hispanic or Latino,White,Male,65-74,95.0,Loan originated
1,415000.0,39,525000.0,125.0,1,Not Hispanic or Latino,Black or African American,Female,35-44,80.0,Loan originated
1,335000.0,43,1105000.0,99.0,1,Not Hispanic or Latino,Asian,Male,25-34,30.0,Loan originated
1,15000.0,40,335000.0,119.0,1,Not Hispanic or Latino,Black or African American,Female,55-64,98.5,Loan originated
1,415000.0,37,455000.0,111.0,1,Hispanic or Latino,Native Hawaiian or Other Pacific Islander,Male,25-34,89.99,Loan originated
1,565000.0,49,605000.0,167.0,1,Not Hispanic or Latino,Native Hawaiian or Other Pacific Islander,Female,25-34,94.98,Loan originated
1,805000.0,30%-<36%,1185000.0,292.0,1,Not Hispanic or Latino,White,Female,45-54,67.797,Loan originated
1,625000.0,38,775000.0,188.0,1,Hispanic or Latino,White,Male,45-54,80.0,Loan originated
1,705000.0,38,785000.0,256.0,1,Not Hispanic or Latino,White,Female,<25,89.987,Loan originated
1,765000.0,45,815000.0,153.0,1,Hispanic or Latino,White,Male,35-44,93.855,Application denied
1,525000.0,40,725000.0,175.0,1,Not Hispanic or Latino,White,Male,35-44,72.333,Loan originated
1,425000.0,45,855000.0,118.0,1,Hispanic or Latino,Black or African American,Female,35-44,102.306,Loan originated
1,1005000.0,37,1425000.0,432.0,1,Not Hispanic or Latino,Asian,Male,25-34,70.274,Loan originated
1,345000.0,47,365000.0,67.0,1,Hispanic or Latino,White,Female,25-34,95.0,Loan originated
1,435000.0,49,465000.0,111.0,1,Not Hispanic or Latino,Asian,Male,25-34,94.999,Loan originated
1,805000.0,40,1255000.0,413.0,1,Not Hispanic or Latino,Asian,Male,45-54,89.99,Loan originated
1,1025000.0,38,1275000.0,230.0,1,Not Hispanic or Latino,White,Female,35-44,80.0,Loan originated
1,655000.0,46,875000.0,177.0,1,Not Hispanic or Latino,Asian,Male,25-34,75.0,Loan originated
1,655000.0,30%-<36%,935000.0,207.0,1,Not Hispanic or Latino,Asian,Male,45-54,70.0,Loan originated
1,635000.0,42,795000.0,145.0,1,Not Hispanic or Latino,White,Male,25-34,80.0,Loan originated
1,85000.0,42,115000.0,55.0,1,Hispanic or Latino,White,Male,65-74,76.52,Loan originated
1,425000.0,49,455000.0,179.0,1,Not Hispanic or Latino,Asian,Male,25-34,95.0,Loan originated
1,925000.0,<20%,1155000.0,674.0,1,Hispanic or Latino,White,Female,35-44,80.0,Loan originated
1,455000.0,37,675000.0,141.0,1,Not Hispanic or Latino,American Indian or Alaska Native,Male,25-34,66.38,Loan originated
1,145000.0,48,505000.0,55.0,1,Hispanic or Latino,White,Male,<25,29.477,Loan originated
1,635000.0,43,705000.0,141.0,1,Not Hispanic or Latino,Black or African American,Male,25-34,90.0,Loan originated
1,185000.0,46,585000.0,69.0,1,Not Hispanic or Latino,Black or African American,Male,35-44,31.624,Loan originated
1,485000.0,48,925000.0,119.0,1,Not Hispanic or Latino,White,Male,35-44,52.476,Loan originated
1,745000.0,39,935000.0,188.0,1,Not Hispanic or Latino,Asian,Male,45-54,80.0,Loan originated
1,725000.0,44,765000.0,181.0,1,Not Hispanic or Latino,Black or African American,Female,55-64,95.0,Loan originated
1,345000.0,49,435000.0,83.0,1,Not Hispanic or Latino,White,Male,45-54,80.0,Loan originated
1,155000.0,30%-<36%,555000.0,80.0,1,Not Hispanic or Latino,White,Female,45-54,26.985,Loan originated
1,305000.0,45,325000.0,82.0,1,Not Hispanic or Latino,White,Male,25-34,95.0,Loan originated
1,555000.0,40,855000.0,173.0,1,Not Hispanic or Latino,Asian,Male,25-34,65.0,Loan originated
1,805000.0,39,1105000.0,199.0,1,Not Hispanic or Latino,Asian,Male,35-44,72.727,Loan originated
1,905000.0,50%-60%,955000.0,239.0,1,Not Hispanic or Latino,White,Male,35-44,95.0,Application denied
1,375000.0,42,385000.0,93.0,1,Hispanic or Latino,White,Male,35-44,100.0,Application denied
1,345000.0,46,785000.0,81.0,1,Hispanic or Latino,White,Male,35-44,44.665,Loan originated
1,935000.0,38,1255000.0,250.0,1,Not Hispanic or Latino,White,Male,35-44,75.0,Loan originated
1,895000.0,49,1195000.0,414.0,1,Not Hispanic or Latino,Asian,Male,45-54,75.0,Loan originated
1,615000.0,49,775000.0,170.0,1,Not Hispanic or Latino,Asian,Female,25-34,80.0,Loan originated
1,1085000.0,48,1475000.0,210.0,1,Not Hispanic or Latino,Asian,Female,35-44,74.0,Loan originated
1,455000.0,30%-<36%,515000.0,143.0,1,Not Hispanic or Latino,Black or African American,Male,55-64,90.0,Loan originated
1,845000.0,47,1125000.0,218.0,1,Not Hispanic or Latino,White,Male,55-64,75.0,Loan originated
1,325000.0,43,335000.0,77.0,1,Not Hispanic or Latino,White,Female,25-34,97.0,Loan originated
1,615000.0,>60%,645000.0,142.0,1,Not Hispanic or Latino,White,Male,25-34,95.0,Application denied
1,745000.0,45,775000.0,231.0,1,Not Hispanic or Latino,Black or African American,Male,55-64,95.0,Loan originated
1,195000.0,50%-60%,255000.0,43.0,1,Hispanic or Latino,White,Male,35-44,79.92,Loan originated
1,105000.0,44,125000.0,138.0,1,Not Hispanic or Latino,White,Male,45-54,84.31,Loan originated
1,885000.0,48,1105000.0,228.0,1,Not Hispanic or Latino,White,Male,<25,80.0,Loan originated
1,395000.0,>60%,465000.0,49.0,1,Hispanic or Latino,White,Female,35-44,83.671,Application denied
1,565000.0,20%-<30%,705000.0,200.0,1,Not Hispanic or Latino,White,Male,45-54,80.0,Loan originated
1,425000.0,39,515000.0,145.0,1,Not Hispanic or Latino,White,Female,35-44,81.553,Loan originated
1,655000.0,36,775000.0,221.0,1,Not Hispanic or Latino,White,Male,35-44,83.871,Loan originated
1,275000.0,39,355000.0,67.0,1,Hispanic or Latino,White,Female,35-44,77.591,Loan originated
1,635000.0,43,1485000.0,176.0,1,Not Hispanic or Latino,White,Female,45-54,42.906,Loan originated
1,375000.0,20%-<30%,465000.0,190.0,1,Not Hispanic or Latino,White,Male,55-64,80.0,Loan originated
1,425000.0,30%-<36%,455000.0,165.0,1,Hispanic or Latino,White,Female,35-44,95.0,Loan originated
1,695000.0,41,875000.0,155.0,1,Not Hispanic or Latino,Black or African American,Female,35-44,80.0,Loan originated
1,1045000.0,30%-<36%,1745000.0,318.0,1,Not Hispanic or Latino,White,Female,35-44,59.771,Loan originated
1,425000.0,47,445000.0,109.0,1,Hispanic or Latino,White,Male,35-44,95.0,Loan originated
1,345000.0,49,455000.0,83.0,1,Not Hispanic or Latino,Black or African American,Female,45-54,101.538,Loan originated
1,695000.0,48,815000.0,199.0,1,Not Hispanic or Latino,Black or African American,Male,35-44,85.0,Loan originated
1,545000.0,36,905000.0,215.0,1,Not Hispanic or Latino,White,Female,45-54,60.0,Loan originated
1,695000.0,30%-<36%,875000.0,240.0,1,Not Hispanic or Latino,Asian,Male,35-44,80.0,Loan originated
1,345000.0,20%-<30%,385000.0,204.0,1,Hispanic or Latino,White,Female,35-44,90.0,Loan originated
1,295000.0,47,365000.0,234.0,1,Not Hispanic or Latino,White,Female,55-64,80.0,Loan originated
1,525000.0,45,695000.0,114.0,1,Not Hispanic or Latino,Asian,Male,35-44,74.96,Loan originated
1,415000.0,40,555000.0,99.0,1,Hispanic or Latino,White,Male,25-34,95.0,Loan originated
1,165000.0,44,165000.0,73.0,1,Not Hispanic or Latino,White,Female,35-44,95.0,Loan originated
1,875000.0,49,1505000.0,224.0,1,Not Hispanic or Latino,White,Male,25-34,59.0,Loan originated
1,645000.0,49,715000.0,199.0,1,Not Hispanic or Latino,Asian,Female,55-64,90.0,Loan originated
1,145000.0,49,735000.0,94.0,1,Hispanic or Latino,White,Female,55-64,19.864,Loan originated
1,845000.0,49,885000.0,191.0,1,Hispanic or Latino,Asian,Female,25-34,95.0,Loan originated
1,185000.0,20%-<30%,285000.0,95.0,1,Hispanic or Latino,White,Female,35-44,65.157,Loan originated
1,935000.0,44,1105000.0,202.0,1,Not Hispanic or Latino,White,Female,35-44,85.0,Loan originated
1,635000.0,47,795000.0,187.0,1,Not Hispanic or Latino,Asian,Female,65-74,80.0,Loan originated
1,525000.0,48,875000.0,123.0,1,Not Hispanic or Latino,Asian,Female,<25,59.98,Loan originated
1,485000.0,45,785000.0,108.0,1,Not Hispanic or Latino,White,Male,35-44,61.977,Loan originated
1,595000.0,47,745000.0,147.0,1,Not Hispanic or Latino,White,Male,<25,80.0,Loan originated
1,395000.0,41,425000.0,95.0,1,Hispanic or Latino,White,Male,45-54,95.0,Loan originated
1,375000.0,20%-<30%,395000.0,182.0,1,Hispanic or Latino,White,Female,35-44,95.0,Loan originated
1,645000.0,49,725000.0,120.0,1,Hispanic or Latino,White,Male,25-34,89.5,Loan originated
1,585000.0,50%-60%,605000.0,111.0,1,Hispanic or Latino,White,Female,<25,96.667,Application denied
1,1075000.0,48,1655000.0,250.0,1,Not Hispanic or Latino,Asian,Male,25-34,65.0,Application denied
1,775000.0,30%-<36%,965000.0,680.0,1,Not Hispanic or Latino,White,Male,25-34,80.0,Loan originated
1,785000.0,36,1115000.0,392.0,1,Not Hispanic or Latino,White,Male,55-64,70.0,Application denied
1,165000.0,48,685000.0,56.0,1,Hispanic or Latino,American Indian or Alaska Native,Male,55-64,23.863,Loan originated
1,655000.0,43,1455000.0,184.0,1,Not Hispanic or Latino,White,Female,>74,46.25,Loan originated
1,725000.0,37,1455000.0,244.0,1,Not Hispanic or Latino,Asian,Male,25-34,50.0,Loan originated
1,675000.0,46,845000.0,197.0,1,Not Hispanic or Latino,Asian,Male,35-44,80.0,Loan originated
1,275000.0,37,375000.0,65.0,1,Not Hispanic or Latino,Asian,Female,45-54,75.0,Loan originated
1,675000.0,37,845000.0,185.0,1,Not Hispanic or Latino,White,Female,35-44,80.0,Loan originated
1,535000.0,49,685000.0,111.0,1,Hispanic or Latino,White,Male,25-34,77.7,Loan originated
1,395000.0,40,495000.0,108.0,1,Not Hispanic or Latino,White,Male,25-34,79.883,Loan originated
1,995000.0,46,1245000.0,220.0,1,Not Hispanic or Latino,White,Male,35-44,80.0,Loan originated
1,745000.0,50%-60%,795000.0,187.0,1,Hispanic or Latino,White,Male,25-34,94.129,Application denied
1,605000.0,30%-<36%,2305000.0,230.0,1,Not Hispanic or Latino,Asian,Male,25-34,26.087,Loan originated
1,755000.0,47,1375000.0,170.0,1,Not Hispanic or Latino,White,Male,55-64,55.0,Loan originated
1,515000.0,44,645000.0,124.0,1,Not Hispanic or Latino,White,Male,25-34,80.0,Loan originated
1,505000.0,45,935000.0,118.0,1,Not Hispanic or Latino,Asian,Male,45-54,53.763,Loan originated
1,635000.0,44,675000.0,152.0,1,Hispanic or Latino,White,Male,<25,95.0,Loan originated
1,975000.0,50%-60%,1265000.0,193.0,1,Not Hispanic or Latino,Asian,Female,45-54,77.381,Application denied
1,465000.0,40,665000.0,250.0,1,Not Hispanic or Latino,Asian,Male,35-44,69.697,Loan originated
1,315000.0,47,335000.0,81.0,1,Hispanic or Latino,White,Male,25-34,95.0,Loan originated
1,845000.0,48,1205000.0,167.0,1,Not Hispanic or Latino,Asian,Female,35-44,70.0,Loan originated
1,465000.0,49,585000.0,88.0,1,Not Hispanic or Latino,Asian,Male,35-44,79.558,Loan originated
1,355000.0,49,755000.0,79.0,1,Not Hispanic or Latino,White,Male,25-34,46.667,Loan originated
1,625000.0,36,645000.0,197.0,1,Not Hispanic or Latino,White,Male,<25,97.0,Loan originated
1,105000.0,40,575000.0,54.0,1,Not Hispanic or Latino,White,Male,55-64,18.0,Loan originated
1,965000.0,36,1215000.0,300.0,1,Not Hispanic or Latino,Asian,Male,35-44,80.0,Loan originated
1,665000.0,41,835000.0,193.0,1,Not Hispanic or Latino,Asian,Male,35-44,80.0,Loan originated
1,465000.0,30%-<36%,575000.0,152.0,1,Not Hispanic or Latino,Black or African American,Male,55-64,80.0,Loan originated
1,515000.0,30%-<36%,655000.0,200.0,1,Not Hispanic or Latino,Asian,Male,45-54,78.0,Loan originated
1,775000.0,38,825000.0,203.0,1,Not Hispanic or Latino,White,Male,25-34,95.0,Loan originated
1,645000.0,44,675000.0,194.0,1,Not Hispanic or Latino,White,Male,35-44,95.0,Loan originated
1,1025000.0,40,1275000.0,300.0,1,Not Hispanic or Latino,White,Male,35-44,80.0,Loan originated
1,585000.0,49,885000.0,273.0,1,Not Hispanic or Latino,Black or African American,Female,45-54,66.102,Loan originated
1,835000.0,20%-<30%,985000.0,250.0,1,Not Hispanic or Latino,Asian,Male,35-44,85.0,Loan originated
1,655000.0,30%-<36%,695000.0,179.0,1,Not Hispanic or Latino,Asian,Male,25-34,95.0,Loan originated
1,645000.0,37,675000.0,170.0,1,Hispanic or Latino,White,Female,25-34,95.0,Loan originated
1,765000.0,44,915000.0,188.0,1,Not Hispanic or Latino,Asian,Female,25-34,83.502,Loan originated
1,605000.0,45,755000.0,168.0,1,Not Hispanic or Latino,Asian,Male,45-54,80.0,Loan originated
1,535000.0,37,665000.0,220.0,1,Not Hispanic or Latino,White,Female,55-64,80.0,Loan originated
1,665000.0,30%-<36%,835000.0,206.0,1,Not Hispanic or Latino,White,Female,45-54,80.0,Loan originated
1,395000.0,45,425000.0,86.0,1,Hispanic or Latino,White,Female,25-34,93.78,Loan originated
1,325000.0,39,405000.0,78.0,1,Not Hispanic or Latino,White,Male,45-54,80.0,Loan originated
1,455000.0,43,575000.0,176.0,1,Hispanic or Latino,White,Male,25-34,80.0,Loan originated
1,755000.0,50%-60%,1755000.0,358.0,1,Not Hispanic or Latino,White,Female,45-54,42.74,Application denied
1,315000.0,40,495000.0,163.0,1,Hispanic or Latino,White,Female,55-64,62.65,Application denied
1,635000.0,43,965000.0,153.0,1,Not Hispanic or Latino,White,Male,35-44,65.285,Loan originated
1,355000.0,44,805000.0,98.0,1,Not Hispanic or Latino,Asian,Male,45-54,43.479,Loan originated
1,475000.0,37,975000.0,141.0,1,Not Hispanic or Latino,White,Male,35-44,48.875,Loan originated
1,765000.0,40,955000.0,187.0,1,Hispanic or Latino,White,Female,45-54,80.0,Loan originated
1,845000.0,46,995000.0,201.0,1,Not Hispanic or Latino,Asian,Male,25-34,84.938,Loan originated
1,1045000.0,42,1395000.0,250.0,1,Not Hispanic or Latino,White,Male,45-54,75.0,Loan originated
1,645000.0,44,815000.0,180.0,1,Not Hispanic or Latino,White,Male,35-44,80.0,Loan originated
1,265000.0,49,535000.0,68.0,1,Not Hispanic or Latino,Asian,Male,55-64,48.961,Loan originated
1,325000.0,44,405000.0,71.0,1,Not Hispanic or Latino,Asian,Male,25-34,80.0,Application denied
1,1145000.0,43,1765000.0,480.0,1,Not Hispanic or Latino,White,Female,35-44,64.989,Loan originated
1,405000.0,36,445000.0,103.0,1,Not Hispanic or Latino,White,Female,25-34,90.0,Loan originated
1,315000.0,50%-60%,385000.0,68.0,1,Not Hispanic or Latino,Asian,Female,25-34,83.16,Application denied
1,145000.0,41,145000.0,55.0,1,Not Hispanic or Latino,Black or African American,Female,65-74,97.0,Loan originated
1,305000.0,45,325000.0,67.0,1,Not Hispanic or Latino,Asian,Male,25-34,95.0,Loan originated
1,175000.0,20%-<30%,655000.0,120.0,1,Not Hispanic or Latino,White,Female,65-74,26.15,Loan originated
1,325000.0,49,375000.0,72.0,1,Not Hispanic or Latino,White,Female,25-34,84.32,Loan originated
1,435000.0,44,455000.0,107.0,1,Not Hispanic or Latino,White,Male,25-34,96.468,Loan originated
1,185000.0,20%-<30%,285000.0,100.0,1,Hispanic or Latino,White,Male,65-74,64.286,Loan originated
1,665000.0,20%-<30%,825000.0,250.0,1,Not Hispanic or Latino,Asian,Male,25-34,79.97,Application denied
1,1005000.0,41,2545000.0,407.0,1,Not Hispanic or Latino,Asian,Female,45-54,39.297,Loan originated
1,795000.0,47,995000.0,174.0,1,Not Hispanic or Latino,White,Male,35-44,80.0,Loan originated
1,795000.0,46,995000.0,182.0,1,Not Hispanic or Latino,Asian,Female,25-34,95.1,Loan originated
1,545000.0,20%-<30%,675000.0,313.0,1,Hispanic or Latino,White,Male,25-34,80.0,Loan originated
1,765000.0,<20%,1665000.0,430.0,1,Not Hispanic or Latino,White,Male,25-34,45.783,Loan originated
1,785000.0,49,1025000.0,140.0,1,Not Hispanic or Latino,White,Male,45-54,76.844,Loan originated
1,685000.0,30%-<36%,1055000.0,294.0,1,Not Hispanic or Latino,Asian,Female,35-44,65.0,Loan originated
1,355000.0,20%-<30%,1155000.0,150.0,1,Not Hispanic or Latino,Asian,Male,35-44,30.736,Loan originated
1,535000.0,47,835000.0,190.0,1,Not Hispanic or Latino,White,Female,65-74,63.86,Loan originated
1,235000.0,39,825000.0,84.0,1,Not Hispanic or Latino,White,Female,55-64,28.902,Loan originated
1,325000.0,38,345000.0,113.0,1,Not Hispanic or Latino,White,Male,55-64,95.0,Loan originated
1,525000.0,41,885000.0,155.0,1,Not Hispanic or Latino,Asian,Female,35-44,59.091,Loan originated
1,295000.0,47,375000.0,69.0,1,Not Hispanic or Latino,Asian,Male,25-34,77.333,Loan originated
1,495000.0,30%-<36%,495000.0,169.0,1,Not Hispanic or Latino,White,Male,55-64,100.0,Loan originated
1,1005000.0,20%-<30%,1305000.0,372.0,1,Not Hispanic or Latino,White,Male,25-34,76.92,Loan originated
1,355000.0,49,875000.0,77.0,1,Not Hispanic or Latino,Asian,Female,25-34,40.0,Loan originated
1,295000.0,49,315000.0,70.0,1,Hispanic or Latino,White,Female,25-34,95.0,Loan originated
1,785000.0,37,875000.0,579.0,1,Not Hispanic or Latino,White,Male,45-54,90.0,Loan originated
1,325000.0,47,365000.0,90.0,1,Not Hispanic or Latino,White,Female,25-34,90.0,Loan originated
1,465000.0,46,645000.0,112.0,1,Not Hispanic or Latino,White,Male,55-64,72.171,Loan originated
1,495000.0,43,585000.0,111.0,1,Not Hispanic or Latino,White,Male,35-44,85.0,Loan originated
1,365000.0,47,405000.0,80.0,1,Hispanic or Latino,American Indian or Alaska Native,Female,25-34,89.0,Loan originated
1,505000.0,30%-<36%,525000.0,135.0,1,Not Hispanic or Latino,Asian,Male,25-34,97.0,Loan originated
1,395000.0,47,495000.0,130.0,1,Not Hispanic or Latino,White,Male,25-34,79.919,Loan originated
1,345000.0,48,965000.0,102.0,1,Not Hispanic or Latino,White,Female,45-54,35.677,Loan originated
1,355000.0,>60%,395000.0,81.0,1,Not Hispanic or Latino,White,Male,25-34,90.0,Application denied
1,345000.0,48,445000.0,77.0,1,Not Hispanic or Latino,Asian,Female,25-34,98.0,Loan originated
1,605000.0,49,755000.0,122.0,1,Not Hispanic or Latino,Asian,Male,25-34,83.0,Loan originated
1,135000.0,30%-<36%,635000.0,92.0,1,Not Hispanic or Latino,White,Male,25-34,21.26,Loan originated
1,425000.0,30%-<36%,755000.0,126.0,1,Not Hispanic or Latino,White,Male,25-34,56.0,Loan originated
1,705000.0,40,785000.0,161.0,1,Hispanic or Latino,White,Male,25-34,89.999,Loan originated
1,435000.0,37,495000.0,123.0,1,Not Hispanic or Latino,White,Female,25-34,87.959,Loan originated
1,495000.0,49,585000.0,111.0,1,Not Hispanic or Latino,Asian,Male,25-34,85.0,Loan originated
1,355000.0,30%-<36%,655000.0,139.0,1,Not Hispanic or Latino,Asian,Female,35-44,54.431,Loan originated
1,635000.0,50%-60%,705000.0,157.0,1,Not Hispanic or Latino,White,Female,25-34,90.0,Application denied
1,705000.0,47,785000.0,198.0,1,Not Hispanic or Latino,White,Female,25-34,89.936,Loan originated
1,395000.0,48,495000.0,96.0,1,Not Hispanic or Latino,White,Female,55-64,80.0,Loan originated
1,335000.0,48,395000.0,71.0,1,Not Hispanic or Latino,White,Male,35-44,85.55,Loan originated
1,505000.0,42,905000.0,130.0,1,Hispanic or Latino,White,Female,45-54,55.556,Loan originated
1,685000.0,44,725000.0,144.0,1,Hispanic or Latino,White,Male,35-44,95.0,Loan originated
1,415000.0,50%-60%,595000.0,68.0,1,Hispanic or Latino,White,Male,25-34,70.0,Application denied
1,595000.0,43,745000.0,391.0,1,Not Hispanic or Latino,White,Female,55-64,80.0,Application denied
1,365000.0,45,455000.0,89.0,1,Hispanic or Latino,White,Female,25-34,80.0,Loan originated
1,665000.0,37,815000.0,179.0,1,Not Hispanic or Latino,Asian,Female,25-34,82.094,Loan originated
1,615000.0,49,655000.0,137.0,1,Hispanic or Latino,American Indian or Alaska Native,Male,25-34,95.0,Application denied
1,605000.0,46,765000.0,144.0,1,Not Hispanic or Latino,Asian,Male,35-44,80.0,Loan originated
1,315000.0,30%-<36%,335000.0,121.0,1,Hispanic or Latino,White,Male,35-44,95.0,Loan originated
1,815000.0,50%-60%,875000.0,251.0,1,Not Hispanic or Latino,Black or African American,Female,35-44,93.0,Loan originated
1,735000.0,45,985000.0,447.0,1,Not Hispanic or Latino,White,Female,55-64,75.0,Loan originated
1,225000.0,48,375000.0,45.0,1,Not Hispanic or Latino,White,Male,25-34,60.0,Loan originated
1,455000.0,37,565000.0,124.0,1,Not Hispanic or Latino,Asian,Female,25-34,80.0,Loan originated
1,495000.0,47,625000.0,120.0,1,Not Hispanic or Latino,White,Female,25-34,80.0,Loan originated
1,765000.0,38,965000.0,245.0,1,Not Hispanic or Latino,Asian,Male,35-44,80.0,Loan originated
1,955000.0,44,1685000.0,212.0,1,Not Hispanic or Latino,Asian,Male,25-34,56.38,Loan originated
1,585000.0,49,605000.0,127.0,1,Not Hispanic or Latino,White,Female,25-34,97.0,Loan originated
1,535000.0,46,805000.0,120.0,1,Not Hispanic or Latino,Asian,Male,35-44,66.46,Loan originated
1,765000.0,48,875000.0,190.0,1,Not Hispanic or Latino,White,Male,25-34,87.43,Loan originated
1,75000.0,30%-<36%,95000.0,153.0,1,Not Hispanic or Latino,White,Male,55-64,79.98,Loan originated
1,355000.0,48,375000.0,93.0,1,Hispanic or Latino,White,Male,55-64,97.0,Application denied
1,455000.0,42,705000.0,118.0,1,Not Hispanic or Latino,Asian,Female,35-44,65.0,Loan originated
1,435000.0,40,545000.0,113.0,1,Not Hispanic or Latino,White,Female,25-34,80.0,Loan originated
1,235000.0,46,535000.0,82.0,1,Not Hispanic or Latino,White,Female,55-64,43.396,Loan originated
1,205000.0,30%-<36%,645000.0,126.0,1,Not Hispanic or Latino,White,Female,55-64,30.888,Loan originated
1,605000.0,47,675000.0,153.0,1,Not Hispanic or Latino,White,Male,25-34,90.0,Loan originated
1,855000.0,41,1075000.0,203.0,1,Not Hispanic or Latino,White,Male,55-64,80.0,Loan originated
1,325000.0,48,445000.0,66.0,1,Hispanic or Latino,Asian,Female,25-34,74.0,Loan originated
1,475000.0,45,505000.0,140.0,1,Not Hispanic or Latino,White,Female,25-34,95.0,Loan originated
1,675000.0,48,755000.0,130.0,1,Not Hispanic or Latino,Asian,Male,35-44,90.0,Loan originated
1,715000.0,30%-<36%,955000.0,240.0,1,Not Hispanic or Latino,Asian,Male,35-44,74.878,Loan originated
1,315000.0,47,395000.0,82.0,1,Hispanic or Latino,White,Female,25-34,80.0,Loan originated
1,395000.0,48,545000.0,78.0,1,Not Hispanic or Latino,Asian,Male,35-44,72.54,Loan originated
1,575000.0,48,625000.0,175.0,1,Not Hispanic or Latino,Asian,Male,45-54,92.0,Loan originated
1,575000.0,48,595000.0,114.0,1,Hispanic or Latino,White,Male,35-44,99.521,Loan originated
1,505000.0,<20%,635000.0,401.0,1,Hispanic or Latino,White,Male,45-54,80.0,Loan originated
1,1075000.0,44,1345000.0,346.0,1,Not Hispanic or Latino,White,Female,35-44,80.0,Loan originated
1,415000.0,45,435000.0,339.0,1,Not Hispanic or Latino,White,Female,25-34,95.0,Loan originated
1,465000.0,48,495000.0,113.0,1,Hispanic or Latino,White,Female,55-64,95.0,Loan originated
1,1005000.0,20%-<30%,1445000.0,379.0,1,Not Hispanic or Latino,White,Male,25-34,70.0,Loan originated
1,315000.0,30%-<36%,515000.0,91.0,1,Not Hispanic or Latino,Asian,Female,35-44,61.0,Loan originated
1,255000.0,47,745000.0,74.0,1,Hispanic or Latino,White,Male,65-74,33.557,Loan originated
1,735000.0,47,775000.0,214.0,1,Not Hispanic or Latino,White,Male,45-54,95.0,Loan originated
1,325000.0,38,415000.0,132.0,1,Hispanic or Latino,White,Male,45-54,85.0,Loan originated
1,405000.0,20%-<30%,795000.0,223.0,1,Not Hispanic or Latino,White,Female,65-74,50.63,Loan originated
1,425000.0,30%-<36%,1405000.0,180.0,1,Not Hispanic or Latino,White,Male,25-34,30.357,Loan originated
1,735000.0,45,5665000.0,350.0,1,Not Hispanic or Latino,White,Male,45-54,13.0,Loan originated
1,255000.0,36,545000.0,60.0,1,Hispanic or Latino,White,Female,65-74,46.296,Loan originated
1,405000.0,37,1805000.0,215.0,1,Not Hispanic or Latino,White,Male,55-64,22.205,Loan originated
1,655000.0,45,685000.0,167.0,1,Hispanic or Latino,White,Female,25-34,95.0,Loan originated
1,455000.0,36,615000.0,154.0,1,Not Hispanic or Latino,White,Female,45-54,75.0,Loan originated
1,915000.0,48,1315000.0,235.0,1,Not Hispanic or Latino,White,Female,45-54,69.489,Loan originated
1,525000.0,41,695000.0,146.0,1,Not Hispanic or Latino,Asian,Male,35-44,75.0,Loan originated
1,545000.0,38,675000.0,148.0,1,Not Hispanic or Latino,White,Female,45-54,80.0,Loan originated
1,805000.0,20%-<30%,1355000.0,270.0,1,Not Hispanic or Latino,Asian,Male,25-34,59.259,Loan originated
1,355000.0,30%-<36%,675000.0,150.0,1,Not Hispanic or Latino,Asian,Male,35-44,51.852,Loan originated
1,755000.0,42,1255000.0,160.0,1,Not Hispanic or Latino,White,Female,55-64,60.0,Loan originated
1,325000.0,49,475000.0,78.0,1,Not Hispanic or Latino,White,Female,55-64,67.79,Loan originated
1,445000.0,46,975000.0,107.0,1,Not Hispanic or Latino,Asian,Female,55-64,45.641,Loan originated
1,445000.0,40,565000.0,133.0,1,Not Hispanic or Latino,White,Male,35-44,80.0,Loan originated
1,615000.0,30%-<36%,955000.0,199.0,1,Not Hispanic or Latino,Asian,Male,35-44,65.0,Loan originated
1,585000.0,30%-<36%,905000.0,189.0,1,Not Hispanic or Latino,White,Male,45-54,64.831,Loan originated
1,425000.0,49,445000.0,100.0,1,Hispanic or Latino,White,Female,<25,95.0,Loan originated
1,595000.0,49,615000.0,150.0,1,Hispanic or Latino,White,Male,35-44,97.0,Loan originated
1,455000.0,30%-<36%,655000.0,156.0,1,Not Hispanic or Latino,White,Male,25-34,69.231,Loan originated
1,305000.0,38,405000.0,178.0,1,Not Hispanic or Latino,White,Female,25-34,75.0,Loan originated
1,115000.0,20%-<30%,845000.0,100.0,1,Not Hispanic or Latino,White,Male,25-34,14.0,Loan originated
1,435000.0,40,545000.0,112.0,1,Hispanic or Latino,White,Female,45-54,80.0,Loan originated
1,535000.0,47,825000.0,116.0,1,Not Hispanic or Latino,Asian,Female,45-54,65.0,Loan originated
1,235000.0,39,255000.0,104.0,1,Hispanic or Latino,White,Male,45-54,95.0,Application denied
1,575000.0,41,605000.0,159.0,1,Not Hispanic or Latino,Asian,Female,25-34,95.04,Loan originated
1,595000.0,37,785000.0,275.0,1,Not Hispanic or Latino,White,Male,25-34,75.0,Loan originated
1,765000.0,48,1075000.0,160.0,1,Not Hispanic or Latino,Asian,Male,35-44,71.46,Loan originated
1,285000.0,40,355000.0,81.0,1,Hispanic or Latino,White,Female,45-54,80.0,Loan originated
1,625000.0,30%-<36%,855000.0,260.0,1,Hispanic or Latino,White,Male,35-44,75.0,Loan originated
1,515000.0,20%-<30%,645000.0,240.0,1,Not Hispanic or Latino,Asian,Male,25-34,80.0,Loan originated
1,575000.0,30%-<36%,715000.0,202.0,1,Hispanic or Latino,White,Male,45-54,80.0,Loan originated
1,135000.0,50%-60%,135000.0,86.0,1,Hispanic or Latino,American Indian or Alaska Native,Male,45-54,97.794,Application denied
1,675000.0,20%-<30%,845000.0,411.0,1,Not Hispanic or Latino,Asian,Male,35-44,80.0,Loan originated
1,365000.0,37,465000.0,132.0,1,Not Hispanic or Latino,Asian,Male,25-34,80.0,Loan originated
1,425000.0,36,535000.0,149.0,1,Not Hispanic or Latino,White,Male,35-44,80.0,Loan originated
1,505000.0,20%-<30%,805000.0,238.0,1,Not Hispanic or Latino,Asian,Male,25-34,62.5,Loan originated
1,635000.0,46,785000.0,320.0,1,Not Hispanic or Latino,White,Female,65-74,80.0,Loan originated
1,765000.0,45,1005000.0,347.0,1,Not Hispanic or Latino,Asian,Male,35-44,77.0,Loan originated
1,205000.0,20%-<30%,405000.0,124.0,1,Not Hispanic or Latino,White,Female,45-54,51.1,Loan originated
1,305000.0,30%-<36%,335000.0,130.0,1,Not Hispanic or Latino,White,Female,35-44,90.0,Loan originated
1,275000.0,49,515000.0,70.0,1,Not Hispanic or Latino,White,Male,25-34,53.125,Loan originated
1,255000.0,<20%,905000.0,379.0,1,Not Hispanic or Latino,White,Male,65-74,28.177,Loan originated
1,585000.0,30%-<36%,725000.0,173.0,1,Not Hispanic or Latino,White,Male,25-34,80.0,Loan originated
1,1065000.0,30%-<36%,1425000.0,344.0,1,Not Hispanic or Latino,White,Female,35-44,75.0,Loan originated
1,455000.0,41,1005000.0,214.0,1,Not Hispanic or Latino,Asian,Female,55-64,45.0,Loan originated
1,255000.0,45,325000.0,85.0,1,Not Hispanic or Latino,White,Male,35-44,80.0,Loan originated
1,355000.0,48,365000.0,93.0,1,Not Hispanic or Latino,White,Female,45-54,97.0,Loan originated
1,695000.0,44,875000.0,170.0,1,Not Hispanic or Latino,White,Male,25-34,80.0,Loan originated
1,315000.0,44,385000.0,67.0,1,Not Hispanic or Latino,Asian,Male,45-54,80.0,Loan originated
1,545000.0,47,775000.0,418.0,1,Not Hispanic or Latino,Asian,Female,<25,70.0,Loan originated
1,205000.0,49,275000.0,166.0,1,Not Hispanic or Latino,Asian,Female,65-74,75.0,Loan originated
1,225000.0,20%-<30%,445000.0,132.0,1,Not Hispanic or Latino,White,Male,55-64,50.0,Loan originated
1,485000.0,49,515000.0,135.0,1,Not Hispanic or Latino,White,Male,25-34,95.0,Loan originated
1,625000.0,48,655000.0,170.0,1,Not Hispanic or Latino,Asian,Male,45-54,94.99,Loan originated
1,595000.0,20%-<30%,745000.0,336.0,1,Not Hispanic or Latino,White,Male,55-64,80.0,Loan originated
1,485000.0,43,645000.0,145.0,1,Hispanic or Latino,White,Male,35-44,75.0,Loan originated
1,655000.0,47,1565000.0,157.0,1,Not Hispanic or Latino,White,Female,25-34,41.57,Loan originated
1,255000.0,44,1005000.0,106.0,1,Not Hispanic or Latino,Asian,Female,55-64,25.38,Application denied
1,35000.0,50%-60%,115000.0,30.0,1,Not Hispanic or Latino,White,Male,65-74,35.13,Application denied
1,95000.0,30%-<36%,115000.0,70.0,1,Hispanic or Latino,White,Male,25-34,80.0,Loan originated
1,575000.0,48,605000.0,113.0,1,Not Hispanic or Latino,Black or African American,Female,45-54,98.0,Loan originated
1,365000.0,44,565000.0,87.0,1,Not Hispanic or Latino,Asian,Male,45-54,63.39,Loan originated
1,835000.0,36,885000.0,224.0,1,Not Hispanic or Latino,White,Male,35-44,94.32,Loan originated
1,595000.0,40,665000.0,142.0,1,Not Hispanic or Latino,White,Male,35-44,90.0,Loan originated
1,405000.0,48,705000.0,96.0,1,Not Hispanic or Latino,White,Female,55-64,57.14,Loan originated
1,605000.0,45,675000.0,184.0,1,Not Hispanic or Latino,Black or African American,Female,55-64,90.0,Loan originated
1,445000.0,49,465000.0,88.0,1,Hispanic or Latino,White,Male,35-44,96.74,Loan originated
1,765000.0,30%-<36%,985000.0,208.0,1,Hispanic or Latino,White,Male,25-34,78.219,Loan originated
1,275000.0,40,825000.0,114.0,1,Not Hispanic or Latino,White,Male,45-54,33.333,Loan originated
1,15000.0,37,365000.0,134.0,1,Hispanic or Latino,White,Male,35-44,100.0,Loan originated
1,505000.0,30%-<36%,755000.0,165.0,1,Not Hispanic or Latino,White,Female,45-54,66.667,Loan originated
1,735000.0,48,915000.0,173.0,1,Not Hispanic or Latino,Asian,Female,35-44,80.0,Loan originated
1,355000.0,48,615000.0,81.0,1,Not Hispanic or Latino,Asian,Male,35-44,57.0,Loan originated
1,535000.0,30%-<36%,705000.0,239.0,1,Not Hispanic or Latino,White,Female,35-44,75.0,Loan originated
1,525000.0,49,655000.0,119.0,1,Hispanic or Latino,White,Male,35-44,80.0,Loan originated
1,425000.0,47,505000.0,102.0,1,Not Hispanic or Latino,Asian,Male,25-34,85.0,Loan originated
1,465000.0,45,585000.0,102.0,1,Hispanic or Latino,White,Male,45-54,80.0,Loan originated
1,425000.0,49,505000.0,89.0,1,Hispanic or Latino,White,Male,25-34,84.5,Loan originated
1,695000.0,37,865000.0,182.0,1,Not Hispanic or Latino,Asian,Male,25-34,80.0,Loan originated
1,625000.0,48,1385000.0,152.0,1,Not Hispanic or Latino,Asian,Male,55-64,44.67,Loan originated
1,855000.0,<20%,1145000.0,10069.0,1,Not Hispanic or Latino,White,Male,65-74,75.0,Loan originated
1,395000.0,43,485000.0,207.0,1,Not Hispanic or Latino,White,Male,25-34,80.0,Loan originated
1,505000.0,20%-<30%,675000.0,206.0,1,Not Hispanic or Latino,Asian,Male,25-34,75.0,Loan originated
1,405000.0,>60%,505000.0,101.0,1,Not Hispanic or Latino,White,Female,55-64,80.0,Application denied
1,655000.0,47,735000.0,148.0,1,Not Hispanic or Latino,Black or African American,Female,25-34,89.99,Loan originated
1,315000.0,43,325000.0,69.0,1,Hispanic or Latino,White,Male,55-64,100.0,Loan originated
1,475000.0,47,595000.0,135.0,1,Hispanic or Latino,Asian,Female,35-44,80.0,Loan originated
1,855000.0,47,975000.0,195.0,1,Hispanic or Latino,White,Male,25-34,87.892,Loan originated
1,385000.0,36,475000.0,109.0,1,Not Hispanic or Latino,White,Male,45-54,80.0,Loan originated
1,515000.0,48,635000.0,116.0,1,Not Hispanic or Latino,Asian,Male,45-54,80.0,Loan originated
1,1115000.0,49,1175000.0,245.0,1,Not Hispanic or Latino,White,Male,45-54,95.0,Loan originated
1,305000.0,38,385000.0,346.0,1,Not Hispanic or Latino,Asian,Female,25-34,80.0,Loan originated
1,635000.0,41,705000.0,215.0,1,Not Hispanic or Latino,White,Male,45-54,90.0,Loan originated
1,705000.0,41,1185000.0,241.0,1,Not Hispanic or Latino,Asian,Male,35-44,59.322,Loan originated
1,445000.0,30%-<36%,465000.0,118.0,1,Hispanic or Latino,White,Female,55-64,95.0,Loan originated
1,415000.0,<20%,535000.0,281.0,1,Not Hispanic or Latino,Black or African American,Male,65-74,80.0,Loan originated
1,675000.0,49,905000.0,129.0,1,Not Hispanic or Latino,Asian,Female,55-64,75.0,Loan originated
1,595000.0,20%-<30%,855000.0,398.0,1,Not Hispanic or Latino,White,Female,65-74,70.0,Loan originated
1,825000.0,37,1175000.0,223.0,1,Not Hispanic or Latino,Asian,Male,45-54,70.0,Loan originated
1,865000.0,20%-<30%,1075000.0,332.0,1,Not Hispanic or Latino,Asian,Female,45-54,80.0,Loan originated
1,245000.0,49,325000.0,57.0,1,Hispanic or Latino,White,Female,45-54,95.0,Loan originated
1,395000.0,49,415000.0,183.0,1,Not Hispanic or Latino,White,Female,55-64,95.0,Loan originated
1,1095000.0,30%-<36%,1365000.0,359.0,1,Not Hispanic or Latino,White,Male,35-44,80.0,Loan originated
1,455000.0,39,565000.0,131.0,1,Hispanic or Latino,White,Male,<25,80.0,Loan originated
1,345000.0,20%-<30%,685000.0,200.0,1,Not Hispanic or Latino,White,Male,35-44,50.0,Loan originated
1,765000.0,30%-<36%,865000.0,232.0,1,Not Hispanic or Latino,White,Female,35-44,89.0,Loan originated
1,285000.0,30%-<36%,965000.0,170.0,1,Not Hispanic or Latino,Asian,Male,35-44,29.167,Loan originated
1,1125000.0,20%-<30%,1325000.0,402.0,1,Not Hispanic or Latino,Asian,Male,35-44,85.0,Loan originated
1,295000.0,36,305000.0,92.0,1,Not Hispanic or Latino,White,Male,25-34,100.0,Loan originated
1,825000.0,39,1105000.0,428.0,1,Not Hispanic or Latino,Asian,Male,55-64,75.0,Loan originated
1,695000.0,48,735000.0,176.0,1,Not Hispanic or Latino,White,Female,25-34,95.0,Loan originated
1,585000.0,43,615000.0,155.0,1,Not Hispanic or Latino,Asian,Male,25-34,95.0,Loan originated
1,645000.0,48,675000.0,165.0,1,Not Hispanic or Latino,White,Male,45-54,94.819,Loan originated
1,205000.0,<20%,2005000.0,222.0,1,Not Hispanic or Latino,Asian,Male,55-64,10.0,Loan originated
1,725000.0,20%-<30%,905000.0,724.0,1,Not Hispanic or Latino,White,Male,25-34,80.0,Loan originated
1,405000.0,45,425000.0,110.0,1,Not Hispanic or Latino,White,Female,65-74,101.94,Loan originated
1,105000.0,30%-<36%,125000.0,72.0,1,Not Hispanic or Latino,White,Male,25-34,89.68,Application denied
1,275000.0,46,295000.0,95.0,1,Not Hispanic or Latino,White,Female,45-54,90.65,Application denied
1,505000.0,49,635000.0,104.0,1,Not Hispanic or Latino,Asian,Male,25-34,100.0,Loan originated
1,535000.0,41,595000.0,137.0,1,Not Hispanic or Latino,White,Male,<25,90.0,Loan originated
1,1115000.0,48,1385000.0,221.0,1,Not Hispanic or Latino,Asian,Female,25-34,79.999,Loan originated
1,255000.0,<20%,655000.0,173.0,1,Hispanic or Latino,White,Male,25-34,38.931,Loan originated
1,385000.0,40,585000.0,123.0,1,Not Hispanic or Latino,White,Male,55-64,65.0,Loan originated
1,555000.0,43,655000.0,163.0,1,Not Hispanic or Latino,White,Female,55-64,84.733,Loan originated
1,765000.0,45,955000.0,196.0,1,Not Hispanic or Latino,White,Female,45-54,80.0,Loan originated
1,335000.0,30%-<36%,615000.0,133.0,1,Not Hispanic or Latino,Asian,Male,25-34,55.0,Loan originated
1,545000.0,36,1155000.0,248.0,1,Hispanic or Latino,White,Male,55-64,47.78,Loan originated
1,405000.0,40,505000.0,105.0,1,Not Hispanic or Latino,White,Female,25-34,80.0,Loan originated
1,1045000.0,20%-<30%,1305000.0,420.0,1,Not Hispanic or Latino,White,Male,45-54,80.0,Loan originated
1,355000.0,43,455000.0,97.0,1,Not Hispanic or Latino,White,Male,35-44,77.778,Loan originated
1,335000.0,49,565000.0,94.0,1,Not Hispanic or Latino,White,Female,65-74,68.496,Application denied
1,405000.0,46,455000.0,96.0,1,Hispanic or Latino,White,Male,25-34,90.0,Loan originated
1,1015000.0,40,1125000.0,326.0,1,Not Hispanic or Latino,Asian,Male,25-34,89.982,Loan originated
1,405000.0,30%-<36%,695000.0,124.0,1,Not Hispanic or Latino,Asian,Female,25-34,57.71,Loan originated
1,685000.0,46,855000.0,302.0,1,Not Hispanic or Latino,Asian,Male,<25,80.0,Loan originated
1,515000.0,43,545000.0,132.0,1,Not Hispanic or Latino,Asian,Male,35-44,95.0,Loan originated
1,615000.0,48,645000.0,119.0,1,Not Hispanic or Latino,White,Female,45-54,95.0,Loan originated
1,955000.0,49,1195000.0,185.0,1,Not Hispanic or Latino,Asian,Female,35-44,80.0,Loan originated
1,315000.0,49,965000.0,75.0,1,Not Hispanic or Latino,Asian,Female,25-34,32.646,Loan originated
1,295000.0,41,395000.0,102.0,1,Not Hispanic or Latino,White,Female,55-64,74.994,Loan originated
1,645000.0,49,815000.0,119.0,1,Not Hispanic or Latino,Asian,Male,55-64,80.0,Loan originated
1,255000.0,>60%,935000.0,36.0,1,Not Hispanic or Latino,Asian,Male,35-44,26.88,Application denied
1,505000.0,37,805000.0,159.0,1,Not Hispanic or Latino,Asian,Male,25-34,61.827,Loan originated
1,675000.0,20%-<30%,845000.0,299.0,1,Not Hispanic or Latino,White,Female,25-34,80.0,Loan originated
1,365000.0,20%-<30%,615000.0,135.0,1,Not Hispanic or Latino,White,Male,25-34,59.416,Loan originated
1,275000.0,49,565000.0,63.0,1,Not Hispanic or Latino,Asian,Male,25-34,50.0,Loan originated
1,525000.0,46,555000.0,74.0,1,Hispanic or Latino,White,Male,65-74,95.0,Loan originated
1,415000.0,39,695000.0,112.0,1,Hispanic or Latino,White,Male,55-64,60.0,Loan originated
1,575000.0,48,675000.0,157.0,1,Hispanic or Latino,White,Male,55-64,85.0,Loan originated
1,925000.0,<20%,1155000.0,1305.0,1,Not Hispanic or Latino,White,Male,45-54,80.0,Loan originated
1,505000.0,43,1015000.0,140.0,1,Not Hispanic or Latino,White,Female,65-74,49.06,Loan originated
1,795000.0,20%-<30%,995000.0,415.0,1,Not Hispanic or Latino,White,Male,35-44,80.0,Loan originated
1,165000.0,38,205000.0,42.0,1,Not Hispanic or Latino,White,Female,35-44,94.5,Loan originated
1,425000.0,30%-<36%,535000.0,150.0,1,Not Hispanic or Latino,White,Male,55-64,80.0,Loan originated
1,1045000.0,<20%,1305000.0,1246.0,1,Not Hispanic or Latino,White,Male,45-54,80.0,Loan originated
1,435000.0,49,455000.0,114.0,1,Not Hispanic or Latino,Black or African American,Male,35-44,97.0,Loan originated
1,585000.0,48,615000.0,270.0,1,Hispanic or Latino,American Indian or Alaska Native,Female,35-44,95.0,Loan originated
1,1125000.0,40,1405000.0,305.0,1,Not Hispanic or Latino,Asian,Female,35-44,80.0,Loan originated
1,455000.0,42,655000.0,145.0,1,Not Hispanic or Latino,Asian,Female,45-54,73.984,Loan originated
1,945000.0,30%-<36%,1575000.0,271.0,1,Not Hispanic or Latino,Asian,Female,65-74,60.0,Loan originated
1,35000.0,20%-<30%,35000.0,44.0,1,Not Hispanic or Latino,White,Male,25-34,95.0,Application denied
1,365000.0,30%-<36%,525000.0,236.0,1,Not Hispanic or Latino,Black or African American,Female,35-44,70.0,Application denied
1,455000.0,45,565000.0,103.0,1,Not Hispanic or Latino,Asian,Female,25-34,80.0,Loan originated
1,935000.0,<20%,1165000.0,521.0,1,Not Hispanic or Latino,Asian,Male,25-34,80.0,Loan originated
1,495000.0,30%-<36%,615000.0,146.0,1,Hispanic or Latino,White,Male,25-34,80.0,Loan originated
1,405000.0,42,575000.0,101.0,1,Hispanic or Latino,White,Male,45-54,70.0,Loan originated
1,625000.0,48,895000.0,175.0,1,Hispanic or Latino,White,Female,45-54,70.0,Loan originated
1,465000.0,30%-<36%,705000.0,153.0,1,Not Hispanic or Latino,Black or African American,Female,35-44,97.0,Loan originated
1,975000.0,46,1305000.0,232.0,1,Not Hispanic or Latino,White,Male,55-64,75.0,Loan originated
1,675000.0,20%-<30%,755000.0,663.0,1,Hispanic or Latino,White,Male,35-44,90.0,Loan originated
1,505000.0,39,525000.0,121.0,1,Hispanic or Latino,White,Male,35-44,97.0,Loan originated
1,815000.0,>60%,1025000.0,68.0,1,Hispanic or Latino,White,Female,55-64,80.0,Application denied
1,375000.0,42,385000.0,111.0,1,Not Hispanic or Latino,Asian,Male,35-44,96.11,Loan originated
1,995000.0,40,1285000.0,314.0,1,Not Hispanic or Latino,Asian,Female,45-54,78.125,Loan originated
1,595000.0,42,635000.0,162.0,1,Not Hispanic or Latino,Asian,Male,35-44,95.0,Loan originated
1,515000.0,30%-<36%,645000.0,195.0,1,Not Hispanic or Latino,White,Male,45-54,80.0,Loan originated
1,575000.0,45,685000.0,152.0,1,Not Hispanic or Latino,Asian,Female,25-34,83.942,Application denied
1,795000.0,30%-<36%,1055000.0,222.0,1,Not Hispanic or Latino,White,Male,45-54,75.71,Loan originated
1,765000.0,49,805000.0,189.0,1,Hispanic or Latino,White,Male,35-44,95.0,Application denied
1,615000.0,39,665000.0,160.0,1,Not Hispanic or Latino,Asian,Male,25-34,92.528,Loan originated
1,595000.0,47,755000.0,121.0,1,Not Hispanic or Latino,White,Female,35-44,78.808,Loan originated
1,1145000.0,43,1225000.0,283.0,1,Not Hispanic or Latino,White,Male,25-34,93.86,Loan originated
1,925000.0,41,1165000.0,271.0,1,Not Hispanic or Latino,Asian,Male,35-44,80.0,Loan originated
1,375000.0,43,425000.0,104.0,1,Hispanic or Latino,White,Female,35-44,90.0,Loan originated
1,545000.0,45,565000.0,149.0,1,Not Hispanic or Latino,White,Female,25-34,97.0,Loan originated
1,235000.0,20%-<30%,265000.0,351.0,1,Not Hispanic or Latino,White,Male,35-44,90.0,Loan originated
1,605000.0,46,635000.0,150.0,1,Not Hispanic or Latino,Asian,Male,35-44,95.0,Loan originated
1,675000.0,40,1215000.0,199.0,1,Not Hispanic or Latino,Asian,Male,25-34,55.2,Loan originated
1,385000.0,41,485000.0,101.0,1,Not Hispanic or Latino,White,Female,25-34,80.0,Loan originated
1,365000.0,20%-<30%,605000.0,250.0,1,Not Hispanic or Latino,Asian,Female,35-44,70.0,Loan originated
1,875000.0,42,975000.0,209.0,1,Hispanic or Latino,White,Male,35-44,90.0,Loan originated
1,705000.0,43,1175000.0,335.0,1,Not Hispanic or Latino,White,Male,35-44,59.58,Loan originated
1,765000.0,48,845000.0,171.0,1,Not Hispanic or Latino,Asian,Male,35-44,90.0,Loan originated
1,495000.0,20%-<30%,625000.0,506.0,1,Not Hispanic or Latino,White,Male,45-54,80.0,Loan originated
1,415000.0,37,525000.0,120.0,1,Not Hispanic or Latino,Asian,Male,35-44,80.0,Loan originated
1,385000.0,42,425000.0,132.0,1,Hispanic or Latino,White,Male,55-64,90.0,Loan originated
1,765000.0,41,1335000.0,204.0,1,Not Hispanic or Latino,Asian,Female,25-34,57.3,Application denied
1,345000.0,30%-<36%,945000.0,120.0,1,Not Hispanic or Latino,Asian,Female,25-34,36.218,Loan originated
1,755000.0,42,1225000.0,203.0,1,Hispanic or Latino,White,Male,25-34,61.475,Loan originated
1,905000.0,41,955000.0,263.0,1,Not Hispanic or Latino,White,Male,25-34,95.0,Loan originated
1,905000.0,49,2405000.0,420.0,1,Not Hispanic or Latino,Asian,Male,65-74,37.5,Loan originated
1,365000.0,45,425000.0,114.0,1,Not Hispanic or Latino,White,Female,55-64,85.0,Loan originated
1,1145000.0,48,1525000.0,271.0,1,Not Hispanic or Latino,Asian,Male,35-44,75.0,Loan originated
1,245000.0,41,1425000.0,96.0,1,Not Hispanic or Latino,Asian,Female,65-74,17.26,Loan originated
1,735000.0,49,855000.0,147.0,1,Hispanic or Latino,White,Female,55-64,85.882,Loan originated
1,585000.0,49,605000.0,116.0,1,Not Hispanic or Latino,White,Male,25-34,100.0,Loan originated
1,245000.0,20%-<30%,435000.0,246.0,1,Not Hispanic or Latino,White,Male,<25,55.814,Loan originated
1,395000.0,49,475000.0,102.0,1,Hispanic or Latino,White,Female,35-44,85.0,Loan originated
1,305000.0,20%-<30%,305000.0,80.0,1,Not Hispanic or Latino,Black or African American,Female,25-34,100.0,Application denied
1,575000.0,20%-<30%,955000.0,217.0,1,Not Hispanic or Latino,Asian,Male,35-44,60.0,Loan originated
1,305000.0,41,885000.0,102.0,1,Not Hispanic or Latino,Asian,Male,45-54,66.74,Loan originated
1,395000.0,42,495000.0,483.0,1,Not Hispanic or Latino,White,Male,45-54,80.0,Loan originated
1,355000.0,40,375000.0,101.0,1,Not Hispanic or Latino,White,Male,<25,95.0,Loan originated
1,605000.0,43,765000.0,170.0,1,Not Hispanic or Latino,Asian,Male,35-44,80.0,Loan originated
1,245000.0,30%-<36%,245000.0,76.0,1,Not Hispanic or Latino,White,Female,35-44,103.7,Loan originated
1,865000.0,40,1075000.0,242.0,1,Not Hispanic or Latino,Black or African American,Male,35-44,80.0,Loan originated
1,765000.0,45,955000.0,170.0,1,Not Hispanic or Latino,Asian,Male,25-34,80.0,Loan originated
1,525000.0,37,695000.0,177.0,1,Not Hispanic or Latino,Asian,Female,25-34,75.0,Loan originated
1,485000.0,45,645000.0,117.0,1,Not Hispanic or Latino,American Indian or Alaska Native,Female,25-34,75.0,Loan originated
1,775000.0,42,865000.0,176.0,1,Hispanic or Latino,White,Male,35-44,90.0,Loan originated
1,355000.0,<20%,1675000.0,431.0,1,Not Hispanic or Latino,White,Female,65-74,20.846,Loan originated
1,685000.0,30%-<36%,975000.0,417.0,1,Not Hispanic or Latino,White,Male,55-64,70.0,Loan originated
1,325000.0,47,635000.0,85.0,1,Not Hispanic or Latino,White,Female,35-44,51.181,Loan originated
1,295000.0,43,525000.0,72.0,1,Not Hispanic or Latino,White,Female,25-34,56.731,Loan originated
1,165000.0,44,305000.0,54.0,1,Not Hispanic or Latino,White,Male,45-54,54.0,Loan originated
1,945000.0,47,1255000.0,205.0,1,Not Hispanic or Latino,Asian,Male,35-44,75.0,Loan originated
1,515000.0,42,545000.0,338.0,1,Hispanic or Latino,White,Male,>74,95.0,Loan originated
1,725000.0,30%-<36%,765000.0,287.0,1,Not Hispanic or Latino,Asian,Female,45-54,94.999,Loan originated
1,335000.0,47,435000.0,96.0,1,Hispanic or Latino,White,Male,45-54,77.143,Loan originated
1,475000.0,44,505000.0,113.0,1,Not Hispanic or Latino,White,Female,55-64,95.0,Loan originated
1,475000.0,38,595000.0,139.0,1,Not Hispanic or Latino,White,Female,35-44,80.0,Loan originated
1,485000.0,46,615000.0,151.0,1,Not Hispanic or Latino,Asian,Male,25-34,80.0,Loan originated
1,705000.0,43,2225000.0,204.0,1,Not Hispanic or Latino,Asian,Male,25-34,31.54,Loan originated
1,485000.0,46,495000.0,111.0,1,Not Hispanic or Latino,Asian,Female,25-34,100.0,Loan originated
1,645000.0,44,925000.0,163.0,1,Not Hispanic or Latino,White,Male,55-64,69.99,Loan originated
1,485000.0,49,545000.0,92.0,1,Not Hispanic or Latino,White,Male,35-44,89.259,Loan originated
1,555000.0,36,1005000.0,173.0,1,Not Hispanic or Latino,Asian,Male,25-34,55.0,Loan originated
1,655000.0,40,875000.0,272.0,1,Not Hispanic or Latino,Black or African American,Female,35-44,89.989,Loan originated
1,515000.0,50%-60%,575000.0,85.0,1,Hispanic or Latino,White,Female,25-34,90.087,Loan originated
1,755000.0,43,845000.0,236.0,1,Hispanic or Latino,White,Female,25-34,90.0,Loan originated
1,625000.0,39,1275000.0,152.0,1,Not Hispanic or Latino,White,Female,65-74,49.02,Loan originated
1,645000.0,36,925000.0,212.0,1,Not Hispanic or Latino,Asian,Female,45-54,70.0,Loan originated
1,425000.0,48,565000.0,97.0,1,Hispanic or Latino,Asian,Male,25-34,75.0,Loan originated
1,515000.0,30%-<36%,645000.0,153.0,1,Not Hispanic or Latino,Asian,Female,45-54,80.0,Loan originated
1,705000.0,48,885000.0,152.0,1,Not Hispanic or Latino,Asian,Female,25-34,80.0,Loan originated
1,405000.0,49,1425000.0,191.0,1,Not Hispanic or Latino,White,Male,35-44,29.0,Loan originated
1,505000.0,43,625000.0,199.0,1,Not Hispanic or Latino,White,Male,25-34,80.0,Loan originated
1,515000.0,30%-<36%,645000.0,252.0,1,Not Hispanic or Latino,White,Male,55-64,80.0,Loan originated
1,375000.0,43,395000.0,207.0,1,Hispanic or Latino,White,Female,45-54,95.0,Loan originated
1,565000.0,37,625000.0,149.0,1,Not Hispanic or Latino,Asian,Female,45-54,90.0,Loan originated
1,335000.0,46,415000.0,82.0,1,Hispanic or Latino,White,Female,25-34,80.0,Loan originated
1,495000.0,20%-<30%,555000.0,195.0,1,Not Hispanic or Latino,White,Male,25-34,89.99,Loan originated
1,455000.0,46,1285000.0,230.0,1,Not Hispanic or Latino,Asian,Male,25-34,35.019,Loan originated
1,225000.0,44,285000.0,53.0,1,Not Hispanic or Latino,White,Male,35-44,82.0,Loan originated
1,425000.0,20%-<30%,535000.0,182.0,1,Not Hispanic or Latino,Asian,Female,35-44,80.0,Loan originated
1,925000.0,38,1165000.0,238.0,1,Not Hispanic or Latino,White,Male,45-54,80.0,Loan originated
1,625000.0,39,645000.0,205.0,1,Hispanic or Latino,White,Male,25-34,97.0,Loan originated
1,645000.0,47,865000.0,179.0,1,Not Hispanic or Latino,Asian,Male,25-34,75.0,Application denied
1,375000.0,20%-<30%,545000.0,334.0,1,Not Hispanic or Latino,Asian,Male,45-54,69.88,Loan originated
1,505000.0,30%-<36%,855000.0,203.0,1,Hispanic or Latino,White,Male,35-44,59.647,Loan originated
1,825000.0,42,1375000.0,196.0,1,Not Hispanic or Latino,Asian,Male,25-34,60.0,Loan originated
1,705000.0,49,785000.0,131.0,1,Not Hispanic or Latino,White,Male,25-34,89.9,Loan originated
1,385000.0,46,455000.0,81.0,1,Hispanic or Latino,White,Male,35-44,84.444,Loan originated
1,545000.0,47,605000.0,136.0,1,Not Hispanic or Latino,Asian,Male,25-34,90.27,Loan originated
1,565000.0,43,1105000.0,160.0,1,Hispanic or Latino,White,Male,25-34,51.0,Loan originated
1,535000.0,49,785000.0,87.0,1,Not Hispanic or Latino,Black or African American,Female,35-44,70.0,Loan originated
1,525000.0,49,1375000.0,132.0,1,Not Hispanic or Latino,Asian,Female,25-34,37.956,Loan originated
1,765000.0,41,955000.0,210.0,1,Not Hispanic or Latino,White,Male,35-44,80.0,Application denied
1,365000.0,49,515000.0,84.0,1,Not Hispanic or Latino,White,Female,55-64,70.0,Loan originated
1,425000.0,48,475000.0,141.0,1,Hispanic or Latino,White,Male,55-64,89.9,Loan originated
1,765000.0,30%-<36%,955000.0,285.0,1,Not Hispanic or Latino,Asian,Male,45-54,79.664,Loan originated
1,505000.0,>60%,1245000.0,225.0,1,Not Hispanic or Latino,Black or African American,Male,55-64,40.548,Application denied
1,45000.0,20%-<30%,85000.0,56.0,1,Not Hispanic or Latino,Asian,Male,35-44,50.5,Loan originated
1,1015000.0,42,1265000.0,561.0,1,Not Hispanic or Latino,Asian,Female,45-54,80.0,Loan originated
1,465000.0,30%-<36%,1155000.0,205.0,1,Not Hispanic or Latino,Asian,Female,35-44,40.0,Loan originated
1,435000.0,44,1185000.0,109.0,1,Not Hispanic or Latino,White,Male,55-64,36.441,Loan originated
1,955000.0,42,1195000.0,256.0,1,Not Hispanic or Latino,Asian,Male,45-54,80.0,Loan originated
1,555000.0,41,695000.0,210.0,1,Not Hispanic or Latino,Black or African American,Male,35-44,80.0,Loan originated
1,445000.0,46,465000.0,96.0,1,Not Hispanic or Latino,White,Male,35-44,95.0,Loan originated
1,515000.0,49,575000.0,120.0,1,Not Hispanic or Latino,Asian,Female,35-44,90.0,Loan originated
1,625000.0,49,745000.0,140.0,1,Not Hispanic or Latino,White,Female,25-34,85.0,Loan originated
1,355000.0,48,445000.0,86.0,1,Hispanic or Latino,White,Male,25-34,80.0,Loan originated
1,635000.0,44,655000.0,166.0,1,Hispanic or Latino,White,Female,55-64,97.0,Loan originated
1,445000.0,47,465000.0,89.0,1,Hispanic or Latino,White,Male,25-34,95.0,Loan originated
1,355000.0,48,515000.0,93.0,1,Not Hispanic or Latino,Asian,Male,45-54,68.63,Loan originated
1,445000.0,42,555000.0,118.0,1,Not Hispanic or Latino,White,Male,25-34,80.0,Loan originated
1,965000.0,43,1015000.0,394.0,1,Hispanic or Latino,White,Male,35-44,95.0,Loan originated
1,415000.0,47,445000.0,127.0,1,Not Hispanic or Latino,White,Male,25-34,95.0,Loan originated
1,505000.0,49,525000.0,121.0,1,Hispanic or Latino,White,Male,45-54,97.0,Loan originated
1,905000.0,30%-<36%,1605000.0,508.0,1,Not Hispanic or Latino,Asian,Male,45-54,59.77,Application denied
1,705000.0,20%-<30%,875000.0,783.0,1,Not Hispanic or Latino,White,Male,55-64,80.0,Loan originated
1,485000.0,49,645000.0,100.0,1,Not Hispanic or Latino,Asian,Male,35-44,75.0,Loan originated
1,175000.0,49,225000.0,44.0,1,Not Hispanic or Latino,Black or African American,Male,35-44,80.0,Loan originated
1,885000.0,20%-<30%,1805000.0,385.0,1,Not Hispanic or Latino,White,Female,35-44,48.889,Loan originated
1,1085000.0,38,1355000.0,288.0,1,Not Hispanic or Latino,White,Male,25-34,80.0,Loan originated
1,1105000.0,39,1375000.0,326.0,1,Not Hispanic or Latino,2 or more minority races,Male,35-44,80.0,Loan originated
1,605000.0,43,935000.0,133.0,1,Not Hispanic or Latino,Asian,Female,35-44,65.0,Loan originated
1,295000.0,45,415000.0,93.0,1,Not Hispanic or Latino,White,Female,55-64,70.0,Loan originated
1,175000.0,30%-<36%,225000.0,109.0,1,Not Hispanic or Latino,White,Male,35-44,80.0,Loan originated
1,505000.0,48,525000.0,126.0,1,Not Hispanic or Latino,White,Male,25-34,97.0,Loan originated
1,325000.0,40,525000.0,98.0,1,Not Hispanic or Latino,White,Female,25-34,61.538,Loan originated
1,455000.0,47,805000.0,123.0,1,Not Hispanic or Latino,Asian,Female,35-44,56.25,Loan originated
1,185000.0,45,195000.0,83.0,1,Not Hispanic or Latino,White,Female,25-34,95.0,Loan originated
1,555000.0,49,575000.0,145.0,1,Not Hispanic or Latino,Black or African American,Male,<25,97.0,Loan originated
1,385000.0,48,485000.0,73.0,1,Not Hispanic or Latino,White,Male,35-44,79.0,Loan originated
1,815000.0,43,905000.0,261.0,1,Not Hispanic or Latino,Asian,Male,35-44,90.0,Loan originated
1,665000.0,44,785000.0,166.0,1,Hispanic or Latino,White,Male,35-44,85.0,Loan originated
1,865000.0,46,1085000.0,220.0,1,Not Hispanic or Latino,Asian,Female,35-44,80.0,Loan originated
1,365000.0,40,385000.0,120.0,1,Not Hispanic or Latino,White,Male,25-34,95.0,Loan originated
1,525000.0,46,755000.0,182.0,1,Hispanic or Latino,White,Female,35-44,70.0,Loan originated
1,465000.0,42,585000.0,115.0,1,Hispanic or Latino,White,Male,55-64,80.0,Loan originated
1,335000.0,20%-<30%,455000.0,165.0,1,Not Hispanic or Latino,White,Female,35-44,75.0,Loan originated
1,365000.0,47,405000.0,124.0,1,Not Hispanic or Latino,Asian,Female,25-34,90.0,Loan originated
1,745000.0,30%-<36%,825000.0,314.0,1,Not Hispanic or Latino,White,Male,55-64,90.0,Loan originated
1,585000.0,45,785000.0,172.0,1,Not Hispanic or Latino,White,Male,65-74,75.0,Application denied
1,255000.0,50%-60%,345000.0,49.0,1,Hispanic or Latino,White,Male,<25,73.529,Loan originated
1,495000.0,<20%,585000.0,1647.0,1,Not Hispanic or Latino,White,Male,55-64,85.0,Application denied
1,585000.0,30%-<36%,615000.0,241.0,1,Not Hispanic or Latino,White,Female,35-44,95.0,Loan originated
1,175000.0,20%-<30%,465000.0,104.0,1,Not Hispanic or Latino,White,Male,45-54,36.9,Loan originated
1,725000.0,41,895000.0,197.0,1,Hispanic or Latino,White,Female,<25,80.0,Loan originated
1,395000.0,44,415000.0,95.0,1,Not Hispanic or Latino,White,Female,45-54,97.0,Loan originated
1,705000.0,30%-<36%,885000.0,208.0,1,Not Hispanic or Latino,Asian,Male,35-44,80.0,Loan originated
1,345000.0,49,355000.0,77.0,1,Hispanic or Latino,White,Male,25-34,100.0,Loan originated
1,145000.0,20%-<30%,185000.0,64.0,1,Hispanic or Latino,White,Female,45-54,80.0,Loan originated
1,285000.0,41,725000.0,117.0,1,Not Hispanic or Latino,White,Male,35-44,40.0,Loan originated
1,595000.0,44,665000.0,209.0,1,Not Hispanic or Latino,White,Male,45-54,90.0,Loan originated
1,375000.0,47,425000.0,97.0,1,Hispanic or Latino,White,Male,25-34,90.0,Loan originated
1,915000.0,49,1365000.0,178.0,1,Not Hispanic or Latino,Asian,Male,<25,67.279,Loan originated
1,465000.0,39,575000.0,144.0,1,Not Hispanic or Latino,Asian,Male,35-44,80.0,Loan originated
1,675000.0,37,1075000.0,225.0,1,Not Hispanic or Latino,Asian,Male,35-44,62.62,Loan originated
1,385000.0,48,395000.0,72.0,1,Not Hispanic or Latino,Black or African American,Male,45-54,97.0,Application denied
1,765000.0,49,955000.0,192.0,1,Not Hispanic or Latino,White,Male,35-44,80.0,Loan originated
1,305000.0,40,1575000.0,131.0,1,Not Hispanic or Latino,Asian,Female,25-34,19.05,Loan originated
1,85000.0,37,115000.0,70.0,1,Hispanic or Latino,White,Male,35-44,80.0,Loan originated
1,285000.0,20%-<30%,385000.0,178.0,1,Hispanic or Latino,White,Male,35-44,73.27,Loan originated
1,245000.0,30%-<36%,645000.0,95.0,1,Not Hispanic or Latino,White,Male,<25,37.984,Loan originated
1,665000.0,42,825000.0,169.0,1,Not Hispanic or Latino,Asian,Male,25-34,80.0,Loan originated
1,425000.0,40,715000.0,112.0,1,Hispanic or Latino,White,Male,25-34,75.0,Loan originated
1,575000.0,20%-<30%,595000.0,340.0,1,Not Hispanic or Latino,White,Male,25-34,97.0,Loan originated
1,305000.0,49,655000.0,65.0,1,Not Hispanic or Latino,Asian,Male,25-34,45.8,Loan originated
1,395000.0,30%-<36%,555000.0,122.0,1,Not Hispanic or Latino,White,Female,55-64,70.0,Loan originated
1,525000.0,39,695000.0,230.0,1,Not Hispanic or Latino,White,Female,35-44,74.964,Loan originated
1,195000.0,44,485000.0,68.0,1,Not Hispanic or Latino,White,Female,35-44,80.0,Loan originated
1,1045000.0,42,1315000.0,267.0,1,Not Hispanic or Latino,Asian,Male,25-34,79.091,Loan originated
1,315000.0,30%-<36%,365000.0,120.0,1,Not Hispanic or Latino,White,Female,25-34,85.0,Loan originated
1,715000.0,37,895000.0,227.0,1,Not Hispanic or Latino,White,Male,25-34,80.0,Loan originated
1,575000.0,44,725000.0,180.0,1,Not Hispanic or Latino,Asian,Female,45-54,80.0,Loan originated
1,35000.0,46,65000.0,36.0,1,Not Hispanic or Latino,White,Female,>74,52.45,Application denied
1,1145000.0,42,1705000.0,287.0,1,Not Hispanic or Latino,Asian,Male,25-34,67.589,Loan originated
1,495000.0,46,625000.0,105.0,1,Hispanic or Latino,White,Male,35-44,80.0,Loan originated
1,645000.0,30%-<36%,685000.0,195.0,1,Not Hispanic or Latino,Asian,Male,45-54,95.0,Loan originated
1,925000.0,49,1405000.0,182.0,1,Not Hispanic or Latino,Asian,Male,35-44,67.0,Loan originated
1,635000.0,41,675000.0,175.0,1,Not Hispanic or Latino,Asian,Male,25-34,95.0,Loan originated
1,725000.0,42,855000.0,188.0,1,Not Hispanic or Latino,White,Male,25-34,85.0,Loan originated
