loan_purpose,loan_amount,debt_to_income_ratio,property_value,income,occupancy_type,derived_ethnicity,derived_race,derived_sex,applicant_age,loan_to_value_ratio,action_taken
1,5000.0,20%-<30%,285000.0,148.0,1,Not Hispanic or Latino,Asian,Male,35-44,102.0,Loan originated
1,255000.0,46,285000.0,65.0,1,Hispanic or Latino,White,Male,<25,90.0,Application denied
1,425000.0,36,535000.0,120.0,1,Not Hispanic or Latino,Asian,Female,35-44,80.0,Loan originated
1,315000.0,37,335000.0,183.0,1,Not Hispanic or Latino,Asian,Male,35-44,94.0,Loan originated
1,425000.0,20%-<30%,855000.0,165.0,1,Not Hispanic or Latino,Asian,Female,25-34,50.0,Loan originated
1,275000.0,49,455000.0,92.0,1,Not Hispanic or Latino,White,Female,25-34,61.111,Loan originated
1,425000.0,37,565000.0,154.0,1,Not Hispanic or Latino,Asian,Female,55-64,75.0,Loan originated
1,605000.0,45,805000.0,136.0,1,Not Hispanic or Latino,Asian,Male,25-34,75.0,Loan originated
1,385000.0,45,935000.0,115.0,1,Not Hispanic or Latino,White,Female,45-54,41.533,Loan originated
1,465000.0,37,625000.0,140.0,1,Hispanic or Latino,White,Female,25-34,75.0,Loan originated
1,1105000.0,42,1305000.0,301.0,1,Not Hispanic or Latino,Asian,Male,35-44,85.0,Loan originated
1,475000.0,44,505000.0,106.0,1,Not Hispanic or Latino,Asian,Male,35-44,94.986,Loan originated
1,145000.0,30%-<36%,665000.0,108.0,1,Hispanic or Latino,White,Female,25-34,22.489,Loan originated
1,565000.0,49,1025000.0,141.0,1,Not Hispanic or Latino,Asian,Male,45-54,55.077,Loan originated
1,845000.0,44,1205000.0,214.0,1,Not Hispanic or Latino,Asian,Female,25-34,70.0,Loan originated
1,765000.0,45,805000.0,160.0,1,Not Hispanic or Latino,Asian,Male,55-64,95.0,Loan originated
1,645000.0,48,815000.0,170.0,1,Not Hispanic or Latino,White,Female,<25,80.0,Loan originated
1,455000.0,38,475000.0,142.0,1,Not Hispanic or Latino,White,Male,35-44,95.0,Loan originated
1,665000.0,37,825000.0,286.0,1,Not Hispanic or Latino,Asian,Male,65-74,80.0,Loan originated
1,185000.0,20%-<30%,235000.0,79.0,1,Not Hispanic or Latino,Asian,Female,25-34,80.0,Loan originated
1,945000.0,38,1185000.0,279.0,1,Not Hispanic or Latino,Asian,Male,35-44,80.0,Loan originated
1,1025000.0,>60%,3075000.0,111.0,1,Not Hispanic or Latino,White,Female,65-74,33.2,Application denied
1,305000.0,49,405000.0,62.0,1,Not Hispanic or Latino,Asian,Male,25-34,95.0,Loan originated
1,1145000.0,41,1355000.0,430.0,1,Not Hispanic or Latino,Asian,Female,35-44,85.0,Loan originated
1,585000.0,43,1475000.0,202.0,1,Not Hispanic or Latino,White,Female,55-64,39.32,Loan originated
1,565000.0,30%-<36%,705000.0,175.0,1,Hispanic or Latino,American Indian or Alaska Native,Female,35-44,80.0,Loan originated
1,205000.0,46,815000.0,55.0,1,Not Hispanic or Latino,Asian,Female,35-44,25.0,Loan originated
1,175000.0,37,605000.0,124.0,1,Not Hispanic or Latino,White,Male,65-74,28.752,Loan originated
1,605000.0,<20%,755000.0,789.0,1,Not Hispanic or Latino,Asian,Male,35-44,79.83,Loan originated
1,245000.0,49,865000.0,62.0,1,Not Hispanic or Latino,Asian,Male,55-64,28.0,Loan originated
1,575000.0,48,615000.0,130.0,1,Not Hispanic or Latino,White,Female,55-64,94.0,Loan originated
1,665000.0,30%-<36%,835000.0,275.0,1,Not Hispanic or Latino,White,Male,55-64,80.0,Loan originated
1,485000.0,41,605000.0,160.0,1,Not Hispanic or Latino,Asian,Male,35-44,80.0,Loan originated
1,275000.0,20%-<30%,365000.0,202.0,1,Not Hispanic or Latino,Asian,Female,35-44,75.0,Loan originated
1,245000.0,49,415000.0,70.0,1,Hispanic or Latino,White,Male,65-74,60.854,Loan originated
1,265000.0,20%-<30%,535000.0,185.0,1,Not Hispanic or Latino,White,Male,65-74,49.057,Loan originated
1,415000.0,20%-<30%,465000.0,142.0,1,Not Hispanic or Latino,Asian,Male,35-44,90.0,Loan originated
1,65000.0,20%-<30%,85000.0,81.0,1,Not Hispanic or Latino,White,Male,>74,77.13,Loan originated
1,325000.0,47,335000.0,70.0,1,Hispanic or Latino,White,Male,<25,100.0,Loan originated
1,875000.0,20%-<30%,1095000.0,418.0,1,Not Hispanic or Latino,White,Female,35-44,80.0,Loan originated
1,515000.0,>60%,645000.0,61.0,1,Not Hispanic or Latino,Asian,Male,45-54,80.0,Application denied
1,605000.0,49,755000.0,169.0,1,Not Hispanic or Latino,Asian,Male,25-34,80.0,Loan originated
1,485000.0,36,815000.0,129.0,1,Not Hispanic or Latino,White,Male,45-54,60.0,Loan originated
1,435000.0,47,545000.0,134.0,1,Not Hispanic or Latino,White,Female,35-44,80.0,Loan originated
1,795000.0,49,1575000.0,180.0,1,Not Hispanic or Latino,White,Female,45-54,50.476,Loan originated
1,285000.0,20%-<30%,605000.0,185.0,1,Not Hispanic or Latino,Black or African American,Male,65-74,48.0,Loan originated
1,45000.0,43,55000.0,50.0,1,Hispanic or Latino,White,Male,25-34,73.07,Loan originated
1,495000.0,44,615000.0,113.0,1,Hispanic or Latino,White,Female,45-54,80.0,Loan originated
1,165000.0,30%-<36%,355000.0,76.0,1,Not Hispanic or Latino,White,Male,35-44,47.714,Loan originated
1,735000.0,36,765000.0,310.0,1,Not Hispanic or Latino,Black or African American,Male,25-34,97.0,Loan originated
1,295000.0,47,345000.0,90.0,1,Hispanic or Latino,White,Male,<25,85.0,Loan originated
1,805000.0,49,1015000.0,167.0,1,Not Hispanic or Latino,White,Male,65-74,80.0,Loan originated
1,355000.0,42,455000.0,87.0,1,Not Hispanic or Latino,Asian,Female,25-34,76.923,Loan originated
1,565000.0,43,1075000.0,128.0,1,Not Hispanic or Latino,Asian,Male,35-44,53.15,Loan originated
1,465000.0,48,495000.0,114.0,1,Hispanic or Latino,White,Male,25-34,95.0,Loan originated
1,765000.0,44,875000.0,210.0,1,Not Hispanic or Latino,Asian,Male,25-34,87.606,Loan originated
1,425000.0,48,475000.0,87.0,1,Hispanic or Latino,White,Male,25-34,89.4,Loan originated
1,1075000.0,20%-<30%,1435000.0,488.0,1,Not Hispanic or Latino,Asian,Female,35-44,75.0,Loan originated
1,765000.0,46,845000.0,568.0,1,Not Hispanic or Latino,Asian,Male,35-44,90.0,Loan originated
1,475000.0,49,495000.0,152.0,1,Hispanic or Latino,White,Male,45-54,95.0,Application denied
1,465000.0,20%-<30%,625000.0,183.0,1,Not Hispanic or Latino,White,Female,55-64,75.0,Loan originated
1,385000.0,50%-60%,385000.0,118.0,1,Not Hispanic or Latino,White,Male,25-34,100.0,Loan originated
1,505000.0,45,835000.0,144.0,1,Not Hispanic or Latino,White,Female,45-54,60.0,Loan originated
1,325000.0,40,805000.0,360.0,1,Not Hispanic or Latino,Asian,Female,55-64,40.0,Loan originated
1,315000.0,37,425000.0,106.0,1,Not Hispanic or Latino,White,Male,45-54,75.0,Loan originated
1,745000.0,48,785000.0,165.0,1,Hispanic or Latino,White,Male,25-34,95.0,Loan originated
1,575000.0,42,615000.0,135.0,1,Not Hispanic or Latino,Asian,Male,45-54,95.0,Loan originated
1,805000.0,46,1155000.0,206.0,1,Not Hispanic or Latino,White,Male,25-34,70.0,Loan originated
1,235000.0,50%-60%,1145000.0,108.0,1,Hispanic or Latino,American Indian or Alaska Native,Female,55-64,20.88,Loan originated
1,365000.0,30%-<36%,375000.0,199.0,1,Hispanic or Latino,White,Female,55-64,97.0,Loan originated
1,255000.0,42,435000.0,86.0,1,Not Hispanic or Latino,White,Female,35-44,59.0,Loan originated
1,515000.0,30%-<36%,645000.0,192.0,1,Not Hispanic or Latino,White,Female,35-44,80.0,Loan originated
1,565000.0,47,705000.0,133.0,1,Hispanic or Latino,White,Male,45-54,80.0,Loan originated
1,585000.0,43,615000.0,218.0,1,Not Hispanic or Latino,White,Female,25-34,95.0,Loan originated
1,355000.0,45,375000.0,91.0,1,Hispanic or Latino,White,Female,35-44,95.0,Loan originated
1,1125000.0,49,1405000.0,268.0,1,Not Hispanic or Latino,White,Female,35-44,80.0,Loan originated
1,205000.0,30%-<36%,255000.0,100.0,1,Not Hispanic or Latino,White,Female,45-54,80.0,Loan originated
1,745000.0,47,1135000.0,171.0,1,Not Hispanic or Latino,Asian,Female,55-64,65.487,Loan originated
1,545000.0,36,635000.0,135.0,1,Not Hispanic or Latino,White,Male,25-34,85.0,Loan originated
1,265000.0,49,335000.0,54.0,1,Hispanic or Latino,White,Male,25-34,80.0,Loan originated
1,115000.0,44,125000.0,120.0,1,Not Hispanic or Latino,White,Female,35-44,95.0,Loan originated
1,455000.0,43,905000.0,185.0,1,Not Hispanic or Latino,Asian,Male,35-44,50.0,Loan originated
1,205000.0,30%-<36%,1255000.0,100.0,1,Hispanic or Latino,White,Male,35-44,16.0,Loan originated
1,275000.0,41,295000.0,78.0,1,Not Hispanic or Latino,White,Male,25-34,95.0,Loan originated
1,185000.0,49,395000.0,50.0,1,Not Hispanic or Latino,Asian,Female,25-34,45.918,Loan originated
1,495000.0,49,555000.0,138.0,1,Hispanic or Latino,White,Male,35-44,90.0,Loan originated
1,225000.0,38,235000.0,103.0,1,Not Hispanic or Latino,Native Hawaiian or Other Pacific Islander,Female,25-34,99.75,Loan originated
1,425000.0,20%-<30%,645000.0,159.0,1,Not Hispanic or Latino,Asian,Male,55-64,66.406,Loan originated
1,485000.0,49,555000.0,108.0,1,Hispanic or Latino,White,Male,25-34,87.469,Loan originated
1,565000.0,45,705000.0,161.0,1,Hispanic or Latino,White,Male,25-34,80.0,Loan originated
1,225000.0,49,235000.0,46.0,1,Hispanic or Latino,White,Female,25-34,95.0,Application denied
1,415000.0,49,755000.0,114.0,1,Not Hispanic or Latino,White,Male,25-34,55.0,Application denied
1,615000.0,20%-<30%,775000.0,381.0,1,Hispanic or Latino,White,Male,65-74,75.0,Application denied
1,365000.0,49,435000.0,91.0,1,Hispanic or Latino,Asian,Male,35-44,83.908,Loan originated
1,195000.0,20%-<30%,585000.0,291.0,1,Not Hispanic or Latino,White,Male,45-54,33.621,Loan originated
1,505000.0,20%-<30%,625000.0,240.0,1,Not Hispanic or Latino,White,Male,35-44,80.0,Loan originated
1,295000.0,48,465000.0,90.0,1,Hispanic or Latino,White,Male,35-44,63.373,Loan originated
1,625000.0,46,785000.0,127.0,1,Not Hispanic or Latino,Black or African American,Male,35-44,80.0,Loan originated
1,655000.0,38,815000.0,180.0,1,Not Hispanic or Latino,White,Female,25-34,80.0,Loan originated
1,365000.0,42,605000.0,113.0,1,Not Hispanic or Latino,White,Male,35-44,61.0,Loan originated
1,1015000.0,44,1355000.0,244.0,1,Not Hispanic or Latino,White,Male,35-44,75.0,Loan originated
1,155000.0,44,215000.0,50.0,1,Not Hispanic or Latino,White,Male,<25,75.0,Loan originated
1,505000.0,41,625000.0,187.0,1,Not Hispanic or Latino,White,Female,35-44,80.0,Loan originated
1,685000.0,39,825000.0,200.0,1,Not Hispanic or Latino,White,Female,25-34,83.293,Loan originated
1,805000.0,30%-<36%,1185000.0,292.0,1,Not Hispanic or Latino,White,Female,45-54,67.797,Loan originated
1,485000.0,48,515000.0,147.0,1,Not Hispanic or Latino,Asian,Female,25-34,95.0,Loan originated
1,215000.0,30%-<36%,275000.0,107.0,1,Not Hispanic or Latino,White,Female,45-54,80.0,Loan originated
1,455000.0,43,655000.0,127.0,1,Not Hispanic or Latino,White,Female,45-54,69.605,Application denied
1,295000.0,45,345000.0,77.0,1,Not Hispanic or Latino,White,Male,25-34,85.507,Loan originated
1,735000.0,49,915000.0,267.0,1,Not Hispanic or Latino,White,Male,25-34,80.0,Loan originated
1,245000.0,47,755000.0,79.0,1,Not Hispanic or Latino,White,Male,65-74,31.623,Loan originated
1,675000.0,>60%,755000.0,140.0,1,Not Hispanic or Latino,White,Male,35-44,90.0,Application denied
1,565000.0,20%-<30%,705000.0,405.0,1,Not Hispanic or Latino,Asian,Male,25-34,80.0,Loan originated
1,485000.0,49,645000.0,93.0,1,Hispanic or Latino,White,Male,25-34,75.0,Loan originated
1,535000.0,48,585000.0,158.0,1,Hispanic or Latino,White,Male,35-44,92.0,Loan originated
1,525000.0,38,555000.0,129.0,1,Hispanic or Latino,White,Male,35-44,95.0,Loan originated
1,135000.0,20%-<30%,265000.0,83.0,1,Hispanic or Latino,White,Male,>74,50.943,Loan originated
1,325000.0,41,405000.0,92.0,1,Not Hispanic or Latino,Asian,Male,25-34,80.0,Loan originated
1,455000.0,48,565000.0,113.0,1,Not Hispanic or Latino,White,Female,35-44,80.0,Loan originated
1,495000.0,30%-<36%,625000.0,155.0,1,Not Hispanic or Latino,Asian,Female,25-34,80.0,Loan originated
1,825000.0,45,885000.0,229.0,1,Hispanic or Latino,White,Female,35-44,94.0,Loan originated
1,405000.0,40,515000.0,261.0,1,Hispanic or Latino,White,Male,25-34,80.0,Loan originated
1,435000.0,50%-60%,985000.0,95.0,1,Not Hispanic or Latino,White,Female,35-44,44.081,Loan originated
1,955000.0,20%-<30%,1875000.0,573.0,1,Not Hispanic or Latino,White,Female,45-54,50.798,Loan originated
1,525000.0,46,755000.0,184.0,1,Not Hispanic or Latino,Asian,Male,25-34,70.0,Loan originated
1,205000.0,20%-<30%,595000.0,104.0,1,Not Hispanic or Latino,White,Female,65-74,33.613,Loan originated
1,665000.0,36,825000.0,220.0,1,Not Hispanic or Latino,Asian,Female,35-44,80.0,Loan originated
1,515000.0,<20%,645000.0,321.0,1,Not Hispanic or Latino,White,Male,25-34,80.0,Loan originated
1,725000.0,49,745000.0,141.0,1,Hispanic or Latino,White,Female,45-54,97.98,Loan originated
1,705000.0,20%-<30%,3005000.0,527.0,1,Not Hispanic or Latino,Asian,Male,35-44,23.333,Loan originated
1,165000.0,49,315000.0,58.0,1,Not Hispanic or Latino,White,Female,65-74,102.871,Loan originated
1,545000.0,41,785000.0,191.0,1,Not Hispanic or Latino,Asian,Female,25-34,69.872,Loan originated
1,665000.0,30%-<36%,835000.0,188.0,1,Hispanic or Latino,Asian,Female,35-44,80.0,Loan originated
1,455000.0,46,565000.0,101.0,1,Hispanic or Latino,American Indian or Alaska Native,Male,55-64,80.0,Loan originated
1,305000.0,<20%,415000.0,211.0,1,Not Hispanic or Latino,Asian,Male,25-34,75.0,Loan originated
1,755000.0,48,945000.0,174.0,1,Not Hispanic or Latino,Asian,Male,25-34,80.0,Loan originated
1,405000.0,48,1335000.0,96.0,1,Not Hispanic or Latino,Asian,Female,25-34,31.0,Loan originated
1,345000.0,20%-<30%,865000.0,242.0,1,Not Hispanic or Latino,Asian,Male,35-44,40.161,Loan originated
1,405000.0,47,535000.0,171.0,1,Not Hispanic or Latino,White,Female,35-44,75.0,Loan originated
1,645000.0,36,1175000.0,184.0,1,Hispanic or Latino,White,Female,55-64,55.128,Loan originated
1,645000.0,46,1005000.0,153.0,1,Not Hispanic or Latino,White,Male,45-54,63.898,Loan originated
1,365000.0,41,525000.0,83.0,1,Not Hispanic or Latino,White,Male,35-44,70.0,Loan originated
1,355000.0,36,545000.0,117.0,1,Not Hispanic or Latino,Asian,Female,<25,65.133,Loan originated
1,655000.0,45,845000.0,468.0,1,Not Hispanic or Latino,Asian,Male,45-54,77.515,Loan originated
1,525000.0,38,655000.0,164.0,1,Not Hispanic or Latino,White,Male,35-44,80.0,Loan originated
1,205000.0,43,245000.0,62.0,1,Hispanic or Latino,White,Male,45-54,85.0,Loan originated
1,665000.0,37,815000.0,179.0,1,Not Hispanic or Latino,Asian,Female,25-34,82.094,Loan originated
1,425000.0,48,455000.0,94.0,1,Hispanic or Latino,White,Female,35-44,97.0,Loan originated
1,355000.0,49,445000.0,94.0,1,Hispanic or Latino,White,Male,25-34,80.0,Loan originated
1,155000.0,30%-<36%,555000.0,76.0,1,Not Hispanic or Latino,Asian,Female,55-64,27.27,Application denied
1,245000.0,48,255000.0,58.0,1,Not Hispanic or Latino,Black or African American,Female,55-64,97.0,Loan originated
1,405000.0,49,425000.0,82.0,1,Not Hispanic or Latino,Black or African American,Female,55-64,94.86,Loan originated
1,565000.0,42,625000.0,178.0,1,Not Hispanic or Latino,White,Male,25-34,90.0,Loan originated
1,275000.0,30%-<36%,285000.0,89.0,1,Not Hispanic or Latino,Asian,Female,35-44,97.0,Loan originated
1,245000.0,47,305000.0,256.0,1,Hispanic or Latino,White,Female,25-34,80.0,Loan originated
1,1005000.0,20%-<30%,1605000.0,655.0,1,Not Hispanic or Latino,White,Male,35-44,62.5,Loan originated
1,1015000.0,43,1275000.0,288.0,1,Not Hispanic or Latino,Asian,Female,45-54,80.0,Loan originated
1,475000.0,43,485000.0,113.0,1,Not Hispanic or Latino,Asian,Male,25-34,97.0,Loan originated
1,225000.0,30%-<36%,245000.0,103.0,1,Not Hispanic or Latino,White,Male,35-44,90.0,Loan originated
1,335000.0,20%-<30%,445000.0,143.0,1,Not Hispanic or Latino,Asian,Male,25-34,75.0,Loan originated
1,915000.0,30%-<36%,1175000.0,237.0,1,Not Hispanic or Latino,White,Male,45-54,77.872,Loan originated
1,565000.0,30%-<36%,1125000.0,195.0,1,Not Hispanic or Latino,Black or African American,Female,65-74,50.0,Loan originated
1,635000.0,38,635000.0,150.0,1,Not Hispanic or Latino,White,Female,25-34,100.0,Loan originated
1,135000.0,38,365000.0,45.0,1,Not Hispanic or Latino,Black or African American,Female,25-34,91.136,Loan originated
1,435000.0,20%-<30%,685000.0,195.0,1,Not Hispanic or Latino,Asian,Male,35-44,63.24,Loan originated
1,565000.0,39,585000.0,147.0,1,Hispanic or Latino,White,Female,25-34,97.0,Loan originated
1,445000.0,50%-60%,575000.0,95.0,1,Hispanic or Latino,White,Male,25-34,80.0,Loan originated
1,925000.0,48,1155000.0,312.0,1,Not Hispanic or Latino,Asian,Male,35-44,80.0,Loan originated
1,385000.0,38,785000.0,109.0,1,Not Hispanic or Latino,Asian,Female,35-44,49.045,Application denied
1,1135000.0,49,1515000.0,282.0,1,Not Hispanic or Latino,Asian,Male,35-44,75.0,Loan originated
1,265000.0,<20%,465000.0,534.0,1,Not Hispanic or Latino,White,Male,25-34,56.98,Loan originated
1,875000.0,30%-<36%,1515000.0,282.0,1,Hispanic or Latino,White,Male,25-34,57.756,Loan originated
1,335000.0,49,485000.0,82.0,1,Not Hispanic or Latino,Black or African American,Male,35-44,70.0,Loan originated
1,925000.0,20%-<30%,1165000.0,714.0,1,Not Hispanic or Latino,White,Male,35-44,80.0,Loan originated
1,125000.0,>60%,285000.0,2.0,1,Not Hispanic or Latino,White,Male,65-74,43.706,Application denied
1,165000.0,30%-<36%,175000.0,110.0,1,Hispanic or Latino,White,Female,25-34,95.0,Loan originated
1,25000.0,37,705000.0,179.0,1,Hispanic or Latino,White,Female,25-34,100.0,Loan originated
1,195000.0,49,335000.0,42.0,1,Hispanic or Latino,White,Female,25-34,57.58,Loan originated
1,365000.0,20%-<30%,455000.0,195.0,1,Hispanic or Latino,2 or more minority races,Male,35-44,80.0,Loan originated
1,755000.0,36,795000.0,238.0,1,Not Hispanic or Latino,White,Female,25-34,95.0,Loan originated
1,655000.0,48,725000.0,179.0,1,Not Hispanic or Latino,White,Female,45-54,90.0,Loan originated
1,555000.0,44,695000.0,135.0,1,Not Hispanic or Latino,Asian,Female,35-44,80.0,Loan originated
1,725000.0,42,945000.0,178.0,1,Not Hispanic or Latino,White,Male,25-34,87.879,Loan originated
1,305000.0,46,385000.0,80.0,1,Not Hispanic or Latino,White,Male,25-34,80.0,Loan originated
1,845000.0,44,1055000.0,193.0,1,Not Hispanic or Latino,Black or African American,Male,25-34,80.0,Loan originated
1,705000.0,36,885000.0,232.0,1,Not Hispanic or Latino,White,Male,35-44,80.0,Loan originated
1,565000.0,37,705000.0,189.0,1,Not Hispanic or Latino,Asian,Female,35-44,80.0,Loan originated
1,515000.0,49,785000.0,96.0,1,Not Hispanic or Latino,White,Male,35-44,66.0,Loan originated
1,495000.0,47,725000.0,103.0,1,Not Hispanic or Latino,White,Male,<25,68.056,Loan originated
1,345000.0,44,395000.0,70.0,1,Hispanic or Latino,White,Female,35-44,87.179,Loan originated
1,125000.0,37,155000.0,52.0,1,Hispanic or Latino,White,Female,45-54,80.0,Loan originated
1,925000.0,48,1155000.0,359.0,1,Not Hispanic or Latino,White,Male,45-54,80.0,Loan originated
1,655000.0,37,875000.0,170.0,1,Not Hispanic or Latino,White,Male,25-34,75.0,Application denied
1,355000.0,<20%,795000.0,275.0,1,Not Hispanic or Latino,White,Male,25-34,43.89,Loan originated
1,555000.0,30%-<36%,585000.0,140.0,1,Hispanic or Latino,White,Male,35-44,95.0,Loan originated
1,565000.0,20%-<30%,715000.0,562.0,1,Hispanic or Latino,White,Male,55-64,80.0,Loan originated
1,1105000.0,40,1255000.0,328.0,1,Not Hispanic or Latino,White,Male,25-34,90.0,Loan originated
1,265000.0,30%-<36%,755000.0,135.0,1,Hispanic or Latino,White,Male,35-44,35.334,Loan originated
1,675000.0,45,845000.0,263.0,1,Not Hispanic or Latino,White,Male,35-44,80.0,Loan originated
1,325000.0,20%-<30%,415000.0,114.0,1,Hispanic or Latino,White,Male,25-34,80.0,Loan originated
1,705000.0,45,785000.0,162.0,1,Not Hispanic or Latino,Black or African American,Male,<25,89.9,Loan originated
1,735000.0,20%-<30%,815000.0,323.0,1,Not Hispanic or Latino,White,Female,45-54,90.0,Loan originated
1,625000.0,40,785000.0,191.0,1,Not Hispanic or Latino,White,Female,55-64,80.0,Loan originated
1,505000.0,38,1505000.0,160.0,1,Not Hispanic or Latino,Asian,Male,35-44,33.334,Loan originated
1,565000.0,30%-<36%,855000.0,210.0,1,Not Hispanic or Latino,White,Male,25-34,75.0,Loan originated
1,355000.0,37,855000.0,133.0,1,Not Hispanic or Latino,Asian,Male,35-44,41.177,Loan originated
1,765000.0,45,905000.0,169.0,1,Not Hispanic or Latino,Black or African American,Male,25-34,85.0,Loan originated
1,665000.0,45,765000.0,155.0,1,Not Hispanic or Latino,White,Male,35-44,89.842,Loan originated
1,175000.0,<20%,465000.0,319.0,1,Hispanic or Latino,White,Male,35-44,39.0,Loan originated
1,545000.0,30%-<36%,945000.0,203.0,1,Not Hispanic or Latino,Asian,Male,45-54,57.852,Loan originated
1,925000.0,43,1165000.0,684.0,1,Not Hispanic or Latino,Asian,Male,35-44,80.0,Loan originated
1,425000.0,40,525000.0,120.0,1,Not Hispanic or Latino,White,Male,25-34,100.0,Loan originated
1,115000.0,44,535000.0,38.0,1,Hispanic or Latino,White,Female,45-54,21.258,Loan originated
1,895000.0,36,1205000.0,587.0,1,Not Hispanic or Latino,White,Male,65-74,75.0,Loan originated
1,475000.0,39,595000.0,138.0,1,Not Hispanic or Latino,White,Female,55-64,80.0,Loan originated
1,345000.0,43,595000.0,152.0,1,Not Hispanic or Latino,Asian,Male,25-34,57.685,Loan originated
1,505000.0,20%-<30%,535000.0,256.0,1,Not Hispanic or Latino,White,Female,45-54,95.0,Loan originated
1,375000.0,49,485000.0,90.0,1,Not Hispanic or Latino,Black or African American,Female,55-64,78.125,Loan originated
1,175000.0,39,275000.0,92.0,1,Hispanic or Latino,White,Male,45-54,63.64,Loan originated
1,205000.0,48,365000.0,50.0,1,Hispanic or Latino,White,Male,25-34,56.0,Loan originated
1,355000.0,43,365000.0,85.0,1,Not Hispanic or Latino,White,Female,55-64,95.0,Loan originated
1,255000.0,40,725000.0,104.0,1,Not Hispanic or Latino,White,Female,65-74,34.48,Loan originated
1,765000.0,20%-<30%,805000.0,489.0,1,Not Hispanic or Latino,Black or African American,Male,55-64,95.446,Loan originated
1,695000.0,30%-<36%,815000.0,408.0,1,Not Hispanic or Latino,Asian,Female,35-44,85.0,Loan originated
1,445000.0,39,645000.0,203.0,1,Hispanic or Latino,White,Female,45-54,69.0,Loan originated
1,5000.0,30%-<36%,305000.0,75.0,1,Hispanic or Latino,White,Female,55-64,101.964,Loan originated
1,525000.0,43,655000.0,148.0,1,Not Hispanic or Latino,White,Male,25-34,80.0,Loan originated
1,185000.0,20%-<30%,425000.0,93.0,1,Not Hispanic or Latino,Asian,Male,35-44,44.0,Loan originated
1,375000.0,38,385000.0,137.0,1,Hispanic or Latino,White,Male,25-34,97.0,Loan originated
1,205000.0,20%-<30%,1565000.0,206.0,1,Not Hispanic or Latino,Asian,Male,25-34,12.759,Loan originated
1,265000.0,48,355000.0,88.0,1,Not Hispanic or Latino,2 or more minority races,Female,35-44,89.0,Loan originated
1,575000.0,45,715000.0,208.0,1,Not Hispanic or Latino,White,Male,<25,80.0,Loan originated
1,105000.0,44,335000.0,43.0,1,Not Hispanic or Latino,White,Male,>74,30.0,Loan originated
1,1095000.0,46,1155000.0,388.0,1,Not Hispanic or Latino,White,Male,35-44,94.96,Loan originated
1,225000.0,38,375000.0,79.0,1,Not Hispanic or Latino,Asian,Male,<25,89.865,Loan originated
1,785000.0,30%-<36%,925000.0,254.0,1,Not Hispanic or Latino,Asian,Male,25-34,85.0,Loan originated
1,205000.0,48,665000.0,147.0,1,Not Hispanic or Latino,White,Female,55-64,30.885,Loan originated
1,435000.0,43,835000.0,310.0,1,Not Hispanic or Latino,Asian,Male,45-54,52.267,Loan originated
1,765000.0,43,825000.0,238.0,1,Not Hispanic or Latino,White,Male,35-44,93.0,Loan originated
1,705000.0,39,1505000.0,212.0,1,Not Hispanic or Latino,Asian,Female,25-34,47.0,Loan originated
1,355000.0,49,2805000.0,152.0,1,Not Hispanic or Latino,Asian,Male,25-34,12.5,Loan originated
1,605000.0,50%-60%,1805000.0,188.0,1,Not Hispanic or Latino,White,Male,35-44,38.722,Application denied
1,785000.0,44,975000.0,179.0,1,Not Hispanic or Latino,White,Female,25-34,80.0,Loan originated
1,575000.0,41,775000.0,155.0,1,Not Hispanic or Latino,Black or African American,Female,45-54,74.36,Loan originated
1,965000.0,30%-<36%,1285000.0,296.0,1,Not Hispanic or Latino,White,Female,35-44,75.0,Loan originated
1,265000.0,47,295000.0,95.0,1,Not Hispanic or Latino,Asian,Female,25-34,89.997,Loan originated
1,285000.0,46,445000.0,75.0,1,Not Hispanic or Latino,Asian,Female,25-34,63.637,Loan originated
1,315000.0,42,395000.0,95.0,1,Not Hispanic or Latino,White,Female,25-34,80.0,Loan originated
1,305000.0,20%-<30%,855000.0,51.0,1,Not Hispanic or Latino,White,Female,35-44,35.09,Loan originated
1,275000.0,44,405000.0,90.0,1,Not Hispanic or Latino,White,Male,45-54,68.875,Loan originated
1,245000.0,46,325000.0,57.0,1,Not Hispanic or Latino,White,Male,45-54,100.0,Loan originated
1,575000.0,39,725000.0,151.0,1,Not Hispanic or Latino,White,Female,45-54,96.0,Loan originated
1,125000.0,49,325000.0,74.0,1,Not Hispanic or Latino,White,Female,65-74,38.17,Loan originated
1,1125000.0,44,1325000.0,225.0,1,Not Hispanic or Latino,White,Female,35-44,85.0,Loan originated
1,305000.0,44,565000.0,89.0,1,Not Hispanic or Latino,American Indian or Alaska Native,Male,>74,54.225,Loan originated
1,365000.0,44,385000.0,103.0,1,Hispanic or Latino,White,Female,35-44,95.0,Loan originated
1,485000.0,47,535000.0,166.0,1,Not Hispanic or Latino,White,Male,25-34,90.0,Loan originated
1,375000.0,30%-<36%,535000.0,175.0,1,Not Hispanic or Latino,White,Male,55-64,70.0,Loan originated
1,15000.0,50%-60%,405000.0,99.0,1,Hispanic or Latino,White,Male,35-44,100.0,Loan originated
1,365000.0,40,365000.0,105.0,1,Not Hispanic or Latino,Asian,Female,45-54,100.205,Application denied
1,1085000.0,47,1435000.0,255.0,1,Not Hispanic or Latino,Asian,Male,35-44,75.26,Loan originated
1,655000.0,44,745000.0,148.0,1,Not Hispanic or Latino,White,Male,25-34,91.89,Loan originated
1,395000.0,49,495000.0,81.0,1,Hispanic or Latino,White,Male,<25,83.0,Loan originated
1,1085000.0,30%-<36%,1485000.0,276.0,1,Not Hispanic or Latino,White,Male,35-44,72.973,Loan originated
1,405000.0,30%-<36%,515000.0,218.0,1,Hispanic or Latino,White,Male,35-44,80.0,Loan originated
1,275000.0,46,775000.0,81.0,1,Not Hispanic or Latino,White,Female,35-44,35.71,Loan originated
1,415000.0,48,535000.0,74.0,1,Not Hispanic or Latino,Asian,Male,25-34,77.024,Loan originated
1,605000.0,30%-<36%,1125000.0,470.0,1,Not Hispanic or Latino,White,Male,35-44,53.572,Loan originated
1,385000.0,40,405000.0,142.0,1,Not Hispanic or Latino,White,Male,45-54,95.0,Loan originated
1,505000.0,30%-<36%,845000.0,161.0,1,Not Hispanic or Latino,Asian,Male,35-44,59.524,Loan originated
1,265000.0,43,515000.0,58.0,1,Not Hispanic or Latino,White,Female,>74,52.102,Loan originated
1,285000.0,>60%,355000.0,0.0,1,Hispanic or Latino,White,Female,55-64,80.0,Application denied
1,305000.0,47,325000.0,77.0,1,Hispanic or Latino,White,Male,25-34,98.0,Loan originated
1,575000.0,44,645000.0,175.0,1,Hispanic or Latino,Asian,Male,25-34,90.0,Loan originated
1,345000.0,37,955000.0,125.0,1,Not Hispanic or Latino,White,Female,65-74,36.278,Loan originated
1,115000.0,20%-<30%,135000.0,86.0,1,Hispanic or Latino,White,Female,55-64,90.0,Application denied
1,1095000.0,45,1365000.0,318.0,1,Not Hispanic or Latino,Asian,Female,35-44,80.0,Loan originated
1,1285000.0,49,1605000.0,511.0,1,Not Hispanic or Latino,White,Male,35-44,80.0,Loan originated
1,365000.0,20%-<30%,465000.0,134.0,1,Not Hispanic or Latino,Asian,Male,45-54,78.357,Loan originated
1,585000.0,49,735000.0,222.0,1,Not Hispanic or Latino,White,Female,45-54,80.0,Loan originated
1,185000.0,20%-<30%,415000.0,114.0,1,Hispanic or Latino,White,Male,55-64,43.91,Loan originated
1,225000.0,43,435000.0,71.0,1,Not Hispanic or Latino,Black or African American,Female,45-54,100.0,Loan originated
1,495000.0,44,625000.0,154.0,1,Hispanic or Latino,White,Female,45-54,80.0,Loan originated
1,395000.0,40,495000.0,102.0,1,Not Hispanic or Latino,White,Female,45-54,80.0,Loan originated
1,435000.0,44,445000.0,104.0,1,Not Hispanic or Latino,2 or more minority races,Male,35-44,97.0,Application denied
1,855000.0,49,895000.0,179.0,1,Hispanic or Latino,White,Male,45-54,95.0,Loan originated
1,705000.0,41,745000.0,203.0,1,Not Hispanic or Latino,White,Male,25-34,95.0,Loan originated
1,725000.0,46,915000.0,162.0,1,Not Hispanic or Latino,White,Male,25-34,80.0,Loan originated
1,435000.0,48,475000.0,132.0,1,Not Hispanic or Latino,White,Male,55-64,91.579,Loan originated
1,925000.0,47,975000.0,319.0,1,Not Hispanic or Latino,Asian,Female,35-44,95.0,Loan originated
1,515000.0,38,605000.0,153.0,1,Not Hispanic or Latino,White,Male,25-34,85.0,Loan originated
1,815000.0,41,1025000.0,241.0,1,Not Hispanic or Latino,White,Female,55-64,79.93,Loan originated
1,725000.0,37,915000.0,230.0,1,Not Hispanic or Latino,White,Male,25-34,80.0,Loan originated
1,525000.0,46,1015000.0,124.0,1,Not Hispanic or Latino,Asian,Male,35-44,56.76,Loan originated
1,655000.0,40,1205000.0,158.0,1,Not Hispanic or Latino,Asian,Male,25-34,54.167,Loan originated
1,425000.0,30%-<36%,725000.0,204.0,1,Not Hispanic or Latino,White,Male,>74,58.333,Loan originated
1,725000.0,36,905000.0,215.0,1,Not Hispanic or Latino,White,Female,35-44,80.0,Loan originated
1,545000.0,49,575000.0,124.0,1,Not Hispanic or Latino,White,Male,25-34,93.92,Loan originated
1,445000.0,37,555000.0,120.0,1,Not Hispanic or Latino,White,Female,55-64,80.0,Loan originated
1,205000.0,>60%,1355000.0,29.0,1,Not Hispanic or Latino,White,Female,55-64,14.815,Application denied
1,245000.0,48,565000.0,66.0,1,Not Hispanic or Latino,Asian,Male,45-54,42.86,Loan originated
1,335000.0,42,345000.0,84.0,1,Hispanic or Latino,White,Male,35-44,95.0,Loan originated
1,275000.0,41,355000.0,75.0,1,Not Hispanic or Latino,White,Male,25-34,77.279,Loan originated
1,295000.0,30%-<36%,645000.0,114.0,1,Not Hispanic or Latino,White,Female,45-54,46.03,Loan originated
1,805000.0,45,1055000.0,174.0,1,Not Hispanic or Latino,White,Female,65-74,76.67,Loan originated
1,215000.0,47,305000.0,112.0,1,Not Hispanic or Latino,White,Male,35-44,70.0,Loan originated
1,455000.0,48,515000.0,180.0,1,Not Hispanic or Latino,White,Male,25-34,88.281,Loan originated
1,345000.0,49,455000.0,83.0,1,Not Hispanic or Latino,Black or African American,Female,45-54,101.538,Loan originated
1,375000.0,43,415000.0,114.0,1,Hispanic or Latino,White,Female,55-64,90.0,Loan originated
1,395000.0,48,665000.0,90.0,1,Not Hispanic or Latino,White,Female,65-74,59.85,Loan originated
1,505000.0,45,745000.0,120.0,1,Hispanic or Latino,White,Male,<25,67.568,Loan originated
1,605000.0,47,1105000.0,145.0,1,Not Hispanic or Latino,Asian,Female,45-54,55.0,Loan originated
1,585000.0,30%-<36%,1805000.0,218.0,1,Not Hispanic or Latino,White,Male,35-44,32.133,Loan originated
1,305000.0,<20%,655000.0,250.0,1,Not Hispanic or Latino,Asian,Female,25-34,46.154,Application denied
1,1025000.0,>60%,1425000.0,139.0,1,Hispanic or Latino,White,Female,35-44,72.01,Application denied
1,505000.0,39,525000.0,200.0,1,Not Hispanic or Latino,White,Male,>74,97.0,Loan originated
1,355000.0,49,505000.0,125.0,1,Not Hispanic or Latino,White,Female,65-74,69.882,Loan originated
1,555000.0,49,655000.0,120.0,1,Not Hispanic or Latino,Asian,Male,35-44,84.0,Loan originated
1,225000.0,49,255000.0,114.0,1,Hispanic or Latino,White,Male,35-44,89.8,Loan originated
1,445000.0,47,465000.0,95.0,1,Hispanic or Latino,White,Male,25-34,100.0,Loan originated
1,105000.0,50%-60%,245000.0,68.0,1,Not Hispanic or Latino,White,Female,45-54,41.67,Loan originated
1,585000.0,49,775000.0,119.0,1,Not Hispanic or Latino,Asian,Male,25-34,95.005,Loan originated
1,295000.0,39,485000.0,123.0,1,Not Hispanic or Latino,White,Female,45-54,59.8,Loan originated
1,475000.0,49,545000.0,124.0,1,Hispanic or Latino,White,Female,65-74,87.71,Loan originated
1,195000.0,40,375000.0,61.0,1,Not Hispanic or Latino,Asian,Female,45-54,92.933,Loan originated
1,645000.0,49,755000.0,140.0,1,Not Hispanic or Latino,White,Male,25-34,85.0,Loan originated
1,155000.0,<20%,745000.0,156.0,1,Not Hispanic or Latino,White,Female,>74,20.069,Loan originated
1,405000.0,49,855000.0,127.0,1,Not Hispanic or Latino,Asian,Female,25-34,64.706,Application denied
1,395000.0,39,475000.0,104.0,1,Not Hispanic or Latino,White,Female,25-34,104.0,Loan originated
1,625000.0,30%-<36%,1655000.0,220.0,1,Not Hispanic or Latino,White,Male,35-44,37.764,Loan originated
1,325000.0,47,405000.0,74.0,1,Not Hispanic or Latino,Asian,Male,35-44,100.0,Loan originated
1,515000.0,49,545000.0,107.0,1,Hispanic or Latino,White,Male,35-44,95.0,Loan originated
1,465000.0,49,575000.0,114.0,1,Not Hispanic or Latino,Asian,Female,55-64,80.0,Loan originated
1,255000.0,42,315000.0,70.0,1,Hispanic or Latino,White,Male,35-44,80.0,Loan originated
1,235000.0,40,405000.0,69.0,1,Hispanic or Latino,White,Male,55-64,57.5,Loan originated
1,635000.0,38,795000.0,207.0,1,Not Hispanic or Latino,Black or African American,Female,65-74,80.0,Loan originated
1,1145000.0,39,1685000.0,526.0,1,Hispanic or Latino,White,Male,55-64,89.99,Loan originated
1,595000.0,<20%,655000.0,587.0,1,Not Hispanic or Latino,White,Male,35-44,90.0,Loan originated
1,365000.0,37,455000.0,117.0,1,Not Hispanic or Latino,Asian,Male,25-34,79.89,Loan originated
1,55000.0,49,485000.0,93.0,1,Not Hispanic or Latino,Asian,Male,45-54,12.0,Loan originated
1,835000.0,48,875000.0,174.0,1,Hispanic or Latino,White,Female,25-34,94.97,Loan originated
1,645000.0,49,675000.0,167.0,1,Not Hispanic or Latino,White,Female,25-34,95.0,Loan originated
1,55000.0,<20%,55000.0,48.0,1,Hispanic or Latino,White,Female,55-64,100.0,Loan originated
1,415000.0,20%-<30%,435000.0,171.0,1,Not Hispanic or Latino,White,Male,35-44,97.0,Loan originated
1,1115000.0,36,1195000.0,390.0,1,Hispanic or Latino,White,Female,35-44,93.0,Loan originated
1,415000.0,37,425000.0,161.0,1,Hispanic or Latino,White,Female,55-64,97.0,Application denied
1,705000.0,47,875000.0,150.0,1,Not Hispanic or Latino,American Indian or Alaska Native,Male,35-44,80.0,Loan originated
1,1125000.0,43,1405000.0,299.0,1,Hispanic or Latino,White,Male,35-44,80.0,Loan originated
1,465000.0,30%-<36%,715000.0,139.0,1,Not Hispanic or Latino,White,Male,25-34,65.105,Loan originated
1,175000.0,49,185000.0,56.0,1,Not Hispanic or Latino,White,Male,55-64,95.0,Loan originated
1,325000.0,36,565000.0,298.0,1,Not Hispanic or Latino,Asian,Male,35-44,57.218,Loan originated
1,385000.0,44,405000.0,122.0,1,Not Hispanic or Latino,White,Male,45-54,97.0,Loan originated
1,205000.0,20%-<30%,405000.0,124.0,1,Not Hispanic or Latino,White,Female,45-54,51.1,Loan originated
1,395000.0,41,495000.0,89.0,1,Not Hispanic or Latino,White,Male,25-34,80.0,Loan originated
1,25000.0,20%-<30%,775000.0,190.0,1,Hispanic or Latino,White,Female,45-54,100.0,Application denied
1,425000.0,<20%,525000.0,256.0,1,Hispanic or Latino,White,Female,35-44,80.0,Loan originated
1,365000.0,44,385000.0,98.0,1,Not Hispanic or Latino,Asian,Female,35-44,95.0,Loan originated
1,1125000.0,30%-<36%,1405000.0,641.0,1,Not Hispanic or Latino,White,Male,35-44,80.0,Loan originated
1,155000.0,<20%,295000.0,121.0,1,Not Hispanic or Latino,White,Female,55-64,50.167,Loan originated
1,505000.0,49,595000.0,108.0,1,Not Hispanic or Latino,2 or more minority races,Male,35-44,89.99,Loan originated
1,245000.0,49,305000.0,48.0,1,Hispanic or Latino,White,Female,25-34,92.508,Application denied
1,315000.0,48,435000.0,62.0,1,Not Hispanic or Latino,Asian,Male,45-54,72.09,Loan originated
1,485000.0,39,515000.0,114.0,1,Hispanic or Latino,White,Female,25-34,95.0,Loan originated
1,205000.0,36,1055000.0,81.0,1,Not Hispanic or Latino,Asian,Female,65-74,18.957,Loan originated
1,205000.0,44,345000.0,100.0,1,Not Hispanic or Latino,White,Male,55-64,60.0,Loan originated
1,655000.0,49,935000.0,229.0,1,Not Hispanic or Latino,Asian,Male,25-34,70.0,Loan originated
1,145000.0,<20%,175000.0,77.0,1,Not Hispanic or Latino,Asian,Male,25-34,80.0,Loan originated
1,965000.0,50%-60%,1375000.0,237.0,1,Not Hispanic or Latino,White,Male,65-74,70.0,Loan originated
1,1045000.0,20%-<30%,1305000.0,418.0,1,Hispanic or Latino,White,Female,25-34,80.0,Loan originated
1,595000.0,20%-<30%,685000.0,322.0,1,Not Hispanic or Latino,White,Female,65-74,86.212,Loan originated
1,1105000.0,50%-60%,1655000.0,655.0,1,Not Hispanic or Latino,White,Male,25-34,66.667,Application denied
1,1135000.0,48,1415000.0,228.0,1,Not Hispanic or Latino,White,Male,35-44,80.0,Application denied
1,355000.0,20%-<30%,805000.0,138.0,1,Hispanic or Latino,White,Male,55-64,43.75,Loan originated
1,325000.0,30%-<36%,345000.0,90.0,1,Not Hispanic or Latino,Asian,Female,55-64,95.0,Loan originated
1,705000.0,49,1205000.0,195.0,1,Not Hispanic or Latino,White,Female,55-64,58.506,Loan originated
1,785000.0,<20%,985000.0,665.0,1,Not Hispanic or Latino,Asian,Male,55-64,80.0,Loan originated
1,425000.0,20%-<30%,525000.0,133.0,1,Not Hispanic or Latino,White,Female,45-54,80.0,Loan originated
1,455000.0,46,485000.0,96.0,1,Not Hispanic or Latino,Black or African American,Female,25-34,98.0,Loan originated
1,415000.0,20%-<30%,555000.0,174.0,1,Not Hispanic or Latino,White,Female,25-34,75.0,Loan originated
1,605000.0,41,645000.0,188.0,1,Hispanic or Latino,White,Female,35-44,95.0,Loan originated
1,435000.0,48,555000.0,119.0,1,Not Hispanic or Latino,Asian,Male,25-34,80.0,Loan originated
1,615000.0,44,655000.0,173.0,1,Hispanic or Latino,White,Male,<25,95.0,Loan originated
1,295000.0,48,495000.0,71.0,1,Hispanic or Latino,White,Female,55-64,59.274,Loan originated
1,615000.0,49,645000.0,163.0,1,Hispanic or Latino,White,Male,<25,95.0,Loan originated
1,535000.0,42,565000.0,135.0,1,Not Hispanic or Latino,White,Female,55-64,95.0,Loan originated
1,395000.0,20%-<30%,595000.0,172.0,1,Not Hispanic or Latino,White,Male,45-54,66.611,Loan originated
1,635000.0,30%-<36%,675000.0,246.0,1,Hispanic or Latino,White,Male,45-54,95.0,Loan originated
1,415000.0,49,555000.0,106.0,1,Not Hispanic or Latino,White,Male,45-54,75.0,Application denied
1,475000.0,44,675000.0,260.0,1,Hispanic or Latino,White,Male,65-74,70.0,Loan originated
1,375000.0,49,465000.0,75.0,1,Not Hispanic or Latino,Asian,Male,25-34,80.0,Loan originated
1,755000.0,43,835000.0,151.0,1,Not Hispanic or Latino,Asian,Male,35-44,90.0,Loan originated
1,615000.0,42,815000.0,137.0,1,Not Hispanic or Latino,White,Female,35-44,76.0,Loan originated
1,605000.0,46,905000.0,415.0,1,Not Hispanic or Latino,White,Male,55-64,66.667,Loan originated
1,145000.0,42,155000.0,119.0,1,Hispanic or Latino,White,Male,45-54,95.0,Application denied
1,575000.0,46,595000.0,148.0,1,Hispanic or Latino,White,Male,25-34,97.0,Loan originated
1,575000.0,48,715000.0,131.0,1,Not Hispanic or Latino,White,Male,35-44,80.0,Loan originated
1,435000.0,20%-<30%,735000.0,246.0,1,Not Hispanic or Latino,Asian,Male,35-44,58.743,Loan originated
1,615000.0,47,765000.0,129.0,1,Not Hispanic or Latino,Asian,Male,35-44,80.0,Loan originated
1,495000.0,49,555000.0,122.0,1,Not Hispanic or Latino,Asian,Male,25-34,89.99,Loan originated
1,305000.0,43,425000.0,86.0,1,Not Hispanic or Latino,White,Female,65-74,72.0,Loan originated
1,755000.0,49,865000.0,164.0,1,Not Hispanic or Latino,Asian,Male,25-34,87.529,Loan originated
1,155000.0,20%-<30%,525000.0,96.0,1,Not Hispanic or Latino,Asian,Female,25-34,28.91,Loan originated
1,645000.0,46,805000.0,150.0,1,Hispanic or Latino,White,Male,25-34,80.0,Loan originated
1,665000.0,48,795000.0,130.0,1,Hispanic or Latino,American Indian or Alaska Native,Female,55-64,84.0,Loan originated
1,325000.0,44,445000.0,83.0,1,Not Hispanic or Latino,White,Female,>74,72.0,Loan originated
1,725000.0,48,1195000.0,140.0,1,Not Hispanic or Latino,White,Male,45-54,60.669,Loan originated
1,555000.0,46,565000.0,133.0,1,Not Hispanic or Latino,Asian,Female,35-44,97.0,Loan originated
1,1015000.0,42,1355000.0,254.0,1,Not Hispanic or Latino,White,Male,25-34,75.0,Loan originated
1,705000.0,47,875000.0,163.0,1,Hispanic or Latino,White,Male,35-44,80.0,Loan originated
1,295000.0,45,775000.0,73.0,1,Not Hispanic or Latino,Asian,Female,<25,38.137,Loan originated
1,405000.0,39,705000.0,150.0,1,Not Hispanic or Latino,White,Female,35-44,57.204,Loan originated
1,635000.0,30%-<36%,905000.0,201.0,1,Not Hispanic or Latino,Asian,Female,35-44,70.0,Loan originated
1,345000.0,<20%,405000.0,340.0,1,Hispanic or Latino,White,Female,35-44,85.0,Loan originated
1,505000.0,40,625000.0,158.0,1,Not Hispanic or Latino,White,Male,25-34,80.0,Loan originated
1,705000.0,45,745000.0,235.0,1,Not Hispanic or Latino,Asian,Male,25-34,95.0,Loan originated
1,405000.0,43,725000.0,87.0,1,Not Hispanic or Latino,Asian,Male,45-54,55.721,Loan originated
1,805000.0,48,845000.0,177.0,1,Hispanic or Latino,White,Male,25-34,95.0,Loan originated
1,765000.0,43,965000.0,260.0,1,Not Hispanic or Latino,Asian,Male,35-44,79.849,Loan originated
1,705000.0,41,1185000.0,241.0,1,Not Hispanic or Latino,Asian,Male,35-44,59.322,Loan originated
1,205000.0,44,255000.0,60.0,1,Hispanic or Latino,White,Male,25-34,80.0,Loan originated
1,1005000.0,>60%,1345000.0,722.0,1,Not Hispanic or Latino,White,Male,45-54,75.0,Application denied
1,305000.0,37,555000.0,86.0,1,Not Hispanic or Latino,White,Male,25-34,54.55,Loan originated
1,765000.0,49,975000.0,149.0,1,Not Hispanic or Latino,White,Male,25-34,79.0,Loan originated
1,445000.0,20%-<30%,555000.0,147.0,1,Not Hispanic or Latino,Asian,Male,35-44,80.0,Application denied
1,1055000.0,44,1925000.0,243.0,1,Not Hispanic or Latino,Asian,Female,45-54,54.6,Loan originated
1,305000.0,49,345000.0,83.0,1,Not Hispanic or Latino,Black or African American,Female,65-74,89.9,Loan originated
1,295000.0,30%-<36%,795000.0,131.0,1,Not Hispanic or Latino,Asian,Male,25-34,36.71,Loan originated
1,245000.0,49,315000.0,80.0,1,Not Hispanic or Latino,White,Male,55-64,77.42,Loan originated
1,1025000.0,40,1275000.0,300.0,1,Not Hispanic or Latino,White,Male,35-44,80.0,Loan originated
1,1145000.0,<20%,1345000.0,768.0,1,Not Hispanic or Latino,White,Male,35-44,85.0,Loan originated
1,795000.0,48,1065000.0,258.0,1,Not Hispanic or Latino,White,Female,35-44,74.832,Loan originated
1,455000.0,40,575000.0,140.0,1,Not Hispanic or Latino,American Indian or Alaska Native,Female,25-34,80.0,Loan originated
1,55000.0,38,135000.0,58.0,1,Hispanic or Latino,White,Female,65-74,40.51,Loan originated
1,355000.0,>60%,505000.0,48.0,1,Hispanic or Latino,White,Female,55-64,70.0,Application denied
1,445000.0,43,525000.0,113.0,1,Not Hispanic or Latino,White,Male,35-44,85.0,Loan originated
1,775000.0,36,955000.0,241.0,1,Hispanic or Latino,White,Male,25-34,81.6,Loan originated
1,355000.0,>60%,395000.0,81.0,1,Not Hispanic or Latino,White,Male,25-34,90.0,Application denied
1,95000.0,30%-<36%,285000.0,41.0,1,Hispanic or Latino,White,Female,55-64,32.143,Loan originated
1,585000.0,20%-<30%,625000.0,171.0,1,Not Hispanic or Latino,Asian,Male,25-34,95.0,Loan originated
1,285000.0,30%-<36%,295000.0,80.0,1,Hispanic or Latino,White,Male,25-34,97.0,Loan originated
1,365000.0,50%-60%,455000.0,70.0,1,Not Hispanic or Latino,White,Female,25-34,79.121,Loan originated
1,765000.0,42,855000.0,189.0,1,Not Hispanic or Latino,White,Female,35-44,93.0,Loan originated
1,485000.0,39,505000.0,144.0,1,Hispanic or Latino,White,Female,35-44,97.0,Loan originated
1,1025000.0,49,1315000.0,420.0,1,Not Hispanic or Latino,White,Male,55-64,78.0,Loan originated
1,245000.0,49,265000.0,63.0,1,Hispanic or Latino,White,Female,<25,95.0,Loan originated
1,705000.0,50%-60%,875000.0,157.0,1,Hispanic or Latino,White,Male,25-34,80.0,Loan originated
1,485000.0,43,2485000.0,170.0,1,Not Hispanic or Latino,Asian,Male,45-54,19.558,Loan originated
1,435000.0,48,1055000.0,121.0,1,Not Hispanic or Latino,Asian,Female,25-34,40.95,Loan originated
1,355000.0,30%-<36%,655000.0,140.0,1,Not Hispanic or Latino,Asian,Female,35-44,55.0,Loan originated
1,725000.0,49,745000.0,197.0,1,Not Hispanic or Latino,Black or African American,Female,35-44,97.0,Loan originated
1,595000.0,47,705000.0,121.0,1,Hispanic or Latino,White,Female,35-44,85.0,Loan originated
1,605000.0,44,835000.0,201.0,1,Not Hispanic or Latino,Asian,Female,25-34,73.0,Loan originated
1,1025000.0,42,1325000.0,283.0,1,Not Hispanic or Latino,White,Male,35-44,77.358,Loan originated
1,665000.0,38,735000.0,170.0,1,Not Hispanic or Latino,Asian,Male,55-64,90.0,Loan originated
1,825000.0,43,925000.0,242.0,1,Not Hispanic or Latino,White,Female,35-44,90.0,Loan originated
1,605000.0,44,645000.0,135.0,1,Not Hispanic or Latino,White,Male,35-44,94.987,Loan originated
1,405000.0,43,535000.0,119.0,1,Not Hispanic or Latino,Asian,Male,25-34,75.0,Loan originated
1,565000.0,42,625000.0,242.0,1,Not Hispanic or Latino,Asian,Male,45-54,95.0,Application denied
1,965000.0,47,1285000.0,266.0,1,Hispanic or Latino,White,Male,55-64,75.0,Loan originated
1,785000.0,42,875000.0,158.0,1,Not Hispanic or Latino,Asian,Male,25-34,90.0,Loan originated
1,225000.0,30%-<36%,1955000.0,245.0,1,Not Hispanic or Latino,Asian,Female,45-54,90.0,Loan originated
1,445000.0,42,705000.0,131.0,1,Hispanic or Latino,White,Male,25-34,64.1,Application denied
1,255000.0,30%-<36%,325000.0,101.0,1,Not Hispanic or Latino,Asian,Male,35-44,78.13,Loan originated
1,645000.0,48,785000.0,178.0,1,Not Hispanic or Latino,Black or African American,Male,55-64,82.237,Loan originated
1,345000.0,36,575000.0,92.0,1,Not Hispanic or Latino,White,Male,25-34,60.0,Loan originated
1,435000.0,20%-<30%,735000.0,156.0,1,Not Hispanic or Latino,Asian,Male,<25,59.405,Loan originated
1,535000.0,49,565000.0,112.0,1,Not Hispanic or Latino,White,Female,35-44,95.0,Loan originated
1,445000.0,49,735000.0,92.0,1,Not Hispanic or Latino,White,Female,25-34,60.274,Loan originated
1,445000.0,47,635000.0,107.0,1,Not Hispanic or Latino,White,Male,35-44,70.0,Application denied
1,355000.0,41,755000.0,433.0,1,Not Hispanic or Latino,White,Male,35-44,46.667,Loan originated
1,565000.0,39,635000.0,142.0,1,Not Hispanic or Latino,Black or African American,Female,45-54,90.0,Loan originated
1,235000.0,>60%,295000.0,129.0,1,Not Hispanic or Latino,White,Male,55-64,80.0,Application denied
1,355000.0,48,445000.0,78.0,1,Not Hispanic or Latino,White,Female,<25,80.0,Loan originated
1,325000.0,49,345000.0,63.0,1,Not Hispanic or Latino,White,Female,25-34,95.0,Loan originated
1,135000.0,30%-<36%,145000.0,59.0,1,Not Hispanic or Latino,White,Female,25-34,95.0,Application denied
1,365000.0,48,455000.0,80.0,1,Hispanic or Latino,White,Female,35-44,80.0,Loan originated
1,365000.0,45,405000.0,132.0,1,Hispanic or Latino,Black or African American,Female,25-34,90.0,Loan originated
1,925000.0,42,1155000.0,242.0,1,Not Hispanic or Latino,White,Female,>74,80.0,Loan originated
1,585000.0,30%-<36%,785000.0,189.0,1,Not Hispanic or Latino,Asian,Male,35-44,75.0,Loan originated
1,425000.0,20%-<30%,535000.0,138.0,1,Not Hispanic or Latino,White,Female,45-54,80.0,Loan originated
1,375000.0,37,385000.0,149.0,1,Hispanic or Latino,White,Female,55-64,97.0,Loan originated
1,765000.0,42,825000.0,323.0,1,Not Hispanic or Latino,Black or African American,Male,55-64,94.0,Loan originated
1,365000.0,48,865000.0,96.0,1,Not Hispanic or Latino,Asian,Female,65-74,41.86,Loan originated
1,725000.0,48,805000.0,303.0,1,Not Hispanic or Latino,White,Male,35-44,90.0,Loan originated
1,255000.0,49,275000.0,67.0,1,Not Hispanic or Latino,White,Male,35-44,90.0,Loan originated
1,575000.0,49,615000.0,131.0,1,Not Hispanic or Latino,White,Male,45-54,95.0,Loan originated
1,365000.0,49,535000.0,90.0,1,Not Hispanic or Latino,White,Female,55-64,67.93,Loan originated
1,305000.0,49,655000.0,67.0,1,Not Hispanic or Latino,White,Male,45-54,48.0,Loan originated
1,465000.0,46,625000.0,99.0,1,Not Hispanic or Latino,Asian,Female,35-44,95.0,Loan originated
1,505000.0,37,535000.0,143.0,1,Not Hispanic or Latino,Asian,Male,25-34,95.0,Loan originated
1,515000.0,<20%,965000.0,270.0,1,Not Hispanic or Latino,Asian,Male,55-64,53.37,Loan originated
1,405000.0,<20%,2005000.0,661.0,1,Hispanic or Latino,White,Male,45-54,20.0,Loan originated
1,495000.0,49,755000.0,160.0,1,Not Hispanic or Latino,White,Female,25-34,65.333,Loan originated
1,405000.0,49,435000.0,90.0,1,Not Hispanic or Latino,White,Male,65-74,95.0,Loan originated
1,745000.0,48,985000.0,290.0,1,Not Hispanic or Latino,White,Male,45-54,75.0,Loan originated
1,765000.0,48,845000.0,200.0,1,Not Hispanic or Latino,Asian,Male,35-44,90.0,Loan originated
1,505000.0,20%-<30%,1155000.0,223.0,1,Not Hispanic or Latino,White,Male,45-54,43.37,Loan originated
1,345000.0,40,435000.0,103.0,1,Not Hispanic or Latino,White,Female,45-54,80.0,Loan originated
1,1105000.0,44,1385000.0,424.0,1,Not Hispanic or Latino,White,Male,65-74,80.0,Loan originated
1,705000.0,44,935000.0,235.0,1,Not Hispanic or Latino,Asian,Female,45-54,75.0,Loan originated
1,975000.0,45,1305000.0,233.0,1,Not Hispanic or Latino,Asian,Male,35-44,75.0,Loan originated
1,605000.0,37,755000.0,379.0,1,Not Hispanic or Latino,White,Female,45-54,80.0,Loan originated
1,385000.0,42,555000.0,91.0,1,Not Hispanic or Latino,White,Female,65-74,69.344,Loan originated
1,585000.0,38,735000.0,174.0,1,Hispanic or Latino,White,Male,45-54,80.0,Loan originated
1,775000.0,47,1105000.0,196.0,1,Not Hispanic or Latino,White,Male,45-54,70.0,Loan originated
1,555000.0,49,585000.0,131.0,1,Hispanic or Latino,White,Male,35-44,95.0,Loan originated
1,665000.0,36,1115000.0,204.0,1,Not Hispanic or Latino,Asian,Male,25-34,59.459,Loan originated
1,515000.0,40,855000.0,178.0,1,Not Hispanic or Latino,Asian,Male,35-44,60.0,Loan originated
1,125000.0,30%-<36%,165000.0,55.0,1,Not Hispanic or Latino,White,Male,25-34,80.0,Loan originated
1,265000.0,30%-<36%,305000.0,117.0,1,Hispanic or Latino,White,Female,45-54,88.33,Loan originated
1,305000.0,40,405000.0,85.0,1,Hispanic or Latino,White,Male,25-34,95.0,Loan originated
1,305000.0,30%-<36%,375000.0,149.0,1,Not Hispanic or Latino,Asian,Male,55-64,80.0,Loan originated
1,475000.0,49,595000.0,103.0,1,Not Hispanic or Latino,White,Male,35-44,80.0,Loan originated
1,275000.0,44,325000.0,83.0,1,Not Hispanic or Latino,White,Female,45-54,85.0,Loan originated
1,555000.0,48,685000.0,102.0,1,Not Hispanic or Latino,Asian,Female,55-64,80.0,Application denied
1,695000.0,43,735000.0,155.0,1,Not Hispanic or Latino,White,Male,25-34,95.0,Loan originated
1,485000.0,37,495000.0,125.0,1,Not Hispanic or Latino,White,Female,35-44,97.0,Loan originated
1,995000.0,20%-<30%,1655000.0,461.0,1,Not Hispanic or Latino,White,Female,55-64,60.0,Loan originated
1,115000.0,41,125000.0,84.0,1,Hispanic or Latino,White,Male,25-34,91.3,Application denied
1,455000.0,48,615000.0,89.0,1,Hispanic or Latino,White,Female,35-44,73.77,Loan originated
1,1005000.0,38,1705000.0,323.0,1,Not Hispanic or Latino,Asian,Male,35-44,58.824,Loan originated
1,255000.0,45,565000.0,114.0,1,Not Hispanic or Latino,White,Male,65-74,44.444,Loan originated
1,465000.0,41,515000.0,132.0,1,Not Hispanic or Latino,Asian,Female,25-34,90.0,Loan originated
1,755000.0,44,945000.0,312.0,1,Not Hispanic or Latino,Black or African American,Female,45-54,80.0,Loan originated
1,985000.0,39,1235000.0,627.0,1,Not Hispanic or Latino,Asian,Male,35-44,80.0,Loan originated
1,125000.0,45,275000.0,32.0,1,Hispanic or Latino,White,Male,45-54,45.0,Loan originated
1,485000.0,30%-<36%,735000.0,172.0,1,Not Hispanic or Latino,Asian,Male,35-44,66.216,Loan originated
1,555000.0,37,795000.0,150.0,1,Not Hispanic or Latino,Asian,Female,35-44,68.923,Loan originated
1,415000.0,41,435000.0,125.0,1,Not Hispanic or Latino,White,Male,<25,97.0,Loan originated
1,565000.0,38,705000.0,166.0,1,Not Hispanic or Latino,White,Male,25-34,80.0,Loan originated
1,475000.0,47,535000.0,104.0,1,Hispanic or Latino,White,Male,25-34,89.99,Loan originated
1,385000.0,44,485000.0,90.0,1,Not Hispanic or Latino,White,Female,45-54,80.0,Loan originated
1,525000.0,45,555000.0,130.0,1,Hispanic or Latino,White,Male,45-54,95.0,Loan originated
1,835000.0,45,925000.0,234.0,1,Not Hispanic or Latino,White,Female,35-44,90.0,Loan originated
1,245000.0,43,465000.0,80.0,1,Not Hispanic or Latino,White,Female,35-44,100.0,Loan originated
1,445000.0,37,895000.0,239.0,1,Not Hispanic or Latino,Asian,Female,45-54,50.0,Loan originated
1,415000.0,46,555000.0,100.0,1,Not Hispanic or Latino,Asian,Female,25-34,75.0,Application denied
1,395000.0,44,445000.0,84.0,1,Not Hispanic or Latino,White,Male,25-34,89.109,Loan originated
1,565000.0,37,705000.0,165.0,1,Not Hispanic or Latino,Asian,Female,35-44,80.0,Loan originated
1,435000.0,39,795000.0,104.0,1,Not Hispanic or Latino,White,Male,35-44,53.751,Loan originated
1,675000.0,49,755000.0,125.0,1,Not Hispanic or Latino,White,Male,35-44,90.0,Loan originated
1,435000.0,44,545000.0,110.0,1,Hispanic or Latino,White,Male,55-64,80.0,Loan originated
1,275000.0,36,385000.0,91.0,1,Not Hispanic or Latino,White,Male,55-64,72.03,Loan originated
1,735000.0,43,915000.0,168.0,1,Not Hispanic or Latino,Asian,Male,25-34,80.0,Loan originated
1,695000.0,>60%,725000.0,87.0,1,Not Hispanic or Latino,Black or African American,Female,45-54,99.0,Application denied
1,475000.0,38,595000.0,135.0,1,Not Hispanic or Latino,Asian,Male,35-44,80.0,Loan originated
1,595000.0,42,745000.0,228.0,1,Hispanic or Latino,White,Male,25-34,80.0,Loan originated
1,505000.0,39,565000.0,154.0,1,Not Hispanic or Latino,White,Female,35-44,90.3,Loan originated
1,465000.0,50%-60%,485000.0,105.0,1,Not Hispanic or Latino,Black or African American,Female,55-64,95.0,Loan originated
1,135000.0,40,425000.0,69.0,1,Hispanic or Latino,White,Female,35-44,89.882,Loan originated
1,465000.0,20%-<30%,615000.0,264.0,1,Not Hispanic or Latino,American Indian or Alaska Native,Male,35-44,75.0,Loan originated
1,365000.0,30%-<36%,445000.0,112.0,1,Hispanic or Latino,White,Female,35-44,82.183,Loan originated
1,685000.0,43,915000.0,354.0,1,Not Hispanic or Latino,Black or African American,Female,35-44,75.0,Loan originated
1,525000.0,30%-<36%,1305000.0,263.0,1,Hispanic or Latino,White,Male,65-74,41.0,Loan originated
1,1015000.0,38,1355000.0,259.0,1,Not Hispanic or Latino,Asian,Male,45-54,75.0,Loan originated
1,345000.0,39,365000.0,82.0,1,Not Hispanic or Latino,White,Female,55-64,97.0,Loan originated
1,485000.0,>60%,605000.0,49.0,1,Not Hispanic or Latino,White,Female,25-34,101.469,Application denied
1,715000.0,36,895000.0,245.0,1,Not Hispanic or Latino,White,Male,35-44,90.0,Loan originated
1,845000.0,36,1065000.0,273.0,1,Not Hispanic or Latino,White,Female,35-44,80.0,Loan originated
1,745000.0,39,985000.0,209.0,1,Not Hispanic or Latino,Asian,Male,45-54,75.0,Loan originated
1,625000.0,20%-<30%,665000.0,350.0,1,Hispanic or Latino,White,Female,35-44,95.0,Loan originated
1,305000.0,49,525000.0,69.0,1,Not Hispanic or Latino,Asian,Female,>74,57.682,Loan originated
1,315000.0,48,325000.0,72.0,1,Not Hispanic or Latino,Black or African American,Female,25-34,97.0,Loan originated
1,595000.0,30%-<36%,895000.0,212.0,1,Hispanic or Latino,White,Female,45-54,67.0,Loan originated
1,275000.0,49,665000.0,64.0,1,Not Hispanic or Latino,White,Male,35-44,41.667,Loan originated
1,545000.0,30%-<36%,675000.0,480.0,1,Not Hispanic or Latino,White,Female,25-34,80.0,Loan originated
1,375000.0,47,465000.0,76.0,1,Not Hispanic or Latino,Asian,Male,25-34,100.0,Loan originated
1,525000.0,37,745000.0,159.0,1,Hispanic or Latino,White,Male,55-64,70.0,Loan originated
1,385000.0,43,415000.0,90.0,1,Hispanic or Latino,White,Male,25-34,95.0,Loan originated
1,705000.0,20%-<30%,885000.0,327.0,1,Hispanic or Latino,Asian,Male,35-44,79.545,Loan originated
1,855000.0,48,895000.0,171.0,1,Not Hispanic or Latino,White,Male,35-44,95.0,Loan originated
1,705000.0,41,1005000.0,175.0,1,Not Hispanic or Latino,Asian,Male,25-34,70.0,Loan originated
1,685000.0,48,855000.0,156.0,1,Not Hispanic or Latino,White,Male,35-44,80.0,Loan originated
1,955000.0,47,1775000.0,242.0,1,Not Hispanic or Latino,Asian,Male,35-44,53.52,Loan originated
1,605000.0,36,615000.0,169.0,1,Not Hispanic or Latino,White,Female,25-34,97.0,Loan originated
1,355000.0,20%-<30%,1225000.0,225.0,1,Not Hispanic or Latino,White,Male,55-64,28.69,Loan originated
1,325000.0,44,525000.0,78.0,1,Not Hispanic or Latino,White,Female,35-44,61.759,Loan originated
1,585000.0,38,1185000.0,175.0,1,Not Hispanic or Latino,Asian,Female,35-44,49.41,Loan originated
1,605000.0,30%-<36%,675000.0,300.0,1,Not Hispanic or Latino,White,Male,35-44,90.0,Loan originated
1,385000.0,49,595000.0,84.0,1,Not Hispanic or Latino,Asian,Male,35-44,63.866,Loan originated
1,1005000.0,>60%,1455000.0,39.0,1,Not Hispanic or Latino,White,Female,65-74,68.67,Application denied
1,1145000.0,30%-<36%,2005000.0,396.0,1,Not Hispanic or Latino,Asian,Male,25-34,57.45,Loan originated
1,605000.0,48,1795000.0,274.0,1,Not Hispanic or Latino,Native Hawaiian or Other Pacific Islander,Female,45-54,33.35,Loan originated
1,1005000.0,39,1345000.0,228.0,1,Not Hispanic or Latino,Asian,Female,25-34,75.0,Loan originated
1,405000.0,30%-<36%,765000.0,180.0,1,Not Hispanic or Latino,White,Female,25-34,52.98,Loan originated
1,175000.0,42,305000.0,44.0,1,Hispanic or Latino,White,Female,25-34,90.5,Loan originated
1,615000.0,37,715000.0,274.0,1,Hispanic or Latino,White,Female,25-34,86.066,Loan originated
1,905000.0,44,1455000.0,338.0,1,Not Hispanic or Latino,Asian,Male,35-44,61.843,Loan originated
1,585000.0,46,775000.0,114.0,1,Not Hispanic or Latino,White,Male,45-54,75.0,Loan originated
1,485000.0,39,505000.0,162.0,1,Not Hispanic or Latino,Asian,Male,55-64,97.0,Loan originated
1,495000.0,49,525000.0,174.0,1,Hispanic or Latino,White,Male,35-44,95.0,Loan originated
1,495000.0,41,525000.0,171.0,1,Not Hispanic or Latino,White,Male,55-64,95.0,Loan originated
1,1125000.0,47,1435000.0,244.0,1,Not Hispanic or Latino,White,Female,35-44,78.13,Loan originated
1,455000.0,49,695000.0,117.0,1,Hispanic or Latino,White,Female,45-54,65.0,Loan originated
1,585000.0,39,735000.0,155.0,1,Not Hispanic or Latino,Asian,Female,35-44,80.0,Loan originated
1,415000.0,46,555000.0,106.0,1,Not Hispanic or Latino,Black or African American,Male,35-44,75.0,Loan originated
1,635000.0,49,815000.0,131.0,1,Not Hispanic or Latino,Asian,Male,35-44,78.0,Loan originated
1,515000.0,49,645000.0,99.0,1,Not Hispanic or Latino,Asian,Female,35-44,80.0,Loan originated
1,695000.0,30%-<36%,905000.0,269.0,1,Hispanic or Latino,White,Male,25-34,77.0,Loan originated
1,845000.0,44,885000.0,202.0,1,Not Hispanic or Latino,White,Male,35-44,95.0,Loan originated
1,835000.0,42,1075000.0,197.0,1,Not Hispanic or Latino,White,Male,25-34,77.209,Loan originated
1,385000.0,47,475000.0,146.0,1,Not Hispanic or Latino,White,Female,65-74,80.0,Loan originated
1,505000.0,37,665000.0,133.0,1,Hispanic or Latino,White,Female,35-44,75.188,Loan originated
1,565000.0,44,595000.0,195.0,1,Hispanic or Latino,White,Male,35-44,95.0,Application denied
1,385000.0,46,405000.0,85.0,1,Hispanic or Latino,White,Male,45-54,95.0,Loan originated
1,1105000.0,48,1225000.0,245.0,1,Not Hispanic or Latino,Asian,Male,35-44,102.245,Loan originated
1,205000.0,>60%,325000.0,29.0,1,Not Hispanic or Latino,White,Female,55-64,62.04,Application denied
1,295000.0,38,575000.0,91.0,1,Not Hispanic or Latino,White,Female,55-64,51.965,Loan originated
1,315000.0,40,405000.0,76.0,1,Not Hispanic or Latino,White,Male,45-54,78.38,Loan originated
1,475000.0,20%-<30%,525000.0,200.0,1,Not Hispanic or Latino,White,Male,35-44,90.0,Loan originated
1,635000.0,43,1485000.0,176.0,1,Not Hispanic or Latino,White,Female,45-54,42.906,Loan originated
1,495000.0,<20%,615000.0,435.0,1,Not Hispanic or Latino,White,Male,25-34,80.0,Loan originated
1,135000.0,43,465000.0,78.0,1,Not Hispanic or Latino,Asian,Female,65-74,28.26,Loan originated
1,375000.0,36,465000.0,161.0,1,Hispanic or Latino,White,Male,45-54,80.0,Loan originated
1,535000.0,46,735000.0,121.0,1,Not Hispanic or Latino,Asian,Male,55-64,72.75,Loan originated
1,335000.0,45,355000.0,82.0,1,Not Hispanic or Latino,White,Female,55-64,95.0,Loan originated
1,1005000.0,47,1255000.0,271.0,1,Not Hispanic or Latino,White,Male,45-54,80.0,Loan originated
1,955000.0,48,1575000.0,279.0,1,Not Hispanic or Latino,White,Male,25-34,60.15,Loan originated
1,145000.0,48,145000.0,42.0,1,Not Hispanic or Latino,White,Male,55-64,97.0,Loan originated
1,385000.0,46,395000.0,121.0,1,Hispanic or Latino,Black or African American,Male,35-44,97.0,Loan originated
1,445000.0,20%-<30%,745000.0,186.0,1,Not Hispanic or Latino,White,Female,45-54,60.0,Loan originated
1,455000.0,40,565000.0,198.0,1,Not Hispanic or Latino,Asian,Male,35-44,80.0,Loan originated
1,685000.0,20%-<30%,935000.0,299.0,1,Not Hispanic or Latino,Asian,Female,25-34,73.139,Loan originated
1,655000.0,20%-<30%,735000.0,242.0,1,Not Hispanic or Latino,White,Male,25-34,90.0,Loan originated
1,415000.0,46,435000.0,102.0,1,Not Hispanic or Latino,Asian,Male,25-34,97.0,Loan originated
1,615000.0,43,765000.0,215.0,1,Not Hispanic or Latino,Black or African American,Female,45-54,80.0,Loan originated
1,735000.0,41,915000.0,168.0,1,Not Hispanic or Latino,Asian,Male,25-34,79.93,Loan originated
1,455000.0,49,655000.0,114.0,1,Not Hispanic or Latino,White,Male,55-64,69.28,Loan originated
1,205000.0,42,275000.0,69.0,1,Hispanic or Latino,White,Male,35-44,74.0,Loan originated
1,145000.0,50%-60%,815000.0,49.0,1,Not Hispanic or Latino,White,Male,55-64,17.22,Loan originated
1,865000.0,44,1085000.0,177.0,1,Not Hispanic or Latino,White,Male,35-44,80.0,Loan originated
1,925000.0,45,1275000.0,278.0,1,Hispanic or Latino,White,Female,45-54,73.0,Loan originated
1,295000.0,49,305000.0,58.0,1,Hispanic or Latino,White,Male,25-34,100.0,Loan originated
1,455000.0,41,575000.0,150.0,1,Not Hispanic or Latino,White,Male,<25,80.0,Loan originated
1,785000.0,49,1315000.0,180.0,1,Not Hispanic or Latino,White,Female,25-34,59.696,Loan originated
1,405000.0,49,425000.0,77.0,1,Hispanic or Latino,White,Female,35-44,95.0,Loan originated
1,1085000.0,41,1355000.0,275.0,1,Not Hispanic or Latino,White,Male,35-44,80.0,Loan originated
1,555000.0,49,755000.0,119.0,1,Hispanic or Latino,White,Male,25-34,74.0,Loan originated
1,525000.0,44,755000.0,120.0,1,Not Hispanic or Latino,Asian,Male,25-34,70.08,Loan originated
1,475000.0,20%-<30%,525000.0,225.0,1,Hispanic or Latino,White,Male,35-44,90.0,Loan originated
1,695000.0,39,875000.0,229.0,1,Not Hispanic or Latino,Asian,Female,45-54,79.992,Loan originated
1,705000.0,39,875000.0,165.0,1,Not Hispanic or Latino,Asian,Female,45-54,80.0,Loan originated
1,215000.0,49,225000.0,57.0,1,Hispanic or Latino,White,Female,<25,97.0,Loan originated
1,575000.0,48,645000.0,148.0,1,Not Hispanic or Latino,White,Male,25-34,90.0,Loan originated
1,785000.0,44,985000.0,183.0,1,Not Hispanic or Latino,Asian,Female,55-64,80.0,Loan originated
1,695000.0,42,815000.0,245.0,1,Not Hispanic or Latino,Asian,Female,35-44,85.0,Loan originated
1,875000.0,48,1095000.0,309.0,1,Not Hispanic or Latino,White,Female,45-54,80.0,Loan originated
1,435000.0,50%-60%,455000.0,80.0,1,Hispanic or Latino,White,Male,35-44,97.0,Loan originated
1,355000.0,44,375000.0,86.0,1,Not Hispanic or Latino,White,Male,25-34,95.0,Loan originated
1,725000.0,47,805000.0,162.0,1,Not Hispanic or Latino,White,Male,25-34,89.97,Loan originated
1,765000.0,49,975000.0,159.0,1,Not Hispanic or Latino,Asian,Female,25-34,78.615,Loan originated
1,435000.0,47,675000.0,97.0,1,Hispanic or Latino,White,Male,55-64,65.0,Application denied
1,1045000.0,47,1305000.0,251.0,1,Not Hispanic or Latino,White,Male,35-44,80.0,Loan originated
1,1145000.0,46,1455000.0,325.0,1,Not Hispanic or Latino,White,Male,45-54,80.0,Loan originated
1,985000.0,48,1235000.0,249.0,1,Not Hispanic or Latino,White,Male,35-44,80.0,Loan originated
1,595000.0,38,745000.0,156.0,1,Not Hispanic or Latino,White,Male,45-54,80.0,Loan originated
1,725000.0,41,1075000.0,221.0,1,Hispanic or Latino,White,Female,25-34,66.977,Loan originated
1,695000.0,43,735000.0,180.0,1,Hispanic or Latino,White,Male,25-34,94.97,Loan originated
1,545000.0,<20%,685000.0,286.0,1,Not Hispanic or Latino,White,Male,35-44,80.0,Loan originated
1,485000.0,48,615000.0,129.0,1,Hispanic or Latino,White,Female,35-44,100.0,Application denied
1,545000.0,38,605000.0,280.0,1,Not Hispanic or Latino,White,Male,65-74,90.0,Loan originated
1,1005000.0,30%-<36%,2005000.0,365.0,1,Not Hispanic or Latino,White,Male,>74,50.0,Loan originated
1,705000.0,30%-<36%,975000.0,295.0,1,Not Hispanic or Latino,White,Male,35-44,72.165,Loan originated
1,265000.0,50%-60%,355000.0,46.0,1,Hispanic or Latino,White,Female,35-44,75.0,Application denied
1,165000.0,48,345000.0,47.0,1,Not Hispanic or Latino,Black or African American,Female,25-34,97.826,Application denied
1,455000.0,30%-<36%,575000.0,350.0,1,Not Hispanic or Latino,White,Male,35-44,80.0,Loan originated
1,625000.0,42,665000.0,139.0,1,Hispanic or Latino,White,Male,35-44,95.0,Loan originated
1,375000.0,48,545000.0,81.0,1,Not Hispanic or Latino,Asian,Male,25-34,69.444,Loan originated
1,395000.0,43,655000.0,109.0,1,Not Hispanic or Latino,White,Male,25-34,60.0,Loan originated
1,685000.0,48,805000.0,182.0,1,Not Hispanic or Latino,White,Female,25-34,85.0,Loan originated
1,765000.0,49,865000.0,253.0,1,Not Hispanic or Latino,White,Female,65-74,89.117,Loan originated
1,545000.0,39,575000.0,140.0,1,Hispanic or Latino,White,Female,35-44,95.0,Loan originated
1,565000.0,42,715000.0,138.0,1,Not Hispanic or Latino,White,Female,25-34,80.0,Loan originated
1,245000.0,43,695000.0,80.0,1,Not Hispanic or Latino,White,Male,45-54,35.622,Loan originated
1,505000.0,45,605000.0,131.0,1,Hispanic or Latino,White,Male,25-34,83.34,Loan originated
1,575000.0,20%-<30%,605000.0,221.0,1,Hispanic or Latino,American Indian or Alaska Native,Male,25-34,95.0,Loan originated
1,725000.0,49,1855000.0,205.0,1,Not Hispanic or Latino,Asian,Male,55-64,38.92,Loan originated
1,675000.0,49,975000.0,124.0,1,Not Hispanic or Latino,Asian,Male,35-44,69.231,Loan originated
1,205000.0,20%-<30%,425000.0,132.0,1,Not Hispanic or Latino,Asian,Male,45-54,48.0,Loan originated
1,635000.0,20%-<30%,1415000.0,536.0,1,Not Hispanic or Latino,White,Male,35-44,46.0,Loan originated
1,945000.0,39,1175000.0,237.0,1,Not Hispanic or Latino,Asian,Male,35-44,80.0,Loan originated
1,225000.0,43,245000.0,67.0,1,Hispanic or Latino,White,Male,55-64,95.0,Loan originated
1,445000.0,42,495000.0,149.0,1,Hispanic or Latino,White,Male,35-44,90.0,Loan originated
1,575000.0,>60%,735000.0,21.0,1,Not Hispanic or Latino,White,Female,45-54,79.041,Application denied
1,1145000.0,30%-<36%,1915000.0,488.0,1,Not Hispanic or Latino,Asian,Male,35-44,60.03,Loan originated
1,405000.0,48,415000.0,87.0,1,Hispanic or Latino,White,Male,25-34,97.0,Loan originated
1,505000.0,42,635000.0,127.0,1,Not Hispanic or Latino,White,Female,35-44,80.0,Loan originated
1,855000.0,44,925000.0,246.0,1,Not Hispanic or Latino,White,Female,45-54,92.134,Loan originated
1,245000.0,47,455000.0,66.0,1,Not Hispanic or Latino,Asian,Female,25-34,53.215,Loan originated
1,565000.0,47,665000.0,194.0,1,Not Hispanic or Latino,White,Female,45-54,85.0,Loan originated
1,585000.0,20%-<30%,985000.0,277.0,1,Not Hispanic or Latino,Asian,Female,35-44,60.0,Loan originated
1,355000.0,20%-<30%,445000.0,141.0,1,Not Hispanic or Latino,White,Male,35-44,80.0,Loan originated
1,1085000.0,38,1455000.0,408.0,1,Not Hispanic or Latino,White,Male,55-64,75.0,Loan originated
1,645000.0,<20%,815000.0,393.0,1,Hispanic or Latino,White,Male,45-54,80.0,Loan originated
1,705000.0,44,745000.0,160.0,1,Hispanic or Latino,American Indian or Alaska Native,Female,25-34,95.0,Loan originated
1,585000.0,48,785000.0,222.0,1,Not Hispanic or Latino,Asian,Male,<25,75.0,Loan originated
1,195000.0,30%-<36%,655000.0,130.0,1,Not Hispanic or Latino,White,Male,35-44,29.231,Loan originated
1,15000.0,47,465000.0,103.0,1,Hispanic or Latino,White,Male,35-44,98.5,Loan originated
1,595000.0,39,615000.0,221.0,1,Not Hispanic or Latino,Asian,Female,25-34,97.0,Loan originated
1,925000.0,39,1485000.0,233.0,1,Not Hispanic or Latino,Asian,Female,25-34,62.218,Loan originated
1,355000.0,>60%,1065000.0,63.0,1,Not Hispanic or Latino,White,Male,>74,33.02,Application denied
1,215000.0,50%-60%,555000.0,54.0,1,Hispanic or Latino,White,Male,55-64,37.838,Application denied
1,555000.0,47,1155000.0,141.0,1,Not Hispanic or Latino,White,Male,45-54,47.83,Loan originated
1,705000.0,46,3885000.0,341.0,1,Not Hispanic or Latino,Asian,Female,45-54,18.042,Loan originated
1,815000.0,46,1355000.0,174.0,1,Not Hispanic or Latino,White,Female,35-44,60.0,Loan originated
1,395000.0,20%-<30%,485000.0,265.0,1,Not Hispanic or Latino,Black or African American,Female,45-54,80.0,Loan originated
1,185000.0,41,195000.0,57.0,1,Not Hispanic or Latino,Asian,Female,45-54,98.0,Loan originated
1,655000.0,50%-60%,725000.0,134.0,1,Not Hispanic or Latino,Black or African American,Male,35-44,89.655,Application denied
1,725000.0,<20%,905000.0,854.0,1,Hispanic or Latino,White,Female,35-44,80.0,Loan originated
1,875000.0,41,1255000.0,292.0,1,Not Hispanic or Latino,White,Male,25-34,70.0,Loan originated
1,365000.0,20%-<30%,425000.0,172.0,1,Not Hispanic or Latino,White,Male,45-54,85.0,Loan originated
1,765000.0,41,955000.0,239.0,1,Not Hispanic or Latino,Asian,Female,35-44,80.0,Loan originated
1,585000.0,49,605000.0,116.0,1,Not Hispanic or Latino,Asian,Female,25-34,100.0,Loan originated
1,675000.0,49,905000.0,129.0,1,Not Hispanic or Latino,Asian,Female,55-64,75.0,Loan originated
1,515000.0,49,575000.0,190.0,1,Not Hispanic or Latino,Asian,Female,25-34,89.99,Loan originated
1,605000.0,41,635000.0,176.0,1,Not Hispanic or Latino,Asian,Male,35-44,95.0,Loan originated
1,175000.0,30%-<36%,305000.0,104.0,1,Not Hispanic or Latino,Asian,Male,35-44,56.721,Loan originated
1,605000.0,46,675000.0,116.0,1,Not Hispanic or Latino,Asian,Male,35-44,89.99,Loan originated
1,455000.0,41,465000.0,111.0,1,Not Hispanic or Latino,Black or African American,Female,45-54,97.0,Loan originated
1,285000.0,40,365000.0,108.0,1,Hispanic or Latino,White,Male,45-54,80.0,Loan originated
1,485000.0,46,665000.0,111.0,1,Not Hispanic or Latino,Asian,Male,35-44,73.939,Loan originated
1,585000.0,40,615000.0,226.0,1,Not Hispanic or Latino,White,Male,55-64,95.0,Loan originated
1,615000.0,49,655000.0,137.0,1,Hispanic or Latino,American Indian or Alaska Native,Male,25-34,95.0,Application denied
1,295000.0,36,545000.0,79.0,1,Hispanic or Latino,White,Male,25-34,53.704,Loan originated
1,75000.0,43,235000.0,53.0,1,Not Hispanic or Latino,White,Male,65-74,29.64,Application denied
1,835000.0,40,1035000.0,321.0,1,Not Hispanic or Latino,Asian,Female,35-44,80.0,Loan originated
1,565000.0,30%-<36%,625000.0,173.0,1,Not Hispanic or Latino,White,Male,35-44,90.0,Loan originated
1,305000.0,49,515000.0,100.0,1,Not Hispanic or Latino,White,Male,65-74,58.927,Loan originated
1,245000.0,49,305000.0,113.0,1,Not Hispanic or Latino,Asian,Female,55-64,77.59,Loan originated
1,595000.0,30%-<36%,795000.0,423.0,1,Not Hispanic or Latino,Asian,Male,55-64,75.0,Loan originated
1,335000.0,38,415000.0,95.0,1,Hispanic or Latino,White,Male,25-34,80.0,Loan originated
1,305000.0,41,385000.0,83.0,1,Hispanic or Latino,White,Male,35-44,80.0,Loan originated
1,655000.0,<20%,825000.0,348.0,1,Not Hispanic or Latino,White,Male,35-44,80.0,Loan originated
1,525000.0,41,655000.0,130.0,1,Not Hispanic or Latino,White,Female,25-34,80.0,Loan originated
1,195000.0,47,205000.0,40.0,1,Not Hispanic or Latino,White,Male,<25,95.0,Loan originated
1,695000.0,49,865000.0,161.0,1,Hispanic or Latino,White,Male,35-44,80.0,Loan originated
1,645000.0,47,675000.0,150.0,1,Not Hispanic or Latino,Asian,Female,25-34,95.0,Loan originated
1,845000.0,47,1155000.0,160.0,1,Not Hispanic or Latino,Asian,Male,35-44,91.27,Loan originated
1,755000.0,39,945000.0,209.0,1,Hispanic or Latino,White,Female,55-64,80.0,Loan originated
1,675000.0,30%-<36%,1025000.0,210.0,1,Not Hispanic or Latino,White,Female,55-64,65.85,Loan originated
1,525000.0,30%-<36%,755000.0,156.0,1,Not Hispanic or Latino,White,Male,35-44,70.0,Loan originated
1,385000.0,42,475000.0,224.0,1,Not Hispanic or Latino,White,Female,35-44,80.0,Loan originated
1,355000.0,49,415000.0,72.0,1,Not Hispanic or Latino,White,Female,45-54,85.0,Loan originated
1,305000.0,50%-60%,505000.0,93.0,1,Hispanic or Latino,White,Male,35-44,60.0,Application denied
1,405000.0,49,635000.0,78.0,1,Hispanic or Latino,White,Male,25-34,63.492,Loan originated
1,375000.0,36,2775000.0,195.0,1,Not Hispanic or Latino,White,Female,45-54,13.514,Loan originated
1,245000.0,40,535000.0,56.0,1,Not Hispanic or Latino,Native Hawaiian or Other Pacific Islander,Female,45-54,80.0,Loan originated
1,795000.0,49,995000.0,232.0,1,Hispanic or Latino,White,Male,25-34,80.0,Loan originated
1,685000.0,30%-<36%,855000.0,207.0,1,Hispanic or Latino,White,Female,45-54,80.0,Loan originated
1,345000.0,46,465000.0,79.0,1,Hispanic or Latino,White,Female,55-64,87.097,Application denied
1,995000.0,46,1105000.0,227.0,1,Not Hispanic or Latino,Black or African American,Male,35-44,90.0,Loan originated
1,665000.0,20%-<30%,825000.0,250.0,1,Not Hispanic or Latino,Asian,Male,25-34,79.97,Application denied
1,385000.0,30%-<36%,635000.0,126.0,1,Not Hispanic or Latino,American Indian or Alaska Native,Female,25-34,60.63,Loan originated
1,245000.0,40,255000.0,80.0,1,Not Hispanic or Latino,Black or African American,Female,25-34,98.0,Loan originated
1,605000.0,45,675000.0,137.0,1,Not Hispanic or Latino,Asian,Male,35-44,89.99,Loan originated
1,885000.0,48,1105000.0,221.0,1,Not Hispanic or Latino,Asian,Male,45-54,80.0,Loan originated
1,445000.0,20%-<30%,495000.0,224.0,1,Hispanic or Latino,White,Female,45-54,90.0,Application denied
1,555000.0,39,655000.0,155.0,1,Not Hispanic or Latino,Asian,Male,35-44,85.0,Loan originated
1,325000.0,49,635000.0,74.0,1,Not Hispanic or Latino,Asian,Female,45-54,51.0,Loan originated
1,775000.0,20%-<30%,975000.0,362.0,1,Not Hispanic or Latino,White,Female,45-54,80.0,Loan originated
1,825000.0,45,865000.0,225.0,1,Hispanic or Latino,American Indian or Alaska Native,Female,45-54,95.0,Loan originated
1,455000.0,30%-<36%,455000.0,136.0,1,Not Hispanic or Latino,White,Female,55-64,100.233,Application denied
1,185000.0,42,475000.0,51.0,1,Hispanic or Latino,White,Female,25-34,102.809,Loan originated
1,315000.0,37,335000.0,119.0,1,Not Hispanic or Latino,Native Hawaiian or Other Pacific Islander,Male,25-34,95.0,Loan originated
1,285000.0,38,295000.0,68.0,1,Hispanic or Latino,White,Male,45-54,97.0,Loan originated
1,315000.0,<20%,365000.0,260.0,1,Not Hispanic or Latino,White,Male,45-54,86.111,Loan originated
1,665000.0,30%-<36%,835000.0,299.0,1,Not Hispanic or Latino,White,Female,35-44,80.0,Loan originated
1,765000.0,48,855000.0,164.0,1,Not Hispanic or Latino,Black or African American,Female,35-44,90.0,Loan originated
1,955000.0,49,1655000.0,209.0,1,Not Hispanic or Latino,White,Female,55-64,57.848,Loan originated
1,275000.0,20%-<30%,345000.0,124.0,1,Not Hispanic or Latino,Asian,Female,55-64,80.0,Loan originated
1,465000.0,49,665000.0,125.0,1,Not Hispanic or Latino,Asian,Male,45-54,70.0,Loan originated
1,605000.0,36,805000.0,371.0,1,Not Hispanic or Latino,White,Male,35-44,75.0,Loan originated
1,385000.0,38,405000.0,116.0,1,Hispanic or Latino,White,Male,55-64,95.0,Loan originated
1,535000.0,47,565000.0,201.0,1,Not Hispanic or Latino,Black or African American,Female,45-54,95.0,Loan originated
1,185000.0,46,535000.0,135.0,1,Not Hispanic or Latino,White,Female,55-64,34.21,Loan originated
1,575000.0,20%-<30%,715000.0,455.0,1,Not Hispanic or Latino,White,Male,55-64,80.0,Loan originated
1,405000.0,40,505000.0,107.0,1,Hispanic or Latino,White,Male,35-44,80.0,Loan originated
1,965000.0,39,1385000.0,428.0,1,Not Hispanic or Latino,White,Female,55-64,70.0,Loan originated
1,725000.0,30%-<36%,905000.0,216.0,1,Hispanic or Latino,White,Female,35-44,80.0,Loan originated
1,335000.0,45,395000.0,80.0,1,Not Hispanic or Latino,White,Male,55-64,85.0,Loan originated
1,285000.0,48,305000.0,225.0,1,Not Hispanic or Latino,Asian,Male,55-64,95.0,Loan originated
1,645000.0,36,965000.0,344.0,1,Hispanic or Latino,White,Male,45-54,67.282,Loan originated
1,1115000.0,40,1395000.0,321.0,1,Not Hispanic or Latino,White,Male,35-44,80.0,Loan originated
1,765000.0,<20%,1695000.0,614.0,1,Not Hispanic or Latino,White,Male,65-74,45.19,Loan originated
1,695000.0,41,735000.0,171.0,1,Hispanic or Latino,White,Male,25-34,95.0,Loan originated
1,715000.0,36,795000.0,240.0,1,Not Hispanic or Latino,Asian,Male,35-44,89.99,Loan originated
1,705000.0,40,885000.0,219.0,1,Hispanic or Latino,White,Male,55-64,80.0,Loan originated
1,925000.0,<20%,1155000.0,1305.0,1,Not Hispanic or Latino,White,Male,45-54,80.0,Loan originated
1,405000.0,42,515000.0,118.0,1,Hispanic or Latino,White,Female,25-34,80.0,Loan originated
1,405000.0,20%-<30%,575000.0,161.0,1,Not Hispanic or Latino,White,Male,65-74,69.565,Loan originated
1,445000.0,49,475000.0,233.0,1,Not Hispanic or Latino,White,Female,55-64,95.0,Loan originated
1,845000.0,46,1405000.0,225.0,1,Not Hispanic or Latino,White,Female,45-54,60.0,Loan originated
1,465000.0,47,545000.0,203.0,1,Not Hispanic or Latino,White,Female,35-44,85.0,Loan originated
1,785000.0,30%-<36%,985000.0,231.0,1,Not Hispanic or Latino,Asian,Female,25-34,80.0,Loan originated
1,265000.0,44,295000.0,61.0,1,Not Hispanic or Latino,White,Female,35-44,90.0,Loan originated
1,235000.0,43,575000.0,77.0,1,Not Hispanic or Latino,White,Female,>74,40.71,Loan originated
1,955000.0,42,1205000.0,234.0,1,Not Hispanic or Latino,Asian,Female,25-34,79.292,Loan originated
1,325000.0,43,765000.0,78.0,1,Not Hispanic or Latino,White,Female,55-64,41.83,Loan originated
1,555000.0,42,695000.0,154.0,1,Hispanic or Latino,Black or African American,Female,25-34,100.0,Loan originated
1,115000.0,50%-60%,595000.0,79.0,1,Not Hispanic or Latino,White,Female,55-64,18.644,Loan originated
1,885000.0,46,935000.0,192.0,1,Hispanic or Latino,White,Male,25-34,95.0,Loan originated
1,335000.0,42,415000.0,78.0,1,Hispanic or Latino,White,Male,25-34,100.0,Loan originated
1,835000.0,44,1045000.0,198.0,1,Not Hispanic or Latino,Asian,Female,25-34,80.0,Loan originated
1,575000.0,41,645000.0,141.0,1,Not Hispanic or Latino,Asian,Female,25-34,89.993,Loan originated
1,965000.0,39,1215000.0,555.0,1,Not Hispanic or Latino,White,Male,45-54,80.0,Loan originated
1,585000.0,49,1095000.0,125.0,1,Not Hispanic or Latino,White,Female,35-44,52.968,Loan originated
1,525000.0,30%-<36%,655000.0,174.0,1,Not Hispanic or Latino,White,Male,35-44,80.0,Loan originated
1,1005000.0,48,1255000.0,231.0,1,Not Hispanic or Latino,Asian,Female,35-44,80.0,Loan originated
1,545000.0,20%-<30%,725000.0,238.0,1,Not Hispanic or Latino,White,Male,45-54,75.0,Loan originated
1,255000.0,47,305000.0,332.0,1,Not Hispanic or Latino,White,Male,35-44,85.334,Loan originated
1,505000.0,<20%,1145000.0,390.0,1,Hispanic or Latino,White,Female,45-54,43.52,Loan originated
1,475000.0,38,595000.0,117.0,1,Not Hispanic or Latino,Asian,Female,35-44,80.0,Loan originated
1,425000.0,45,525000.0,84.0,1,Hispanic or Latino,White,Male,35-44,80.0,Loan originated
1,785000.0,48,875000.0,164.0,1,Not Hispanic or Latino,Black or African American,Male,35-44,90.0,Application denied
1,765000.0,30%-<36%,1145000.0,250.0,1,Not Hispanic or Latino,White,Male,25-34,67.0,Loan originated
1,635000.0,30%-<36%,1065000.0,190.0,1,Not Hispanic or Latino,White,Male,35-44,60.0,Loan originated
1,405000.0,43,415000.0,102.0,1,Hispanic or Latino,White,Male,35-44,97.0,Loan originated
1,295000.0,49,595000.0,209.0,1,Not Hispanic or Latino,Asian,Male,35-44,49.787,Loan originated
1,285000.0,36,315000.0,97.0,1,Hispanic or Latino,White,Male,45-54,90.0,Loan originated
1,765000.0,39,905000.0,312.0,1,Hispanic or Latino,White,Male,25-34,85.0,Loan originated
1,995000.0,38,1335000.0,282.0,1,Not Hispanic or Latino,Asian,Male,25-34,75.0,Loan originated
1,815000.0,45,1115000.0,180.0,1,Not Hispanic or Latino,Asian,Male,35-44,72.97,Loan originated
1,385000.0,30%-<36%,485000.0,146.0,1,Not Hispanic or Latino,White,Male,25-34,80.0,Loan originated
1,555000.0,20%-<30%,695000.0,187.0,1,Not Hispanic or Latino,White,Male,25-34,80.0,Loan originated
1,925000.0,43,1155000.0,209.0,1,Not Hispanic or Latino,Asian,Male,35-44,80.0,Loan originated
1,805000.0,30%-<36%,1055000.0,241.0,1,Not Hispanic or Latino,Asian,Male,25-34,76.19,Loan originated
1,605000.0,45,675000.0,184.0,1,Not Hispanic or Latino,Black or African American,Female,55-64,90.0,Loan originated
1,85000.0,50%-60%,165000.0,65.0,1,Not Hispanic or Latino,White,Female,65-74,48.48,Loan originated
1,405000.0,49,735000.0,81.0,1,Not Hispanic or Latino,Asian,Male,55-64,55.301,Loan originated
1,425000.0,20%-<30%,575000.0,210.0,1,Not Hispanic or Latino,White,Male,35-44,74.35,Loan originated
1,1205000.0,30%-<36%,1355000.0,365.0,1,Not Hispanic or Latino,Asian,Female,55-64,88.757,Application denied
1,485000.0,20%-<30%,645000.0,152.0,1,Hispanic or Latino,White,Male,25-34,75.0,Loan originated
1,235000.0,49,585000.0,75.0,1,Not Hispanic or Latino,White,Male,25-34,40.06,Loan originated
1,855000.0,30%-<36%,1255000.0,254.0,1,Not Hispanic or Latino,Asian,Male,25-34,68.0,Loan originated
1,645000.0,49,855000.0,141.0,1,Not Hispanic or Latino,White,Female,35-44,75.0,Loan originated
1,685000.0,>60%,855000.0,150.0,1,Not Hispanic or Latino,White,Male,35-44,80.0,Application denied
1,825000.0,42,925000.0,205.0,1,Not Hispanic or Latino,White,Male,35-44,90.0,Loan originated
1,655000.0,20%-<30%,2105000.0,324.0,1,Not Hispanic or Latino,Asian,Male,45-54,31.191,Loan originated
1,1045000.0,30%-<36%,1315000.0,304.0,1,Not Hispanic or Latino,Asian,Male,25-34,79.89,Loan originated
1,695000.0,48,875000.0,145.0,1,Not Hispanic or Latino,White,Female,45-54,80.0,Loan originated
1,585000.0,40,655000.0,233.0,1,Not Hispanic or Latino,White,Male,25-34,90.0,Loan originated
1,675000.0,41,705000.0,202.0,1,Hispanic or Latino,White,Male,25-34,97.0,Loan originated
1,285000.0,45,355000.0,82.0,1,Not Hispanic or Latino,Asian,Female,45-54,80.0,Loan originated
1,705000.0,30%-<36%,945000.0,240.0,1,Not Hispanic or Latino,White,Male,35-44,74.99,Loan originated
1,605000.0,47,755000.0,157.0,1,Not Hispanic or Latino,Asian,Female,25-34,80.0,Loan originated
1,455000.0,36,575000.0,135.0,1,Not Hispanic or Latino,Asian,Male,55-64,80.0,Loan originated
1,655000.0,47,695000.0,159.0,1,Hispanic or Latino,White,Male,35-44,95.0,Loan originated
1,525000.0,41,665000.0,137.0,1,Not Hispanic or Latino,Asian,Male,25-34,80.0,Loan originated
1,1145000.0,30%-<36%,1235000.0,399.0,1,Hispanic or Latino,White,Male,45-54,93.482,Loan originated
1,355000.0,48,375000.0,75.0,1,Hispanic or Latino,White,Male,45-54,95.2,Loan originated
1,585000.0,48,625000.0,177.0,1,Not Hispanic or Latino,White,Male,25-34,95.0,Loan originated
1,615000.0,41,775000.0,136.0,1,Not Hispanic or Latino,White,Male,25-34,80.0,Loan originated
1,65000.0,30%-<36%,75000.0,165.0,1,Not Hispanic or Latino,White,Male,65-74,80.89,Loan originated
1,505000.0,50%-60%,625000.0,395.0,1,Not Hispanic or Latino,Black or African American,Male,65-74,80.0,Application denied
1,305000.0,20%-<30%,445000.0,117.0,1,Not Hispanic or Latino,Asian,Male,55-64,69.0,Application denied
1,455000.0,46,565000.0,102.0,1,Not Hispanic or Latino,White,Male,25-34,80.0,Application denied
1,965000.0,40,1205000.0,360.0,1,Not Hispanic or Latino,White,Male,25-34,80.0,Loan originated
1,625000.0,39,655000.0,165.0,1,Hispanic or Latino,White,Female,55-64,95.0,Loan originated
1,125000.0,30%-<36%,155000.0,125.0,1,Not Hispanic or Latino,White,Female,>74,80.0,Loan originated
1,955000.0,41,1195000.0,388.0,1,Not Hispanic or Latino,White,Female,55-64,80.0,Loan originated
1,495000.0,43,615000.0,140.0,1,Not Hispanic or Latino,White,Female,35-44,80.0,Loan originated
1,305000.0,49,565000.0,121.0,1,Not Hispanic or Latino,Asian,Male,45-54,53.57,Loan originated
1,435000.0,39,615000.0,125.0,1,Not Hispanic or Latino,White,Female,45-54,71.311,Loan originated
1,565000.0,20%-<30%,745000.0,268.0,1,Not Hispanic or Latino,White,Male,35-44,75.0,Loan originated
1,475000.0,20%-<30%,855000.0,240.0,1,Not Hispanic or Latino,White,Female,35-44,54.971,Loan originated
1,1055000.0,30%-<36%,1405000.0,370.0,1,Not Hispanic or Latino,Asian,Female,35-44,75.0,Loan originated
1,585000.0,49,735000.0,140.0,1,Not Hispanic or Latino,Asian,Male,25-34,80.0,Loan originated
1,425000.0,39,535000.0,104.0,1,Not Hispanic or Latino,White,Male,35-44,80.0,Loan originated
1,405000.0,46,425000.0,97.0,1,Hispanic or Latino,White,Male,45-54,97.0,Loan originated
1,755000.0,50%-60%,995000.0,148.0,1,Not Hispanic or Latino,Asian,Male,25-34,76.0,Application denied
1,715000.0,47,755000.0,218.0,1,Hispanic or Latino,White,Male,45-54,95.0,Loan originated
1,235000.0,45,245000.0,73.0,1,Not Hispanic or Latino,Asian,Male,25-34,95.0,Loan originated
1,425000.0,30%-<36%,445000.0,117.0,1,Not Hispanic or Latino,Asian,Female,25-34,95.0,Loan originated
1,155000.0,47,595000.0,57.0,1,Not Hispanic or Latino,White,Female,65-74,25.21,Loan originated
1,265000.0,43,325000.0,59.0,1,Not Hispanic or Latino,White,Male,35-44,80.0,Loan originated
1,205000.0,43,665000.0,90.0,1,Not Hispanic or Latino,White,Female,25-34,31.0,Loan originated
1,765000.0,46,995000.0,180.0,1,Not Hispanic or Latino,Asian,Male,35-44,77.801,Loan originated
1,265000.0,46,355000.0,92.0,1,Hispanic or Latino,White,Female,25-34,75.0,Loan originated
1,315000.0,49,405000.0,71.0,1,Not Hispanic or Latino,White,Female,65-74,77.727,Loan originated
1,805000.0,30%-<36%,1075000.0,230.0,1,Not Hispanic or Latino,Asian,Female,35-44,75.0,Loan originated
1,525000.0,49,865000.0,130.0,1,Not Hispanic or Latino,Asian,Female,25-34,61.395,Loan originated
1,425000.0,43,475000.0,118.0,1,Not Hispanic or Latino,Black or African American,Female,35-44,90.0,Loan originated
1,445000.0,36,585000.0,158.0,1,Hispanic or Latino,American Indian or Alaska Native,Male,35-44,75.0,Loan originated
1,815000.0,47,1085000.0,196.0,1,Not Hispanic or Latino,White,Male,35-44,75.0,Loan originated
1,435000.0,45,475000.0,92.0,1,Hispanic or Latino,White,Male,<25,89.979,Loan originated
1,575000.0,30%-<36%,835000.0,236.0,1,Not Hispanic or Latino,Asian,Male,55-64,68.367,Loan originated
1,705000.0,30%-<36%,785000.0,361.0,1,Not Hispanic or Latino,White,Male,>74,90.0,Loan originated
1,485000.0,49,535000.0,97.0,1,Hispanic or Latino,White,Female,25-34,93.0,Loan originated
1,335000.0,43,355000.0,91.0,1,Hispanic or Latino,Asian,Female,25-34,95.0,Loan originated
1,485000.0,30%-<36%,535000.0,140.0,1,Hispanic or Latino,White,Male,45-54,90.0,Loan originated
1,435000.0,49,725000.0,141.0,1,Not Hispanic or Latino,White,Male,25-34,60.0,Loan originated
1,425000.0,42,635000.0,105.0,1,Not Hispanic or Latino,White,Female,25-34,67.0,Loan originated
1,625000.0,40,695000.0,234.0,1,Not Hispanic or Latino,White,Female,45-54,90.0,Loan originated
1,715000.0,47,755000.0,151.0,1,Not Hispanic or Latino,White,Male,45-54,95.0,Loan originated
1,755000.0,37,1005000.0,240.0,1,Not Hispanic or Latino,Asian,Female,35-44,75.0,Loan originated
1,585000.0,47,885000.0,122.0,1,Not Hispanic or Latino,Asian,Male,25-34,66.216,Loan originated
1,235000.0,37,685000.0,101.0,1,Not Hispanic or Latino,White,Male,55-64,35.0,Loan originated
1,275000.0,30%-<36%,425000.0,482.0,1,Not Hispanic or Latino,White,Male,55-64,64.706,Loan originated
1,825000.0,20%-<30%,1655000.0,578.0,1,Not Hispanic or Latino,White,Male,25-34,50.0,Loan originated
1,585000.0,<20%,835000.0,365.0,1,Not Hispanic or Latino,White,Male,35-44,70.0,Loan originated
1,305000.0,20%-<30%,425000.0,98.0,1,Not Hispanic or Latino,White,Male,25-34,71.765,Application denied
1,355000.0,20%-<30%,1055000.0,206.0,1,Not Hispanic or Latino,Asian,Male,45-54,33.334,Loan originated
1,345000.0,39,385000.0,108.0,1,Not Hispanic or Latino,Asian,Male,25-34,89.9,Loan originated
1,315000.0,30%-<36%,615000.0,114.0,1,Not Hispanic or Latino,White,Male,45-54,51.243,Loan originated
1,755000.0,36,1395000.0,233.0,1,Not Hispanic or Latino,White,Female,35-44,53.763,Loan originated
1,535000.0,>60%,665000.0,0.0,1,Not Hispanic or Latino,Asian,Male,45-54,80.0,Application denied
1,765000.0,42,1605000.0,308.0,1,Not Hispanic or Latino,Asian,Male,35-44,47.909,Loan originated
1,315000.0,49,425000.0,75.0,1,Not Hispanic or Latino,White,Male,55-64,75.0,Loan originated
1,535000.0,49,545000.0,129.0,1,Hispanic or Latino,White,Female,35-44,102.0,Loan originated
1,875000.0,49,925000.0,188.0,1,Hispanic or Latino,White,Male,45-54,95.0,Loan originated
1,755000.0,40,825000.0,190.0,1,Not Hispanic or Latino,Black or African American,Female,35-44,91.0,Loan originated
1,645000.0,44,685000.0,150.0,1,Hispanic or Latino,White,Male,25-34,95.0,Loan originated
1,365000.0,43,665000.0,85.0,1,Not Hispanic or Latino,Native Hawaiian or Other Pacific Islander,Male,35-44,54.887,Loan originated
1,355000.0,41,825000.0,130.0,1,Not Hispanic or Latino,White,Female,45-54,44.0,Loan originated
1,1005000.0,47,1765000.0,215.0,1,Not Hispanic or Latino,White,Male,25-34,56.53,Loan originated
1,485000.0,49,515000.0,143.0,1,Not Hispanic or Latino,White,Female,25-34,94.68,Loan originated
1,405000.0,30%-<36%,705000.0,145.0,1,Not Hispanic or Latino,Asian,Female,<25,57.447,Loan originated
1,625000.0,20%-<30%,1825000.0,293.0,1,Not Hispanic or Latino,Asian,Male,55-64,34.247,Loan originated
1,705000.0,42,745000.0,178.0,1,Not Hispanic or Latino,White,Male,45-54,95.0,Loan originated
1,675000.0,30%-<36%,855000.0,213.0,1,Not Hispanic or Latino,Asian,Male,45-54,78.824,Loan originated
1,335000.0,50%-60%,355000.0,107.0,1,Hispanic or Latino,White,Female,45-54,95.0,Application denied
1,1105000.0,37,1875000.0,467.0,1,Not Hispanic or Latino,Asian,Male,35-44,58.667,Loan originated
1,365000.0,49,385000.0,93.0,1,Hispanic or Latino,White,Male,25-34,100.0,Loan originated
1,285000.0,48,455000.0,144.0,1,Not Hispanic or Latino,Asian,Female,25-34,62.637,Loan originated
1,765000.0,45,955000.0,177.0,1,Not Hispanic or Latino,Asian,Male,25-34,80.0,Loan originated
1,665000.0,20%-<30%,885000.0,417.0,1,Not Hispanic or Latino,Asian,Male,35-44,75.0,Loan originated
1,995000.0,<20%,1415000.0,590.0,1,Hispanic or Latino,White,Male,35-44,70.0,Loan originated
1,745000.0,46,985000.0,161.0,1,Not Hispanic or Latino,Asian,Female,25-34,75.0,Loan originated
1,535000.0,46,695000.0,124.0,1,Not Hispanic or Latino,White,Female,45-54,77.142,Loan originated
1,625000.0,46,775000.0,129.0,1,Not Hispanic or Latino,White,Female,45-54,80.0,Loan originated
1,1145000.0,42,1435000.0,312.0,1,Not Hispanic or Latino,Asian,Male,25-34,79.98,Loan originated
1,585000.0,49,805000.0,147.0,1,Not Hispanic or Latino,White,Female,25-34,80.0,Loan originated
1,385000.0,38,525000.0,106.0,1,Not Hispanic or Latino,Asian,Female,55-64,73.077,Loan originated
1,1035000.0,47,1385000.0,208.0,1,Not Hispanic or Latino,Asian,Male,25-34,75.0,Loan originated
1,195000.0,30%-<36%,375000.0,66.0,1,Not Hispanic or Latino,White,Female,25-34,80.0,Loan originated
1,315000.0,41,355000.0,142.0,1,Not Hispanic or Latino,White,Male,55-64,95.0,Loan originated
1,505000.0,<20%,1195000.0,310.0,1,Not Hispanic or Latino,White,Female,55-64,42.773,Loan originated
1,315000.0,49,465000.0,68.0,1,Hispanic or Latino,White,Female,65-74,68.0,Loan originated
1,1035000.0,48,1725000.0,292.0,1,Not Hispanic or Latino,Asian,Female,25-34,60.0,Loan originated
1,45000.0,20%-<30%,65000.0,63.0,1,Not Hispanic or Latino,White,Male,65-74,71.31,Loan originated
1,905000.0,47,1125000.0,239.0,1,Not Hispanic or Latino,White,Male,25-34,80.0,Loan originated
1,155000.0,45,295000.0,49.0,1,Not Hispanic or Latino,White,Female,65-74,51.724,Application denied
1,565000.0,47,725000.0,159.0,1,Not Hispanic or Latino,Native Hawaiian or Other Pacific Islander,Male,45-54,77.931,Loan originated
1,245000.0,41,305000.0,55.0,1,Hispanic or Latino,White,Male,35-44,80.0,Loan originated
1,775000.0,37,1025000.0,182.0,1,Not Hispanic or Latino,Asian,Male,35-44,75.61,Loan originated
1,765000.0,41,955000.0,173.0,1,Not Hispanic or Latino,Asian,Male,25-34,80.0,Loan originated
1,1005000.0,50%-60%,2905000.0,241.0,1,Not Hispanic or Latino,White,Female,45-54,34.483,Loan originated
1,895000.0,39,1285000.0,292.0,1,Not Hispanic or Latino,White,Male,25-34,70.0,Loan originated
1,495000.0,39,625000.0,131.0,1,Not Hispanic or Latino,White,Male,65-74,79.839,Loan originated
1,445000.0,40,485000.0,122.0,1,Hispanic or Latino,White,Male,25-34,93.458,Loan originated
1,275000.0,48,315000.0,52.0,1,Not Hispanic or Latino,Asian,Female,25-34,90.0,Loan originated
1,575000.0,49,605000.0,131.0,1,Not Hispanic or Latino,Asian,Male,25-34,95.0,Loan originated
1,905000.0,46,955000.0,493.0,1,Not Hispanic or Latino,White,Male,25-34,95.0,Loan originated
1,385000.0,40,425000.0,85.0,1,Not Hispanic or Latino,Asian,Male,45-54,90.0,Loan originated
1,425000.0,47,535000.0,87.0,1,Not Hispanic or Latino,White,Male,35-44,80.0,Application denied
1,195000.0,30%-<36%,865000.0,95.0,1,Not Hispanic or Latino,Asian,Male,35-44,22.093,Loan originated
1,845000.0,50%-60%,1055000.0,194.0,1,Hispanic or Latino,White,Male,25-34,80.0,Loan originated
1,995000.0,<20%,5805000.0,2165.0,1,Not Hispanic or Latino,Asian,Female,55-64,17.241,Application denied
1,185000.0,42,205000.0,54.0,1,Hispanic or Latino,White,Male,35-44,90.0,Loan originated
1,495000.0,47,495000.0,155.0,1,Not Hispanic or Latino,Black or African American,Male,25-34,100.0,Application denied
1,495000.0,42,615000.0,115.0,1,Not Hispanic or Latino,Asian,Female,45-54,80.0,Loan originated
1,445000.0,<20%,595000.0,529.0,1,Hispanic or Latino,White,Male,45-54,75.0,Loan originated
1,905000.0,43,1135000.0,22.0,1,Not Hispanic or Latino,Asian,Male,45-54,80.0,Loan originated
1,175000.0,30%-<36%,305000.0,113.0,1,Hispanic or Latino,White,Male,25-34,59.33,Loan originated
1,115000.0,30%-<36%,155000.0,84.0,1,Not Hispanic or Latino,White,Female,55-64,71.39,Loan originated
1,455000.0,30%-<36%,565000.0,266.0,1,Hispanic or Latino,White,Male,25-34,80.0,Loan originated
1,965000.0,44,1205000.0,238.0,1,Not Hispanic or Latino,White,Female,35-44,80.0,Loan originated
1,255000.0,47,315000.0,169.0,1,Not Hispanic or Latino,White,Female,45-54,80.0,Loan originated
1,445000.0,42,805000.0,96.0,1,Not Hispanic or Latino,Asian,Female,25-34,55.5,Loan originated
1,465000.0,30%-<36%,485000.0,162.0,1,Hispanic or Latino,Asian,Male,35-44,96.5,Loan originated
1,445000.0,42,555000.0,163.0,1,Not Hispanic or Latino,Asian,Female,25-34,80.0,Loan originated
1,355000.0,50%-60%,705000.0,87.0,1,Not Hispanic or Latino,White,Female,55-64,50.36,Loan originated
1,565000.0,47,635000.0,107.0,1,Not Hispanic or Latino,Black or African American,Female,45-54,89.19,Loan originated
1,385000.0,46,565000.0,109.0,1,Not Hispanic or Latino,White,Male,25-34,68.0,Loan originated
1,595000.0,45,745000.0,190.0,1,Not Hispanic or Latino,Asian,Female,35-44,80.0,Loan originated
1,705000.0,45,875000.0,175.0,1,Not Hispanic or Latino,Asian,Male,25-34,80.0,Loan originated
1,355000.0,30%-<36%,1455000.0,200.0,1,Not Hispanic or Latino,White,Female,45-54,24.138,Loan originated
1,705000.0,38,885000.0,386.0,1,Not Hispanic or Latino,White,Female,45-54,80.0,Loan originated
1,315000.0,46,395000.0,84.0,1,Hispanic or Latino,White,Male,35-44,80.0,Loan originated
1,705000.0,48,895000.0,146.0,1,Not Hispanic or Latino,White,Male,25-34,79.0,Loan originated
1,775000.0,<20%,1105000.0,540.0,1,Not Hispanic or Latino,White,Male,55-64,70.0,Loan originated
1,1005000.0,45,1755000.0,282.0,1,Not Hispanic or Latino,Asian,Female,35-44,57.14,Loan originated
1,355000.0,48,435000.0,129.0,1,Not Hispanic or Latino,White,Female,25-34,80.0,Loan originated
1,555000.0,30%-<36%,585000.0,228.0,1,Not Hispanic or Latino,White,Female,55-64,94.855,Loan originated
1,395000.0,49,495000.0,87.0,1,Not Hispanic or Latino,Asian,Female,35-44,100.0,Loan originated
1,495000.0,42,765000.0,126.0,1,Not Hispanic or Latino,Asian,Male,25-34,65.0,Loan originated
1,365000.0,47,455000.0,77.0,1,Not Hispanic or Latino,White,Male,<25,80.0,Loan originated
1,645000.0,39,865000.0,176.0,1,Not Hispanic or Latino,White,Female,65-74,75.0,Loan originated
1,365000.0,30%-<36%,585000.0,145.0,1,Not Hispanic or Latino,White,Male,35-44,62.372,Loan originated
1,355000.0,49,405000.0,68.0,1,Not Hispanic or Latino,Asian,Male,45-54,89.99,Loan originated
1,175000.0,20%-<30%,425000.0,115.0,1,Not Hispanic or Latino,White,Male,55-64,40.476,Loan originated
1,1095000.0,30%-<36%,1365000.0,365.0,1,Not Hispanic or Latino,Asian,Male,25-34,79.85,Loan originated
1,755000.0,49,1075000.0,185.0,1,Hispanic or Latino,White,Male,35-44,70.0,Loan originated
1,245000.0,30%-<36%,305000.0,121.0,1,Not Hispanic or Latino,White,Female,35-44,80.0,Loan originated
1,605000.0,<20%,755000.0,363.0,1,Not Hispanic or Latino,White,Male,55-64,80.0,Loan originated
1,935000.0,40,985000.0,283.0,1,Not Hispanic or Latino,Asian,Male,35-44,95.0,Loan originated
1,675000.0,40,845000.0,159.0,1,Not Hispanic or Latino,Asian,Male,35-44,80.0,Loan originated
1,365000.0,20%-<30%,485000.0,138.0,1,Not Hispanic or Latino,White,Male,45-54,75.0,Loan originated
1,355000.0,20%-<30%,405000.0,176.0,1,Not Hispanic or Latino,Asian,Female,35-44,90.0,Loan originated
1,455000.0,30%-<36%,575000.0,189.0,1,Hispanic or Latino,White,Male,45-54,80.0,Loan originated
1,715000.0,45,895000.0,162.0,1,Hispanic or Latino,White,Male,25-34,80.0,Loan originated
1,185000.0,20%-<30%,665000.0,160.0,1,Not Hispanic or Latino,White,Male,35-44,27.736,Loan originated
1,335000.0,30%-<36%,615000.0,133.0,1,Not Hispanic or Latino,Asian,Male,25-34,55.0,Loan originated
1,755000.0,45,945000.0,185.0,1,Not Hispanic or Latino,White,Male,35-44,80.0,Loan originated
1,325000.0,30%-<36%,345000.0,123.0,1,Hispanic or Latino,White,Male,25-34,95.0,Loan originated
1,885000.0,20%-<30%,1105000.0,331.0,1,Not Hispanic or Latino,White,Male,45-54,80.0,Loan originated
1,335000.0,49,675000.0,178.0,1,Not Hispanic or Latino,White,Male,65-74,49.651,Loan originated
1,595000.0,20%-<30%,745000.0,309.0,1,Not Hispanic or Latino,Asian,Male,45-54,80.0,Loan originated
1,555000.0,44,625000.0,182.0,1,Not Hispanic or Latino,White,Male,25-34,90.0,Loan originated
1,485000.0,43,645000.0,145.0,1,Hispanic or Latino,White,Male,35-44,75.0,Loan originated
1,155000.0,43,955000.0,89.0,1,Not Hispanic or Latino,White,Female,55-64,15.625,Loan originated
1,375000.0,41,625000.0,141.0,1,Not Hispanic or Latino,Asian,Male,25-34,59.727,Loan originated
1,705000.0,42,2205000.0,235.0,1,Not Hispanic or Latino,White,Female,25-34,31.818,Loan originated
1,405000.0,47,1205000.0,165.0,1,Hispanic or Latino,White,Male,45-54,33.333,Application denied
1,485000.0,37,935000.0,167.0,1,Hispanic or Latino,White,Female,25-34,51.444,Loan originated
1,515000.0,38,1425000.0,174.0,1,Not Hispanic or Latino,White,Male,45-54,37.0,Loan originated
1,315000.0,49,355000.0,88.0,1,Not Hispanic or Latino,White,Male,25-34,90.0,Loan originated
1,525000.0,39,585000.0,139.0,1,Hispanic or Latino,White,Female,35-44,90.0,Loan originated
1,385000.0,30%-<36%,395000.0,136.0,1,Hispanic or Latino,White,Male,25-34,97.0,Loan originated
1,635000.0,42,795000.0,176.0,1,Not Hispanic or Latino,Asian,Male,45-54,80.0,Loan originated
1,255000.0,30%-<36%,315000.0,108.0,1,Not Hispanic or Latino,Black or African American,Male,45-54,80.0,Application denied
1,755000.0,49,905000.0,162.0,1,Not Hispanic or Latino,Asian,Male,35-44,83.944,Loan originated
1,685000.0,40,1215000.0,170.0,1,Not Hispanic or Latino,White,Male,25-34,56.61,Loan originated
1,455000.0,43,725000.0,120.0,1,Not Hispanic or Latino,White,Male,55-64,62.207,Loan originated
1,475000.0,30%-<36%,555000.0,180.0,1,Not Hispanic or Latino,White,Female,55-64,85.676,Loan originated
1,1125000.0,44,1505000.0,243.0,1,Not Hispanic or Latino,Asian,Male,45-54,75.0,Loan originated
1,625000.0,48,695000.0,155.0,1,Not Hispanic or Latino,White,Female,35-44,93.98,Loan originated
1,485000.0,30%-<36%,495000.0,146.0,1,Not Hispanic or Latino,White,Male,35-44,97.0,Loan originated
1,415000.0,<20%,835000.0,349.0,1,Not Hispanic or Latino,White,Female,35-44,49.398,Loan originated
1,705000.0,47,745000.0,144.0,1,Not Hispanic or Latino,White,Male,45-54,95.0,Loan originated
1,1035000.0,42,1295000.0,243.0,1,Not Hispanic or Latino,Asian,Male,35-44,79.92,Loan originated
1,305000.0,30%-<36%,385000.0,96.0,1,Hispanic or Latino,White,Male,45-54,80.0,Loan originated
1,455000.0,49,625000.0,80.0,1,Not Hispanic or Latino,White,Male,25-34,91.6,Application denied
1,305000.0,20%-<30%,1305000.0,217.0,1,Not Hispanic or Latino,White,Female,55-64,23.077,Loan originated
1,975000.0,30%-<36%,1395000.0,429.0,1,Not Hispanic or Latino,Asian,Male,65-74,70.0,Loan originated
1,345000.0,30%-<36%,425000.0,104.0,1,Not Hispanic or Latino,Asian,Male,45-54,80.0,Loan originated
1,435000.0,45,735000.0,338.0,1,Not Hispanic or Latino,White,Male,55-64,60.0,Loan originated
1,665000.0,47,745000.0,156.0,1,Not Hispanic or Latino,Asian,Male,35-44,89.276,Loan originated
1,325000.0,30%-<36%,405000.0,117.0,1,Hispanic or Latino,White,Female,55-64,80.0,Loan originated
1,705000.0,30%-<36%,945000.0,370.0,1,Not Hispanic or Latino,Asian,Male,35-44,75.0,Loan originated
1,585000.0,44,725000.0,144.0,1,Not Hispanic or Latino,Asian,Male,55-64,80.0,Loan originated
1,345000.0,49,405000.0,78.0,1,Not Hispanic or Latino,Black or African American,Female,45-54,105.0,Loan originated
1,465000.0,43,585000.0,159.0,1,Not Hispanic or Latino,Asian,Female,35-44,80.0,Loan originated
1,305000.0,39,1075000.0,117.0,1,Not Hispanic or Latino,White,Female,45-54,28.037,Loan originated
1,595000.0,49,745000.0,199.0,1,Not Hispanic or Latino,Asian,Male,45-54,80.0,Loan originated
1,515000.0,37,685000.0,170.0,1,Not Hispanic or Latino,White,Female,35-44,75.0,Loan originated
1,1355000.0,41,1805000.0,353.0,1,Hispanic or Latino,White,Female,<25,75.0,Loan originated
1,545000.0,39,565000.0,135.0,1,Hispanic or Latino,White,Male,25-34,97.0,Loan originated
1,385000.0,30%-<36%,745000.0,138.0,1,Not Hispanic or Latino,Asian,Female,55-64,51.29,Loan originated
1,435000.0,40,575000.0,119.0,1,Not Hispanic or Latino,Asian,Female,25-34,95.0,Loan originated
1,1145000.0,42,1705000.0,287.0,1,Not Hispanic or Latino,Asian,Male,25-34,67.589,Loan originated
1,425000.0,47,535000.0,113.0,1,Not Hispanic or Latino,White,Female,25-34,80.0,Loan originated
1,805000.0,36,1075000.0,230.0,1,Not Hispanic or Latino,Asian,Male,25-34,75.0,Loan originated
1,595000.0,49,705000.0,126.0,1,Hispanic or Latino,Native Hawaiian or Other Pacific Islander,Male,35-44,85.0,Loan originated
1,965000.0,47,1205000.0,209.0,1,Not Hispanic or Latino,Asian,Male,25-34,80.0,Loan originated
1,545000.0,>60%,755000.0,107.0,1,Not Hispanic or Latino,Asian,Female,>74,72.05,Application denied
1,525000.0,48,555000.0,228.0,1,Hispanic or Latino,White,Male,25-34,95.0,Loan originated
1,945000.0,40,1265000.0,238.0,1,Not Hispanic or Latino,Asian,Female,25-34,75.22,Loan originated
1,355000.0,36,445000.0,91.0,1,Hispanic or Latino,White,Male,25-34,100.0,Loan originated
1,285000.0,43,355000.0,75.0,1,Not Hispanic or Latino,White,Female,45-54,80.0,Loan originated
1,465000.0,38,625000.0,131.0,1,Not Hispanic or Latino,White,Male,25-34,73.768,Loan originated
1,1065000.0,42,1325000.0,243.0,1,Not Hispanic or Latino,Asian,Male,35-44,80.0,Loan originated
1,55000.0,47,285000.0,33.0,1,Not Hispanic or Latino,White,Female,55-64,18.0,Loan originated
1,895000.0,37,995000.0,257.0,1,Not Hispanic or Latino,White,Female,35-44,90.0,Loan originated
1,445000.0,41,555000.0,120.0,1,Not Hispanic or Latino,Asian,Female,35-44,80.0,Loan originated
1,405000.0,30%-<36%,535000.0,171.0,1,Not Hispanic or Latino,Asian,Male,35-44,75.0,Loan originated
1,555000.0,43,695000.0,147.0,1,Hispanic or Latino,American Indian or Alaska Native,Male,35-44,80.0,Loan originated
1,505000.0,50%-60%,635000.0,84.0,1,Not Hispanic or Latino,Asian,Female,35-44,80.0,Application denied
1,405000.0,49,435000.0,89.0,1,Not Hispanic or Latino,2 or more minority races,Female,35-44,93.006,Loan originated
1,295000.0,49,305000.0,83.0,1,Not Hispanic or Latino,White,Male,35-44,100.0,Loan originated
1,1015000.0,49,1135000.0,202.0,1,Not Hispanic or Latino,Asian,Male,35-44,90.0,Loan originated
1,315000.0,43,515000.0,77.0,1,Not Hispanic or Latino,White,Female,55-64,60.932,Loan originated
1,245000.0,44,265000.0,61.0,1,Hispanic or Latino,White,Female,25-34,95.0,Loan originated
1,365000.0,46,395000.0,77.0,1,Not Hispanic or Latino,Asian,Female,45-54,92.698,Loan originated
1,195000.0,20%-<30%,245000.0,271.0,1,Not Hispanic or Latino,White,Male,<25,80.0,Loan originated
1,355000.0,45,425000.0,82.0,1,Not Hispanic or Latino,Black or African American,Male,55-64,84.524,Loan originated
1,295000.0,45,365000.0,63.0,1,Not Hispanic or Latino,Asian,Male,25-34,80.0,Loan originated
1,455000.0,49,475000.0,101.0,1,Not Hispanic or Latino,White,Male,25-34,95.0,Loan originated
1,305000.0,37,1125000.0,230.0,1,Not Hispanic or Latino,White,Female,35-44,28.0,Loan originated
1,355000.0,40,375000.0,105.0,1,Hispanic or Latino,White,Male,25-34,95.0,Loan originated
1,605000.0,40,755000.0,166.0,1,Not Hispanic or Latino,White,Male,25-34,80.0,Loan originated
1,625000.0,38,785000.0,172.0,1,Hispanic or Latino,White,Male,45-54,80.0,Loan originated
1,595000.0,38,635000.0,178.0,1,Not Hispanic or Latino,Asian,Male,25-34,93.0,Loan originated
1,605000.0,50%-60%,1025000.0,105.0,1,Not Hispanic or Latino,White,Female,25-34,58.54,Application denied
1,915000.0,30%-<36%,1305000.0,387.0,1,Hispanic or Latino,White,Male,35-44,89.861,Loan originated
1,505000.0,36,905000.0,184.0,1,Not Hispanic or Latino,Asian,Male,35-44,55.556,Loan originated
1,485000.0,20%-<30%,615000.0,330.0,1,Not Hispanic or Latino,Asian,Male,35-44,80.0,Loan originated
1,365000.0,49,375000.0,76.0,1,Hispanic or Latino,White,Male,25-34,98.8,Loan originated
1,345000.0,48,425000.0,125.0,1,Not Hispanic or Latino,White,Female,65-74,80.0,Loan originated
1,525000.0,37,1325000.0,214.0,1,Not Hispanic or Latino,Asian,Male,45-54,39.76,Loan originated
1,285000.0,36,325000.0,81.0,1,Not Hispanic or Latino,Asian,Female,25-34,90.0,Loan originated
1,365000.0,49,545000.0,158.0,1,Not Hispanic or Latino,White,Male,25-34,68.0,Loan originated
1,625000.0,20%-<30%,775000.0,204.0,1,Not Hispanic or Latino,Asian,Male,35-44,80.0,Loan originated
1,435000.0,44,505000.0,106.0,1,Not Hispanic or Latino,White,Female,35-44,87.68,Loan originated
1,395000.0,46,645000.0,92.0,1,Hispanic or Latino,American Indian or Alaska Native,Female,45-54,61.16,Loan originated
1,235000.0,48,725000.0,118.0,1,Not Hispanic or Latino,White,Female,35-44,33.0,Loan originated
1,205000.0,<20%,915000.0,335.0,1,Not Hispanic or Latino,White,Female,45-54,21.858,Loan originated
1,245000.0,48,375000.0,66.0,1,Not Hispanic or Latino,White,Female,55-64,66.556451612904,Loan originated
1,765000.0,47,845000.0,204.0,1,Not Hispanic or Latino,Black or African American,Female,35-44,91.0,Loan originated
1,765000.0,20%-<30%,805000.0,365.0,1,Hispanic or Latino,White,Male,45-54,95.0,Application denied
1,335000.0,46,415000.0,72.0,1,Not Hispanic or Latino,White,Female,35-44,80.0,Loan originated
1,795000.0,30%-<36%,995000.0,225.0,1,Not Hispanic or Latino,White,Female,25-34,80.0,Loan originated
1,565000.0,41,715000.0,153.0,1,Not Hispanic or Latino,White,Female,45-54,80.0,Loan originated
1,645000.0,37,805000.0,176.0,1,Hispanic or Latino,White,Male,25-34,80.0,Loan originated
1,415000.0,39,925000.0,119.0,1,Not Hispanic or Latino,White,Male,55-64,45.277,Loan originated
1,505000.0,42,955000.0,207.0,1,Not Hispanic or Latino,White,Male,35-44,52.63,Loan originated
1,255000.0,41,265000.0,101.0,1,Not Hispanic or Latino,White,Male,45-54,97.0,Loan originated
1,425000.0,45,535000.0,95.0,1,Not Hispanic or Latino,White,Female,65-74,81.0,Loan originated
1,755000.0,45,1505000.0,174.0,1,Hispanic or Latino,White,Female,>74,49.983,Loan originated
1,665000.0,30%-<36%,705000.0,188.0,1,Not Hispanic or Latino,Asian,Male,35-44,95.0,Loan originated
1,465000.0,41,485000.0,116.0,1,Not Hispanic or Latino,White,Female,35-44,97.0,Loan originated
1,475000.0,20%-<30%,635000.0,181.0,1,Hispanic or Latino,White,Male,25-34,75.0,Loan originated
1,605000.0,30%-<36%,645000.0,213.0,1,Hispanic or Latino,White,Male,25-34,95.0,Application denied
1,765000.0,49,1395000.0,162.0,1,Not Hispanic or Latino,Asian,Male,25-34,55.108,Loan originated
1,505000.0,42,555000.0,629.0,1,Not Hispanic or Latino,White,Female,45-54,91.304,Loan originated
1,475000.0,49,535000.0,86.0,1,Not Hispanic or Latino,Asian,Male,25-34,88.88,Loan originated
1,675000.0,49,1145000.0,158.0,1,Not Hispanic or Latino,Asian,Male,25-34,59.107,Loan originated
1,105000.0,20%-<30%,335000.0,68.0,1,Hispanic or Latino,White,Female,55-64,32.153,Loan originated
1,725000.0,20%-<30%,925000.0,280.0,1,Not Hispanic or Latino,White,Male,35-44,77.838,Loan originated
1,735000.0,30%-<36%,915000.0,224.0,1,Hispanic or Latino,White,Male,35-44,80.0,Application denied
1,635000.0,40,675000.0,145.0,1,Not Hispanic or Latino,Asian,Male,35-44,95.0,Loan originated
1,505000.0,30%-<36%,625000.0,226.0,1,Not Hispanic or Latino,White,Female,35-44,80.0,Loan originated
1,555000.0,30%-<36%,745000.0,227.0,1,Not Hispanic or Latino,White,Male,35-44,75.0,Loan originated
1,505000.0,47,635000.0,153.0,1,Not Hispanic or Latino,White,Male,55-64,80.0,Loan originated
1,545000.0,30%-<36%,915000.0,200.0,1,Not Hispanic or Latino,Asian,Female,45-54,60.0,Loan originated
1,245000.0,38,385000.0,104.0,1,Hispanic or Latino,White,Female,25-34,64.0,Loan originated
1,765000.0,41,965000.0,199.0,1,Not Hispanic or Latino,Asian,Female,35-44,79.8,Loan originated
1,415000.0,41,715000.0,116.0,1,Not Hispanic or Latino,Asian,Male,25-34,58.217,Loan originated
1,735000.0,40,975000.0,211.0,1,Not Hispanic or Latino,Asian,Male,45-54,75.0,Loan originated
1,675000.0,49,845000.0,166.0,1,Not Hispanic or Latino,White,Female,45-54,80.0,Application denied
1,735000.0,47,795000.0,160.0,1,Not Hispanic or Latino,Asian,Male,45-54,93.0,Loan originated
1,625000.0,45,665000.0,215.0,1,Not Hispanic or Latino,White,Male,45-54,95.0,Loan originated
1,485000.0,48,635000.0,116.0,1,Not Hispanic or Latino,Asian,Male,55-64,80.0,Loan originated
1,745000.0,42,845000.0,165.0,1,Not Hispanic or Latino,Asian,Male,35-44,88.189,Loan originated
1,185000.0,45,215000.0,44.0,1,Hispanic or Latino,White,Male,25-34,90.0,Loan originated
1,475000.0,46,935000.0,115.0,1,Not Hispanic or Latino,Asian,Male,45-54,51.075,Loan originated
1,415000.0,45,695000.0,95.0,1,Not Hispanic or Latino,White,Male,25-34,60.0,Loan originated
1,175000.0,20%-<30%,865000.0,190.0,1,Not Hispanic or Latino,Asian,Male,55-64,20.355,Application denied
1,305000.0,20%-<30%,505000.0,123.0,1,Hispanic or Latino,White,Female,25-34,60.0,Loan originated
1,475000.0,44,675000.0,184.0,1,Not Hispanic or Latino,White,Female,45-54,70.0,Loan originated
1,355000.0,42,445000.0,91.0,1,Hispanic or Latino,White,Male,25-34,80.0,Loan originated
1,845000.0,41,1065000.0,232.0,1,Not Hispanic or Latino,Asian,Male,35-44,80.0,Loan originated
1,835000.0,20%-<30%,985000.0,374.0,1,Hispanic or Latino,White,Male,25-34,85.0,Loan originated
1,555000.0,38,985000.0,158.0,1,Not Hispanic or Latino,Asian,Female,25-34,56.122,Loan originated
1,255000.0,42,255000.0,79.0,1,Hispanic or Latino,White,Male,45-54,100.0,Loan originated
1,325000.0,20%-<30%,435000.0,164.0,1,Not Hispanic or Latino,White,Male,25-34,75.0,Loan originated
1,255000.0,38,655000.0,50.0,1,Not Hispanic or Latino,White,Female,55-64,39.0,Loan originated
1,345000.0,20%-<30%,435000.0,127.0,1,Hispanic or Latino,White,Female,25-34,80.0,Loan originated
1,375000.0,49,545000.0,90.0,1,Hispanic or Latino,White,Female,45-54,69.9,Loan originated
1,525000.0,49,755000.0,177.0,1,Not Hispanic or Latino,White,Male,35-44,70.0,Loan originated
1,445000.0,41,645000.0,122.0,1,Not Hispanic or Latino,White,Male,<25,68.75,Loan originated
1,395000.0,46,655000.0,149.0,1,Not Hispanic or Latino,White,Female,55-64,60.145,Loan originated
1,475000.0,45,555000.0,165.0,1,Not Hispanic or Latino,White,Male,55-64,86.275,Loan originated
1,505000.0,20%-<30%,565000.0,237.0,1,Not Hispanic or Latino,Black or African American,Female,35-44,89.982,Loan originated
1,695000.0,43,815000.0,239.0,1,Not Hispanic or Latino,White,Male,25-34,85.0,Loan originated
1,245000.0,<20%,445000.0,145.0,1,Not Hispanic or Latino,White,Male,35-44,54.917,Loan originated
1,535000.0,41,1285000.0,147.0,1,Not Hispanic or Latino,Asian,Male,25-34,41.191,Loan originated
1,215000.0,>60%,515000.0,28.0,1,Hispanic or Latino,White,Female,25-34,40.777,Application denied
1,265000.0,41,305000.0,64.0,1,Hispanic or Latino,White,Female,55-64,86.885,Loan originated
1,405000.0,20%-<30%,515000.0,139.0,1,Not Hispanic or Latino,White,Male,45-54,80.0,Loan originated
1,495000.0,44,625000.0,127.0,1,Not Hispanic or Latino,White,Male,35-44,80.0,Loan originated
1,255000.0,48,1015000.0,93.0,1,Not Hispanic or Latino,White,Female,>74,24.752,Loan originated
1,605000.0,47,645000.0,137.0,1,Hispanic or Latino,White,Male,35-44,93.527,Loan originated
1,895000.0,49,1195000.0,206.0,1,Not Hispanic or Latino,White,Female,45-54,75.0,Loan originated
1,285000.0,30%-<36%,325000.0,105.0,1,Hispanic or Latino,White,Male,25-34,90.0,Loan originated
1,185000.0,44,365000.0,44.0,1,Hispanic or Latino,White,Male,45-54,100.0,Loan originated
1,605000.0,45,1075000.0,135.0,1,Hispanic or Latino,White,Female,55-64,56.0,Loan originated
1,205000.0,<20%,525000.0,275.0,1,Not Hispanic or Latino,White,Male,35-44,39.604,Loan originated
1,585000.0,46,845000.0,144.0,1,Not Hispanic or Latino,Asian,Female,45-54,70.0,Loan originated
1,285000.0,45,735000.0,69.0,1,Hispanic or Latino,White,Female,55-64,38.356,Loan originated
1,305000.0,45,315000.0,77.0,1,Not Hispanic or Latino,Asian,Female,25-34,95.0,Loan originated
1,1035000.0,49,1505000.0,205.0,1,Not Hispanic or Latino,White,Male,55-64,68.869,Loan originated
1,405000.0,47,795000.0,97.0,1,Hispanic or Latino,White,Female,45-54,50.31,Loan originated
1,495000.0,20%-<30%,755000.0,150.0,1,Not Hispanic or Latino,White,Male,45-54,66.0,Application denied
1,315000.0,48,515000.0,90.0,1,Not Hispanic or Latino,White,Female,35-44,61.397,Loan originated
1,145000.0,36,195000.0,80.0,1,Not Hispanic or Latino,White,Male,35-44,70.45,Loan originated
1,715000.0,46,745000.0,241.0,1,Hispanic or Latino,White,Female,55-64,95.0,Loan originated
1,395000.0,20%-<30%,535000.0,190.0,1,Not Hispanic or Latino,White,Male,35-44,80.0,Application denied
1,705000.0,38,885000.0,303.0,1,Not Hispanic or Latino,White,Female,<25,80.0,Loan originated
1,725000.0,42,985000.0,280.0,1,Not Hispanic or Latino,White,Female,35-44,73.19,Loan originated
1,575000.0,20%-<30%,715000.0,236.0,1,Not Hispanic or Latino,White,Male,35-44,80.0,Loan originated
1,565000.0,46,705000.0,148.0,1,Not Hispanic or Latino,Asian,Male,55-64,80.0,Loan originated
1,545000.0,48,595000.0,130.0,1,Not Hispanic or Latino,Asian,Female,35-44,92.0,Loan originated
1,805000.0,36,1155000.0,264.0,1,Not Hispanic or Latino,White,Female,45-54,70.0,Loan originated
1,675000.0,50%-60%,755000.0,142.0,1,Not Hispanic or Latino,White,Male,45-54,90.0,Application denied
1,595000.0,39,615000.0,183.0,1,Hispanic or Latino,White,Female,35-44,97.0,Loan originated
1,275000.0,45,385000.0,72.0,1,Not Hispanic or Latino,White,Male,25-34,70.97,Loan originated
1,715000.0,47,755000.0,143.0,1,Not Hispanic or Latino,Asian,Male,25-34,98.0,Loan originated
1,1045000.0,30%-<36%,1315000.0,316.0,1,Not Hispanic or Latino,Asian,Male,25-34,80.0,Loan originated
1,695000.0,<20%,875000.0,8400.0,1,Not Hispanic or Latino,White,Male,35-44,80.0,Loan originated
1,1145000.0,30%-<36%,1425000.0,424.0,1,Not Hispanic or Latino,White,Male,25-34,79.944,Loan originated
1,275000.0,30%-<36%,315000.0,272.0,1,Hispanic or Latino,White,Female,35-44,90.0,Loan originated
1,595000.0,39,625000.0,189.0,1,Not Hispanic or Latino,White,Male,25-34,95.0,Loan originated
1,215000.0,44,215000.0,65.0,1,Not Hispanic or Latino,White,Male,25-34,102.91,Loan originated
1,265000.0,48,355000.0,61.0,1,Hispanic or Latino,White,Male,45-54,75.429,Loan originated
1,745000.0,30%-<36%,775000.0,397.0,1,Hispanic or Latino,White,Female,45-54,97.0,Loan originated
1,735000.0,43,795000.0,186.0,1,Hispanic or Latino,White,Male,25-34,92.5,Loan originated
1,585000.0,39,735000.0,139.0,1,Not Hispanic or Latino,White,Male,35-44,79.94,Loan originated
1,475000.0,37,825000.0,136.0,1,Not Hispanic or Latino,White,Female,45-54,58.0,Loan originated
1,295000.0,47,365000.0,58.0,1,Not Hispanic or Latino,White,Female,35-44,80.0,Loan originated
1,545000.0,46,845000.0,129.0,1,Not Hispanic or Latino,Asian,Male,25-34,65.0,Loan originated
1,405000.0,41,415000.0,95.0,1,Not Hispanic or Latino,Asian,Male,25-34,97.0,Loan originated
1,195000.0,41,245000.0,59.0,1,Hispanic or Latino,White,Female,45-54,80.0,Loan originated
1,445000.0,43,475000.0,135.0,1,Not Hispanic or Latino,White,Male,25-34,95.0,Application denied
1,765000.0,<20%,1305000.0,3468.0,1,Not Hispanic or Latino,Asian,Male,35-44,58.965,Loan originated
1,345000.0,46,365000.0,70.0,1,Not Hispanic or Latino,Black or African American,Female,45-54,97.0,Loan originated
1,735000.0,49,925000.0,186.0,1,Not Hispanic or Latino,Asian,Female,25-34,79.992,Loan originated
1,805000.0,47,1325000.0,209.0,1,Not Hispanic or Latino,Asian,Female,25-34,60.151,Loan originated
1,745000.0,46,785000.0,204.0,1,Not Hispanic or Latino,Asian,Male,35-44,95.0,Loan originated
1,475000.0,48,625000.0,113.0,1,Not Hispanic or Latino,Asian,Male,35-44,76.19,Loan originated
1,625000.0,39,775000.0,146.0,1,Hispanic or Latino,American Indian or Alaska Native,Female,35-44,80.0,Loan originated
1,605000.0,50%-60%,755000.0,230.0,1,Not Hispanic or Latino,White,Female,35-44,80.0,Application denied
1,415000.0,30%-<36%,515000.0,139.0,1,Hispanic or Latino,Native Hawaiian or Other Pacific Islander,Male,35-44,80.0,Loan originated
1,415000.0,41,695000.0,9.0,1,Not Hispanic or Latino,Asian,Male,35-44,60.0,Loan originated
1,715000.0,30%-<36%,895000.0,221.0,1,Not Hispanic or Latino,Black or African American,Female,35-44,80.0,Loan originated
1,205000.0,49,1135000.0,78.0,1,Not Hispanic or Latino,White,Female,65-74,17.621,Loan originated
1,275000.0,39,335000.0,76.0,1,Hispanic or Latino,Black or African American,Female,55-64,100.0,Loan originated
1,305000.0,45,485000.0,80.0,1,Not Hispanic or Latino,White,Male,25-34,61.856,Loan originated
1,1095000.0,42,1155000.0,393.0,1,Not Hispanic or Latino,White,Male,35-44,94.87,Loan originated
1,465000.0,50%-60%,615000.0,149.0,1,Hispanic or Latino,White,Male,35-44,76.0,Loan originated
1,225000.0,50%-60%,235000.0,43.0,1,Hispanic or Latino,White,Male,35-44,97.0,Application denied
1,575000.0,49,605000.0,144.0,1,Hispanic or Latino,White,Male,<25,95.0,Loan originated
1,905000.0,43,1125000.0,228.0,1,Hispanic or Latino,White,Male,25-34,80.0,Loan originated
1,875000.0,39,925000.0,291.0,1,Not Hispanic or Latino,Black or African American,Male,35-44,95.0,Loan originated
1,215000.0,47,295000.0,50.0,1,Hispanic or Latino,White,Male,35-44,75.0,Loan originated
1,405000.0,45,445000.0,89.0,1,Not Hispanic or Latino,White,Male,<25,90.0,Loan originated
1,635000.0,47,855000.0,139.0,1,Not Hispanic or Latino,Asian,Female,45-54,74.35,Loan originated
1,395000.0,47,535000.0,108.0,1,Hispanic or Latino,White,Female,35-44,75.0,Loan originated
1,395000.0,42,525000.0,170.0,1,Not Hispanic or Latino,Asian,Male,25-34,75.0,Loan originated
1,305000.0,49,375000.0,57.0,1,Not Hispanic or Latino,White,Female,45-54,80.0,Loan originated
1,1115000.0,45,1395000.0,612.0,1,Not Hispanic or Latino,White,Male,35-44,80.0,Loan originated
1,605000.0,20%-<30%,755000.0,269.0,1,Hispanic or Latino,White,Male,45-54,80.0,Loan originated
1,565000.0,47,705000.0,100.0,1,Not Hispanic or Latino,Asian,Male,35-44,92.86,Loan originated
1,645000.0,20%-<30%,755000.0,367.0,1,Not Hispanic or Latino,White,Male,45-54,85.0,Loan originated
1,455000.0,49,565000.0,87.0,1,Not Hispanic or Latino,White,Female,35-44,80.0,Loan originated
1,505000.0,39,525000.0,135.0,1,Hispanic or Latino,White,Male,25-34,95.0,Loan originated
1,655000.0,42,775000.0,186.0,1,Not Hispanic or Latino,Asian,Male,35-44,85.01,Loan originated
1,555000.0,30%-<36%,795000.0,231.0,1,Not Hispanic or Latino,Asian,Male,35-44,70.0,Loan originated
1,165000.0,<20%,315000.0,139.0,1,Not Hispanic or Latino,White,Male,65-74,51.613,Loan originated
1,75000.0,43,145000.0,65.0,1,Hispanic or Latino,White,Female,35-44,50.0,Loan originated
1,365000.0,41,525000.0,112.0,1,Not Hispanic or Latino,White,Male,<25,70.0,Loan originated
1,195000.0,30%-<36%,225000.0,77.0,1,Hispanic or Latino,White,Female,25-34,85.59,Loan originated
1,445000.0,30%-<36%,615000.0,120.0,1,Not Hispanic or Latino,White,Female,>74,72.536,Loan originated
1,655000.0,43,685000.0,188.0,1,Not Hispanic or Latino,White,Male,45-54,94.99,Loan originated
1,655000.0,49,865000.0,138.0,1,Not Hispanic or Latino,Asian,Female,45-54,74.985,Loan originated
1,325000.0,49,575000.0,244.0,1,Not Hispanic or Latino,Asian,Female,55-64,56.378,Loan originated
1,595000.0,30%-<36%,995000.0,211.0,1,Not Hispanic or Latino,Asian,Female,25-34,60.0,Application denied
1,305000.0,30%-<36%,405000.0,114.0,1,Not Hispanic or Latino,White,Male,55-64,75.0,Loan originated
1,765000.0,49,955000.0,249.0,1,Not Hispanic or Latino,Asian,Male,25-34,80.0,Loan originated
1,155000.0,37,305000.0,77.0,1,Hispanic or Latino,White,Male,55-64,50.0,Loan originated
1,715000.0,36,785000.0,225.0,1,Not Hispanic or Latino,White,Male,55-64,92.0,Loan originated
1,525000.0,48,655000.0,133.0,1,Hispanic or Latino,White,Male,45-54,80.0,Loan originated
1,805000.0,49,1035000.0,154.0,1,Hispanic or Latino,White,Female,55-64,78.0,Loan originated
1,685000.0,44,935000.0,159.0,1,Not Hispanic or Latino,White,Male,35-44,74.0,Loan originated
1,415000.0,30%-<36%,585000.0,134.0,1,Not Hispanic or Latino,White,Female,25-34,70.0,Loan originated
1,765000.0,20%-<30%,955000.0,465.0,1,Hispanic or Latino,White,Male,45-54,80.0,Application denied
1,325000.0,30%-<36%,425000.0,88.0,1,Not Hispanic or Latino,White,Female,45-54,76.608,Loan originated
1,545000.0,47,565000.0,117.0,1,Hispanic or Latino,White,Male,45-54,96.5,Loan originated
1,315000.0,46,355000.0,82.0,1,Not Hispanic or Latino,White,Male,25-34,90.0,Loan originated
1,1555000.0,30%-<36%,2065000.0,361.0,1,Not Hispanic or Latino,Asian,Female,55-64,75.0,Loan originated
1,385000.0,20%-<30%,475000.0,169.0,1,Not Hispanic or Latino,Black or African American,Male,35-44,80.0,Loan originated
1,1025000.0,20%-<30%,1285000.0,891.0,1,Not Hispanic or Latino,White,Male,45-54,80.0,Loan originated
1,875000.0,45,1025000.0,198.0,1,Not Hispanic or Latino,Asian,Female,35-44,85.0,Loan originated
1,235000.0,50%-60%,285000.0,62.0,1,Hispanic or Latino,White,Female,45-54,80.0,Application denied
1,405000.0,20%-<30%,505000.0,182.0,1,Not Hispanic or Latino,White,Male,<25,80.0,Loan originated
1,415000.0,45,555000.0,100.0,1,Not Hispanic or Latino,Asian,Female,25-34,75.0,Application denied
1,855000.0,41,1325000.0,213.0,1,Hispanic or Latino,White,Male,45-54,64.15,Loan originated
1,85000.0,50%-60%,95000.0,56.0,1,Not Hispanic or Latino,White,Male,55-64,95.0,Application denied
1,1005000.0,20%-<30%,1515000.0,313.0,1,Not Hispanic or Latino,Asian,Male,35-44,66.225,Loan originated
1,535000.0,42,665000.0,154.0,1,Not Hispanic or Latino,White,Female,45-54,80.0,Loan originated
1,505000.0,20%-<30%,895000.0,280.0,1,Not Hispanic or Latino,Asian,Female,45-54,55.617,Loan originated
1,505000.0,44,625000.0,157.0,1,Hispanic or Latino,White,Male,35-44,80.0,Loan originated
1,315000.0,37,355000.0,91.0,1,Not Hispanic or Latino,White,Male,45-54,90.0,Loan originated
1,325000.0,43,405000.0,77.0,1,Not Hispanic or Latino,White,Female,65-74,80.0,Loan originated
1,355000.0,20%-<30%,725000.0,153.0,1,Not Hispanic or Latino,Asian,Male,45-54,49.1,Loan originated
1,565000.0,45,585000.0,114.0,1,Hispanic or Latino,White,Male,45-54,97.0,Loan originated
1,735000.0,47,825000.0,215.0,1,Hispanic or Latino,Black or African American,Male,35-44,90.0,Loan originated
1,395000.0,40,485000.0,108.0,1,Not Hispanic or Latino,Asian,Male,35-44,79.918,Loan originated
1,345000.0,37,425000.0,102.0,1,Not Hispanic or Latino,White,Female,25-34,80.0,Loan originated
1,725000.0,48,855000.0,200.0,1,Not Hispanic or Latino,White,Female,35-44,85.0,Loan originated
1,365000.0,30%-<36%,395000.0,119.0,1,Not Hispanic or Latino,Black or African American,Female,55-64,93.154,Loan originated
1,425000.0,49,635000.0,147.0,1,Not Hispanic or Latino,White,Female,25-34,80.0,Loan originated
1,805000.0,47,1005000.0,176.0,1,Hispanic or Latino,White,Female,45-54,80.0,Loan originated
1,565000.0,47,715000.0,115.0,1,Not Hispanic or Latino,Asian,Male,25-34,80.0,Loan originated
1,505000.0,49,565000.0,106.0,1,Not Hispanic or Latino,White,Male,25-34,88.496,Loan originated
1,675000.0,37,695000.0,218.0,1,Not Hispanic or Latino,White,Male,25-34,100.0,Loan originated
1,585000.0,49,725000.0,123.0,1,Hispanic or Latino,White,Male,25-34,100.0,Loan originated
1,1145000.0,42,2175000.0,332.0,1,Not Hispanic or Latino,White,Male,45-54,52.414,Loan originated
1,605000.0,45,755000.0,168.0,1,Not Hispanic or Latino,White,Female,35-44,80.0,Loan originated
1,255000.0,45,285000.0,66.0,1,Hispanic or Latino,White,Male,25-34,90.0,Loan originated
1,475000.0,20%-<30%,505000.0,257.0,1,Not Hispanic or Latino,White,Male,35-44,95.0,Loan originated
1,245000.0,42,265000.0,119.0,1,Not Hispanic or Latino,White,Male,55-64,95.0,Loan originated
1,265000.0,48,795000.0,90.0,1,Not Hispanic or Latino,White,Female,55-64,33.0,Loan originated
1,515000.0,20%-<30%,545000.0,186.0,1,Not Hispanic or Latino,Asian,Male,25-34,95.0,Loan originated
1,545000.0,20%-<30%,735000.0,233.0,1,Not Hispanic or Latino,White,Male,25-34,75.0,Loan originated
1,285000.0,49,305000.0,67.0,1,Hispanic or Latino,White,Female,45-54,94.098,Loan originated
1,335000.0,44,355000.0,72.0,1,Not Hispanic or Latino,White,Male,25-34,97.0,Loan originated
1,635000.0,42,665000.0,161.0,1,Hispanic or Latino,American Indian or Alaska Native,Male,25-34,95.0,Loan originated
1,505000.0,44,1905000.0,260.0,1,Not Hispanic or Latino,White,Female,55-64,26.316,Loan originated
1,515000.0,20%-<30%,545000.0,200.0,1,Not Hispanic or Latino,Asian,Male,35-44,95.0,Loan originated
1,345000.0,46,365000.0,83.0,1,Hispanic or Latino,White,Male,35-44,95.0,Loan originated
1,475000.0,20%-<30%,595000.0,141.0,1,Not Hispanic or Latino,White,Female,45-54,80.0,Loan originated
1,765000.0,41,1415000.0,220.0,1,Not Hispanic or Latino,Asian,Male,35-44,55.0,Loan originated
1,225000.0,>60%,235000.0,75.0,1,Not Hispanic or Latino,White,Female,25-34,95.0,Application denied
1,535000.0,42,555000.0,141.0,1,Not Hispanic or Latino,White,Female,45-54,95.0,Loan originated
1,475000.0,30%-<36%,635000.0,270.0,1,Not Hispanic or Latino,White,Female,45-54,75.0,Loan originated
1,485000.0,30%-<36%,615000.0,225.0,1,Not Hispanic or Latino,Asian,Female,35-44,80.0,Loan originated
1,195000.0,48,295000.0,159.0,1,Hispanic or Latino,White,Male,55-64,66.555,Loan originated
1,885000.0,37,1105000.0,577.0,1,Not Hispanic or Latino,Black or African American,Male,55-64,80.0,Loan originated
1,475000.0,<20%,855000.0,309.0,1,Not Hispanic or Latino,White,Female,65-74,56.0,Loan originated
1,765000.0,45,875000.0,161.0,1,Not Hispanic or Latino,White,Male,25-34,87.606,Loan originated
1,135000.0,20%-<30%,175000.0,73.0,1,Hispanic or Latino,White,Male,25-34,77.14,Loan originated
1,445000.0,47,565000.0,98.0,1,Not Hispanic or Latino,Asian,Male,25-34,100.0,Loan originated
1,585000.0,40,895000.0,187.0,1,Not Hispanic or Latino,Asian,Male,45-54,64.93,Loan originated
1,355000.0,41,375000.0,79.0,1,Not Hispanic or Latino,White,Male,<25,94.59,Loan originated
1,585000.0,44,735000.0,129.0,1,Hispanic or Latino,White,Female,35-44,80.0,Loan originated
1,645000.0,44,715000.0,161.0,1,Hispanic or Latino,White,Female,45-54,89.99,Loan originated
1,235000.0,39,435000.0,146.0,1,Not Hispanic or Latino,Black or African American,Male,45-54,53.488,Loan originated
1,345000.0,20%-<30%,745000.0,144.0,1,Not Hispanic or Latino,White,Male,35-44,46.595,Loan originated
1,415000.0,45,595000.0,84.0,1,Not Hispanic or Latino,White,Female,55-64,69.492,Loan originated
1,705000.0,40,1015000.0,206.0,1,Not Hispanic or Latino,Asian,Male,45-54,70.0,Loan originated
1,605000.0,48,645000.0,151.0,1,Not Hispanic or Latino,Black or African American,Female,35-44,95.0,Loan originated
1,665000.0,20%-<30%,845000.0,287.0,1,Hispanic or Latino,White,Male,55-64,80.0,Loan originated
1,875000.0,30%-<36%,1095000.0,243.0,1,Hispanic or Latino,White,Male,35-44,80.0,Loan originated
1,155000.0,43,405000.0,60.0,1,Hispanic or Latino,White,Male,25-34,37.5,Loan originated
1,475000.0,47,785000.0,132.0,1,Not Hispanic or Latino,Asian,Male,45-54,67.14,Loan originated
1,1145000.0,>60%,1735000.0,2.0,1,Not Hispanic or Latino,Native Hawaiian or Other Pacific Islander,Female,25-34,66.46,Application denied
1,685000.0,20%-<30%,865000.0,267.0,1,Not Hispanic or Latino,Asian,Male,25-34,80.0,Loan originated
1,595000.0,20%-<30%,745000.0,333.0,1,Not Hispanic or Latino,Asian,Male,45-54,80.0,Loan originated
1,385000.0,45,415000.0,80.0,1,Hispanic or Latino,White,Male,35-44,95.0,Loan originated
1,1045000.0,46,1105000.0,212.0,1,Not Hispanic or Latino,Black or African American,Male,45-54,95.0,Loan originated
1,215000.0,30%-<36%,465000.0,67.0,1,Not Hispanic or Latino,Asian,Male,45-54,46.752,Loan originated
1,305000.0,39,595000.0,92.0,1,Hispanic or Latino,White,Male,45-54,50.847,Loan originated
1,395000.0,46,675000.0,130.0,1,Not Hispanic or Latino,Asian,Female,35-44,57.56,Loan originated
1,1025000.0,30%-<36%,1405000.0,381.0,1,Not Hispanic or Latino,White,Female,65-74,72.857,Loan originated
1,475000.0,44,595000.0,269.0,1,Not Hispanic or Latino,White,Male,55-64,80.0,Loan originated
1,635000.0,37,715000.0,267.0,1,Not Hispanic or Latino,White,Male,25-34,90.0,Loan originated
1,155000.0,36,175000.0,90.0,1,Hispanic or Latino,White,Male,45-54,90.0,Loan originated
1,415000.0,30%-<36%,555000.0,139.0,1,Not Hispanic or Latino,White,Female,55-64,75.0,Loan originated
1,655000.0,44,725000.0,202.0,1,Not Hispanic or Latino,Asian,Female,35-44,90.0,Loan originated
1,385000.0,20%-<30%,545000.0,151.0,1,Not Hispanic or Latino,White,Female,25-34,70.0,Loan originated
1,665000.0,49,835000.0,164.0,1,Hispanic or Latino,White,Male,45-54,80.0,Loan originated
1,425000.0,20%-<30%,825000.0,184.0,1,Not Hispanic or Latino,White,Female,45-54,51.276,Loan originated
1,765000.0,49,1055000.0,170.0,1,Not Hispanic or Latino,White,Male,35-44,72.792,Loan originated
1,285000.0,20%-<30%,355000.0,109.0,1,Not Hispanic or Latino,White,Female,35-44,80.0,Loan originated
1,415000.0,30%-<36%,515000.0,150.0,1,Hispanic or Latino,White,Male,35-44,80.0,Application denied
1,585000.0,30%-<36%,975000.0,180.0,1,Not Hispanic or Latino,White,Female,55-64,60.0,Loan originated
1,245000.0,44,325000.0,7373.0,1,Not Hispanic or Latino,Asian,Male,35-44,80.0,Loan originated
1,375000.0,20%-<30%,385000.0,151.0,1,Hispanic or Latino,White,Female,55-64,97.0,Loan originated
1,815000.0,49,915000.0,216.0,1,Not Hispanic or Latino,Asian,Male,35-44,90.0,Loan originated
1,415000.0,42,515000.0,138.0,1,Not Hispanic or Latino,White,Male,45-54,80.0,Loan originated
1,335000.0,47,455000.0,120.0,1,Not Hispanic or Latino,White,Male,25-34,75.0,Loan originated
1,1045000.0,45,1395000.0,253.0,1,Not Hispanic or Latino,White,Female,35-44,75.0,Loan originated
1,255000.0,30%-<36%,435000.0,91.0,1,Not Hispanic or Latino,White,Female,45-54,57.471,Loan originated
1,635000.0,20%-<30%,905000.0,269.0,1,Not Hispanic or Latino,White,Female,35-44,70.0,Loan originated
1,875000.0,49,1035000.0,186.0,1,Not Hispanic or Latino,Asian,Male,25-34,85.0,Loan originated
1,455000.0,41,755000.0,129.0,1,Not Hispanic or Latino,White,Female,25-34,59.974,Loan originated
1,685000.0,30%-<36%,725000.0,446.0,1,Hispanic or Latino,White,Male,25-34,95.0,Loan originated
1,255000.0,30%-<36%,445000.0,99.0,1,Not Hispanic or Latino,White,Female,65-74,57.0,Loan originated
1,345000.0,42,435000.0,87.0,1,Not Hispanic or Latino,White,Male,25-34,100.0,Loan originated
1,345000.0,38,645000.0,142.0,1,Not Hispanic or Latino,White,Male,35-44,53.12,Loan originated
1,1005000.0,30%-<36%,1655000.0,482.0,1,Not Hispanic or Latino,Asian,Male,35-44,60.61,Loan originated
1,265000.0,49,335000.0,57.0,1,Hispanic or Latino,White,Male,25-34,80.0,Loan originated
1,155000.0,38,205000.0,45.0,1,Hispanic or Latino,White,Female,35-44,96.875,Loan originated
1,445000.0,46,465000.0,100.0,1,Not Hispanic or Latino,White,Male,25-34,95.0,Loan originated
1,595000.0,46,685000.0,277.0,1,Not Hispanic or Latino,Asian,Male,35-44,86.364,Loan originated
1,515000.0,20%-<30%,695000.0,193.0,1,Not Hispanic or Latino,White,Female,35-44,75.0,Loan originated
1,435000.0,49,565000.0,103.0,1,Not Hispanic or Latino,White,Female,55-64,77.355,Loan originated
1,1115000.0,20%-<30%,1405000.0,390.0,1,Not Hispanic or Latino,Asian,Male,25-34,80.0,Loan originated
1,355000.0,47,375000.0,152.0,1,Hispanic or Latino,White,Male,35-44,95.0,Loan originated
1,685000.0,44,855000.0,226.0,1,Not Hispanic or Latino,White,Male,45-54,80.0,Loan originated
1,965000.0,42,1205000.0,309.0,1,Not Hispanic or Latino,Asian,Male,35-44,80.0,Loan originated
1,1135000.0,41,1675000.0,260.0,1,Not Hispanic or Latino,Asian,Male,45-54,67.665,Loan originated
1,205000.0,45,405000.0,70.0,1,Hispanic or Latino,White,Female,45-54,50.0,Application denied
1,485000.0,48,855000.0,186.0,1,Not Hispanic or Latino,Asian,Male,25-34,56.73,Loan originated
1,335000.0,47,355000.0,73.0,1,Hispanic or Latino,White,Male,<25,97.0,Loan originated
1,605000.0,<20%,1005000.0,316.0,1,Not Hispanic or Latino,Asian,Male,35-44,60.0,Loan originated
1,465000.0,44,985000.0,120.0,1,Not Hispanic or Latino,Asian,Male,65-74,47.245,Loan originated
1,305000.0,47,915000.0,75.0,1,Not Hispanic or Latino,Asian,Male,25-34,33.0,Loan originated
1,525000.0,30%-<36%,655000.0,442.0,1,Not Hispanic or Latino,White,Male,55-64,80.0,Loan originated
1,205000.0,50%-60%,605000.0,56.0,1,Not Hispanic or Latino,Asian,Male,45-54,33.333,Application denied
1,415000.0,49,525000.0,117.0,1,Hispanic or Latino,White,Male,25-34,80.0,Loan originated
1,625000.0,30%-<36%,665000.0,171.0,1,Not Hispanic or Latino,Asian,Male,35-44,93.985,Loan originated
1,385000.0,40,575000.0,108.0,1,Not Hispanic or Latino,Asian,Female,25-34,96.5,Loan originated
1,525000.0,44,755000.0,293.0,1,Hispanic or Latino,White,Male,25-34,70.0,Loan originated
1,495000.0,42,555000.0,115.0,1,Not Hispanic or Latino,White,Male,25-34,90.0,Loan originated
1,255000.0,44,285000.0,60.0,1,Hispanic or Latino,White,Male,45-54,90.0,Loan originated
1,765000.0,50%-60%,1165000.0,162.0,1,Not Hispanic or Latino,Asian,Male,35-44,65.692,Application denied
1,545000.0,30%-<36%,685000.0,186.0,1,Not Hispanic or Latino,White,Female,25-34,80.0,Loan originated
1,705000.0,36,1005000.0,215.0,1,Not Hispanic or Latino,White,Female,45-54,70.0,Loan originated
1,275000.0,49,775000.0,77.0,1,Not Hispanic or Latino,White,Female,>74,36.0,Loan originated
1,455000.0,<20%,575000.0,236.0,1,Not Hispanic or Latino,White,Male,45-54,79.989,Loan originated
1,345000.0,45,365000.0,72.0,1,Not Hispanic or Latino,White,Male,25-34,95.0,Loan originated
1,1005000.0,39,1255000.0,315.0,1,Hispanic or Latino,White,Female,55-64,80.0,Loan originated
1,475000.0,37,975000.0,141.0,1,Not Hispanic or Latino,White,Male,35-44,48.875,Loan originated
1,285000.0,44,305000.0,96.0,1,Hispanic or Latino,White,Male,25-34,95.0,Loan originated
1,255000.0,43,1195000.0,104.0,1,Not Hispanic or Latino,White,Female,55-64,21.323,Loan originated
1,735000.0,44,875000.0,165.0,1,Not Hispanic or Latino,White,Female,45-54,83.91,Loan originated
1,645000.0,30%-<36%,815000.0,210.0,1,Not Hispanic or Latino,White,Male,35-44,80.0,Loan originated
1,775000.0,49,975000.0,166.0,1,Not Hispanic or Latino,White,Male,55-64,80.0,Loan originated
1,525000.0,50%-60%,825000.0,121.0,1,Not Hispanic or Latino,Asian,Female,45-54,63.636,Application denied
1,645000.0,43,685000.0,174.0,1,Not Hispanic or Latino,White,Female,35-44,95.0,Loan originated
1,255000.0,45,315000.0,52.0,1,Not Hispanic or Latino,2 or more minority races,Female,25-34,80.0,Loan originated
1,365000.0,39,455000.0,102.0,1,Not Hispanic or Latino,White,Female,55-64,80.0,Loan originated
1,635000.0,46,745000.0,146.0,1,Not Hispanic or Latino,Asian,Male,25-34,85.0,Loan originated
1,1045000.0,<20%,1305000.0,1735.0,1,Not Hispanic or Latino,White,Male,45-54,80.0,Loan originated
1,275000.0,44,285000.0,76.0,1,Not Hispanic or Latino,Black or African American,Female,35-44,97.0,Loan originated
1,585000.0,20%-<30%,735000.0,306.0,1,Hispanic or Latino,White,Male,45-54,80.0,Loan originated
1,705000.0,48,875000.0,192.0,1,Not Hispanic or Latino,White,Female,35-44,80.0,Loan originated
1,1075000.0,36,1275000.0,280.0,1,Not Hispanic or Latino,White,Male,35-44,85.0,Loan originated
1,155000.0,36,1105000.0,154.0,1,Not Hispanic or Latino,White,Female,65-74,13.636,Loan originated
1,805000.0,43,1025000.0,404.0,1,Not Hispanic or Latino,Asian,Male,45-54,78.43,Loan originated
1,775000.0,30%-<36%,915000.0,235.0,1,Not Hispanic or Latino,White,Male,35-44,85.0,Loan originated
1,1095000.0,47,1375000.0,310.0,1,Not Hispanic or Latino,Asian,Female,35-44,80.0,Loan originated
1,205000.0,30%-<36%,345000.0,79.0,1,Not Hispanic or Latino,White,Female,65-74,60.0,Loan originated
1,645000.0,50%-60%,805000.0,123.0,1,Not Hispanic or Latino,Asian,Male,45-54,79.926,Application denied
1,255000.0,44,435000.0,64.0,1,Not Hispanic or Latino,White,Male,35-44,58.95,Loan originated
1,615000.0,30%-<36%,725000.0,222.0,1,Not Hispanic or Latino,Black or African American,Female,35-44,85.0,Loan originated
1,645000.0,41,805000.0,144.0,1,Not Hispanic or Latino,White,Male,25-34,80.0,Loan originated
1,325000.0,20%-<30%,405000.0,118.0,1,Hispanic or Latino,White,Male,25-34,80.0,Loan originated
1,385000.0,46,675000.0,184.0,1,Not Hispanic or Latino,Asian,Male,<25,58.0,Loan originated
1,355000.0,48,845000.0,83.0,1,Not Hispanic or Latino,Asian,Female,35-44,41.31,Loan originated
1,555000.0,41,615000.0,146.0,1,Not Hispanic or Latino,Asian,Male,25-34,89.99,Loan originated
1,435000.0,39,485000.0,116.0,1,Not Hispanic or Latino,Asian,Male,45-54,95.0,Loan originated
1,695000.0,20%-<30%,735000.0,317.0,1,Not Hispanic or Latino,White,Male,35-44,95.0,Loan originated
1,645000.0,48,685000.0,153.0,1,Hispanic or Latino,White,Male,25-34,95.0,Loan originated
1,735000.0,44,925000.0,156.0,1,Not Hispanic or Latino,Asian,Male,35-44,80.0,Loan originated
1,305000.0,30%-<36%,325000.0,115.0,1,Not Hispanic or Latino,White,Female,35-44,95.0,Loan originated
1,765000.0,38,805000.0,231.0,1,Not Hispanic or Latino,White,Female,25-34,95.0,Loan originated
1,645000.0,49,725000.0,139.0,1,Not Hispanic or Latino,White,Male,35-44,90.0,Loan originated
1,555000.0,36,845000.0,181.0,1,Not Hispanic or Latino,White,Female,45-54,65.089,Loan originated
1,365000.0,47,735000.0,90.0,1,Not Hispanic or Latino,White,Female,35-44,48.98,Loan originated
1,1085000.0,20%-<30%,1545000.0,408.0,1,Not Hispanic or Latino,Asian,Male,25-34,69.933,Loan originated
1,475000.0,38,505000.0,137.0,1,Not Hispanic or Latino,White,Female,35-44,95.0,Loan originated
1,645000.0,40,1045000.0,242.0,1,Not Hispanic or Latino,White,Female,25-34,61.54,Loan originated
1,555000.0,37,805000.0,172.0,1,Not Hispanic or Latino,Asian,Female,25-34,68.75,Loan originated
1,535000.0,48,1125000.0,117.0,1,Not Hispanic or Latino,Asian,Male,45-54,47.321,Loan originated
1,485000.0,44,495000.0,158.0,1,Not Hispanic or Latino,White,Female,35-44,97.0,Loan originated
1,485000.0,20%-<30%,605000.0,225.0,1,Not Hispanic or Latino,White,Male,55-64,80.0,Loan originated
1,665000.0,48,845000.0,229.0,1,Not Hispanic or Latino,Asian,Female,55-64,78.57,Loan originated
1,95000.0,20%-<30%,125000.0,76.0,1,Not Hispanic or Latino,Asian,Male,45-54,79.27,Loan originated
1,535000.0,49,565000.0,126.0,1,Hispanic or Latino,White,Female,45-54,95.0,Loan originated
1,755000.0,42,935000.0,190.0,1,Not Hispanic or Latino,White,Male,35-44,80.0,Loan originated
1,475000.0,30%-<36%,595000.0,300.0,1,Not Hispanic or Latino,2 or more minority races,Male,45-54,80.0,Loan originated
1,205000.0,37,725000.0,201.0,1,Not Hispanic or Latino,White,Female,45-54,27.515,Loan originated
1,535000.0,46,595000.0,115.0,1,Not Hispanic or Latino,White,Female,55-64,90.0,Loan originated
1,245000.0,42,515000.0,83.0,1,Hispanic or Latino,White,Male,25-34,48.035,Loan originated
1,425000.0,20%-<30%,605000.0,146.0,1,Not Hispanic or Latino,White,Male,55-64,70.0,Loan originated
1,385000.0,20%-<30%,1485000.0,246.0,1,Not Hispanic or Latino,White,Male,55-64,26.026,Loan originated
1,1045000.0,37,1395000.0,400.0,1,Not Hispanic or Latino,Asian,Male,35-44,75.0,Loan originated
1,1025000.0,44,1085000.0,280.0,1,Not Hispanic or Latino,White,Female,35-44,95.0,Loan originated
1,665000.0,36,885000.0,182.0,1,Not Hispanic or Latino,Asian,Male,<25,75.0,Loan originated
1,475000.0,20%-<30%,595000.0,1597.0,1,Hispanic or Latino,White,Male,45-54,79.985,Loan originated
1,425000.0,30%-<36%,525000.0,176.0,1,Not Hispanic or Latino,Asian,Female,35-44,80.0,Application denied
1,595000.0,48,745000.0,138.0,1,Hispanic or Latino,White,Female,25-34,80.0,Loan originated
1,425000.0,46,445000.0,120.0,1,Not Hispanic or Latino,White,Male,65-74,94.965,Loan originated
1,545000.0,36,685000.0,171.0,1,Hispanic or Latino,White,Male,55-64,80.0,Loan originated
1,705000.0,30%-<36%,745000.0,268.0,1,Hispanic or Latino,White,Male,35-44,95.0,Loan originated
1,525000.0,30%-<36%,545000.0,207.0,1,Hispanic or Latino,American Indian or Alaska Native,Male,25-34,97.0,Loan originated
1,505000.0,41,535000.0,126.0,1,Not Hispanic or Latino,White,Male,45-54,95.0,Loan originated
1,555000.0,42,655000.0,145.0,1,Hispanic or Latino,White,Male,25-34,85.0,Loan originated
1,185000.0,41,205000.0,117.0,1,Hispanic or Latino,White,Male,55-64,90.0,Loan originated
1,415000.0,49,435000.0,109.0,1,Hispanic or Latino,American Indian or Alaska Native,Male,25-34,95.0,Loan originated
1,205000.0,45,1155000.0,435.0,1,Hispanic or Latino,White,Male,35-44,17.391,Loan originated
1,305000.0,45,445000.0,96.0,1,Not Hispanic or Latino,White,Male,35-44,70.0,Loan originated
1,445000.0,50%-60%,505000.0,98.0,1,Not Hispanic or Latino,Asian,Male,35-44,87.128,Loan originated
1,905000.0,38,1305000.0,233.0,1,Not Hispanic or Latino,Asian,Female,25-34,69.0,Loan originated
1,415000.0,49,455000.0,156.0,1,Not Hispanic or Latino,Asian,Female,45-54,90.0,Loan originated
1,735000.0,46,825000.0,145.0,1,Not Hispanic or Latino,White,Female,<25,90.0,Loan originated
1,695000.0,49,935000.0,182.0,1,Not Hispanic or Latino,Black or African American,Female,55-64,75.0,Loan originated
1,655000.0,49,1105000.0,161.0,1,Not Hispanic or Latino,White,Female,45-54,59.556,Loan originated
1,615000.0,<20%,765000.0,860.0,1,Not Hispanic or Latino,Asian,Male,35-44,80.0,Loan originated
1,185000.0,44,375000.0,119.0,1,Not Hispanic or Latino,White,Female,65-74,50.0,Loan originated
1,585000.0,48,615000.0,128.0,1,Hispanic or Latino,White,Female,35-44,95.0,Loan originated
1,555000.0,44,2075000.0,155.0,1,Not Hispanic or Latino,Asian,Male,25-34,26.52,Loan originated
1,715000.0,43,755000.0,233.0,1,Hispanic or Latino,White,Male,25-34,95.0,Loan originated
1,305000.0,49,525000.0,66.0,1,Hispanic or Latino,White,Female,<25,57.693,Loan originated
1,535000.0,>60%,715000.0,104.0,1,Not Hispanic or Latino,White,Male,65-74,75.0,Application denied
1,595000.0,47,625000.0,150.0,1,Not Hispanic or Latino,White,Male,35-44,95.0,Loan originated
1,355000.0,40,435000.0,132.0,1,Not Hispanic or Latino,White,Male,35-44,80.0,Loan originated
1,535000.0,44,885000.0,204.0,1,Not Hispanic or Latino,Black or African American,Female,45-54,60.0,Loan originated
1,125000.0,41,305000.0,70.0,1,Not Hispanic or Latino,White,Female,>74,40.33,Application denied
1,525000.0,30%-<36%,935000.0,185.0,1,Not Hispanic or Latino,White,Male,45-54,55.722,Loan originated
1,585000.0,44,725000.0,135.0,1,Hispanic or Latino,White,Male,55-64,80.0,Loan originated
1,265000.0,48,335000.0,193.0,1,Not Hispanic or Latino,Asian,Male,25-34,80.0,Loan originated
1,445000.0,44,565000.0,138.0,1,Not Hispanic or Latino,White,Male,55-64,80.0,Loan originated
1,495000.0,44,555000.0,163.0,1,Hispanic or Latino,White,Male,25-34,89.27,Loan originated
1,595000.0,20%-<30%,745000.0,242.0,1,Not Hispanic or Latino,White,Male,35-44,80.0,Loan originated
1,345000.0,45,425000.0,121.0,1,Not Hispanic or Latino,Asian,Male,35-44,80.0,Loan originated
1,605000.0,37,765000.0,162.0,1,Not Hispanic or Latino,White,Male,35-44,80.0,Loan originated
1,505000.0,40,675000.0,145.0,1,Hispanic or Latino,Asian,Female,25-34,74.241,Loan originated
1,395000.0,49,465000.0,79.0,1,Hispanic or Latino,White,Male,25-34,85.0,Loan originated
1,365000.0,45,385000.0,99.0,1,Hispanic or Latino,White,Male,35-44,95.0,Loan originated
1,735000.0,48,1055000.0,147.0,1,Not Hispanic or Latino,Asian,Male,25-34,70.0,Loan originated
1,495000.0,38,525000.0,167.0,1,Not Hispanic or Latino,White,Female,55-64,95.0,Loan originated
1,335000.0,20%-<30%,435000.0,122.0,1,Not Hispanic or Latino,White,Male,45-54,76.74,Loan originated
1,355000.0,49,435000.0,71.0,1,Not Hispanic or Latino,Asian,Female,>74,80.0,Loan originated
1,385000.0,39,485000.0,117.0,1,Not Hispanic or Latino,White,Female,25-34,80.0,Loan originated
1,975000.0,49,1155000.0,204.0,1,Hispanic or Latino,White,Female,45-54,84.783,Loan originated
1,405000.0,40,505000.0,105.0,1,Not Hispanic or Latino,White,Female,25-34,80.0,Loan originated
1,675000.0,40,845000.0,198.0,1,Not Hispanic or Latino,White,Male,45-54,80.0,Loan originated
1,215000.0,46,445000.0,78.0,1,Not Hispanic or Latino,White,Female,35-44,49.32,Loan originated
1,405000.0,30%-<36%,515000.0,120.0,1,Not Hispanic or Latino,Black or African American,Female,45-54,80.0,Loan originated
1,705000.0,44,745000.0,280.0,1,Not Hispanic or Latino,Asian,Male,35-44,95.0,Loan originated
1,315000.0,37,865000.0,149.0,1,Hispanic or Latino,White,Female,55-64,36.46,Loan originated
1,255000.0,20%-<30%,405000.0,116.0,1,Not Hispanic or Latino,Asian,Female,45-54,63.75,Loan originated
1,295000.0,47,395000.0,73.0,1,Hispanic or Latino,White,Female,25-34,75.0,Loan originated
1,945000.0,47,1175000.0,198.0,1,Not Hispanic or Latino,White,Male,35-44,80.0,Loan originated
1,535000.0,39,765000.0,180.0,1,Not Hispanic or Latino,Asian,Female,45-54,70.0,Loan originated
1,705000.0,46,1105000.0,181.0,1,Not Hispanic or Latino,Asian,Male,25-34,63.801,Loan originated
1,725000.0,39,765000.0,272.0,1,Not Hispanic or Latino,Asian,Male,25-34,95.0,Loan originated
1,935000.0,48,1245000.0,237.0,1,Not Hispanic or Latino,Asian,Male,25-34,75.0,Loan originated
1,545000.0,30%-<36%,1115000.0,190.0,1,Hispanic or Latino,Black or African American,Female,45-54,49.0,Loan originated
1,175000.0,46,525000.0,55.0,1,Not Hispanic or Latino,White,Female,35-44,32.983,Loan originated
1,645000.0,44,815000.0,146.0,1,Hispanic or Latino,White,Male,25-34,80.0,Loan originated
1,645000.0,42,675000.0,189.0,1,Not Hispanic or Latino,Asian,Male,25-34,94.96,Loan originated
1,345000.0,45,365000.0,79.0,1,Not Hispanic or Latino,White,Female,25-34,95.0,Loan originated
1,505000.0,30%-<36%,625000.0,215.0,1,Not Hispanic or Latino,Asian,Male,45-54,80.0,Loan originated
1,1065000.0,20%-<30%,1335000.0,475.0,1,Not Hispanic or Latino,White,Male,35-44,80.0,Loan originated
1,495000.0,38,525000.0,132.0,1,Not Hispanic or Latino,White,Female,25-34,95.0,Loan originated
1,205000.0,45,345000.0,53.0,1,Hispanic or Latino,White,Female,45-54,57.97,Loan originated
1,805000.0,50%-60%,1125000.0,139.0,1,Not Hispanic or Latino,White,Male,35-44,71.696,Application denied
1,415000.0,39,615000.0,104.0,1,Not Hispanic or Latino,White,Male,35-44,67.213,Loan originated
1,385000.0,39,525000.0,96.0,1,Not Hispanic or Latino,Asian,Male,45-54,74.28,Loan originated
1,305000.0,39,405000.0,85.0,1,Not Hispanic or Latino,White,Male,25-34,73.189,Loan originated
1,945000.0,30%-<36%,1175000.0,323.0,1,Not Hispanic or Latino,Asian,Female,35-44,80.0,Loan originated
1,785000.0,43,835000.0,206.0,1,Not Hispanic or Latino,2 or more minority races,Male,25-34,95.0,Loan originated
1,575000.0,42,725000.0,137.0,1,Not Hispanic or Latino,Asian,Male,25-34,80.0,Loan originated
1,1035000.0,30%-<36%,1285000.0,391.0,1,Not Hispanic or Latino,Asian,Male,35-44,79.989,Loan originated
1,245000.0,44,545000.0,112.0,1,Not Hispanic or Latino,White,Female,35-44,45.37,Application denied
1,945000.0,49,1265000.0,196.0,1,Not Hispanic or Latino,Asian,Male,35-44,75.0,Loan originated
1,455000.0,43,575000.0,115.0,1,Not Hispanic or Latino,White,Female,35-44,78.609,Loan originated
1,975000.0,39,1225000.0,230.0,1,Not Hispanic or Latino,Asian,Male,35-44,80.0,Loan originated
1,315000.0,49,415000.0,106.0,1,Not Hispanic or Latino,White,Female,55-64,75.598,Loan originated
1,355000.0,49,435000.0,99.0,1,Not Hispanic or Latino,Asian,Male,25-34,80.0,Loan originated
1,215000.0,43,215000.0,63.0,1,Hispanic or Latino,Black or African American,Male,25-34,97.0,Loan originated
1,995000.0,30%-<36%,1175000.0,293.0,1,Not Hispanic or Latino,Asian,Male,35-44,85.0,Loan originated
1,995000.0,49,1425000.0,339.0,1,Not Hispanic or Latino,White,Female,55-64,70.0,Loan originated
1,195000.0,44,665000.0,144.0,1,Not Hispanic or Latino,White,Male,55-64,30.0,Loan originated
1,845000.0,20%-<30%,1055000.0,290.0,1,Not Hispanic or Latino,White,Male,35-44,80.0,Loan originated
1,375000.0,41,465000.0,108.0,1,Not Hispanic or Latino,Black or African American,Female,35-44,100.0,Loan originated
1,615000.0,45,765000.0,154.0,1,Not Hispanic or Latino,Asian,Male,35-44,80.0,Loan originated
1,305000.0,30%-<36%,475000.0,113.0,1,Not Hispanic or Latino,White,Male,25-34,63.83,Loan originated
1,225000.0,42,235000.0,71.0,1,Hispanic or Latino,White,Female,45-54,97.0,Loan originated
1,605000.0,46,635000.0,150.0,1,Not Hispanic or Latino,Asian,Male,35-44,95.0,Loan originated
1,425000.0,30%-<36%,525000.0,129.0,1,Not Hispanic or Latino,Asian,Male,25-34,80.0,Loan originated
1,635000.0,44,705000.0,187.0,1,Not Hispanic or Latino,Asian,Female,35-44,90.0,Loan originated
1,575000.0,47,605000.0,140.0,1,Not Hispanic or Latino,Asian,Male,35-44,95.0,Loan originated
1,215000.0,42,265000.0,73.0,1,Not Hispanic or Latino,White,Female,35-44,80.0,Loan originated
1,285000.0,20%-<30%,375000.0,146.0,1,Not Hispanic or Latino,Asian,Male,35-44,76.0,Loan originated
1,365000.0,30%-<36%,455000.0,128.0,1,Not Hispanic or Latino,Asian,Female,25-34,80.0,Loan originated
1,765000.0,46,815000.0,327.0,1,Hispanic or Latino,White,Male,25-34,94.055,Loan originated
1,235000.0,43,485000.0,62.0,1,Hispanic or Latino,White,Female,55-64,48.454,Loan originated
1,535000.0,44,595000.0,135.0,1,Hispanic or Latino,White,Male,45-54,90.0,Loan originated
1,445000.0,37,555000.0,113.0,1,Not Hispanic or Latino,White,Male,25-34,80.0,Loan originated
1,385000.0,38,605000.0,177.0,1,Not Hispanic or Latino,White,Female,55-64,65.0,Loan originated
1,935000.0,30%-<36%,1105000.0,300.0,1,Not Hispanic or Latino,White,Male,35-44,85.0,Application denied
1,315000.0,36,385000.0,140.0,1,Not Hispanic or Latino,White,Male,45-54,80.0,Loan originated
1,355000.0,20%-<30%,1455000.0,177.0,1,Not Hispanic or Latino,White,Female,45-54,24.138,Loan originated
1,545000.0,46,605000.0,107.0,1,Hispanic or Latino,White,Male,35-44,90.0,Loan originated
1,915000.0,48,965000.0,117.0,1,Hispanic or Latino,White,Male,35-44,95.0,Loan originated
1,605000.0,20%-<30%,635000.0,230.0,1,Not Hispanic or Latino,Asian,Male,25-34,95.0,Loan originated
1,405000.0,42,575000.0,101.0,1,Hispanic or Latino,White,Male,45-54,70.0,Loan originated
1,395000.0,48,495000.0,93.0,1,Not Hispanic or Latino,Asian,Male,25-34,80.0,Loan originated
1,1025000.0,44,1635000.0,225.0,1,Not Hispanic or Latino,Asian,Female,35-44,62.691,Loan originated
1,155000.0,48,455000.0,126.0,1,Not Hispanic or Latino,White,Male,55-64,33.0,Loan originated
1,605000.0,48,645000.0,132.0,1,Not Hispanic or Latino,White,Male,35-44,95.0,Loan originated
1,645000.0,20%-<30%,805000.0,283.0,1,Not Hispanic or Latino,Native Hawaiian or Other Pacific Islander,Male,35-44,80.0,Application denied
1,495000.0,30%-<36%,1375000.0,216.0,1,Hispanic or Latino,White,Female,65-74,36.13,Loan originated
1,235000.0,37,265000.0,63.0,1,Hispanic or Latino,White,Female,35-44,90.0,Loan originated
1,1145000.0,49,1445000.0,291.0,1,Hispanic or Latino,American Indian or Alaska Native,Female,45-54,79.167,Loan originated
1,735000.0,42,975000.0,212.0,1,Not Hispanic or Latino,Asian,Female,45-54,75.0,Loan originated
1,335000.0,42,485000.0,89.0,1,Hispanic or Latino,White,Male,35-44,69.072,Loan originated
1,375000.0,41,425000.0,268.0,1,Hispanic or Latino,White,Male,65-74,89.99,Loan originated
1,465000.0,44,555000.0,98.0,1,Hispanic or Latino,White,Female,25-34,84.545,Loan originated
1,255000.0,46,275000.0,57.0,1,Hispanic or Latino,White,Male,<25,95.0,Loan originated
1,445000.0,30%-<36%,465000.0,191.0,1,Not Hispanic or Latino,White,Female,35-44,98.94,Loan originated
1,705000.0,47,1005000.0,189.0,1,Not Hispanic or Latino,Asian,Female,25-34,70.0,Loan originated
1,305000.0,41,435000.0,196.0,1,Not Hispanic or Latino,White,Female,25-34,70.0,Loan originated
1,765000.0,45,975000.0,210.0,1,Not Hispanic or Latino,Asian,Male,25-34,80.0,Loan originated
1,135000.0,46,335000.0,44.0,1,Hispanic or Latino,White,Female,25-34,40.0,Loan originated
1,105000.0,49,465000.0,40.0,1,Not Hispanic or Latino,White,Male,65-74,22.814,Loan originated
1,275000.0,48,305000.0,99.0,1,Not Hispanic or Latino,White,Female,45-54,90.0,Loan originated
1,615000.0,49,655000.0,168.0,1,Not Hispanic or Latino,White,Male,45-54,95.0,Loan originated
1,1025000.0,30%-<36%,1275000.0,372.0,1,Not Hispanic or Latino,Asian,Female,35-44,80.0,Loan originated
1,465000.0,49,495000.0,105.0,1,Hispanic or Latino,Asian,Male,35-44,95.0,Loan originated
1,1145000.0,49,1465000.0,317.0,1,Not Hispanic or Latino,White,Male,45-54,69.5,Application denied
1,205000.0,47,545000.0,51.0,1,Hispanic or Latino,White,Female,55-64,37.037,Loan originated
1,1005000.0,30%-<36%,1265000.0,480.0,1,Not Hispanic or Latino,Asian,Male,25-34,80.0,Loan originated
1,335000.0,39,345000.0,163.0,1,Not Hispanic or Latino,White,Male,45-54,95.0,Loan originated
1,595000.0,42,745000.0,224.0,1,Not Hispanic or Latino,White,Male,35-44,80.0,Loan originated
1,275000.0,30%-<36%,285000.0,115.0,1,Not Hispanic or Latino,White,Male,<25,97.0,Loan originated
1,195000.0,48,265000.0,42.0,1,Hispanic or Latino,White,Male,45-54,75.0,Loan originated
1,655000.0,37,725000.0,218.0,1,Hispanic or Latino,White,Male,<25,90.0,Loan originated
1,515000.0,43,545000.0,132.0,1,Not Hispanic or Latino,White,Male,25-34,95.0,Loan originated
1,565000.0,42,595000.0,152.0,1,Hispanic or Latino,White,Male,35-44,95.0,Loan originated
1,135000.0,<20%,1685000.0,250.0,1,Not Hispanic or Latino,White,Male,65-74,7.715,Loan originated
1,535000.0,39,595000.0,140.0,1,Not Hispanic or Latino,White,Female,45-54,89.99,Loan originated
1,225000.0,38,275000.0,157.0,1,Not Hispanic or Latino,White,Female,35-44,80.0,Loan originated
1,675000.0,45,715000.0,173.0,1,Not Hispanic or Latino,Black or African American,Male,35-44,95.0,Loan originated
1,655000.0,20%-<30%,875000.0,320.0,1,Hispanic or Latino,White,Female,55-64,75.0,Loan originated
1,485000.0,47,985000.0,150.0,1,Not Hispanic or Latino,White,Female,65-74,48.97,Loan originated
1,235000.0,49,335000.0,52.0,1,Not Hispanic or Latino,White,Male,25-34,69.0,Loan originated
1,355000.0,30%-<36%,445000.0,109.0,1,Not Hispanic or Latino,White,Male,35-44,80.0,Loan originated
1,945000.0,38,1185000.0,453.0,1,Not Hispanic or Latino,White,Female,35-44,80.0,Loan originated
1,85000.0,50%-60%,465000.0,38.0,1,Not Hispanic or Latino,Asian,Female,65-74,17.204,Loan originated
1,605000.0,<20%,1005000.0,13562.0,1,Not Hispanic or Latino,Asian,Male,25-34,60.0,Loan originated
1,95000.0,20%-<30%,265000.0,63.0,1,Not Hispanic or Latino,White,Female,65-74,34.615,Loan originated
1,895000.0,30%-<36%,1055000.0,293.0,1,Not Hispanic or Latino,Asian,Female,25-34,85.0,Loan originated
1,655000.0,37,695000.0,272.0,1,Not Hispanic or Latino,Asian,Female,25-34,95.0,Loan originated
1,485000.0,46,575000.0,105.0,1,Hispanic or Latino,White,Female,45-54,85.0,Loan originated
1,785000.0,47,925000.0,183.0,1,Hispanic or Latino,White,Male,35-44,86.005,Loan originated
1,1125000.0,30%-<36%,1185000.0,386.0,1,Not Hispanic or Latino,Black or African American,Male,25-34,95.0,Loan originated
1,605000.0,30%-<36%,1555000.0,196.0,1,Not Hispanic or Latino,Asian,Male,35-44,39.58,Loan originated
1,855000.0,48,1755000.0,377.0,1,Not Hispanic or Latino,Asian,Female,35-44,48.57,Loan originated
1,425000.0,44,615000.0,105.0,1,Not Hispanic or Latino,White,Female,35-44,70.0,Loan originated
1,535000.0,47,565000.0,138.0,1,Hispanic or Latino,White,Male,25-34,95.0,Loan originated
1,275000.0,39,445000.0,90.0,1,Not Hispanic or Latino,White,Female,45-54,61.582,Loan originated
1,295000.0,49,315000.0,61.0,1,Hispanic or Latino,White,Male,25-34,95.0,Loan originated
1,545000.0,30%-<36%,575000.0,205.0,1,Not Hispanic or Latino,White,Female,45-54,95.0,Loan originated
1,535000.0,20%-<30%,765000.0,233.0,1,Not Hispanic or Latino,Asian,Female,35-44,70.0,Loan originated
1,705000.0,<20%,1205000.0,906.0,1,Not Hispanic or Latino,White,Male,25-34,58.333,Loan originated
1,535000.0,40,715000.0,215.0,1,Hispanic or Latino,White,Male,55-64,75.0,Loan originated
1,525000.0,47,655000.0,107.0,1,Not Hispanic or Latino,White,Female,35-44,80.0,Loan originated
1,195000.0,45,205000.0,49.0,1,Not Hispanic or Latino,White,Male,55-64,97.0,Loan originated
1,365000.0,48,385000.0,74.0,1,Not Hispanic or Latino,White,Female,25-34,95.0,Application denied
1,605000.0,45,1495000.0,293.0,1,Not Hispanic or Latino,Asian,Male,25-34,40.053,Loan originated
1,455000.0,46,775000.0,105.0,1,Hispanic or Latino,White,Male,25-34,58.29,Loan originated
1,425000.0,49,445000.0,92.0,1,Not Hispanic or Latino,White,Female,45-54,95.0,Application denied
1,285000.0,30%-<36%,955000.0,107.0,1,Hispanic or Latino,Asian,Female,35-44,29.906,Loan originated
1,455000.0,20%-<30%,955000.0,204.0,1,Not Hispanic or Latino,White,Female,35-44,47.368,Loan originated
1,185000.0,30%-<36%,275000.0,72.0,1,Not Hispanic or Latino,White,Male,25-34,69.0,Loan originated
1,405000.0,42,425000.0,128.0,1,Not Hispanic or Latino,White,Female,35-44,95.0,Loan originated
1,835000.0,40,925000.0,285.0,1,Not Hispanic or Latino,Asian,Female,25-34,90.0,Application denied
1,445000.0,48,495000.0,85.0,1,Not Hispanic or Latino,Asian,Female,35-44,90.0,Loan originated
1,765000.0,41,935000.0,181.0,1,Not Hispanic or Latino,White,Male,25-34,81.984,Loan originated
1,895000.0,45,1195000.0,216.0,1,Not Hispanic or Latino,White,Male,35-44,75.0,Loan originated
1,525000.0,47,545000.0,128.0,1,Not Hispanic or Latino,White,Female,25-34,95.0,Loan originated
1,145000.0,41,185000.0,74.0,1,Not Hispanic or Latino,White,Male,>74,75.86,Loan originated
1,575000.0,44,605000.0,122.0,1,Not Hispanic or Latino,White,Female,65-74,95.0,Loan originated
1,315000.0,42,345000.0,75.0,1,Not Hispanic or Latino,White,Female,<25,90.0,Loan originated
1,635000.0,37,705000.0,199.0,1,Hispanic or Latino,White,Female,35-44,90.0,Application denied
1,785000.0,41,865000.0,290.0,1,Not Hispanic or Latino,White,Male,45-54,90.0,Loan originated
1,345000.0,44,405000.0,76.0,1,Hispanic or Latino,White,Male,55-64,85.0,Loan originated
1,505000.0,40,585000.0,119.0,1,Not Hispanic or Latino,White,Female,25-34,85.47,Loan originated
1,235000.0,49,255000.0,98.0,1,Not Hispanic or Latino,White,Male,25-34,95.0,Loan originated
1,615000.0,47,685000.0,131.0,1,Not Hispanic or Latino,Black or African American,Female,25-34,89.99,Loan originated
1,345000.0,30%-<36%,565000.0,117.0,1,Not Hispanic or Latino,Asian,Male,35-44,70.0,Loan originated
1,275000.0,50%-60%,535000.0,60.0,1,Not Hispanic or Latino,Black or African American,Male,65-74,100.0,Application denied
1,755000.0,<20%,855000.0,478.0,1,Not Hispanic or Latino,Asian,Male,45-54,95.0,Loan originated
1,685000.0,44,755000.0,173.0,1,Not Hispanic or Latino,White,Male,45-54,90.0,Loan originated
1,705000.0,<20%,875000.0,533.0,1,Not Hispanic or Latino,White,Female,45-54,80.0,Loan originated
1,505000.0,41,535000.0,121.0,1,Hispanic or Latino,Asian,Male,25-34,95.0,Loan originated
1,435000.0,45,545000.0,96.0,1,Not Hispanic or Latino,White,Male,35-44,80.0,Loan originated
1,525000.0,<20%,655000.0,706.0,1,Not Hispanic or Latino,Asian,Male,55-64,80.0,Application denied
1,115000.0,41,805000.0,84.0,1,Not Hispanic or Latino,White,Female,65-74,14.375,Loan originated
1,565000.0,46,585000.0,150.0,1,Not Hispanic or Latino,White,Male,35-44,95.0,Loan originated
1,535000.0,47,715000.0,144.0,1,Not Hispanic or Latino,Asian,Female,35-44,75.0,Loan originated
1,505000.0,46,675000.0,129.0,1,Not Hispanic or Latino,White,Female,25-34,75.0,Loan originated
1,775000.0,50%-60%,805000.0,189.0,1,Hispanic or Latino,White,Female,35-44,90.0,Application denied
1,395000.0,36,495000.0,146.0,1,Hispanic or Latino,American Indian or Alaska Native,Male,35-44,80.0,Loan originated
1,205000.0,50%-60%,285000.0,39.0,1,Not Hispanic or Latino,White,Male,45-54,70.0,Application denied
1,565000.0,30%-<36%,705000.0,179.0,1,Not Hispanic or Latino,White,Male,25-34,80.0,Loan originated
1,375000.0,50%-60%,525000.0,88.0,1,Not Hispanic or Latino,White,Female,55-64,72.0,Application denied
1,335000.0,42,355000.0,79.0,1,Not Hispanic or Latino,White,Male,25-34,95.0,Loan originated
1,405000.0,43,575000.0,139.0,1,Hispanic or Latino,White,Male,35-44,70.0,Loan originated
1,485000.0,45,725000.0,104.0,1,Not Hispanic or Latino,Asian,Male,25-34,66.67,Application denied
1,285000.0,49,335000.0,63.0,1,Hispanic or Latino,White,Female,45-54,86.37,Loan originated
1,675000.0,49,715000.0,167.0,1,Not Hispanic or Latino,Asian,Male,35-44,95.0,Loan originated
1,695000.0,40,1165000.0,200.0,1,Not Hispanic or Latino,Asian,Male,35-44,60.0,Loan originated
1,445000.0,47,465000.0,103.0,1,Not Hispanic or Latino,White,Male,45-54,95.0,Loan originated
1,155000.0,37,265000.0,258.0,1,Not Hispanic or Latino,White,Male,35-44,60.0,Loan originated
1,305000.0,50%-60%,345000.0,76.0,1,Not Hispanic or Latino,White,Male,35-44,90.0,Application denied
1,685000.0,48,725000.0,135.0,1,Hispanic or Latino,White,Male,25-34,94.31,Loan originated
1,765000.0,<20%,855000.0,699.0,1,Not Hispanic or Latino,Asian,Male,45-54,90.118,Application denied
1,605000.0,45,635000.0,137.0,1,Hispanic or Latino,White,Male,35-44,96.616,Loan originated
1,555000.0,20%-<30%,695000.0,220.0,1,Not Hispanic or Latino,White,Male,35-44,80.0,Loan originated
1,425000.0,37,475000.0,171.0,1,Hispanic or Latino,White,Female,55-64,90.0,Loan originated
1,715000.0,49,805000.0,147.0,1,Not Hispanic or Latino,Asian,Male,25-34,89.0,Loan originated
1,515000.0,<20%,655000.0,271.0,1,Not Hispanic or Latino,White,Male,25-34,78.57,Loan originated
1,765000.0,37,965000.0,347.0,1,Not Hispanic or Latino,White,Male,45-54,79.102,Loan originated
1,665000.0,<20%,885000.0,668.0,1,Not Hispanic or Latino,White,Male,25-34,75.0,Loan originated
1,385000.0,30%-<36%,705000.0,183.0,1,Not Hispanic or Latino,Asian,Male,55-64,54.132,Loan originated
1,875000.0,49,925000.0,190.0,1,Hispanic or Latino,White,Male,35-44,95.0,Loan originated
1,505000.0,37,625000.0,205.0,1,Not Hispanic or Latino,White,Female,25-34,80.0,Loan originated
1,245000.0,43,255000.0,121.0,1,Hispanic or Latino,White,Male,45-54,95.0,Loan originated
1,865000.0,42,1605000.0,200.0,1,Not Hispanic or Latino,White,Male,55-64,54.063,Loan originated
1,595000.0,30%-<36%,665000.0,158.0,1,Not Hispanic or Latino,Black or African American,Male,45-54,90.0,Loan originated
1,255000.0,49,465000.0,55.0,1,Hispanic or Latino,White,Female,35-44,54.348,Loan originated
1,455000.0,30%-<36%,605000.0,134.0,1,Not Hispanic or Latino,White,Female,55-64,75.0,Loan originated
1,315000.0,49,325000.0,53.0,1,Hispanic or Latino,White,Male,25-34,98.0,Loan originated
1,515000.0,49,575000.0,99.0,1,Not Hispanic or Latino,Black or African American,Male,45-54,90.0,Loan originated
1,455000.0,30%-<36%,1005000.0,140.0,1,Not Hispanic or Latino,White,Male,35-44,44.91,Loan originated
1,275000.0,20%-<30%,535000.0,116.0,1,Not Hispanic or Latino,White,Male,35-44,51.887,Loan originated
1,665000.0,46,835000.0,198.0,1,Hispanic or Latino,Black or African American,Female,35-44,80.0,Loan originated
1,675000.0,41,715000.0,182.0,1,Hispanic or Latino,White,Female,25-34,95.0,Loan originated
1,515000.0,40,795000.0,176.0,1,Not Hispanic or Latino,Asian,Male,35-44,64.602,Loan originated
1,775000.0,47,915000.0,276.0,1,Hispanic or Latino,White,Female,55-64,85.0,Loan originated
1,735000.0,45,825000.0,215.0,1,Not Hispanic or Latino,Asian,Female,55-64,89.988,Loan originated
1,225000.0,48,235000.0,65.0,1,Not Hispanic or Latino,Asian,Female,35-44,95.0,Loan originated
1,895000.0,49,1285000.0,358.0,1,Not Hispanic or Latino,Asian,Female,45-54,70.0,Loan originated
1,365000.0,20%-<30%,865000.0,197.0,1,Not Hispanic or Latino,White,Female,25-34,41.86,Loan originated
1,205000.0,47,255000.0,55.0,1,Not Hispanic or Latino,White,Male,35-44,80.0,Application denied
1,1005000.0,48,1325000.0,214.0,1,Not Hispanic or Latino,Asian,Female,35-44,75.47,Loan originated
1,1005000.0,42,1455000.0,285.0,1,Not Hispanic or Latino,Asian,Female,35-44,69.0,Loan originated
1,125000.0,37,385000.0,59.0,1,Not Hispanic or Latino,White,Female,65-74,32.25,Loan originated
1,215000.0,50%-60%,235000.0,80.0,1,Hispanic or Latino,White,Female,35-44,95.0,Application denied
1,475000.0,49,815000.0,88.0,1,Not Hispanic or Latino,Asian,Male,35-44,58.037,Loan originated
1,445000.0,49,475000.0,88.0,1,Hispanic or Latino,White,Male,25-34,98.0,Loan originated
1,925000.0,30%-<36%,1035000.0,264.0,1,Not Hispanic or Latino,White,Female,35-44,90.0,Loan originated
1,285000.0,49,295000.0,56.0,1,Hispanic or Latino,American Indian or Alaska Native,Male,25-34,95.0,Loan originated
1,605000.0,45,935000.0,231.0,1,Hispanic or Latino,White,Female,55-64,65.0,Loan originated
1,685000.0,42,725000.0,161.0,1,Not Hispanic or Latino,White,Female,25-34,95.0,Loan originated
1,685000.0,<20%,775000.0,706.0,1,Not Hispanic or Latino,White,Male,45-54,89.0,Loan originated
1,295000.0,20%-<30%,375000.0,134.0,1,Not Hispanic or Latino,White,Male,25-34,80.0,Loan originated
1,595000.0,40,795000.0,136.0,1,Not Hispanic or Latino,Asian,Female,25-34,75.0,Loan originated
1,575000.0,43,725000.0,136.0,1,Not Hispanic or Latino,Asian,Male,25-34,80.0,Loan originated
1,615000.0,47,815000.0,125.0,1,Not Hispanic or Latino,White,Male,35-44,75.0,Loan originated
1,605000.0,44,675000.0,125.0,1,Not Hispanic or Latino,Asian,Male,25-34,90.0,Loan originated
1,545000.0,30%-<36%,565000.0,162.0,1,Not Hispanic or Latino,White,Male,25-34,97.0,Loan originated
1,455000.0,46,575000.0,122.0,1,Hispanic or Latino,White,Male,45-54,79.993,Loan originated
1,635000.0,30%-<36%,795000.0,200.0,1,Not Hispanic or Latino,Black or African American,Female,45-54,80.0,Loan originated
1,185000.0,41,655000.0,100.0,1,Not Hispanic or Latino,White,Female,45-54,28.244,Loan originated
1,645000.0,40,805000.0,189.0,1,Not Hispanic or Latino,Asian,Female,35-44,80.0,Loan originated
1,575000.0,49,945000.0,140.0,1,Not Hispanic or Latino,Asian,Male,25-34,61.35,Loan originated
1,535000.0,20%-<30%,715000.0,207.0,1,Not Hispanic or Latino,Asian,Female,35-44,75.0,Loan originated
1,375000.0,47,885000.0,98.0,1,Not Hispanic or Latino,White,Male,65-74,41.911,Loan originated
1,575000.0,38,715000.0,130.0,1,Not Hispanic or Latino,White,Male,25-34,69.999,Application denied
1,685000.0,20%-<30%,865000.0,406.0,1,Not Hispanic or Latino,White,Male,35-44,80.0,Loan originated
1,175000.0,30%-<36%,275000.0,77.0,1,Not Hispanic or Latino,White,Female,55-64,63.504,Loan originated
1,315000.0,20%-<30%,835000.0,132.0,1,Not Hispanic or Latino,White,Female,45-54,38.0,Loan originated
1,575000.0,30%-<36%,765000.0,189.0,1,Not Hispanic or Latino,Asian,Female,45-54,75.0,Loan originated
1,315000.0,48,325000.0,83.0,1,Not Hispanic or Latino,Asian,Male,<25,97.0,Loan originated
1,885000.0,20%-<30%,1105000.0,436.0,1,Not Hispanic or Latino,White,Male,25-34,80.0,Loan originated
1,255000.0,44,255000.0,60.0,1,Not Hispanic or Latino,White,Female,25-34,97.0,Loan originated
1,325000.0,44,475000.0,73.0,1,Hispanic or Latino,White,Female,<25,102.85,Loan originated
1,565000.0,49,705000.0,117.0,1,Hispanic or Latino,White,Male,35-44,79.99,Loan originated
1,655000.0,45,765000.0,135.0,1,Not Hispanic or Latino,Asian,Male,25-34,85.0,Loan originated
1,715000.0,45,795000.0,197.0,1,Not Hispanic or Latino,White,Male,35-44,90.0,Loan originated
1,275000.0,48,295000.0,75.0,1,Hispanic or Latino,White,Male,25-34,95.0,Loan originated
1,515000.0,49,905000.0,121.0,1,Not Hispanic or Latino,White,Male,25-34,57.103,Loan originated
1,195000.0,45,245000.0,58.0,1,Not Hispanic or Latino,White,Female,65-74,80.0,Loan originated
1,945000.0,49,1635000.0,195.0,1,Not Hispanic or Latino,White,Female,55-64,57.67,Loan originated
1,715000.0,30%-<36%,895000.0,195.0,1,Not Hispanic or Latino,Asian,Male,35-44,80.0,Loan originated
1,325000.0,45,775000.0,183.0,1,Not Hispanic or Latino,Asian,Female,25-34,41.98,Loan originated
1,445000.0,48,475000.0,133.0,1,Hispanic or Latino,White,Female,25-34,95.0,Loan originated
1,805000.0,39,1605000.0,206.0,1,Not Hispanic or Latino,Asian,Male,25-34,50.0,Loan originated
1,765000.0,<20%,1025000.0,640.0,1,Not Hispanic or Latino,Asian,Male,45-54,75.0,Loan originated
1,405000.0,47,895000.0,113.0,1,Not Hispanic or Latino,White,Female,>74,45.0,Loan originated
1,805000.0,39,3505000.0,272.0,1,Not Hispanic or Latino,Asian,Female,25-34,22.857,Loan originated
1,665000.0,37,785000.0,163.0,1,Hispanic or Latino,White,Female,35-44,84.615,Loan originated
1,355000.0,49,415000.0,81.0,1,Hispanic or Latino,White,Male,25-34,85.0,Loan originated
1,625000.0,42,785000.0,154.0,1,Not Hispanic or Latino,White,Male,25-34,80.0,Loan originated
1,305000.0,48,705000.0,81.0,1,Hispanic or Latino,White,Male,55-64,42.86,Loan originated
1,925000.0,45,1155000.0,16.0,1,Not Hispanic or Latino,Asian,Male,25-34,80.0,Loan originated
1,405000.0,45,505000.0,107.0,1,Not Hispanic or Latino,White,Female,55-64,80.0,Loan originated
1,265000.0,46,285000.0,88.0,1,Hispanic or Latino,White,Female,35-44,95.0,Loan originated
1,355000.0,41,365000.0,85.0,1,Not Hispanic or Latino,White,Female,45-54,97.0,Loan originated
1,575000.0,44,825000.0,155.0,1,Not Hispanic or Latino,White,Male,35-44,70.0,Loan originated
1,855000.0,49,905000.0,241.0,1,Not Hispanic or Latino,White,Female,35-44,95.0,Loan originated
1,825000.0,38,1105000.0,233.0,1,Not Hispanic or Latino,White,Male,55-64,75.0,Loan originated
1,805000.0,50%-60%,1475000.0,172.0,1,Not Hispanic or Latino,White,Male,55-64,54.23,Application denied
1,555000.0,38,2555000.0,28.0,1,Not Hispanic or Latino,Asian,Female,55-64,21.57,Loan originated
1,325000.0,46,755000.0,91.0,1,Not Hispanic or Latino,White,Male,45-54,42.396,Loan originated
1,575000.0,20%-<30%,645000.0,633.0,1,Hispanic or Latino,White,Male,25-34,90.0,Loan originated
1,505000.0,44,625000.0,109.0,1,Hispanic or Latino,White,Female,25-34,80.0,Loan originated
1,855000.0,41,2055000.0,244.0,1,Not Hispanic or Latino,Asian,Male,25-34,41.363,Loan originated
1,605000.0,44,675000.0,140.0,1,Not Hispanic or Latino,Asian,Female,25-34,90.0,Loan originated
1,545000.0,49,575000.0,175.0,1,Not Hispanic or Latino,White,Male,>74,95.0,Loan originated
1,405000.0,45,455000.0,106.0,1,Hispanic or Latino,White,Female,25-34,90.0,Loan originated
1,495000.0,48,615000.0,126.0,1,Not Hispanic or Latino,White,Male,65-74,80.0,Loan originated
1,525000.0,50%-60%,665000.0,129.0,1,Not Hispanic or Latino,Asian,Female,35-44,99.4,Application denied
1,75000.0,42,125000.0,42.0,1,Not Hispanic or Latino,Asian,Female,65-74,61.9,Loan originated
1,675000.0,49,835000.0,142.0,1,Hispanic or Latino,Asian,Male,25-34,80.0,Loan originated
1,415000.0,46,595000.0,98.0,1,Not Hispanic or Latino,White,Female,25-34,69.49,Loan originated
1,385000.0,<20%,635000.0,221.0,1,Not Hispanic or Latino,White,Male,55-64,60.784,Loan originated
1,655000.0,49,735000.0,150.0,1,Hispanic or Latino,White,Female,25-34,90.0,Loan originated
1,565000.0,30%-<36%,705000.0,204.0,1,Not Hispanic or Latino,Asian,Male,45-54,79.99,Loan originated
1,385000.0,48,405000.0,97.0,1,Not Hispanic or Latino,White,Male,35-44,95.0,Loan originated
1,65000.0,41,115000.0,46.0,1,Not Hispanic or Latino,White,Male,65-74,55.56,Loan originated
1,715000.0,44,805000.0,206.0,1,Not Hispanic or Latino,Asian,Male,25-34,89.9,Loan originated
1,715000.0,46,965000.0,160.0,1,Not Hispanic or Latino,Asian,Male,25-34,75.0,Loan originated
1,425000.0,40,525000.0,127.0,1,Not Hispanic or Latino,White,Female,>74,80.0,Loan originated
1,435000.0,42,475000.0,102.0,1,Hispanic or Latino,White,Female,55-64,93.0,Loan originated
1,465000.0,44,495000.0,130.0,1,Hispanic or Latino,Asian,Male,35-44,95.0,Loan originated
1,655000.0,43,875000.0,175.0,1,Not Hispanic or Latino,Asian,Male,45-54,75.0,Loan originated
1,365000.0,49,455000.0,81.0,1,Hispanic or Latino,White,Female,25-34,80.0,Loan originated
1,345000.0,49,455000.0,68.0,1,Hispanic or Latino,White,Male,35-44,76.22,Loan originated
1,725000.0,43,905000.0,145.0,1,Not Hispanic or Latino,White,Male,35-44,80.0,Application denied
1,655000.0,39,905000.0,195.0,1,Not Hispanic or Latino,Asian,Male,45-54,72.349,Loan originated
1,215000.0,47,385000.0,55.0,1,Hispanic or Latino,White,Female,35-44,55.541,Application denied
1,485000.0,49,575000.0,96.0,1,Hispanic or Latino,White,Male,25-34,84.25,Loan originated
1,285000.0,48,565000.0,66.0,1,Not Hispanic or Latino,White,Female,45-54,49.646,Loan originated
1,755000.0,43,795000.0,267.0,1,Hispanic or Latino,White,Female,25-34,95.0,Loan originated
1,605000.0,>60%,705000.0,0.0,1,Not Hispanic or Latino,Asian,Female,25-34,86.0,Application denied
1,1005000.0,50%-60%,2105000.0,152.0,1,Not Hispanic or Latino,White,Female,65-74,47.619,Loan originated
1,615000.0,47,725000.0,141.0,1,Hispanic or Latino,White,Male,55-64,85.0,Loan originated
1,325000.0,48,365000.0,80.0,1,Hispanic or Latino,White,Female,25-34,93.0,Loan originated
1,335000.0,41,425000.0,85.0,1,Not Hispanic or Latino,White,Male,35-44,80.0,Loan originated
1,585000.0,20%-<30%,665000.0,346.0,1,Not Hispanic or Latino,White,Male,55-64,88.636,Loan originated
1,665000.0,49,705000.0,157.0,1,Not Hispanic or Latino,Asian,Male,25-34,95.0,Loan originated
1,345000.0,43,365000.0,75.0,1,Hispanic or Latino,White,Male,45-54,100.0,Loan originated
1,735000.0,<20%,1055000.0,1595.0,1,Not Hispanic or Latino,White,Male,35-44,70.0,Loan originated
1,385000.0,44,405000.0,173.0,1,Not Hispanic or Latino,White,Male,35-44,95.0,Loan originated
1,485000.0,30%-<36%,575000.0,157.0,1,Not Hispanic or Latino,White,Male,45-54,85.0,Loan originated
1,655000.0,49,775000.0,181.0,1,Not Hispanic or Latino,White,Female,45-54,85.0,Loan originated
1,425000.0,36,435000.0,155.0,1,Hispanic or Latino,White,Male,25-34,97.0,Loan originated
1,465000.0,42,585000.0,160.0,1,Not Hispanic or Latino,White,Male,55-64,80.0,Loan originated
1,605000.0,30%-<36%,775000.0,18.0,1,Not Hispanic or Latino,Asian,Female,35-44,80.0,Loan originated
1,235000.0,30%-<36%,425000.0,93.0,1,Not Hispanic or Latino,White,Female,45-54,55.29,Loan originated
1,335000.0,41,345000.0,124.0,1,Not Hispanic or Latino,White,Male,35-44,97.0,Loan originated
1,675000.0,37,905000.0,174.0,1,Not Hispanic or Latino,White,Female,25-34,75.0,Loan originated
1,365000.0,>60%,455000.0,0.0,1,Not Hispanic or Latino,White,Male,55-64,80.0,Application denied
1,455000.0,49,605000.0,111.0,1,Hispanic or Latino,White,Male,35-44,75.0,Application denied
1,195000.0,36,695000.0,99.0,1,Hispanic or Latino,Asian,Male,45-54,28.551,Loan originated
1,445000.0,>60%,465000.0,92.0,1,Hispanic or Latino,White,Male,45-54,99.72,Application denied
1,375000.0,37,505000.0,145.0,1,Not Hispanic or Latino,Asian,Female,25-34,75.0,Loan originated
1,365000.0,42,455000.0,104.0,1,Not Hispanic or Latino,White,Male,25-34,80.0,Loan originated
1,205000.0,49,405000.0,53.0,1,Not Hispanic or Latino,Asian,Male,35-44,50.0,Loan originated
1,805000.0,46,1535000.0,180.0,1,Not Hispanic or Latino,Asian,Male,25-34,53.0,Loan originated
1,335000.0,46,585000.0,123.0,1,Not Hispanic or Latino,White,Male,35-44,57.265,Loan originated
1,575000.0,47,645000.0,363.0,1,Not Hispanic or Latino,White,Male,45-54,89.99,Loan originated
1,515000.0,>60%,745000.0,61.0,1,Not Hispanic or Latino,White,Male,35-44,70.0,Application denied
1,745000.0,48,1075000.0,243.0,1,Not Hispanic or Latino,White,Male,45-54,68.849,Loan originated
1,705000.0,30%-<36%,885000.0,312.0,1,Not Hispanic or Latino,White,Female,55-64,80.0,Loan originated
1,795000.0,44,1105000.0,180.0,1,Hispanic or Latino,White,Male,45-54,72.0,Loan originated
1,405000.0,44,1925000.0,125.0,1,Not Hispanic or Latino,White,Female,55-64,20.737,Loan originated
1,1025000.0,41,1275000.0,275.0,1,Not Hispanic or Latino,White,Male,25-34,80.0,Loan originated
1,455000.0,39,505000.0,112.0,1,Not Hispanic or Latino,White,Male,<25,90.0,Loan originated
1,215000.0,49,235000.0,73.0,1,Hispanic or Latino,White,Female,35-44,95.0,Loan originated
1,375000.0,40,615000.0,124.0,1,Not Hispanic or Latino,Asian,Male,45-54,60.0,Loan originated
1,715000.0,37,1025000.0,239.0,1,Not Hispanic or Latino,Asian,Female,45-54,70.0,Loan originated
1,655000.0,30%-<36%,1205000.0,184.0,1,Not Hispanic or Latino,White,Female,35-44,54.17,Loan originated
1,385000.0,49,405000.0,94.0,1,Not Hispanic or Latino,White,Male,35-44,95.0,Loan originated
1,205000.0,<20%,655000.0,600.0,1,Not Hispanic or Latino,Asian,Male,55-64,30.769,Application denied
1,185000.0,30%-<36%,215000.0,35.0,1,Hispanic or Latino,White,Female,<25,101.0,Loan originated
1,565000.0,>60%,625000.0,44.0,1,Not Hispanic or Latino,White,Male,65-74,90.0,Application denied
1,785000.0,50%-60%,925000.0,182.0,1,Not Hispanic or Latino,White,Male,35-44,85.0,Loan originated
1,925000.0,38,1225000.0,218.0,1,Not Hispanic or Latino,Asian,Male,35-44,75.59,Loan originated
1,905000.0,49,1195000.0,291.0,1,Not Hispanic or Latino,White,Female,45-54,75.63,Loan originated
1,725000.0,49,915000.0,141.0,1,Hispanic or Latino,White,Male,45-54,79.341,Loan originated
1,705000.0,38,885000.0,187.0,1,Not Hispanic or Latino,White,Male,35-44,80.0,Loan originated
1,505000.0,30%-<36%,635000.0,275.0,1,Not Hispanic or Latino,Asian,Female,35-44,80.0,Loan originated
1,645000.0,49,665000.0,143.0,1,Hispanic or Latino,White,Male,25-34,100.0,Loan originated
1,415000.0,42,1165000.0,118.0,1,Hispanic or Latino,Asian,Female,25-34,35.34,Loan originated
1,725000.0,49,765000.0,175.0,1,Hispanic or Latino,White,Male,35-44,95.0,Loan originated
1,175000.0,20%-<30%,675000.0,129.0,1,Not Hispanic or Latino,White,Male,35-44,25.926,Loan originated
1,905000.0,40,1125000.0,276.0,1,Not Hispanic or Latino,Asian,Male,35-44,80.0,Loan originated
1,305000.0,20%-<30%,375000.0,132.0,1,Not Hispanic or Latino,White,Female,65-74,80.0,Loan originated
1,685000.0,44,905000.0,172.0,1,Not Hispanic or Latino,White,Male,45-54,75.0,Loan originated
1,235000.0,49,1325000.0,80.0,1,Not Hispanic or Latino,Asian,Male,<25,17.358,Loan originated
1,355000.0,44,695000.0,92.0,1,Not Hispanic or Latino,Asian,Male,55-64,50.35971,Loan originated
1,655000.0,37,1355000.0,211.0,1,Not Hispanic or Latino,White,Female,55-64,48.15,Loan originated
1,205000.0,30%-<36%,585000.0,92.0,1,Not Hispanic or Latino,White,Female,45-54,34.188,Loan originated
1,345000.0,40,435000.0,106.0,1,Not Hispanic or Latino,White,Female,45-54,80.0,Loan originated
1,445000.0,45,685000.0,109.0,1,Not Hispanic or Latino,White,Female,45-54,65.0,Loan originated
1,275000.0,46,335000.0,72.0,1,Not Hispanic or Latino,White,Female,45-54,100.0,Loan originated
1,485000.0,<20%,655000.0,1445.0,1,Not Hispanic or Latino,White,Male,35-44,75.0,Loan originated
1,585000.0,37,725000.0,140.0,1,Not Hispanic or Latino,Asian,Male,35-44,80.0,Loan originated
1,505000.0,46,705000.0,128.0,1,Not Hispanic or Latino,White,Female,45-54,71.429,Loan originated
1,155000.0,20%-<30%,205000.0,66.0,1,Not Hispanic or Latino,White,Female,35-44,78.49,Loan originated
1,475000.0,48,505000.0,164.0,1,Not Hispanic or Latino,Asian,Female,35-44,95.0,Loan originated
1,655000.0,20%-<30%,825000.0,386.0,1,Hispanic or Latino,White,Male,<25,80.0,Loan originated
1,355000.0,40,445000.0,101.0,1,Not Hispanic or Latino,White,Male,35-44,80.0,Loan originated
1,375000.0,43,425000.0,90.0,1,Not Hispanic or Latino,Black or African American,Male,45-54,90.0,Loan originated
1,255000.0,39,315000.0,77.0,1,Hispanic or Latino,White,Female,25-34,80.0,Loan originated
1,95000.0,49,665000.0,37.0,1,Not Hispanic or Latino,Asian,Male,65-74,13.54,Loan originated
1,175000.0,44,355000.0,47.0,1,Hispanic or Latino,White,Male,35-44,47.887,Loan originated
1,635000.0,48,705000.0,148.0,1,Not Hispanic or Latino,Asian,Male,25-34,90.0,Loan originated
1,205000.0,20%-<30%,505000.0,190.0,1,Not Hispanic or Latino,White,Male,65-74,41.406,Loan originated
1,765000.0,38,1705000.0,260.0,1,Not Hispanic or Latino,Asian,Female,45-54,45.091,Loan originated
1,635000.0,49,785000.0,136.0,1,Hispanic or Latino,2 or more minority races,Female,25-34,80.0,Loan originated
1,235000.0,<20%,255000.0,172.0,1,Not Hispanic or Latino,White,Male,45-54,95.0,Loan originated
1,445000.0,44,465000.0,118.0,1,Hispanic or Latino,White,Male,25-34,100.0,Loan originated
1,425000.0,<20%,825000.0,827.0,1,Not Hispanic or Latino,Black or African American,Male,45-54,51.544,Loan originated
1,715000.0,48,775000.0,150.0,1,Not Hispanic or Latino,White,Male,35-44,91.871,Loan originated
1,635000.0,37,795000.0,160.0,1,Not Hispanic or Latino,White,Female,45-54,80.0,Loan originated
1,265000.0,20%-<30%,575000.0,144.0,1,Not Hispanic or Latino,White,Female,65-74,46.539,Loan originated
1,765000.0,38,905000.0,210.0,1,Not Hispanic or Latino,Asian,Male,55-64,85.0,Loan originated
1,435000.0,36,545000.0,144.0,1,Hispanic or Latino,White,Male,45-54,80.0,Loan originated
1,795000.0,30%-<36%,985000.0,235.0,1,Not Hispanic or Latino,Asian,Male,25-34,80.0,Loan originated
1,695000.0,49,865000.0,243.0,1,Not Hispanic or Latino,Asian,Male,25-34,80.0,Loan originated
1,345000.0,43,435000.0,91.0,1,Hispanic or Latino,White,Female,25-34,80.0,Loan originated
1,695000.0,<20%,1455000.0,470.0,1,Not Hispanic or Latino,White,Female,65-74,48.0,Loan originated
1,755000.0,42,1025000.0,199.0,1,Not Hispanic or Latino,White,Male,25-34,73.171,Loan originated
1,155000.0,47,755000.0,94.0,1,Not Hispanic or Latino,White,Female,55-64,20.0,Loan originated
1,625000.0,42,785000.0,227.0,1,Not Hispanic or Latino,White,Female,45-54,80.0,Loan originated
1,325000.0,49,635000.0,109.0,1,Not Hispanic or Latino,White,Male,65-74,51.555,Loan originated
1,735000.0,43,915000.0,161.0,1,Not Hispanic or Latino,Asian,Male,35-44,80.0,Loan originated
1,985000.0,20%-<30%,985000.0,463.0,1,Not Hispanic or Latino,White,Female,25-34,70.0,Loan originated
1,1005000.0,45,1825000.0,249.0,1,Not Hispanic or Latino,Asian,Male,25-34,54.795,Loan originated
1,605000.0,43,705000.0,230.0,1,Not Hispanic or Latino,Asian,Female,55-64,85.715,Loan originated
1,415000.0,48,445000.0,97.0,1,Hispanic or Latino,White,Female,35-44,95.0,Loan originated
1,805000.0,30%-<36%,1005000.0,318.0,1,Not Hispanic or Latino,White,Female,35-44,80.0,Loan originated
1,885000.0,45,1105000.0,216.0,1,Hispanic or Latino,White,Female,35-44,80.0,Application denied
1,405000.0,20%-<30%,505000.0,180.0,1,Not Hispanic or Latino,White,Female,25-34,79.208,Loan originated
1,475000.0,42,595000.0,145.0,1,Not Hispanic or Latino,White,Male,35-44,80.0,Application denied
1,765000.0,48,815000.0,182.0,1,Not Hispanic or Latino,White,Female,45-54,95.0,Loan originated
1,95000.0,30%-<36%,335000.0,84.0,1,Hispanic or Latino,White,Female,65-74,27.273,Loan originated
1,345000.0,44,365000.0,90.0,1,Hispanic or Latino,White,Male,<25,95.0,Loan originated
1,555000.0,47,695000.0,195.0,1,Not Hispanic or Latino,Asian,Male,25-34,80.0,Loan originated
1,1135000.0,40,1415000.0,312.0,1,Not Hispanic or Latino,Asian,Female,25-34,80.0,Loan originated
1,545000.0,44,565000.0,180.0,1,Not Hispanic or Latino,White,Female,35-44,96.991,Loan originated
1,865000.0,38,1505000.0,249.0,1,Not Hispanic or Latino,Asian,Male,25-34,57.33,Loan originated
1,565000.0,39,715000.0,135.0,1,Not Hispanic or Latino,Asian,Female,45-54,80.0,Loan originated
1,565000.0,38,715000.0,189.0,1,Not Hispanic or Latino,White,Female,25-34,80.0,Loan originated
1,1125000.0,44,1425000.0,242.0,1,Not Hispanic or Latino,Asian,Male,35-44,78.84,Loan originated
1,305000.0,44,375000.0,73.0,1,Not Hispanic or Latino,White,Male,25-34,80.0,Loan originated
1,675000.0,42,845000.0,207.0,1,Not Hispanic or Latino,Asian,Male,35-44,80.0,Loan originated
1,815000.0,49,1455000.0,333.0,1,Not Hispanic or Latino,White,Male,55-64,80.0,Loan originated
1,255000.0,39,555000.0,102.0,1,Not Hispanic or Latino,Asian,Male,35-44,45.946,Loan originated
1,585000.0,50%-60%,655000.0,179.0,1,Not Hispanic or Latino,Asian,Male,35-44,90.0,Application denied
1,435000.0,41,455000.0,133.0,1,Hispanic or Latino,White,Male,35-44,95.0,Loan originated
1,405000.0,39,415000.0,124.0,1,Hispanic or Latino,Black or African American,Male,45-54,97.0,Loan originated
1,795000.0,<20%,1145000.0,462.0,1,Hispanic or Latino,White,Male,45-54,70.0,Loan originated
1,575000.0,20%-<30%,1075000.0,229.0,1,Not Hispanic or Latino,White,Male,35-44,53.488,Loan originated
1,295000.0,49,495000.0,75.0,1,Not Hispanic or Latino,Asian,Male,25-34,93.0,Application denied
1,935000.0,49,1415000.0,190.0,1,Not Hispanic or Latino,Asian,Male,25-34,65.957,Loan originated
1,305000.0,44,375000.0,128.0,1,Hispanic or Latino,White,Female,35-44,80.0,Loan originated
1,455000.0,20%-<30%,585000.0,422.0,1,Not Hispanic or Latino,White,Male,35-44,80.0,Loan originated
1,445000.0,43,465000.0,126.0,1,Not Hispanic or Latino,White,Female,25-34,95.0,Loan originated
1,385000.0,42,405000.0,94.0,1,Hispanic or Latino,White,Male,35-44,95.0,Loan originated
1,475000.0,49,585000.0,133.0,1,Not Hispanic or Latino,Asian,Male,35-44,80.0,Loan originated
1,485000.0,30%-<36%,495000.0,179.0,1,Not Hispanic or Latino,Asian,Male,25-34,97.0,Loan originated
1,225000.0,41,305000.0,71.0,1,Not Hispanic or Latino,Asian,Female,25-34,73.5,Loan originated
1,335000.0,49,1565000.0,96.0,1,Not Hispanic or Latino,White,Female,35-44,21.731,Loan originated
1,265000.0,44,285000.0,132.0,1,Not Hispanic or Latino,White,Male,55-64,95.0,Loan originated
1,125000.0,30%-<36%,165000.0,45.0,1,Hispanic or Latino,White,Female,55-64,80.0,Loan originated
1,875000.0,48,925000.0,187.0,1,Not Hispanic or Latino,White,Male,35-44,95.0,Loan originated
1,1145000.0,>60%,1475000.0,215.0,1,Not Hispanic or Latino,Asian,Male,25-34,78.18,Application denied
1,615000.0,45,825000.0,135.0,1,Not Hispanic or Latino,White,Male,35-44,75.0,Loan originated
1,325000.0,30%-<36%,455000.0,118.0,1,Not Hispanic or Latino,Asian,Female,25-34,70.0,Loan originated
1,755000.0,49,845000.0,450.0,1,Not Hispanic or Latino,Asian,Female,55-64,90.0,Loan originated
1,815000.0,49,1625000.0,211.0,1,Not Hispanic or Latino,White,Female,55-64,50.206,Loan originated
1,655000.0,49,915000.0,130.0,1,Not Hispanic or Latino,White,Female,55-64,72.0,Loan originated
1,235000.0,30%-<36%,535000.0,107.0,1,Not Hispanic or Latino,White,Female,45-54,43.925,Loan originated
1,185000.0,48,195000.0,115.0,1,Not Hispanic or Latino,White,Female,<25,95.0,Loan originated
1,465000.0,41,495000.0,150.0,1,Hispanic or Latino,American Indian or Alaska Native,Male,25-34,98.0,Loan originated
1,475000.0,45,485000.0,102.0,1,Not Hispanic or Latino,Asian,Male,35-44,97.0,Loan originated
1,425000.0,47,445000.0,119.0,1,Hispanic or Latino,White,Female,25-34,95.0,Loan originated
1,575000.0,38,775000.0,143.0,1,Not Hispanic or Latino,Asian,Female,55-64,73.549,Loan originated
1,165000.0,44,165000.0,73.0,1,Not Hispanic or Latino,White,Female,35-44,95.0,Loan originated
1,465000.0,46,485000.0,97.0,1,Hispanic or Latino,White,Female,35-44,95.0,Loan originated
1,445000.0,48,585000.0,144.0,1,Not Hispanic or Latino,White,Male,35-44,75.0,Loan originated
1,345000.0,40,365000.0,142.0,1,Hispanic or Latino,White,Male,45-54,95.0,Loan originated
1,635000.0,39,905000.0,193.0,1,Not Hispanic or Latino,Asian,Female,45-54,70.0,Loan originated
1,885000.0,43,1105000.0,376.0,1,Not Hispanic or Latino,White,Female,25-34,80.0,Loan originated
1,325000.0,45,645000.0,116.0,1,Not Hispanic or Latino,Black or African American,Female,25-34,97.031,Loan originated
1,775000.0,44,1105000.0,202.0,1,Not Hispanic or Latino,Asian,Male,35-44,70.0,Loan originated
1,445000.0,47,585000.0,86.0,1,Hispanic or Latino,White,Male,25-34,75.86,Loan originated
1,405000.0,49,925000.0,111.0,1,Hispanic or Latino,White,Male,>74,44.0,Loan originated
1,305000.0,49,365000.0,89.0,1,Hispanic or Latino,White,Male,25-34,90.0,Loan originated
1,385000.0,39,515000.0,127.0,1,Not Hispanic or Latino,White,Female,55-64,73.643,Loan originated
1,555000.0,41,685000.0,167.0,1,Not Hispanic or Latino,Asian,Male,45-54,80.0,Loan originated
1,165000.0,48,215000.0,52.0,1,Not Hispanic or Latino,White,Male,35-44,80.0,Loan originated
1,585000.0,49,765000.0,138.0,1,Hispanic or Latino,White,Female,35-44,76.471,Loan originated
1,595000.0,44,745000.0,174.0,1,Not Hispanic or Latino,Asian,Male,35-44,80.0,Loan originated
1,355000.0,44,485000.0,187.0,1,Not Hispanic or Latino,White,Male,45-54,72.342,Loan originated
1,595000.0,30%-<36%,985000.0,278.0,1,Not Hispanic or Latino,White,Male,55-64,90.82,Loan originated
1,335000.0,45,425000.0,74.0,1,Not Hispanic or Latino,White,Male,25-34,80.0,Loan originated
1,455000.0,48,565000.0,120.0,1,Hispanic or Latino,White,Male,35-44,80.0,Loan originated
1,715000.0,39,755000.0,197.0,1,Not Hispanic or Latino,Asian,Male,35-44,95.0,Loan originated
1,355000.0,<20%,715000.0,246.0,1,Not Hispanic or Latino,White,Male,35-44,49.296,Loan originated
1,765000.0,45,1005000.0,151.0,1,Not Hispanic or Latino,White,Female,35-44,77.0,Loan originated
1,385000.0,46,735000.0,108.0,1,Not Hispanic or Latino,Asian,Female,45-54,52.381,Loan originated
1,345000.0,40,425000.0,111.0,1,Not Hispanic or Latino,Asian,Male,35-44,80.0,Loan originated
1,715000.0,48,765000.0,156.0,1,Hispanic or Latino,White,Male,25-34,93.27,Loan originated
1,495000.0,49,625000.0,117.0,1,Not Hispanic or Latino,White,Female,35-44,80.0,Loan originated
1,285000.0,44,355000.0,96.0,1,Not Hispanic or Latino,White,Female,35-44,80.0,Loan originated
1,515000.0,42,725000.0,162.0,1,Not Hispanic or Latino,Asian,Male,25-34,69.936,Loan originated
1,1125000.0,37,1605000.0,363.0,1,Not Hispanic or Latino,Asian,Male,35-44,70.0,Loan originated
1,75000.0,30%-<36%,135000.0,72.0,1,Hispanic or Latino,White,Female,65-74,54.55,Loan originated
1,455000.0,49,565000.0,131.0,1,Not Hispanic or Latino,White,Male,>74,80.0,Loan originated
1,545000.0,47,825000.0,146.0,1,Not Hispanic or Latino,Asian,Male,35-44,65.361,Loan originated
1,555000.0,45,735000.0,161.0,1,Not Hispanic or Latino,Asian,Male,25-34,75.0,Loan originated
1,555000.0,36,695000.0,192.0,1,Not Hispanic or Latino,Asian,Male,25-34,80.0,Loan originated
1,1145000.0,<20%,1395000.0,0.0,1,Not Hispanic or Latino,White,Male,35-44,82.01,Application denied
1,495000.0,47,625000.0,248.0,1,Not Hispanic or Latino,White,Female,35-44,80.0,Loan originated
1,1005000.0,<20%,1115000.0,1628.0,1,Not Hispanic or Latino,White,Male,25-34,90.0,Loan originated
1,115000.0,>60%,545000.0,20.0,1,Not Hispanic or Latino,Asian,Female,55-64,21.179,Application denied
1,375000.0,38,665000.0,118.0,1,Not Hispanic or Latino,White,Male,45-54,56.391,Loan originated
1,995000.0,41,1515000.0,257.0,1,Not Hispanic or Latino,Asian,Female,25-34,66.225,Loan originated
1,205000.0,44,995000.0,103.0,1,Not Hispanic or Latino,White,Male,35-44,20.0,Loan originated
1,465000.0,38,575000.0,123.0,1,Not Hispanic or Latino,White,Female,25-34,80.0,Loan originated
1,405000.0,48,905000.0,102.0,1,Not Hispanic or Latino,White,Female,>74,44.872,Application denied
1,985000.0,41,1225000.0,288.0,1,Not Hispanic or Latino,White,Female,45-54,80.0,Loan originated
1,745000.0,30%-<36%,995000.0,286.0,1,Not Hispanic or Latino,Asian,Female,55-64,75.0,Loan originated
1,205000.0,<20%,555000.0,120.0,1,Not Hispanic or Latino,White,Female,55-64,37.0,Loan originated
1,685000.0,44,905000.0,249.0,1,Not Hispanic or Latino,Asian,Male,35-44,75.0,Loan originated
1,395000.0,20%-<30%,645000.0,196.0,1,Not Hispanic or Latino,White,Female,45-54,61.516,Loan originated
1,715000.0,45,835000.0,235.0,1,Not Hispanic or Latino,White,Female,35-44,85.0,Loan originated
1,1045000.0,38,1305000.0,264.0,1,Not Hispanic or Latino,Asian,Male,45-54,80.0,Loan originated
1,305000.0,36,375000.0,90.0,1,Hispanic or Latino,White,Female,25-34,80.0,Loan originated
1,225000.0,49,285000.0,42.0,1,Hispanic or Latino,White,Female,55-64,78.857,Application denied
1,405000.0,43,425000.0,147.0,1,Hispanic or Latino,White,Female,45-54,95.0,Loan originated
1,485000.0,50%-60%,515000.0,112.0,1,Hispanic or Latino,White,Female,35-44,95.0,Application denied
1,665000.0,30%-<36%,1115000.0,251.0,1,Not Hispanic or Latino,Asian,Male,35-44,59.536,Loan originated
1,445000.0,40,665000.0,120.0,1,Hispanic or Latino,White,Male,35-44,65.919,Loan originated
1,455000.0,36,855000.0,127.0,1,Not Hispanic or Latino,Asian,Male,25-34,52.941,Loan originated
1,415000.0,30%-<36%,935000.0,141.0,1,Not Hispanic or Latino,Asian,Male,25-34,44.09,Loan originated
