loan_purpose,loan_amount,debt_to_income_ratio,property_value,income,occupancy_type,derived_ethnicity,derived_race,derived_sex,applicant_age,loan_to_value_ratio,action_taken
1,345000.0,48,435000.0,89.0,1,Not Hispanic or Latino,White,Male,35-44,79.31,Loan originated
1,475000.0,38,505000.0,270.0,1,Not Hispanic or Latino,White,Male,35-44,95.0,Loan originated
1,315000.0,44,415000.0,77.0,1,Not Hispanic or Latino,Black or African American,Female,45-54,77.439,Loan originated
1,1115000.0,37,1855000.0,514.0,1,Not Hispanic or Latino,Asian,Male,45-54,60.0,Loan originated
1,685000.0,39,725000.0,190.0,1,Hispanic or Latino,White,Male,35-44,95.0,Loan originated
1,235000.0,>60%,865000.0,32.0,1,Not Hispanic or Latino,Asian,Male,35-44,27.209,Application denied
1,625000.0,36,835000.0,170.0,1,Not Hispanic or Latino,Asian,Male,25-34,75.0,Loan originated
1,905000.0,36,1125000.0,263.0,1,Not Hispanic or Latino,Asian,Female,25-34,80.0,Loan originated
1,555000.0,48,505000.0,144.0,1,Hispanic or Latino,White,Male,<25,110.2,Application denied
1,185000.0,20%-<30%,245000.0,368.0,1,Not Hispanic or Latino,White,Male,35-44,75.0,Loan originated
1,325000.0,38,385000.0,98.0,1,Hispanic or Latino,White,Male,25-34,85.0,Loan originated
1,405000.0,37,1005000.0,153.0,1,Not Hispanic or Latino,Asian,Female,25-34,40.0,Loan originated
1,225000.0,30%-<36%,235000.0,151.0,1,Not Hispanic or Latino,White,Male,55-64,95.0,Loan originated
1,545000.0,38,575000.0,163.0,1,Hispanic or Latino,Black or African American,Male,25-34,95.0,Loan originated
1,445000.0,49,475000.0,108.0,1,Not Hispanic or Latino,2 or more minority races,Female,25-34,95.0,Loan originated
1,365000.0,39,485000.0,111.0,1,Not Hispanic or Latino,White,Male,25-34,75.0,Loan originated
1,635000.0,20%-<30%,1055000.0,283.0,1,Not Hispanic or Latino,White,Female,25-34,60.0,Loan originated
1,765000.0,45,805000.0,282.0,1,Hispanic or Latino,White,Male,25-34,94.969,Loan originated
1,945000.0,48,1175000.0,187.0,1,Not Hispanic or Latino,Asian,Female,25-34,80.0,Loan originated
1,705000.0,20%-<30%,1115000.0,289.0,1,Not Hispanic or Latino,Asian,Female,25-34,62.78,Loan originated
1,885000.0,44,985000.0,225.0,1,Hispanic or Latino,White,Male,25-34,90.0,Loan originated
1,405000.0,46,445000.0,127.0,1,Not Hispanic or Latino,White,Female,45-54,90.0,Loan originated
1,305000.0,48,405000.0,82.0,1,Not Hispanic or Latino,Black or African American,Female,55-64,101.956,Loan originated
1,645000.0,36,925000.0,212.0,1,Not Hispanic or Latino,Asian,Female,45-54,70.0,Loan originated
1,865000.0,45,1025000.0,240.0,1,Not Hispanic or Latino,White,Male,35-44,85.0,Loan originated
1,515000.0,<20%,605000.0,312.0,1,Hispanic or Latino,White,Male,35-44,85.0,Loan originated
1,525000.0,49,655000.0,119.0,1,Hispanic or Latino,White,Male,35-44,80.0,Loan originated
1,725000.0,39,1035000.0,203.0,1,Not Hispanic or Latino,Asian,Female,45-54,70.0,Loan originated
1,605000.0,42,1415000.0,160.0,1,Not Hispanic or Latino,White,Male,55-64,42.56,Loan originated
1,395000.0,48,495000.0,123.0,1,Hispanic or Latino,White,Female,25-34,80.0,Loan originated
1,455000.0,40,475000.0,110.0,1,Hispanic or Latino,White,Male,25-34,95.0,Loan originated
1,305000.0,>60%,335000.0,46.0,1,Not Hispanic or Latino,Asian,Female,35-44,90.0,Application denied
1,255000.0,>60%,935000.0,36.0,1,Not Hispanic or Latino,Asian,Male,35-44,26.88,Application denied
1,305000.0,30%-<36%,425000.0,123.0,1,Hispanic or Latino,White,Female,35-44,71.51,Loan originated
1,465000.0,48,485000.0,95.0,1,Hispanic or Latino,White,Male,35-44,95.0,Loan originated
1,325000.0,37,405000.0,122.0,1,Not Hispanic or Latino,Black or African American,Female,45-54,80.0,Loan originated
1,605000.0,39,955000.0,183.0,1,Not Hispanic or Latino,Asian,Female,35-44,63.158,Loan originated
1,1065000.0,39,1325000.0,290.0,1,Not Hispanic or Latino,Asian,Female,45-54,80.0,Loan originated
1,525000.0,46,555000.0,133.0,1,Not Hispanic or Latino,White,Male,25-34,95.0,Loan originated
1,765000.0,46,2655000.0,220.0,1,Not Hispanic or Latino,White,Male,35-44,28.943,Loan originated
1,615000.0,37,925000.0,170.0,1,Not Hispanic or Latino,White,Male,55-64,67.0,Loan originated
1,325000.0,43,535000.0,184.0,1,Not Hispanic or Latino,Asian,Male,35-44,60.74,Loan originated
1,505000.0,43,955000.0,209.0,1,Not Hispanic or Latino,White,Male,55-64,52.632,Loan originated
1,895000.0,40,1125000.0,305.0,1,Not Hispanic or Latino,White,Female,25-34,80.0,Loan originated
1,745000.0,47,935000.0,222.0,1,Not Hispanic or Latino,White,Male,35-44,80.0,Loan originated
1,525000.0,48,655000.0,120.0,1,Hispanic or Latino,White,Male,45-54,80.0,Loan originated
1,415000.0,40,555000.0,120.0,1,Not Hispanic or Latino,White,Female,35-44,74.865,Loan originated
1,725000.0,20%-<30%,905000.0,314.0,1,Not Hispanic or Latino,Black or African American,Male,55-64,80.0,Application denied
1,675000.0,47,1085000.0,175.0,1,Not Hispanic or Latino,White,Male,35-44,61.751,Loan originated
1,225000.0,45,235000.0,49.0,1,Hispanic or Latino,White,Female,<25,97.0,Loan originated
1,605000.0,46,755000.0,350.0,1,Not Hispanic or Latino,White,Female,45-54,80.0,Loan originated
1,665000.0,47,695000.0,171.0,1,Hispanic or Latino,Asian,Female,45-54,95.0,Loan originated
1,325000.0,40,355000.0,111.0,1,Not Hispanic or Latino,Asian,Female,35-44,91.43,Loan originated
1,445000.0,42,555000.0,111.0,1,Hispanic or Latino,White,Male,45-54,80.0,Loan originated
1,585000.0,30%-<36%,825000.0,187.0,1,Not Hispanic or Latino,White,Female,65-74,70.732,Loan originated
1,525000.0,47,1055000.0,138.0,1,Hispanic or Latino,Black or African American,Female,25-34,98.0,Loan originated
1,355000.0,20%-<30%,515000.0,141.0,1,Not Hispanic or Latino,Asian,Female,35-44,68.359,Loan originated
1,855000.0,36,1065000.0,243.0,1,Not Hispanic or Latino,Asian,Female,25-34,80.0,Loan originated
1,205000.0,41,705000.0,65.0,1,Hispanic or Latino,White,Female,<25,28.571,Loan originated
1,465000.0,49,515000.0,143.0,1,Hispanic or Latino,White,Male,45-54,90.0,Loan originated
1,805000.0,41,1015000.0,216.0,1,Not Hispanic or Latino,Asian,Male,25-34,80.0,Loan originated
1,765000.0,49,965000.0,30.0,1,Not Hispanic or Latino,White,Female,45-54,80.0,Loan originated
1,575000.0,49,665000.0,109.0,1,Not Hispanic or Latino,Asian,Female,25-34,87.0,Loan originated
1,325000.0,41,875000.0,515.0,1,Not Hispanic or Latino,Asian,Male,55-64,37.143,Loan originated
1,1145000.0,42,2005000.0,307.0,1,Not Hispanic or Latino,White,Male,55-64,58.0,Loan originated
1,1025000.0,20%-<30%,1285000.0,891.0,1,Not Hispanic or Latino,White,Male,45-54,80.0,Loan originated
1,415000.0,45,515000.0,118.0,1,Not Hispanic or Latino,White,Female,25-34,80.0,Loan originated
1,615000.0,49,725000.0,133.0,1,Hispanic or Latino,White,Female,35-44,85.0,Loan originated
1,625000.0,44,895000.0,163.0,1,Not Hispanic or Latino,White,Male,25-34,69.93,Loan originated
1,455000.0,30%-<36%,655000.0,144.0,1,Not Hispanic or Latino,White,Male,25-34,69.231,Loan originated
1,195000.0,39,205000.0,106.0,1,Hispanic or Latino,White,Male,55-64,100.0,Loan originated
1,815000.0,45,905000.0,334.0,1,Not Hispanic or Latino,White,Male,45-54,90.0,Loan originated
1,545000.0,47,1255000.0,172.0,1,Not Hispanic or Latino,White,Female,55-64,43.569,Loan originated
1,205000.0,38,1045000.0,96.0,1,Not Hispanic or Latino,White,Female,45-54,20.0,Loan originated
1,725000.0,41,905000.0,155.0,1,Not Hispanic or Latino,White,Male,35-44,80.0,Loan originated
1,265000.0,40,665000.0,76.0,1,Not Hispanic or Latino,Asian,Female,35-44,39.394,Loan originated
1,155000.0,37,195000.0,54.0,1,Not Hispanic or Latino,White,Female,55-64,80.0,Loan originated
1,415000.0,47,525000.0,93.0,1,Not Hispanic or Latino,Asian,Female,35-44,80.0,Loan originated
1,445000.0,47,555000.0,121.0,1,Not Hispanic or Latino,Asian,Male,25-34,80.0,Loan originated
1,305000.0,44,535000.0,118.0,1,Not Hispanic or Latino,White,Male,65-74,56.075,Loan originated
1,375000.0,39,395000.0,102.0,1,Hispanic or Latino,White,Male,25-34,95.0,Loan originated
1,225000.0,30%-<36%,265000.0,105.0,1,Not Hispanic or Latino,American Indian or Alaska Native,Female,35-44,103.774,Loan originated
1,705000.0,46,3885000.0,341.0,1,Not Hispanic or Latino,Asian,Female,45-54,18.042,Loan originated
1,985000.0,40,1225000.0,291.0,1,Not Hispanic or Latino,White,Male,35-44,80.0,Loan originated
1,515000.0,49,835000.0,116.0,1,Not Hispanic or Latino,White,Male,25-34,62.0,Loan originated
1,675000.0,40,845000.0,198.0,1,Not Hispanic or Latino,White,Male,45-54,80.0,Loan originated
1,155000.0,20%-<30%,565000.0,94.0,1,Hispanic or Latino,White,Female,35-44,26.786,Loan originated
1,75000.0,40,655000.0,50.0,1,Hispanic or Latino,White,Female,65-74,11.503,Loan originated
1,895000.0,20%-<30%,1115000.0,418.0,1,Not Hispanic or Latino,Asian,Male,35-44,80.0,Loan originated
1,555000.0,43,755000.0,137.0,1,Not Hispanic or Latino,White,Male,<25,73.333,Loan originated
1,235000.0,36,335000.0,68.0,1,Not Hispanic or Latino,White,Male,35-44,69.7,Loan originated
1,445000.0,38,475000.0,131.0,1,Not Hispanic or Latino,White,Female,25-34,95.0,Loan originated
1,325000.0,20%-<30%,675000.0,167.0,1,Not Hispanic or Latino,White,Female,65-74,48.148,Loan originated
1,485000.0,30%-<36%,495000.0,155.0,1,Not Hispanic or Latino,White,Male,25-34,97.0,Loan originated
1,705000.0,47,785000.0,131.0,1,Not Hispanic or Latino,Asian,Female,45-54,89.9,Loan originated
1,285000.0,30%-<36%,305000.0,112.0,1,Not Hispanic or Latino,White,Male,<25,95.0,Loan originated
1,525000.0,20%-<30%,1225000.0,250.0,1,Not Hispanic or Latino,White,Male,35-44,42.857,Loan originated
1,255000.0,20%-<30%,455000.0,135.0,1,Not Hispanic or Latino,White,Female,55-64,55.556,Loan originated
1,415000.0,40,425000.0,119.0,1,Hispanic or Latino,American Indian or Alaska Native,Male,25-34,97.0,Loan originated
1,635000.0,43,845000.0,158.0,1,Hispanic or Latino,White,Female,35-44,75.0,Loan originated
1,265000.0,44,295000.0,72.0,1,Not Hispanic or Latino,Asian,Female,35-44,88.136,Loan originated
1,675000.0,48,715000.0,142.0,1,Not Hispanic or Latino,White,Male,25-34,95.0,Loan originated
1,385000.0,49,455000.0,78.0,1,Hispanic or Latino,White,Female,35-44,84.99,Loan originated
1,405000.0,47,445000.0,132.0,1,Not Hispanic or Latino,White,Male,35-44,90.0,Loan originated
1,705000.0,36,1005000.0,347.0,1,Not Hispanic or Latino,White,Female,45-54,70.0,Loan originated
1,605000.0,49,695000.0,132.0,1,Not Hispanic or Latino,Asian,Female,45-54,86.824,Loan originated
1,335000.0,44,355000.0,72.0,1,Not Hispanic or Latino,White,Male,25-34,97.0,Loan originated
1,865000.0,42,1085000.0,233.0,1,Not Hispanic or Latino,Asian,Male,25-34,80.0,Loan originated
1,185000.0,47,195000.0,44.0,1,Not Hispanic or Latino,Asian,Female,35-44,97.0,Loan originated
1,745000.0,30%-<36%,935000.0,337.0,1,Not Hispanic or Latino,Asian,Female,25-34,80.0,Loan originated
1,435000.0,48,465000.0,85.0,1,Not Hispanic or Latino,White,Male,25-34,95.0,Loan originated
1,725000.0,42,915000.0,180.0,1,Not Hispanic or Latino,Asian,Male,35-44,80.0,Loan originated
1,355000.0,20%-<30%,365000.0,168.0,1,Hispanic or Latino,White,Female,55-64,97.0,Loan originated
1,505000.0,37,1655000.0,187.0,1,Not Hispanic or Latino,Asian,Male,25-34,30.303,Loan originated
1,765000.0,46,1245000.0,167.0,1,Not Hispanic or Latino,Asian,Male,35-44,61.488,Loan originated
1,195000.0,43,205000.0,58.0,1,Hispanic or Latino,White,Female,35-44,97.0,Application denied
1,815000.0,49,905000.0,174.0,1,Not Hispanic or Latino,Asian,Male,45-54,90.0,Loan originated
1,605000.0,36,755000.0,270.0,1,Not Hispanic or Latino,Black or African American,Male,45-54,80.0,Loan originated
1,855000.0,38,1105000.0,212.0,1,Not Hispanic or Latino,Asian,Male,25-34,77.273,Loan originated
1,185000.0,30%-<36%,275000.0,72.0,1,Not Hispanic or Latino,White,Male,25-34,69.0,Loan originated
1,595000.0,49,665000.0,125.0,1,Not Hispanic or Latino,Asian,Male,55-64,90.0,Loan originated
1,765000.0,46,855000.0,192.0,1,Not Hispanic or Latino,Black or African American,Male,35-44,89.952,Loan originated
1,695000.0,20%-<30%,865000.0,253.0,1,Hispanic or Latino,White,Male,45-54,80.0,Loan originated
1,135000.0,41,475000.0,46.0,1,Not Hispanic or Latino,Black or African American,Male,65-74,51.0,Loan originated
1,505000.0,20%-<30%,725000.0,205.0,1,Not Hispanic or Latino,White,Female,35-44,70.0,Loan originated
1,585000.0,<20%,835000.0,365.0,1,Not Hispanic or Latino,White,Male,35-44,70.0,Loan originated
1,475000.0,20%-<30%,955000.0,230.0,1,Not Hispanic or Latino,White,Male,35-44,50.0,Loan originated
1,675000.0,48,755000.0,180.0,1,Not Hispanic or Latino,Black or African American,Female,55-64,90.0,Loan originated
1,415000.0,43,515000.0,336.0,1,Not Hispanic or Latino,White,Female,35-44,80.0,Loan originated
1,365000.0,45,385000.0,104.0,1,Hispanic or Latino,White,Male,35-44,95.0,Loan originated
1,345000.0,20%-<30%,705000.0,165.0,1,Not Hispanic or Latino,White,Male,45-54,48.545,Loan originated
1,355000.0,43,375000.0,103.0,1,Hispanic or Latino,White,Female,45-54,95.0,Loan originated
1,455000.0,46,465000.0,100.0,1,Not Hispanic or Latino,Asian,Male,25-34,97.0,Loan originated
1,295000.0,47,345000.0,72.0,1,Hispanic or Latino,White,Male,45-54,91.029,Application denied
1,125000.0,41,305000.0,70.0,1,Not Hispanic or Latino,White,Female,>74,40.33,Application denied
1,505000.0,30%-<36%,905000.0,170.0,1,Not Hispanic or Latino,White,Male,35-44,55.801,Loan originated
1,735000.0,36,915000.0,239.0,1,Not Hispanic or Latino,White,Male,45-54,80.0,Loan originated
1,485000.0,37,655000.0,235.0,1,Not Hispanic or Latino,Asian,Male,45-54,75.0,Loan originated
1,405000.0,49,515000.0,91.0,1,Not Hispanic or Latino,White,Male,35-44,80.0,Loan originated
1,625000.0,48,675000.0,193.0,1,Hispanic or Latino,White,Female,35-44,92.0,Loan originated
1,425000.0,41,465000.0,96.0,1,Not Hispanic or Latino,White,Male,45-54,91.613,Loan originated
1,275000.0,48,475000.0,67.0,1,Not Hispanic or Latino,White,Female,35-44,57.895,Loan originated
1,155000.0,<20%,195000.0,156.0,1,Not Hispanic or Latino,Asian,Male,55-64,78.947,Loan originated
1,545000.0,44,685000.0,153.0,1,Not Hispanic or Latino,White,Female,65-74,80.0,Loan originated
1,315000.0,42,395000.0,67.0,1,Not Hispanic or Latino,White,Male,25-34,80.0,Loan originated
1,555000.0,47,695000.0,158.0,1,Not Hispanic or Latino,White,Female,35-44,80.0,Loan originated
1,495000.0,49,625000.0,118.0,1,Hispanic or Latino,White,Female,45-54,80.0,Loan originated
1,415000.0,49,595000.0,121.0,1,Not Hispanic or Latino,Asian,Female,55-64,69.492,Loan originated
1,755000.0,42,945000.0,212.0,1,Not Hispanic or Latino,White,Male,45-54,80.0,Loan originated
1,685000.0,46,865000.0,409.0,1,Not Hispanic or Latino,Asian,Male,35-44,80.0,Loan originated
1,435000.0,45,625000.0,135.0,1,Not Hispanic or Latino,White,Female,25-34,70.0,Loan originated
1,665000.0,20%-<30%,825000.0,699.0,1,Not Hispanic or Latino,White,Male,35-44,80.0,Application denied
1,425000.0,46,535000.0,111.0,1,Not Hispanic or Latino,Asian,Female,25-34,80.0,Loan originated
1,355000.0,20%-<30%,445000.0,216.0,1,Not Hispanic or Latino,American Indian or Alaska Native,Female,<25,80.0,Loan originated
1,285000.0,48,355000.0,92.0,1,Hispanic or Latino,White,Male,45-54,80.0,Loan originated
1,405000.0,38,1165000.0,130.0,1,Not Hispanic or Latino,Asian,Male,35-44,34.483,Loan originated
1,445000.0,43,555000.0,104.0,1,Hispanic or Latino,White,Male,<25,80.0,Loan originated
1,455000.0,47,475000.0,112.0,1,Not Hispanic or Latino,White,Female,25-34,95.0,Loan originated
1,225000.0,>60%,345000.0,51.0,1,Not Hispanic or Latino,White,Female,65-74,66.0,Application denied
1,665000.0,43,695000.0,163.0,1,Not Hispanic or Latino,Asian,Female,35-44,95.0,Loan originated
1,285000.0,37,295000.0,77.0,1,Not Hispanic or Latino,Asian,Female,25-34,97.0,Loan originated
1,495000.0,43,615000.0,162.0,1,Not Hispanic or Latino,Asian,Female,35-44,80.0,Loan originated
1,1145000.0,43,1425000.0,479.0,1,Hispanic or Latino,White,Male,55-64,80.0,Loan originated
1,565000.0,40,665000.0,236.0,1,Not Hispanic or Latino,White,Male,45-54,85.0,Application denied
1,455000.0,39,505000.0,112.0,1,Not Hispanic or Latino,White,Male,<25,90.0,Loan originated
1,335000.0,40,375000.0,174.0,1,Not Hispanic or Latino,White,Female,35-44,89.333,Loan originated
1,365000.0,47,455000.0,72.0,1,Hispanic or Latino,White,Female,35-44,80.0,Loan originated
1,625000.0,38,695000.0,225.0,1,Not Hispanic or Latino,White,Male,25-34,90.0,Loan originated
1,625000.0,43,785000.0,194.0,1,Not Hispanic or Latino,Asian,Male,35-44,80.0,Loan originated
1,195000.0,47,225000.0,48.0,1,Hispanic or Latino,White,Male,35-44,84.444,Loan originated
1,565000.0,47,705000.0,132.0,1,Not Hispanic or Latino,White,Male,45-54,80.0,Loan originated
1,315000.0,46,335000.0,150.0,1,Not Hispanic or Latino,White,Male,35-44,95.0,Loan originated
1,445000.0,30%-<36%,505000.0,157.0,1,Not Hispanic or Latino,Asian,Female,35-44,89.98,Loan originated
1,795000.0,45,835000.0,177.0,1,Not Hispanic or Latino,White,Male,35-44,95.0,Loan originated
1,875000.0,45,1025000.0,198.0,1,Not Hispanic or Latino,Asian,Female,35-44,85.0,Loan originated
1,695000.0,39,895000.0,188.0,1,Not Hispanic or Latino,Asian,Female,35-44,77.73,Loan originated
1,405000.0,20%-<30%,905000.0,200.0,1,Not Hispanic or Latino,White,Male,55-64,44.598,Loan originated
1,345000.0,20%-<30%,1635000.0,155.0,1,Not Hispanic or Latino,Asian,Male,35-44,21.176,Application denied
1,765000.0,30%-<36%,795000.0,285.0,1,Not Hispanic or Latino,White,Male,35-44,97.0,Loan originated
1,165000.0,49,505000.0,51.0,1,Not Hispanic or Latino,White,Male,25-34,64.4,Loan originated
1,205000.0,20%-<30%,995000.0,163.0,1,Not Hispanic or Latino,White,Female,45-54,20.2,Loan originated
1,1145000.0,30%-<36%,2005000.0,396.0,1,Not Hispanic or Latino,Asian,Male,25-34,57.45,Loan originated
1,385000.0,44,485000.0,111.0,1,Not Hispanic or Latino,White,Female,55-64,78.07,Loan originated
1,925000.0,20%-<30%,1875000.0,398.0,1,Not Hispanic or Latino,Asian,Male,25-34,49.414,Loan originated
1,175000.0,47,185000.0,80.0,1,Not Hispanic or Latino,White,Male,35-44,92.0,Loan originated
1,725000.0,49,765000.0,243.0,1,Not Hispanic or Latino,White,Female,45-54,95.0,Loan originated
1,155000.0,30%-<36%,195000.0,91.0,1,Not Hispanic or Latino,White,Male,45-54,80.0,Loan originated
1,765000.0,47,1175000.0,191.0,1,Not Hispanic or Latino,Asian,Male,35-44,65.513,Loan originated
1,545000.0,46,565000.0,137.0,1,Hispanic or Latino,White,Male,25-34,100.0,Loan originated
1,685000.0,49,725000.0,122.0,1,Not Hispanic or Latino,Asian,Male,45-54,95.0,Loan originated
1,1015000.0,49,1095000.0,216.0,1,Not Hispanic or Latino,White,Male,35-44,93.119,Loan originated
1,655000.0,20%-<30%,725000.0,310.0,1,Hispanic or Latino,White,Male,35-44,90.0,Loan originated
1,845000.0,43,1205000.0,210.0,1,Hispanic or Latino,White,Male,55-64,70.0,Application denied
1,415000.0,46,455000.0,84.0,1,Hispanic or Latino,White,Male,35-44,91.266,Loan originated
1,765000.0,48,1015000.0,264.0,1,Not Hispanic or Latino,Asian,Male,45-54,76.0,Loan originated
1,1105000.0,20%-<30%,1625000.0,514.0,1,Not Hispanic or Latino,Asian,Female,45-54,67.485,Loan originated
1,285000.0,40,375000.0,80.0,1,Not Hispanic or Latino,Asian,Male,25-34,75.0,Loan originated
1,215000.0,47,385000.0,49.0,1,Not Hispanic or Latino,White,Male,25-34,55.263,Loan originated
1,235000.0,39,435000.0,146.0,1,Not Hispanic or Latino,Black or African American,Male,45-54,53.488,Loan originated
1,705000.0,49,745000.0,210.0,1,Not Hispanic or Latino,White,Female,25-34,95.0,Loan originated
1,505000.0,30%-<36%,1305000.0,240.0,1,Not Hispanic or Latino,White,Female,25-34,38.46,Loan originated
1,725000.0,47,855000.0,174.0,1,Hispanic or Latino,White,Female,35-44,85.0,Loan originated
1,315000.0,20%-<30%,415000.0,361.0,1,Hispanic or Latino,White,Male,55-64,75.0,Loan originated
1,605000.0,49,645000.0,151.0,1,Hispanic or Latino,American Indian or Alaska Native,Male,25-34,95.0,Loan originated
1,955000.0,30%-<36%,1275000.0,345.0,1,Not Hispanic or Latino,Asian,Male,25-34,75.0,Loan originated
1,375000.0,41,875000.0,121.0,1,Not Hispanic or Latino,White,Male,45-54,42.529,Loan originated
1,55000.0,41,95000.0,39.0,1,Not Hispanic or Latino,White,Female,45-54,55.1,Loan originated
1,235000.0,37,685000.0,101.0,1,Not Hispanic or Latino,White,Male,55-64,35.0,Loan originated
1,745000.0,42,1005000.0,170.0,1,Not Hispanic or Latino,Asian,Female,25-34,75.0,Loan originated
1,335000.0,40,415000.0,102.0,1,Hispanic or Latino,American Indian or Alaska Native,Male,25-34,80.0,Loan originated
1,345000.0,49,385000.0,73.0,1,Hispanic or Latino,White,Male,45-54,91.527,Loan originated
1,335000.0,47,445000.0,76.0,1,Hispanic or Latino,White,Male,35-44,75.0,Loan originated
1,85000.0,20%-<30%,115000.0,70.0,1,Not Hispanic or Latino,Black or African American,Male,>74,77.09,Application denied
1,585000.0,49,605000.0,142.0,1,Not Hispanic or Latino,American Indian or Alaska Native,Male,35-44,97.0,Loan originated
1,845000.0,48,1205000.0,189.0,1,Not Hispanic or Latino,Asian,Male,35-44,70.0,Loan originated
1,465000.0,<20%,555000.0,589.0,1,Not Hispanic or Latino,White,Male,55-64,85.0,Loan originated
1,345000.0,39,435000.0,122.0,1,Hispanic or Latino,White,Male,35-44,80.0,Loan originated
1,585000.0,46,685000.0,241.0,1,Not Hispanic or Latino,Asian,Male,25-34,85.0,Loan originated
1,665000.0,47,705000.0,158.0,1,Hispanic or Latino,White,Female,35-44,95.0,Loan originated
1,635000.0,40,905000.0,156.0,1,Not Hispanic or Latino,Asian,Female,45-54,70.0,Loan originated
1,1035000.0,42,1475000.0,246.0,1,Not Hispanic or Latino,Asian,Male,45-54,70.0,Loan originated
1,595000.0,41,745000.0,143.0,1,Not Hispanic or Latino,White,Male,<25,80.0,Loan originated
1,505000.0,30%-<36%,535000.0,225.0,1,Not Hispanic or Latino,Asian,Female,35-44,95.0,Loan originated
1,405000.0,40,425000.0,96.0,1,Hispanic or Latino,White,Male,<25,97.0,Loan originated
1,795000.0,39,835000.0,223.0,1,Not Hispanic or Latino,White,Male,25-34,95.0,Loan originated
1,515000.0,<20%,685000.0,421.0,1,Not Hispanic or Latino,Asian,Male,25-34,75.0,Loan originated
1,225000.0,48,625000.0,88.0,1,Not Hispanic or Latino,White,Female,55-64,36.407,Application denied
1,945000.0,30%-<36%,1255000.0,267.0,1,Not Hispanic or Latino,White,Male,35-44,75.0,Loan originated
1,335000.0,45,355000.0,82.0,1,Not Hispanic or Latino,White,Female,55-64,95.0,Loan originated
1,605000.0,39,625000.0,193.0,1,Not Hispanic or Latino,White,Female,45-54,100.92,Loan originated
1,325000.0,20%-<30%,595000.0,145.0,1,Not Hispanic or Latino,Asian,Male,35-44,55.42,Loan originated
1,325000.0,48,345000.0,67.0,1,Hispanic or Latino,White,Male,45-54,100.0,Loan originated
1,825000.0,41,1035000.0,357.0,1,Not Hispanic or Latino,Asian,Male,35-44,80.0,Loan originated
1,675000.0,40,1375000.0,200.0,1,Not Hispanic or Latino,Asian,Male,35-44,49.091,Loan originated
1,515000.0,>60%,785000.0,36.0,1,Not Hispanic or Latino,Asian,Male,45-54,65.0,Application denied
1,205000.0,20%-<30%,725000.0,119.0,1,Not Hispanic or Latino,White,Female,55-64,28.0,Loan originated
1,665000.0,30%-<36%,885000.0,209.0,1,Not Hispanic or Latino,White,Female,45-54,75.0,Loan originated
1,715000.0,49,745000.0,151.0,1,Not Hispanic or Latino,Asian,Female,35-44,95.0,Loan originated
1,1055000.0,43,1505000.0,397.0,1,Not Hispanic or Latino,White,Male,35-44,69.959,Loan originated
1,445000.0,20%-<30%,995000.0,220.0,1,Not Hispanic or Latino,White,Male,35-44,44.444,Loan originated
1,955000.0,30%-<36%,1585000.0,508.0,1,Not Hispanic or Latino,Asian,Male,35-44,60.0,Loan originated
1,365000.0,39,545000.0,128.0,1,Not Hispanic or Latino,White,Female,45-54,66.66,Loan originated
1,695000.0,45,995000.0,147.0,1,Not Hispanic or Latino,Asian,Female,55-64,70.0,Loan originated
1,445000.0,48,585000.0,144.0,1,Not Hispanic or Latino,White,Male,35-44,75.0,Loan originated
1,505000.0,>60%,975000.0,51.0,1,Not Hispanic or Latino,Asian,Male,35-44,51.11,Application denied
1,185000.0,40,235000.0,57.0,1,Hispanic or Latino,White,Female,35-44,80.0,Application denied
1,125000.0,44,325000.0,42.0,1,Not Hispanic or Latino,White,Male,25-34,47.125,Loan originated
1,625000.0,40,695000.0,188.0,1,Not Hispanic or Latino,Asian,Female,25-34,89.99,Loan originated
1,525000.0,37,805000.0,173.0,1,Not Hispanic or Latino,Asian,Male,35-44,65.0,Loan originated
1,875000.0,49,1035000.0,198.0,1,Not Hispanic or Latino,White,Male,35-44,85.0,Loan originated
1,875000.0,49,1285000.0,249.0,1,Not Hispanic or Latino,White,Male,35-44,89.921,Loan originated
1,625000.0,45,695000.0,171.0,1,Not Hispanic or Latino,White,Female,45-54,90.0,Loan originated
1,265000.0,46,355000.0,92.0,1,Hispanic or Latino,White,Female,25-34,75.0,Loan originated
1,915000.0,30%-<36%,1225000.0,331.0,1,Not Hispanic or Latino,White,Male,35-44,75.0,Loan originated
1,835000.0,48,1105000.0,723.0,1,Not Hispanic or Latino,White,Male,45-54,75.0,Loan originated
1,355000.0,50%-60%,445000.0,159.0,1,Hispanic or Latino,White,Male,45-54,80.0,Application denied
1,285000.0,49,315000.0,86.0,1,Not Hispanic or Latino,2 or more minority races,Female,45-54,90.0,Loan originated
1,265000.0,36,575000.0,87.0,1,Not Hispanic or Latino,Asian,Female,35-44,46.4,Loan originated
1,335000.0,46,425000.0,75.0,1,Not Hispanic or Latino,Asian,Male,65-74,100.0,Loan originated
1,155000.0,42,295000.0,49.0,1,Not Hispanic or Latino,Asian,Female,35-44,53.79,Loan originated
1,925000.0,44,1615000.0,299.0,1,Not Hispanic or Latino,White,Male,35-44,84.112,Loan originated
1,715000.0,20%-<30%,895000.0,712.0,1,Not Hispanic or Latino,White,Male,45-54,80.0,Loan originated
1,305000.0,41,325000.0,110.0,1,Not Hispanic or Latino,Asian,Female,35-44,95.0,Loan originated
1,705000.0,38,825000.0,210.0,1,Not Hispanic or Latino,Asian,Male,35-44,84.99,Loan originated
1,145000.0,42,205000.0,55.0,1,Not Hispanic or Latino,Asian,Female,35-44,70.0,Loan originated
1,815000.0,47,1085000.0,196.0,1,Not Hispanic or Latino,White,Male,35-44,75.0,Loan originated
1,235000.0,44,465000.0,71.0,1,Not Hispanic or Latino,White,Male,>74,50.0,Loan originated
1,545000.0,43,825000.0,136.0,1,Not Hispanic or Latino,White,Female,55-64,65.854,Loan originated
1,415000.0,30%-<36%,515000.0,143.0,1,Not Hispanic or Latino,Asian,Female,25-34,80.0,Loan originated
1,575000.0,30%-<36%,725000.0,218.0,1,Not Hispanic or Latino,White,Male,45-54,80.0,Loan originated
1,385000.0,44,415000.0,90.0,1,Hispanic or Latino,White,Male,35-44,92.0,Loan originated
1,225000.0,49,685000.0,59.0,1,Not Hispanic or Latino,White,Male,25-34,34.0,Loan originated
1,485000.0,20%-<30%,505000.0,199.0,1,Not Hispanic or Latino,Asian,Male,35-44,97.0,Loan originated
1,495000.0,20%-<30%,825000.0,521.0,1,Not Hispanic or Latino,Asian,Male,25-34,60.0,Loan originated
1,685000.0,40,855000.0,231.0,1,Not Hispanic or Latino,Asian,Male,45-54,80.0,Loan originated
1,295000.0,30%-<36%,305000.0,111.0,1,Not Hispanic or Latino,White,Male,25-34,97.0,Loan originated
1,415000.0,45,465000.0,115.0,1,Not Hispanic or Latino,Asian,Female,35-44,90.0,Application denied
1,815000.0,30%-<36%,1315000.0,237.0,1,Not Hispanic or Latino,White,Male,25-34,61.83,Loan originated
1,615000.0,47,655000.0,149.0,1,Hispanic or Latino,White,Female,25-34,95.0,Loan originated
1,135000.0,48,145000.0,86.0,1,Not Hispanic or Latino,White,Male,65-74,95.0,Loan originated
1,205000.0,20%-<30%,775000.0,138.0,1,Not Hispanic or Latino,Asian,Female,25-34,26.0,Loan originated
1,1085000.0,<20%,2435000.0,813.0,1,Not Hispanic or Latino,Asian,Male,35-44,44.736,Loan originated
1,565000.0,47,705000.0,140.0,1,Not Hispanic or Latino,Asian,Male,35-44,80.0,Loan originated
1,565000.0,20%-<30%,1035000.0,296.0,1,Not Hispanic or Latino,White,Male,35-44,54.369,Loan originated
1,655000.0,20%-<30%,875000.0,275.0,1,Not Hispanic or Latino,White,Male,35-44,75.0,Loan originated
1,135000.0,50%-60%,135000.0,72.0,1,Not Hispanic or Latino,White,Male,65-74,95.0,Loan originated
1,395000.0,20%-<30%,695000.0,138.0,1,Hispanic or Latino,White,Male,65-74,56.958,Loan originated
1,125000.0,20%-<30%,135000.0,56.0,1,Hispanic or Latino,White,Female,<25,97.0,Loan originated
1,245000.0,45,315000.0,131.0,1,Not Hispanic or Latino,White,Female,45-54,79.03,Loan originated
1,655000.0,44,675000.0,164.0,1,Not Hispanic or Latino,Black or African American,Female,45-54,97.0,Loan originated
1,345000.0,47,395000.0,98.0,1,Not Hispanic or Latino,Black or African American,Female,45-54,88.478,Loan originated
1,825000.0,49,1035000.0,159.0,1,Not Hispanic or Latino,Asian,Female,25-34,79.748,Loan originated
1,585000.0,30%-<36%,735000.0,453.0,1,Not Hispanic or Latino,White,Male,25-34,80.0,Loan originated
1,525000.0,44,555000.0,130.0,1,Not Hispanic or Latino,White,Male,25-34,95.0,Loan originated
1,545000.0,49,645000.0,109.0,1,Not Hispanic or Latino,Black or African American,Female,35-44,85.0,Loan originated
1,285000.0,49,345000.0,50.0,1,Hispanic or Latino,White,Male,35-44,85.0,Loan originated
1,725000.0,38,1025000.0,179.0,1,Not Hispanic or Latino,White,Male,55-64,70.732,Loan originated
1,465000.0,30%-<36%,515000.0,162.0,1,Hispanic or Latino,White,Male,45-54,89.9,Loan originated
1,745000.0,50%-60%,775000.0,152.0,1,Not Hispanic or Latino,Asian,Male,35-44,80.0,Application denied
1,925000.0,45,1155000.0,16.0,1,Not Hispanic or Latino,Asian,Male,25-34,80.0,Loan originated
1,585000.0,<20%,725000.0,402.0,1,Hispanic or Latino,White,Male,35-44,80.0,Loan originated
1,575000.0,39,725000.0,151.0,1,Not Hispanic or Latino,White,Female,45-54,96.0,Loan originated
1,155000.0,30%-<36%,205000.0,66.0,1,Not Hispanic or Latino,White,Female,35-44,75.0,Loan originated
1,315000.0,46,885000.0,97.0,1,Not Hispanic or Latino,White,Female,55-64,36.0,Loan originated
1,375000.0,48,445000.0,87.0,1,Hispanic or Latino,White,Female,55-64,85.0,Loan originated
1,305000.0,37,325000.0,93.0,1,Hispanic or Latino,White,Female,<25,95.0,Loan originated
1,395000.0,47,415000.0,81.0,1,Not Hispanic or Latino,White,Male,25-34,96.829,Loan originated
1,645000.0,46,685000.0,143.0,1,Hispanic or Latino,White,Male,45-54,95.0,Loan originated
1,495000.0,40,565000.0,129.0,1,Hispanic or Latino,White,Male,25-34,87.544,Loan originated
1,285000.0,49,595000.0,79.0,1,Hispanic or Latino,White,Female,45-54,47.943,Loan originated
1,395000.0,49,985000.0,87.0,1,Not Hispanic or Latino,White,Female,25-34,40.406,Loan originated
1,1005000.0,39,1255000.0,260.0,1,Hispanic or Latino,White,Female,25-34,80.0,Loan originated
1,735000.0,48,925000.0,219.0,1,Not Hispanic or Latino,White,Female,65-74,80.0,Loan originated
1,455000.0,<20%,715000.0,268.0,1,Not Hispanic or Latino,White,Male,55-64,62.587,Loan originated
1,525000.0,43,585000.0,150.0,1,Hispanic or Latino,White,Male,25-34,90.0,Loan originated
1,695000.0,49,775000.0,220.0,1,Not Hispanic or Latino,Asian,Male,25-34,90.0,Loan originated
1,335000.0,49,1565000.0,96.0,1,Not Hispanic or Latino,White,Female,35-44,21.731,Loan originated
1,765000.0,41,1365000.0,391.0,1,Not Hispanic or Latino,White,Female,25-34,56.0,Loan originated
1,845000.0,50%-60%,1205000.0,144.0,1,Not Hispanic or Latino,White,Female,55-64,70.0,Loan originated
1,385000.0,48,435000.0,81.0,1,Not Hispanic or Latino,Black or African American,Male,55-64,90.0,Loan originated
1,435000.0,47,535000.0,105.0,1,Hispanic or Latino,White,Female,25-34,80.0,Loan originated
1,235000.0,48,655000.0,117.0,1,Not Hispanic or Latino,White,Female,65-74,36.769,Loan originated
1,335000.0,42,425000.0,133.0,1,Not Hispanic or Latino,White,Female,25-34,80.0,Loan originated
1,825000.0,41,1655000.0,211.0,1,Not Hispanic or Latino,Asian,Female,25-34,50.0,Loan originated
1,905000.0,36,1195000.0,270.0,1,Not Hispanic or Latino,Asian,Female,35-44,76.303,Loan originated
1,1015000.0,44,1295000.0,229.0,1,Not Hispanic or Latino,White,Male,45-54,77.99,Loan originated
1,905000.0,30%-<36%,1605000.0,508.0,1,Not Hispanic or Latino,Asian,Male,45-54,59.77,Application denied
1,295000.0,30%-<36%,365000.0,86.0,1,Hispanic or Latino,White,Male,25-34,80.0,Loan originated
1,795000.0,38,845000.0,391.0,1,Not Hispanic or Latino,White,Male,25-34,95.0,Loan originated
1,295000.0,49,485000.0,99.0,1,Hispanic or Latino,White,Male,35-44,62.083,Loan originated
1,545000.0,30%-<36%,675000.0,192.0,1,Not Hispanic or Latino,White,Female,55-64,80.0,Loan originated
1,765000.0,47,1105000.0,153.0,1,Not Hispanic or Latino,Asian,Male,35-44,69.367,Loan originated
1,435000.0,20%-<30%,575000.0,146.0,1,Not Hispanic or Latino,White,Female,25-34,75.0,Loan originated
1,345000.0,44,385000.0,88.0,1,Hispanic or Latino,White,Female,25-34,90.0,Loan originated
1,805000.0,49,1075000.0,170.0,1,Not Hispanic or Latino,Asian,Male,25-34,75.0,Loan originated
1,305000.0,47,385000.0,73.0,1,Hispanic or Latino,White,Female,35-44,80.0,Loan originated
1,265000.0,43,495000.0,71.0,1,Not Hispanic or Latino,Asian,Female,55-64,53.06,Loan originated
1,425000.0,20%-<30%,675000.0,165.0,1,Not Hispanic or Latino,White,Male,45-54,62.963,Loan originated
1,515000.0,48,685000.0,195.0,1,Not Hispanic or Latino,White,Male,35-44,75.0,Loan originated
1,195000.0,45,205000.0,60.0,1,Not Hispanic or Latino,American Indian or Alaska Native,Male,45-54,97.0,Loan originated
1,495000.0,48,615000.0,126.0,1,Not Hispanic or Latino,White,Male,65-74,80.0,Loan originated
1,595000.0,47,625000.0,131.0,1,Not Hispanic or Latino,Black or African American,Male,45-54,95.0,Loan originated
1,385000.0,46,605000.0,122.0,1,Hispanic or Latino,White,Female,45-54,63.675,Loan originated
1,315000.0,49,855000.0,102.0,1,Not Hispanic or Latino,White,Male,45-54,36.56,Loan originated
1,245000.0,49,295000.0,65.0,1,Hispanic or Latino,White,Female,65-74,85.0,Loan originated
1,885000.0,44,1645000.0,227.0,1,Not Hispanic or Latino,White,Female,45-54,53.45,Loan originated
1,755000.0,30%-<36%,1355000.0,438.0,1,Not Hispanic or Latino,White,Male,35-44,55.556,Loan originated
1,225000.0,48,305000.0,47.0,1,Hispanic or Latino,White,Male,45-54,73.0,Loan originated
1,305000.0,43,505000.0,73.0,1,Not Hispanic or Latino,Asian,Female,25-34,60.0,Loan originated
1,155000.0,20%-<30%,455000.0,127.0,1,Not Hispanic or Latino,White,Female,55-64,33.694,Loan originated
1,305000.0,49,485000.0,71.0,1,Hispanic or Latino,2 or more minority races,Female,65-74,62.5,Loan originated
1,585000.0,49,855000.0,110.0,1,Hispanic or Latino,White,Female,45-54,69.059,Loan originated
1,425000.0,38,475000.0,178.0,1,Not Hispanic or Latino,White,Female,35-44,90.0,Loan originated
1,1105000.0,40,1575000.0,277.0,1,Not Hispanic or Latino,Asian,Male,45-54,70.0,Loan originated
1,445000.0,49,465000.0,89.0,1,Not Hispanic or Latino,White,Female,55-64,100.0,Loan originated
1,405000.0,49,515000.0,96.0,1,Not Hispanic or Latino,White,Male,25-34,80.0,Loan originated
1,565000.0,37,705000.0,161.0,1,Not Hispanic or Latino,Asian,Male,25-34,80.0,Loan originated
1,975000.0,30%-<36%,1415000.0,337.0,1,Not Hispanic or Latino,White,Male,25-34,69.28,Loan originated
1,555000.0,30%-<36%,575000.0,185.0,1,Not Hispanic or Latino,White,Female,35-44,97.0,Loan originated
1,615000.0,39,655000.0,211.0,1,Hispanic or Latino,White,Male,45-54,95.0,Loan originated
1,405000.0,39,1305000.0,144.0,1,Not Hispanic or Latino,Asian,Male,65-74,30.769,Loan originated
1,465000.0,43,495000.0,124.0,1,Not Hispanic or Latino,Asian,Female,25-34,95.0,Loan originated
1,365000.0,49,615000.0,82.0,1,Not Hispanic or Latino,Asian,Female,45-54,59.0,Loan originated
1,1095000.0,48,1465000.0,314.0,1,Not Hispanic or Latino,Asian,Female,25-34,75.0,Loan originated
1,375000.0,50%-60%,425000.0,78.0,1,Hispanic or Latino,White,Male,35-44,90.0,Loan originated
1,625000.0,46,655000.0,260.0,1,Hispanic or Latino,White,Male,25-34,95.0,Loan originated
1,1125000.0,50%-60%,1655000.0,244.0,1,Not Hispanic or Latino,White,Female,35-44,68.18,Loan originated
1,585000.0,41,735000.0,132.0,1,Not Hispanic or Latino,Asian,Male,<25,80.0,Loan originated
1,455000.0,30%-<36%,615000.0,156.0,1,Not Hispanic or Latino,Asian,Female,25-34,75.0,Loan originated
1,375000.0,48,405000.0,110.0,1,Hispanic or Latino,White,Male,45-54,95.0,Loan originated
1,545000.0,20%-<30%,725000.0,212.0,1,Hispanic or Latino,White,Female,45-54,75.0,Loan originated
1,465000.0,49,585000.0,100.0,1,Not Hispanic or Latino,Asian,Female,35-44,79.31,Loan originated
1,165000.0,45,575000.0,61.0,1,Not Hispanic or Latino,Asian,Female,45-54,28.477,Loan originated
1,505000.0,30%-<36%,745000.0,182.0,1,Not Hispanic or Latino,White,Male,65-74,67.568,Loan originated
1,525000.0,30%-<36%,655000.0,155.0,1,Hispanic or Latino,White,Female,45-54,80.0,Loan originated
1,355000.0,43,495000.0,78.0,1,Hispanic or Latino,White,Male,35-44,71.313,Loan originated
1,475000.0,37,975000.0,141.0,1,Not Hispanic or Latino,White,Male,35-44,48.875,Loan originated
1,355000.0,47,385000.0,89.0,1,Not Hispanic or Latino,White,Female,45-54,92.306,Loan originated
1,345000.0,49,435000.0,141.0,1,Not Hispanic or Latino,White,Female,>74,80.0,Loan originated
1,705000.0,46,885000.0,318.0,1,Not Hispanic or Latino,Asian,Male,55-64,80.0,Loan originated
1,725000.0,46,915000.0,153.0,1,Not Hispanic or Latino,Asian,Male,45-54,80.0,Loan originated
1,375000.0,39,465000.0,216.0,1,Not Hispanic or Latino,White,Female,35-44,80.0,Loan originated
1,855000.0,44,905000.0,272.0,1,Not Hispanic or Latino,Asian,Male,25-34,94.894,Loan originated
1,665000.0,38,835000.0,161.0,1,Not Hispanic or Latino,Asian,Male,35-44,80.0,Loan originated
1,285000.0,46,295000.0,74.0,1,Hispanic or Latino,White,Female,55-64,100.0,Loan originated
1,475000.0,42,675000.0,112.0,1,Not Hispanic or Latino,White,Male,25-34,70.149,Loan originated
1,145000.0,36,195000.0,99.0,1,Hispanic or Latino,White,Female,65-74,74.36,Loan originated
1,845000.0,46,1055000.0,182.0,1,Not Hispanic or Latino,White,Male,35-44,80.0,Loan originated
1,595000.0,42,615000.0,174.0,1,Hispanic or Latino,White,Male,35-44,97.0,Loan originated
1,245000.0,47,285000.0,50.0,1,Hispanic or Latino,White,Male,25-34,91.425,Loan originated
1,325000.0,40,505000.0,102.0,1,Not Hispanic or Latino,Asian,Male,25-34,65.0,Loan originated
1,435000.0,37,485000.0,99.0,1,Hispanic or Latino,White,Male,25-34,89.99,Loan originated
1,955000.0,48,1285000.0,183.0,1,Not Hispanic or Latino,Asian,Female,25-34,73.93,Loan originated
1,685000.0,30%-<36%,815000.0,282.0,1,Not Hispanic or Latino,Black or African American,Female,25-34,85.0,Loan originated
1,795000.0,45,995000.0,194.0,1,Not Hispanic or Latino,Asian,Male,35-44,79.98,Loan originated
1,1055000.0,40,1455000.0,370.0,1,Not Hispanic or Latino,Asian,Male,35-44,72.414,Loan originated
1,905000.0,38,1305000.0,233.0,1,Not Hispanic or Latino,Asian,Female,25-34,69.0,Loan originated
1,485000.0,48,605000.0,115.0,1,Hispanic or Latino,White,Female,35-44,80.0,Loan originated
1,765000.0,43,855000.0,170.0,1,Not Hispanic or Latino,Asian,Male,25-34,89.727,Loan originated
1,805000.0,42,855000.0,225.0,1,Not Hispanic or Latino,White,Male,25-34,95.0,Loan originated
1,485000.0,43,515000.0,120.0,1,Not Hispanic or Latino,Asian,Male,25-34,95.0,Loan originated
1,575000.0,37,725000.0,188.0,1,Not Hispanic or Latino,Asian,Male,25-34,80.0,Application denied
1,735000.0,<20%,1055000.0,1595.0,1,Not Hispanic or Latino,White,Male,35-44,70.0,Loan originated
1,285000.0,41,315000.0,106.0,1,Not Hispanic or Latino,White,Male,65-74,90.0,Loan originated
1,555000.0,20%-<30%,585000.0,420.0,1,Not Hispanic or Latino,Black or African American,Female,55-64,96.0,Application denied
1,625000.0,44,785000.0,142.0,1,Hispanic or Latino,White,Female,25-34,80.0,Loan originated
1,515000.0,40,645000.0,167.0,1,Not Hispanic or Latino,Asian,Male,35-44,80.0,Loan originated
1,195000.0,46,205000.0,60.0,1,Not Hispanic or Latino,2 or more minority races,Male,35-44,97.0,Application denied
1,315000.0,41,675000.0,81.0,1,Not Hispanic or Latino,Black or African American,Female,45-54,46.27,Loan originated
1,435000.0,20%-<30%,545000.0,161.0,1,Not Hispanic or Latino,White,Female,35-44,83.0,Loan originated
1,265000.0,40,435000.0,119.0,1,Not Hispanic or Latino,White,Female,65-74,59.77,Loan originated
1,585000.0,49,735000.0,136.0,1,Not Hispanic or Latino,Asian,Female,25-34,80.0,Loan originated
1,425000.0,43,955000.0,109.0,1,Not Hispanic or Latino,White,Female,55-64,44.737,Loan originated
1,155000.0,49,725000.0,52.0,1,Not Hispanic or Latino,White,Female,65-74,21.0,Loan originated
1,205000.0,38,835000.0,80.0,1,Not Hispanic or Latino,White,Female,35-44,24.096,Loan originated
1,655000.0,49,725000.0,136.0,1,Not Hispanic or Latino,Asian,Male,55-64,90.0,Loan originated
1,705000.0,45,755000.0,149.0,1,Not Hispanic or Latino,Black or African American,Male,35-44,94.0,Loan originated
1,765000.0,44,805000.0,181.0,1,Not Hispanic or Latino,Asian,Male,25-34,95.0,Loan originated
1,235000.0,50%-60%,295000.0,106.0,1,Hispanic or Latino,White,Female,55-64,80.0,Application denied
1,145000.0,48,165000.0,71.0,1,Not Hispanic or Latino,White,Male,25-34,90.0,Loan originated
1,575000.0,44,595000.0,135.0,1,Not Hispanic or Latino,Asian,Male,25-34,97.0,Loan originated
1,885000.0,44,1105000.0,229.0,1,Not Hispanic or Latino,White,Male,35-44,80.0,Loan originated
1,905000.0,46,1435000.0,181.0,1,Not Hispanic or Latino,Asian,Male,25-34,62.548,Loan originated
1,415000.0,39,555000.0,170.0,1,Not Hispanic or Latino,White,Male,35-44,75.0,Loan originated
1,225000.0,30%-<36%,285000.0,70.0,1,Not Hispanic or Latino,White,Female,35-44,80.0,Loan originated
1,435000.0,30%-<36%,545000.0,95.0,1,Not Hispanic or Latino,White,Female,25-34,80.0,Loan originated
1,865000.0,20%-<30%,1085000.0,343.0,1,Not Hispanic or Latino,White,Female,25-34,80.0,Loan originated
1,415000.0,38,645000.0,120.0,1,Not Hispanic or Latino,Asian,Male,45-54,64.341,Loan originated
1,865000.0,40,1085000.0,217.0,1,Not Hispanic or Latino,White,Female,35-44,80.0,Loan originated
1,595000.0,>60%,605000.0,92.0,1,Hispanic or Latino,American Indian or Alaska Native,Male,25-34,96.99,Application denied
1,505000.0,43,1905000.0,138.0,1,Not Hispanic or Latino,Asian,Female,25-34,26.316,Loan originated
1,765000.0,40,965000.0,240.0,1,Not Hispanic or Latino,Asian,Male,25-34,80.0,Loan originated
1,185000.0,20%-<30%,235000.0,166.0,1,Not Hispanic or Latino,White,Female,55-64,80.0,Loan originated
1,615000.0,30%-<36%,825000.0,203.0,1,Not Hispanic or Latino,Asian,Male,25-34,75.0,Loan originated
1,165000.0,30%-<36%,615000.0,93.0,1,Not Hispanic or Latino,Asian,Male,25-34,26.947,Loan originated
1,185000.0,41,465000.0,61.0,1,Not Hispanic or Latino,White,Male,55-64,38.925,Loan originated
1,655000.0,43,815000.0,166.0,1,Not Hispanic or Latino,Asian,Male,35-44,80.0,Loan originated
1,535000.0,42,665000.0,154.0,1,Hispanic or Latino,White,Female,45-54,80.0,Loan originated
1,705000.0,49,1335000.0,207.0,1,Not Hispanic or Latino,Asian,Male,65-74,52.317,Loan originated
1,345000.0,48,365000.0,177.0,1,Not Hispanic or Latino,White,Female,35-44,95.0,Loan originated
1,335000.0,20%-<30%,445000.0,143.0,1,Not Hispanic or Latino,Asian,Male,25-34,75.0,Loan originated
1,485000.0,30%-<36%,735000.0,146.0,1,Not Hispanic or Latino,Asian,Female,35-44,65.8,Loan originated
1,615000.0,30%-<36%,725000.0,190.0,1,Hispanic or Latino,White,Male,55-64,85.0,Loan originated
1,415000.0,20%-<30%,455000.0,158.0,1,Hispanic or Latino,White,Female,25-34,89.99,Loan originated
1,275000.0,<20%,335000.0,170.0,1,Not Hispanic or Latino,White,Female,35-44,80.0,Loan originated
1,335000.0,<20%,885000.0,252.0,1,Not Hispanic or Latino,White,Male,45-54,38.133,Loan originated
1,565000.0,48,595000.0,196.0,1,Not Hispanic or Latino,White,Female,45-54,95.0,Loan originated
1,1115000.0,41,1395000.0,341.0,1,Not Hispanic or Latino,White,Male,55-64,80.0,Loan originated
1,505000.0,30%-<36%,805000.0,222.0,1,Not Hispanic or Latino,Asian,Male,45-54,62.451,Loan originated
1,645000.0,30%-<36%,805000.0,227.0,1,Not Hispanic or Latino,White,Female,35-44,80.0,Loan originated
1,1005000.0,45,3055000.0,302.0,1,Not Hispanic or Latino,Asian,Male,45-54,32.79,Loan originated
1,945000.0,30%-<36%,1175000.0,323.0,1,Not Hispanic or Latino,Asian,Female,35-44,80.0,Loan originated
1,705000.0,20%-<30%,875000.0,249.0,1,Not Hispanic or Latino,White,Female,25-34,80.0,Loan originated
1,495000.0,30%-<36%,615000.0,179.0,1,Not Hispanic or Latino,White,Male,45-54,80.0,Loan originated
1,505000.0,20%-<30%,625000.0,225.0,1,Not Hispanic or Latino,White,Male,55-64,80.0,Loan originated
1,245000.0,47,745000.0,74.0,1,Not Hispanic or Latino,White,Female,25-34,32.886,Loan originated
1,345000.0,44,465000.0,96.0,1,Not Hispanic or Latino,Asian,Male,25-34,74.514,Loan originated
1,705000.0,49,835000.0,280.0,1,Hispanic or Latino,White,Male,35-44,85.0,Loan originated
1,535000.0,48,1125000.0,117.0,1,Not Hispanic or Latino,Asian,Male,45-54,47.321,Loan originated
1,645000.0,42,805000.0,161.0,1,Not Hispanic or Latino,Asian,Male,25-34,80.0,Loan originated
1,525000.0,48,705000.0,119.0,1,Hispanic or Latino,White,Male,45-54,75.0,Loan originated
1,585000.0,44,725000.0,131.0,1,Hispanic or Latino,White,Female,35-44,80.0,Loan originated
1,625000.0,48,785000.0,198.0,1,Hispanic or Latino,White,Male,55-64,80.0,Loan originated
1,515000.0,43,575000.0,180.0,1,Not Hispanic or Latino,Asian,Female,55-64,90.0,Loan originated
1,635000.0,41,795000.0,147.0,1,Not Hispanic or Latino,Asian,Male,25-34,80.0,Loan originated
1,375000.0,20%-<30%,625000.0,179.0,1,Not Hispanic or Latino,White,Female,25-34,59.52,Loan originated
1,725000.0,42,905000.0,178.0,1,Hispanic or Latino,White,Male,45-54,80.0,Loan originated
1,1125000.0,42,2205000.0,282.0,1,Not Hispanic or Latino,Asian,Male,45-54,50.91,Loan originated
1,465000.0,47,525000.0,115.0,1,Not Hispanic or Latino,White,Female,25-34,90.0,Loan originated
1,625000.0,40,1025000.0,161.0,1,Not Hispanic or Latino,Asian,Male,25-34,61.049,Loan originated
1,355000.0,50%-60%,775000.0,69.0,1,Not Hispanic or Latino,Asian,Female,65-74,38.961,Application denied
1,415000.0,49,525000.0,102.0,1,Not Hispanic or Latino,White,Female,45-54,80.0,Loan originated
1,765000.0,30%-<36%,1225000.0,246.0,1,Not Hispanic or Latino,White,Female,35-44,62.832,Loan originated
1,935000.0,49,1535000.0,247.0,1,Not Hispanic or Latino,Asian,Male,35-44,60.912,Loan originated
1,665000.0,47,905000.0,173.0,1,Not Hispanic or Latino,Asian,Female,25-34,75.0,Loan originated
1,725000.0,30%-<36%,915000.0,201.0,1,Not Hispanic or Latino,White,Male,25-34,80.0,Loan originated
1,305000.0,39,505000.0,104.0,1,Hispanic or Latino,White,Female,55-64,60.16,Loan originated
1,475000.0,46,505000.0,322.0,1,Not Hispanic or Latino,White,Female,55-64,95.0,Loan originated
1,765000.0,45,1465000.0,303.0,1,Not Hispanic or Latino,White,Male,45-54,52.503,Loan originated
1,285000.0,<20%,485000.0,207.0,1,Not Hispanic or Latino,Asian,Male,25-34,58.763,Loan originated
1,315000.0,38,915000.0,150.0,1,Not Hispanic or Latino,White,Male,65-74,34.066,Loan originated
1,905000.0,20%-<30%,955000.0,628.0,1,Hispanic or Latino,White,Female,35-44,95.0,Loan originated
1,1005000.0,30%-<36%,1445000.0,312.0,1,Not Hispanic or Latino,Asian,Male,35-44,69.057,Loan originated
1,605000.0,49,645000.0,145.0,1,Hispanic or Latino,White,Male,25-34,95.0,Loan originated
1,365000.0,44,375000.0,90.0,1,Hispanic or Latino,White,Male,25-34,100.0,Loan originated
1,555000.0,38,565000.0,160.0,1,Hispanic or Latino,White,Male,25-34,101.94,Loan originated
1,545000.0,49,665000.0,112.0,1,Not Hispanic or Latino,Black or African American,Male,55-64,102.65,Loan originated
1,745000.0,42,875000.0,180.0,1,Not Hispanic or Latino,White,Female,25-34,85.0,Loan originated
1,725000.0,20%-<30%,905000.0,372.0,1,Not Hispanic or Latino,White,Male,25-34,80.0,Loan originated
1,565000.0,41,585000.0,146.0,1,Hispanic or Latino,White,Male,25-34,97.0,Loan originated
1,405000.0,42,415000.0,103.0,1,Not Hispanic or Latino,White,Male,25-34,97.0,Loan originated
1,265000.0,50%-60%,335000.0,64.0,1,Hispanic or Latino,White,Male,35-44,80.0,Loan originated
1,805000.0,41,1005000.0,236.0,1,Hispanic or Latino,White,Male,25-34,80.0,Loan originated
1,305000.0,50%-60%,395000.0,70.0,1,Not Hispanic or Latino,White,Female,25-34,77.13,Loan originated
1,105000.0,48,665000.0,65.0,1,Not Hispanic or Latino,White,Female,55-64,14.928,Loan originated
1,525000.0,41,545000.0,170.0,1,Not Hispanic or Latino,White,Female,45-54,97.0,Loan originated
1,435000.0,30%-<36%,535000.0,147.0,1,Not Hispanic or Latino,White,Male,25-34,83.0,Loan originated
1,795000.0,49,1055000.0,338.0,1,Not Hispanic or Latino,Asian,Male,<25,75.0,Loan originated
1,105000.0,30%-<36%,365000.0,57.0,1,Not Hispanic or Latino,White,Female,>74,27.778,Loan originated
1,525000.0,36,885000.0,179.0,1,Not Hispanic or Latino,White,Female,55-64,60.0,Loan originated
1,485000.0,30%-<36%,615000.0,283.0,1,Not Hispanic or Latino,White,Male,55-64,80.0,Loan originated
1,735000.0,36,1205000.0,209.0,1,Not Hispanic or Latino,Asian,Male,45-54,61.25,Loan originated
1,155000.0,20%-<30%,755000.0,210.0,1,Not Hispanic or Latino,Asian,Female,45-54,19.868,Loan originated
1,375000.0,38,415000.0,130.0,1,Not Hispanic or Latino,White,Female,55-64,90.0,Loan originated
1,375000.0,39,395000.0,130.0,1,Not Hispanic or Latino,White,Male,55-64,95.0,Loan originated
1,285000.0,45,295000.0,81.0,1,Hispanic or Latino,White,Male,25-34,97.0,Loan originated
1,1045000.0,30%-<36%,1735000.0,454.0,1,Not Hispanic or Latino,White,Male,35-44,60.0,Loan originated
1,275000.0,39,675000.0,113.0,1,Not Hispanic or Latino,Asian,Male,25-34,40.769,Loan originated
1,825000.0,30%-<36%,1035000.0,369.0,1,Not Hispanic or Latino,Asian,Female,35-44,80.0,Loan originated
1,1055000.0,42,1315000.0,232.0,1,Not Hispanic or Latino,Asian,Male,45-54,80.0,Loan originated
1,595000.0,41,665000.0,160.0,1,Not Hispanic or Latino,White,Male,25-34,90.0,Loan originated
1,345000.0,47,385000.0,216.0,1,Hispanic or Latino,White,Male,45-54,90.0,Loan originated
1,505000.0,30%-<36%,635000.0,369.0,1,Not Hispanic or Latino,Asian,Male,25-34,80.0,Loan originated
1,565000.0,30%-<36%,1565000.0,2530.0,1,Not Hispanic or Latino,Asian,Female,45-54,35.78,Loan originated
1,365000.0,20%-<30%,965000.0,175.0,1,Not Hispanic or Latino,Asian,Male,55-64,37.38,Loan originated
1,425000.0,36,535000.0,125.0,1,Hispanic or Latino,White,Male,45-54,80.0,Loan originated
1,305000.0,38,675000.0,113.0,1,Not Hispanic or Latino,White,Male,25-34,44.51,Loan originated
1,975000.0,46,1155000.0,207.0,1,Hispanic or Latino,White,Female,45-54,84.783,Loan originated
1,555000.0,43,695000.0,150.0,1,Hispanic or Latino,White,Male,25-34,80.0,Loan originated
1,555000.0,44,1225000.0,211.0,1,Not Hispanic or Latino,White,Male,55-64,45.08,Loan originated
1,665000.0,49,825000.0,237.0,1,Not Hispanic or Latino,White,Female,55-64,80.0,Loan originated
1,655000.0,47,1955000.0,329.0,1,Not Hispanic or Latino,White,Male,45-54,34.0,Loan originated
1,375000.0,45,535000.0,85.0,1,Hispanic or Latino,White,Female,25-34,70.0,Loan originated
1,325000.0,30%-<36%,1075000.0,140.0,1,Not Hispanic or Latino,Asian,Male,35-44,30.49,Loan originated
1,765000.0,42,805000.0,172.0,1,Not Hispanic or Latino,White,Male,45-54,95.0,Loan originated
1,155000.0,46,165000.0,73.0,1,Hispanic or Latino,White,Male,25-34,95.0,Application denied
1,605000.0,49,755000.0,128.0,1,Not Hispanic or Latino,White,Male,25-34,80.0,Loan originated
1,195000.0,<20%,205000.0,109.0,1,Not Hispanic or Latino,White,Male,45-54,95.0,Loan originated
1,805000.0,36,1595000.0,259.0,1,Not Hispanic or Latino,Asian,Female,25-34,50.28,Loan originated
1,925000.0,20%-<30%,2285000.0,414.0,1,Not Hispanic or Latino,Asian,Male,45-54,40.25,Loan originated
1,605000.0,46,765000.0,144.0,1,Not Hispanic or Latino,Asian,Male,35-44,80.0,Loan originated
1,445000.0,40,645000.0,236.0,1,Not Hispanic or Latino,White,Male,55-64,68.992,Loan originated
1,565000.0,30%-<36%,715000.0,209.0,1,Not Hispanic or Latino,Asian,Male,45-54,80.0,Loan originated
1,1055000.0,30%-<36%,1175000.0,292.0,1,Not Hispanic or Latino,Asian,Male,25-34,89.9,Loan originated
1,705000.0,46,875000.0,214.0,1,Not Hispanic or Latino,White,Female,45-54,80.0,Loan originated
1,805000.0,38,865000.0,193.0,1,Not Hispanic or Latino,White,Male,45-54,93.43,Loan originated
1,825000.0,45,915000.0,240.0,1,Hispanic or Latino,White,Female,55-64,90.0,Loan originated
1,815000.0,49,1145000.0,173.0,1,Not Hispanic or Latino,White,Female,35-44,70.496,Loan originated
1,205000.0,47,255000.0,47.0,1,Hispanic or Latino,White,Male,35-44,80.0,Loan originated
1,535000.0,49,565000.0,159.0,1,Hispanic or Latino,White,Male,25-34,94.92,Loan originated
1,575000.0,30%-<36%,635000.0,229.0,1,Not Hispanic or Latino,Black or African American,Male,45-54,90.0,Loan originated
1,495000.0,45,655000.0,125.0,1,Not Hispanic or Latino,White,Female,35-44,75.0,Loan originated
1,1055000.0,42,1315000.0,256.0,1,Not Hispanic or Latino,Asian,Male,35-44,80.0,Application denied
1,595000.0,49,745000.0,139.0,1,Not Hispanic or Latino,Asian,Male,25-34,80.0,Loan originated
1,755000.0,44,1005000.0,171.0,1,Not Hispanic or Latino,Asian,Male,35-44,75.0,Loan originated
1,745000.0,30%-<36%,825000.0,284.0,1,Not Hispanic or Latino,Asian,Male,35-44,89.9,Loan originated
1,715000.0,41,795000.0,254.0,1,Not Hispanic or Latino,White,Male,55-64,90.0,Loan originated
1,715000.0,43,755000.0,154.0,1,Not Hispanic or Latino,White,Female,35-44,94.62,Loan originated
1,455000.0,48,475000.0,131.0,1,Not Hispanic or Latino,Black or African American,Female,25-34,95.0,Loan originated
1,1075000.0,49,1205000.0,284.0,1,Not Hispanic or Latino,White,Female,35-44,89.99,Loan originated
1,435000.0,49,535000.0,113.0,1,Hispanic or Latino,White,Female,35-44,82.243,Loan originated
1,265000.0,36,285000.0,72.0,1,Not Hispanic or Latino,White,Male,25-34,92.98,Loan originated
1,725000.0,43,745000.0,174.0,1,Not Hispanic or Latino,Asian,Female,35-44,96.5,Loan originated
1,545000.0,42,575000.0,149.0,1,Not Hispanic or Latino,Black or African American,Female,35-44,95.0,Loan originated
1,1095000.0,45,1525000.0,248.0,1,Not Hispanic or Latino,2 or more minority races,Female,35-44,71.5,Loan originated
1,505000.0,48,515000.0,140.0,1,Hispanic or Latino,White,Male,25-34,97.0,Loan originated
1,395000.0,44,425000.0,107.0,1,Not Hispanic or Latino,Black or African American,Female,45-54,95.0,Loan originated
1,845000.0,45,885000.0,166.0,1,Not Hispanic or Latino,Asian,Male,<25,95.0,Loan originated
1,285000.0,30%-<36%,365000.0,106.0,1,Not Hispanic or Latino,Asian,Female,35-44,80.0,Loan originated
1,765000.0,49,1005000.0,152.0,1,Not Hispanic or Latino,Asian,Female,35-44,75.999,Loan originated
1,915000.0,37,1145000.0,246.0,1,Hispanic or Latino,White,Male,65-74,80.0,Loan originated
1,525000.0,41,625000.0,269.0,1,Not Hispanic or Latino,Asian,Male,45-54,83.333,Loan originated
1,185000.0,20%-<30%,305000.0,195.0,1,Hispanic or Latino,White,Female,45-54,61.0,Loan originated
1,185000.0,37,275000.0,73.0,1,Hispanic or Latino,White,Male,35-44,66.667,Loan originated
1,145000.0,20%-<30%,165000.0,169.0,1,Not Hispanic or Latino,White,Male,55-64,90.0,Loan originated
1,1005000.0,<20%,1965000.0,603.0,1,Not Hispanic or Latino,Asian,Male,25-34,51.02,Loan originated
1,285000.0,30%-<36%,305000.0,141.0,1,Not Hispanic or Latino,Black or African American,Female,55-64,95.0,Application denied
1,415000.0,39,425000.0,125.0,1,Hispanic or Latino,Black or African American,Female,35-44,97.0,Loan originated
1,345000.0,20%-<30%,385000.0,148.0,1,Not Hispanic or Latino,Asian,Female,45-54,90.0,Loan originated
1,455000.0,30%-<36%,505000.0,175.0,1,Hispanic or Latino,White,Male,45-54,90.0,Loan originated
1,255000.0,30%-<36%,265000.0,130.0,1,Not Hispanic or Latino,White,Male,25-34,93.851,Loan originated
1,355000.0,20%-<30%,395000.0,251.0,1,Not Hispanic or Latino,White,Male,35-44,90.0,Loan originated
1,485000.0,46,605000.0,120.0,1,Not Hispanic or Latino,Asian,Male,25-34,80.0,Loan originated
1,385000.0,49,405000.0,84.0,1,Hispanic or Latino,White,Male,25-34,95.0,Loan originated
1,415000.0,41,515000.0,124.0,1,Not Hispanic or Latino,White,Male,35-44,100.0,Loan originated
1,615000.0,47,775000.0,182.0,1,Not Hispanic or Latino,Black or African American,Female,65-74,83.0,Loan originated
1,425000.0,<20%,525000.0,256.0,1,Hispanic or Latino,White,Female,35-44,80.0,Loan originated
1,435000.0,20%-<30%,685000.0,159.0,1,Not Hispanic or Latino,White,Male,35-44,63.5,Loan originated
1,655000.0,30%-<36%,1105000.0,507.0,1,Not Hispanic or Latino,Black or African American,Male,45-54,59.132,Loan originated
1,385000.0,46,645000.0,109.0,1,Not Hispanic or Latino,Asian,Female,>74,59.222,Loan originated
1,905000.0,42,1155000.0,230.0,1,Hispanic or Latino,White,Male,45-54,79.02,Loan originated
1,825000.0,39,1035000.0,229.0,1,Not Hispanic or Latino,Asian,Female,25-34,80.0,Application denied
1,315000.0,39,515000.0,76.0,1,Not Hispanic or Latino,Asian,Male,25-34,60.784,Loan originated
1,245000.0,49,255000.0,59.0,1,Hispanic or Latino,White,Male,25-34,97.0,Loan originated
1,145000.0,47,405000.0,36.0,1,Not Hispanic or Latino,White,Male,55-64,36.25,Loan originated
1,905000.0,49,1765000.0,192.0,1,Not Hispanic or Latino,Asian,Male,25-34,51.53,Loan originated
1,325000.0,47,655000.0,95.0,1,Not Hispanic or Latino,White,Female,65-74,50.0,Loan originated
1,335000.0,37,415000.0,108.0,1,Hispanic or Latino,White,Female,25-34,81.334,Loan originated
1,625000.0,46,785000.0,127.0,1,Not Hispanic or Latino,Black or African American,Male,35-44,80.0,Loan originated
1,285000.0,44,295000.0,87.0,1,Hispanic or Latino,White,Male,35-44,97.0,Loan originated
1,325000.0,30%-<36%,405000.0,102.0,1,Not Hispanic or Latino,White,Male,35-44,80.0,Loan originated
1,345000.0,40,415000.0,82.0,1,Not Hispanic or Latino,White,Female,25-34,84.146,Loan originated
1,565000.0,44,705000.0,147.0,1,Not Hispanic or Latino,Asian,Female,35-44,79.986,Loan originated
1,305000.0,30%-<36%,595000.0,132.0,1,Not Hispanic or Latino,White,Male,55-64,50.59,Loan originated
1,435000.0,49,545000.0,164.0,1,Hispanic or Latino,White,Female,>74,79.45,Loan originated
1,645000.0,38,665000.0,170.0,1,Not Hispanic or Latino,Asian,Male,35-44,96.5,Loan originated
1,445000.0,49,585000.0,93.0,1,Hispanic or Latino,White,Male,25-34,77.0,Loan originated
1,845000.0,49,955000.0,185.0,1,Not Hispanic or Latino,White,Female,45-54,89.0,Loan originated
1,965000.0,37,1215000.0,266.0,1,Not Hispanic or Latino,Asian,Male,>74,80.0,Loan originated
1,885000.0,44,1115000.0,216.0,1,Not Hispanic or Latino,Asian,Female,25-34,80.0,Loan originated
1,715000.0,48,905000.0,215.0,1,Not Hispanic or Latino,Asian,Female,45-54,79.444,Loan originated
1,395000.0,49,755000.0,89.0,1,Not Hispanic or Latino,Black or African American,Male,25-34,102.17,Loan originated
1,425000.0,47,525000.0,120.0,1,Not Hispanic or Latino,White,Male,25-34,80.0,Loan originated
1,425000.0,39,445000.0,118.0,1,Hispanic or Latino,White,Female,25-34,97.0,Loan originated
1,765000.0,41,965000.0,232.0,1,Not Hispanic or Latino,White,Male,35-44,82.518,Loan originated
1,925000.0,49,1055000.0,235.0,1,Not Hispanic or Latino,White,Female,35-44,88.476,Loan originated
1,445000.0,49,695000.0,194.0,1,Not Hispanic or Latino,Asian,Female,45-54,63.821,Loan originated
1,595000.0,49,745000.0,199.0,1,Not Hispanic or Latino,Asian,Male,45-54,80.0,Loan originated
1,875000.0,44,1205000.0,201.0,1,Not Hispanic or Latino,White,Female,45-54,72.434,Loan originated
1,765000.0,30%-<36%,925000.0,417.0,1,Hispanic or Latino,White,Female,55-64,82.88,Loan originated
1,525000.0,49,655000.0,94.0,1,Not Hispanic or Latino,Asian,Female,35-44,80.0,Loan originated
1,765000.0,43,1015000.0,13.0,1,Not Hispanic or Latino,Asian,Male,45-54,75.0,Loan originated
1,765000.0,40,1185000.0,241.0,1,Not Hispanic or Latino,Asian,Male,35-44,64.96,Loan originated
1,605000.0,47,765000.0,271.0,1,Not Hispanic or Latino,White,Male,25-34,80.0,Loan originated
1,575000.0,44,715000.0,131.0,1,Not Hispanic or Latino,White,Male,25-34,80.0,Loan originated
1,515000.0,45,545000.0,120.0,1,Hispanic or Latino,White,Male,35-44,95.0,Loan originated
1,565000.0,38,735000.0,148.0,1,Not Hispanic or Latino,Asian,Female,35-44,80.0,Loan originated
1,415000.0,44,585000.0,100.0,1,Hispanic or Latino,White,Male,55-64,72.0,Loan originated
1,315000.0,49,325000.0,149.0,1,Not Hispanic or Latino,White,Female,45-54,95.0,Loan originated
1,235000.0,<20%,255000.0,172.0,1,Not Hispanic or Latino,White,Male,45-54,95.0,Loan originated
1,895000.0,50%-60%,925000.0,166.0,1,Hispanic or Latino,White,Male,45-54,99.717,Loan originated
1,705000.0,30%-<36%,955000.0,216.0,1,Not Hispanic or Latino,Asian,Female,25-34,73.69,Loan originated
1,465000.0,48,625000.0,88.0,1,Hispanic or Latino,White,Female,25-34,75.0,Loan originated
1,705000.0,38,885000.0,303.0,1,Not Hispanic or Latino,White,Female,<25,80.0,Loan originated
1,305000.0,43,655000.0,75.0,1,Not Hispanic or Latino,Asian,Male,25-34,46.969,Loan originated
1,195000.0,<20%,395000.0,225.0,1,Hispanic or Latino,White,Male,35-44,50.513,Loan originated
1,955000.0,30%-<36%,1065000.0,316.0,1,Not Hispanic or Latino,Asian,Male,25-34,90.0,Application denied
1,655000.0,36,1055000.0,216.0,1,Not Hispanic or Latino,White,Male,35-44,61.905,Loan originated
1,755000.0,30%-<36%,835000.0,312.0,1,Not Hispanic or Latino,Black or African American,Male,35-44,90.0,Loan originated
1,685000.0,48,725000.0,142.0,1,Hispanic or Latino,White,Male,25-34,95.0,Loan originated
1,715000.0,30%-<36%,895000.0,596.0,1,Hispanic or Latino,White,Male,45-54,80.0,Loan originated
1,615000.0,44,655000.0,142.0,1,Hispanic or Latino,White,Male,25-34,95.0,Loan originated
1,205000.0,30%-<36%,645000.0,126.0,1,Not Hispanic or Latino,White,Female,55-64,30.888,Loan originated
1,695000.0,41,735000.0,180.0,1,Not Hispanic or Latino,White,Male,25-34,96.911,Loan originated
1,505000.0,45,625000.0,124.0,1,Not Hispanic or Latino,White,Female,25-34,80.0,Loan originated
1,685000.0,49,785000.0,130.0,1,Hispanic or Latino,White,Male,45-54,86.752,Loan originated
1,255000.0,39,405000.0,170.0,1,Not Hispanic or Latino,White,Male,45-54,62.5,Loan originated
1,685000.0,38,855000.0,500.0,1,Not Hispanic or Latino,White,Male,25-34,80.0,Loan originated
1,765000.0,30%-<36%,985000.0,208.0,1,Hispanic or Latino,White,Male,25-34,78.219,Loan originated
1,325000.0,20%-<30%,435000.0,257.0,1,Hispanic or Latino,White,Male,25-34,74.419,Loan originated
1,325000.0,42,805000.0,91.0,1,Not Hispanic or Latino,Native Hawaiian or Other Pacific Islander,Female,45-54,39.752,Loan originated
1,635000.0,48,705000.0,275.0,1,Not Hispanic or Latino,White,Male,25-34,90.0,Loan originated
1,1045000.0,30%-<36%,1305000.0,357.0,1,Not Hispanic or Latino,Asian,Male,25-34,80.0,Loan originated
1,465000.0,43,765000.0,139.0,1,Not Hispanic or Latino,White,Female,55-64,61.2,Loan originated
1,425000.0,>60%,1305000.0,32.0,1,Hispanic or Latino,White,Female,65-74,32.692,Application denied
1,525000.0,50%-60%,555000.0,89.0,1,Hispanic or Latino,White,Male,35-44,95.0,Application denied
1,355000.0,46,445000.0,83.0,1,Hispanic or Latino,White,Male,45-54,79.545,Loan originated
1,665000.0,44,705000.0,513.0,1,Not Hispanic or Latino,White,Male,<25,95.0,Loan originated
1,315000.0,30%-<36%,565000.0,102.0,1,Not Hispanic or Latino,White,Female,35-44,55.861,Loan originated
1,755000.0,30%-<36%,1095000.0,270.0,1,Not Hispanic or Latino,White,Female,35-44,68.81,Loan originated
1,445000.0,41,555000.0,313.0,1,Not Hispanic or Latino,White,Female,45-54,80.0,Loan originated
1,605000.0,30%-<36%,955000.0,225.0,1,Hispanic or Latino,White,Female,35-44,62.827,Application denied
1,505000.0,44,595000.0,159.0,1,Hispanic or Latino,White,Male,25-34,84.983,Loan originated
1,295000.0,48,315000.0,251.0,1,Hispanic or Latino,White,Male,<25,95.0,Loan originated
1,635000.0,30%-<36%,715000.0,200.0,1,Hispanic or Latino,White,Male,45-54,90.0,Loan originated
1,625000.0,20%-<30%,1525000.0,260.0,1,Hispanic or Latino,Black or African American,Male,45-54,40.984,Loan originated
1,325000.0,45,365000.0,76.0,1,Not Hispanic or Latino,White,Male,<25,90.0,Loan originated
1,385000.0,30%-<36%,425000.0,128.0,1,Not Hispanic or Latino,White,Female,>74,90.0,Loan originated
1,415000.0,47,645000.0,101.0,1,Hispanic or Latino,White,Female,45-54,65.0,Loan originated
1,1085000.0,30%-<36%,1455000.0,382.0,1,Not Hispanic or Latino,White,Male,35-44,75.0,Loan originated
1,675000.0,42,705000.0,255.0,1,Not Hispanic or Latino,Native Hawaiian or Other Pacific Islander,Male,55-64,101.286,Application denied
1,515000.0,49,655000.0,107.0,1,Not Hispanic or Latino,Asian,Female,25-34,77.86,Loan originated
1,615000.0,20%-<30%,645000.0,277.0,1,Not Hispanic or Latino,White,Male,45-54,95.0,Loan originated
1,755000.0,30%-<36%,1085000.0,273.0,1,Not Hispanic or Latino,Asian,Male,25-34,70.0,Loan originated
1,455000.0,37,505000.0,120.0,1,Not Hispanic or Latino,White,Male,25-34,92.47,Loan originated
1,905000.0,49,1605000.0,198.0,1,Not Hispanic or Latino,Asian,Female,25-34,57.0,Loan originated
1,725000.0,30%-<36%,855000.0,187.0,1,Not Hispanic or Latino,White,Male,35-44,85.0,Loan originated
1,215000.0,37,375000.0,73.0,1,Not Hispanic or Latino,White,Female,45-54,58.081,Loan originated
1,635000.0,50%-60%,885000.0,133.0,1,Not Hispanic or Latino,White,Male,45-54,72.0,Loan originated
1,605000.0,42,635000.0,261.0,1,Hispanic or Latino,White,Male,35-44,95.0,Loan originated
1,785000.0,49,825000.0,170.0,1,Hispanic or Latino,White,Male,45-54,95.0,Loan originated
1,525000.0,48,555000.0,114.0,1,Hispanic or Latino,White,Male,45-54,95.0,Application denied
1,385000.0,30%-<36%,705000.0,183.0,1,Not Hispanic or Latino,Asian,Male,55-64,54.132,Loan originated
1,885000.0,30%-<36%,1105000.0,326.0,1,Not Hispanic or Latino,White,Male,45-54,80.0,Loan originated
1,1145000.0,30%-<36%,1565000.0,370.0,1,Not Hispanic or Latino,White,Male,25-34,73.47,Loan originated
1,685000.0,30%-<36%,1135000.0,215.0,1,Not Hispanic or Latino,Asian,Male,35-44,60.0,Loan originated
1,765000.0,49,805000.0,168.0,1,Hispanic or Latino,White,Female,45-54,94.79,Loan originated
1,705000.0,44,875000.0,214.0,1,Hispanic or Latino,White,Male,35-44,80.0,Loan originated
1,135000.0,49,215000.0,29.0,1,Not Hispanic or Latino,White,Male,65-74,62.0,Loan originated
1,345000.0,<20%,545000.0,261.0,1,Not Hispanic or Latino,White,Male,55-64,62.963,Loan originated
1,995000.0,>60%,1105000.0,282.0,1,Not Hispanic or Latino,White,Male,45-54,90.0,Application denied
1,355000.0,43,385000.0,88.0,1,Hispanic or Latino,White,Male,<25,90.0,Loan originated
1,425000.0,48,525000.0,103.0,1,Hispanic or Latino,White,Female,35-44,80.0,Loan originated
1,845000.0,20%-<30%,1055000.0,480.0,1,Not Hispanic or Latino,Asian,Male,25-34,80.0,Loan originated
1,55000.0,36,75000.0,104.0,1,Hispanic or Latino,White,Female,65-74,74.81,Loan originated
1,535000.0,43,635000.0,140.0,1,Not Hispanic or Latino,Black or African American,Female,25-34,85.0,Loan originated
1,595000.0,<20%,745000.0,414.0,1,Not Hispanic or Latino,White,Male,35-44,80.0,Loan originated
1,385000.0,30%-<36%,515000.0,134.0,1,Hispanic or Latino,White,Male,55-64,75.0,Loan originated
1,445000.0,30%-<36%,555000.0,159.0,1,Not Hispanic or Latino,White,Male,35-44,80.0,Loan originated
1,445000.0,20%-<30%,565000.0,184.0,1,Not Hispanic or Latino,Asian,Female,25-34,80.0,Loan originated
1,435000.0,41,485000.0,236.0,1,Not Hispanic or Latino,Asian,Female,35-44,90.0,Loan originated
1,305000.0,43,555000.0,128.0,1,Not Hispanic or Latino,White,Male,35-44,55.24,Loan originated
1,525000.0,<20%,665000.0,424.0,1,Not Hispanic or Latino,White,Male,45-54,80.0,Loan originated
1,705000.0,30%-<36%,1055000.0,196.0,1,Not Hispanic or Latino,White,Male,65-74,66.66,Loan originated
1,405000.0,50%-60%,695000.0,94.0,1,Not Hispanic or Latino,Asian,Female,35-44,74.64,Application denied
1,365000.0,30%-<36%,405000.0,148.0,1,Not Hispanic or Latino,White,Female,45-54,89.877,Loan originated
1,645000.0,36,805000.0,170.0,1,Not Hispanic or Latino,Asian,Male,35-44,80.0,Loan originated
1,425000.0,30%-<36%,535000.0,299.0,1,Not Hispanic or Latino,Black or African American,Male,55-64,80.0,Loan originated
1,155000.0,30%-<36%,555000.0,76.0,1,Not Hispanic or Latino,Asian,Female,55-64,27.27,Application denied
1,655000.0,50%-60%,695000.0,126.0,1,Hispanic or Latino,White,Male,35-44,93.525,Loan originated
1,765000.0,49,885000.0,162.0,1,Not Hispanic or Latino,White,Male,25-34,86.389,Loan originated
1,465000.0,41,735000.0,141.0,1,Hispanic or Latino,White,Male,45-54,64.0,Loan originated
1,965000.0,43,1215000.0,298.0,1,Not Hispanic or Latino,Asian,Male,35-44,80.0,Loan originated
1,505000.0,41,585000.0,141.0,1,Hispanic or Latino,White,Male,45-54,88.0,Loan originated
1,305000.0,43,925000.0,114.0,1,Not Hispanic or Latino,White,Male,45-54,32.269,Loan originated
1,315000.0,50%-60%,325000.0,97.0,1,Not Hispanic or Latino,White,Female,45-54,102.91,Loan originated
1,205000.0,42,255000.0,279.0,1,Not Hispanic or Latino,White,Male,55-64,80.0,Loan originated
1,715000.0,20%-<30%,795000.0,362.0,1,Not Hispanic or Latino,Asian,Male,25-34,90.0,Loan originated
1,915000.0,30%-<36%,1305000.0,496.0,1,Not Hispanic or Latino,White,Male,35-44,70.0,Loan originated
1,335000.0,38,345000.0,146.0,1,Not Hispanic or Latino,White,Female,35-44,95.0,Loan originated
1,375000.0,>60%,475000.0,48.0,1,Not Hispanic or Latino,Black or African American,Male,35-44,78.947,Application denied
1,455000.0,40,595000.0,175.0,1,Not Hispanic or Latino,Asian,Male,35-44,76.271,Loan originated
1,595000.0,49,735000.0,131.0,1,Not Hispanic or Latino,White,Female,35-44,80.0,Loan originated
1,365000.0,49,375000.0,87.0,1,Hispanic or Latino,White,Male,25-34,100.0,Loan originated
1,345000.0,42,435000.0,80.0,1,Not Hispanic or Latino,White,Female,25-34,80.0,Loan originated
1,715000.0,30%-<36%,645000.0,428.0,1,Not Hispanic or Latino,White,Male,35-44,110.465,Application denied
1,1105000.0,42,1375000.0,234.0,1,Not Hispanic or Latino,White,Female,35-44,80.0,Loan originated
1,365000.0,42,715000.0,109.0,1,Not Hispanic or Latino,Asian,Female,45-54,51.049,Loan originated
1,345000.0,30%-<36%,425000.0,98.0,1,Not Hispanic or Latino,White,Male,25-34,80.0,Loan originated
1,455000.0,47,565000.0,137.0,1,Hispanic or Latino,White,Female,35-44,80.0,Application denied
1,275000.0,30%-<36%,305000.0,91.0,1,Not Hispanic or Latino,White,Female,55-64,90.0,Loan originated
1,1015000.0,44,1265000.0,250.0,1,Hispanic or Latino,Asian,Male,45-54,80.0,Loan originated
1,645000.0,42,865000.0,382.0,1,Not Hispanic or Latino,Asian,Male,25-34,75.0,Loan originated
1,975000.0,42,1305000.0,221.0,1,Not Hispanic or Latino,White,Male,25-34,75.0,Loan originated
1,725000.0,38,1325000.0,207.0,1,Not Hispanic or Latino,Asian,Male,25-34,54.852,Loan originated
1,915000.0,50%-60%,1555000.0,196.0,1,Not Hispanic or Latino,Asian,Female,25-34,58.572,Loan originated
1,945000.0,37,1185000.0,280.0,1,Not Hispanic or Latino,White,Male,25-34,80.0,Loan originated
1,715000.0,40,895000.0,208.0,1,Not Hispanic or Latino,White,Female,25-34,80.0,Loan originated
1,775000.0,44,1105000.0,168.0,1,Not Hispanic or Latino,White,Male,35-44,70.0,Loan originated
1,505000.0,42,805000.0,156.0,1,Not Hispanic or Latino,Asian,Female,35-44,62.5,Loan originated
1,685000.0,44,855000.0,241.0,1,Not Hispanic or Latino,White,Male,55-64,80.0,Loan originated
1,585000.0,41,735000.0,228.0,1,Not Hispanic or Latino,Asian,Female,35-44,79.998,Loan originated
1,445000.0,44,635000.0,180.0,1,Not Hispanic or Latino,Asian,Female,65-74,70.0,Loan originated
1,495000.0,49,555000.0,116.0,1,Hispanic or Latino,White,Female,25-34,90.0,Loan originated
1,345000.0,37,545000.0,107.0,1,Not Hispanic or Latino,Asian,Female,45-54,62.963,Loan originated
1,365000.0,30%-<36%,455000.0,358.0,1,Not Hispanic or Latino,White,Female,25-34,80.0,Loan originated
1,135000.0,40,145000.0,105.0,1,Not Hispanic or Latino,Black or African American,Male,35-44,95.0,Loan originated
1,535000.0,48,665000.0,117.0,1,Not Hispanic or Latino,Asian,Female,55-64,80.0,Loan originated
1,325000.0,40,335000.0,85.0,1,Hispanic or Latino,White,Female,25-34,100.0,Loan originated
1,625000.0,44,775000.0,131.0,1,Not Hispanic or Latino,White,Male,<25,80.0,Loan originated
1,305000.0,49,575000.0,65.0,1,Not Hispanic or Latino,Asian,Male,55-64,54.0,Loan originated
1,485000.0,37,615000.0,126.0,1,Not Hispanic or Latino,White,Male,25-34,80.0,Loan originated
1,615000.0,48,775000.0,128.0,1,Hispanic or Latino,White,Female,45-54,79.48,Loan originated
1,385000.0,41,485000.0,126.0,1,Not Hispanic or Latino,Asian,Female,55-64,80.0,Loan originated
1,405000.0,44,425000.0,106.0,1,Not Hispanic or Latino,White,Male,65-74,95.0,Loan originated
1,445000.0,36,555000.0,117.0,1,Not Hispanic or Latino,White,Female,55-64,80.0,Loan originated
1,555000.0,48,715000.0,120.0,1,Not Hispanic or Latino,Asian,Male,25-34,97.465,Loan originated
1,705000.0,47,785000.0,164.0,1,Not Hispanic or Latino,White,Female,35-44,90.0,Loan originated
1,585000.0,30%-<36%,785000.0,167.0,1,Not Hispanic or Latino,Asian,Male,45-54,75.0,Loan originated
1,325000.0,39,415000.0,88.0,1,Hispanic or Latino,White,Female,25-34,80.0,Loan originated
1,1105000.0,45,1325000.0,250.0,1,Not Hispanic or Latino,Asian,Male,35-44,95.0,Loan originated
1,915000.0,48,1225000.0,189.0,1,Not Hispanic or Latino,White,Female,25-34,75.0,Loan originated
1,365000.0,48,455000.0,80.0,1,Hispanic or Latino,White,Female,35-44,80.0,Loan originated
1,755000.0,49,795000.0,193.0,1,Not Hispanic or Latino,Black or African American,Female,45-54,98.33,Loan originated
1,545000.0,44,605000.0,121.0,1,Not Hispanic or Latino,Black or African American,Female,35-44,96.8,Loan originated
1,495000.0,49,585000.0,111.0,1,Not Hispanic or Latino,Asian,Male,25-34,85.0,Loan originated
1,465000.0,47,485000.0,89.0,1,Not Hispanic or Latino,Black or African American,Female,35-44,95.0,Loan originated
1,745000.0,47,935000.0,158.0,1,Not Hispanic or Latino,White,Female,35-44,80.0,Loan originated
1,465000.0,<20%,575000.0,379.0,1,Hispanic or Latino,White,Male,55-64,80.0,Loan originated
1,465000.0,46,585000.0,124.0,1,Not Hispanic or Latino,White,Female,25-34,80.0,Loan originated
1,485000.0,30%-<36%,655000.0,296.0,1,Not Hispanic or Latino,White,Male,55-64,75.0,Loan originated
1,615000.0,44,635000.0,134.0,1,Hispanic or Latino,White,Female,25-34,100.0,Loan originated
1,485000.0,>60%,535000.0,132.0,1,Not Hispanic or Latino,Asian,Male,<25,90.0,Application denied
1,585000.0,42,655000.0,221.0,1,Not Hispanic or Latino,White,Male,25-34,90.0,Loan originated
1,55000.0,42,315000.0,23.0,1,Not Hispanic or Latino,White,Male,<25,102.487,Loan originated
1,595000.0,40,665000.0,142.0,1,Not Hispanic or Latino,White,Male,35-44,90.0,Loan originated
1,625000.0,41,785000.0,255.0,1,Not Hispanic or Latino,White,Male,35-44,80.0,Loan originated
1,515000.0,44,545000.0,171.0,1,Not Hispanic or Latino,White,Male,55-64,95.0,Loan originated
1,425000.0,44,445000.0,90.0,1,Hispanic or Latino,White,Female,25-34,95.0,Loan originated
1,735000.0,43,915000.0,168.0,1,Not Hispanic or Latino,Asian,Male,25-34,80.0,Loan originated
1,635000.0,40,845000.0,198.0,1,Not Hispanic or Latino,Asian,Male,45-54,75.0,Loan originated
1,985000.0,40,1125000.0,284.0,1,Not Hispanic or Latino,White,Female,25-34,87.111,Loan originated
1,855000.0,30%-<36%,1655000.0,307.0,1,Not Hispanic or Latino,White,Female,55-64,51.515,Loan originated
1,455000.0,30%-<36%,505000.0,149.0,1,Not Hispanic or Latino,Asian,Female,35-44,90.0,Loan originated
1,605000.0,36,675000.0,170.0,1,Not Hispanic or Latino,Asian,Male,35-44,90.0,Loan originated
1,445000.0,48,595000.0,87.0,1,Hispanic or Latino,White,Female,35-44,75.0,Loan originated
1,955000.0,30%-<36%,1005000.0,294.0,1,Not Hispanic or Latino,Asian,Female,35-44,95.0,Loan originated
1,805000.0,40,1155000.0,473.0,1,Not Hispanic or Latino,White,Female,65-74,70.0,Application denied
1,765000.0,39,855000.0,204.0,1,Not Hispanic or Latino,Asian,Male,35-44,90.0,Loan originated
1,455000.0,30%-<36%,1005000.0,140.0,1,Not Hispanic or Latino,White,Male,35-44,44.91,Loan originated
1,705000.0,45,885000.0,191.0,1,Not Hispanic or Latino,Asian,Female,35-44,80.0,Loan originated
1,575000.0,42,825000.0,138.0,1,Not Hispanic or Latino,White,Female,55-64,69.512,Loan originated
1,435000.0,<20%,545000.0,292.0,1,Hispanic or Latino,White,Male,45-54,80.0,Loan originated
1,295000.0,44,305000.0,62.0,1,Hispanic or Latino,White,Male,<25,95.0,Loan originated
1,635000.0,42,845000.0,171.0,1,Not Hispanic or Latino,Asian,Male,35-44,75.0,Loan originated
1,555000.0,48,685000.0,107.0,1,Not Hispanic or Latino,Asian,Female,55-64,80.0,Loan originated
1,505000.0,30%-<36%,625000.0,171.0,1,Not Hispanic or Latino,White,Female,35-44,80.0,Application denied
1,295000.0,49,315000.0,167.0,1,Hispanic or Latino,White,Male,55-64,95.0,Loan originated
1,585000.0,44,655000.0,129.0,1,Not Hispanic or Latino,Asian,Female,25-34,89.9,Loan originated
1,255000.0,30%-<36%,425000.0,122.0,1,Not Hispanic or Latino,Asian,Male,25-34,59.0,Loan originated
1,345000.0,30%-<36%,425000.0,172.0,1,Not Hispanic or Latino,White,Male,55-64,80.0,Loan originated
1,505000.0,49,875000.0,97.0,1,Not Hispanic or Latino,Asian,Male,65-74,57.94,Application denied
1,95000.0,43,435000.0,48.0,1,Not Hispanic or Latino,White,Female,25-34,22.897,Loan originated
1,825000.0,37,2325000.0,269.0,1,Not Hispanic or Latino,White,Male,65-74,35.553,Loan originated
1,695000.0,43,735000.0,151.0,1,Hispanic or Latino,Asian,Male,35-44,95.0,Loan originated
1,485000.0,<20%,605000.0,628.0,1,Hispanic or Latino,White,Male,45-54,80.0,Loan originated
1,1005000.0,47,1225000.0,254.0,1,Not Hispanic or Latino,Asian,Male,35-44,81.92,Loan originated
1,375000.0,36,425000.0,94.0,1,Not Hispanic or Latino,White,Male,25-34,88.371,Loan originated
1,305000.0,42,405000.0,115.0,1,Not Hispanic or Latino,Asian,Female,35-44,75.0,Loan originated
1,795000.0,30%-<36%,885000.0,219.0,1,Hispanic or Latino,White,Male,35-44,90.0,Loan originated
1,445000.0,49,555000.0,97.0,1,Hispanic or Latino,White,Male,25-34,79.992,Loan originated
1,405000.0,20%-<30%,705000.0,229.0,1,Not Hispanic or Latino,White,Male,45-54,57.447,Loan originated
1,885000.0,46,1175000.0,301.0,1,Not Hispanic or Latino,White,Female,65-74,75.0,Loan originated
1,655000.0,20%-<30%,695000.0,600.0,1,Not Hispanic or Latino,White,Male,25-34,95.0,Loan originated
1,245000.0,20%-<30%,495000.0,122.0,1,Not Hispanic or Latino,White,Female,35-44,50.0,Loan originated
1,545000.0,40,675000.0,143.0,1,Hispanic or Latino,White,Male,45-54,80.0,Loan originated
1,585000.0,43,655000.0,165.0,1,Not Hispanic or Latino,Asian,Male,35-44,90.0,Application denied
1,275000.0,45,305000.0,62.0,1,Not Hispanic or Latino,White,Male,25-34,90.0,Loan originated
1,1145000.0,44,1675000.0,250.0,1,Not Hispanic or Latino,White,Male,45-54,68.642,Loan originated
1,635000.0,30%-<36%,705000.0,238.0,1,Not Hispanic or Latino,Asian,Female,25-34,90.0,Loan originated
1,575000.0,<20%,1155000.0,1324.0,1,Not Hispanic or Latino,White,Female,45-54,50.0,Loan originated
1,565000.0,47,715000.0,115.0,1,Not Hispanic or Latino,Asian,Male,25-34,80.0,Loan originated
1,655000.0,50%-60%,725000.0,186.0,1,Hispanic or Latino,White,Female,35-44,89.99,Application denied
1,185000.0,39,215000.0,70.0,1,Hispanic or Latino,White,Female,25-34,90.0,Loan originated
1,355000.0,30%-<36%,545000.0,136.0,1,Not Hispanic or Latino,White,Male,35-44,64.22,Application denied
1,315000.0,49,395000.0,71.0,1,Hispanic or Latino,White,Female,25-34,80.0,Loan originated
1,465000.0,<20%,575000.0,466.0,1,Not Hispanic or Latino,American Indian or Alaska Native,Male,25-34,80.0,Loan originated
1,765000.0,44,855000.0,172.0,1,Not Hispanic or Latino,Native Hawaiian or Other Pacific Islander,Female,35-44,89.655,Loan originated
1,215000.0,42,365000.0,102.0,1,Not Hispanic or Latino,White,Male,45-54,58.9,Loan originated
1,55000.0,50%-60%,135000.0,111.0,1,Not Hispanic or Latino,White,Female,65-74,42.66,Loan originated
1,795000.0,40,985000.0,200.0,1,Not Hispanic or Latino,White,Female,35-44,80.0,Loan originated
1,455000.0,42,535000.0,216.0,1,Hispanic or Latino,White,Female,25-34,85.0,Loan originated
1,1115000.0,45,1395000.0,612.0,1,Not Hispanic or Latino,White,Male,35-44,80.0,Loan originated
1,415000.0,45,555000.0,101.0,1,Hispanic or Latino,White,Female,35-44,74.545,Loan originated
1,495000.0,20%-<30%,625000.0,435.0,1,Hispanic or Latino,White,Male,45-54,80.0,Loan originated
1,315000.0,36,465000.0,96.0,1,Hispanic or Latino,White,Male,45-54,69.13,Loan originated
1,615000.0,>60%,605000.0,86.0,1,Not Hispanic or Latino,Asian,Male,35-44,101.75,Application denied
1,515000.0,41,545000.0,122.0,1,Hispanic or Latino,White,Male,35-44,95.0,Loan originated
1,425000.0,48,535000.0,132.0,1,Not Hispanic or Latino,White,Female,45-54,80.0,Loan originated
1,385000.0,46,525000.0,117.0,1,Not Hispanic or Latino,White,Female,25-34,73.077,Loan originated
1,745000.0,41,935000.0,194.0,1,Not Hispanic or Latino,Asian,Male,35-44,80.0,Loan originated
1,95000.0,30%-<36%,105000.0,84.0,1,Not Hispanic or Latino,Asian,Female,25-34,95.0,Loan originated
1,405000.0,30%-<36%,925000.0,184.0,1,Not Hispanic or Latino,Asian,Female,65-74,43.84,Loan originated
1,225000.0,<20%,825000.0,170.0,1,Not Hispanic or Latino,White,Male,65-74,26.829,Loan originated
1,765000.0,42,805000.0,223.0,1,Hispanic or Latino,White,Male,25-34,95.0,Loan originated
1,585000.0,38,655000.0,263.0,1,Hispanic or Latino,White,Female,55-64,90.0,Loan originated
1,155000.0,42,535000.0,76.0,1,Not Hispanic or Latino,White,Female,25-34,29.0,Loan originated
1,725000.0,44,905000.0,184.0,1,Not Hispanic or Latino,Asian,Male,45-54,80.0,Loan originated
1,635000.0,42,795000.0,134.0,1,Hispanic or Latino,White,Male,35-44,80.0,Loan originated
1,325000.0,42,805000.0,98.0,1,Not Hispanic or Latino,White,Female,>74,40.0,Loan originated
1,485000.0,50%-60%,575000.0,97.0,1,Not Hispanic or Latino,White,Female,35-44,85.0,Application denied
1,315000.0,37,325000.0,83.0,1,Hispanic or Latino,White,Male,55-64,97.0,Loan originated
1,655000.0,41,685000.0,171.0,1,Not Hispanic or Latino,Asian,Male,25-34,97.0,Loan originated
1,1145000.0,47,1515000.0,227.0,1,Not Hispanic or Latino,Asian,Male,25-34,76.09,Loan originated
1,195000.0,44,245000.0,91.0,1,Hispanic or Latino,White,Male,55-64,80.0,Application denied
1,465000.0,36,545000.0,158.0,1,Not Hispanic or Latino,Asian,Male,35-44,85.32,Loan originated
1,265000.0,46,325000.0,114.0,1,Not Hispanic or Latino,White,Male,65-74,80.0,Loan originated
1,755000.0,47,845000.0,185.0,1,Not Hispanic or Latino,White,Female,45-54,89.99,Loan originated
1,845000.0,43,1085000.0,206.0,1,Not Hispanic or Latino,White,Male,25-34,78.0,Loan originated
1,585000.0,40,685000.0,181.0,1,Hispanic or Latino,White,Male,25-34,85.0,Loan originated
1,115000.0,36,125000.0,106.0,1,Not Hispanic or Latino,White,Male,25-34,95.0,Loan originated
1,485000.0,48,515000.0,117.0,1,Hispanic or Latino,White,Female,35-44,97.255,Loan originated
1,395000.0,49,425000.0,78.0,1,Not Hispanic or Latino,White,Male,25-34,91.765,Loan originated
1,645000.0,20%-<30%,805000.0,286.0,1,Not Hispanic or Latino,White,Female,45-54,80.0,Loan originated
1,315000.0,>60%,535000.0,0.0,1,Hispanic or Latino,White,Male,35-44,57.581,Application denied
1,1135000.0,40,1625000.0,372.0,1,Not Hispanic or Latino,White,Male,25-34,89.99,Loan originated
1,1025000.0,45,1285000.0,239.0,1,Not Hispanic or Latino,Asian,Male,45-54,80.0,Loan originated
1,485000.0,50%-60%,505000.0,126.0,1,Not Hispanic or Latino,Black or African American,Female,35-44,95.0,Application denied
1,335000.0,44,355000.0,94.0,1,Hispanic or Latino,White,Male,35-44,96.57,Loan originated
1,415000.0,44,465000.0,104.0,1,Not Hispanic or Latino,White,Male,<25,90.0,Loan originated
1,785000.0,30%-<36%,1535000.0,425.0,1,Not Hispanic or Latino,Asian,Male,35-44,50.96,Loan originated
1,1095000.0,20%-<30%,1365000.0,411.0,1,Not Hispanic or Latino,White,Female,55-64,80.0,Loan originated
1,155000.0,42,205000.0,74.0,1,Hispanic or Latino,White,Female,45-54,77.58,Application denied
1,395000.0,41,415000.0,161.0,1,Not Hispanic or Latino,White,Female,25-34,95.0,Loan originated
1,995000.0,48,1325000.0,212.0,1,Not Hispanic or Latino,White,Female,55-64,75.0,Loan originated
1,705000.0,36,805000.0,189.0,1,Not Hispanic or Latino,White,Male,25-34,87.58,Loan originated
1,1025000.0,20%-<30%,1275000.0,569.0,1,Not Hispanic or Latino,White,Male,35-44,80.0,Loan originated
1,1055000.0,45,1405000.0,209.0,1,Not Hispanic or Latino,White,Female,25-34,75.0,Loan originated
1,685000.0,43,975000.0,223.0,1,Hispanic or Latino,White,Female,55-64,71.0,Loan originated
1,825000.0,42,1095000.0,215.0,1,Not Hispanic or Latino,Asian,Male,25-34,75.0,Loan originated
1,675000.0,41,755000.0,148.0,1,Not Hispanic or Latino,Asian,Male,25-34,89.93,Loan originated
1,485000.0,42,605000.0,126.0,1,Not Hispanic or Latino,White,Male,35-44,80.0,Loan originated
1,745000.0,30%-<36%,985000.0,210.0,1,Not Hispanic or Latino,White,Male,35-44,75.0,Loan originated
1,545000.0,45,575000.0,113.0,1,Not Hispanic or Latino,Asian,Male,35-44,95.0,Loan originated
1,185000.0,43,195000.0,64.0,1,Not Hispanic or Latino,Asian,Male,25-34,95.0,Application denied
1,265000.0,30%-<36%,275000.0,94.0,1,Hispanic or Latino,White,Male,65-74,95.0,Loan originated
1,695000.0,30%-<36%,865000.0,232.0,1,Hispanic or Latino,White,Male,25-34,80.0,Loan originated
1,845000.0,42,1055000.0,235.0,1,Not Hispanic or Latino,White,Male,25-34,80.0,Loan originated
1,455000.0,41,485000.0,126.0,1,Hispanic or Latino,White,Male,35-44,95.0,Loan originated
1,345000.0,49,455000.0,76.0,1,Hispanic or Latino,White,Female,35-44,103.736,Loan originated
1,705000.0,40,1155000.0,189.0,1,Not Hispanic or Latino,Asian,Female,>74,61.0,Loan originated
1,195000.0,20%-<30%,555000.0,105.0,1,Not Hispanic or Latino,Asian,Female,55-64,35.857,Loan originated
1,1085000.0,48,1205000.0,251.0,1,Not Hispanic or Latino,White,Male,35-44,90.0,Loan originated
1,245000.0,39,285000.0,119.0,1,Not Hispanic or Latino,Black or African American,Female,55-64,85.0,Application denied
1,465000.0,49,585000.0,111.0,1,Not Hispanic or Latino,White,Female,65-74,80.0,Loan originated
1,495000.0,46,485000.0,111.0,1,Hispanic or Latino,White,Male,35-44,102.0,Application denied
1,465000.0,30%-<36%,585000.0,171.0,1,Hispanic or Latino,White,Male,35-44,80.0,Loan originated
1,505000.0,41,525000.0,176.0,1,Hispanic or Latino,White,Male,35-44,95.0,Loan originated
1,35000.0,30%-<36%,55000.0,48.0,1,Hispanic or Latino,White,Male,45-54,65.0,Loan originated
1,615000.0,44,815000.0,127.0,1,Not Hispanic or Latino,White,Female,25-34,75.74,Loan originated
1,445000.0,49,475000.0,109.0,1,Hispanic or Latino,White,Male,35-44,95.0,Loan originated
1,245000.0,45,325000.0,80.0,1,Not Hispanic or Latino,White,Female,35-44,75.0,Loan originated
1,235000.0,49,385000.0,49.0,1,Hispanic or Latino,White,Female,35-44,62.813,Loan originated
1,565000.0,40,765000.0,163.0,1,Not Hispanic or Latino,Asian,Female,25-34,75.0,Loan originated
1,385000.0,45,1285000.0,127.0,1,Not Hispanic or Latino,Asian,Male,35-44,30.08,Application denied
1,635000.0,49,675000.0,130.0,1,Not Hispanic or Latino,Asian,Male,35-44,95.0,Loan originated
1,645000.0,40,815000.0,147.0,1,Not Hispanic or Latino,Asian,Male,35-44,78.3,Loan originated
1,625000.0,45,825000.0,147.0,1,Not Hispanic or Latino,Black or African American,Female,45-54,75.901,Loan originated
1,415000.0,49,515000.0,99.0,1,Not Hispanic or Latino,White,Female,35-44,80.0,Loan originated
1,405000.0,43,505000.0,128.0,1,Not Hispanic or Latino,Black or African American,Female,55-64,80.0,Application denied
1,255000.0,47,315000.0,64.0,1,Not Hispanic or Latino,White,Male,65-74,80.0,Loan originated
1,295000.0,20%-<30%,485000.0,133.0,1,Hispanic or Latino,White,Female,55-64,60.95,Loan originated
1,75000.0,30%-<36%,235000.0,95.0,1,Not Hispanic or Latino,White,Male,25-34,30.43,Loan originated
1,585000.0,49,735000.0,153.0,1,Not Hispanic or Latino,Asian,Female,25-34,100.0,Loan originated
1,405000.0,47,435000.0,126.0,1,Not Hispanic or Latino,White,Male,55-64,95.0,Loan originated
1,635000.0,46,785000.0,151.0,1,Not Hispanic or Latino,Asian,Female,35-44,80.0,Loan originated
1,675000.0,37,905000.0,174.0,1,Not Hispanic or Latino,White,Female,25-34,75.0,Loan originated
1,735000.0,44,915000.0,188.0,1,Not Hispanic or Latino,White,Female,45-54,80.0,Loan originated
1,185000.0,38,575000.0,159.0,1,Not Hispanic or Latino,White,Female,65-74,31.897,Loan originated
1,605000.0,<20%,1655000.0,614.0,1,Not Hispanic or Latino,White,Male,65-74,37.0,Loan originated
1,675000.0,48,715000.0,214.0,1,Not Hispanic or Latino,White,Female,45-54,95.0,Loan originated
1,395000.0,44,415000.0,101.0,1,Not Hispanic or Latino,Asian,Female,35-44,95.0,Loan originated
1,575000.0,49,615000.0,161.0,1,Not Hispanic or Latino,White,Male,35-44,95.0,Loan originated
1,285000.0,40,365000.0,108.0,1,Hispanic or Latino,White,Male,45-54,80.0,Loan originated
1,495000.0,36,615000.0,182.0,1,Hispanic or Latino,White,Female,35-44,80.0,Loan originated
1,435000.0,50%-60%,435000.0,171.0,1,Hispanic or Latino,White,Male,25-34,101.75,Loan originated
1,455000.0,48,805000.0,118.0,1,Hispanic or Latino,White,Male,25-34,56.875,Loan originated
1,365000.0,49,835000.0,91.0,1,Not Hispanic or Latino,White,Male,35-44,43.114,Loan originated
1,475000.0,41,685000.0,181.0,1,Not Hispanic or Latino,Asian,Male,35-44,70.0,Loan originated
1,515000.0,<20%,595000.0,926.0,1,Hispanic or Latino,White,Female,<25,86.61,Loan originated
1,515000.0,46,635000.0,179.0,1,Not Hispanic or Latino,Asian,Male,35-44,80.0,Loan originated
1,395000.0,50%-60%,655000.0,101.0,1,Not Hispanic or Latino,White,Female,55-64,60.14,Application denied
1,415000.0,49,565000.0,165.0,1,Not Hispanic or Latino,Asian,Male,55-64,73.451,Loan originated
1,1095000.0,20%-<30%,1595000.0,776.0,1,Not Hispanic or Latino,White,Female,65-74,68.72,Loan originated
1,165000.0,20%-<30%,675000.0,137.0,1,Not Hispanic or Latino,White,Female,55-64,24.45,Loan originated
1,175000.0,45,225000.0,61.0,1,Hispanic or Latino,White,Male,35-44,76.49,Application denied
1,115000.0,50%-60%,675000.0,69.0,1,Hispanic or Latino,White,Male,55-64,17.26,Loan originated
1,605000.0,30%-<36%,705000.0,256.0,1,Not Hispanic or Latino,Asian,Female,35-44,90.269,Loan originated
1,515000.0,49,705000.0,124.0,1,Not Hispanic or Latino,White,Female,35-44,72.858,Loan originated
1,275000.0,46,365000.0,70.0,1,Not Hispanic or Latino,White,Male,45-54,75.61,Loan originated
1,795000.0,44,1065000.0,192.0,1,Not Hispanic or Latino,White,Female,45-54,75.0,Loan originated
1,725000.0,42,855000.0,188.0,1,Not Hispanic or Latino,White,Male,25-34,85.0,Loan originated
1,985000.0,49,1685000.0,196.0,1,Not Hispanic or Latino,Asian,Female,35-44,58.333,Loan originated
1,525000.0,48,735000.0,104.0,1,Not Hispanic or Latino,White,Male,35-44,72.56,Loan originated
1,1075000.0,41,1345000.0,250.0,1,Not Hispanic or Latino,Asian,Male,25-34,80.0,Application denied
1,775000.0,39,1375000.0,258.0,1,Not Hispanic or Latino,White,Female,45-54,56.364,Loan originated
1,485000.0,20%-<30%,505000.0,178.0,1,Hispanic or Latino,White,Male,45-54,100.0,Loan originated
1,485000.0,39,565000.0,121.0,1,Not Hispanic or Latino,White,Male,35-44,85.451,Loan originated
1,1105000.0,38,1305000.0,326.0,1,Not Hispanic or Latino,Asian,Male,35-44,85.0,Loan originated
1,245000.0,47,395000.0,70.0,1,Not Hispanic or Latino,White,Female,45-54,62.406,Loan originated
1,865000.0,38,1075000.0,374.0,1,Not Hispanic or Latino,Asian,Male,25-34,80.0,Loan originated
1,535000.0,42,635000.0,146.0,1,Not Hispanic or Latino,White,Female,>74,83.63,Loan originated
1,735000.0,48,915000.0,217.0,1,Not Hispanic or Latino,White,Male,35-44,80.0,Loan originated
1,325000.0,40,415000.0,106.0,1,Hispanic or Latino,White,Female,35-44,79.2,Loan originated
1,325000.0,50%-60%,335000.0,148.0,1,Not Hispanic or Latino,White,Female,35-44,95.0,Application denied
1,355000.0,38,385000.0,95.0,1,Not Hispanic or Latino,White,Female,25-34,100.0,Loan originated
1,745000.0,46,935000.0,250.0,1,Not Hispanic or Latino,White,Male,25-34,80.0,Loan originated
1,315000.0,44,565000.0,94.0,1,Not Hispanic or Latino,White,Male,<25,56.0,Loan originated
1,185000.0,45,545000.0,62.0,1,Not Hispanic or Latino,Asian,Male,45-54,33.889,Loan originated
1,565000.0,47,715000.0,132.0,1,Hispanic or Latino,White,Male,45-54,80.0,Loan originated
1,735000.0,45,925000.0,150.0,1,Not Hispanic or Latino,Asian,Male,25-34,80.0,Loan originated
1,435000.0,41,535000.0,166.0,1,Hispanic or Latino,White,Male,45-54,80.0,Loan originated
1,185000.0,20%-<30%,205000.0,136.0,1,Hispanic or Latino,White,Male,25-34,90.0,Loan originated
1,525000.0,<20%,705000.0,2493.0,1,Not Hispanic or Latino,White,Male,25-34,75.0,Loan originated
1,855000.0,47,1225000.0,190.0,1,Not Hispanic or Latino,Asian,Female,35-44,70.0,Loan originated
1,675000.0,49,845000.0,134.0,1,Hispanic or Latino,Asian,Male,35-44,80.0,Loan originated
1,525000.0,49,665000.0,144.0,1,Not Hispanic or Latino,Asian,Female,35-44,100.0,Loan originated
1,955000.0,47,1215000.0,227.0,1,Not Hispanic or Latino,White,Female,25-34,78.512,Loan originated
1,465000.0,43,575000.0,117.0,1,Not Hispanic or Latino,Asian,Male,25-34,80.0,Loan originated
1,705000.0,48,985000.0,142.0,1,Not Hispanic or Latino,Asian,Male,25-34,72.0,Loan originated
1,655000.0,45,815000.0,166.0,1,Not Hispanic or Latino,White,Male,25-34,80.0,Loan originated
1,975000.0,20%-<30%,1155000.0,456.0,1,Hispanic or Latino,White,Male,55-64,85.0,Loan originated
1,105000.0,20%-<30%,725000.0,118.0,1,Hispanic or Latino,White,Male,25-34,13.794,Loan originated
1,585000.0,44,845000.0,162.0,1,Hispanic or Latino,White,Female,35-44,70.0,Loan originated
1,125000.0,37,605000.0,82.0,1,Hispanic or Latino,White,Male,65-74,20.792,Loan originated
1,325000.0,20%-<30%,625000.0,376.0,1,Not Hispanic or Latino,White,Female,>74,51.62,Loan originated
1,1025000.0,39,1275000.0,275.0,1,Not Hispanic or Latino,Asian,Male,35-44,80.0,Loan originated
1,405000.0,49,505000.0,79.0,1,Not Hispanic or Latino,Asian,Male,55-64,80.0,Loan originated
1,645000.0,37,715000.0,155.0,1,Hispanic or Latino,Asian,Male,35-44,89.99,Loan originated
1,245000.0,41,385000.0,84.0,1,Not Hispanic or Latino,Black or African American,Male,25-34,63.99,Application denied
1,485000.0,45,505000.0,134.0,1,Not Hispanic or Latino,Black or African American,Female,25-34,100.0,Loan originated
1,525000.0,37,755000.0,158.0,1,Not Hispanic or Latino,White,Female,45-54,70.0,Loan originated
1,335000.0,46,355000.0,110.0,1,Not Hispanic or Latino,White,Female,35-44,95.0,Loan originated
1,625000.0,40,695000.0,207.0,1,Not Hispanic or Latino,White,Male,35-44,89.899,Loan originated
1,995000.0,39,1245000.0,274.0,1,Not Hispanic or Latino,White,Female,35-44,80.0,Loan originated
1,405000.0,30%-<36%,695000.0,125.0,1,Not Hispanic or Latino,White,Male,35-44,57.202,Loan originated
1,505000.0,42,635000.0,146.0,1,Not Hispanic or Latino,Asian,Male,35-44,80.0,Loan originated
1,505000.0,30%-<36%,805000.0,160.0,1,Not Hispanic or Latino,Asian,Male,35-44,62.393,Loan originated
1,715000.0,41,765000.0,205.0,1,Not Hispanic or Latino,Asian,Female,35-44,93.442,Loan originated
1,675000.0,49,795000.0,125.0,1,Not Hispanic or Latino,Asian,Male,25-34,84.12,Application denied
1,355000.0,46,595000.0,94.0,1,Not Hispanic or Latino,White,Male,65-74,59.528,Loan originated
1,975000.0,48,1565000.0,379.0,1,Not Hispanic or Latino,White,Male,65-74,62.5,Loan originated
1,425000.0,46,475000.0,85.0,1,Not Hispanic or Latino,White,Female,35-44,90.0,Loan originated
1,305000.0,40,655000.0,238.0,1,Not Hispanic or Latino,Asian,Female,<25,47.0,Loan originated
1,645000.0,37,725000.0,265.0,1,Not Hispanic or Latino,White,Female,25-34,90.0,Loan originated
1,755000.0,44,1365000.0,195.0,1,Not Hispanic or Latino,Asian,Female,<25,55.51,Loan originated
1,445000.0,49,465000.0,85.0,1,Hispanic or Latino,White,Female,35-44,97.0,Loan originated
1,445000.0,45,555000.0,123.0,1,Not Hispanic or Latino,White,Male,35-44,100.0,Loan originated
1,435000.0,20%-<30%,685000.0,195.0,1,Not Hispanic or Latino,Asian,Male,35-44,63.24,Loan originated
1,365000.0,20%-<30%,465000.0,149.0,1,Not Hispanic or Latino,Asian,Female,25-34,80.0,Loan originated
1,705000.0,38,875000.0,280.0,1,Not Hispanic or Latino,White,Female,35-44,80.0,Loan originated
1,725000.0,41,825000.0,176.0,1,Not Hispanic or Latino,Asian,Female,25-34,88.0,Loan originated
1,615000.0,46,645000.0,216.0,1,Not Hispanic or Latino,Black or African American,Male,35-44,95.0,Loan originated
1,355000.0,49,495000.0,65.0,1,Not Hispanic or Latino,Asian,Female,<25,72.269,Loan originated
1,315000.0,41,395000.0,122.0,1,Not Hispanic or Latino,White,Female,65-74,80.0,Loan originated
1,1245000.0,46,1315000.0,277.0,1,Not Hispanic or Latino,White,Male,25-34,95.0,Loan originated
1,585000.0,43,655000.0,193.0,1,Not Hispanic or Latino,American Indian or Alaska Native,Male,45-54,90.0,Loan originated
1,325000.0,20%-<30%,445000.0,134.0,1,Not Hispanic or Latino,White,Male,25-34,74.5,Loan originated
1,315000.0,47,345000.0,80.0,1,Not Hispanic or Latino,White,Male,35-44,90.0,Loan originated
1,595000.0,50%-60%,635000.0,105.0,1,Not Hispanic or Latino,White,Male,35-44,93.861,Loan originated
1,435000.0,43,545000.0,113.0,1,Not Hispanic or Latino,Asian,Male,55-64,80.0,Loan originated
1,325000.0,44,335000.0,78.0,1,Not Hispanic or Latino,Black or African American,Female,55-64,100.0,Loan originated
1,455000.0,40,505000.0,169.0,1,Hispanic or Latino,White,Female,45-54,90.0,Loan originated
1,705000.0,<20%,875000.0,533.0,1,Not Hispanic or Latino,White,Female,45-54,80.0,Loan originated
1,85000.0,38,555000.0,61.0,1,Not Hispanic or Latino,White,Female,65-74,15.534,Loan originated
1,315000.0,20%-<30%,345000.0,125.0,1,Not Hispanic or Latino,White,Male,55-64,90.0,Loan originated
1,735000.0,47,775000.0,220.0,1,Not Hispanic or Latino,Black or African American,Female,45-54,94.22,Loan originated
1,445000.0,41,815000.0,210.0,1,Not Hispanic or Latino,White,Female,35-44,54.433,Loan originated
1,1055000.0,46,1505000.0,240.0,1,Not Hispanic or Latino,Asian,Female,35-44,70.0,Loan originated
1,525000.0,41,655000.0,136.0,1,Not Hispanic or Latino,White,Female,25-34,80.0,Loan originated
1,1075000.0,30%-<36%,1345000.0,419.0,1,Not Hispanic or Latino,Asian,Male,35-44,80.0,Loan originated
1,335000.0,46,395000.0,99.0,1,Not Hispanic or Latino,White,Female,65-74,84.615,Loan originated
1,885000.0,42,985000.0,230.0,1,Not Hispanic or Latino,Asian,Male,35-44,90.0,Loan originated
1,945000.0,20%-<30%,1045000.0,350.0,1,Not Hispanic or Latino,White,Male,35-44,90.0,Loan originated
1,665000.0,30%-<36%,825000.0,308.0,1,Not Hispanic or Latino,White,Male,65-74,80.0,Loan originated
1,245000.0,42,485000.0,64.0,1,Not Hispanic or Latino,Asian,Male,25-34,50.0,Loan originated
1,955000.0,42,1185000.0,374.0,1,Not Hispanic or Latino,Asian,Male,35-44,79.991,Loan originated
1,645000.0,50%-60%,865000.0,258.0,1,Not Hispanic or Latino,White,Male,45-54,74.913,Application denied
1,535000.0,48,555000.0,112.0,1,Hispanic or Latino,White,Female,25-34,100.0,Loan originated
1,685000.0,47,765000.0,164.0,1,Not Hispanic or Latino,White,Male,25-34,90.18,Loan originated
1,595000.0,49,745000.0,132.0,1,Not Hispanic or Latino,White,Male,35-44,83.0,Loan originated
1,445000.0,46,615000.0,239.0,1,Not Hispanic or Latino,White,Male,25-34,72.027,Loan originated
1,475000.0,48,505000.0,113.0,1,Hispanic or Latino,White,Female,45-54,98.0,Application denied
1,655000.0,46,955000.0,135.0,1,Hispanic or Latino,Asian,Male,35-44,68.487,Loan originated
1,145000.0,<20%,505000.0,123.0,1,Not Hispanic or Latino,Asian,Female,45-54,28.0,Loan originated
1,765000.0,49,815000.0,177.0,1,Not Hispanic or Latino,Asian,Male,35-44,94.63,Loan originated
1,755000.0,30%-<36%,845000.0,226.0,1,Not Hispanic or Latino,White,Female,25-34,90.0,Loan originated
1,305000.0,30%-<36%,325000.0,105.0,1,Not Hispanic or Latino,Black or African American,Male,45-54,95.32,Loan originated
1,235000.0,40,335000.0,143.0,1,Hispanic or Latino,White,Male,45-54,68.657,Loan originated
1,385000.0,45,425000.0,117.0,1,Not Hispanic or Latino,White,Female,55-64,90.0,Loan originated
1,475000.0,47,1125000.0,114.0,1,Hispanic or Latino,White,Female,35-44,42.22,Loan originated
1,315000.0,39,385000.0,76.0,1,Hispanic or Latino,White,Female,35-44,82.789,Loan originated
1,725000.0,>60%,805000.0,158.0,1,Not Hispanic or Latino,White,Female,45-54,91.0,Application denied
1,465000.0,38,575000.0,123.0,1,Not Hispanic or Latino,White,Female,25-34,80.0,Loan originated
1,545000.0,49,725000.0,114.0,1,Hispanic or Latino,Black or African American,Female,65-74,75.0,Loan originated
1,355000.0,30%-<36%,685000.0,157.0,1,Not Hispanic or Latino,Asian,Male,55-64,51.47,Loan originated
1,185000.0,<20%,215000.0,113.0,1,Not Hispanic or Latino,White,Female,55-64,86.27,Loan originated
1,155000.0,36,175000.0,88.0,1,Hispanic or Latino,White,Female,55-64,90.0,Loan originated
1,195000.0,37,215000.0,70.0,1,Not Hispanic or Latino,White,Female,25-34,95.0,Loan originated
1,255000.0,40,725000.0,104.0,1,Not Hispanic or Latino,White,Female,65-74,34.48,Loan originated
1,555000.0,36,695000.0,116.0,1,Not Hispanic or Latino,Asian,Male,45-54,80.0,Loan originated
1,215000.0,42,285000.0,62.0,1,Hispanic or Latino,White,Female,35-44,75.44,Loan originated
1,365000.0,20%-<30%,465000.0,192.0,1,Hispanic or Latino,White,Male,35-44,80.0,Loan originated
1,885000.0,48,1105000.0,221.0,1,Not Hispanic or Latino,Asian,Male,45-54,80.0,Loan originated
1,395000.0,20%-<30%,415000.0,143.0,1,Hispanic or Latino,White,Male,35-44,95.0,Loan originated
1,1105000.0,<20%,2815000.0,216.0,1,Not Hispanic or Latino,Asian,Male,25-34,40.89,Loan originated
1,295000.0,48,305000.0,86.0,1,Not Hispanic or Latino,White,Female,25-34,97.0,Loan originated
1,335000.0,42,355000.0,79.0,1,Not Hispanic or Latino,White,Male,25-34,95.0,Loan originated
1,755000.0,39,795000.0,266.0,1,Hispanic or Latino,White,Male,55-64,95.0,Loan originated
1,255000.0,<20%,1505000.0,360.0,1,Not Hispanic or Latino,White,Male,>74,16.67,Application denied
1,735000.0,42,925000.0,169.0,1,Not Hispanic or Latino,Asian,Male,25-34,80.0,Loan originated
1,325000.0,39,405000.0,105.0,1,Not Hispanic or Latino,Asian,Male,35-44,80.0,Loan originated
1,495000.0,48,585000.0,110.0,1,Not Hispanic or Latino,Asian,Male,35-44,84.736,Loan originated
1,465000.0,49,495000.0,127.0,1,Not Hispanic or Latino,Asian,Female,35-44,95.0,Loan originated
1,405000.0,<20%,905000.0,581.0,1,Not Hispanic or Latino,White,Male,45-54,44.44,Loan originated
1,145000.0,20%-<30%,425000.0,113.0,1,Not Hispanic or Latino,White,Male,65-74,34.82,Loan originated
1,445000.0,37,555000.0,277.0,1,Hispanic or Latino,White,Male,25-34,80.0,Loan originated
1,1145000.0,44,1435000.0,296.0,1,Not Hispanic or Latino,Asian,Male,35-44,80.0,Loan originated
1,435000.0,36,735000.0,157.0,1,Not Hispanic or Latino,Native Hawaiian or Other Pacific Islander,Male,55-64,58.904,Loan originated
1,415000.0,49,605000.0,122.0,1,Hispanic or Latino,White,Female,35-44,97.0,Loan originated
1,405000.0,36,605000.0,133.0,1,Not Hispanic or Latino,White,Male,25-34,66.667,Loan originated
1,445000.0,38,745000.0,124.0,1,Not Hispanic or Latino,Asian,Male,55-64,60.0,Loan originated
1,335000.0,48,485000.0,163.0,1,Not Hispanic or Latino,Asian,Female,35-44,70.0,Loan originated
1,75000.0,20%-<30%,85000.0,80.0,1,Not Hispanic or Latino,White,Male,55-64,80.0,Loan originated
1,465000.0,46,665000.0,185.0,1,Not Hispanic or Latino,White,Male,45-54,70.0,Loan originated
1,195000.0,47,495000.0,58.0,1,Not Hispanic or Latino,White,Female,45-54,39.759,Loan originated
1,345000.0,39,375000.0,136.0,1,Not Hispanic or Latino,White,Female,25-34,92.36,Application denied
1,195000.0,20%-<30%,275000.0,120.0,1,Not Hispanic or Latino,White,Female,55-64,70.0,Loan originated
1,385000.0,49,665000.0,87.0,1,Not Hispanic or Latino,White,Female,55-64,57.763,Loan originated
1,1045000.0,44,1165000.0,269.0,1,Not Hispanic or Latino,White,Male,<25,90.0,Loan originated
1,575000.0,46,595000.0,148.0,1,Hispanic or Latino,White,Male,25-34,97.0,Loan originated
1,445000.0,44,565000.0,108.0,1,Hispanic or Latino,White,Male,35-44,78.483,Loan originated
1,875000.0,30%-<36%,1095000.0,282.0,1,Not Hispanic or Latino,Asian,Male,35-44,80.0,Loan originated
1,285000.0,41,305000.0,74.0,1,Not Hispanic or Latino,White,Male,65-74,98.0,Loan originated
1,315000.0,47,535000.0,69.0,1,Hispanic or Latino,White,Female,35-44,58.092,Loan originated
1,495000.0,39,625000.0,110.0,1,Not Hispanic or Latino,White,Female,35-44,80.0,Loan originated
1,685000.0,46,1165000.0,157.0,1,Not Hispanic or Latino,White,Male,65-74,59.176,Loan originated
1,605000.0,30%-<36%,635000.0,226.0,1,Hispanic or Latino,White,Male,25-34,95.0,Loan originated
1,1075000.0,20%-<30%,1435000.0,488.0,1,Not Hispanic or Latino,Asian,Female,35-44,75.0,Loan originated
1,775000.0,40,965000.0,217.0,1,Not Hispanic or Latino,White,Male,45-54,80.0,Loan originated
1,455000.0,30%-<36%,475000.0,155.0,1,Not Hispanic or Latino,Asian,Female,25-34,95.0,Loan originated
1,545000.0,49,735000.0,105.0,1,Not Hispanic or Latino,Asian,Female,25-34,74.11,Loan originated
1,1085000.0,49,2285000.0,233.0,1,Not Hispanic or Latino,Asian,Male,25-34,47.59,Loan originated
1,835000.0,44,985000.0,195.0,1,Not Hispanic or Latino,White,Male,25-34,85.0,Loan originated
1,315000.0,49,435000.0,58.0,1,Hispanic or Latino,White,Male,45-54,73.03,Loan originated
1,265000.0,47,275000.0,61.0,1,Hispanic or Latino,White,Male,35-44,97.0,Loan originated
1,125000.0,49,455000.0,48.0,1,Not Hispanic or Latino,White,Male,>74,27.0,Loan originated
1,505000.0,42,625000.0,143.0,1,Not Hispanic or Latino,White,Male,25-34,80.0,Loan originated
1,295000.0,30%-<36%,505000.0,108.0,1,Hispanic or Latino,White,Male,45-54,58.0,Loan originated
1,725000.0,36,915000.0,248.0,1,Not Hispanic or Latino,Asian,Female,55-64,80.0,Loan originated
1,175000.0,44,525000.0,60.0,1,Not Hispanic or Latino,White,Female,55-64,33.78,Loan originated
1,345000.0,36,425000.0,174.0,1,Not Hispanic or Latino,White,Female,45-54,80.0,Loan originated
1,525000.0,42,555000.0,114.0,1,Hispanic or Latino,White,Male,55-64,95.0,Loan originated
1,595000.0,39,745000.0,785.0,1,Not Hispanic or Latino,Asian,Male,35-44,80.0,Loan originated
1,615000.0,46,635000.0,147.0,1,Hispanic or Latino,White,Male,45-54,97.0,Loan originated
1,625000.0,20%-<30%,1195000.0,277.0,1,Not Hispanic or Latino,White,Female,65-74,52.301,Loan originated
1,455000.0,49,505000.0,108.0,1,Hispanic or Latino,White,Male,25-34,90.0,Loan originated
1,425000.0,41,525000.0,104.0,1,Not Hispanic or Latino,White,Female,>74,80.0,Loan originated
1,595000.0,30%-<36%,745000.0,163.0,1,Not Hispanic or Latino,Asian,Male,35-44,80.0,Loan originated
1,615000.0,20%-<30%,765000.0,410.0,1,Not Hispanic or Latino,Asian,Male,35-44,81.027,Loan originated
1,425000.0,41,535000.0,140.0,1,Not Hispanic or Latino,White,Female,25-34,80.0,Loan originated
1,505000.0,<20%,1145000.0,390.0,1,Hispanic or Latino,White,Female,45-54,43.52,Loan originated
1,255000.0,30%-<36%,425000.0,84.0,1,Hispanic or Latino,White,Male,35-44,58.83,Loan originated
1,325000.0,47,405000.0,95.0,1,Not Hispanic or Latino,Black or African American,Female,35-44,80.0,Loan originated
1,735000.0,43,755000.0,189.0,1,Not Hispanic or Latino,White,Female,55-64,97.0,Loan originated
1,735000.0,43,815000.0,185.0,1,Hispanic or Latino,White,Male,35-44,90.0,Loan originated
1,285000.0,<20%,565000.0,1815.0,1,Hispanic or Latino,White,Male,45-54,49.469,Loan originated
1,245000.0,46,275000.0,80.0,1,Not Hispanic or Latino,White,Female,45-54,87.273,Loan originated
1,455000.0,30%-<36%,515000.0,160.0,1,Not Hispanic or Latino,Asian,Male,45-54,89.0,Loan originated
1,725000.0,39,905000.0,187.0,1,Not Hispanic or Latino,Asian,Male,35-44,80.0,Loan originated
1,655000.0,39,695000.0,257.0,1,Not Hispanic or Latino,White,Male,45-54,95.0,Loan originated
1,285000.0,47,285000.0,79.0,1,Hispanic or Latino,White,Female,25-34,97.63,Application denied
1,405000.0,43,505000.0,89.0,1,Not Hispanic or Latino,White,Female,25-34,80.0,Loan originated
1,425000.0,30%-<36%,565000.0,137.0,1,Not Hispanic or Latino,White,Male,25-34,75.0,Application denied
1,375000.0,45,395000.0,78.0,1,Hispanic or Latino,White,Male,35-44,95.0,Loan originated
1,105000.0,20%-<30%,395000.0,77.0,1,Hispanic or Latino,White,Female,35-44,25.05,Loan originated
1,815000.0,48,855000.0,232.0,1,Not Hispanic or Latino,Black or African American,Female,45-54,94.99,Loan originated
1,365000.0,37,515000.0,121.0,1,Hispanic or Latino,White,Male,45-54,70.0,Loan originated
1,775000.0,50%-60%,915000.0,175.0,1,Hispanic or Latino,White,Male,45-54,85.0,Application denied
1,175000.0,41,575000.0,64.0,1,Not Hispanic or Latino,White,Male,65-74,30.435,Loan originated
1,515000.0,41,545000.0,120.0,1,Not Hispanic or Latino,Asian,Female,<25,95.0,Loan originated
1,665000.0,49,705000.0,148.0,1,Hispanic or Latino,White,Male,35-44,95.0,Loan originated
1,615000.0,47,775000.0,179.0,1,Not Hispanic or Latino,White,Male,25-34,80.0,Loan originated
1,255000.0,36,545000.0,60.0,1,Hispanic or Latino,White,Female,65-74,46.296,Loan originated
1,955000.0,41,1405000.0,247.0,1,Not Hispanic or Latino,Asian,Male,25-34,67.86,Loan originated
1,1145000.0,47,1365000.0,286.0,1,Not Hispanic or Latino,White,Female,55-64,84.236,Loan originated
1,735000.0,40,975000.0,225.0,1,Not Hispanic or Latino,Asian,Male,25-34,75.0,Loan originated
1,1005000.0,37,1355000.0,371.0,1,Not Hispanic or Latino,Asian,Male,35-44,73.801,Loan originated
1,625000.0,46,1425000.0,155.0,1,Not Hispanic or Latino,White,Male,35-44,44.0,Loan originated
1,1115000.0,48,2235000.0,288.0,1,Not Hispanic or Latino,Asian,Male,35-44,49.664,Loan originated
1,205000.0,44,405000.0,65.0,1,Not Hispanic or Latino,White,Female,55-64,50.98,Loan originated
1,505000.0,47,1005000.0,153.0,1,Not Hispanic or Latino,White,Male,25-34,50.0,Loan originated
1,575000.0,30%-<36%,765000.0,189.0,1,Not Hispanic or Latino,Asian,Female,45-54,75.0,Loan originated
1,665000.0,49,705000.0,219.0,1,Not Hispanic or Latino,Asian,Male,35-44,94.0,Loan originated
1,765000.0,49,1185000.0,263.0,1,Not Hispanic or Latino,White,Male,45-54,64.64,Loan originated
1,305000.0,50%-60%,475000.0,65.0,1,Hispanic or Latino,White,Female,35-44,63.83,Application denied
1,685000.0,30%-<36%,855000.0,245.0,1,Not Hispanic or Latino,Asian,Male,25-34,79.995,Loan originated
1,845000.0,40,1085000.0,225.0,1,Not Hispanic or Latino,White,Female,25-34,78.0,Loan originated
1,475000.0,49,595000.0,110.0,1,Not Hispanic or Latino,White,Female,45-54,80.0,Loan originated
1,315000.0,44,385000.0,67.0,1,Not Hispanic or Latino,Asian,Male,45-54,80.0,Loan originated
1,255000.0,20%-<30%,325000.0,99.0,1,Not Hispanic or Latino,White,Male,45-54,80.0,Loan originated
1,575000.0,50%-60%,715000.0,150.0,1,Not Hispanic or Latino,White,Male,25-34,80.0,Application denied
1,505000.0,20%-<30%,1055000.0,342.0,1,Not Hispanic or Latino,Asian,Male,65-74,47.31,Loan originated
1,1005000.0,36,2055000.0,315.0,1,Not Hispanic or Latino,Asian,Male,35-44,73.171,Loan originated
1,765000.0,36,2355000.0,352.0,1,Not Hispanic or Latino,White,Male,65-74,32.6,Loan originated
1,825000.0,37,1625000.0,239.0,1,Not Hispanic or Latino,Asian,Male,45-54,50.62,Loan originated
1,765000.0,45,1035000.0,161.0,1,Not Hispanic or Latino,Asian,Male,35-44,75.0,Loan originated
1,675000.0,46,895000.0,142.0,1,Hispanic or Latino,White,Female,45-54,75.0,Loan originated
1,325000.0,49,735000.0,69.0,1,Hispanic or Latino,White,Female,55-64,44.0,Loan originated
1,905000.0,20%-<30%,1015000.0,392.0,1,Not Hispanic or Latino,White,Male,25-34,90.0,Loan originated
1,765000.0,48,955000.0,266.0,1,Not Hispanic or Latino,White,Male,65-74,80.0,Loan originated
1,365000.0,20%-<30%,455000.0,195.0,1,Hispanic or Latino,2 or more minority races,Male,35-44,80.0,Loan originated
1,505000.0,47,755000.0,103.0,1,Hispanic or Latino,White,Female,35-44,66.49,Loan originated
1,345000.0,49,665000.0,104.0,1,Hispanic or Latino,White,Male,35-44,51.515,Loan originated
1,945000.0,39,1185000.0,300.0,1,Not Hispanic or Latino,White,Male,35-44,80.0,Loan originated
1,745000.0,30%-<36%,785000.0,463.0,1,Not Hispanic or Latino,White,Male,35-44,95.0,Loan originated
1,425000.0,49,445000.0,142.0,1,Not Hispanic or Latino,Black or African American,Male,45-54,95.0,Loan originated
1,665000.0,42,705000.0,186.0,1,Hispanic or Latino,White,Female,35-44,95.0,Application denied
1,765000.0,41,815000.0,238.0,1,Not Hispanic or Latino,White,Male,45-54,94.055,Loan originated
1,515000.0,49,645000.0,157.0,1,Hispanic or Latino,White,Female,55-64,80.0,Loan originated
1,765000.0,46,1155000.0,196.0,1,Not Hispanic or Latino,White,Male,35-44,69.69,Loan originated
1,265000.0,30%-<36%,445000.0,104.0,1,Not Hispanic or Latino,Asian,Male,35-44,60.0,Loan originated
1,345000.0,20%-<30%,845000.0,166.0,1,Not Hispanic or Latino,Asian,Female,55-64,40.839,Loan originated
1,695000.0,39,925000.0,211.0,1,Not Hispanic or Latino,White,Male,25-34,75.0,Loan originated
1,735000.0,46,765000.0,162.0,1,Hispanic or Latino,White,Female,25-34,97.0,Loan originated
1,505000.0,37,535000.0,143.0,1,Not Hispanic or Latino,Asian,Male,25-34,95.0,Loan originated
1,295000.0,20%-<30%,575000.0,155.0,1,Not Hispanic or Latino,White,Male,25-34,51.304,Loan originated
1,455000.0,49,535000.0,96.0,1,Not Hispanic or Latino,White,Male,45-54,84.49,Loan originated
1,495000.0,48,575000.0,97.0,1,Not Hispanic or Latino,Asian,Male,25-34,86.518,Loan originated
1,345000.0,45,405000.0,90.0,1,Hispanic or Latino,White,Female,25-34,85.0,Loan originated
1,525000.0,20%-<30%,1175000.0,237.0,1,Hispanic or Latino,White,Female,25-34,44.445,Loan originated
1,265000.0,43,275000.0,67.0,1,Hispanic or Latino,White,Male,<25,97.0,Loan originated
1,175000.0,30%-<36%,255000.0,56.0,1,Not Hispanic or Latino,American Indian or Alaska Native,Male,25-34,71.032,Loan originated
1,925000.0,45,1325000.0,198.0,1,Not Hispanic or Latino,Asian,Male,25-34,69.43,Loan originated
1,455000.0,44,575000.0,136.0,1,Not Hispanic or Latino,White,Female,55-64,80.0,Loan originated
1,125000.0,30%-<36%,325000.0,68.0,1,Not Hispanic or Latino,White,Male,55-64,38.0,Loan originated
1,765000.0,39,965000.0,204.0,1,Not Hispanic or Latino,American Indian or Alaska Native,Male,25-34,79.762,Loan originated
1,455000.0,30%-<36%,475000.0,187.0,1,Not Hispanic or Latino,Asian,Female,45-54,95.0,Loan originated
1,445000.0,46,465000.0,108.0,1,Hispanic or Latino,White,Male,25-34,95.0,Loan originated
1,345000.0,20%-<30%,915000.0,161.0,1,Not Hispanic or Latino,White,Female,35-44,38.04,Loan originated
1,175000.0,39,825000.0,83.0,1,Not Hispanic or Latino,White,Female,45-54,21.212,Loan originated
1,755000.0,45,945000.0,157.0,1,Not Hispanic or Latino,Asian,Male,25-34,80.0,Loan originated
1,1025000.0,48,1715000.0,206.0,1,Not Hispanic or Latino,Asian,Male,25-34,59.619,Loan originated
1,465000.0,49,585000.0,106.0,1,Hispanic or Latino,White,Female,55-64,80.0,Loan originated
1,235000.0,49,245000.0,68.0,1,Not Hispanic or Latino,White,Female,65-74,97.0,Loan originated
1,255000.0,49,265000.0,49.0,1,Hispanic or Latino,White,Female,45-54,97.0,Loan originated
1,695000.0,20%-<30%,925000.0,505.0,1,Not Hispanic or Latino,White,Male,55-64,74.919,Loan originated
1,155000.0,50%-60%,175000.0,122.0,1,Not Hispanic or Latino,Black or African American,Female,65-74,90.42,Application denied
1,215000.0,30%-<36%,295000.0,183.0,1,Not Hispanic or Latino,White,Male,45-54,73.324,Loan originated
1,885000.0,40,1255000.0,234.0,1,Not Hispanic or Latino,Asian,Male,25-34,70.0,Loan originated
1,525000.0,48,545000.0,96.0,1,Not Hispanic or Latino,White,Female,35-44,95.0,Loan originated
1,655000.0,39,685000.0,204.0,1,Not Hispanic or Latino,Native Hawaiian or Other Pacific Islander,Female,25-34,100.0,Loan originated
1,565000.0,41,705000.0,167.0,1,Not Hispanic or Latino,Asian,Male,65-74,80.0,Loan originated
1,875000.0,49,1465000.0,237.0,1,Not Hispanic or Latino,White,Female,25-34,60.274,Loan originated
1,575000.0,49,655000.0,111.0,1,Not Hispanic or Latino,White,Male,35-44,93.0,Application denied
1,615000.0,39,685000.0,167.0,1,Hispanic or Latino,White,Female,35-44,90.0,Loan originated
1,355000.0,40,375000.0,105.0,1,Hispanic or Latino,White,Male,25-34,95.0,Loan originated
1,325000.0,42,405000.0,76.0,1,Not Hispanic or Latino,White,Male,25-34,80.0,Loan originated
1,405000.0,38,425000.0,180.0,1,Not Hispanic or Latino,Asian,Female,55-64,98.0,Loan originated
1,335000.0,44,425000.0,85.0,1,Not Hispanic or Latino,White,Female,35-44,80.0,Loan originated
1,635000.0,42,795000.0,147.0,1,Not Hispanic or Latino,Asian,Male,25-34,80.0,Loan originated
1,595000.0,<20%,785000.0,602.0,1,Not Hispanic or Latino,White,Female,25-34,75.0,Loan originated
1,305000.0,42,325000.0,147.0,1,Hispanic or Latino,White,Female,25-34,98.325,Loan originated
1,735000.0,30%-<36%,975000.0,213.0,1,Not Hispanic or Latino,Asian,Male,35-44,75.0,Loan originated
1,645000.0,37,815000.0,225.0,1,Hispanic or Latino,White,Female,35-44,80.0,Loan originated
1,505000.0,49,635000.0,104.0,1,Not Hispanic or Latino,Asian,Male,25-34,100.0,Loan originated
1,585000.0,40,725000.0,170.0,1,Not Hispanic or Latino,Asian,Male,35-44,80.0,Loan originated
1,745000.0,38,825000.0,169.0,1,Not Hispanic or Latino,Asian,Male,35-44,89.9,Loan originated
1,375000.0,49,495000.0,90.0,1,Not Hispanic or Latino,White,Female,25-34,74.999,Loan originated
1,485000.0,39,545000.0,137.0,1,Not Hispanic or Latino,Asian,Female,35-44,90.0,Loan originated
1,125000.0,20%-<30%,445000.0,120.0,1,Not Hispanic or Latino,White,Female,25-34,96.629,Loan originated
1,335000.0,39,425000.0,81.0,1,Hispanic or Latino,White,Female,55-64,80.0,Loan originated
1,605000.0,37,2495000.0,221.0,1,Not Hispanic or Latino,White,Male,25-34,25.0,Loan originated
1,445000.0,42,535000.0,124.0,1,Not Hispanic or Latino,White,Male,45-54,83.962,Loan originated
1,695000.0,49,735000.0,188.0,1,Hispanic or Latino,White,Male,35-44,95.0,Loan originated
1,665000.0,46,695000.0,193.0,1,Hispanic or Latino,White,Male,25-34,95.0,Loan originated
1,785000.0,43,985000.0,182.0,1,Not Hispanic or Latino,Asian,Female,25-34,80.0,Loan originated
1,675000.0,49,835000.0,153.0,1,Not Hispanic or Latino,White,Female,25-34,80.0,Loan originated
1,595000.0,41,615000.0,169.0,1,Not Hispanic or Latino,White,Male,45-54,97.0,Loan originated
1,285000.0,47,305000.0,134.0,1,Not Hispanic or Latino,Asian,Female,35-44,99.0,Loan originated
1,1125000.0,48,1405000.0,234.0,1,Not Hispanic or Latino,White,Male,55-64,80.0,Application denied
1,275000.0,45,515000.0,65.0,1,Not Hispanic or Latino,Asian,Female,35-44,54.0,Loan originated
1,525000.0,38,745000.0,201.0,1,Not Hispanic or Latino,Asian,Female,35-44,75.0,Loan originated
1,345000.0,>60%,705000.0,73.0,1,Not Hispanic or Latino,Asian,Female,>74,48.241,Application denied
1,705000.0,<20%,875000.0,790.0,1,Not Hispanic or Latino,Asian,Male,25-34,80.0,Loan originated
1,585000.0,46,735000.0,131.0,1,Not Hispanic or Latino,Asian,Female,45-54,80.0,Loan originated
1,765000.0,30%-<36%,3325000.0,454.0,1,Not Hispanic or Latino,White,Male,55-64,66.466,Loan originated
1,355000.0,36,545000.0,117.0,1,Not Hispanic or Latino,Asian,Female,<25,65.133,Loan originated
1,825000.0,20%-<30%,1035000.0,400.0,1,Not Hispanic or Latino,White,Female,35-44,80.0,Loan originated
1,225000.0,30%-<36%,285000.0,81.0,1,Hispanic or Latino,White,Female,35-44,80.0,Loan originated
1,705000.0,20%-<30%,1305000.0,463.0,1,Not Hispanic or Latino,White,Female,45-54,46.154,Application denied
1,305000.0,49,335000.0,69.0,1,Hispanic or Latino,White,Male,55-64,90.0,Loan originated
1,365000.0,20%-<30%,435000.0,234.0,1,Hispanic or Latino,White,Male,35-44,85.0,Loan originated
1,785000.0,30%-<36%,975000.0,373.0,1,Hispanic or Latino,White,Male,35-44,80.0,Loan originated
1,435000.0,30%-<36%,485000.0,135.0,1,Hispanic or Latino,American Indian or Alaska Native,Female,35-44,89.994,Loan originated
1,335000.0,40,355000.0,87.0,1,Hispanic or Latino,White,Female,25-34,95.0,Loan originated
1,695000.0,30%-<36%,925000.0,203.0,1,Not Hispanic or Latino,Asian,Male,35-44,75.0,Loan originated
1,675000.0,48,1065000.0,139.0,1,Not Hispanic or Latino,White,Male,35-44,63.468,Loan originated
1,255000.0,30%-<36%,445000.0,99.0,1,Not Hispanic or Latino,White,Female,65-74,57.0,Loan originated
1,555000.0,49,695000.0,115.0,1,Not Hispanic or Latino,White,Female,25-34,80.0,Loan originated
1,705000.0,49,735000.0,192.0,1,Not Hispanic or Latino,Asian,Female,<25,97.0,Loan originated
1,235000.0,44,295000.0,64.0,1,Not Hispanic or Latino,Asian,Male,55-64,80.0,Loan originated
1,465000.0,47,555000.0,107.0,1,Hispanic or Latino,White,Female,55-64,85.0,Loan originated
1,105000.0,46,205000.0,49.0,1,Not Hispanic or Latino,Asian,Male,35-44,50.0,Loan originated
1,585000.0,20%-<30%,725000.0,228.0,1,Not Hispanic or Latino,Asian,Female,<25,80.0,Loan originated
1,475000.0,39,535000.0,131.0,1,Hispanic or Latino,White,Female,25-34,90.0,Loan originated
1,555000.0,38,2115000.0,253.0,1,Not Hispanic or Latino,Asian,Male,25-34,27.0,Loan originated
1,1005000.0,20%-<30%,1675000.0,390.0,1,Not Hispanic or Latino,White,Male,55-64,59.88,Loan originated
1,425000.0,30%-<36%,445000.0,133.0,1,Not Hispanic or Latino,Asian,Female,25-34,95.0,Loan originated
1,375000.0,49,535000.0,93.0,1,Hispanic or Latino,White,Male,65-74,70.0,Loan originated
1,535000.0,38,835000.0,158.0,1,Not Hispanic or Latino,White,Female,35-44,63.855,Loan originated
1,565000.0,46,595000.0,199.0,1,Not Hispanic or Latino,White,Female,55-64,95.0,Loan originated
1,365000.0,38,465000.0,114.0,1,Not Hispanic or Latino,Asian,Male,35-44,80.0,Loan originated
1,405000.0,45,505000.0,108.0,1,Not Hispanic or Latino,Asian,Male,<25,80.0,Loan originated
1,165000.0,40,555000.0,64.0,1,Not Hispanic or Latino,White,Female,>74,29.16,Loan originated
1,385000.0,43,425000.0,142.0,1,Not Hispanic or Latino,White,Female,25-34,89.99,Loan originated
1,805000.0,30%-<36%,955000.0,250.0,1,Not Hispanic or Latino,Asian,Male,35-44,84.211,Loan originated
1,1055000.0,37,1405000.0,258.0,1,Not Hispanic or Latino,Asian,Male,35-44,75.0,Loan originated
1,1125000.0,49,1495000.0,277.0,1,Not Hispanic or Latino,Asian,Male,55-64,74.716,Loan originated
1,1145000.0,30%-<36%,1355000.0,400.0,1,Not Hispanic or Latino,Black or African American,Female,35-44,85.0,Loan originated
1,345000.0,41,465000.0,116.0,1,Hispanic or Latino,White,Female,35-44,75.0,Loan originated
1,835000.0,47,985000.0,199.0,1,Not Hispanic or Latino,White,Female,35-44,85.0,Loan originated
1,765000.0,40,1005000.0,221.0,1,Hispanic or Latino,White,Male,25-34,76.655,Loan originated
1,755000.0,>60%,775000.0,134.0,1,Not Hispanic or Latino,Black or African American,Male,35-44,97.0,Application denied
1,905000.0,30%-<36%,2705000.0,362.0,1,Not Hispanic or Latino,White,Male,45-54,33.333,Loan originated
1,585000.0,20%-<30%,725000.0,215.0,1,Not Hispanic or Latino,White,Female,35-44,80.0,Loan originated
1,495000.0,40,615000.0,370.0,1,Not Hispanic or Latino,White,Male,45-54,80.0,Loan originated
1,505000.0,49,685000.0,9.0,1,Not Hispanic or Latino,Asian,Female,45-54,72.57,Loan originated
1,515000.0,48,645000.0,120.0,1,Hispanic or Latino,White,Male,25-34,80.0,Loan originated
1,535000.0,45,735000.0,158.0,1,Hispanic or Latino,Asian,Male,25-34,72.603,Loan originated
1,615000.0,44,695000.0,160.0,1,Not Hispanic or Latino,2 or more minority races,Male,35-44,87.27,Loan originated
1,505000.0,37,945000.0,180.0,1,Not Hispanic or Latino,Asian,Male,35-44,52.91,Loan originated
1,685000.0,46,855000.0,302.0,1,Not Hispanic or Latino,Asian,Male,<25,80.0,Loan originated
1,395000.0,49,525000.0,87.0,1,Hispanic or Latino,White,Female,45-54,102.308,Loan originated
1,175000.0,44,345000.0,64.0,1,Hispanic or Latino,2 or more minority races,Female,45-54,95.63,Loan originated
1,765000.0,49,965000.0,182.0,1,Not Hispanic or Latino,White,Male,35-44,79.435,Loan originated
1,455000.0,30%-<36%,1255000.0,166.0,1,Not Hispanic or Latino,White,Male,35-44,36.0,Loan originated
1,805000.0,46,1155000.0,206.0,1,Not Hispanic or Latino,White,Male,25-34,70.0,Loan originated
1,615000.0,49,685000.0,210.0,1,Not Hispanic or Latino,White,Male,45-54,90.0,Loan originated
1,805000.0,41,895000.0,194.0,1,Not Hispanic or Latino,Asian,Male,25-34,90.0,Application denied
1,565000.0,30%-<36%,705000.0,204.0,1,Not Hispanic or Latino,Asian,Male,45-54,79.99,Loan originated
1,995000.0,42,1325000.0,270.0,1,Not Hispanic or Latino,White,Male,25-34,75.0,Loan originated
1,1005000.0,40,1275000.0,299.0,1,Not Hispanic or Latino,Asian,Female,25-34,78.161,Loan originated
1,395000.0,<20%,565000.0,314.0,1,Not Hispanic or Latino,White,Female,35-44,69.64,Loan originated
1,505000.0,49,2985000.0,290.0,1,Not Hispanic or Latino,White,Male,65-74,16.751,Loan originated
1,325000.0,49,345000.0,85.0,1,Hispanic or Latino,White,Female,25-34,95.0,Loan originated
1,765000.0,41,875000.0,184.0,1,Not Hispanic or Latino,Asian,Female,45-54,87.606,Loan originated
1,555000.0,<20%,685000.0,432.0,1,Not Hispanic or Latino,White,Male,<25,80.0,Loan originated
1,585000.0,30%-<36%,645000.0,281.0,1,Hispanic or Latino,White,Male,25-34,90.0,Loan originated
1,165000.0,44,175000.0,67.0,1,Hispanic or Latino,White,Female,35-44,95.0,Loan originated
1,435000.0,49,455000.0,114.0,1,Not Hispanic or Latino,Black or African American,Male,35-44,97.0,Loan originated
1,435000.0,49,635000.0,136.0,1,Not Hispanic or Latino,Asian,Male,55-64,68.503,Loan originated
1,235000.0,41,535000.0,188.0,1,Not Hispanic or Latino,White,Female,35-44,43.925,Loan originated
1,215000.0,<20%,595000.0,184.0,1,Not Hispanic or Latino,White,Male,45-54,36.318,Loan originated
1,355000.0,40,435000.0,132.0,1,Not Hispanic or Latino,White,Male,35-44,80.0,Loan originated
1,955000.0,43,1265000.0,280.0,1,Not Hispanic or Latino,Asian,Male,35-44,75.0,Loan originated
1,455000.0,38,645000.0,133.0,1,Not Hispanic or Latino,White,Female,25-34,70.0,Loan originated
1,575000.0,47,675000.0,157.0,1,Not Hispanic or Latino,White,Female,25-34,85.185,Loan originated
1,655000.0,38,1155000.0,183.0,1,Not Hispanic or Latino,Asian,Female,35-44,56.71,Loan originated
1,205000.0,20%-<30%,305000.0,169.0,1,Not Hispanic or Latino,White,Female,55-64,67.21,Loan originated
1,935000.0,20%-<30%,1555000.0,409.0,1,Not Hispanic or Latino,White,Male,45-54,60.0,Loan originated
1,155000.0,42,325000.0,61.0,1,Hispanic or Latino,American Indian or Alaska Native,Female,>74,46.154,Loan originated
1,505000.0,39,895000.0,176.0,1,Not Hispanic or Latino,White,Female,35-44,55.866,Loan originated
1,255000.0,<20%,365000.0,355.0,1,Not Hispanic or Latino,White,Male,35-44,70.0,Loan originated
1,395000.0,30%-<36%,555000.0,122.0,1,Not Hispanic or Latino,White,Female,55-64,70.0,Loan originated
1,255000.0,42,295000.0,168.0,1,Not Hispanic or Latino,White,Female,65-74,83.91,Loan originated
1,555000.0,44,625000.0,182.0,1,Not Hispanic or Latino,White,Male,25-34,90.0,Loan originated
1,295000.0,43,895000.0,126.0,1,Not Hispanic or Latino,Asian,Male,25-34,33.259,Loan originated
1,705000.0,37,1715000.0,218.0,1,Not Hispanic or Latino,White,Male,35-44,40.936,Loan originated
1,765000.0,39,855000.0,209.0,1,Not Hispanic or Latino,White,Male,65-74,89.0,Loan originated
1,355000.0,30%-<36%,935000.0,134.0,1,Not Hispanic or Latino,Asian,Female,25-34,37.43,Loan originated
1,435000.0,20%-<30%,635000.0,259.0,1,Not Hispanic or Latino,White,Male,35-44,68.504,Loan originated
1,155000.0,36,165000.0,56.0,1,Not Hispanic or Latino,White,Male,25-34,95.0,Loan originated
1,975000.0,20%-<30%,1215000.0,546.0,1,Not Hispanic or Latino,White,Male,55-64,80.0,Loan originated
1,425000.0,44,495000.0,123.0,1,Not Hispanic or Latino,White,Female,55-64,85.0,Loan originated
1,695000.0,38,995000.0,191.0,1,Not Hispanic or Latino,White,Female,45-54,70.0,Loan originated
1,25000.0,39,615000.0,164.0,1,Hispanic or Latino,White,Male,35-44,100.0,Loan originated
1,505000.0,30%-<36%,735000.0,143.0,1,Not Hispanic or Latino,Asian,Male,45-54,70.0,Loan originated
1,245000.0,37,825000.0,111.0,1,Not Hispanic or Latino,White,Female,35-44,29.697,Loan originated
1,215000.0,44,305000.0,48.0,1,Not Hispanic or Latino,White,Male,25-34,70.0,Loan originated
1,525000.0,40,705000.0,253.0,1,Hispanic or Latino,White,Female,35-44,75.0,Loan originated
1,665000.0,45,1035000.0,141.0,1,Not Hispanic or Latino,Asian,Female,45-54,63.95,Loan originated
1,545000.0,42,615000.0,136.0,1,Not Hispanic or Latino,White,Male,35-44,90.0,Loan originated
1,355000.0,40,365000.0,97.0,1,Hispanic or Latino,White,Male,35-44,97.0,Loan originated
1,215000.0,50%-60%,235000.0,107.0,1,Hispanic or Latino,White,Female,35-44,90.0,Loan originated
1,735000.0,39,865000.0,184.0,1,Not Hispanic or Latino,Asian,Male,35-44,84.99,Loan originated
1,165000.0,49,305000.0,42.0,1,Not Hispanic or Latino,White,Female,65-74,54.472,Loan originated
1,325000.0,20%-<30%,415000.0,114.0,1,Hispanic or Latino,White,Male,25-34,80.0,Loan originated
1,1005000.0,50%-60%,1935000.0,239.0,1,Not Hispanic or Latino,White,Female,55-64,51.76,Application denied
1,675000.0,46,745000.0,170.0,1,Not Hispanic or Latino,White,Male,25-34,90.0,Loan originated
1,585000.0,44,615000.0,148.0,1,Hispanic or Latino,American Indian or Alaska Native,Male,55-64,95.0,Application denied
1,655000.0,49,725000.0,176.0,1,Hispanic or Latino,White,Male,25-34,90.0,Loan originated
1,615000.0,48,905000.0,148.0,1,Not Hispanic or Latino,Asian,Female,35-44,67.403,Loan originated
1,475000.0,30%-<36%,715000.0,165.0,1,Not Hispanic or Latino,White,Female,35-44,67.229,Loan originated
1,365000.0,20%-<30%,425000.0,147.0,1,Not Hispanic or Latino,White,Female,25-34,85.0,Loan originated
1,685000.0,45,855000.0,295.0,1,Not Hispanic or Latino,White,Male,35-44,80.0,Loan originated
1,535000.0,30%-<36%,675000.0,205.0,1,Not Hispanic or Latino,Asian,Male,45-54,80.0,Loan originated
1,425000.0,48,705000.0,139.0,1,Not Hispanic or Latino,Asian,Female,<25,60.0,Loan originated
1,645000.0,30%-<36%,805000.0,258.0,1,Not Hispanic or Latino,Black or African American,Male,55-64,80.0,Loan originated
1,405000.0,30%-<36%,725000.0,157.0,1,Not Hispanic or Latino,White,Male,>74,55.621,Application denied
1,975000.0,39,1085000.0,305.0,1,Not Hispanic or Latino,Asian,Female,25-34,89.81,Loan originated
1,325000.0,48,425000.0,78.0,1,Not Hispanic or Latino,White,Female,45-54,75.765,Loan originated
1,115000.0,41,805000.0,84.0,1,Not Hispanic or Latino,White,Female,65-74,14.375,Loan originated
1,925000.0,43,1155000.0,280.0,1,Hispanic or Latino,White,Male,35-44,80.0,Loan originated
1,515000.0,38,575000.0,153.0,1,Hispanic or Latino,White,Female,45-54,89.9,Loan originated
1,1115000.0,46,1395000.0,794.0,1,Not Hispanic or Latino,Asian,Female,45-54,80.0,Loan originated
1,435000.0,20%-<30%,695000.0,397.0,1,Not Hispanic or Latino,Asian,Female,25-34,62.32,Loan originated
1,395000.0,30%-<36%,415000.0,156.0,1,Not Hispanic or Latino,Asian,Male,25-34,97.0,Loan originated
1,535000.0,46,645000.0,102.0,1,Hispanic or Latino,White,Male,35-44,83.0,Loan originated
1,765000.0,40,955000.0,187.0,1,Hispanic or Latino,White,Female,45-54,80.0,Loan originated
1,255000.0,42,345000.0,73.0,1,Not Hispanic or Latino,White,Male,45-54,75.0,Loan originated
1,295000.0,46,315000.0,68.0,1,Hispanic or Latino,White,Male,25-34,95.0,Application denied
1,665000.0,44,775000.0,220.0,1,Not Hispanic or Latino,White,Male,35-44,84.833,Loan originated
1,285000.0,45,385000.0,86.0,1,Not Hispanic or Latino,Asian,Female,55-64,73.68,Loan originated
1,195000.0,37,225000.0,59.0,1,Not Hispanic or Latino,White,Female,35-44,90.0,Loan originated
1,225000.0,43,245000.0,67.0,1,Hispanic or Latino,White,Male,55-64,95.0,Loan originated
1,315000.0,46,545000.0,100.0,1,Hispanic or Latino,Asian,Male,45-54,57.0,Loan originated
1,725000.0,36,905000.0,215.0,1,Not Hispanic or Latino,White,Female,35-44,80.0,Loan originated
1,565000.0,43,595000.0,126.0,1,Hispanic or Latino,White,Male,25-34,95.0,Loan originated
1,445000.0,45,555000.0,103.0,1,Not Hispanic or Latino,Asian,Male,45-54,80.0,Loan originated
1,205000.0,>60%,1205000.0,40.0,1,Not Hispanic or Latino,White,Female,65-74,16.667,Application denied
1,365000.0,37,465000.0,101.0,1,Not Hispanic or Latino,White,Male,65-74,80.0,Loan originated
1,565000.0,20%-<30%,715000.0,562.0,1,Hispanic or Latino,White,Male,55-64,80.0,Loan originated
1,255000.0,20%-<30%,445000.0,111.0,1,Not Hispanic or Latino,White,Male,35-44,57.5,Loan originated
1,335000.0,45,415000.0,70.0,1,Not Hispanic or Latino,White,Male,25-34,80.0,Loan originated
1,355000.0,48,445000.0,73.0,1,Hispanic or Latino,White,Female,25-34,80.0,Loan originated
1,185000.0,45,935000.0,69.0,1,Not Hispanic or Latino,White,Female,65-74,19.355,Loan originated
1,505000.0,43,635000.0,130.0,1,Not Hispanic or Latino,Asian,Female,25-34,80.0,Loan originated
1,195000.0,30%-<36%,245000.0,66.0,1,Not Hispanic or Latino,White,Female,35-44,80.0,Loan originated
1,375000.0,49,575000.0,80.0,1,Hispanic or Latino,White,Female,25-34,65.217,Loan originated
1,375000.0,49,425000.0,71.0,1,Not Hispanic or Latino,Asian,Male,35-44,88.138,Loan originated
1,725000.0,43,855000.0,170.0,1,Hispanic or Latino,White,Male,45-54,85.0,Loan originated
1,165000.0,45,175000.0,81.0,1,Hispanic or Latino,White,Male,35-44,94.58,Application denied
1,735000.0,39,865000.0,185.0,1,Not Hispanic or Latino,White,Male,45-54,85.0,Loan originated
1,765000.0,42,1055000.0,394.0,1,Not Hispanic or Latino,White,Male,45-54,73.0,Loan originated
1,735000.0,46,825000.0,361.0,1,Hispanic or Latino,White,Male,35-44,90.0,Loan originated
1,385000.0,48,455000.0,80.0,1,Not Hispanic or Latino,White,Female,35-44,85.0,Loan originated
1,425000.0,49,445000.0,75.0,1,Hispanic or Latino,White,Female,25-34,97.0,Loan originated
1,375000.0,42,745000.0,177.0,1,Hispanic or Latino,White,Male,45-54,50.0,Loan originated
1,625000.0,44,795000.0,141.0,1,Not Hispanic or Latino,Asian,Male,25-34,78.861,Loan originated
1,575000.0,37,725000.0,157.0,1,Not Hispanic or Latino,Asian,Male,35-44,79.99,Loan originated
1,345000.0,41,405000.0,91.0,1,Hispanic or Latino,White,Male,65-74,85.0,Loan originated
1,305000.0,30%-<36%,405000.0,117.0,1,Hispanic or Latino,White,Male,25-34,75.0,Application denied
1,1145000.0,46,1425000.0,270.0,1,Not Hispanic or Latino,White,Male,35-44,80.0,Loan originated
1,955000.0,30%-<36%,1195000.0,245.0,1,Not Hispanic or Latino,Asian,Male,25-34,79.994,Loan originated
1,445000.0,41,465000.0,140.0,1,Not Hispanic or Latino,White,Male,25-34,96.001,Application denied
1,255000.0,30%-<36%,1025000.0,194.0,1,Not Hispanic or Latino,White,Male,35-44,24.805,Loan originated
1,655000.0,49,935000.0,229.0,1,Not Hispanic or Latino,Asian,Male,25-34,70.0,Loan originated
1,405000.0,30%-<36%,815000.0,143.0,1,Not Hispanic or Latino,Asian,Female,25-34,48.882,Loan originated
1,475000.0,38,505000.0,158.0,1,Not Hispanic or Latino,White,Male,35-44,95.0,Loan originated
1,305000.0,48,325000.0,70.0,1,Not Hispanic or Latino,White,Male,35-44,95.0,Loan originated
1,185000.0,40,505000.0,56.0,1,Hispanic or Latino,White,Male,<25,36.0,Loan originated
1,515000.0,47,925000.0,121.0,1,Not Hispanic or Latino,Black or African American,Female,45-54,55.0,Loan originated
1,885000.0,49,1405000.0,176.0,1,Not Hispanic or Latino,Asian,Male,35-44,62.633,Loan originated
1,615000.0,30%-<36%,775000.0,200.0,1,Not Hispanic or Latino,White,Male,35-44,80.0,Loan originated
1,605000.0,48,865000.0,144.0,1,Not Hispanic or Latino,White,Male,<25,70.0,Loan originated
1,725000.0,46,825000.0,168.0,1,Not Hispanic or Latino,Asian,Female,35-44,87.879,Application denied
1,455000.0,20%-<30%,675000.0,225.0,1,Not Hispanic or Latino,Asian,Male,25-34,67.87,Loan originated
1,275000.0,44,625000.0,138.0,1,Hispanic or Latino,White,Female,65-74,44.0,Loan originated
1,315000.0,48,445000.0,67.0,1,Not Hispanic or Latino,White,Male,25-34,73.0,Loan originated
1,605000.0,49,845000.0,126.0,1,Not Hispanic or Latino,Asian,Male,25-34,71.174,Loan originated
1,565000.0,43,585000.0,145.0,1,Not Hispanic or Latino,White,Male,35-44,97.0,Loan originated
1,15000.0,40,405000.0,93.0,1,Not Hispanic or Latino,White,Male,35-44,100.0,Loan originated
1,905000.0,45,955000.0,228.0,1,Hispanic or Latino,White,Male,35-44,95.0,Application denied
1,605000.0,43,705000.0,230.0,1,Not Hispanic or Latino,Asian,Female,55-64,85.715,Loan originated
1,1005000.0,43,1275000.0,231.0,1,Not Hispanic or Latino,Asian,Female,25-34,78.43,Loan originated
1,555000.0,37,625000.0,137.0,1,Not Hispanic or Latino,White,Female,35-44,90.0,Loan originated
1,115000.0,48,275000.0,80.0,1,Not Hispanic or Latino,White,Female,55-64,44.0,Loan originated
1,55000.0,45,505000.0,50.0,1,Hispanic or Latino,White,Male,45-54,26.0,Application denied
1,425000.0,40,475000.0,142.0,1,Hispanic or Latino,White,Female,25-34,89.9,Loan originated
1,505000.0,30%-<36%,625000.0,180.0,1,Hispanic or Latino,White,Male,35-44,80.0,Application denied
1,645000.0,48,845000.0,273.0,1,Not Hispanic or Latino,White,Male,65-74,76.724,Loan originated
1,565000.0,20%-<30%,705000.0,250.0,1,Not Hispanic or Latino,White,Female,25-34,80.0,Loan originated
1,515000.0,48,645000.0,179.0,1,Not Hispanic or Latino,White,Female,45-54,80.0,Loan originated
1,475000.0,47,685000.0,94.0,1,Hispanic or Latino,White,Male,45-54,70.0,Loan originated
1,645000.0,47,805000.0,132.0,1,Not Hispanic or Latino,Asian,Male,25-34,79.99,Loan originated
1,645000.0,50%-60%,675000.0,134.0,1,Not Hispanic or Latino,Asian,Female,25-34,95.0,Application denied
1,605000.0,44,835000.0,128.0,1,Not Hispanic or Latino,White,Male,25-34,71.86,Loan originated
1,445000.0,45,705000.0,120.0,1,Not Hispanic or Latino,White,Female,55-64,62.476,Loan originated
1,765000.0,44,815000.0,154.0,1,Not Hispanic or Latino,Black or African American,Female,35-44,95.0,Loan originated
1,765000.0,47,955000.0,181.0,1,Hispanic or Latino,White,Female,45-54,80.0,Loan originated
1,395000.0,47,445000.0,275.0,1,Hispanic or Latino,White,Male,25-34,90.0,Loan originated
1,45000.0,43,85000.0,35.0,1,Not Hispanic or Latino,White,Female,65-74,52.94,Loan originated
1,505000.0,36,625000.0,130.0,1,Hispanic or Latino,White,Male,35-44,80.0,Loan originated
1,225000.0,41,275000.0,80.0,1,Hispanic or Latino,White,Female,35-44,81.64,Loan originated
1,625000.0,43,785000.0,223.0,1,Not Hispanic or Latino,Black or African American,Female,45-54,79.489,Loan originated
1,385000.0,41,475000.0,114.0,1,Not Hispanic or Latino,White,Female,35-44,80.0,Loan originated
1,415000.0,47,515000.0,94.0,1,Not Hispanic or Latino,Asian,Male,25-34,79.8,Loan originated
1,615000.0,47,685000.0,124.0,1,Not Hispanic or Latino,Asian,Female,25-34,90.0,Loan originated
1,725000.0,42,805000.0,266.0,1,Not Hispanic or Latino,White,Male,45-54,90.0,Loan originated
1,535000.0,20%-<30%,595000.0,261.0,1,Hispanic or Latino,White,Female,35-44,90.0,Loan originated
1,795000.0,20%-<30%,995000.0,381.0,1,Not Hispanic or Latino,White,Male,35-44,80.0,Loan originated
1,645000.0,30%-<36%,805000.0,222.0,1,Not Hispanic or Latino,Asian,Female,35-44,80.0,Loan originated
1,875000.0,38,1265000.0,251.0,1,Not Hispanic or Latino,Asian,Female,25-34,69.307,Loan originated
1,795000.0,20%-<30%,995000.0,355.0,1,Not Hispanic or Latino,Asian,Male,35-44,80.0,Loan originated
1,965000.0,48,1215000.0,251.0,1,Not Hispanic or Latino,Asian,Male,45-54,80.0,Loan originated
1,535000.0,44,945000.0,161.0,1,Not Hispanic or Latino,White,Male,35-44,56.405,Loan originated
1,655000.0,42,935000.0,202.0,1,Not Hispanic or Latino,White,Male,35-44,70.0,Loan originated
1,325000.0,39,405000.0,92.0,1,Not Hispanic or Latino,White,Female,<25,79.995,Loan originated
1,1075000.0,38,2045000.0,360.0,1,Not Hispanic or Latino,White,Male,65-74,52.593,Loan originated
1,355000.0,42,375000.0,100.0,1,Not Hispanic or Latino,White,Female,35-44,95.0,Loan originated
1,595000.0,45,635000.0,223.0,1,Not Hispanic or Latino,White,Female,35-44,95.0,Loan originated
1,675000.0,45,845000.0,214.0,1,Hispanic or Latino,White,Male,55-64,80.0,Loan originated
1,245000.0,20%-<30%,435000.0,116.0,1,Not Hispanic or Latino,White,Male,25-34,55.814,Loan originated
1,295000.0,49,405000.0,67.0,1,Not Hispanic or Latino,Asian,Female,25-34,72.5,Loan originated
1,1145000.0,20%-<30%,1525000.0,675.0,1,Not Hispanic or Latino,Asian,Male,45-54,75.0,Loan originated
1,605000.0,44,755000.0,136.0,1,Not Hispanic or Latino,White,Male,35-44,80.0,Loan originated
1,705000.0,45,885000.0,194.0,1,Not Hispanic or Latino,Asian,Female,35-44,79.545,Loan originated
1,655000.0,20%-<30%,935000.0,308.0,1,Not Hispanic or Latino,Asian,Male,45-54,89.99,Loan originated
1,415000.0,44,465000.0,95.0,1,Not Hispanic or Latino,Asian,Male,25-34,90.0,Loan originated
1,355000.0,45,595000.0,113.0,1,Not Hispanic or Latino,White,Female,>74,58.72,Loan originated
1,595000.0,39,625000.0,164.0,1,Hispanic or Latino,White,Female,25-34,95.0,Loan originated
1,425000.0,45,655000.0,98.0,1,Hispanic or Latino,White,Female,65-74,64.615,Loan originated
1,445000.0,47,555000.0,105.0,1,Not Hispanic or Latino,White,Male,35-44,80.0,Loan originated
1,245000.0,45,485000.0,63.0,1,Not Hispanic or Latino,White,Female,35-44,50.0,Loan originated
1,495000.0,>60%,625000.0,133.0,1,Hispanic or Latino,White,Female,35-44,80.0,Application denied
1,475000.0,49,1225000.0,111.0,1,Not Hispanic or Latino,White,Female,35-44,39.0,Loan originated
1,505000.0,49,705000.0,117.0,1,Not Hispanic or Latino,White,Female,35-44,71.952,Loan originated
1,385000.0,48,535000.0,80.0,1,Not Hispanic or Latino,Asian,Male,35-44,72.2,Loan originated
1,525000.0,<20%,655000.0,564.0,1,Not Hispanic or Latino,White,Male,35-44,80.0,Loan originated
1,925000.0,50%-60%,1325000.0,168.0,1,Not Hispanic or Latino,Asian,Male,35-44,69.811,Loan originated
1,305000.0,37,615000.0,102.0,1,Not Hispanic or Latino,White,Female,25-34,49.67,Loan originated
1,575000.0,39,1175000.0,171.0,1,Not Hispanic or Latino,White,Male,25-34,48.936,Loan originated
1,675000.0,49,715000.0,146.0,1,Hispanic or Latino,White,Female,65-74,94.568,Loan originated
1,545000.0,20%-<30%,745000.0,352.0,1,Not Hispanic or Latino,Asian,Male,45-54,72.973,Loan originated
1,765000.0,39,805000.0,199.0,1,Not Hispanic or Latino,White,Female,25-34,94.753,Loan originated
1,455000.0,49,505000.0,98.0,1,Hispanic or Latino,White,Female,25-34,90.0,Loan originated
1,485000.0,30%-<36%,885000.0,171.0,1,Not Hispanic or Latino,Asian,Male,45-54,54.55,Loan originated
1,425000.0,39,525000.0,168.0,1,Not Hispanic or Latino,Asian,Female,35-44,80.0,Loan originated
1,405000.0,45,655000.0,107.0,1,Not Hispanic or Latino,Asian,Female,25-34,61.832,Loan originated
1,745000.0,39,825000.0,195.0,1,Not Hispanic or Latino,Asian,Male,35-44,90.0,Loan originated
1,725000.0,43,905000.0,145.0,1,Not Hispanic or Latino,White,Male,35-44,80.0,Application denied
1,635000.0,44,795000.0,225.0,1,Hispanic or Latino,White,Female,55-64,80.0,Loan originated
1,625000.0,49,785000.0,124.0,1,Hispanic or Latino,Asian,Male,35-44,80.0,Loan originated
1,365000.0,48,495000.0,90.0,1,Not Hispanic or Latino,White,Female,55-64,73.0,Loan originated
1,635000.0,37,795000.0,182.0,1,Not Hispanic or Latino,Asian,Female,35-44,80.0,Loan originated
1,645000.0,46,815000.0,188.0,1,Not Hispanic or Latino,Asian,Male,35-44,80.0,Loan originated
1,1005000.0,<20%,1555000.0,2099.0,1,Not Hispanic or Latino,White,Male,45-54,65.0,Loan originated
1,1145000.0,49,1535000.0,221.0,1,Not Hispanic or Latino,White,Male,35-44,74.511,Loan originated
1,465000.0,43,485000.0,107.0,1,Hispanic or Latino,White,Female,25-34,95.0,Loan originated
1,655000.0,48,685000.0,142.0,1,Hispanic or Latino,White,Male,35-44,95.0,Loan originated
1,575000.0,30%-<36%,965000.0,215.0,1,Not Hispanic or Latino,White,Male,25-34,59.459,Loan originated
1,865000.0,47,1085000.0,180.0,1,Not Hispanic or Latino,Asian,Male,25-34,80.0,Loan originated
1,425000.0,46,555000.0,18.0,1,Not Hispanic or Latino,Asian,Female,35-44,80.0,Loan originated
1,815000.0,45,935000.0,188.0,1,Not Hispanic or Latino,White,Male,35-44,87.097,Loan originated
1,645000.0,49,855000.0,227.0,1,Not Hispanic or Latino,White,Male,25-34,75.0,Loan originated
1,475000.0,43,515000.0,126.0,1,Hispanic or Latino,White,Female,55-64,91.262,Loan originated
1,285000.0,38,295000.0,68.0,1,Hispanic or Latino,White,Male,25-34,97.0,Loan originated
1,1045000.0,43,1105000.0,274.0,1,Not Hispanic or Latino,Asian,Male,35-44,95.0,Loan originated
1,135000.0,<20%,535000.0,219.0,1,Not Hispanic or Latino,Asian,Male,45-54,25.763,Loan originated
1,355000.0,45,445000.0,122.0,1,Not Hispanic or Latino,White,Female,35-44,80.0,Loan originated
1,975000.0,44,1305000.0,225.0,1,Not Hispanic or Latino,Asian,Male,35-44,75.0,Loan originated
1,645000.0,49,805000.0,148.0,1,Not Hispanic or Latino,Asian,Male,45-54,80.0,Loan originated
1,675000.0,46,905000.0,180.0,1,Not Hispanic or Latino,Asian,Female,35-44,75.0,Application denied
1,925000.0,45,1155000.0,249.0,1,Not Hispanic or Latino,White,Male,45-54,80.0,Loan originated
1,245000.0,20%-<30%,395000.0,147.0,1,Not Hispanic or Latino,White,Female,55-64,62.025,Loan originated
1,775000.0,38,935000.0,204.0,1,Not Hispanic or Latino,Asian,Male,25-34,82.09,Loan originated
1,735000.0,49,815000.0,151.0,1,Not Hispanic or Latino,White,Male,35-44,89.99,Loan originated
1,745000.0,42,795000.0,188.0,1,Not Hispanic or Latino,Black or African American,Male,45-54,94.13,Loan originated
1,515000.0,49,785000.0,121.0,1,Not Hispanic or Latino,Black or African American,Male,>74,64.968,Loan originated
1,755000.0,30%-<36%,1175000.0,232.0,1,Not Hispanic or Latino,White,Male,35-44,64.256,Loan originated
1,425000.0,43,445000.0,141.0,1,Hispanic or Latino,White,Male,25-34,95.0,Loan originated
1,675000.0,42,895000.0,160.0,1,Not Hispanic or Latino,White,Male,25-34,75.419,Loan originated
1,415000.0,30%-<36%,815000.0,240.0,1,Not Hispanic or Latino,Asian,Male,45-54,51.014,Loan originated
1,315000.0,<20%,365000.0,219.0,1,Not Hispanic or Latino,Asian,Female,45-54,86.301,Loan originated
1,535000.0,46,665000.0,157.0,1,Not Hispanic or Latino,White,Male,35-44,80.0,Loan originated
1,375000.0,45,495000.0,106.0,1,Hispanic or Latino,White,Male,35-44,76.0,Loan originated
1,945000.0,30%-<36%,1055000.0,394.0,1,Not Hispanic or Latino,Black or African American,Male,35-44,90.0,Application denied
1,635000.0,30%-<36%,845000.0,205.0,1,Not Hispanic or Latino,Asian,Male,35-44,75.0,Application denied
1,15000.0,48,455000.0,129.0,1,Not Hispanic or Latino,Asian,Female,35-44,100.0,Loan originated
1,835000.0,42,925000.0,222.0,1,Hispanic or Latino,White,Female,35-44,90.0,Loan originated
1,705000.0,20%-<30%,1005000.0,959.0,1,Not Hispanic or Latino,White,Male,25-34,70.0,Loan originated
1,705000.0,<20%,855000.0,2400.0,1,Hispanic or Latino,Asian,Male,55-64,82.6,Loan originated
1,245000.0,43,275000.0,62.0,1,Hispanic or Latino,White,Female,25-34,90.0,Loan originated
1,885000.0,47,1175000.0,187.0,1,Not Hispanic or Latino,Asian,Male,25-34,75.0,Loan originated
1,575000.0,<20%,1045000.0,890.0,1,Not Hispanic or Latino,Asian,Male,<25,55.0,Loan originated
1,485000.0,44,505000.0,140.0,1,Not Hispanic or Latino,Asian,Male,25-34,97.0,Loan originated
1,515000.0,38,575000.0,140.0,1,Not Hispanic or Latino,Asian,Female,25-34,89.992,Loan originated
1,555000.0,46,655000.0,133.0,1,Not Hispanic or Latino,White,Female,25-34,85.0,Loan originated
1,675000.0,39,845000.0,160.0,1,Not Hispanic or Latino,White,Male,25-34,80.0,Loan originated
1,735000.0,48,915000.0,160.0,1,Not Hispanic or Latino,Asian,Male,25-34,80.0,Loan originated
1,975000.0,47,1155000.0,210.0,1,Not Hispanic or Latino,Asian,Male,35-44,85.0,Loan originated
1,605000.0,<20%,755000.0,540.0,1,Not Hispanic or Latino,American Indian or Alaska Native,Female,25-34,80.0,Loan originated
1,585000.0,38,615000.0,148.0,1,Not Hispanic or Latino,White,Female,45-54,95.0,Loan originated
1,375000.0,39,475000.0,95.0,1,Not Hispanic or Latino,White,Male,25-34,80.0,Loan originated
1,515000.0,49,825000.0,107.0,1,Not Hispanic or Latino,White,Male,25-34,62.0,Loan originated
1,505000.0,39,505000.0,121.0,1,Not Hispanic or Latino,Asian,Male,25-34,101.75,Loan originated
1,415000.0,38,565000.0,110.0,1,Not Hispanic or Latino,White,Male,25-34,73.21,Loan originated
1,835000.0,48,1045000.0,167.0,1,Not Hispanic or Latino,Asian,Female,35-44,80.0,Loan originated
1,235000.0,<20%,485000.0,175.0,1,Not Hispanic or Latino,White,Male,25-34,47.917,Loan originated
1,565000.0,38,715000.0,158.0,1,Not Hispanic or Latino,White,Male,25-34,80.0,Loan originated
1,625000.0,>60%,785000.0,13.0,1,Not Hispanic or Latino,White,Male,45-54,80.0,Application denied
1,325000.0,43,525000.0,99.0,1,Not Hispanic or Latino,White,Male,35-44,62.246,Loan originated
1,425000.0,46,535000.0,92.0,1,Hispanic or Latino,White,Female,35-44,80.0,Loan originated
1,595000.0,45,1345000.0,235.0,1,Not Hispanic or Latino,White,Male,35-44,44.0,Loan originated
1,655000.0,48,935000.0,192.0,1,Not Hispanic or Latino,Asian,Male,45-54,70.0,Loan originated
1,505000.0,49,595000.0,137.0,1,Not Hispanic or Latino,Asian,Male,35-44,85.0,Loan originated
1,305000.0,48,505000.0,78.0,1,Not Hispanic or Latino,White,Female,25-34,60.0,Loan originated
1,695000.0,30%-<36%,875000.0,223.0,1,Hispanic or Latino,White,Female,35-44,79.99,Loan originated
1,555000.0,44,565000.0,454.0,1,Hispanic or Latino,White,Female,25-34,90.0,Application denied
1,705000.0,40,885000.0,336.0,1,Not Hispanic or Latino,Asian,Female,35-44,80.0,Loan originated
1,345000.0,41,565000.0,99.0,1,Not Hispanic or Latino,Asian,Male,25-34,59.78,Loan originated
1,1005000.0,45,1255000.0,304.0,1,Hispanic or Latino,White,Female,35-44,80.0,Loan originated
1,185000.0,30%-<36%,805000.0,73.0,1,Not Hispanic or Latino,White,Female,65-74,23.125,Loan originated
1,525000.0,46,745000.0,103.0,1,Not Hispanic or Latino,Asian,Female,25-34,70.801,Loan originated
1,615000.0,49,645000.0,141.0,1,Not Hispanic or Latino,White,Female,35-44,95.0,Loan originated
1,405000.0,48,425000.0,139.0,1,Not Hispanic or Latino,Asian,Male,25-34,95.0,Loan originated
1,735000.0,49,815000.0,148.0,1,Not Hispanic or Latino,Asian,Male,25-34,90.0,Loan originated
1,385000.0,42,475000.0,92.0,1,Not Hispanic or Latino,White,Male,35-44,80.0,Loan originated
1,335000.0,40,575000.0,92.0,1,Not Hispanic or Latino,Asian,Male,35-44,58.0,Loan originated
1,305000.0,41,405000.0,101.0,1,Not Hispanic or Latino,Asian,Female,25-34,76.0,Loan originated
1,715000.0,45,805000.0,173.0,1,Hispanic or Latino,White,Male,35-44,88.75,Loan originated
1,455000.0,20%-<30%,565000.0,179.0,1,Not Hispanic or Latino,Asian,Female,25-34,79.965,Loan originated
1,985000.0,50%-60%,1405000.0,190.0,1,Not Hispanic or Latino,Asian,Male,25-34,70.0,Application denied
1,485000.0,42,695000.0,229.0,1,Not Hispanic or Latino,Asian,Male,35-44,70.0,Loan originated
1,325000.0,40,345000.0,96.0,1,Not Hispanic or Latino,Asian,Male,35-44,95.0,Loan originated
1,695000.0,49,735000.0,146.0,1,Not Hispanic or Latino,White,Male,25-34,95.0,Loan originated
1,615000.0,20%-<30%,655000.0,250.0,1,Not Hispanic or Latino,White,Male,45-54,95.0,Application denied
1,455000.0,<20%,575000.0,236.0,1,Not Hispanic or Latino,White,Male,45-54,79.989,Loan originated
1,765000.0,49,1065000.0,190.0,1,Not Hispanic or Latino,Asian,Female,25-34,72.311,Loan originated
1,505000.0,45,1525000.0,143.0,1,Not Hispanic or Latino,White,Male,35-44,32.787,Loan originated
1,665000.0,49,705000.0,187.0,1,Not Hispanic or Latino,Black or African American,Female,45-54,95.0,Loan originated
1,725000.0,30%-<36%,1225000.0,314.0,1,Not Hispanic or Latino,White,Female,45-54,71.429,Loan originated
1,305000.0,45,315000.0,68.0,1,Hispanic or Latino,White,Female,45-54,100.0,Loan originated
1,335000.0,30%-<36%,475000.0,109.0,1,Not Hispanic or Latino,White,Female,45-54,70.213,Loan originated
1,475000.0,30%-<36%,695000.0,165.0,1,Not Hispanic or Latino,White,Female,25-34,67.632,Loan originated
1,285000.0,36,355000.0,72.0,1,Not Hispanic or Latino,White,Male,35-44,80.0,Loan originated
1,85000.0,49,315000.0,31.0,1,Hispanic or Latino,White,Male,25-34,25.352,Loan originated
1,1005000.0,20%-<30%,2525000.0,555.0,1,Not Hispanic or Latino,White,Female,45-54,39.6,Loan originated
1,145000.0,39,385000.0,147.0,1,Hispanic or Latino,White,Female,25-34,38.71,Application denied
1,765000.0,43,805000.0,173.0,1,Not Hispanic or Latino,Asian,Female,25-34,95.0,Loan originated
1,705000.0,45,2245000.0,381.0,1,Not Hispanic or Latino,Asian,Male,45-54,31.216,Loan originated
1,715000.0,42,755000.0,155.0,1,Hispanic or Latino,White,Female,55-64,95.0,Loan originated
1,755000.0,20%-<30%,945000.0,311.0,1,Hispanic or Latino,White,Male,35-44,80.0,Loan originated
1,455000.0,42,475000.0,100.0,1,Hispanic or Latino,White,Female,25-34,97.0,Loan originated
1,435000.0,49,545000.0,84.0,1,Hispanic or Latino,White,Female,35-44,80.0,Loan originated
1,1095000.0,45,1365000.0,318.0,1,Not Hispanic or Latino,Asian,Female,35-44,80.0,Loan originated
1,335000.0,41,355000.0,78.0,1,Hispanic or Latino,White,Male,25-34,95.0,Loan originated
1,505000.0,41,635000.0,168.0,1,Not Hispanic or Latino,Black or African American,Female,>74,80.0,Loan originated
1,305000.0,42,385000.0,71.0,1,Not Hispanic or Latino,Asian,Male,45-54,80.0,Loan originated
1,345000.0,20%-<30%,585000.0,148.0,1,Not Hispanic or Latino,White,Male,>74,59.0,Loan originated
1,125000.0,43,215000.0,62.0,1,Not Hispanic or Latino,White,Female,55-64,58.69,Loan originated
1,635000.0,36,995000.0,187.0,1,Not Hispanic or Latino,White,Female,35-44,63.589,Loan originated
1,885000.0,49,1285000.0,399.0,1,Not Hispanic or Latino,Asian,Female,35-44,68.75,Loan originated
1,405000.0,43,605000.0,107.0,1,Not Hispanic or Latino,White,Male,25-34,68.0,Loan originated
1,385000.0,43,405000.0,104.0,1,Not Hispanic or Latino,White,Male,25-34,95.0,Loan originated
1,1145000.0,30%-<36%,1655000.0,1098.0,1,Not Hispanic or Latino,White,Male,<25,79.989,Loan originated
1,315000.0,49,925000.0,94.0,1,Not Hispanic or Latino,Asian,Female,<25,34.24,Loan originated
1,365000.0,50%-60%,385000.0,78.0,1,Hispanic or Latino,White,Male,55-64,95.0,Loan originated
1,1125000.0,30%-<36%,1415000.0,333.0,1,Hispanic or Latino,White,Female,25-34,80.0,Loan originated
1,395000.0,44,495000.0,129.0,1,Not Hispanic or Latino,Black or African American,Male,45-54,100.0,Loan originated
1,525000.0,49,555000.0,205.0,1,Not Hispanic or Latino,Asian,Female,45-54,95.0,Loan originated
1,1005000.0,45,1825000.0,249.0,1,Not Hispanic or Latino,Asian,Male,25-34,54.795,Loan originated
1,605000.0,30%-<36%,695000.0,185.0,1,Not Hispanic or Latino,Asian,Male,25-34,88.0,Loan originated
1,845000.0,47,1055000.0,206.0,1,Hispanic or Latino,White,Female,35-44,80.0,Loan originated
1,1105000.0,30%-<36%,1535000.0,320.0,1,Not Hispanic or Latino,White,Female,55-64,71.615,Loan originated
1,785000.0,30%-<36%,985000.0,231.0,1,Not Hispanic or Latino,Asian,Female,25-34,80.0,Loan originated
1,445000.0,36,555000.0,119.0,1,Not Hispanic or Latino,Asian,Female,25-34,80.0,Loan originated
1,1135000.0,49,1295000.0,436.0,1,Not Hispanic or Latino,White,Male,45-54,89.0,Loan originated
1,445000.0,47,695000.0,117.0,1,Not Hispanic or Latino,White,Female,35-44,63.813,Loan originated
1,885000.0,43,1265000.0,294.0,1,Not Hispanic or Latino,Asian,Female,55-64,70.0,Loan originated
1,555000.0,36,575000.0,152.0,1,Not Hispanic or Latino,White,Female,25-34,94.99,Loan originated
1,605000.0,>60%,765000.0,40.0,1,Hispanic or Latino,White,Male,35-44,80.0,Application denied
1,715000.0,49,745000.0,151.0,1,Hispanic or Latino,White,Female,35-44,95.0,Loan originated
1,325000.0,41,345000.0,98.0,1,Not Hispanic or Latino,Asian,Female,25-34,95.0,Loan originated
1,395000.0,30%-<36%,415000.0,182.0,1,Hispanic or Latino,White,Female,55-64,95.0,Loan originated
1,775000.0,43,3635000.0,260.0,1,Not Hispanic or Latino,White,Male,35-44,21.19,Loan originated
1,165000.0,40,195000.0,76.0,1,Not Hispanic or Latino,Asian,Male,55-64,81.48,Loan originated
1,385000.0,41,455000.0,100.0,1,Hispanic or Latino,White,Male,25-34,105.0,Loan originated
1,695000.0,46,735000.0,155.0,1,Not Hispanic or Latino,Black or African American,Male,25-34,95.0,Loan originated
1,525000.0,48,655000.0,131.0,1,Not Hispanic or Latino,White,Male,25-34,80.0,Loan originated
1,1155000.0,39,1655000.0,507.0,1,Not Hispanic or Latino,White,Male,25-34,70.0,Loan originated
1,1025000.0,36,1375000.0,308.0,1,Not Hispanic or Latino,White,Male,45-54,74.46,Loan originated
1,405000.0,42,425000.0,105.0,1,Not Hispanic or Latino,White,Male,<25,95.0,Loan originated
1,385000.0,30%-<36%,555000.0,181.0,1,Not Hispanic or Latino,Asian,Male,25-34,70.0,Loan originated
1,455000.0,43,505000.0,132.0,1,Not Hispanic or Latino,Asian,Female,45-54,90.0,Loan originated
1,475000.0,42,605000.0,120.0,1,Not Hispanic or Latino,White,Male,25-34,77.851,Loan originated
1,655000.0,46,765000.0,182.0,1,Not Hispanic or Latino,White,Male,25-34,85.0,Loan originated
1,585000.0,30%-<36%,935000.0,217.0,1,Not Hispanic or Latino,White,Female,25-34,62.366,Loan originated
1,635000.0,40,705000.0,178.0,1,Not Hispanic or Latino,White,Female,35-44,90.0,Loan originated
1,515000.0,20%-<30%,735000.0,219.0,1,Not Hispanic or Latino,White,Male,25-34,70.0,Loan originated
1,765000.0,38,965000.0,234.0,1,Not Hispanic or Latino,White,Male,55-64,79.378,Loan originated
1,245000.0,49,245000.0,50.0,1,Hispanic or Latino,White,Male,35-44,100.0,Loan originated
1,785000.0,20%-<30%,995000.0,706.0,1,Not Hispanic or Latino,White,Male,55-64,78.889,Loan originated
1,495000.0,30%-<36%,705000.0,587.0,1,Not Hispanic or Latino,White,Male,65-74,70.0,Loan originated
1,515000.0,42,515000.0,118.0,1,Not Hispanic or Latino,Black or African American,Male,35-44,100.0,Loan originated
1,605000.0,20%-<30%,865000.0,310.0,1,Not Hispanic or Latino,Asian,Male,55-64,70.0,Loan originated
1,765000.0,49,845000.0,147.0,1,Hispanic or Latino,White,Male,25-34,91.2,Loan originated
1,575000.0,41,725000.0,148.0,1,Not Hispanic or Latino,Asian,Female,35-44,80.0,Loan originated
1,195000.0,45,235000.0,99.0,1,Hispanic or Latino,White,Female,25-34,85.0,Application denied
1,375000.0,48,395000.0,154.0,1,Hispanic or Latino,White,Male,35-44,95.0,Loan originated
1,1145000.0,39,1315000.0,325.0,1,Not Hispanic or Latino,White,Male,35-44,87.439,Loan originated
1,305000.0,20%-<30%,355000.0,106.0,1,Not Hispanic or Latino,White,Male,25-34,85.0,Loan originated
1,765000.0,39,1155000.0,191.0,1,Not Hispanic or Latino,Asian,Female,25-34,66.232,Loan originated
1,365000.0,49,435000.0,80.0,1,Hispanic or Latino,White,Male,55-64,104.767,Loan originated
1,355000.0,43,515000.0,109.0,1,Not Hispanic or Latino,White,Male,45-54,70.0,Loan originated
1,645000.0,37,805000.0,170.0,1,Not Hispanic or Latino,Asian,Male,35-44,80.0,Loan originated
1,725000.0,46,905000.0,168.0,1,Not Hispanic or Latino,White,Male,>74,80.0,Loan originated
1,205000.0,20%-<30%,305000.0,95.0,1,Hispanic or Latino,White,Female,35-44,66.667,Loan originated
1,15000.0,40,415000.0,160.0,1,Hispanic or Latino,White,Female,45-54,100.0,Loan originated
1,295000.0,20%-<30%,595000.0,120.0,1,Not Hispanic or Latino,White,Female,55-64,49.424,Loan originated
1,15000.0,37,565000.0,168.0,1,Hispanic or Latino,White,Male,25-34,100.0,Loan originated
1,135000.0,49,535000.0,43.0,1,Not Hispanic or Latino,White,Female,55-64,25.23,Loan originated
1,295000.0,39,355000.0,89.0,1,Hispanic or Latino,White,Male,35-44,104.0,Loan originated
1,545000.0,30%-<36%,675000.0,186.0,1,Hispanic or Latino,White,Male,35-44,80.0,Loan originated
1,625000.0,30%-<36%,775000.0,210.0,1,Not Hispanic or Latino,Asian,Female,25-34,80.0,Loan originated
1,765000.0,44,955000.0,204.0,1,Not Hispanic or Latino,Asian,Female,25-34,80.0,Loan originated
1,655000.0,>60%,725000.0,95.0,1,Hispanic or Latino,White,Male,55-64,90.0,Application denied
1,275000.0,40,345000.0,96.0,1,Hispanic or Latino,White,Female,45-54,80.0,Loan originated
1,805000.0,42,2735000.0,363.0,1,Not Hispanic or Latino,Asian,Male,45-54,29.304,Loan originated
1,335000.0,40,425000.0,99.0,1,Not Hispanic or Latino,Asian,Male,25-34,80.0,Loan originated
1,705000.0,42,885000.0,198.0,1,Not Hispanic or Latino,Asian,Male,35-44,80.0,Loan originated
1,385000.0,49,405000.0,83.0,1,Hispanic or Latino,White,Male,35-44,95.0,Loan originated
1,105000.0,<20%,645000.0,0.0,1,Not Hispanic or Latino,White,Male,55-64,15.63,Application denied
1,355000.0,48,425000.0,103.0,1,Not Hispanic or Latino,Asian,Female,25-34,86.829,Loan originated
1,685000.0,37,715000.0,256.0,1,Not Hispanic or Latino,Asian,Male,25-34,97.0,Application denied
1,525000.0,<20%,655000.0,706.0,1,Not Hispanic or Latino,Asian,Male,55-64,80.0,Application denied
1,765000.0,30%-<36%,855000.0,215.0,1,Not Hispanic or Latino,Asian,Male,45-54,90.0,Loan originated
1,325000.0,45,585000.0,78.0,1,Not Hispanic or Latino,White,Female,65-74,55.17,Loan originated
1,1085000.0,41,1205000.0,279.0,1,Not Hispanic or Latino,White,Male,25-34,89.96,Loan originated
1,965000.0,38,1205000.0,252.0,1,Not Hispanic or Latino,Asian,Male,35-44,80.0,Loan originated
1,745000.0,36,775000.0,336.0,1,Hispanic or Latino,White,Female,25-34,95.0,Loan originated
1,495000.0,20%-<30%,625000.0,244.0,1,Hispanic or Latino,White,Female,25-34,80.0,Loan originated
1,945000.0,40,1185000.0,251.0,1,Not Hispanic or Latino,Asian,Male,25-34,80.0,Loan originated
1,375000.0,41,585000.0,119.0,1,Not Hispanic or Latino,White,Male,55-64,64.103,Application denied
1,255000.0,20%-<30%,365000.0,185.0,1,Not Hispanic or Latino,White,Female,55-64,70.0,Loan originated
1,325000.0,49,405000.0,74.0,1,Not Hispanic or Latino,White,Female,25-34,80.0,Loan originated
1,375000.0,20%-<30%,575000.0,149.0,1,Not Hispanic or Latino,White,Female,55-64,64.987,Loan originated
1,355000.0,39,905000.0,104.0,1,Not Hispanic or Latino,White,Female,35-44,38.889,Loan originated
1,835000.0,20%-<30%,985000.0,250.0,1,Not Hispanic or Latino,Asian,Male,35-44,85.0,Loan originated
1,485000.0,37,605000.0,269.0,1,Not Hispanic or Latino,White,Female,<25,80.0,Loan originated
1,345000.0,46,425000.0,105.0,1,Not Hispanic or Latino,White,Female,>74,80.0,Loan originated
1,435000.0,49,605000.0,118.0,1,Not Hispanic or Latino,White,Female,45-54,71.67,Loan originated
1,575000.0,49,765000.0,138.0,1,Not Hispanic or Latino,Asian,Male,35-44,75.0,Loan originated
1,555000.0,45,585000.0,117.0,1,Hispanic or Latino,American Indian or Alaska Native,Male,45-54,100.0,Loan originated
1,405000.0,20%-<30%,565000.0,243.0,1,Not Hispanic or Latino,Asian,Female,25-34,70.547,Loan originated
1,875000.0,47,975000.0,229.0,1,Not Hispanic or Latino,White,Female,45-54,90.0,Loan originated
1,505000.0,43,785000.0,124.0,1,Not Hispanic or Latino,White,Female,25-34,64.0,Loan originated
1,395000.0,50%-60%,485000.0,93.0,1,Not Hispanic or Latino,White,Female,35-44,81.5,Loan originated
1,1025000.0,44,1085000.0,280.0,1,Not Hispanic or Latino,White,Female,35-44,95.0,Loan originated
1,805000.0,20%-<30%,1355000.0,330.0,1,Not Hispanic or Latino,White,Female,35-44,59.74,Loan originated
1,605000.0,43,755000.0,135.0,1,Not Hispanic or Latino,White,Female,65-74,80.0,Loan originated
1,1105000.0,48,1155000.0,226.0,1,Not Hispanic or Latino,White,Male,35-44,95.0,Loan originated
1,885000.0,46,935000.0,188.0,1,Not Hispanic or Latino,White,Male,25-34,95.0,Loan originated
1,535000.0,>60%,765000.0,160.0,1,Not Hispanic or Latino,Asian,Male,25-34,69.86,Loan originated
1,325000.0,30%-<36%,345000.0,101.0,1,Not Hispanic or Latino,White,Male,25-34,95.0,Loan originated
1,445000.0,46,495000.0,96.0,1,Hispanic or Latino,White,Male,45-54,90.0,Loan originated
1,545000.0,49,685000.0,220.0,1,Not Hispanic or Latino,Black or African American,Female,65-74,80.0,Loan originated
1,75000.0,47,95000.0,66.0,1,Not Hispanic or Latino,White,Male,>74,79.38,Loan originated
1,515000.0,49,575000.0,126.0,1,Not Hispanic or Latino,White,Male,65-74,90.0,Loan originated
1,395000.0,40,495000.0,102.0,1,Not Hispanic or Latino,White,Female,45-54,80.0,Loan originated
1,345000.0,48,625000.0,66.0,1,Not Hispanic or Latino,White,Female,65-74,55.0,Loan originated
1,755000.0,30%-<36%,1235000.0,231.0,1,Not Hispanic or Latino,Asian,Male,45-54,61.38,Loan originated
1,325000.0,43,355000.0,130.0,1,Not Hispanic or Latino,White,Female,35-44,90.0,Loan originated
1,335000.0,41,545000.0,94.0,1,Hispanic or Latino,White,Male,25-34,61.65,Loan originated
1,345000.0,>60%,405000.0,44.0,1,Hispanic or Latino,White,Female,55-64,85.926,Loan originated
1,505000.0,49,595000.0,151.0,1,Not Hispanic or Latino,Asian,Male,25-34,84.034,Loan originated
1,485000.0,43,715000.0,150.0,1,Hispanic or Latino,White,Male,65-74,68.169,Loan originated
1,255000.0,47,1025000.0,114.0,1,Not Hispanic or Latino,Asian,Male,65-74,24.305,Loan originated
1,725000.0,30%-<36%,905000.0,260.0,1,Not Hispanic or Latino,White,Female,45-54,80.0,Loan originated
1,705000.0,39,835000.0,215.0,1,Not Hispanic or Latino,Black or African American,Female,35-44,85.0,Loan originated
1,355000.0,20%-<30%,445000.0,179.0,1,Not Hispanic or Latino,White,Female,35-44,80.0,Loan originated
1,765000.0,50%-60%,1525000.0,306.0,1,Not Hispanic or Latino,White,Male,35-44,50.0,Application denied
1,655000.0,46,735000.0,162.0,1,Not Hispanic or Latino,Asian,Male,<25,90.0,Loan originated
1,145000.0,44,195000.0,46.0,1,Not Hispanic or Latino,Black or African American,Female,25-34,75.0,Application denied
1,435000.0,20%-<30%,875000.0,227.0,1,Not Hispanic or Latino,Asian,Female,25-34,50.0,Loan originated
1,375000.0,49,465000.0,94.0,1,Hispanic or Latino,White,Female,45-54,80.0,Application denied
1,635000.0,49,795000.0,110.0,1,Not Hispanic or Latino,Asian,Male,65-74,80.0,Loan originated
1,425000.0,49,535000.0,157.0,1,Not Hispanic or Latino,Asian,Female,25-34,80.0,Loan originated
1,865000.0,30%-<36%,1085000.0,260.0,1,Not Hispanic or Latino,White,Male,35-44,80.0,Loan originated
1,425000.0,<20%,455000.0,923.0,1,Not Hispanic or Latino,Asian,Male,35-44,95.0,Loan originated
1,365000.0,38,385000.0,83.0,1,Not Hispanic or Latino,Asian,Male,25-34,95.0,Loan originated
1,205000.0,40,625000.0,72.0,1,Not Hispanic or Latino,White,Female,55-64,33.227,Loan originated
1,795000.0,>60%,995000.0,129.0,1,Hispanic or Latino,White,Female,25-34,79.98,Application denied
1,495000.0,36,615000.0,177.0,1,Not Hispanic or Latino,White,Female,45-54,80.0,Loan originated
1,635000.0,43,795000.0,206.0,1,Not Hispanic or Latino,White,Male,25-34,80.0,Loan originated
1,655000.0,43,685000.0,165.0,1,Hispanic or Latino,White,Female,25-34,95.0,Loan originated
1,515000.0,49,535000.0,115.0,1,Hispanic or Latino,White,Female,25-34,94.9,Loan originated
1,855000.0,46,1505000.0,190.0,1,Not Hispanic or Latino,Asian,Male,35-44,56.34,Loan originated
1,535000.0,44,665000.0,213.0,1,Not Hispanic or Latino,Asian,Male,55-64,80.0,Loan originated
1,495000.0,48,615000.0,151.0,1,Not Hispanic or Latino,Asian,Female,35-44,90.0,Loan originated
1,495000.0,37,665000.0,138.0,1,Not Hispanic or Latino,White,Male,35-44,75.0,Loan originated
1,715000.0,50%-60%,1425000.0,579.0,1,Not Hispanic or Latino,White,Male,65-74,50.0,Loan originated
1,585000.0,47,785000.0,149.0,1,Not Hispanic or Latino,Asian,Female,25-34,75.0,Loan originated
1,255000.0,48,445000.0,61.0,1,Not Hispanic or Latino,White,Female,<25,57.878,Loan originated
1,175000.0,48,335000.0,42.0,1,Not Hispanic or Latino,White,Female,55-64,52.432,Loan originated
1,1075000.0,47,1435000.0,374.0,1,Not Hispanic or Latino,Asian,Male,35-44,74.975,Loan originated
1,365000.0,43,465000.0,120.0,1,Hispanic or Latino,White,Male,35-44,80.0,Loan originated
1,355000.0,44,375000.0,93.0,1,Not Hispanic or Latino,White,Male,25-34,95.0,Loan originated
1,95000.0,47,135000.0,76.0,1,Hispanic or Latino,White,Female,25-34,75.0,Loan originated
1,395000.0,30%-<36%,1025000.0,160.0,1,Not Hispanic or Latino,White,Male,25-34,38.675,Loan originated
1,465000.0,44,515000.0,101.0,1,Not Hispanic or Latino,Asian,Female,25-34,90.194,Loan originated
1,745000.0,48,925000.0,150.0,1,Not Hispanic or Latino,White,Female,55-64,80.0,Loan originated
1,515000.0,49,575000.0,110.0,1,Not Hispanic or Latino,Asian,Male,35-44,90.0,Loan originated
1,465000.0,45,585000.0,202.0,1,Not Hispanic or Latino,Asian,Male,35-44,80.0,Loan originated
1,665000.0,42,885000.0,263.0,1,Not Hispanic or Latino,Asian,Male,55-64,75.0,Loan originated
1,335000.0,30%-<36%,495000.0,190.0,1,Hispanic or Latino,American Indian or Alaska Native,Female,35-44,68.0,Loan originated
1,725000.0,30%-<36%,855000.0,264.0,1,Not Hispanic or Latino,White,Female,35-44,85.0,Application denied
1,475000.0,20%-<30%,725000.0,244.0,1,Not Hispanic or Latino,Asian,Male,55-64,65.517,Loan originated
1,465000.0,49,805000.0,100.0,1,Not Hispanic or Latino,White,Female,55-64,58.125,Loan originated
1,495000.0,47,555000.0,128.0,1,Hispanic or Latino,White,Female,45-54,90.0,Loan originated
1,305000.0,49,405000.0,64.0,1,Not Hispanic or Latino,Asian,Female,45-54,95.0,Loan originated
1,715000.0,40,895000.0,248.0,1,Not Hispanic or Latino,Asian,Male,25-34,80.0,Loan originated
1,725000.0,30%-<36%,965000.0,429.0,1,Not Hispanic or Latino,White,Male,45-54,75.0,Loan originated
1,705000.0,50%-60%,1105000.0,150.0,1,Not Hispanic or Latino,White,Female,>74,63.636,Loan originated
1,455000.0,30%-<36%,765000.0,165.0,1,Not Hispanic or Latino,Asian,Male,35-44,60.0,Loan originated
1,605000.0,20%-<30%,1365000.0,262.0,1,Not Hispanic or Latino,Asian,Male,35-44,44.118,Application denied
1,255000.0,20%-<30%,325000.0,124.0,1,Not Hispanic or Latino,White,Male,25-34,80.0,Loan originated
1,445000.0,43,875000.0,186.0,1,Not Hispanic or Latino,White,Female,65-74,50.857,Loan originated
1,455000.0,37,755000.0,117.0,1,Not Hispanic or Latino,White,Male,25-34,60.0,Loan originated
1,525000.0,30%-<36%,705000.0,194.0,1,Hispanic or Latino,White,Male,55-64,75.0,Loan originated
1,135000.0,47,175000.0,35.0,1,Hispanic or Latino,White,Male,<25,80.0,Loan originated
1,525000.0,41,625000.0,129.0,1,Hispanic or Latino,White,Male,35-44,85.0,Loan originated
1,475000.0,30%-<36%,685000.0,131.0,1,Hispanic or Latino,Asian,Female,25-34,70.0,Loan originated
1,425000.0,41,435000.0,124.0,1,Hispanic or Latino,White,Female,25-34,97.0,Application denied
1,65000.0,20%-<30%,165000.0,30.0,1,Not Hispanic or Latino,White,Male,<25,43.0,Loan originated
1,365000.0,49,405000.0,79.0,1,Hispanic or Latino,White,Male,35-44,90.0,Loan originated
1,345000.0,44,365000.0,88.0,1,Hispanic or Latino,White,Male,45-54,95.0,Loan originated
1,365000.0,41,385000.0,131.0,1,Hispanic or Latino,White,Female,45-54,95.0,Loan originated
1,305000.0,30%-<36%,555000.0,140.0,1,Not Hispanic or Latino,White,Male,55-64,55.221,Loan originated
1,435000.0,48,545000.0,94.0,1,Hispanic or Latino,White,Male,<25,98.0,Loan originated
1,605000.0,45,765000.0,263.0,1,Hispanic or Latino,White,Male,55-64,80.0,Loan originated
1,865000.0,30%-<36%,1075000.0,315.0,1,Not Hispanic or Latino,White,Male,65-74,80.0,Loan originated
1,1105000.0,20%-<30%,1325000.0,473.0,1,Not Hispanic or Latino,White,Female,35-44,83.334,Loan originated
1,315000.0,43,565000.0,102.0,1,Not Hispanic or Latino,White,Male,25-34,55.357,Loan originated
1,635000.0,30%-<36%,675000.0,246.0,1,Hispanic or Latino,White,Male,45-54,95.0,Loan originated
1,255000.0,30%-<36%,455000.0,77.0,1,Hispanic or Latino,White,Female,45-54,56.04,Loan originated
1,835000.0,49,1115000.0,162.0,1,Hispanic or Latino,White,Female,55-64,75.0,Loan originated
1,455000.0,20%-<30%,565000.0,158.0,1,Hispanic or Latino,White,Male,35-44,80.0,Loan originated
1,285000.0,38,355000.0,103.0,1,Not Hispanic or Latino,White,Male,25-34,96.338,Application denied
1,765000.0,47,1065000.0,195.0,1,Not Hispanic or Latino,White,Male,25-34,72.0,Loan originated
1,495000.0,42,625000.0,223.0,1,Not Hispanic or Latino,Asian,Female,25-34,82.667,Loan originated
1,575000.0,48,875000.0,119.0,1,Not Hispanic or Latino,Asian,Female,45-54,66.0,Loan originated
1,575000.0,20%-<30%,815000.0,210.0,1,Not Hispanic or Latino,Asian,Male,35-44,71.486,Loan originated
1,665000.0,43,965000.0,170.0,1,Not Hispanic or Latino,White,Male,25-34,68.912,Loan originated
1,445000.0,40,555000.0,117.0,1,Not Hispanic or Latino,Asian,Male,35-44,80.0,Loan originated
1,305000.0,49,545000.0,63.0,1,Not Hispanic or Latino,White,Female,55-64,55.963,Loan originated
1,1125000.0,50%-60%,1325000.0,223.0,1,Not Hispanic or Latino,White,Male,35-44,85.0,Loan originated
1,575000.0,47,615000.0,151.0,1,Hispanic or Latino,White,Male,<25,95.0,Loan originated
1,735000.0,49,925000.0,152.0,1,Hispanic or Latino,White,Female,35-44,79.0,Loan originated
1,775000.0,<20%,1565000.0,627.0,1,Hispanic or Latino,White,Male,35-44,49.68,Loan originated
1,325000.0,30%-<36%,405000.0,117.0,1,Hispanic or Latino,White,Female,55-64,80.0,Loan originated
1,235000.0,20%-<30%,515000.0,122.0,1,Not Hispanic or Latino,White,Female,55-64,44.574,Loan originated
1,295000.0,38,335000.0,115.0,1,Hispanic or Latino,White,Male,<25,91.0,Application denied
1,385000.0,43,485000.0,86.0,1,Hispanic or Latino,White,Male,55-64,79.523,Loan originated
1,655000.0,42,825000.0,156.0,1,Hispanic or Latino,White,Female,55-64,80.0,Loan originated
1,955000.0,46,1205000.0,195.0,1,Not Hispanic or Latino,White,Female,55-64,80.0,Loan originated
1,1055000.0,43,1755000.0,233.0,1,Not Hispanic or Latino,Asian,Female,25-34,60.0,Loan originated
1,995000.0,39,1325000.0,406.0,1,Hispanic or Latino,White,Male,35-44,75.0,Loan originated
1,365000.0,45,455000.0,100.0,1,Not Hispanic or Latino,White,Male,25-34,80.889,Loan originated
1,665000.0,30%-<36%,875000.0,193.0,1,Not Hispanic or Latino,Asian,Female,45-54,76.782,Loan originated
1,645000.0,46,805000.0,139.0,1,Not Hispanic or Latino,White,Male,25-34,80.0,Loan originated
1,355000.0,45,375000.0,98.0,1,Hispanic or Latino,White,Male,25-34,97.0,Loan originated
1,995000.0,30%-<36%,1175000.0,296.0,1,Not Hispanic or Latino,White,Male,35-44,85.0,Loan originated
1,885000.0,47,1245000.0,220.0,1,Not Hispanic or Latino,White,Female,35-44,80.0,Loan originated
1,145000.0,>60%,165000.0,48.0,1,Not Hispanic or Latino,White,Male,65-74,87.5,Application denied
1,435000.0,44,545000.0,144.0,1,Not Hispanic or Latino,White,Male,<25,80.0,Loan originated
1,115000.0,50%-60%,125000.0,60.0,1,Not Hispanic or Latino,White,Female,55-64,95.0,Application denied
1,125000.0,45,275000.0,32.0,1,Hispanic or Latino,White,Male,45-54,45.0,Loan originated
1,1005000.0,45,1405000.0,235.0,1,Not Hispanic or Latino,Asian,Male,25-34,72.0,Loan originated
1,515000.0,49,595000.0,110.0,1,Not Hispanic or Latino,Asian,Male,25-34,87.499,Loan originated
1,405000.0,48,505000.0,100.0,1,Hispanic or Latino,White,Male,<25,100.0,Loan originated
1,515000.0,30%-<36%,725000.0,479.0,1,Not Hispanic or Latino,White,Male,25-34,70.7,Loan originated
1,145000.0,50%-60%,195000.0,35.0,1,Not Hispanic or Latino,Asian,Female,35-44,71.79,Loan originated
1,1475000.0,40,1985000.0,336.0,1,Not Hispanic or Latino,Asian,Male,25-34,74.356,Loan originated
1,505000.0,40,635000.0,174.0,1,Not Hispanic or Latino,Asian,Female,55-64,80.0,Loan originated
1,255000.0,39,605000.0,95.0,1,Not Hispanic or Latino,Asian,Female,35-44,42.0,Loan originated
1,625000.0,20%-<30%,775000.0,340.0,1,Not Hispanic or Latino,White,Male,35-44,80.0,Loan originated
1,525000.0,49,1155000.0,135.0,1,Not Hispanic or Latino,Asian,Female,55-64,45.65,Loan originated
1,965000.0,43,1215000.0,263.0,1,Not Hispanic or Latino,White,Male,65-74,80.0,Loan originated
1,635000.0,44,665000.0,187.0,1,Not Hispanic or Latino,White,Male,35-44,95.0,Loan originated
1,1005000.0,38,1525000.0,289.0,1,Not Hispanic or Latino,Asian,Female,25-34,65.37,Loan originated
1,975000.0,30%-<36%,1395000.0,429.0,1,Not Hispanic or Latino,Asian,Male,65-74,70.0,Loan originated
1,735000.0,39,925000.0,205.0,1,Not Hispanic or Latino,White,Male,35-44,80.0,Loan originated
1,305000.0,30%-<36%,815000.0,157.0,1,Not Hispanic or Latino,White,Male,35-44,36.776,Loan originated
1,455000.0,<20%,655000.0,274.0,1,Not Hispanic or Latino,Asian,Male,65-74,70.0,Loan originated
1,395000.0,41,465000.0,87.0,1,Not Hispanic or Latino,Asian,Female,25-34,85.0,Loan originated
1,135000.0,49,325000.0,57.0,1,Not Hispanic or Latino,White,Male,65-74,41.793,Loan originated
1,1055000.0,41,1175000.0,296.0,1,Not Hispanic or Latino,Black or African American,Male,35-44,90.0,Application denied
1,525000.0,36,625000.0,149.0,1,Not Hispanic or Latino,White,Male,45-54,85.0,Loan originated
1,385000.0,47,475000.0,92.0,1,Not Hispanic or Latino,Asian,Male,35-44,80.0,Loan originated
1,525000.0,39,655000.0,130.0,1,Not Hispanic or Latino,Asian,Female,35-44,80.0,Loan originated
1,395000.0,40,445000.0,108.0,1,Not Hispanic or Latino,White,Female,35-44,88.69,Loan originated
1,295000.0,39,305000.0,124.0,1,Not Hispanic or Latino,Black or African American,Female,35-44,97.0,Loan originated
1,535000.0,39,665000.0,136.0,1,Not Hispanic or Latino,Asian,Female,45-54,79.94,Loan originated
1,1065000.0,<20%,1425000.0,62.0,1,Not Hispanic or Latino,Asian,Male,35-44,75.0,Loan originated
1,235000.0,45,295000.0,99.0,1,Hispanic or Latino,White,Female,25-34,80.0,Loan originated
1,335000.0,45,355000.0,82.0,1,Not Hispanic or Latino,Asian,Male,25-34,95.0,Loan originated
1,515000.0,<20%,865000.0,417.0,1,Not Hispanic or Latino,White,Male,55-64,59.542,Loan originated
1,675000.0,48,705000.0,150.0,1,Hispanic or Latino,White,Male,35-44,95.0,Loan originated
1,655000.0,45,765000.0,135.0,1,Not Hispanic or Latino,Asian,Male,25-34,85.0,Loan originated
1,515000.0,47,775000.0,122.0,1,Not Hispanic or Latino,2 or more minority races,Female,25-34,67.0,Loan originated
1,475000.0,41,825000.0,151.0,1,Not Hispanic or Latino,White,Male,25-34,56.64,Loan originated
1,855000.0,30%-<36%,905000.0,332.0,1,Not Hispanic or Latino,Asian,Female,35-44,95.0,Loan originated
1,455000.0,44,575000.0,115.0,1,Hispanic or Latino,White,Male,35-44,80.0,Loan originated
1,355000.0,43,475000.0,161.0,1,Hispanic or Latino,White,Male,45-54,75.0,Loan originated
1,905000.0,20%-<30%,1215000.0,359.0,1,Not Hispanic or Latino,Asian,Male,25-34,75.0,Loan originated
1,105000.0,41,345000.0,42.0,1,Not Hispanic or Latino,White,Female,65-74,30.0,Loan originated
1,395000.0,48,485000.0,82.0,1,Not Hispanic or Latino,White,Female,25-34,80.0,Loan originated
1,955000.0,46,1005000.0,249.0,1,Not Hispanic or Latino,White,Female,45-54,95.0,Loan originated
1,605000.0,49,865000.0,200.0,1,Not Hispanic or Latino,Asian,Male,35-44,69.36,Loan originated
1,605000.0,20%-<30%,755000.0,298.0,1,Not Hispanic or Latino,Asian,Male,35-44,80.0,Loan originated
1,385000.0,48,485000.0,98.0,1,Not Hispanic or Latino,Asian,Male,25-34,80.0,Loan originated
1,425000.0,30%-<36%,535000.0,172.0,1,Not Hispanic or Latino,White,Male,25-34,80.0,Loan originated
1,585000.0,30%-<36%,665000.0,222.0,1,Not Hispanic or Latino,White,Male,25-34,87.998,Loan originated
1,705000.0,48,785000.0,149.0,1,Hispanic or Latino,White,Female,35-44,90.0,Loan originated
1,295000.0,43,365000.0,75.0,1,Hispanic or Latino,White,Female,55-64,79.86,Loan originated
1,115000.0,49,265000.0,48.0,1,Hispanic or Latino,White,Female,45-54,44.528,Loan originated
1,235000.0,<20%,305000.0,208.0,1,Not Hispanic or Latino,White,Male,25-34,77.049,Loan originated
1,575000.0,49,725000.0,109.0,1,Not Hispanic or Latino,White,Male,25-34,100.0,Loan originated
1,905000.0,30%-<36%,1205000.0,685.0,1,Hispanic or Latino,White,Male,45-54,75.0,Loan originated
1,375000.0,48,395000.0,104.0,1,Hispanic or Latino,White,Male,25-34,95.0,Loan originated
1,745000.0,42,945000.0,178.0,1,Not Hispanic or Latino,Asian,Male,25-34,78.95,Loan originated
1,365000.0,49,405000.0,110.0,1,Hispanic or Latino,White,Male,35-44,90.0,Loan originated
1,685000.0,30%-<36%,725000.0,225.0,1,Hispanic or Latino,White,Male,25-34,95.0,Loan originated
1,795000.0,<20%,1225000.0,600.0,1,Not Hispanic or Latino,Asian,Male,45-54,65.0,Loan originated
1,855000.0,30%-<36%,1205000.0,322.0,1,Not Hispanic or Latino,Asian,Female,35-44,70.833,Loan originated
1,475000.0,39,775000.0,129.0,1,Not Hispanic or Latino,Asian,Female,25-34,61.29,Loan originated
1,505000.0,30%-<36%,665000.0,221.0,1,Not Hispanic or Latino,Asian,Female,45-54,75.0,Loan originated
1,665000.0,30%-<36%,785000.0,228.0,1,Not Hispanic or Latino,White,Female,45-54,85.0,Loan originated
1,595000.0,40,705000.0,228.0,1,Not Hispanic or Latino,Asian,Female,25-34,85.0,Loan originated
1,575000.0,39,685000.0,253.0,1,Hispanic or Latino,White,Female,55-64,85.0,Loan originated
1,455000.0,37,565000.0,124.0,1,Not Hispanic or Latino,Asian,Female,25-34,80.0,Loan originated
1,615000.0,47,765000.0,121.0,1,Not Hispanic or Latino,Asian,Male,25-34,80.0,Loan originated
1,735000.0,46,775000.0,152.0,1,Not Hispanic or Latino,Asian,Male,35-44,95.0,Application denied
1,605000.0,46,905000.0,124.0,1,Not Hispanic or Latino,White,Male,25-34,66.667,Loan originated
1,405000.0,49,425000.0,77.0,1,Hispanic or Latino,White,Female,35-44,95.0,Loan originated
1,755000.0,49,1485000.0,189.0,1,Not Hispanic or Latino,White,Male,55-64,50.743,Loan originated
1,715000.0,46,895000.0,176.0,1,Not Hispanic or Latino,Native Hawaiian or Other Pacific Islander,Male,35-44,80.0,Loan originated
1,115000.0,30%-<36%,155000.0,71.0,1,Not Hispanic or Latino,White,Female,>74,75.4,Loan originated
1,275000.0,40,325000.0,85.0,1,Hispanic or Latino,White,Male,25-34,104.0,Loan originated
1,395000.0,37,985000.0,150.0,1,Not Hispanic or Latino,Asian,Male,35-44,39.796,Loan originated
1,655000.0,45,825000.0,168.0,1,Hispanic or Latino,White,Male,35-44,98.3,Loan originated
1,395000.0,20%-<30%,475000.0,145.0,1,Not Hispanic or Latino,White,Female,45-54,85.0,Loan originated
1,465000.0,38,625000.0,130.0,1,Not Hispanic or Latino,White,Male,35-44,75.0,Loan originated
1,875000.0,48,1165000.0,188.0,1,Not Hispanic or Latino,Asian,Female,25-34,75.0,Loan originated
1,265000.0,43,275000.0,60.0,1,Hispanic or Latino,White,Male,35-44,97.0,Loan originated
1,355000.0,49,745000.0,75.0,1,Not Hispanic or Latino,Asian,Male,55-64,48.0,Loan originated
1,575000.0,49,645000.0,127.0,1,Hispanic or Latino,White,Male,25-34,90.0,Loan originated
1,305000.0,30%-<36%,705000.0,123.0,1,Hispanic or Latino,White,Female,45-54,42.86,Loan originated
1,255000.0,>60%,855000.0,5.0,1,Not Hispanic or Latino,Asian,Female,45-54,29.412,Application denied
1,465000.0,41,715000.0,112.0,1,Not Hispanic or Latino,Asian,Female,35-44,65.0,Loan originated
1,175000.0,44,385000.0,81.0,1,Not Hispanic or Latino,White,Female,45-54,43.7,Loan originated
1,705000.0,43,875000.0,194.0,1,Not Hispanic or Latino,White,Female,25-34,80.0,Loan originated
1,665000.0,49,885000.0,225.0,1,Not Hispanic or Latino,White,Male,45-54,75.0,Loan originated
1,355000.0,44,425000.0,80.0,1,Not Hispanic or Latino,White,Male,25-34,85.0,Loan originated
1,495000.0,20%-<30%,545000.0,198.0,1,Not Hispanic or Latino,White,Female,45-54,90.0,Loan originated
1,585000.0,37,725000.0,140.0,1,Not Hispanic or Latino,Asian,Male,35-44,80.0,Loan originated
1,805000.0,46,1035000.0,175.0,1,Not Hispanic or Latino,White,Male,35-44,77.19,Loan originated
1,585000.0,47,885000.0,160.0,1,Not Hispanic or Latino,Black or African American,Male,45-54,66.477,Loan originated
1,905000.0,30%-<36%,1285000.0,300.0,1,Not Hispanic or Latino,White,Male,25-34,70.0,Loan originated
1,575000.0,40,1175000.0,152.0,1,Not Hispanic or Latino,Asian,Male,25-34,49.0,Loan originated
1,485000.0,46,505000.0,150.0,1,Hispanic or Latino,White,Male,45-54,97.0,Loan originated
1,295000.0,42,595000.0,128.0,1,Not Hispanic or Latino,Black or African American,Female,55-64,100.676,Loan originated
1,885000.0,49,1105000.0,340.0,1,Not Hispanic or Latino,Asian,Male,35-44,80.0,Loan originated
1,455000.0,47,705000.0,96.0,1,Not Hispanic or Latino,White,Female,45-54,64.539,Loan originated
1,375000.0,<20%,725000.0,212.0,1,Not Hispanic or Latino,White,Male,35-44,51.389,Loan originated
1,515000.0,39,825000.0,123.0,1,Hispanic or Latino,White,Male,35-44,55.0,Application denied
1,995000.0,46,1325000.0,224.0,1,Not Hispanic or Latino,Asian,Male,25-34,75.0,Loan originated
1,595000.0,30%-<36%,665000.0,185.0,1,Not Hispanic or Latino,White,Female,25-34,90.0,Loan originated
1,345000.0,46,885000.0,76.0,1,Not Hispanic or Latino,Asian,Female,<25,40.0,Loan originated
1,635000.0,<20%,795000.0,499.0,1,Not Hispanic or Latino,White,Male,45-54,80.0,Loan originated
1,275000.0,41,575000.0,115.0,1,Not Hispanic or Latino,White,Male,35-44,47.368,Loan originated
1,715000.0,38,895000.0,200.0,1,Not Hispanic or Latino,White,Male,35-44,80.0,Loan originated
1,85000.0,45,165000.0,69.0,1,Not Hispanic or Latino,White,Female,65-74,52.24,Loan originated
1,365000.0,41,375000.0,124.0,1,Not Hispanic or Latino,White,Female,45-54,97.0,Loan originated
1,965000.0,41,1205000.0,234.0,1,Not Hispanic or Latino,Asian,Male,35-44,80.0,Loan originated
1,925000.0,40,1325000.0,252.0,1,Not Hispanic or Latino,White,Male,35-44,70.0,Loan originated
1,155000.0,20%-<30%,585000.0,91.0,1,Hispanic or Latino,White,Male,55-64,26.724,Loan originated
1,255000.0,49,265000.0,67.0,1,Hispanic or Latino,White,Female,25-34,97.0,Loan originated
1,735000.0,45,1075000.0,177.0,1,Not Hispanic or Latino,Asian,Male,<25,68.29,Loan originated
1,605000.0,48,1425000.0,186.0,1,Not Hispanic or Latino,2 or more minority races,Female,25-34,41.98,Loan originated
1,695000.0,41,865000.0,273.0,1,Not Hispanic or Latino,Asian,Male,35-44,80.0,Loan originated
1,395000.0,36,475000.0,139.0,1,Hispanic or Latino,American Indian or Alaska Native,Male,35-44,102.392,Loan originated
1,375000.0,40,615000.0,124.0,1,Not Hispanic or Latino,Asian,Male,45-54,60.0,Loan originated
1,525000.0,42,695000.0,173.0,1,Not Hispanic or Latino,Asian,Male,45-54,75.0,Loan originated
1,475000.0,46,645000.0,110.0,1,Not Hispanic or Latino,White,Female,25-34,74.0,Loan originated
1,415000.0,43,515000.0,115.0,1,Not Hispanic or Latino,White,Female,65-74,80.0,Loan originated
1,375000.0,44,515000.0,83.0,1,Hispanic or Latino,White,Male,45-54,72.549,Loan originated
1,665000.0,48,695000.0,140.0,1,Not Hispanic or Latino,White,Male,35-44,95.0,Loan originated
1,605000.0,40,805000.0,186.0,1,Hispanic or Latino,White,Female,45-54,75.0,Loan originated
1,345000.0,30%-<36%,435000.0,108.0,1,Not Hispanic or Latino,Native Hawaiian or Other Pacific Islander,Female,25-34,80.0,Loan originated
1,365000.0,20%-<30%,515000.0,148.0,1,Not Hispanic or Latino,White,Male,25-34,70.0,Loan originated
1,575000.0,48,625000.0,175.0,1,Not Hispanic or Latino,Asian,Male,45-54,92.0,Loan originated
1,535000.0,42,1415000.0,232.0,1,Not Hispanic or Latino,White,Male,65-74,38.0,Loan originated
1,765000.0,20%-<30%,955000.0,496.0,1,Hispanic or Latino,White,Male,45-54,80.0,Loan originated
1,765000.0,49,965000.0,242.0,1,Not Hispanic or Latino,Asian,Male,35-44,80.0,Loan originated
1,195000.0,47,255000.0,37.0,1,Not Hispanic or Latino,White,Male,25-34,76.0,Loan originated
1,505000.0,44,625000.0,130.0,1,Not Hispanic or Latino,Asian,Male,25-34,80.0,Loan originated
1,485000.0,20%-<30%,965000.0,216.0,1,Not Hispanic or Latino,White,Female,55-64,50.311,Loan originated
1,885000.0,<20%,1105000.0,0.0,1,Not Hispanic or Latino,Black or African American,Male,55-64,80.0,Application denied
1,115000.0,44,495000.0,40.0,1,Not Hispanic or Latino,White,Male,25-34,22.111,Loan originated
1,325000.0,42,405000.0,99.0,1,Not Hispanic or Latino,Asian,Male,25-34,80.0,Loan originated
1,765000.0,30%-<36%,965000.0,258.0,1,Not Hispanic or Latino,White,Male,35-44,80.0,Loan originated
1,15000.0,47,555000.0,161.0,1,Hispanic or Latino,White,Male,45-54,100.0,Loan originated
1,535000.0,43,665000.0,139.0,1,Not Hispanic or Latino,Asian,Male,25-34,80.0,Loan originated
1,655000.0,38,845000.0,266.0,1,Hispanic or Latino,Asian,Male,35-44,76.549,Loan originated
1,595000.0,50%-60%,615000.0,114.0,1,Not Hispanic or Latino,2 or more minority races,Female,35-44,97.0,Loan originated
1,485000.0,50%-60%,505000.0,150.0,1,Hispanic or Latino,White,Male,45-54,97.0,Application denied
1,265000.0,30%-<36%,335000.0,95.0,1,Not Hispanic or Latino,White,Female,25-34,77.612,Loan originated
1,295000.0,43,375000.0,109.0,1,Not Hispanic or Latino,White,Male,35-44,80.0,Loan originated
1,185000.0,42,485000.0,66.0,1,Not Hispanic or Latino,Asian,Female,45-54,38.0,Loan originated
1,295000.0,42,595000.0,115.0,1,Not Hispanic or Latino,Asian,Male,25-34,49.917,Loan originated
1,465000.0,20%-<30%,475000.0,188.0,1,Not Hispanic or Latino,Asian,Female,25-34,96.882,Loan originated
1,855000.0,39,1345000.0,250.0,1,Not Hispanic or Latino,Asian,Male,45-54,63.304,Loan originated
1,345000.0,30%-<36%,615000.0,165.0,1,Not Hispanic or Latino,Asian,Male,35-44,56.205,Loan originated
1,425000.0,47,455000.0,85.0,1,Hispanic or Latino,White,Male,<25,98.0,Loan originated
1,325000.0,20%-<30%,365000.0,101.0,1,Not Hispanic or Latino,White,Male,65-74,88.646,Loan originated
1,315000.0,44,425000.0,81.0,1,Not Hispanic or Latino,Asian,Female,25-34,95.0,Loan originated
1,545000.0,47,685000.0,127.0,1,Hispanic or Latino,White,Female,55-64,80.0,Loan originated
1,275000.0,46,285000.0,179.0,1,Hispanic or Latino,White,Male,25-34,95.0,Loan originated
1,565000.0,30%-<36%,705000.0,155.0,1,Hispanic or Latino,White,Male,45-54,80.0,Loan originated
1,255000.0,44,1025000.0,142.0,1,Not Hispanic or Latino,White,Male,55-64,24.51,Loan originated
1,755000.0,46,1205000.0,200.0,1,Hispanic or Latino,Asian,Male,35-44,62.5,Loan originated
1,355000.0,48,445000.0,84.0,1,Not Hispanic or Latino,White,Male,25-34,80.0,Loan originated
1,455000.0,44,655000.0,130.0,1,Not Hispanic or Latino,Asian,Female,35-44,69.231,Loan originated
1,685000.0,41,805000.0,215.0,1,Hispanic or Latino,White,Male,35-44,85.0,Loan originated
1,1095000.0,44,1595000.0,300.0,1,Not Hispanic or Latino,White,Male,45-54,68.711,Loan originated
1,575000.0,20%-<30%,635000.0,221.0,1,Not Hispanic or Latino,White,Male,35-44,89.923,Loan originated
1,165000.0,47,215000.0,53.0,1,Hispanic or Latino,White,Female,45-54,80.0,Loan originated
1,25000.0,37,705000.0,179.0,1,Hispanic or Latino,White,Female,25-34,100.0,Loan originated
1,435000.0,>60%,685000.0,39.0,1,Not Hispanic or Latino,White,Female,55-64,63.235,Application denied
1,705000.0,48,1465000.0,153.0,1,Not Hispanic or Latino,Asian,Male,55-64,47.713,Loan originated
1,145000.0,30%-<36%,665000.0,108.0,1,Hispanic or Latino,White,Female,25-34,22.489,Loan originated
1,515000.0,48,645000.0,103.0,1,Not Hispanic or Latino,White,Male,35-44,80.0,Loan originated
1,305000.0,20%-<30%,545000.0,165.0,1,Not Hispanic or Latino,White,Female,55-64,55.648,Loan originated
1,415000.0,47,435000.0,119.0,1,Not Hispanic or Latino,White,Male,25-34,95.0,Loan originated
1,825000.0,36,1045000.0,428.0,1,Not Hispanic or Latino,White,Female,35-44,80.0,Loan originated
1,425000.0,37,455000.0,161.0,1,Hispanic or Latino,White,Female,35-44,95.0,Loan originated
1,765000.0,43,1765000.0,202.0,1,Not Hispanic or Latino,Asian,Female,35-44,44.0,Loan originated
1,765000.0,48,1255000.0,152.0,1,Not Hispanic or Latino,White,Male,25-34,60.56,Loan originated
1,495000.0,47,1435000.0,312.0,1,Not Hispanic or Latino,White,Male,65-74,34.843,Loan originated
1,815000.0,44,1025000.0,210.0,1,Not Hispanic or Latino,White,Male,35-44,80.0,Loan originated
1,765000.0,39,1225000.0,211.0,1,Not Hispanic or Latino,Asian,Male,35-44,62.36,Loan originated
1,755000.0,20%-<30%,775000.0,292.0,1,Hispanic or Latino,White,Male,25-34,97.0,Loan originated
1,605000.0,41,755000.0,228.0,1,Not Hispanic or Latino,Asian,Male,55-64,80.0,Loan originated
1,275000.0,49,345000.0,127.0,1,Not Hispanic or Latino,White,Female,45-54,80.0,Loan originated
1,415000.0,30%-<36%,545000.0,119.0,1,Not Hispanic or Latino,White,Male,25-34,75.0,Loan originated
1,375000.0,46,395000.0,186.0,1,Hispanic or Latino,White,Female,55-64,95.0,Loan originated
1,495000.0,39,545000.0,310.0,1,Not Hispanic or Latino,White,Female,<25,90.0,Loan originated
1,655000.0,44,775000.0,362.0,1,Not Hispanic or Latino,Asian,Female,35-44,85.0,Loan originated
1,885000.0,44,935000.0,184.0,1,Not Hispanic or Latino,Asian,Male,45-54,95.0,Loan originated
1,625000.0,44,775000.0,173.0,1,Not Hispanic or Latino,White,Female,25-34,80.0,Loan originated
1,675000.0,49,845000.0,166.0,1,Hispanic or Latino,White,Female,25-34,80.0,Loan originated
1,285000.0,49,355000.0,90.0,1,Hispanic or Latino,White,Female,35-44,80.0,Loan originated
1,275000.0,<20%,935000.0,340.0,1,Not Hispanic or Latino,White,Male,55-64,29.271,Loan originated
1,775000.0,44,815000.0,418.0,1,Not Hispanic or Latino,Asian,Female,25-34,95.0,Loan originated
1,365000.0,49,435000.0,79.0,1,Hispanic or Latino,White,Female,45-54,100.0,Loan originated
1,585000.0,41,725000.0,154.0,1,Hispanic or Latino,White,Female,25-34,80.0,Loan originated
1,795000.0,43,885000.0,230.0,1,Not Hispanic or Latino,White,Female,35-44,90.0,Loan originated
1,525000.0,37,655000.0,242.0,1,Hispanic or Latino,White,Male,25-34,80.0,Loan originated
1,705000.0,48,835000.0,148.0,1,Not Hispanic or Latino,White,Male,25-34,85.0,Loan originated
1,835000.0,44,875000.0,191.0,1,Not Hispanic or Latino,White,Male,45-54,95.0,Loan originated
1,645000.0,48,805000.0,144.0,1,Not Hispanic or Latino,Asian,Male,45-54,80.0,Loan originated
1,935000.0,47,1175000.0,295.0,1,Hispanic or Latino,White,Female,25-34,80.0,Loan originated
1,725000.0,49,765000.0,168.0,1,Hispanic or Latino,White,Female,25-34,95.0,Loan originated
1,355000.0,41,825000.0,90.0,1,Not Hispanic or Latino,Asian,Male,35-44,42.271,Loan originated
1,505000.0,48,775000.0,110.0,1,Not Hispanic or Latino,Black or African American,Female,55-64,80.0,Loan originated
1,825000.0,30%-<36%,1035000.0,435.0,1,Not Hispanic or Latino,Asian,Male,45-54,80.0,Loan originated
1,355000.0,41,485000.0,92.0,1,Not Hispanic or Latino,White,Male,55-64,72.917,Loan originated
