loan_purpose,loan_amount,debt_to_income_ratio,property_value,income,occupancy_type,derived_ethnicity,derived_race,derived_sex,applicant_age,loan_to_value_ratio,action_taken
1,355000.0,45,475000.0,140.0,1,Not Hispanic or Latino,Asian,Male,25-34,74.0,Loan originated
1,305000.0,43,525000.0,71.0,1,Hispanic or Latino,White,Male,35-44,57.143,Loan originated
1,495000.0,47,525000.0,109.0,1,Not Hispanic or Latino,American Indian or Alaska Native,Male,<25,95.0,Loan originated
1,415000.0,30%-<36%,435000.0,190.0,1,Hispanic or Latino,White,Female,25-34,97.0,Loan originated
1,885000.0,41,1105000.0,492.0,1,Not Hispanic or Latino,Asian,Female,35-44,80.0,Loan originated
1,455000.0,30%-<36%,575000.0,175.0,1,Hispanic or Latino,White,Male,25-34,80.0,Loan originated
1,405000.0,41,425000.0,165.0,1,Not Hispanic or Latino,White,Female,35-44,95.0,Loan originated
1,595000.0,49,745000.0,143.0,1,Not Hispanic or Latino,Asian,Male,25-34,80.0,Loan originated
1,575000.0,49,1455000.0,120.0,1,Not Hispanic or Latino,American Indian or Alaska Native,Male,65-74,39.414,Loan originated
1,1065000.0,47,1325000.0,355.0,1,Not Hispanic or Latino,White,Male,35-44,80.0,Loan originated
1,205000.0,20%-<30%,755000.0,163.0,1,Not Hispanic or Latino,White,Male,65-74,26.667,Loan originated
1,455000.0,39,845000.0,116.0,1,Not Hispanic or Latino,White,Male,25-34,90.0,Loan originated
1,445000.0,30%-<36%,635000.0,135.0,1,Not Hispanic or Latino,White,Male,35-44,69.995,Loan originated
1,545000.0,36,585000.0,149.0,1,Not Hispanic or Latino,White,Female,25-34,94.0,Loan originated
1,135000.0,38,245000.0,42.0,1,Hispanic or Latino,White,Female,25-34,95.0,Loan originated
1,385000.0,<20%,635000.0,221.0,1,Not Hispanic or Latino,White,Male,55-64,60.784,Loan originated
1,1045000.0,30%-<36%,1305000.0,393.0,1,Not Hispanic or Latino,Asian,Female,35-44,80.0,Loan originated
1,405000.0,44,505000.0,85.0,1,Not Hispanic or Latino,Asian,Female,25-34,80.0,Loan originated
1,635000.0,41,755000.0,287.0,1,Hispanic or Latino,White,Male,35-44,85.0,Application denied
1,285000.0,20%-<30%,815000.0,150.0,1,Not Hispanic or Latino,White,Male,45-54,35.321,Loan originated
1,545000.0,42,675000.0,132.0,1,Not Hispanic or Latino,White,Female,35-44,80.0,Loan originated
1,565000.0,40,715000.0,13.0,1,Not Hispanic or Latino,Asian,Male,25-34,80.0,Loan originated
1,865000.0,30%-<36%,925000.0,278.0,1,Not Hispanic or Latino,Black or African American,Male,25-34,93.0,Loan originated
1,445000.0,49,495000.0,172.0,1,Not Hispanic or Latino,Asian,Male,45-54,90.0,Loan originated
1,495000.0,49,645000.0,94.0,1,Hispanic or Latino,White,Male,35-44,76.357,Loan originated
1,585000.0,43,605000.0,158.0,1,Not Hispanic or Latino,Asian,Male,35-44,97.0,Loan originated
1,675000.0,49,845000.0,335.0,1,Not Hispanic or Latino,Asian,Male,45-54,80.0,Loan originated
1,515000.0,43,685000.0,133.0,1,Not Hispanic or Latino,White,Male,25-34,75.0,Loan originated
1,665000.0,36,685000.0,201.0,1,Not Hispanic or Latino,Black or African American,Male,35-44,97.0,Loan originated
1,825000.0,41,1035000.0,357.0,1,Not Hispanic or Latino,Asian,Male,35-44,80.0,Loan originated
1,505000.0,47,645000.0,100.0,1,Hispanic or Latino,White,Male,25-34,79.375,Loan originated
1,695000.0,49,865000.0,161.0,1,Hispanic or Latino,White,Male,35-44,80.0,Loan originated
1,1145000.0,40,1435000.0,287.0,1,Not Hispanic or Latino,Asian,Female,45-54,80.0,Loan originated
1,935000.0,30%-<36%,1385000.0,320.0,1,Hispanic or Latino,Asian,Female,35-44,67.391,Loan originated
1,1105000.0,30%-<36%,1585000.0,503.0,1,Not Hispanic or Latino,Asian,Male,45-54,70.0,Loan originated
1,285000.0,49,315000.0,77.0,1,Hispanic or Latino,Native Hawaiian or Other Pacific Islander,Male,25-34,95.0,Loan originated
1,465000.0,44,475000.0,107.0,1,Hispanic or Latino,White,Female,25-34,97.0,Loan originated
1,765000.0,30%-<36%,1255000.0,282.0,1,Not Hispanic or Latino,White,Male,35-44,61.36,Loan originated
1,355000.0,20%-<30%,755000.0,175.0,1,Not Hispanic or Latino,White,Female,65-74,46.725,Loan originated
1,285000.0,46,475000.0,66.0,1,Hispanic or Latino,White,Male,55-64,60.63,Loan originated
1,655000.0,44,695000.0,226.0,1,Not Hispanic or Latino,White,Male,55-64,95.0,Loan originated
1,305000.0,41,385000.0,77.0,1,Not Hispanic or Latino,White,Female,55-64,80.0,Loan originated
1,585000.0,48,735000.0,128.0,1,Not Hispanic or Latino,Black or African American,Female,65-74,80.0,Loan originated
1,405000.0,46,415000.0,111.0,1,Not Hispanic or Latino,White,Female,35-44,96.99,Loan originated
1,215000.0,44,555000.0,54.0,1,Not Hispanic or Latino,White,Male,35-44,103.182,Loan originated
1,275000.0,37,285000.0,86.0,1,Not Hispanic or Latino,Asian,Female,45-54,95.0,Loan originated
1,405000.0,42,805000.0,295.0,1,Not Hispanic or Latino,Asian,Male,35-44,50.311,Loan originated
1,405000.0,50%-60%,435000.0,98.0,1,Hispanic or Latino,White,Female,25-34,99.275,Loan originated
1,515000.0,20%-<30%,545000.0,217.0,1,Not Hispanic or Latino,White,Male,55-64,95.0,Loan originated
1,375000.0,50%-60%,595000.0,67.0,1,Not Hispanic or Latino,White,Male,45-54,61.77,Loan originated
1,295000.0,42,445000.0,104.0,1,Not Hispanic or Latino,White,Male,25-34,65.169,Loan originated
1,435000.0,41,545000.0,110.0,1,Not Hispanic or Latino,White,Male,35-44,80.0,Loan originated
1,345000.0,36,355000.0,96.0,1,Hispanic or Latino,American Indian or Alaska Native,Male,35-44,97.0,Loan originated
1,355000.0,>60%,925000.0,92.0,1,Not Hispanic or Latino,Asian,Male,65-74,38.04,Application denied
1,335000.0,48,885000.0,94.0,1,Not Hispanic or Latino,Asian,Female,<25,38.0,Loan originated
1,765000.0,43,825000.0,270.0,1,Not Hispanic or Latino,White,Male,35-44,93.415,Loan originated
1,725000.0,38,765000.0,281.0,1,Hispanic or Latino,White,Male,45-54,95.0,Loan originated
1,485000.0,47,655000.0,115.0,1,Not Hispanic or Latino,Asian,Female,25-34,75.0,Loan originated
1,565000.0,44,675000.0,134.0,1,Not Hispanic or Latino,Asian,Male,<25,103.14,Loan originated
1,385000.0,44,475000.0,88.0,1,Not Hispanic or Latino,White,Female,55-64,80.0,Loan originated
1,965000.0,36,1215000.0,300.0,1,Not Hispanic or Latino,Asian,Male,35-44,80.0,Loan originated
1,335000.0,20%-<30%,425000.0,130.0,1,Not Hispanic or Latino,White,Male,35-44,80.0,Loan originated
1,775000.0,20%-<30%,1005000.0,310.0,1,Not Hispanic or Latino,Asian,Male,45-54,77.0,Loan originated
1,355000.0,30%-<36%,625000.0,163.0,1,Not Hispanic or Latino,White,Female,55-64,55.644,Loan originated
1,465000.0,49,515000.0,143.0,1,Hispanic or Latino,White,Male,45-54,90.0,Loan originated
1,105000.0,20%-<30%,475000.0,96.0,1,Not Hispanic or Latino,White,Male,45-54,21.822,Loan originated
1,705000.0,20%-<30%,3005000.0,342.0,1,Not Hispanic or Latino,White,Male,45-54,23.33,Loan originated
1,585000.0,44,785000.0,148.0,1,Not Hispanic or Latino,Asian,Male,55-64,74.359,Loan originated
1,525000.0,42,875000.0,136.0,1,Not Hispanic or Latino,Asian,Male,>74,60.0,Loan originated
1,355000.0,48,435000.0,85.0,1,Not Hispanic or Latino,White,Male,25-34,80.0,Loan originated
1,555000.0,47,585000.0,147.0,1,Not Hispanic or Latino,Asian,Female,25-34,95.0,Application denied
1,575000.0,42,775000.0,151.0,1,Not Hispanic or Latino,Asian,Male,55-64,74.026,Loan originated
1,635000.0,47,715000.0,125.0,1,Hispanic or Latino,White,Female,25-34,90.0,Loan originated
1,605000.0,44,905000.0,220.0,1,Not Hispanic or Latino,Asian,Male,45-54,66.0,Loan originated
1,705000.0,42,1305000.0,257.0,1,Not Hispanic or Latino,Asian,Male,25-34,53.85,Loan originated
1,325000.0,42,525000.0,97.0,1,Not Hispanic or Latino,Asian,Female,25-34,61.67,Loan originated
1,265000.0,48,285000.0,86.0,1,Not Hispanic or Latino,Asian,Male,25-34,95.0,Loan originated
1,865000.0,45,1085000.0,285.0,1,Not Hispanic or Latino,White,Female,45-54,80.0,Loan originated
1,595000.0,40,625000.0,277.0,1,Not Hispanic or Latino,White,Male,35-44,95.0,Loan originated
1,295000.0,48,545000.0,79.0,1,Hispanic or Latino,White,Male,65-74,54.45,Loan originated
1,465000.0,30%-<36%,575000.0,129.0,1,Not Hispanic or Latino,Asian,Male,45-54,80.0,Loan originated
1,165000.0,>60%,185000.0,92.0,1,Hispanic or Latino,White,Female,35-44,91.84,Application denied
1,495000.0,48,615000.0,225.0,1,Hispanic or Latino,White,Male,<25,80.0,Loan originated
1,895000.0,50%-60%,925000.0,166.0,1,Hispanic or Latino,White,Male,45-54,99.717,Loan originated
1,475000.0,43,485000.0,117.0,1,Hispanic or Latino,White,Male,55-64,100.0,Loan originated
1,185000.0,41,205000.0,42.0,1,Not Hispanic or Latino,Asian,Female,35-44,90.0,Loan originated
1,675000.0,37,905000.0,279.0,1,Not Hispanic or Latino,White,Male,55-64,75.0,Loan originated
1,405000.0,47,445000.0,100.0,1,Not Hispanic or Latino,White,Male,25-34,90.0,Loan originated
1,585000.0,48,615000.0,243.0,1,Not Hispanic or Latino,White,Female,25-34,95.0,Loan originated
1,365000.0,38,375000.0,135.0,1,Not Hispanic or Latino,White,Female,35-44,97.0,Loan originated
1,1205000.0,49,1505000.0,239.0,1,Not Hispanic or Latino,Asian,Female,35-44,80.0,Loan originated
1,715000.0,43,755000.0,154.0,1,Not Hispanic or Latino,White,Female,35-44,94.62,Loan originated
1,425000.0,48,525000.0,92.0,1,Hispanic or Latino,White,Female,35-44,80.0,Loan originated
1,275000.0,47,295000.0,65.0,1,Hispanic or Latino,White,Male,25-34,95.0,Loan originated
1,405000.0,49,615000.0,78.0,1,Not Hispanic or Latino,Black or African American,Female,65-74,65.574,Application denied
1,615000.0,49,655000.0,145.0,1,Not Hispanic or Latino,Asian,Male,25-34,94.0,Loan originated
1,1125000.0,<20%,1405000.0,2855.0,1,Not Hispanic or Latino,White,Male,45-54,80.0,Loan originated
1,725000.0,45,905000.0,179.0,1,Not Hispanic or Latino,Asian,Male,35-44,80.0,Loan originated
1,655000.0,49,935000.0,192.0,1,Hispanic or Latino,White,Female,35-44,70.0,Loan originated
1,595000.0,30%-<36%,745000.0,198.0,1,Not Hispanic or Latino,White,Female,45-54,80.0,Loan originated
1,605000.0,48,865000.0,144.0,1,Not Hispanic or Latino,White,Male,<25,70.0,Loan originated
1,925000.0,30%-<36%,1155000.0,338.0,1,Not Hispanic or Latino,Asian,Male,25-34,80.0,Loan originated
1,515000.0,39,825000.0,123.0,1,Hispanic or Latino,White,Male,35-44,55.0,Application denied
1,365000.0,42,405000.0,93.0,1,Not Hispanic or Latino,White,Male,25-34,90.0,Loan originated
1,765000.0,48,1265000.0,163.0,1,Not Hispanic or Latino,Asian,Male,35-44,60.785,Loan originated
1,545000.0,46,605000.0,107.0,1,Hispanic or Latino,White,Male,35-44,90.0,Loan originated
1,355000.0,20%-<30%,925000.0,325.0,1,Not Hispanic or Latino,White,Male,45-54,37.838,Loan originated
1,385000.0,48,685000.0,82.0,1,Not Hispanic or Latino,Asian,Male,45-54,55.88,Loan originated
1,615000.0,39,685000.0,148.0,1,Not Hispanic or Latino,White,Male,35-44,90.0,Loan originated
1,415000.0,41,465000.0,99.0,1,Not Hispanic or Latino,White,Male,35-44,90.0,Loan originated
1,405000.0,44,1055000.0,117.0,1,Not Hispanic or Latino,White,Female,25-34,37.807,Loan originated
1,575000.0,30%-<36%,605000.0,203.0,1,Not Hispanic or Latino,White,Male,35-44,95.0,Loan originated
1,385000.0,41,425000.0,100.0,1,Hispanic or Latino,American Indian or Alaska Native,Female,25-34,92.0,Loan originated
1,505000.0,30%-<36%,565000.0,200.0,1,Not Hispanic or Latino,White,Male,25-34,90.0,Loan originated
1,165000.0,48,215000.0,35.0,1,Hispanic or Latino,White,Female,35-44,133.423,Application denied
1,285000.0,44,2115000.0,135.0,1,Not Hispanic or Latino,Asian,Male,25-34,14.0,Loan originated
1,475000.0,43,595000.0,137.0,1,Not Hispanic or Latino,Asian,Female,25-34,80.0,Loan originated
1,145000.0,30%-<36%,955000.0,347.0,1,Not Hispanic or Latino,Asian,Female,35-44,14.74,Loan originated
1,465000.0,47,475000.0,92.0,1,Hispanic or Latino,White,Male,25-34,97.0,Loan originated
1,375000.0,44,465000.0,91.0,1,Hispanic or Latino,White,Male,25-34,80.0,Loan originated
1,1085000.0,36,1455000.0,301.0,1,Hispanic or Latino,White,Male,25-34,75.0,Loan originated
1,305000.0,43,335000.0,78.0,1,Hispanic or Latino,White,Female,35-44,90.0,Loan originated
1,1285000.0,49,1605000.0,511.0,1,Not Hispanic or Latino,White,Male,35-44,80.0,Loan originated
1,405000.0,20%-<30%,605000.0,175.0,1,Not Hispanic or Latino,White,Female,45-54,67.0,Loan originated
1,645000.0,43,805000.0,447.0,1,Not Hispanic or Latino,White,Male,45-54,80.0,Loan originated
1,1395000.0,48,1865000.0,1118.0,1,Not Hispanic or Latino,White,Female,45-54,75.0,Loan originated
1,85000.0,20%-<30%,95000.0,47.0,1,Not Hispanic or Latino,White,Male,55-64,95.0,Loan originated
1,455000.0,48,555000.0,146.0,1,Not Hispanic or Latino,White,Male,35-44,83.0,Loan originated
1,245000.0,48,325000.0,63.0,1,Hispanic or Latino,White,Female,45-54,75.0,Loan originated
1,575000.0,43,595000.0,136.0,1,Hispanic or Latino,White,Female,35-44,97.0,Loan originated
1,565000.0,47,635000.0,123.0,1,Not Hispanic or Latino,Asian,Male,25-34,89.5,Loan originated
1,265000.0,30%-<36%,325000.0,98.0,1,Not Hispanic or Latino,White,Male,25-34,80.0,Application denied
1,355000.0,45,425000.0,82.0,1,Not Hispanic or Latino,Black or African American,Male,55-64,84.524,Loan originated
1,725000.0,38,815000.0,174.0,1,Hispanic or Latino,White,Male,35-44,88.889,Loan originated
1,455000.0,41,535000.0,150.0,1,Hispanic or Latino,White,Male,35-44,85.0,Loan originated
1,1135000.0,>60%,1335000.0,291.0,1,Not Hispanic or Latino,Asian,Male,45-54,85.0,Application denied
1,535000.0,47,665000.0,156.0,1,Not Hispanic or Latino,Asian,Male,65-74,80.0,Loan originated
1,495000.0,42,615000.0,142.0,1,Not Hispanic or Latino,Asian,Male,35-44,80.0,Loan originated
1,305000.0,43,315000.0,67.0,1,Hispanic or Latino,White,Male,<25,94.654,Loan originated
1,145000.0,<20%,335000.0,83.0,1,Hispanic or Latino,White,Female,45-54,44.0,Loan originated
1,555000.0,39,575000.0,149.0,1,Hispanic or Latino,White,Male,25-34,100.0,Loan originated
1,455000.0,30%-<36%,755000.0,192.0,1,Not Hispanic or Latino,Asian,Male,35-44,59.391,Loan originated
1,515000.0,47,545000.0,123.0,1,Not Hispanic or Latino,White,Female,35-44,95.0,Loan originated
1,675000.0,48,765000.0,140.0,1,Not Hispanic or Latino,White,Male,25-34,89.211,Loan originated
1,405000.0,42,675000.0,145.0,1,Not Hispanic or Latino,Asian,Male,35-44,59.172,Loan originated
1,475000.0,37,975000.0,141.0,1,Not Hispanic or Latino,White,Male,35-44,48.875,Loan originated
1,385000.0,37,555000.0,110.0,1,Not Hispanic or Latino,White,Male,25-34,69.91,Loan originated
1,305000.0,43,485000.0,76.0,1,Not Hispanic or Latino,White,Female,>74,63.542,Loan originated
1,645000.0,37,805000.0,170.0,1,Not Hispanic or Latino,Asian,Male,35-44,80.0,Loan originated
1,585000.0,20%-<30%,965000.0,346.0,1,Not Hispanic or Latino,White,Female,65-74,60.829,Loan originated
1,1005000.0,39,1455000.0,239.0,1,Not Hispanic or Latino,White,Male,45-54,69.0,Loan originated
1,285000.0,48,315000.0,60.0,1,Hispanic or Latino,White,Male,35-44,90.0,Loan originated
1,1045000.0,>60%,1105000.0,180.0,1,Not Hispanic or Latino,Asian,Male,25-34,95.0,Application denied
1,705000.0,43,1105000.0,148.0,1,Not Hispanic or Latino,Asian,Female,<25,64.0,Loan originated
1,905000.0,37,1705000.0,339.0,1,Not Hispanic or Latino,Asian,Male,35-44,52.941,Loan originated
1,505000.0,20%-<30%,535000.0,169.0,1,Hispanic or Latino,American Indian or Alaska Native,Female,25-34,95.0,Loan originated
1,695000.0,44,945000.0,164.0,1,Not Hispanic or Latino,White,Female,25-34,73.6,Loan originated
1,365000.0,30%-<36%,375000.0,138.0,1,Not Hispanic or Latino,Black or African American,Female,25-34,102.0,Application denied
1,1105000.0,49,1985000.0,232.0,1,Not Hispanic or Latino,White,Male,25-34,55.304,Loan originated
1,325000.0,48,405000.0,70.0,1,Hispanic or Latino,White,Male,65-74,80.0,Loan originated
1,735000.0,43,1145000.0,177.0,1,Not Hispanic or Latino,White,Male,25-34,64.386,Loan originated
1,375000.0,20%-<30%,555000.0,237.0,1,Hispanic or Latino,White,Female,25-34,68.182,Application denied
1,315000.0,48,375000.0,66.0,1,Not Hispanic or Latino,White,Male,35-44,85.0,Loan originated
1,655000.0,46,825000.0,167.0,1,Not Hispanic or Latino,Asian,Male,25-34,80.0,Loan originated
1,665000.0,49,775000.0,160.0,1,Not Hispanic or Latino,White,Male,25-34,85.0,Loan originated
1,205000.0,30%-<36%,295000.0,81.0,1,Not Hispanic or Latino,Asian,Female,45-54,70.0,Loan originated
1,1105000.0,50%-60%,2205000.0,259.0,1,Not Hispanic or Latino,Asian,Male,25-34,50.0,Loan originated
1,1115000.0,41,1175000.0,305.0,1,Not Hispanic or Latino,Asian,Male,35-44,95.0,Loan originated
1,985000.0,47,1225000.0,486.0,1,Not Hispanic or Latino,White,Female,45-54,80.0,Loan originated
1,925000.0,40,1325000.0,252.0,1,Not Hispanic or Latino,White,Male,35-44,70.0,Loan originated
1,775000.0,41,1175000.0,183.0,1,Not Hispanic or Latino,White,Male,55-64,66.0,Loan originated
1,265000.0,38,485000.0,72.0,1,Hispanic or Latino,White,Male,65-74,55.0,Loan originated
1,615000.0,30%-<36%,675000.0,186.0,1,Hispanic or Latino,Asian,Male,25-34,89.99,Loan originated
1,565000.0,20%-<30%,665000.0,280.0,1,Hispanic or Latino,White,Male,25-34,85.0,Loan originated
1,415000.0,38,555000.0,126.0,1,Not Hispanic or Latino,White,Male,25-34,74.775,Loan originated
1,335000.0,50%-60%,395000.0,64.0,1,Not Hispanic or Latino,White,Female,35-44,84.615,Loan originated
1,655000.0,36,1655000.0,194.0,1,Not Hispanic or Latino,Asian,Male,55-64,39.394,Loan originated
1,445000.0,47,525000.0,116.0,1,Hispanic or Latino,White,Male,25-34,85.0,Loan originated
1,815000.0,45,905000.0,334.0,1,Not Hispanic or Latino,White,Male,45-54,90.0,Loan originated
1,955000.0,46,1015000.0,218.0,1,Not Hispanic or Latino,White,Male,25-34,95.0,Loan originated
1,245000.0,45,255000.0,60.0,1,Not Hispanic or Latino,Black or African American,Female,45-54,97.0,Loan originated
1,245000.0,37,825000.0,111.0,1,Not Hispanic or Latino,White,Female,35-44,29.697,Loan originated
1,665000.0,45,1105000.0,170.0,1,Not Hispanic or Latino,Asian,Female,45-54,60.0,Loan originated
1,905000.0,47,1125000.0,239.0,1,Not Hispanic or Latino,White,Male,25-34,80.0,Loan originated
1,385000.0,41,415000.0,101.0,1,Hispanic or Latino,White,Female,25-34,93.902,Loan originated
1,935000.0,49,1875000.0,211.0,1,Not Hispanic or Latino,White,Female,55-64,50.0,Loan originated
1,595000.0,49,1405000.0,132.0,1,Not Hispanic or Latino,Asian,Male,45-54,43.0,Loan originated
1,405000.0,45,515000.0,182.0,1,Not Hispanic or Latino,White,Male,55-64,78.43,Loan originated
1,265000.0,20%-<30%,295000.0,113.0,1,Not Hispanic or Latino,White,Male,45-54,88.363,Loan originated
1,1055000.0,48,1325000.0,229.0,1,Hispanic or Latino,White,Male,25-34,80.0,Loan originated
1,915000.0,30%-<36%,1135000.0,515.0,1,Not Hispanic or Latino,White,Male,25-34,80.0,Loan originated
1,535000.0,39,595000.0,140.0,1,Not Hispanic or Latino,White,Female,45-54,89.99,Loan originated
1,595000.0,44,745000.0,174.0,1,Not Hispanic or Latino,Asian,Male,35-44,80.0,Loan originated
1,645000.0,46,815000.0,276.0,1,Not Hispanic or Latino,White,Male,35-44,80.0,Loan originated
1,225000.0,45,235000.0,49.0,1,Hispanic or Latino,White,Female,<25,97.0,Loan originated
1,115000.0,20%-<30%,515000.0,70.0,1,Not Hispanic or Latino,White,Female,65-74,21.359,Loan originated
1,565000.0,47,655000.0,125.0,1,Not Hispanic or Latino,Asian,Male,25-34,85.649,Loan originated
1,385000.0,43,425000.0,94.0,1,Hispanic or Latino,White,Female,25-34,90.0,Loan originated
1,845000.0,46,1055000.0,176.0,1,Not Hispanic or Latino,Asian,Female,25-34,80.0,Loan originated
1,425000.0,41,465000.0,118.0,1,Hispanic or Latino,White,Male,25-34,90.0,Loan originated
1,165000.0,36,205000.0,127.0,1,Not Hispanic or Latino,Asian,Female,45-54,80.0,Loan originated
1,825000.0,50%-60%,915000.0,243.0,1,Not Hispanic or Latino,White,Female,35-44,90.0,Loan originated
1,115000.0,20%-<30%,265000.0,65.0,1,Not Hispanic or Latino,White,Female,65-74,42.31,Loan originated
1,185000.0,36,565000.0,67.0,1,Not Hispanic or Latino,White,Female,55-64,32.66,Loan originated
1,335000.0,39,635000.0,139.0,1,Not Hispanic or Latino,Black or African American,Female,45-54,52.85,Loan originated
1,85000.0,20%-<30%,415000.0,84.0,1,Hispanic or Latino,White,Male,45-54,20.732,Loan originated
1,595000.0,40,795000.0,136.0,1,Not Hispanic or Latino,Asian,Female,25-34,75.0,Loan originated
1,455000.0,41,465000.0,108.0,1,Hispanic or Latino,White,Female,35-44,97.0,Loan originated
1,605000.0,41,755000.0,163.0,1,Not Hispanic or Latino,White,Female,25-34,80.0,Loan originated
1,695000.0,49,925000.0,135.0,1,Not Hispanic or Latino,White,Male,35-44,75.0,Loan originated
1,485000.0,50%-60%,575000.0,97.0,1,Not Hispanic or Latino,White,Female,35-44,85.0,Application denied
1,525000.0,30%-<36%,665000.0,176.0,1,Not Hispanic or Latino,White,Female,65-74,80.0,Loan originated
1,535000.0,30%-<36%,825000.0,138.0,1,Not Hispanic or Latino,Asian,Female,25-34,65.49,Loan originated
1,545000.0,45,565000.0,137.0,1,Hispanic or Latino,White,Female,25-34,97.0,Loan originated
1,665000.0,42,825000.0,167.0,1,Not Hispanic or Latino,White,Female,25-34,80.0,Loan originated
1,435000.0,36,585000.0,162.0,1,Not Hispanic or Latino,Asian,Male,25-34,75.0,Loan originated
1,565000.0,30%-<36%,705000.0,211.0,1,Not Hispanic or Latino,White,Female,35-44,80.0,Loan originated
1,405000.0,30%-<36%,425000.0,149.0,1,Not Hispanic or Latino,White,Female,45-54,95.0,Loan originated
1,425000.0,20%-<30%,895000.0,155.0,1,Not Hispanic or Latino,Asian,Male,25-34,47.85,Loan originated
1,405000.0,30%-<36%,435000.0,172.0,1,Hispanic or Latino,White,Female,25-34,95.0,Loan originated
1,305000.0,41,875000.0,114.0,1,Not Hispanic or Latino,Asian,Female,45-54,34.286,Loan originated
1,645000.0,36,715000.0,167.0,1,Not Hispanic or Latino,Black or African American,Male,35-44,89.99,Loan originated
1,435000.0,41,485000.0,236.0,1,Not Hispanic or Latino,Asian,Female,35-44,90.0,Loan originated
1,525000.0,43,545000.0,131.0,1,Not Hispanic or Latino,American Indian or Alaska Native,Male,35-44,97.0,Loan originated
1,1305000.0,30%-<36%,1635000.0,428.0,1,Not Hispanic or Latino,Asian,Male,25-34,80.0,Loan originated
1,825000.0,48,925000.0,158.0,1,Hispanic or Latino,White,Female,35-44,89.999,Loan originated
1,385000.0,>60%,395000.0,37.0,1,Hispanic or Latino,White,Male,25-34,97.0,Application denied
1,365000.0,46,405000.0,86.0,1,Not Hispanic or Latino,Black or African American,Female,35-44,90.0,Loan originated
1,355000.0,43,365000.0,96.0,1,Not Hispanic or Latino,Asian,Male,35-44,95.0,Loan originated
1,345000.0,40,365000.0,110.0,1,Hispanic or Latino,White,Female,<25,95.0,Loan originated
1,505000.0,48,565000.0,183.0,1,Not Hispanic or Latino,Black or African American,Male,55-64,90.0,Loan originated
1,255000.0,49,265000.0,49.0,1,Hispanic or Latino,White,Female,45-54,97.0,Loan originated
1,875000.0,44,1165000.0,365.0,1,Not Hispanic or Latino,White,Female,45-54,87.876,Loan originated
1,265000.0,47,305000.0,62.0,1,Hispanic or Latino,White,Female,25-34,85.0,Loan originated
1,695000.0,38,725000.0,330.0,1,Not Hispanic or Latino,White,Male,35-44,95.861,Loan originated
1,1095000.0,30%-<36%,1145000.0,414.0,1,Not Hispanic or Latino,White,Female,35-44,95.0,Loan originated
1,315000.0,20%-<30%,615000.0,153.0,1,Not Hispanic or Latino,Asian,Male,45-54,51.299,Loan originated
1,645000.0,>60%,865000.0,32.0,1,Not Hispanic or Latino,White,Male,35-44,75.0,Application denied
1,925000.0,30%-<36%,1155000.0,433.0,1,Not Hispanic or Latino,White,Female,25-34,80.0,Loan originated
1,165000.0,30%-<36%,215000.0,138.0,1,Not Hispanic or Latino,Asian,Male,45-54,80.0,Loan originated
1,285000.0,49,415000.0,60.0,1,Hispanic or Latino,White,Female,65-74,67.46,Loan originated
1,755000.0,30%-<36%,1455000.0,300.0,1,Hispanic or Latino,White,Female,45-54,51.724,Loan originated
1,405000.0,39,855000.0,138.0,1,Not Hispanic or Latino,Asian,Female,25-34,47.059,Loan originated
1,805000.0,41,1005000.0,211.0,1,Not Hispanic or Latino,Asian,Male,55-64,80.0,Loan originated
1,265000.0,46,275000.0,75.0,1,Hispanic or Latino,White,Male,45-54,97.0,Loan originated
1,815000.0,45,1255000.0,200.0,1,Not Hispanic or Latino,Asian,Male,55-64,65.0,Loan originated
1,15000.0,20%-<30%,385000.0,101.0,1,Hispanic or Latino,White,Female,25-34,100.0,Loan originated
1,505000.0,30%-<36%,905000.0,182.0,1,Not Hispanic or Latino,Asian,Male,25-34,55.556,Loan originated
1,605000.0,41,755000.0,144.0,1,Not Hispanic or Latino,White,Male,25-34,80.0,Loan originated
1,395000.0,43,415000.0,98.0,1,Not Hispanic or Latino,White,Female,35-44,95.0,Loan originated
1,1125000.0,43,1255000.0,246.0,1,Not Hispanic or Latino,White,Female,35-44,89.96,Loan originated
1,295000.0,41,375000.0,191.0,1,Not Hispanic or Latino,White,Male,45-54,80.0,Loan originated
1,365000.0,43,525000.0,98.0,1,Not Hispanic or Latino,White,Female,45-54,68.667,Loan originated
1,725000.0,42,1215000.0,166.0,1,Not Hispanic or Latino,Asian,Female,25-34,59.587,Loan originated
1,585000.0,44,655000.0,174.0,1,Not Hispanic or Latino,White,Male,65-74,90.67,Loan originated
1,85000.0,36,135000.0,79.0,1,Hispanic or Latino,White,Female,55-64,59.259,Loan originated
1,975000.0,20%-<30%,1085000.0,455.0,1,Not Hispanic or Latino,White,Female,45-54,90.0,Loan originated
1,455000.0,43,465000.0,112.0,1,Hispanic or Latino,White,Female,45-54,97.0,Loan originated
1,985000.0,43,1705000.0,260.0,1,Not Hispanic or Latino,Asian,Male,25-34,57.592,Loan originated
1,385000.0,48,595000.0,148.0,1,Not Hispanic or Latino,Asian,Male,25-34,64.49,Loan originated
1,265000.0,47,395000.0,51.0,1,Not Hispanic or Latino,White,Female,65-74,66.667,Loan originated
1,935000.0,48,985000.0,279.0,1,Hispanic or Latino,White,Male,45-54,95.0,Loan originated
1,385000.0,48,405000.0,97.0,1,Not Hispanic or Latino,White,Male,35-44,95.0,Loan originated
1,1045000.0,41,1495000.0,399.0,1,Not Hispanic or Latino,Asian,Female,45-54,69.99996,Loan originated
1,675000.0,49,755000.0,159.0,1,Not Hispanic or Latino,Asian,Male,25-34,89.867,Loan originated
1,515000.0,43,735000.0,282.0,1,Not Hispanic or Latino,Asian,Female,55-64,70.0,Loan originated
1,205000.0,49,405000.0,53.0,1,Not Hispanic or Latino,Asian,Male,35-44,50.0,Loan originated
1,765000.0,30%-<36%,1275000.0,316.0,1,Hispanic or Latino,White,Male,45-54,60.0,Loan originated
1,715000.0,46,795000.0,228.0,1,Hispanic or Latino,White,Female,35-44,90.0,Loan originated
1,435000.0,30%-<36%,645000.0,174.0,1,Not Hispanic or Latino,Asian,Male,55-64,67.643,Loan originated
1,955000.0,41,1365000.0,228.0,1,Not Hispanic or Latino,Asian,Male,35-44,70.0,Loan originated
1,305000.0,48,505000.0,62.0,1,Hispanic or Latino,White,Female,35-44,60.0,Loan originated
1,545000.0,30%-<36%,645000.0,166.0,1,Not Hispanic or Latino,Asian,Female,35-44,84.76,Loan originated
1,445000.0,49,465000.0,97.0,1,Not Hispanic or Latino,White,Female,<25,97.0,Loan originated
1,325000.0,47,605000.0,96.0,1,Hispanic or Latino,White,Male,55-64,53.048,Loan originated
1,845000.0,20%-<30%,1305000.0,521.0,1,Not Hispanic or Latino,White,Male,45-54,65.0,Loan originated
1,165000.0,41,185000.0,78.0,1,Not Hispanic or Latino,White,Female,55-64,90.0,Loan originated
1,325000.0,30%-<36%,405000.0,102.0,1,Not Hispanic or Latino,White,Male,35-44,80.0,Loan originated
1,455000.0,44,665000.0,99.0,1,Not Hispanic or Latino,White,Male,25-34,68.182,Loan originated
1,385000.0,43,475000.0,119.0,1,Not Hispanic or Latino,White,Female,25-34,80.0,Loan originated
1,395000.0,45,425000.0,100.0,1,Not Hispanic or Latino,White,Male,25-34,95.0,Loan originated
1,135000.0,<20%,605000.0,141.0,1,Not Hispanic or Latino,White,Male,55-64,22.57,Loan originated
1,405000.0,38,445000.0,95.0,1,Hispanic or Latino,White,Male,45-54,89.286,Loan originated
1,585000.0,44,615000.0,136.0,1,Hispanic or Latino,White,Male,55-64,94.3,Loan originated
1,665000.0,30%-<36%,865000.0,250.0,1,Not Hispanic or Latino,American Indian or Alaska Native,Female,<25,76.744,Loan originated
1,375000.0,20%-<30%,465000.0,180.0,1,Not Hispanic or Latino,Asian,Male,25-34,80.0,Loan originated
1,675000.0,41,715000.0,182.0,1,Hispanic or Latino,White,Female,25-34,95.0,Loan originated
1,415000.0,49,505000.0,95.0,1,Not Hispanic or Latino,Asian,Female,25-34,82.0,Loan originated
1,875000.0,48,1245000.0,215.0,1,Not Hispanic or Latino,Asian,Male,25-34,70.0,Loan originated
1,415000.0,48,435000.0,92.0,1,Not Hispanic or Latino,White,Male,55-64,96.5,Loan originated
1,125000.0,48,565000.0,40.0,1,Not Hispanic or Latino,White,Female,55-64,22.092,Loan originated
1,645000.0,42,765000.0,181.0,1,Not Hispanic or Latino,Asian,Male,25-34,84.997,Loan originated
1,845000.0,45,1055000.0,217.0,1,Hispanic or Latino,White,Male,35-44,80.0,Loan originated
1,1075000.0,30%-<36%,1345000.0,419.0,1,Not Hispanic or Latino,Asian,Male,35-44,80.0,Loan originated
1,525000.0,44,655000.0,133.0,1,Not Hispanic or Latino,Asian,Male,25-34,80.0,Loan originated
1,665000.0,38,955000.0,210.0,1,Not Hispanic or Latino,White,Male,25-34,70.0,Loan originated
1,375000.0,36,465000.0,180.0,1,Not Hispanic or Latino,White,Male,25-34,80.0,Loan originated
1,435000.0,40,455000.0,206.0,1,Hispanic or Latino,White,Male,25-34,95.0,Loan originated
1,265000.0,49,675000.0,66.0,1,Not Hispanic or Latino,Asian,Female,45-54,38.69,Loan originated
1,685000.0,44,855000.0,224.0,1,Not Hispanic or Latino,White,Female,55-64,80.0,Loan originated
1,555000.0,44,585000.0,151.0,1,Not Hispanic or Latino,White,Female,55-64,95.0,Loan originated
1,285000.0,37,355000.0,75.0,1,Hispanic or Latino,White,Male,45-54,80.0,Application denied
1,295000.0,48,505000.0,66.0,1,Not Hispanic or Latino,White,Male,35-44,58.335,Loan originated
1,515000.0,48,645000.0,145.0,1,Not Hispanic or Latino,Black or African American,Female,35-44,80.0,Application denied
1,435000.0,48,625000.0,207.0,1,Not Hispanic or Latino,White,Female,45-54,70.0,Loan originated
1,455000.0,38,465000.0,147.0,1,Not Hispanic or Latino,White,Male,25-34,97.0,Loan originated
1,665000.0,>60%,1285000.0,219.0,1,Not Hispanic or Latino,Asian,Female,25-34,52.71,Loan originated
1,735000.0,48,1055000.0,150.0,1,Not Hispanic or Latino,White,Male,65-74,70.0,Loan originated
1,595000.0,47,695000.0,397.0,1,Not Hispanic or Latino,Native Hawaiian or Other Pacific Islander,Male,<25,85.0,Loan originated
1,825000.0,46,975000.0,211.0,1,Not Hispanic or Latino,Asian,Male,25-34,85.0,Loan originated
1,625000.0,50%-60%,895000.0,182.0,1,Not Hispanic or Latino,Asian,Female,35-44,70.0,Loan originated
1,455000.0,36,505000.0,125.0,1,Not Hispanic or Latino,White,Male,25-34,90.0,Loan originated
1,385000.0,<20%,405000.0,214.0,1,Not Hispanic or Latino,White,Female,45-54,95.0,Loan originated
1,485000.0,48,565000.0,123.0,1,Not Hispanic or Latino,White,Female,55-64,85.968,Loan originated
1,235000.0,41,535000.0,168.0,1,Not Hispanic or Latino,White,Female,55-64,43.609,Loan originated
1,485000.0,45,515000.0,142.0,1,Hispanic or Latino,American Indian or Alaska Native,Male,25-34,95.0,Loan originated
1,245000.0,48,305000.0,51.0,1,Not Hispanic or Latino,Asian,Male,35-44,80.0,Loan originated
1,355000.0,20%-<30%,555000.0,207.0,1,Not Hispanic or Latino,White,Male,35-44,63.64,Loan originated
1,275000.0,30%-<36%,375000.0,77.0,1,Not Hispanic or Latino,Asian,Female,35-44,73.33,Loan originated
1,355000.0,<20%,525000.0,215.0,1,Not Hispanic or Latino,White,Male,25-34,66.667,Loan originated
1,665000.0,39,835000.0,165.0,1,Hispanic or Latino,White,Male,35-44,80.0,Loan originated
1,385000.0,39,475000.0,167.0,1,Not Hispanic or Latino,Black or African American,Female,45-54,80.0,Loan originated
1,495000.0,40,655000.0,122.0,1,Not Hispanic or Latino,Asian,Male,45-54,75.0,Loan originated
1,385000.0,30%-<36%,485000.0,178.0,1,Hispanic or Latino,White,Male,45-54,80.0,Loan originated
1,395000.0,45,885000.0,196.0,1,Hispanic or Latino,White,Female,45-54,45.0,Loan originated
1,395000.0,46,495000.0,95.0,1,Not Hispanic or Latino,White,Female,35-44,80.0,Loan originated
1,675000.0,40,715000.0,180.0,1,Not Hispanic or Latino,Asian,Male,25-34,95.0,Loan originated
1,395000.0,48,535000.0,81.0,1,Not Hispanic or Latino,White,Male,45-54,75.0,Loan originated
1,795000.0,36,995000.0,287.0,1,Hispanic or Latino,White,Female,35-44,80.0,Loan originated
1,455000.0,49,1205000.0,115.0,1,Not Hispanic or Latino,White,Male,35-44,38.25,Loan originated
1,495000.0,49,585000.0,148.0,1,Not Hispanic or Latino,White,Male,45-54,85.0,Loan originated
1,355000.0,46,505000.0,79.0,1,Not Hispanic or Latino,White,Female,25-34,70.714,Loan originated
1,445000.0,49,535000.0,136.0,1,Hispanic or Latino,White,Male,35-44,103.18,Loan originated
1,365000.0,20%-<30%,425000.0,147.0,1,Not Hispanic or Latino,White,Female,25-34,85.0,Loan originated
1,415000.0,45,635000.0,118.0,1,Hispanic or Latino,White,Male,35-44,66.236,Loan originated
1,505000.0,20%-<30%,635000.0,210.0,1,Hispanic or Latino,White,Female,55-64,80.0,Loan originated
1,105000.0,43,945000.0,67.0,1,Not Hispanic or Latino,White,Female,65-74,10.638,Loan originated
1,185000.0,44,205000.0,44.0,1,Not Hispanic or Latino,White,Female,25-34,91.95,Loan originated
1,685000.0,46,855000.0,195.0,1,Not Hispanic or Latino,White,Female,45-54,80.0,Loan originated
1,425000.0,30%-<36%,445000.0,126.0,1,Not Hispanic or Latino,White,Male,25-34,95.0,Loan originated
1,485000.0,37,915000.0,132.0,1,Not Hispanic or Latino,White,Male,25-34,52.877,Loan originated
1,745000.0,50%-60%,925000.0,149.0,1,Not Hispanic or Latino,White,Female,35-44,80.0,Application denied
1,645000.0,30%-<36%,805000.0,250.0,1,Not Hispanic or Latino,Asian,Male,35-44,80.0,Loan originated
1,535000.0,42,715000.0,133.0,1,Not Hispanic or Latino,White,Male,35-44,75.0,Loan originated
1,345000.0,20%-<30%,435000.0,150.0,1,Not Hispanic or Latino,White,Male,45-54,80.0,Loan originated
1,1055000.0,40,1315000.0,317.0,1,Not Hispanic or Latino,White,Female,35-44,80.0,Loan originated
1,365000.0,47,615000.0,80.0,1,Not Hispanic or Latino,White,Female,35-44,60.0,Loan originated
1,185000.0,48,235000.0,41.0,1,Hispanic or Latino,White,Female,55-64,80.0,Loan originated
1,215000.0,20%-<30%,365000.0,152.0,1,Not Hispanic or Latino,White,Male,45-54,58.75,Loan originated
1,305000.0,38,505000.0,79.0,1,Not Hispanic or Latino,Black or African American,Female,35-44,100.0,Loan originated
1,555000.0,40,1305000.0,160.0,1,Not Hispanic or Latino,Asian,Male,35-44,43.0,Loan originated
1,365000.0,42,455000.0,83.0,1,Not Hispanic or Latino,2 or more minority races,Female,35-44,80.0,Loan originated
1,605000.0,50%-60%,665000.0,231.0,1,Not Hispanic or Latino,Asian,Male,45-54,90.0,Application denied
1,405000.0,46,505000.0,94.0,1,Hispanic or Latino,White,Male,45-54,80.0,Loan originated
1,165000.0,<20%,445000.0,235.0,1,Not Hispanic or Latino,White,Male,45-54,37.303,Loan originated
1,95000.0,30%-<36%,845000.0,56.0,1,Not Hispanic or Latino,White,Male,65-74,10.714,Loan originated
1,865000.0,48,1155000.0,180.0,1,Not Hispanic or Latino,White,Male,45-54,75.0,Loan originated
1,545000.0,30%-<36%,605000.0,245.0,1,Hispanic or Latino,White,Male,25-34,90.0,Loan originated
1,1105000.0,20%-<30%,3705000.0,1034.0,1,Hispanic or Latino,White,Female,35-44,29.73,Loan originated
1,55000.0,38,375000.0,36.0,1,Hispanic or Latino,White,Female,45-54,13.784,Loan originated
1,195000.0,<20%,395000.0,225.0,1,Hispanic or Latino,White,Male,35-44,50.513,Loan originated
1,925000.0,38,1165000.0,238.0,1,Not Hispanic or Latino,White,Male,45-54,80.0,Loan originated
1,415000.0,40,435000.0,124.0,1,Not Hispanic or Latino,White,Female,35-44,96.0,Loan originated
1,585000.0,37,605000.0,154.0,1,Not Hispanic or Latino,Asian,Female,35-44,97.0,Loan originated
1,505000.0,30%-<36%,565000.0,160.0,1,Hispanic or Latino,White,Male,25-34,90.0,Loan originated
1,585000.0,47,735000.0,148.0,1,Not Hispanic or Latino,White,Male,25-34,80.0,Loan originated
1,1025000.0,40,1205000.0,233.0,1,Not Hispanic or Latino,Asian,Male,25-34,85.0,Loan originated
1,745000.0,46,935000.0,205.0,1,Not Hispanic or Latino,Asian,Female,45-54,80.0,Loan originated
1,515000.0,49,545000.0,119.0,1,Hispanic or Latino,White,Female,25-34,95.0,Loan originated
1,565000.0,43,615000.0,142.0,1,Hispanic or Latino,White,Male,25-34,91.997,Loan originated
1,425000.0,46,575000.0,99.0,1,Not Hispanic or Latino,White,Female,<25,75.0,Loan originated
1,505000.0,47,625000.0,167.0,1,Not Hispanic or Latino,Asian,Female,25-34,80.0,Loan originated
1,585000.0,48,735000.0,142.0,1,Hispanic or Latino,White,Female,35-44,80.0,Loan originated
1,225000.0,41,235000.0,56.0,1,Hispanic or Latino,White,Female,25-34,97.0,Loan originated
1,995000.0,50%-60%,1055000.0,185.0,1,Not Hispanic or Latino,White,Male,55-64,95.0,Application denied
1,355000.0,39,585000.0,215.0,1,Not Hispanic or Latino,White,Female,55-64,60.0,Loan originated
1,585000.0,30%-<36%,1065000.0,191.0,1,Not Hispanic or Latino,White,Female,35-44,54.717,Loan originated
1,675000.0,49,845000.0,136.0,1,Not Hispanic or Latino,White,Female,<25,80.0,Loan originated
1,335000.0,49,535000.0,77.0,1,Hispanic or Latino,White,Male,35-44,63.0,Loan originated
1,445000.0,47,465000.0,125.0,1,Not Hispanic or Latino,White,Female,25-34,95.0,Loan originated
1,605000.0,30%-<36%,855000.0,424.0,1,Not Hispanic or Latino,White,Male,35-44,70.85,Loan originated
1,605000.0,45,765000.0,263.0,1,Hispanic or Latino,White,Male,55-64,80.0,Loan originated
1,605000.0,30%-<36%,705000.0,256.0,1,Not Hispanic or Latino,Asian,Female,35-44,90.269,Loan originated
1,665000.0,30%-<36%,775000.0,167.0,1,Not Hispanic or Latino,Asian,Male,35-44,85.1,Loan originated
1,1105000.0,30%-<36%,1535000.0,320.0,1,Not Hispanic or Latino,White,Female,55-64,71.615,Loan originated
1,355000.0,45,375000.0,95.0,1,Hispanic or Latino,White,Female,45-54,100.0,Loan originated
1,695000.0,49,865000.0,158.0,1,Not Hispanic or Latino,White,Female,35-44,80.0,Loan originated
1,385000.0,49,905000.0,81.0,1,Not Hispanic or Latino,White,Male,45-54,42.33,Loan originated
1,785000.0,20%-<30%,975000.0,285.0,1,Not Hispanic or Latino,White,Female,25-34,80.0,Loan originated
1,545000.0,20%-<30%,675000.0,185.0,1,Not Hispanic or Latino,White,Male,35-44,80.0,Loan originated
1,875000.0,20%-<30%,1375000.0,430.0,1,Hispanic or Latino,White,Male,35-44,63.64,Loan originated
1,285000.0,42,305000.0,86.0,1,Hispanic or Latino,White,Female,25-34,95.0,Loan originated
1,355000.0,43,655000.0,93.0,1,Not Hispanic or Latino,Asian,Male,25-34,53.49,Loan originated
1,315000.0,38,375000.0,90.0,1,Hispanic or Latino,White,Male,45-54,85.0,Loan originated
1,225000.0,43,725000.0,73.0,1,Not Hispanic or Latino,White,Female,55-64,31.034,Loan originated
1,585000.0,30%-<36%,735000.0,304.0,1,Not Hispanic or Latino,White,Male,35-44,80.0,Loan originated
1,435000.0,>60%,485000.0,38.0,1,Not Hispanic or Latino,Black or African American,Female,25-34,90.0,Application denied
1,545000.0,49,575000.0,100.0,1,Hispanic or Latino,White,Male,25-34,94.281,Loan originated
1,815000.0,30%-<36%,1215000.0,258.0,1,Hispanic or Latino,White,Male,45-54,67.051,Loan originated
1,715000.0,48,895000.0,179.0,1,Not Hispanic or Latino,Asian,Female,<25,80.0,Loan originated
1,1085000.0,48,1475000.0,210.0,1,Not Hispanic or Latino,Asian,Female,35-44,74.0,Loan originated
1,315000.0,30%-<36%,395000.0,87.0,1,Hispanic or Latino,White,Female,25-34,79.999,Loan originated
1,605000.0,49,795000.0,118.0,1,Not Hispanic or Latino,Asian,Male,25-34,95.0,Loan originated
1,145000.0,49,625000.0,112.0,1,Not Hispanic or Latino,White,Female,65-74,22.877,Loan originated
1,855000.0,47,1005000.0,175.0,1,Hispanic or Latino,White,Female,35-44,85.0,Loan originated
1,445000.0,30%-<36%,1145000.0,160.0,1,Hispanic or Latino,Asian,Male,55-64,38.596,Loan originated
1,635000.0,20%-<30%,885000.0,397.0,1,Not Hispanic or Latino,White,Male,35-44,71.591,Loan originated
1,535000.0,48,625000.0,126.0,1,Not Hispanic or Latino,White,Female,55-64,85.0,Loan originated
1,375000.0,46,445000.0,118.0,1,Not Hispanic or Latino,White,Female,25-34,105.0,Loan originated
1,955000.0,30%-<36%,1275000.0,480.0,1,Not Hispanic or Latino,White,Female,45-54,75.0,Loan originated
1,635000.0,43,675000.0,186.0,1,Hispanic or Latino,White,Male,25-34,95.0,Loan originated
1,405000.0,43,435000.0,117.0,1,Hispanic or Latino,White,Female,25-34,95.0,Loan originated
1,385000.0,50%-60%,545000.0,140.0,1,Hispanic or Latino,White,Male,35-44,70.0,Loan originated
1,435000.0,46,545000.0,127.0,1,Not Hispanic or Latino,Asian,Female,25-34,80.0,Loan originated
1,545000.0,42,905000.0,174.0,1,Not Hispanic or Latino,Asian,Female,25-34,60.0,Loan originated
1,355000.0,30%-<36%,365000.0,119.0,1,Not Hispanic or Latino,White,Male,<25,97.0,Loan originated
1,865000.0,47,1085000.0,180.0,1,Not Hispanic or Latino,Asian,Male,25-34,80.0,Loan originated
1,515000.0,41,605000.0,150.0,1,Hispanic or Latino,White,Female,45-54,85.0,Loan originated
1,485000.0,49,605000.0,121.0,1,Not Hispanic or Latino,White,Male,25-34,80.0,Loan originated
1,555000.0,42,1055000.0,132.0,1,Not Hispanic or Latino,Asian,Female,45-54,52.381,Loan originated
1,285000.0,43,905000.0,96.0,1,Not Hispanic or Latino,Asian,Male,25-34,31.111,Loan originated
1,135000.0,49,155000.0,56.0,1,Hispanic or Latino,White,Male,45-54,90.0,Loan originated
1,555000.0,30%-<36%,585000.0,159.0,1,Not Hispanic or Latino,American Indian or Alaska Native,Female,25-34,94.998,Loan originated
1,475000.0,38,485000.0,136.0,1,Not Hispanic or Latino,White,Female,45-54,99.558,Loan originated
1,425000.0,>60%,1265000.0,31.0,1,Not Hispanic or Latino,White,Female,45-54,33.597,Loan originated
1,635000.0,42,705000.0,167.0,1,Hispanic or Latino,White,Female,55-64,90.0,Application denied
1,345000.0,40,545000.0,206.0,1,Not Hispanic or Latino,White,Female,55-64,62.96,Loan originated
1,765000.0,49,815000.0,278.0,1,Not Hispanic or Latino,White,Male,55-64,95.0,Loan originated
1,615000.0,48,655000.0,169.0,1,Hispanic or Latino,American Indian or Alaska Native,Male,25-34,95.0,Loan originated
1,535000.0,45,675000.0,200.0,1,Hispanic or Latino,White,Male,25-34,80.0,Loan originated
1,435000.0,36,545000.0,144.0,1,Hispanic or Latino,White,Male,45-54,80.0,Loan originated
1,1005000.0,30%-<36%,1445000.0,312.0,1,Not Hispanic or Latino,Asian,Male,35-44,69.057,Loan originated
1,375000.0,36,2775000.0,195.0,1,Not Hispanic or Latino,White,Female,45-54,13.514,Loan originated
1,485000.0,30%-<36%,605000.0,184.0,1,Not Hispanic or Latino,White,Female,25-34,80.0,Loan originated
1,695000.0,30%-<36%,875000.0,200.0,1,Hispanic or Latino,White,Male,35-44,80.0,Loan originated
1,1005000.0,45,1405000.0,235.0,1,Not Hispanic or Latino,Asian,Male,25-34,72.0,Loan originated
1,195000.0,46,205000.0,96.0,1,Hispanic or Latino,White,Female,25-34,95.0,Loan originated
1,525000.0,49,555000.0,101.0,1,Hispanic or Latino,White,Female,25-34,95.0,Loan originated
1,745000.0,30%-<36%,925000.0,294.0,1,Not Hispanic or Latino,White,Female,25-34,80.0,Loan originated
1,525000.0,42,745000.0,212.0,1,Not Hispanic or Latino,Asian,Female,45-54,70.0,Loan originated
1,925000.0,30%-<36%,1275000.0,391.0,1,Not Hispanic or Latino,Asian,Male,35-44,72.441,Loan originated
1,225000.0,30%-<36%,525000.0,99.0,1,Not Hispanic or Latino,Asian,Female,<25,42.695,Loan originated
1,665000.0,41,705000.0,205.0,1,Not Hispanic or Latino,Asian,Male,35-44,95.0,Loan originated
1,695000.0,36,735000.0,195.0,1,Hispanic or Latino,White,Male,25-34,95.0,Loan originated
1,925000.0,20%-<30%,1325000.0,391.0,1,Not Hispanic or Latino,Asian,Male,25-34,69.79,Loan originated
1,445000.0,49,465000.0,159.0,1,Not Hispanic or Latino,Asian,Male,25-34,94.9,Loan originated
1,755000.0,44,795000.0,166.0,1,Not Hispanic or Latino,Asian,Male,35-44,95.0,Loan originated
1,455000.0,42,475000.0,100.0,1,Hispanic or Latino,White,Female,25-34,97.0,Loan originated
1,125000.0,<20%,625000.0,34.0,1,Not Hispanic or Latino,White,Male,65-74,20.161,Loan originated
1,455000.0,43,615000.0,130.0,1,Not Hispanic or Latino,Asian,Male,25-34,75.0,Loan originated
1,735000.0,39,915000.0,230.0,1,Not Hispanic or Latino,Asian,Male,25-34,80.0,Loan originated
1,605000.0,44,965000.0,137.0,1,Not Hispanic or Latino,Asian,Female,45-54,62.176,Loan originated
1,725000.0,49,975000.0,151.0,1,Not Hispanic or Latino,White,Female,25-34,74.0,Loan originated
1,275000.0,48,555000.0,63.0,1,Hispanic or Latino,White,Female,45-54,99.996,Loan originated
1,175000.0,48,185000.0,55.0,1,Not Hispanic or Latino,White,Male,25-34,97.0,Application denied
1,765000.0,50%-60%,875000.0,191.0,1,Not Hispanic or Latino,Asian,Male,25-34,87.6,Application denied
1,355000.0,37,615000.0,121.0,1,Not Hispanic or Latino,White,Female,45-54,56.911,Loan originated
1,385000.0,45,425000.0,117.0,1,Not Hispanic or Latino,White,Female,55-64,90.0,Loan originated
1,655000.0,30%-<36%,825000.0,245.0,1,Not Hispanic or Latino,White,Female,25-34,80.0,Loan originated
1,485000.0,48,555000.0,103.0,1,Hispanic or Latino,White,Female,25-34,89.0,Loan originated
1,285000.0,47,825000.0,104.0,1,Not Hispanic or Latino,White,Female,>74,34.54,Loan originated
1,145000.0,49,235000.0,48.0,1,Not Hispanic or Latino,White,Female,35-44,103.0,Loan originated
1,665000.0,30%-<36%,685000.0,211.0,1,Not Hispanic or Latino,Black or African American,Male,55-64,99.177,Loan originated
1,445000.0,46,765000.0,139.0,1,Hispanic or Latino,White,Female,45-54,80.0,Loan originated
1,575000.0,37,725000.0,157.0,1,Not Hispanic or Latino,Asian,Male,35-44,79.99,Loan originated
1,275000.0,45,335000.0,68.0,1,Not Hispanic or Latino,White,Female,55-64,80.0,Loan originated
1,975000.0,30%-<36%,1655000.0,316.0,1,Not Hispanic or Latino,Black or African American,Female,45-54,58.912,Loan originated
1,185000.0,40,425000.0,101.0,1,Not Hispanic or Latino,White,Female,45-54,43.0,Loan originated
1,765000.0,49,805000.0,199.0,1,Hispanic or Latino,White,Male,25-34,95.0,Loan originated
1,595000.0,47,765000.0,124.0,1,Not Hispanic or Latino,Asian,Female,35-44,77.91,Loan originated
1,725000.0,45,765000.0,155.0,1,Hispanic or Latino,White,Male,35-44,95.0,Loan originated
1,435000.0,48,455000.0,114.0,1,Hispanic or Latino,American Indian or Alaska Native,Female,35-44,95.0,Loan originated
1,345000.0,20%-<30%,435000.0,154.0,1,Not Hispanic or Latino,Asian,Male,<25,80.0,Loan originated
1,655000.0,37,815000.0,262.0,1,Not Hispanic or Latino,Asian,Male,35-44,80.0,Application denied
1,1065000.0,30%-<36%,1325000.0,348.0,1,Not Hispanic or Latino,White,Male,<25,80.0,Loan originated
1,385000.0,36,415000.0,127.0,1,Hispanic or Latino,White,Male,35-44,95.0,Loan originated
1,385000.0,47,585000.0,85.0,1,Not Hispanic or Latino,White,Male,45-54,65.812,Loan originated
1,575000.0,42,725000.0,145.0,1,Not Hispanic or Latino,Asian,Male,35-44,80.0,Loan originated
1,955000.0,30%-<36%,1195000.0,341.0,1,Not Hispanic or Latino,Asian,Male,45-54,80.0,Loan originated
1,1135000.0,44,1265000.0,225.0,1,Not Hispanic or Latino,Asian,Male,25-34,89.97,Loan originated
1,235000.0,20%-<30%,295000.0,139.0,1,Not Hispanic or Latino,Black or African American,Female,65-74,80.0,Loan originated
1,505000.0,20%-<30%,1115000.0,196.0,1,Not Hispanic or Latino,White,Male,45-54,44.843,Loan originated
1,615000.0,45,735000.0,149.0,1,Not Hispanic or Latino,White,Male,25-34,104.0,Loan originated
1,285000.0,>60%,355000.0,0.0,1,Hispanic or Latino,White,Female,55-64,80.0,Application denied
1,525000.0,43,585000.0,150.0,1,Hispanic or Latino,White,Male,25-34,90.0,Loan originated
1,485000.0,39,575000.0,147.0,1,Not Hispanic or Latino,White,Female,35-44,85.0,Loan originated
1,345000.0,30%-<36%,595000.0,132.0,1,Not Hispanic or Latino,White,Male,45-54,57.841,Loan originated
1,455000.0,41,1205000.0,207.0,1,Not Hispanic or Latino,White,Female,35-44,37.34,Loan originated
1,985000.0,43,1365000.0,214.0,1,Not Hispanic or Latino,White,Male,35-44,72.169,Loan originated
1,495000.0,30%-<36%,525000.0,166.0,1,Not Hispanic or Latino,White,Male,35-44,95.0,Loan originated
1,635000.0,36,1015000.0,233.0,1,Not Hispanic or Latino,White,Male,35-44,63.0,Loan originated
1,705000.0,49,835000.0,145.0,1,Not Hispanic or Latino,White,Male,45-54,84.431,Loan originated
1,605000.0,20%-<30%,755000.0,366.0,1,Not Hispanic or Latino,Asian,Male,35-44,80.0,Loan originated
1,395000.0,48,495000.0,102.0,1,Hispanic or Latino,White,Female,35-44,80.0,Loan originated
1,925000.0,45,1315000.0,208.0,1,Not Hispanic or Latino,Asian,Male,35-44,70.001,Loan originated
1,515000.0,49,645000.0,103.0,1,Not Hispanic or Latino,Asian,Male,45-54,80.0,Loan originated
1,175000.0,36,455000.0,107.0,1,Not Hispanic or Latino,Asian,Female,55-64,39.0,Loan originated
1,605000.0,49,945000.0,193.0,1,Not Hispanic or Latino,Asian,Female,45-54,64.52,Loan originated
1,715000.0,43,1025000.0,253.0,1,Hispanic or Latino,White,Female,45-54,80.0,Loan originated
1,1005000.0,41,1255000.0,283.0,1,Not Hispanic or Latino,White,Male,55-64,80.0,Loan originated
1,315000.0,30%-<36%,755000.0,120.0,1,Not Hispanic or Latino,Asian,Female,25-34,42.0,Loan originated
1,465000.0,38,585000.0,195.0,1,Not Hispanic or Latino,White,Male,35-44,80.0,Loan originated
1,535000.0,42,595000.0,225.0,1,Not Hispanic or Latino,Asian,Male,35-44,89.99,Loan originated
1,545000.0,>60%,605000.0,101.0,1,Hispanic or Latino,White,Female,35-44,90.0,Application denied
1,455000.0,30%-<36%,565000.0,145.0,1,Not Hispanic or Latino,White,Female,25-34,80.0,Loan originated
1,465000.0,43,495000.0,127.0,1,Not Hispanic or Latino,Black or African American,Female,35-44,95.0,Loan originated
1,395000.0,49,575000.0,89.0,1,Not Hispanic or Latino,Asian,Male,25-34,73.0,Loan originated
1,435000.0,30%-<36%,485000.0,134.0,1,Not Hispanic or Latino,Asian,Male,35-44,90.0,Loan originated
1,615000.0,49,655000.0,168.0,1,Not Hispanic or Latino,White,Male,45-54,95.0,Loan originated
1,1135000.0,49,1565000.0,287.0,1,Not Hispanic or Latino,White,Female,45-54,73.0,Loan originated
1,565000.0,39,755000.0,271.0,1,Not Hispanic or Latino,White,Female,25-34,75.0,Loan originated
1,645000.0,44,805000.0,154.0,1,Hispanic or Latino,White,Male,25-34,80.0,Loan originated
1,945000.0,49,1115000.0,203.0,1,Not Hispanic or Latino,White,Male,35-44,85.0,Loan originated
1,105000.0,20%-<30%,165000.0,115.0,1,Not Hispanic or Latino,White,Female,55-64,63.63,Loan originated
1,475000.0,20%-<30%,665000.0,326.0,1,Not Hispanic or Latino,Asian,Male,45-54,71.25,Loan originated
1,305000.0,20%-<30%,315000.0,150.0,1,Not Hispanic or Latino,White,Female,45-54,95.0,Loan originated
1,905000.0,49,1195000.0,291.0,1,Not Hispanic or Latino,White,Female,45-54,75.63,Loan originated
1,485000.0,44,645000.0,120.0,1,Not Hispanic or Latino,White,Female,25-34,75.0,Loan originated
1,845000.0,30%-<36%,1055000.0,259.0,1,Not Hispanic or Latino,Asian,Male,35-44,80.0,Loan originated
1,625000.0,48,655000.0,151.0,1,Not Hispanic or Latino,Black or African American,Male,35-44,95.0,Loan originated
1,1075000.0,30%-<36%,1795000.0,475.0,1,Not Hispanic or Latino,White,Male,65-74,60.0,Loan originated
1,405000.0,20%-<30%,535000.0,390.0,1,Not Hispanic or Latino,White,Female,35-44,75.0,Loan originated
1,1005000.0,20%-<30%,2005000.0,468.0,1,Not Hispanic or Latino,White,Female,55-64,50.0,Loan originated
1,335000.0,46,415000.0,82.0,1,Not Hispanic or Latino,White,Female,45-54,80.0,Loan originated
1,715000.0,39,895000.0,176.0,1,Hispanic or Latino,White,Male,25-34,80.0,Loan originated
1,155000.0,30%-<36%,215000.0,108.0,1,Hispanic or Latino,Asian,Male,55-64,70.0,Loan originated
1,595000.0,39,1225000.0,163.0,1,Not Hispanic or Latino,Asian,Female,35-44,48.085,Loan originated
1,425000.0,48,535000.0,99.0,1,Hispanic or Latino,White,Male,35-44,80.0,Loan originated
1,485000.0,20%-<30%,545000.0,475.0,1,Not Hispanic or Latino,White,Male,55-64,90.0,Loan originated
1,385000.0,20%-<30%,485000.0,180.0,1,Not Hispanic or Latino,White,Female,25-34,80.0,Loan originated
1,705000.0,50%-60%,1435000.0,200.0,1,Not Hispanic or Latino,White,Male,35-44,48.951,Loan originated
1,985000.0,40,1125000.0,284.0,1,Not Hispanic or Latino,White,Female,25-34,87.111,Loan originated
1,735000.0,20%-<30%,925000.0,285.0,1,Not Hispanic or Latino,Asian,Male,55-64,80.0,Loan originated
1,595000.0,45,745000.0,150.0,1,Not Hispanic or Latino,Asian,Female,25-34,100.0,Loan originated
1,725000.0,49,765000.0,158.0,1,Not Hispanic or Latino,Asian,Male,45-54,95.0,Loan originated
1,435000.0,39,615000.0,125.0,1,Not Hispanic or Latino,White,Female,45-54,71.311,Loan originated
1,645000.0,30%-<36%,805000.0,179.0,1,Hispanic or Latino,White,Female,35-44,80.0,Loan originated
1,505000.0,44,675000.0,127.0,1,Not Hispanic or Latino,Asian,Male,45-54,80.0,Loan originated
1,1145000.0,45,1215000.0,275.0,1,Not Hispanic or Latino,White,Male,25-34,94.95,Loan originated
1,105000.0,47,435000.0,30.0,1,Not Hispanic or Latino,White,Male,55-64,23.256,Loan originated
1,545000.0,42,655000.0,157.0,1,Hispanic or Latino,White,Male,<25,84.0,Loan originated
1,485000.0,39,615000.0,134.0,1,Not Hispanic or Latino,White,Female,25-34,80.0,Loan originated
1,385000.0,39,435000.0,88.0,1,Not Hispanic or Latino,White,Male,35-44,90.0,Loan originated
1,475000.0,49,595000.0,121.0,1,Hispanic or Latino,White,Female,35-44,80.0,Loan originated
1,495000.0,48,655000.0,113.0,1,Not Hispanic or Latino,Black or African American,Male,25-34,75.0,Loan originated
1,975000.0,49,1155000.0,204.0,1,Hispanic or Latino,White,Female,45-54,84.783,Loan originated
1,545000.0,50%-60%,685000.0,108.0,1,Not Hispanic or Latino,White,Male,25-34,80.0,Application denied
1,465000.0,20%-<30%,575000.0,328.0,1,Not Hispanic or Latino,Asian,Male,45-54,80.0,Loan originated
1,435000.0,38,535000.0,177.0,1,Hispanic or Latino,White,Male,45-54,80.0,Application denied
1,265000.0,46,405000.0,60.0,1,Not Hispanic or Latino,White,Male,25-34,64.198,Loan originated
1,345000.0,48,1225000.0,98.0,1,Not Hispanic or Latino,White,Male,65-74,28.211,Loan originated
1,255000.0,45,355000.0,67.0,1,Not Hispanic or Latino,White,Female,35-44,71.831,Loan originated
1,305000.0,46,375000.0,103.0,1,Not Hispanic or Latino,White,Female,45-54,80.0,Loan originated
1,685000.0,43,865000.0,180.0,1,Not Hispanic or Latino,White,Male,35-44,80.0,Loan originated
1,325000.0,40,625000.0,108.0,1,Not Hispanic or Latino,Asian,Male,25-34,52.0,Loan originated
1,335000.0,39,665000.0,90.0,1,Hispanic or Latino,White,Male,65-74,50.0,Loan originated
1,605000.0,46,1005000.0,134.0,1,Not Hispanic or Latino,White,Male,35-44,60.0,Loan originated
1,55000.0,41,435000.0,49.0,1,Not Hispanic or Latino,White,Female,55-64,11.49,Loan originated
1,325000.0,40,345000.0,131.0,1,Not Hispanic or Latino,Black or African American,Male,55-64,95.0,Application denied
1,455000.0,46,565000.0,98.0,1,Not Hispanic or Latino,White,Male,25-34,80.0,Loan originated
1,1015000.0,37,1405000.0,322.0,1,Not Hispanic or Latino,White,Female,45-54,72.696,Loan originated
1,565000.0,30%-<36%,705000.0,261.0,1,Not Hispanic or Latino,White,Male,55-64,80.0,Loan originated
1,385000.0,30%-<36%,455000.0,189.0,1,Hispanic or Latino,White,Male,35-44,85.0,Loan originated
1,1005000.0,30%-<36%,1255000.0,347.0,1,Not Hispanic or Latino,Asian,Female,45-54,80.0,Loan originated
1,155000.0,20%-<30%,395000.0,77.0,1,Not Hispanic or Latino,White,Male,25-34,38.776,Loan originated
1,505000.0,49,635000.0,137.0,1,Not Hispanic or Latino,White,Female,>74,80.0,Loan originated
1,315000.0,30%-<36%,375000.0,156.0,1,Not Hispanic or Latino,White,Male,45-54,85.0,Loan originated
1,185000.0,30%-<36%,235000.0,60.0,1,Hispanic or Latino,White,Male,35-44,80.0,Loan originated
1,605000.0,46,905000.0,415.0,1,Not Hispanic or Latino,White,Male,55-64,66.667,Loan originated
1,535000.0,44,665000.0,116.0,1,Not Hispanic or Latino,Asian,Female,55-64,100.0,Loan originated
1,525000.0,46,545000.0,128.0,1,Hispanic or Latino,White,Female,35-44,98.0,Loan originated
1,795000.0,30%-<36%,995000.0,282.0,1,Not Hispanic or Latino,Asian,Female,45-54,80.0,Loan originated
1,615000.0,38,825000.0,155.0,1,Not Hispanic or Latino,White,Female,35-44,75.0,Loan originated
1,575000.0,45,635000.0,139.0,1,Not Hispanic or Latino,Asian,Female,45-54,90.0,Loan originated
1,625000.0,40,695000.0,188.0,1,Not Hispanic or Latino,Asian,Female,25-34,89.99,Loan originated
1,715000.0,42,895000.0,221.0,1,Not Hispanic or Latino,Asian,Male,25-34,80.0,Loan originated
1,205000.0,50%-60%,225000.0,76.0,1,Not Hispanic or Latino,Asian,Male,55-64,95.0,Application denied
1,315000.0,42,445000.0,97.0,1,Not Hispanic or Latino,White,Female,45-54,71.59,Loan originated
1,675000.0,30%-<36%,905000.0,201.0,1,Not Hispanic or Latino,Asian,Male,35-44,75.0,Loan originated
1,245000.0,43,465000.0,80.0,1,Not Hispanic or Latino,White,Female,35-44,100.0,Loan originated
1,765000.0,41,1465000.0,235.0,1,Not Hispanic or Latino,Asian,Female,45-54,52.355,Loan originated
1,475000.0,45,595000.0,163.0,1,Not Hispanic or Latino,Asian,Female,35-44,80.0,Loan originated
1,225000.0,41,315000.0,112.0,1,Hispanic or Latino,White,Female,55-64,71.0,Loan originated
1,435000.0,47,545000.0,114.0,1,Not Hispanic or Latino,White,Female,65-74,80.0,Loan originated
1,325000.0,40,335000.0,97.0,1,Hispanic or Latino,White,Female,55-64,97.0,Loan originated
1,525000.0,30%-<36%,925000.0,155.0,1,Not Hispanic or Latino,Asian,Female,25-34,56.76,Loan originated
1,415000.0,30%-<36%,1085000.0,164.0,1,Not Hispanic or Latino,White,Female,>74,37.788,Loan originated
1,235000.0,36,455000.0,84.0,1,Not Hispanic or Latino,White,Female,>74,51.11,Loan originated
1,695000.0,48,865000.0,159.0,1,Not Hispanic or Latino,White,Male,35-44,80.0,Loan originated
1,395000.0,44,415000.0,101.0,1,Not Hispanic or Latino,Asian,Female,35-44,95.0,Loan originated
1,595000.0,47,635000.0,131.0,1,Hispanic or Latino,White,Male,35-44,99.753,Loan originated
1,565000.0,45,635000.0,140.0,1,Not Hispanic or Latino,White,Female,35-44,89.9,Loan originated
1,735000.0,30%-<36%,915000.0,207.0,1,Not Hispanic or Latino,Asian,Male,25-34,80.0,Application denied
1,845000.0,46,1205000.0,229.0,1,Not Hispanic or Latino,Asian,Male,35-44,70.0,Loan originated
1,655000.0,44,775000.0,362.0,1,Not Hispanic or Latino,Asian,Female,35-44,85.0,Loan originated
1,415000.0,30%-<36%,715000.0,150.0,1,Not Hispanic or Latino,Asian,Female,35-44,59.0,Loan originated
1,625000.0,49,785000.0,124.0,1,Hispanic or Latino,Asian,Male,35-44,80.0,Loan originated
1,235000.0,45,485000.0,61.0,1,Not Hispanic or Latino,White,Female,55-64,47.423,Loan originated
1,865000.0,46,1085000.0,182.0,1,Not Hispanic or Latino,Asian,Male,25-34,80.0,Loan originated
1,755000.0,38,1455000.0,226.0,1,Not Hispanic or Latino,White,Female,45-54,52.0,Loan originated
1,135000.0,40,735000.0,93.0,1,Not Hispanic or Latino,Asian,Male,35-44,17.808,Loan originated
1,425000.0,48,535000.0,148.0,1,Not Hispanic or Latino,Asian,Male,65-74,80.0,Loan originated
1,525000.0,49,545000.0,115.0,1,Hispanic or Latino,White,Male,55-64,95.0,Loan originated
1,945000.0,<20%,1115000.0,1224.0,1,Not Hispanic or Latino,Asian,Female,35-44,85.0,Loan originated
1,85000.0,>60%,105000.0,22.0,1,Not Hispanic or Latino,White,Female,55-64,81.45,Application denied
1,275000.0,40,325000.0,85.0,1,Hispanic or Latino,White,Male,25-34,104.0,Loan originated
1,765000.0,42,905000.0,287.0,1,Hispanic or Latino,White,Male,35-44,84.61,Loan originated
1,175000.0,30%-<36%,705000.0,76.0,1,Hispanic or Latino,White,Female,35-44,25.0,Loan originated
1,385000.0,42,475000.0,148.0,1,Not Hispanic or Latino,Asian,Male,35-44,80.0,Loan originated
1,355000.0,44,375000.0,86.0,1,Not Hispanic or Latino,White,Male,25-34,95.0,Loan originated
1,875000.0,48,925000.0,187.0,1,Not Hispanic or Latino,White,Male,35-44,95.0,Loan originated
1,525000.0,47,755000.0,112.0,1,Not Hispanic or Latino,Asian,Male,45-54,70.0,Loan originated
1,505000.0,49,1505000.0,125.0,1,Not Hispanic or Latino,Asian,Female,25-34,33.333,Loan originated
1,515000.0,45,645000.0,117.0,1,Not Hispanic or Latino,White,Female,35-44,80.0,Loan originated
1,545000.0,42,645000.0,208.0,1,Not Hispanic or Latino,Asian,Male,35-44,85.0,Loan originated
1,315000.0,36,395000.0,89.0,1,Not Hispanic or Latino,White,Male,45-54,80.0,Loan originated
1,445000.0,49,465000.0,100.0,1,Not Hispanic or Latino,White,Male,25-34,95.0,Loan originated
1,665000.0,30%-<36%,1465000.0,276.0,1,Not Hispanic or Latino,White,Female,55-64,45.205,Loan originated
1,1135000.0,41,1625000.0,315.0,1,Not Hispanic or Latino,Asian,Male,45-54,70.0,Loan originated
1,955000.0,49,1195000.0,185.0,1,Not Hispanic or Latino,Asian,Female,35-44,80.0,Loan originated
1,475000.0,49,595000.0,110.0,1,Not Hispanic or Latino,White,Female,45-54,80.0,Loan originated
1,435000.0,40,465000.0,123.0,1,Not Hispanic or Latino,White,Female,25-34,92.474,Loan originated
1,445000.0,37,685000.0,105.0,1,Not Hispanic or Latino,Asian,Female,45-54,64.963,Loan originated
1,305000.0,40,1575000.0,131.0,1,Not Hispanic or Latino,Asian,Female,25-34,19.05,Loan originated
1,255000.0,20%-<30%,365000.0,185.0,1,Not Hispanic or Latino,White,Female,55-64,70.0,Loan originated
1,185000.0,43,225000.0,81.0,1,Not Hispanic or Latino,White,Female,>74,82.41,Application denied
1,945000.0,47,1175000.0,198.0,1,Not Hispanic or Latino,White,Male,35-44,80.0,Loan originated
1,1275000.0,43,1605000.0,342.0,1,Not Hispanic or Latino,White,Male,<25,79.625,Loan originated
1,565000.0,37,705000.0,197.0,1,Not Hispanic or Latino,White,Male,35-44,80.0,Loan originated
1,765000.0,47,1055000.0,200.0,1,Hispanic or Latino,White,Male,25-34,72.63,Loan originated
1,505000.0,49,535000.0,111.0,1,Not Hispanic or Latino,Asian,Female,45-54,97.0,Loan originated
1,345000.0,49,355000.0,77.0,1,Hispanic or Latino,White,Male,25-34,100.0,Loan originated
1,335000.0,49,345000.0,64.0,1,Hispanic or Latino,White,Female,45-54,97.0,Loan originated
1,365000.0,44,565000.0,96.0,1,Hispanic or Latino,White,Female,65-74,64.6,Loan originated
1,585000.0,45,735000.0,125.0,1,Not Hispanic or Latino,Asian,Female,25-34,80.0,Loan originated
1,485000.0,48,615000.0,120.0,1,Not Hispanic or Latino,Asian,Male,35-44,100.0,Loan originated
1,515000.0,20%-<30%,735000.0,225.0,1,Hispanic or Latino,American Indian or Alaska Native,Male,25-34,70.0,Loan originated
1,335000.0,20%-<30%,485000.0,133.0,1,Hispanic or Latino,White,Female,45-54,68.763,Loan originated
1,655000.0,43,1645000.0,166.0,1,Not Hispanic or Latino,White,Female,55-64,40.0,Loan originated
1,305000.0,<20%,615000.0,170.0,1,Not Hispanic or Latino,Asian,Female,35-44,49.0,Loan originated
1,495000.0,44,555000.0,127.0,1,Not Hispanic or Latino,White,Male,45-54,90.0,Loan originated
1,215000.0,47,715000.0,63.0,1,Not Hispanic or Latino,Asian,Female,65-74,30.237,Loan originated
1,385000.0,38,415000.0,168.0,1,Hispanic or Latino,White,Male,45-54,95.0,Loan originated
1,455000.0,42,505000.0,151.0,1,Hispanic or Latino,White,Female,35-44,90.0,Loan originated
1,975000.0,30%-<36%,1305000.0,314.0,1,Not Hispanic or Latino,Asian,Male,35-44,75.0,Loan originated
1,1135000.0,44,1415000.0,333.0,1,Not Hispanic or Latino,Asian,Male,55-64,79.98,Loan originated
1,495000.0,20%-<30%,525000.0,176.0,1,Not Hispanic or Latino,Asian,Male,45-54,95.0,Loan originated
1,215000.0,41,615000.0,65.0,1,Hispanic or Latino,White,Male,>74,35.38,Loan originated
1,595000.0,30%-<36%,695000.0,238.0,1,Not Hispanic or Latino,White,Male,25-34,85.0,Loan originated
1,435000.0,37,465000.0,206.0,1,Hispanic or Latino,White,Male,25-34,95.0,Loan originated
1,715000.0,42,715000.0,184.0,1,Not Hispanic or Latino,Asian,Female,25-34,100.0,Loan originated
1,465000.0,41,585000.0,138.0,1,Not Hispanic or Latino,Asian,Female,35-44,80.0,Loan originated
1,625000.0,20%-<30%,835000.0,211.0,1,Not Hispanic or Latino,Asian,Male,35-44,75.0,Loan originated
1,435000.0,44,465000.0,114.0,1,Not Hispanic or Latino,Black or African American,Female,45-54,95.0,Loan originated
1,185000.0,20%-<30%,235000.0,120.0,1,Hispanic or Latino,White,Female,45-54,80.0,Application denied
1,355000.0,20%-<30%,555000.0,330.0,1,Not Hispanic or Latino,White,Male,45-54,63.996,Loan originated
1,655000.0,48,675000.0,139.0,1,Not Hispanic or Latino,White,Female,25-34,100.0,Loan originated
1,215000.0,44,225000.0,86.0,1,Not Hispanic or Latino,White,Female,25-34,93.0,Loan originated
1,755000.0,41,945000.0,183.0,1,Not Hispanic or Latino,White,Male,35-44,80.0,Loan originated
1,565000.0,42,815000.0,130.0,1,Not Hispanic or Latino,White,Female,45-54,70.0,Loan originated
1,835000.0,40,1045000.0,236.0,1,Not Hispanic or Latino,White,Male,35-44,80.0,Loan originated
1,705000.0,45,1605000.0,213.0,1,Not Hispanic or Latino,Asian,Female,35-44,43.614,Loan originated
1,1015000.0,43,1275000.0,600.0,1,Not Hispanic or Latino,White,Male,25-34,80.0,Loan originated
1,445000.0,50%-60%,505000.0,98.0,1,Not Hispanic or Latino,Asian,Male,35-44,87.128,Loan originated
1,975000.0,44,1155000.0,236.0,1,Not Hispanic or Latino,Asian,Male,25-34,85.0,Application denied
1,885000.0,30%-<36%,1105000.0,260.0,1,Not Hispanic or Latino,Asian,Male,25-34,80.0,Loan originated
1,725000.0,45,805000.0,151.0,1,Not Hispanic or Latino,Black or African American,Male,65-74,90.0,Loan originated
1,345000.0,42,425000.0,90.0,1,Not Hispanic or Latino,White,Male,25-34,80.0,Loan originated
1,725000.0,46,905000.0,245.0,1,Not Hispanic or Latino,White,Female,35-44,80.0,Loan originated
1,145000.0,49,165000.0,41.0,1,Hispanic or Latino,White,Male,45-54,90.0,Loan originated
1,1145000.0,37,1425000.0,315.0,1,Not Hispanic or Latino,White,Male,35-44,80.0,Loan originated
1,435000.0,30%-<36%,485000.0,152.0,1,Not Hispanic or Latino,White,Male,45-54,90.0,Loan originated
1,435000.0,39,555000.0,118.0,1,Hispanic or Latino,White,Female,45-54,79.0,Loan originated
1,535000.0,49,735000.0,132.0,1,Not Hispanic or Latino,Asian,Female,35-44,72.709,Loan originated
1,765000.0,30%-<36%,975000.0,233.0,1,Not Hispanic or Latino,White,Female,65-74,78.621,Loan originated
1,695000.0,48,875000.0,175.0,1,Not Hispanic or Latino,Asian,Female,55-64,80.0,Loan originated
1,665000.0,46,735000.0,195.0,1,Not Hispanic or Latino,Asian,Male,35-44,90.0,Loan originated
1,605000.0,49,675000.0,137.0,1,Not Hispanic or Latino,White,Female,25-34,90.0,Loan originated
1,405000.0,37,835000.0,147.0,1,Not Hispanic or Latino,White,Female,55-64,47.684,Loan originated
1,865000.0,38,1075000.0,374.0,1,Not Hispanic or Latino,Asian,Male,25-34,80.0,Loan originated
1,495000.0,38,525000.0,173.0,1,Not Hispanic or Latino,White,Female,35-44,95.0,Loan originated
1,1115000.0,38,1375000.0,420.0,1,Not Hispanic or Latino,Asian,Male,55-64,80.0,Application denied
1,475000.0,50%-60%,505000.0,85.0,1,Hispanic or Latino,White,Female,35-44,95.0,Loan originated
1,415000.0,30%-<36%,425000.0,400.0,1,Not Hispanic or Latino,White,Male,35-44,97.0,Loan originated
1,295000.0,48,425000.0,98.0,1,Not Hispanic or Latino,White,Male,65-74,68.545,Loan originated
1,335000.0,41,415000.0,91.0,1,Not Hispanic or Latino,Asian,Male,45-54,80.0,Loan originated
1,195000.0,43,225000.0,98.0,1,Hispanic or Latino,White,Female,45-54,90.34,Application denied
1,145000.0,47,175000.0,73.0,1,Hispanic or Latino,American Indian or Alaska Native,Male,55-64,85.0,Loan originated
1,695000.0,20%-<30%,925000.0,290.0,1,Not Hispanic or Latino,White,Male,45-54,75.0,Loan originated
1,315000.0,44,435000.0,85.0,1,Hispanic or Latino,White,Male,25-34,97.871,Loan originated
1,885000.0,30%-<36%,1115000.0,391.0,1,Not Hispanic or Latino,White,Female,35-44,80.0,Loan originated
1,305000.0,44,2055000.0,413.0,1,Not Hispanic or Latino,White,Male,55-64,14.634,Loan originated
1,55000.0,43,685000.0,252.0,1,Not Hispanic or Latino,Asian,Male,35-44,7.35,Application denied
1,695000.0,41,865000.0,164.0,1,Not Hispanic or Latino,Asian,Male,45-54,80.0,Loan originated
1,715000.0,48,895000.0,143.0,1,Not Hispanic or Latino,White,Male,45-54,80.0,Loan originated
1,645000.0,49,805000.0,150.0,1,Not Hispanic or Latino,White,Male,25-34,80.0,Loan originated
1,775000.0,<20%,975000.0,750.0,1,Not Hispanic or Latino,Asian,Male,45-54,80.0,Loan originated
1,395000.0,42,405000.0,106.0,1,Not Hispanic or Latino,Asian,Male,35-44,100.0,Loan originated
1,665000.0,49,705000.0,138.0,1,Hispanic or Latino,White,Male,45-54,95.0,Loan originated
1,765000.0,47,4025000.0,336.0,1,Not Hispanic or Latino,Black or African American,Male,35-44,19.03,Loan originated
1,285000.0,30%-<36%,435000.0,90.0,1,Not Hispanic or Latino,White,Male,55-64,65.116,Loan originated
1,1005000.0,49,1505000.0,252.0,1,Not Hispanic or Latino,White,Male,45-54,67.0,Loan originated
1,605000.0,36,755000.0,157.0,1,Not Hispanic or Latino,White,Male,35-44,80.0,Loan originated
1,365000.0,30%-<36%,455000.0,124.0,1,Not Hispanic or Latino,White,Male,25-34,80.0,Loan originated
1,695000.0,48,765000.0,138.0,1,Hispanic or Latino,White,Male,35-44,90.918,Loan originated
1,585000.0,38,615000.0,136.0,1,Hispanic or Latino,White,Male,25-34,95.0,Loan originated
1,425000.0,44,495000.0,123.0,1,Not Hispanic or Latino,White,Female,55-64,85.0,Loan originated
1,355000.0,41,495000.0,84.0,1,Not Hispanic or Latino,Asian,Male,55-64,70.565,Loan originated
1,305000.0,<20%,505000.0,220.0,1,Not Hispanic or Latino,White,Female,45-54,60.0,Loan originated
1,385000.0,47,405000.0,97.0,1,Hispanic or Latino,White,Female,35-44,95.0,Loan originated
1,165000.0,40,365000.0,163.0,1,Not Hispanic or Latino,Asian,Female,55-64,44.44,Loan originated
1,255000.0,48,655000.0,89.0,1,Not Hispanic or Latino,White,Female,25-34,38.609,Loan originated
1,555000.0,45,1175000.0,261.0,1,Not Hispanic or Latino,Asian,Female,55-64,47.0,Loan originated
1,495000.0,20%-<30%,695000.0,304.0,1,Hispanic or Latino,White,Female,55-64,71.22,Loan originated
1,515000.0,20%-<30%,575000.0,391.0,1,Not Hispanic or Latino,White,Male,45-54,90.0,Loan originated
1,625000.0,39,1055000.0,179.0,1,Not Hispanic or Latino,White,Female,65-74,60.386,Loan originated
1,495000.0,46,745000.0,104.0,1,Not Hispanic or Latino,White,Male,55-64,67.0,Loan originated
1,265000.0,40,355000.0,114.0,1,Not Hispanic or Latino,White,Male,55-64,75.0,Loan originated
1,995000.0,41,1995000.0,290.0,1,Not Hispanic or Latino,White,Female,55-64,49.88,Loan originated
1,735000.0,41,915000.0,176.0,1,Not Hispanic or Latino,White,Male,25-34,80.0,Loan originated
1,805000.0,30%-<36%,1075000.0,244.0,1,Not Hispanic or Latino,White,Male,25-34,74.766,Loan originated
1,425000.0,43,605000.0,120.0,1,Not Hispanic or Latino,Asian,Male,35-44,69.517,Loan originated
1,1055000.0,<20%,2265000.0,0.0,1,Not Hispanic or Latino,Black or African American,Female,55-64,46.6,Application denied
1,235000.0,44,495000.0,107.0,1,Not Hispanic or Latino,White,Female,45-54,47.94,Loan originated
1,475000.0,30%-<36%,545000.0,157.0,1,Not Hispanic or Latino,Asian,Male,35-44,87.179,Loan originated
1,275000.0,49,455000.0,92.0,1,Not Hispanic or Latino,White,Female,25-34,61.111,Loan originated
1,665000.0,44,735000.0,143.0,1,Not Hispanic or Latino,White,Male,45-54,90.0,Loan originated
1,655000.0,38,675000.0,164.0,1,Hispanic or Latino,White,Male,25-34,97.0,Loan originated
1,565000.0,>60%,575000.0,64.0,1,Hispanic or Latino,White,Female,45-54,98.43,Application denied
1,575000.0,40,615000.0,160.0,1,Hispanic or Latino,White,Male,<25,95.0,Loan originated
1,1005000.0,43,1415000.0,251.0,1,Not Hispanic or Latino,White,Female,65-74,71.332,Loan originated
1,755000.0,>60%,1555000.0,120.0,1,Not Hispanic or Latino,Asian,Male,25-34,48.387,Application denied
1,325000.0,<20%,415000.0,0.0,1,Not Hispanic or Latino,Asian,Male,25-34,80.0,Application denied
1,225000.0,40,445000.0,63.0,1,Not Hispanic or Latino,Asian,Female,45-54,50.44,Loan originated
1,615000.0,39,765000.0,275.0,1,Hispanic or Latino,White,Female,55-64,80.0,Loan originated
1,645000.0,47,815000.0,156.0,1,Not Hispanic or Latino,White,Male,55-64,80.0,Loan originated
1,275000.0,45,285000.0,65.0,1,Not Hispanic or Latino,Black or African American,Male,35-44,100.0,Loan originated
1,515000.0,30%-<36%,695000.0,270.0,1,Not Hispanic or Latino,White,Female,35-44,74.96,Loan originated
1,1025000.0,>60%,3075000.0,111.0,1,Not Hispanic or Latino,White,Female,65-74,33.2,Application denied
1,505000.0,43,635000.0,133.0,1,Not Hispanic or Latino,White,Female,35-44,79.874,Loan originated
1,875000.0,49,1165000.0,232.0,1,Not Hispanic or Latino,White,Female,35-44,75.0,Loan originated
1,995000.0,48,1355000.0,200.0,1,Not Hispanic or Latino,Asian,Female,65-74,74.0,Loan originated
1,1075000.0,49,1575000.0,232.0,1,Not Hispanic or Latino,White,Female,45-54,69.0,Loan originated
1,695000.0,39,925000.0,211.0,1,Not Hispanic or Latino,White,Male,25-34,75.0,Loan originated
1,765000.0,44,985000.0,248.0,1,Not Hispanic or Latino,Asian,Female,25-34,78.16,Loan originated
1,885000.0,20%-<30%,1185000.0,282.0,1,Not Hispanic or Latino,Asian,Female,35-44,75.0,Loan originated
1,625000.0,30%-<36%,1105000.0,190.0,1,Not Hispanic or Latino,White,Female,35-44,56.433,Loan originated
1,425000.0,49,525000.0,125.0,1,Not Hispanic or Latino,White,Male,45-54,80.0,Loan originated
1,645000.0,44,855000.0,155.0,1,Not Hispanic or Latino,Asian,Female,25-34,75.0,Loan originated
1,725000.0,43,915000.0,199.0,1,Not Hispanic or Latino,White,Male,35-44,80.0,Loan originated
1,255000.0,20%-<30%,265000.0,96.0,1,Hispanic or Latino,American Indian or Alaska Native,Male,25-34,97.0,Loan originated
1,895000.0,47,1055000.0,261.0,1,Not Hispanic or Latino,Asian,Female,55-64,84.97,Loan originated
1,535000.0,46,665000.0,122.0,1,Hispanic or Latino,White,Male,55-64,80.0,Loan originated
1,355000.0,<20%,895000.0,1131.0,1,Not Hispanic or Latino,White,Male,45-54,38.889,Loan originated
1,385000.0,20%-<30%,735000.0,157.0,1,Not Hispanic or Latino,White,Male,55-64,52.055,Loan originated
1,425000.0,>60%,1305000.0,32.0,1,Hispanic or Latino,White,Female,65-74,32.692,Application denied
1,1045000.0,20%-<30%,1305000.0,545.0,1,Not Hispanic or Latino,White,Male,35-44,80.0,Loan originated
1,475000.0,39,545000.0,120.0,1,Not Hispanic or Latino,Asian,Female,25-34,86.447,Loan originated
1,675000.0,45,755000.0,251.0,1,Not Hispanic or Latino,Asian,Male,25-34,90.0,Loan originated
1,885000.0,48,1105000.0,170.0,1,Not Hispanic or Latino,Asian,Male,25-34,80.0,Loan originated
1,235000.0,39,825000.0,84.0,1,Not Hispanic or Latino,White,Female,55-64,28.902,Loan originated
1,515000.0,47,805000.0,120.0,1,Not Hispanic or Latino,White,Female,55-64,78.375,Loan originated
1,435000.0,47,455000.0,106.0,1,Hispanic or Latino,White,Male,25-34,95.0,Loan originated
1,415000.0,46,435000.0,92.0,1,Not Hispanic or Latino,Black or African American,Female,55-64,100.0,Loan originated
1,1105000.0,50%-60%,1655000.0,655.0,1,Not Hispanic or Latino,White,Male,25-34,66.667,Application denied
1,545000.0,43,605000.0,121.0,1,Hispanic or Latino,White,Female,25-34,90.0,Loan originated
1,325000.0,20%-<30%,695000.0,298.0,1,Not Hispanic or Latino,White,Male,25-34,47.0,Loan originated
1,325000.0,43,525000.0,99.0,1,Not Hispanic or Latino,White,Male,35-44,62.246,Loan originated
1,445000.0,40,475000.0,113.0,1,Not Hispanic or Latino,Asian,Male,25-34,95.0,Application denied
1,535000.0,49,815000.0,100.0,1,Not Hispanic or Latino,White,Female,25-34,65.751,Loan originated
1,405000.0,48,425000.0,83.0,1,Hispanic or Latino,White,Female,45-54,95.0,Loan originated
1,655000.0,41,775000.0,250.0,1,Not Hispanic or Latino,Asian,Male,45-54,85.0,Loan originated
1,1085000.0,47,1935000.0,260.0,1,Not Hispanic or Latino,Asian,Male,35-44,56.0,Loan originated
1,695000.0,39,875000.0,202.0,1,Not Hispanic or Latino,Asian,Male,35-44,80.0,Loan originated
1,645000.0,50%-60%,805000.0,111.0,1,Hispanic or Latino,White,Female,55-64,80.0,Application denied
1,355000.0,46,515000.0,178.0,1,Not Hispanic or Latino,White,Male,35-44,70.0,Application denied
1,635000.0,30%-<36%,675000.0,183.0,1,Not Hispanic or Latino,Asian,Female,25-34,95.0,Loan originated
1,705000.0,41,1135000.0,279.0,1,Not Hispanic or Latino,White,Male,65-74,61.538,Loan originated
1,435000.0,42,465000.0,194.0,1,Hispanic or Latino,White,Male,<25,95.0,Loan originated
1,565000.0,41,705000.0,202.0,1,Not Hispanic or Latino,White,Male,35-44,80.0,Loan originated
1,455000.0,45,485000.0,108.0,1,Not Hispanic or Latino,Asian,Male,45-54,95.0,Loan originated
1,435000.0,38,445000.0,140.0,1,Not Hispanic or Latino,White,Male,25-34,97.0,Loan originated
1,705000.0,41,1255000.0,161.0,1,Not Hispanic or Latino,Asian,Male,25-34,56.0,Loan originated
1,635000.0,30%-<36%,865000.0,234.0,1,Not Hispanic or Latino,Asian,Male,35-44,73.241,Loan originated
1,1005000.0,46,1255000.0,273.0,1,Not Hispanic or Latino,White,Female,65-74,80.0,Loan originated
1,685000.0,48,865000.0,163.0,1,Not Hispanic or Latino,White,Male,35-44,80.0,Loan originated
1,465000.0,50%-60%,765000.0,122.0,1,Hispanic or Latino,White,Male,55-64,60.784,Loan originated
1,475000.0,38,595000.0,139.0,1,Not Hispanic or Latino,White,Female,35-44,80.0,Loan originated
1,515000.0,30%-<36%,645000.0,181.0,1,Not Hispanic or Latino,White,Male,35-44,80.0,Loan originated
1,475000.0,37,595000.0,142.0,1,Not Hispanic or Latino,White,Male,25-34,80.0,Loan originated
1,95000.0,<20%,1095000.0,261.0,1,Hispanic or Latino,American Indian or Alaska Native,Male,35-44,9.008,Loan originated
1,405000.0,45,805000.0,127.0,1,Not Hispanic or Latino,White,Male,65-74,49.924,Loan originated
1,165000.0,44,785000.0,58.0,1,Not Hispanic or Latino,White,Female,25-34,20.331,Loan originated
1,435000.0,50%-60%,455000.0,80.0,1,Hispanic or Latino,White,Male,35-44,97.0,Loan originated
1,635000.0,30%-<36%,795000.0,195.0,1,Hispanic or Latino,White,Male,25-34,80.0,Loan originated
1,425000.0,38,435000.0,118.0,1,Hispanic or Latino,American Indian or Alaska Native,Female,55-64,96.99,Loan originated
1,585000.0,46,735000.0,119.0,1,Not Hispanic or Latino,White,Male,55-64,80.0,Loan originated
1,115000.0,37,115000.0,71.0,1,Not Hispanic or Latino,White,Female,25-34,92.5,Application denied
1,705000.0,>60%,1435000.0,155.0,1,Not Hispanic or Latino,Asian,Male,55-64,48.66,Application denied
1,175000.0,43,375000.0,56.0,1,Hispanic or Latino,White,Male,35-44,46.667,Loan originated
1,375000.0,42,1425000.0,114.0,1,Not Hispanic or Latino,Asian,Male,25-34,26.408,Loan originated
1,965000.0,43,1215000.0,263.0,1,Not Hispanic or Latino,White,Male,65-74,80.0,Loan originated
1,295000.0,46,315000.0,68.0,1,Hispanic or Latino,White,Male,25-34,95.0,Application denied
1,245000.0,>60%,275000.0,33.0,1,Hispanic or Latino,White,Female,<25,90.0,Application denied
1,485000.0,39,515000.0,140.0,1,Not Hispanic or Latino,Asian,Female,25-34,95.0,Loan originated
1,405000.0,46,655000.0,97.0,1,Not Hispanic or Latino,White,Male,35-44,61.656,Loan originated
1,95000.0,45,225000.0,62.0,1,Not Hispanic or Latino,White,Female,65-74,41.57,Loan originated
1,665000.0,20%-<30%,825000.0,699.0,1,Not Hispanic or Latino,White,Male,35-44,80.0,Application denied
1,605000.0,41,755000.0,142.0,1,Not Hispanic or Latino,Asian,Male,35-44,99.868,Loan originated
1,475000.0,30%-<36%,635000.0,130.0,1,Hispanic or Latino,White,Female,45-54,73.69,Loan originated
1,165000.0,40,185000.0,65.0,1,Not Hispanic or Latino,White,Male,25-34,90.0,Loan originated
1,775000.0,>60%,805000.0,100.0,1,Hispanic or Latino,White,Female,45-54,97.0,Loan originated
1,485000.0,48,605000.0,147.0,1,Not Hispanic or Latino,White,Female,35-44,80.0,Loan originated
1,755000.0,30%-<36%,2455000.0,459.0,1,Not Hispanic or Latino,Asian,Female,25-34,30.613,Loan originated
1,365000.0,36,565000.0,210.0,1,Not Hispanic or Latino,White,Female,65-74,64.587,Loan originated
1,265000.0,43,535000.0,80.0,1,Not Hispanic or Latino,White,Female,45-54,49.53,Loan originated
1,745000.0,46,935000.0,157.0,1,Not Hispanic or Latino,White,Male,25-34,80.0,Loan originated
1,475000.0,30%-<36%,635000.0,456.0,1,Not Hispanic or Latino,Asian,Male,25-34,75.0,Loan originated
1,275000.0,49,345000.0,64.0,1,Not Hispanic or Latino,Asian,Female,25-34,78.95,Loan originated
1,225000.0,42,545000.0,69.0,1,Not Hispanic or Latino,White,Female,65-74,41.216,Loan originated
1,845000.0,47,1345000.0,182.0,1,Not Hispanic or Latino,Asian,Male,35-44,62.687,Loan originated
1,1005000.0,30%-<36%,1345000.0,408.0,1,Not Hispanic or Latino,White,Male,45-54,74.944,Loan originated
1,415000.0,30%-<36%,815000.0,136.0,1,Not Hispanic or Latino,Asian,Female,35-44,50.62,Loan originated
1,585000.0,40,655000.0,233.0,1,Not Hispanic or Latino,White,Male,25-34,90.0,Loan originated
1,505000.0,46,605000.0,102.0,1,Not Hispanic or Latino,White,Male,25-34,83.333,Loan originated
1,465000.0,43,485000.0,117.0,1,Not Hispanic or Latino,Black or African American,Male,<25,99.51,Loan originated
1,655000.0,20%-<30%,905000.0,254.0,1,Not Hispanic or Latino,White,Female,35-44,72.222,Loan originated
1,1025000.0,49,1205000.0,208.0,1,Not Hispanic or Latino,Asian,Male,35-44,86.0,Loan originated
1,605000.0,43,1185000.0,171.0,1,Not Hispanic or Latino,Asian,Female,25-34,50.847,Loan originated
1,355000.0,37,455000.0,112.0,1,Not Hispanic or Latino,White,Male,25-34,79.0,Loan originated
1,505000.0,38,605000.0,139.0,1,Not Hispanic or Latino,White,Female,45-54,82.645,Loan originated
1,385000.0,47,405000.0,89.0,1,Hispanic or Latino,White,Male,35-44,97.0,Loan originated
1,445000.0,40,675000.0,184.0,1,Not Hispanic or Latino,Asian,Male,35-44,66.0,Loan originated
1,515000.0,30%-<36%,1045000.0,159.0,1,Not Hispanic or Latino,Asian,Male,25-34,48.618,Loan originated
1,255000.0,45,905000.0,78.0,1,Not Hispanic or Latino,Black or African American,Female,65-74,27.78,Loan originated
1,515000.0,48,645000.0,161.0,1,Not Hispanic or Latino,White,Female,>74,80.0,Loan originated
1,365000.0,30%-<36%,385000.0,121.0,1,Not Hispanic or Latino,White,Female,55-64,95.0,Loan originated
1,815000.0,20%-<30%,905000.0,330.0,1,Not Hispanic or Latino,White,Female,35-44,90.0,Loan originated
1,105000.0,48,105000.0,75.0,1,Not Hispanic or Latino,White,Male,35-44,100.31,Application denied
1,575000.0,20%-<30%,715000.0,455.0,1,Not Hispanic or Latino,White,Male,55-64,80.0,Loan originated
1,265000.0,>60%,305000.0,47.0,1,Not Hispanic or Latino,Asian,Female,55-64,86.67,Application denied
1,765000.0,41,1395000.0,219.0,1,Not Hispanic or Latino,White,Female,45-54,53.08,Loan originated
1,505000.0,49,625000.0,114.0,1,Not Hispanic or Latino,Asian,Male,25-34,80.0,Loan originated
1,1005000.0,43,1575000.0,258.0,1,Not Hispanic or Latino,Asian,Male,35-44,63.48,Loan originated
1,355000.0,49,855000.0,82.0,1,Not Hispanic or Latino,White,Female,55-64,41.52,Loan originated
1,425000.0,47,435000.0,95.0,1,Hispanic or Latino,White,Male,35-44,97.0,Loan originated
1,685000.0,49,785000.0,130.0,1,Hispanic or Latino,White,Male,45-54,86.752,Loan originated
1,595000.0,43,785000.0,224.0,1,Not Hispanic or Latino,Asian,Male,25-34,75.0,Loan originated
1,1075000.0,30%-<36%,1655000.0,300.0,1,Not Hispanic or Latino,Asian,Male,25-34,65.0,Application denied
1,245000.0,20%-<30%,325000.0,138.0,1,Hispanic or Latino,White,Male,25-34,80.0,Loan originated
1,655000.0,30%-<36%,2015000.0,351.0,1,Not Hispanic or Latino,White,Male,25-34,33.0,Loan originated
1,605000.0,30%-<36%,755000.0,210.0,1,Not Hispanic or Latino,White,Male,35-44,80.0,Loan originated
1,445000.0,49,695000.0,197.0,1,Not Hispanic or Latino,Asian,Male,35-44,63.309,Loan originated
1,855000.0,44,1145000.0,337.0,1,Not Hispanic or Latino,White,Female,55-64,74.561,Loan originated
1,525000.0,20%-<30%,585000.0,357.0,1,Hispanic or Latino,White,Male,35-44,89.9,Loan originated
1,795000.0,47,885000.0,191.0,1,Hispanic or Latino,White,Male,55-64,90.0,Application denied
1,205000.0,36,655000.0,70.0,1,Not Hispanic or Latino,White,Female,35-44,30.77,Loan originated
1,725000.0,45,765000.0,182.0,1,Hispanic or Latino,White,Male,45-54,95.0,Loan originated
1,615000.0,37,765000.0,166.0,1,Hispanic or Latino,Asian,Female,35-44,80.0,Loan originated
1,675000.0,30%-<36%,715000.0,202.0,1,Not Hispanic or Latino,Asian,Female,25-34,95.0,Loan originated
1,735000.0,30%-<36%,1035000.0,215.0,1,Not Hispanic or Latino,Asian,Female,45-54,71.0,Loan originated
1,555000.0,42,585000.0,151.0,1,Not Hispanic or Latino,White,Male,25-34,95.0,Loan originated
1,325000.0,39,335000.0,85.0,1,Hispanic or Latino,White,Male,25-34,97.0,Loan originated
1,995000.0,45,1245000.0,305.0,1,Not Hispanic or Latino,White,Male,45-54,80.0,Loan originated
1,1145000.0,44,1315000.0,343.0,1,Not Hispanic or Latino,Asian,Female,35-44,87.414,Loan originated
1,395000.0,41,685000.0,101.0,1,Hispanic or Latino,White,Male,35-44,57.96,Loan originated
1,675000.0,45,725000.0,185.0,1,Not Hispanic or Latino,White,Male,55-64,93.0,Loan originated
1,885000.0,20%-<30%,1105000.0,331.0,1,Not Hispanic or Latino,White,Male,45-54,80.0,Loan originated
1,1105000.0,30%-<36%,1935000.0,377.0,1,Not Hispanic or Latino,Asian,Male,35-44,56.78,Loan originated
1,495000.0,49,1385000.0,109.0,1,Not Hispanic or Latino,Asian,Female,55-64,35.888,Loan originated
1,555000.0,30%-<36%,1355000.0,352.0,1,Not Hispanic or Latino,Asian,Male,35-44,40.0,Loan originated
1,515000.0,39,535000.0,156.0,1,Not Hispanic or Latino,Black or African American,Male,35-44,97.0,Loan originated
1,745000.0,46,945000.0,184.0,1,Not Hispanic or Latino,Black or African American,Female,35-44,79.0,Loan originated
1,1135000.0,49,1515000.0,282.0,1,Not Hispanic or Latino,Asian,Male,35-44,75.0,Loan originated
1,725000.0,36,855000.0,220.0,1,Not Hispanic or Latino,Asian,Female,25-34,85.0,Loan originated
1,1185000.0,30%-<36%,1735000.0,653.0,1,Not Hispanic or Latino,White,Male,35-44,89.9,Loan originated
1,765000.0,49,985000.0,163.0,1,Not Hispanic or Latino,White,Female,55-64,78.0,Loan originated
1,405000.0,49,515000.0,78.0,1,Not Hispanic or Latino,Asian,Male,35-44,80.0,Loan originated
1,565000.0,41,665000.0,175.0,1,Not Hispanic or Latino,White,Male,55-64,85.0,Loan originated
1,825000.0,42,925000.0,205.0,1,Not Hispanic or Latino,White,Male,35-44,90.0,Loan originated
1,315000.0,44,335000.0,70.0,1,Not Hispanic or Latino,White,Female,<25,95.0,Loan originated
1,1135000.0,40,1415000.0,312.0,1,Not Hispanic or Latino,Asian,Female,25-34,80.0,Loan originated
1,355000.0,30%-<36%,655000.0,308.0,1,Not Hispanic or Latino,Asian,Male,35-44,55.0,Loan originated
1,515000.0,20%-<30%,815000.0,199.0,1,Not Hispanic or Latino,Asian,Male,25-34,62.96,Loan originated
1,505000.0,<20%,845000.0,919.0,1,Not Hispanic or Latino,White,Male,45-54,60.0,Loan originated
1,815000.0,41,1015000.0,216.0,1,Hispanic or Latino,White,Male,35-44,80.0,Loan originated
1,535000.0,42,625000.0,137.0,1,Not Hispanic or Latino,White,Male,25-34,84.96,Loan originated
1,315000.0,41,365000.0,78.0,1,Not Hispanic or Latino,White,Male,25-34,85.0,Loan originated
1,225000.0,37,505000.0,70.0,1,Not Hispanic or Latino,White,Female,55-64,70.16,Loan originated
1,705000.0,49,1305000.0,157.0,1,Hispanic or Latino,White,Male,25-34,53.92,Loan originated
1,305000.0,44,315000.0,66.0,1,Hispanic or Latino,White,Female,35-44,100.0,Loan originated
1,565000.0,30%-<36%,875000.0,205.0,1,Hispanic or Latino,White,Female,45-54,65.0,Loan originated
1,605000.0,50%-60%,765000.0,115.0,1,Hispanic or Latino,American Indian or Alaska Native,Male,35-44,79.0,Loan originated
1,735000.0,44,755000.0,170.0,1,Hispanic or Latino,White,Male,35-44,98.65,Loan originated
1,835000.0,20%-<30%,1335000.0,400.0,1,Not Hispanic or Latino,White,Female,25-34,62.56,Loan originated
1,285000.0,20%-<30%,355000.0,180.0,1,Not Hispanic or Latino,White,Male,25-34,80.0,Loan originated
1,505000.0,48,905000.0,149.0,1,Not Hispanic or Latino,Black or African American,Male,65-74,55.599,Loan originated
1,355000.0,41,755000.0,88.0,1,Not Hispanic or Latino,Asian,Male,35-44,47.02,Loan originated
1,405000.0,41,505000.0,94.0,1,Not Hispanic or Latino,White,Female,>74,80.0,Loan originated
1,765000.0,48,845000.0,173.0,1,Not Hispanic or Latino,Asian,Male,45-54,90.0,Loan originated
1,765000.0,44,995000.0,336.0,1,Not Hispanic or Latino,White,Female,55-64,77.3,Loan originated
1,355000.0,30%-<36%,405000.0,120.0,1,Not Hispanic or Latino,White,Male,25-34,87.805,Loan originated
1,365000.0,40,385000.0,120.0,1,Not Hispanic or Latino,White,Male,25-34,95.0,Loan originated
1,515000.0,39,645000.0,194.0,1,Not Hispanic or Latino,Asian,Male,25-34,80.0,Loan originated
1,275000.0,47,305000.0,68.0,1,Not Hispanic or Latino,Asian,Female,35-44,93.0,Loan originated
1,705000.0,49,785000.0,210.0,1,Not Hispanic or Latino,Asian,Male,25-34,90.0,Loan originated
1,915000.0,43,995000.0,210.0,1,Hispanic or Latino,White,Male,45-54,93.0,Loan originated
1,335000.0,20%-<30%,485000.0,143.0,1,Hispanic or Latino,White,Male,55-64,68.75,Loan originated
1,445000.0,48,565000.0,110.0,1,Not Hispanic or Latino,White,Male,45-54,80.0,Loan originated
1,625000.0,49,775000.0,121.0,1,Not Hispanic or Latino,White,Male,25-34,80.0,Loan originated
1,575000.0,30%-<36%,955000.0,205.0,1,Not Hispanic or Latino,White,Male,25-34,60.0,Loan originated
1,735000.0,36,915000.0,399.0,1,Not Hispanic or Latino,White,Male,25-34,89.99,Loan originated
1,525000.0,<20%,655000.0,564.0,1,Not Hispanic or Latino,White,Male,35-44,80.0,Loan originated
1,235000.0,30%-<36%,255000.0,104.0,1,Hispanic or Latino,White,Male,45-54,95.0,Loan originated
1,755000.0,41,1055000.0,413.0,1,Not Hispanic or Latino,White,Female,35-44,89.899,Loan originated
1,345000.0,36,595000.0,113.0,1,Not Hispanic or Latino,White,Female,>74,58.26,Loan originated
1,415000.0,20%-<30%,435000.0,156.0,1,Not Hispanic or Latino,White,Female,35-44,95.0,Loan originated
1,255000.0,30%-<36%,315000.0,130.0,1,Not Hispanic or Latino,White,Male,45-54,80.0,Loan originated
1,505000.0,48,635000.0,135.0,1,Not Hispanic or Latino,Asian,Female,25-34,80.0,Loan originated
1,515000.0,44,745000.0,111.0,1,Not Hispanic or Latino,Asian,Male,55-64,70.0,Loan originated
1,665000.0,41,725000.0,174.0,1,Not Hispanic or Latino,Asian,Female,25-34,92.0,Loan originated
1,965000.0,30%-<36%,1215000.0,272.0,1,Not Hispanic or Latino,Asian,Male,35-44,80.0,Loan originated
1,295000.0,20%-<30%,315000.0,100.0,1,Not Hispanic or Latino,White,Male,25-34,95.0,Loan originated
1,625000.0,44,775000.0,173.0,1,Not Hispanic or Latino,White,Female,25-34,80.0,Loan originated
1,765000.0,20%-<30%,2105000.0,1032.0,1,Not Hispanic or Latino,White,Male,25-34,36.476,Loan originated
1,355000.0,20%-<30%,445000.0,124.0,1,Not Hispanic or Latino,White,Male,25-34,80.0,Loan originated
1,345000.0,40,415000.0,82.0,1,Not Hispanic or Latino,White,Female,25-34,84.146,Loan originated
1,1035000.0,30%-<36%,1605000.0,279.0,1,Not Hispanic or Latino,Asian,Female,45-54,64.438,Loan originated
1,225000.0,49,325000.0,45.0,1,Not Hispanic or Latino,White,Male,45-54,68.923,Loan originated
1,645000.0,30%-<36%,805000.0,186.0,1,Not Hispanic or Latino,White,Male,35-44,80.0,Loan originated
1,755000.0,44,1055000.0,200.0,1,Not Hispanic or Latino,Asian,Male,55-64,71.467,Loan originated
1,425000.0,43,475000.0,118.0,1,Not Hispanic or Latino,Black or African American,Female,35-44,90.0,Loan originated
1,1015000.0,46,1275000.0,239.0,1,Not Hispanic or Latino,Asian,Male,35-44,80.0,Loan originated
1,745000.0,42,1345000.0,181.0,1,Not Hispanic or Latino,Asian,Male,35-44,56.0,Loan originated
1,285000.0,38,375000.0,73.0,1,Not Hispanic or Latino,White,Male,25-34,75.99,Loan originated
1,555000.0,42,655000.0,145.0,1,Hispanic or Latino,White,Male,25-34,85.0,Loan originated
1,755000.0,47,945000.0,175.0,1,Not Hispanic or Latino,Asian,Male,45-54,80.0,Loan originated
1,105000.0,41,295000.0,37.0,1,Hispanic or Latino,White,Female,25-34,36.61,Loan originated
1,355000.0,43,485000.0,89.0,1,Hispanic or Latino,Asian,Female,55-64,74.023,Loan originated
1,645000.0,38,805000.0,162.0,1,Not Hispanic or Latino,Asian,Male,25-34,80.0,Loan originated
1,405000.0,43,425000.0,119.0,1,Hispanic or Latino,White,Female,35-44,100.395,Loan originated
1,555000.0,30%-<36%,1495000.0,215.0,1,Not Hispanic or Latino,White,Female,55-64,36.91,Loan originated
1,585000.0,37,725000.0,301.0,1,Not Hispanic or Latino,Asian,Male,35-44,80.0,Loan originated
1,865000.0,47,1085000.0,200.0,1,Not Hispanic or Latino,White,Female,35-44,80.0,Loan originated
1,875000.0,48,975000.0,192.0,1,Not Hispanic or Latino,Asian,Male,45-54,90.0,Loan originated
1,205000.0,47,215000.0,56.0,1,Not Hispanic or Latino,White,Female,25-34,97.0,Loan originated
1,55000.0,20%-<30%,65000.0,112.0,1,Hispanic or Latino,White,Male,55-64,85.0,Loan originated
1,155000.0,20%-<30%,525000.0,96.0,1,Not Hispanic or Latino,Asian,Female,25-34,28.91,Loan originated
1,315000.0,49,465000.0,56.0,1,Hispanic or Latino,White,Female,25-34,68.096,Loan originated
1,215000.0,39,235000.0,60.0,1,Not Hispanic or Latino,White,Female,45-54,97.0,Application denied
1,35000.0,30%-<36%,135000.0,53.0,1,Not Hispanic or Latino,White,Female,55-64,26.47,Loan originated
1,105000.0,20%-<30%,725000.0,118.0,1,Hispanic or Latino,White,Male,25-34,13.794,Loan originated
1,815000.0,30%-<36%,1165000.0,271.0,1,Hispanic or Latino,White,Male,35-44,69.957,Loan originated
1,595000.0,48,745000.0,142.0,1,Not Hispanic or Latino,Asian,Male,35-44,100.0,Loan originated
1,495000.0,20%-<30%,825000.0,521.0,1,Not Hispanic or Latino,Asian,Male,25-34,60.0,Loan originated
1,655000.0,50%-60%,1055000.0,134.0,1,Not Hispanic or Latino,Asian,Female,35-44,61.91,Application denied
1,105000.0,44,335000.0,43.0,1,Not Hispanic or Latino,White,Male,>74,30.0,Loan originated
1,345000.0,48,435000.0,68.0,1,Not Hispanic or Latino,White,Male,25-34,80.0,Loan originated
1,485000.0,46,655000.0,115.0,1,Not Hispanic or Latino,Asian,Female,25-34,75.0,Application denied
1,325000.0,49,405000.0,68.0,1,Not Hispanic or Latino,White,Male,<25,83.0,Loan originated
1,375000.0,30%-<36%,465000.0,140.0,1,Not Hispanic or Latino,White,Male,25-34,80.0,Loan originated
1,695000.0,36,945000.0,184.0,1,Not Hispanic or Latino,White,Female,35-44,73.41,Loan originated
1,495000.0,39,625000.0,131.0,1,Not Hispanic or Latino,White,Male,65-74,79.839,Loan originated
1,765000.0,30%-<36%,955000.0,268.0,1,Not Hispanic or Latino,Black or African American,Female,45-54,80.0,Loan originated
1,125000.0,30%-<36%,165000.0,57.0,1,Hispanic or Latino,White,Female,<25,75.0,Loan originated
1,365000.0,44,375000.0,90.0,1,Hispanic or Latino,White,Male,25-34,100.0,Loan originated
1,305000.0,44,415000.0,85.0,1,Not Hispanic or Latino,White,Female,55-64,73.614,Loan originated
1,1085000.0,30%-<36%,1505000.0,442.0,1,Not Hispanic or Latino,Asian,Male,35-44,93.0,Loan originated
1,625000.0,41,755000.0,170.0,1,Not Hispanic or Latino,Asian,Male,35-44,83.118,Loan originated
1,645000.0,42,675000.0,157.0,1,Not Hispanic or Latino,White,Female,35-44,97.0,Loan originated
1,255000.0,48,615000.0,78.0,1,Not Hispanic or Latino,White,Female,55-64,40.65,Loan originated
1,515000.0,39,855000.0,144.0,1,Not Hispanic or Latino,Asian,Male,35-44,59.719,Loan originated
1,455000.0,30%-<36%,575000.0,145.0,1,Not Hispanic or Latino,Asian,Female,35-44,80.0,Loan originated
1,665000.0,43,825000.0,147.0,1,Hispanic or Latino,White,Female,25-34,80.0,Loan originated
1,635000.0,45,705000.0,172.0,1,Hispanic or Latino,White,Female,25-34,90.0,Loan originated
1,405000.0,49,805000.0,87.0,1,Not Hispanic or Latino,Asian,Female,45-54,51.0,Loan originated
1,625000.0,36,645000.0,197.0,1,Not Hispanic or Latino,White,Male,<25,97.0,Loan originated
1,965000.0,41,1215000.0,245.0,1,Not Hispanic or Latino,White,Male,25-34,80.0,Loan originated
1,575000.0,<20%,725000.0,351.0,1,Not Hispanic or Latino,Asian,Male,25-34,80.0,Loan originated
1,455000.0,42,505000.0,158.0,1,Not Hispanic or Latino,Black or African American,Female,45-54,90.0,Application denied
1,335000.0,30%-<36%,455000.0,98.0,1,Not Hispanic or Latino,White,Female,35-44,74.0,Loan originated
1,365000.0,39,455000.0,102.0,1,Not Hispanic or Latino,White,Female,55-64,80.0,Loan originated
1,155000.0,20%-<30%,385000.0,96.0,1,Hispanic or Latino,White,Female,65-74,39.47,Loan originated
1,925000.0,40,1025000.0,257.0,1,Not Hispanic or Latino,White,Male,35-44,90.0,Loan originated
1,785000.0,48,995000.0,175.0,1,Not Hispanic or Latino,White,Male,<25,80.0,Loan originated
1,1085000.0,41,1365000.0,262.0,1,Not Hispanic or Latino,White,Female,45-54,80.0,Loan originated
1,265000.0,45,275000.0,67.0,1,Hispanic or Latino,White,Male,25-34,100.0,Loan originated
1,535000.0,43,565000.0,143.0,1,Not Hispanic or Latino,White,Female,55-64,95.0,Loan originated
1,525000.0,44,655000.0,150.0,1,Not Hispanic or Latino,Asian,Male,35-44,80.0,Loan originated
1,345000.0,37,435000.0,117.0,1,Not Hispanic or Latino,White,Male,45-54,80.0,Loan originated
1,745000.0,20%-<30%,935000.0,325.0,1,Not Hispanic or Latino,White,Male,25-34,80.0,Loan originated
1,465000.0,43,615000.0,250.0,1,Not Hispanic or Latino,White,Male,45-54,75.0,Loan originated
1,655000.0,47,1565000.0,157.0,1,Not Hispanic or Latino,White,Female,25-34,41.57,Loan originated
1,675000.0,45,715000.0,199.0,1,Hispanic or Latino,White,Male,25-34,95.0,Loan originated
1,995000.0,49,1535000.0,239.0,1,Not Hispanic or Latino,Asian,Male,35-44,64.967,Loan originated
1,755000.0,48,815000.0,168.0,1,Hispanic or Latino,White,Female,45-54,93.11,Loan originated
1,765000.0,49,815000.0,150.0,1,Hispanic or Latino,White,Male,35-44,94.0,Loan originated
1,1005000.0,<20%,1365000.0,67.0,1,Not Hispanic or Latino,Asian,Female,25-34,73.53,Loan originated
1,435000.0,30%-<36%,585000.0,116.0,1,Not Hispanic or Latino,White,Female,45-54,75.0,Loan originated
1,625000.0,30%-<36%,785000.0,296.0,1,Hispanic or Latino,White,Male,45-54,80.0,Loan originated
1,545000.0,38,1105000.0,212.0,1,Hispanic or Latino,White,Male,35-44,49.545,Loan originated
1,745000.0,49,785000.0,147.0,1,Hispanic or Latino,White,Male,25-34,95.0,Loan originated
1,415000.0,49,515000.0,285.0,1,Not Hispanic or Latino,White,Male,<25,80.0,Loan originated
1,385000.0,47,515000.0,107.0,1,Not Hispanic or Latino,White,Female,45-54,73.79,Loan originated
1,325000.0,30%-<36%,545000.0,136.0,1,Not Hispanic or Latino,White,Male,35-44,59.633,Loan originated
1,815000.0,30%-<36%,1025000.0,295.0,1,Not Hispanic or Latino,White,Male,35-44,80.0,Loan originated
1,565000.0,30%-<36%,665000.0,208.0,1,Hispanic or Latino,White,Male,35-44,85.0,Loan originated
1,325000.0,20%-<30%,345000.0,123.0,1,Not Hispanic or Latino,White,Male,25-34,95.0,Loan originated
1,135000.0,20%-<30%,175000.0,68.0,1,Not Hispanic or Latino,White,Female,65-74,80.0,Loan originated
1,495000.0,36,525000.0,152.0,1,Not Hispanic or Latino,White,Female,45-54,95.0,Loan originated
1,395000.0,20%-<30%,495000.0,155.0,1,Not Hispanic or Latino,Asian,Male,35-44,80.0,Loan originated
1,335000.0,50%-60%,355000.0,107.0,1,Hispanic or Latino,White,Female,45-54,95.0,Application denied
1,765000.0,37,1075000.0,192.0,1,Not Hispanic or Latino,Asian,Male,35-44,71.123,Loan originated
1,685000.0,38,855000.0,183.0,1,Not Hispanic or Latino,Asian,Male,25-34,80.0,Loan originated
1,325000.0,49,415000.0,75.0,1,Hispanic or Latino,White,Female,35-44,78.0854,Loan originated
1,425000.0,30%-<36%,525000.0,130.0,1,Not Hispanic or Latino,Asian,Female,35-44,80.0,Loan originated
1,115000.0,48,275000.0,80.0,1,Not Hispanic or Latino,White,Female,55-64,44.0,Loan originated
1,365000.0,49,435000.0,82.0,1,Hispanic or Latino,White,Female,25-34,85.0,Loan originated
1,635000.0,38,795000.0,207.0,1,Not Hispanic or Latino,Black or African American,Female,65-74,80.0,Loan originated
1,605000.0,49,865000.0,200.0,1,Not Hispanic or Latino,Asian,Male,35-44,69.36,Loan originated
1,565000.0,46,595000.0,199.0,1,Not Hispanic or Latino,White,Female,55-64,95.0,Loan originated
1,765000.0,36,1025000.0,220.0,1,Not Hispanic or Latino,Asian,Female,45-54,75.0,Loan originated
1,545000.0,49,605000.0,146.0,1,Not Hispanic or Latino,White,Female,35-44,90.0,Loan originated
1,405000.0,46,515000.0,86.0,1,Not Hispanic or Latino,White,Male,25-34,80.0,Loan originated
1,405000.0,30%-<36%,925000.0,184.0,1,Not Hispanic or Latino,Asian,Female,65-74,43.84,Loan originated
1,355000.0,36,445000.0,158.0,1,Not Hispanic or Latino,White,Male,35-44,80.0,Loan originated
1,835000.0,48,1045000.0,182.0,1,Not Hispanic or Latino,White,Male,45-54,80.0,Loan originated
1,705000.0,49,745000.0,136.0,1,Hispanic or Latino,White,Male,45-54,95.0,Loan originated
1,435000.0,49,465000.0,126.0,1,Hispanic or Latino,White,Female,35-44,95.0,Loan originated
1,525000.0,49,655000.0,177.0,1,Not Hispanic or Latino,Asian,Male,55-64,91.435,Loan originated
1,155000.0,>60%,755000.0,84.0,1,Not Hispanic or Latino,White,Male,25-34,20.0,Application denied
1,765000.0,40,1095000.0,170.0,1,Not Hispanic or Latino,Asian,Female,35-44,69.706,Loan originated
1,505000.0,36,555000.0,204.0,1,Not Hispanic or Latino,White,Male,35-44,91.532,Loan originated
1,465000.0,46,585000.0,314.0,1,Hispanic or Latino,White,Female,55-64,80.0,Loan originated
1,225000.0,47,845000.0,124.0,1,Not Hispanic or Latino,White,Female,65-74,27.111,Loan originated
1,1085000.0,50%-60%,1545000.0,184.0,1,Not Hispanic or Latino,White,Male,25-34,70.0,Application denied
1,485000.0,49,655000.0,123.0,1,Not Hispanic or Latino,White,Female,25-34,73.846,Loan originated
1,545000.0,39,675000.0,265.0,1,Hispanic or Latino,White,Female,65-74,80.0,Loan originated
1,805000.0,20%-<30%,1355000.0,330.0,1,Not Hispanic or Latino,White,Female,35-44,59.74,Loan originated
1,345000.0,20%-<30%,585000.0,148.0,1,Not Hispanic or Latino,White,Male,>74,59.0,Loan originated
1,485000.0,30%-<36%,735000.0,146.0,1,Not Hispanic or Latino,Asian,Female,35-44,65.8,Loan originated
1,705000.0,47,875000.0,191.0,1,Not Hispanic or Latino,Asian,Male,25-34,80.0,Loan originated
1,355000.0,44,675000.0,110.0,1,Not Hispanic or Latino,White,Female,35-44,52.59,Loan originated
1,455000.0,37,575000.0,117.0,1,Not Hispanic or Latino,Asian,Female,25-34,80.0,Loan originated
1,615000.0,48,695000.0,160.0,1,Not Hispanic or Latino,Black or African American,Female,65-74,87.77,Loan originated
1,525000.0,50%-60%,555000.0,137.0,1,Not Hispanic or Latino,White,Female,25-34,95.0,Loan originated
1,615000.0,46,875000.0,225.0,1,Not Hispanic or Latino,White,Female,55-64,70.0,Loan originated
1,95000.0,49,665000.0,37.0,1,Not Hispanic or Latino,Asian,Male,65-74,13.54,Loan originated
1,895000.0,30%-<36%,995000.0,313.0,1,Not Hispanic or Latino,Asian,Female,45-54,90.0,Loan originated
1,135000.0,48,395000.0,50.0,1,Not Hispanic or Latino,White,Female,55-64,34.336,Loan originated
1,535000.0,47,575000.0,155.0,1,Hispanic or Latino,White,Male,35-44,93.86,Loan originated
1,525000.0,49,705000.0,109.0,1,Not Hispanic or Latino,White,Male,35-44,75.0,Loan originated
1,245000.0,49,255000.0,53.0,1,Not Hispanic or Latino,White,Male,<25,95.0,Loan originated
1,445000.0,20%-<30%,595000.0,348.0,1,Not Hispanic or Latino,White,Female,25-34,75.0,Loan originated
1,715000.0,45,895000.0,161.0,1,Not Hispanic or Latino,Asian,Male,35-44,80.0,Loan originated
1,385000.0,44,445000.0,139.0,1,Not Hispanic or Latino,Asian,Male,25-34,85.0,Loan originated
1,735000.0,46,955000.0,154.0,1,Not Hispanic or Latino,White,Male,25-34,80.0,Loan originated
1,295000.0,38,325000.0,94.0,1,Not Hispanic or Latino,White,Female,35-44,89.9,Loan originated
1,555000.0,50%-60%,615000.0,130.0,1,Not Hispanic or Latino,Asian,Female,25-34,90.0,Loan originated
1,165000.0,42,335000.0,51.0,1,Not Hispanic or Latino,White,Male,25-34,47.198,Loan originated
1,695000.0,50%-60%,865000.0,152.0,1,Not Hispanic or Latino,White,Male,55-64,80.0,Loan originated
1,335000.0,41,485000.0,131.0,1,Not Hispanic or Latino,Black or African American,Female,55-64,70.0,Application denied
1,755000.0,20%-<30%,845000.0,250.0,1,Not Hispanic or Latino,Asian,Male,35-44,90.0,Loan originated
1,355000.0,49,365000.0,77.0,1,Hispanic or Latino,2 or more minority races,Male,35-44,97.0,Loan originated
1,575000.0,44,605000.0,242.0,1,Hispanic or Latino,White,Male,35-44,95.0,Loan originated
1,215000.0,46,445000.0,78.0,1,Not Hispanic or Latino,White,Female,35-44,49.32,Loan originated
1,415000.0,41,465000.0,149.0,1,Not Hispanic or Latino,Asian,Male,35-44,89.50959,Loan originated
1,415000.0,20%-<30%,695000.0,200.0,1,Not Hispanic or Latino,Asian,Female,55-64,60.0,Loan originated
1,385000.0,20%-<30%,635000.0,180.0,1,Not Hispanic or Latino,Asian,Male,55-64,61.659,Loan originated
1,495000.0,47,495000.0,155.0,1,Not Hispanic or Latino,Black or African American,Male,25-34,100.0,Application denied
1,575000.0,45,615000.0,146.0,1,Hispanic or Latino,White,Male,25-34,95.0,Loan originated
1,355000.0,>60%,455000.0,85.0,1,Not Hispanic or Latino,White,Female,65-74,77.78,Application denied
1,415000.0,37,435000.0,112.0,1,Not Hispanic or Latino,White,Female,55-64,95.0,Loan originated
1,195000.0,49,205000.0,40.0,1,Hispanic or Latino,White,Female,25-34,95.0,Loan originated
1,685000.0,45,715000.0,300.0,1,Not Hispanic or Latino,White,Female,55-64,97.0,Loan originated
1,115000.0,41,125000.0,59.0,1,Not Hispanic or Latino,White,Male,>74,95.0,Loan originated
1,605000.0,43,705000.0,230.0,1,Not Hispanic or Latino,Asian,Female,55-64,85.715,Loan originated
1,305000.0,<20%,655000.0,250.0,1,Not Hispanic or Latino,Asian,Female,25-34,46.154,Application denied
1,485000.0,45,545000.0,148.0,1,Not Hispanic or Latino,White,Male,25-34,90.0,Loan originated
1,485000.0,>60%,605000.0,48.0,1,Hispanic or Latino,White,Female,55-64,80.0,Application denied
1,405000.0,49,855000.0,127.0,1,Not Hispanic or Latino,Asian,Female,25-34,64.706,Application denied
1,645000.0,44,765000.0,153.0,1,Not Hispanic or Latino,White,Female,35-44,83.66,Loan originated
1,345000.0,20%-<30%,345000.0,177.0,1,Hispanic or Latino,White,Female,45-54,99.641,Application denied
1,735000.0,44,835000.0,159.0,1,Hispanic or Latino,American Indian or Alaska Native,Male,25-34,88.024,Loan originated
1,955000.0,49,1065000.0,181.0,1,Hispanic or Latino,White,Female,25-34,89.812,Loan originated
1,185000.0,20%-<30%,525000.0,97.0,1,Not Hispanic or Latino,White,Female,>74,34.898,Loan originated
1,345000.0,49,455000.0,62.0,1,Not Hispanic or Latino,Asian,Female,<25,75.0,Loan originated
1,675000.0,43,755000.0,150.0,1,Not Hispanic or Latino,Asian,Male,45-54,89.99,Loan originated
1,245000.0,42,445000.0,122.0,1,Not Hispanic or Latino,Asian,Male,35-44,56.477,Loan originated
1,555000.0,41,695000.0,148.0,1,Not Hispanic or Latino,White,Male,35-44,80.0,Loan originated
1,755000.0,30%-<36%,1175000.0,232.0,1,Not Hispanic or Latino,White,Male,35-44,64.256,Loan originated
1,345000.0,20%-<30%,425000.0,155.0,1,Hispanic or Latino,White,Female,45-54,80.0,Loan originated
1,345000.0,38,445000.0,79.0,1,Not Hispanic or Latino,White,Female,35-44,78.369,Loan originated
1,305000.0,30%-<36%,465000.0,120.0,1,Not Hispanic or Latino,White,Female,45-54,56.52,Application denied
1,355000.0,20%-<30%,1055000.0,327.0,1,Not Hispanic or Latino,White,Female,>74,33.333,Loan originated
1,655000.0,47,735000.0,175.0,1,Not Hispanic or Latino,White,Female,45-54,90.0,Loan originated
1,1065000.0,50%-60%,1185000.0,210.0,1,Not Hispanic or Latino,Asian,Male,35-44,90.0,Application denied
1,915000.0,48,1315000.0,235.0,1,Not Hispanic or Latino,White,Female,45-54,69.489,Loan originated
1,655000.0,30%-<36%,935000.0,207.0,1,Not Hispanic or Latino,Asian,Male,45-54,70.0,Loan originated
1,355000.0,45,405000.0,74.0,1,Hispanic or Latino,White,Female,25-34,86.574,Loan originated
1,575000.0,42,1175000.0,224.0,1,Hispanic or Latino,Asian,Male,45-54,49.0,Loan originated
1,535000.0,49,565000.0,135.0,1,Not Hispanic or Latino,American Indian or Alaska Native,Female,65-74,95.0,Loan originated
1,295000.0,40,875000.0,218.0,1,Not Hispanic or Latino,Asian,Male,35-44,33.22,Loan originated
1,935000.0,47,1105000.0,277.0,1,Not Hispanic or Latino,White,Male,35-44,85.0,Loan originated
1,625000.0,43,995000.0,159.0,1,Not Hispanic or Latino,White,Female,65-74,62.0,Loan originated
1,245000.0,20%-<30%,335000.0,95.0,1,Not Hispanic or Latino,White,Female,35-44,74.0,Loan originated
1,565000.0,43,825000.0,143.0,1,Not Hispanic or Latino,White,Male,35-44,69.233,Loan originated
1,765000.0,37,955000.0,221.0,1,Not Hispanic or Latino,Asian,Female,25-34,80.0,Loan originated
1,335000.0,30%-<36%,735000.0,107.0,1,Not Hispanic or Latino,White,Male,35-44,45.57,Loan originated
1,725000.0,44,815000.0,233.0,1,Hispanic or Latino,White,Female,45-54,89.0,Loan originated
1,335000.0,49,485000.0,81.0,1,Not Hispanic or Latino,White,Female,>74,68.75,Loan originated
1,395000.0,45,475000.0,150.0,1,Not Hispanic or Latino,Asian,Female,45-54,85.0,Loan originated
1,645000.0,48,815000.0,159.0,1,Not Hispanic or Latino,White,Male,35-44,78.65,Loan originated
1,445000.0,50%-60%,555000.0,100.0,1,Not Hispanic or Latino,White,Female,45-54,80.0,Loan originated
1,555000.0,47,575000.0,111.0,1,Not Hispanic or Latino,Asian,Male,45-54,95.0,Loan originated
1,615000.0,48,775000.0,480.0,1,Not Hispanic or Latino,Asian,Male,35-44,80.0,Application denied
1,345000.0,20%-<30%,525000.0,130.0,1,Not Hispanic or Latino,White,Male,45-54,65.0,Loan originated
1,525000.0,44,795000.0,191.0,1,Not Hispanic or Latino,White,Male,65-74,66.038,Loan originated
1,15000.0,38,515000.0,126.0,1,Not Hispanic or Latino,Asian,Male,35-44,100.0,Loan originated
1,355000.0,30%-<36%,625000.0,144.0,1,Not Hispanic or Latino,Asian,Female,35-44,56.76,Loan originated
1,305000.0,37,415000.0,96.0,1,Not Hispanic or Latino,White,Female,45-54,73.17,Loan originated
1,345000.0,37,525000.0,111.0,1,Not Hispanic or Latino,White,Female,25-34,66.0,Loan originated
1,585000.0,49,655000.0,126.0,1,Hispanic or Latino,White,Female,45-54,89.99,Loan originated
1,365000.0,46,695000.0,120.0,1,Not Hispanic or Latino,Asian,Female,55-64,51.942,Loan originated
1,575000.0,38,615000.0,203.0,1,Not Hispanic or Latino,Black or African American,Female,25-34,98.0,Loan originated
1,665000.0,20%-<30%,685000.0,315.0,1,Not Hispanic or Latino,White,Male,45-54,97.0,Loan originated
1,285000.0,49,355000.0,64.0,1,Not Hispanic or Latino,White,Female,55-64,80.0,Loan originated
1,345000.0,39,425000.0,101.0,1,Not Hispanic or Latino,White,Male,45-54,80.0,Loan originated
1,355000.0,44,805000.0,98.0,1,Not Hispanic or Latino,Asian,Male,45-54,43.479,Loan originated
1,185000.0,41,485000.0,64.0,1,Not Hispanic or Latino,White,Female,35-44,62.168,Loan originated
1,215000.0,36,225000.0,82.0,1,Not Hispanic or Latino,White,Female,25-34,97.0,Loan originated
1,745000.0,43,825000.0,181.0,1,Not Hispanic or Latino,Asian,Male,35-44,90.0,Loan originated
1,395000.0,45,495000.0,91.0,1,Hispanic or Latino,White,Female,25-34,80.0,Loan originated
1,415000.0,20%-<30%,525000.0,161.0,1,Not Hispanic or Latino,Asian,Female,55-64,80.0,Loan originated
1,215000.0,20%-<30%,265000.0,76.0,1,Not Hispanic or Latino,White,Male,25-34,80.0,Loan originated
1,655000.0,46,1535000.0,188.0,1,Not Hispanic or Latino,Asian,Female,35-44,42.345,Loan originated
1,585000.0,>60%,615000.0,68.0,1,Not Hispanic or Latino,Asian,Female,25-34,95.0,Application denied
1,465000.0,37,665000.0,135.0,1,Not Hispanic or Latino,Asian,Male,25-34,70.0,Loan originated
1,465000.0,49,565000.0,97.0,1,Not Hispanic or Latino,White,Female,45-54,83.48,Loan originated
1,805000.0,47,985000.0,175.0,1,Hispanic or Latino,White,Male,45-54,81.218,Application denied
1,205000.0,43,245000.0,62.0,1,Hispanic or Latino,White,Male,45-54,85.0,Loan originated
1,595000.0,30%-<36%,625000.0,205.0,1,Not Hispanic or Latino,White,Male,25-34,95.0,Loan originated
1,255000.0,37,425000.0,83.0,1,Not Hispanic or Latino,White,Male,65-74,58.824,Loan originated
1,275000.0,30%-<36%,375000.0,90.0,1,Hispanic or Latino,White,Male,55-64,73.11,Loan originated
1,695000.0,45,865000.0,185.0,1,Not Hispanic or Latino,Asian,Male,45-54,79.99,Loan originated
1,225000.0,37,325000.0,63.0,1,Hispanic or Latino,White,Male,45-54,70.0,Loan originated
1,505000.0,20%-<30%,675000.0,204.0,1,Not Hispanic or Latino,White,Male,<25,75.0,Loan originated
1,565000.0,38,715000.0,130.0,1,Not Hispanic or Latino,Asian,Female,25-34,80.0,Loan originated
1,505000.0,>60%,875000.0,53.0,1,Not Hispanic or Latino,Asian,Male,45-54,57.14,Application denied
1,655000.0,48,1155000.0,130.0,1,Not Hispanic or Latino,Asian,Male,25-34,56.52,Loan originated
1,485000.0,46,605000.0,113.0,1,Hispanic or Latino,White,Female,35-44,80.0,Application denied
1,165000.0,45,175000.0,127.0,1,Not Hispanic or Latino,White,Male,45-54,95.0,Loan originated
1,665000.0,<20%,735000.0,1282.0,1,Not Hispanic or Latino,White,Male,55-64,90.0,Loan originated
1,435000.0,49,535000.0,86.0,1,Not Hispanic or Latino,White,Female,35-44,103.009,Loan originated
1,245000.0,30%-<36%,935000.0,113.0,1,Not Hispanic or Latino,White,Female,35-44,26.355,Loan originated
1,675000.0,42,1425000.0,181.0,1,Not Hispanic or Latino,Asian,Male,25-34,47.34,Loan originated
1,685000.0,49,725000.0,222.0,1,Hispanic or Latino,White,Male,35-44,95.0,Loan originated
1,475000.0,42,505000.0,111.0,1,Hispanic or Latino,White,Male,45-54,95.0,Loan originated
1,765000.0,<20%,1105000.0,1354.0,1,Not Hispanic or Latino,Asian,Male,35-44,69.687,Loan originated
1,395000.0,47,535000.0,108.0,1,Hispanic or Latino,White,Female,35-44,75.0,Loan originated
1,645000.0,49,675000.0,150.0,1,Hispanic or Latino,White,Male,45-54,95.0,Loan originated
1,1005000.0,40,1345000.0,219.0,1,Not Hispanic or Latino,White,Male,35-44,75.0,Loan originated
1,505000.0,46,675000.0,138.0,1,Not Hispanic or Latino,White,Female,55-64,73.855,Loan originated
1,455000.0,44,565000.0,187.0,1,Hispanic or Latino,White,Female,45-54,80.0,Loan originated
1,185000.0,36,205000.0,65.0,1,Hispanic or Latino,White,Male,<25,90.0,Loan originated
1,385000.0,49,405000.0,92.0,1,Not Hispanic or Latino,White,Female,45-54,99.0,Loan originated
1,155000.0,20%-<30%,415000.0,94.0,1,Not Hispanic or Latino,White,Female,55-64,37.0,Loan originated
1,405000.0,48,485000.0,82.0,1,Not Hispanic or Latino,White,Female,<25,85.0,Loan originated
1,535000.0,49,685000.0,136.0,1,Not Hispanic or Latino,White,Female,55-64,77.358,Loan originated
1,685000.0,42,775000.0,187.0,1,Not Hispanic or Latino,Asian,Male,25-34,87.871,Loan originated
1,435000.0,30%-<36%,735000.0,174.0,1,Not Hispanic or Latino,Asian,Male,35-44,58.905,Loan originated
1,695000.0,48,685000.0,214.0,1,Not Hispanic or Latino,Black or African American,Female,35-44,101.75,Loan originated
1,385000.0,37,405000.0,109.0,1,Hispanic or Latino,White,Female,25-34,100.0,Loan originated
1,1055000.0,30%-<36%,1505000.0,310.0,1,Not Hispanic or Latino,Asian,Male,35-44,70.0,Loan originated
1,725000.0,45,905000.0,517.0,1,Hispanic or Latino,White,Female,55-64,80.0,Loan originated
1,765000.0,49,1565000.0,185.0,1,Not Hispanic or Latino,Asian,Male,55-64,49.056,Loan originated
1,545000.0,48,635000.0,100.0,1,Hispanic or Latino,White,Male,25-34,85.937,Loan originated
1,595000.0,30%-<36%,665000.0,203.0,1,Not Hispanic or Latino,White,Male,35-44,90.0,Loan originated
1,355000.0,37,375000.0,105.0,1,Hispanic or Latino,White,Male,35-44,95.0,Loan originated
1,745000.0,30%-<36%,825000.0,314.0,1,Not Hispanic or Latino,White,Male,55-64,90.0,Loan originated
1,515000.0,<20%,645000.0,368.0,1,Not Hispanic or Latino,Asian,Male,45-54,80.0,Loan originated
1,375000.0,49,525000.0,78.0,1,Not Hispanic or Latino,Asian,Male,65-74,72.0,Loan originated
1,355000.0,41,375000.0,210.0,1,Hispanic or Latino,White,Female,55-64,94.0,Loan originated
1,435000.0,49,605000.0,99.0,1,Not Hispanic or Latino,Asian,Male,45-54,79.6,Application denied
1,285000.0,20%-<30%,355000.0,117.0,1,Hispanic or Latino,White,Female,35-44,80.0,Loan originated
1,465000.0,48,785000.0,110.0,1,Not Hispanic or Latino,Asian,Female,45-54,59.01,Loan originated
1,575000.0,50%-60%,615000.0,159.0,1,Hispanic or Latino,White,Male,<25,95.0,Application denied
1,615000.0,30%-<36%,655000.0,158.0,1,Hispanic or Latino,White,Male,<25,95.0,Loan originated
1,195000.0,48,245000.0,82.0,1,Not Hispanic or Latino,White,Female,55-64,80.0,Loan originated
1,365000.0,49,415000.0,69.0,1,Hispanic or Latino,White,Female,35-44,87.805,Loan originated
1,175000.0,<20%,195000.0,134.0,1,Not Hispanic or Latino,White,Female,35-44,89.474,Loan originated
1,485000.0,43,645000.0,180.0,1,Not Hispanic or Latino,Asian,Female,25-34,74.99992,Loan originated
1,625000.0,47,855000.0,128.0,1,Not Hispanic or Latino,White,Male,45-54,73.0,Loan originated
1,315000.0,46,355000.0,68.0,1,Hispanic or Latino,White,Male,35-44,93.772,Loan originated
1,605000.0,45,805000.0,136.0,1,Not Hispanic or Latino,Asian,Male,25-34,75.0,Loan originated
1,595000.0,20%-<30%,795000.0,213.0,1,Not Hispanic or Latino,Asian,Male,35-44,75.0,Loan originated
1,465000.0,38,585000.0,122.0,1,Hispanic or Latino,White,Male,35-44,80.0,Loan originated
1,535000.0,49,595000.0,122.0,1,Not Hispanic or Latino,Native Hawaiian or Other Pacific Islander,Male,35-44,90.0,Loan originated
1,565000.0,41,705000.0,184.0,1,Not Hispanic or Latino,White,Male,55-64,80.0,Loan originated
1,205000.0,30%-<36%,395000.0,91.0,1,Not Hispanic or Latino,White,Female,45-54,50.633,Loan originated
1,515000.0,43,575000.0,179.0,1,Not Hispanic or Latino,White,Female,45-54,90.0,Loan originated
1,745000.0,40,935000.0,357.0,1,Not Hispanic or Latino,White,Male,45-54,80.0,Loan originated
1,995000.0,38,1455000.0,250.0,1,Not Hispanic or Latino,White,Female,<25,68.552,Loan originated
1,675000.0,49,755000.0,142.0,1,Hispanic or Latino,White,Male,35-44,90.0,Loan originated
1,1125000.0,45,1875000.0,255.0,1,Not Hispanic or Latino,White,Female,35-44,60.0,Loan originated
1,675000.0,49,1145000.0,158.0,1,Not Hispanic or Latino,Asian,Male,25-34,59.107,Loan originated
1,585000.0,44,965000.0,210.0,1,Not Hispanic or Latino,White,Female,55-64,60.938,Loan originated
1,485000.0,41,605000.0,165.0,1,Hispanic or Latino,White,Female,35-44,80.0,Loan originated
1,625000.0,49,655000.0,223.0,1,Hispanic or Latino,White,Male,25-34,95.0,Loan originated
1,705000.0,30%-<36%,1705000.0,270.0,1,Not Hispanic or Latino,White,Female,55-64,42.0,Loan originated
1,265000.0,47,295000.0,62.0,1,Hispanic or Latino,White,Female,35-44,90.0,Loan originated
1,355000.0,41,445000.0,91.0,1,Not Hispanic or Latino,White,Male,25-34,80.0,Loan originated
1,375000.0,44,415000.0,84.0,1,Not Hispanic or Latino,White,Female,<25,92.0,Loan originated
1,655000.0,46,765000.0,189.0,1,Not Hispanic or Latino,Asian,Male,25-34,85.0,Loan originated
1,715000.0,49,1115000.0,150.0,1,Hispanic or Latino,Asian,Male,35-44,63.96,Loan originated
1,435000.0,20%-<30%,495000.0,230.0,1,Not Hispanic or Latino,White,Female,55-64,88.0,Loan originated
1,455000.0,47,605000.0,114.0,1,Not Hispanic or Latino,Black or African American,Female,35-44,75.14,Application denied
1,695000.0,39,925000.0,248.0,1,Not Hispanic or Latino,Asian,Female,25-34,75.0,Loan originated
1,635000.0,46,675000.0,162.0,1,Not Hispanic or Latino,Asian,Male,35-44,95.0,Loan originated
1,405000.0,49,505000.0,99.0,1,Not Hispanic or Latino,White,Female,25-34,96.5,Loan originated
1,355000.0,<20%,445000.0,277.0,1,Not Hispanic or Latino,Asian,Male,35-44,80.0,Loan originated
1,535000.0,49,555000.0,121.0,1,Not Hispanic or Latino,White,Male,35-44,96.709,Loan originated
1,445000.0,36,465000.0,121.0,1,Not Hispanic or Latino,Asian,Female,25-34,95.0,Loan originated
1,505000.0,46,725000.0,105.0,1,Not Hispanic or Latino,Asian,Male,45-54,70.0,Loan originated
1,495000.0,46,715000.0,133.0,1,Hispanic or Latino,White,Male,45-54,70.0,Loan originated
1,375000.0,41,415000.0,135.0,1,Not Hispanic or Latino,Asian,Female,25-34,91.317,Loan originated
1,725000.0,>60%,1455000.0,248.0,1,Not Hispanic or Latino,Black or African American,Female,45-54,50.0,Loan originated
1,935000.0,30%-<36%,1175000.0,352.0,1,Not Hispanic or Latino,Asian,Female,35-44,79.949,Loan originated
1,425000.0,39,525000.0,254.0,1,Not Hispanic or Latino,White,Female,45-54,80.0,Loan originated
1,325000.0,46,385000.0,96.0,1,Hispanic or Latino,White,Female,45-54,85.0,Loan originated
1,555000.0,46,585000.0,147.0,1,Not Hispanic or Latino,White,Male,35-44,95.0,Loan originated
1,495000.0,30%-<36%,495000.0,169.0,1,Not Hispanic or Latino,White,Male,55-64,100.0,Loan originated
1,415000.0,<20%,515000.0,375.0,1,Not Hispanic or Latino,White,Female,35-44,80.0,Loan originated
1,1145000.0,49,1905000.0,260.0,1,Not Hispanic or Latino,Asian,Male,35-44,60.016,Loan originated
1,785000.0,30%-<36%,975000.0,254.0,1,Not Hispanic or Latino,White,Male,25-34,80.0,Loan originated
1,915000.0,42,1145000.0,200.0,1,Not Hispanic or Latino,Asian,Male,25-34,79.33,Loan originated
1,585000.0,47,745000.0,157.0,1,Hispanic or Latino,White,Male,45-54,78.926,Loan originated
1,655000.0,49,685000.0,189.0,1,Not Hispanic or Latino,White,Male,55-64,95.0,Loan originated
1,395000.0,47,425000.0,109.0,1,Not Hispanic or Latino,White,Female,25-34,95.0,Loan originated
1,335000.0,49,365000.0,82.0,1,Not Hispanic or Latino,Asian,Female,25-34,93.0,Loan originated
1,345000.0,44,405000.0,76.0,1,Hispanic or Latino,White,Male,55-64,85.0,Loan originated
1,625000.0,40,1025000.0,161.0,1,Not Hispanic or Latino,Asian,Male,25-34,61.049,Loan originated
1,1005000.0,20%-<30%,2725000.0,600.0,1,Not Hispanic or Latino,Asian,Male,45-54,36.7,Application denied
1,155000.0,20%-<30%,205000.0,104.0,1,Not Hispanic or Latino,White,Male,35-44,77.56,Loan originated
1,855000.0,50%-60%,905000.0,137.0,1,Hispanic or Latino,White,Male,45-54,96.111,Loan originated
1,395000.0,44,555000.0,85.0,1,Hispanic or Latino,White,Female,55-64,72.0,Loan originated
1,475000.0,40,495000.0,122.0,1,Not Hispanic or Latino,White,Female,35-44,95.0,Loan originated
1,765000.0,49,1105000.0,154.0,1,Not Hispanic or Latino,White,Male,35-44,69.68,Loan originated
1,405000.0,42,615000.0,108.0,1,Not Hispanic or Latino,Asian,Male,35-44,65.0,Loan originated
1,715000.0,41,775000.0,141.0,1,Not Hispanic or Latino,Asian,Female,35-44,92.258,Loan originated
1,265000.0,20%-<30%,465000.0,157.0,1,Not Hispanic or Latino,Black or African American,Female,55-64,56.9,Loan originated
1,695000.0,43,735000.0,190.0,1,Hispanic or Latino,White,Male,25-34,95.0,Loan originated
1,245000.0,42,265000.0,119.0,1,Not Hispanic or Latino,White,Male,55-64,95.0,Loan originated
1,525000.0,50%-60%,555000.0,86.0,1,Hispanic or Latino,White,Male,25-34,95.0,Loan originated
1,745000.0,42,995000.0,351.0,1,Not Hispanic or Latino,White,Male,25-34,75.0,Loan originated
1,405000.0,45,455000.0,175.0,1,Not Hispanic or Latino,White,Male,35-44,90.0,Loan originated
1,365000.0,44,565000.0,85.0,1,Hispanic or Latino,White,Male,55-64,65.0,Loan originated
1,405000.0,20%-<30%,515000.0,139.0,1,Not Hispanic or Latino,White,Male,45-54,80.0,Loan originated
1,595000.0,40,1005000.0,158.0,1,Not Hispanic or Latino,White,Male,25-34,59.04,Loan originated
1,345000.0,30%-<36%,595000.0,113.0,1,Not Hispanic or Latino,White,Male,25-34,57.628,Loan originated
1,315000.0,42,335000.0,95.0,1,Not Hispanic or Latino,White,Male,35-44,95.0,Loan originated
1,755000.0,42,945000.0,221.0,1,Not Hispanic or Latino,White,Male,<25,80.0,Loan originated
1,675000.0,47,935000.0,319.0,1,Not Hispanic or Latino,Asian,Male,25-34,75.0,Loan originated
1,665000.0,43,705000.0,169.0,1,Not Hispanic or Latino,Black or African American,Male,45-54,95.0,Loan originated
1,635000.0,30%-<36%,795000.0,183.0,1,Not Hispanic or Latino,White,Male,45-54,80.0,Loan originated
1,515000.0,48,685000.0,110.0,1,Not Hispanic or Latino,White,Male,25-34,75.0,Loan originated
1,765000.0,45,1005000.0,151.0,1,Not Hispanic or Latino,White,Female,35-44,77.0,Loan originated
1,855000.0,46,1265000.0,224.0,1,Not Hispanic or Latino,White,Male,25-34,67.46,Loan originated
1,865000.0,40,1085000.0,201.0,1,Not Hispanic or Latino,Asian,Male,35-44,80.0,Loan originated
1,695000.0,30%-<36%,775000.0,204.0,1,Not Hispanic or Latino,Asian,Male,35-44,90.0,Loan originated
1,705000.0,40,725000.0,214.0,1,Not Hispanic or Latino,White,Male,35-44,97.0,Loan originated
1,1095000.0,44,1405000.0,320.0,1,Not Hispanic or Latino,White,Female,35-44,80.0,Application denied
1,645000.0,43,675000.0,177.0,1,Hispanic or Latino,White,Male,55-64,100.0,Loan originated
1,285000.0,47,355000.0,90.0,1,Hispanic or Latino,White,Male,45-54,80.0,Loan originated
1,495000.0,44,585000.0,131.0,1,Not Hispanic or Latino,Asian,Male,25-34,85.0,Loan originated
1,635000.0,30%-<36%,705000.0,196.0,1,Hispanic or Latino,White,Male,25-34,90.0,Loan originated
1,435000.0,30%-<36%,835000.0,291.0,1,Hispanic or Latino,White,Male,45-54,52.1,Loan originated
1,565000.0,49,755000.0,155.0,1,Not Hispanic or Latino,White,Female,45-54,75.0,Loan originated
1,775000.0,<20%,3405000.0,981.0,1,Not Hispanic or Latino,White,Male,45-54,22.8,Loan originated
1,485000.0,30%-<36%,685000.0,210.0,1,Not Hispanic or Latino,White,Female,55-64,71.0,Loan originated
1,575000.0,<20%,655000.0,445.0,1,Not Hispanic or Latino,Asian,Female,35-44,87.785,Loan originated
1,435000.0,42,585000.0,156.0,1,Hispanic or Latino,Asian,Male,35-44,75.0,Loan originated
1,455000.0,30%-<36%,565000.0,236.0,1,Hispanic or Latino,White,Female,45-54,80.0,Loan originated
1,755000.0,40,785000.0,198.0,1,Hispanic or Latino,White,Female,35-44,97.0,Loan originated
1,745000.0,38,1165000.0,229.0,1,Not Hispanic or Latino,Asian,Female,25-34,63.949,Loan originated
1,505000.0,<20%,1075000.0,0.0,1,Not Hispanic or Latino,White,Male,35-44,47.0,Application denied
1,455000.0,30%-<36%,805000.0,143.0,1,Not Hispanic or Latino,Asian,Male,45-54,57.0,Loan originated
1,315000.0,48,435000.0,62.0,1,Not Hispanic or Latino,Asian,Male,45-54,72.09,Loan originated
1,535000.0,49,685000.0,133.0,1,Hispanic or Latino,White,Male,35-44,79.0,Loan originated
1,405000.0,20%-<30%,615000.0,185.0,1,Not Hispanic or Latino,White,Male,45-54,65.04,Loan originated
1,515000.0,36,645000.0,141.0,1,Not Hispanic or Latino,Asian,Male,25-34,79.879,Loan originated
1,635000.0,48,875000.0,129.0,1,Hispanic or Latino,White,Male,35-44,72.989,Loan originated
1,965000.0,45,1205000.0,229.0,1,Not Hispanic or Latino,Asian,Male,35-44,80.0,Loan originated
1,265000.0,30%-<36%,415000.0,80.0,1,Not Hispanic or Latino,White,Male,25-34,63.415,Loan originated
1,415000.0,30%-<36%,795000.0,223.0,1,Hispanic or Latino,American Indian or Alaska Native,Female,35-44,52.579,Loan originated
1,75000.0,20%-<30%,465000.0,65.0,1,Not Hispanic or Latino,White,Female,45-54,17.0,Loan originated
1,565000.0,42,705000.0,144.0,1,Not Hispanic or Latino,Asian,Male,35-44,80.0,Loan originated
1,565000.0,45,875000.0,173.0,1,Not Hispanic or Latino,Asian,Male,35-44,65.0,Loan originated
1,555000.0,38,1105000.0,187.0,1,Hispanic or Latino,White,Male,45-54,49.774,Loan originated
1,885000.0,49,1285000.0,186.0,1,Not Hispanic or Latino,Asian,Female,25-34,68.75,Loan originated
1,275000.0,>60%,385000.0,73.0,1,Not Hispanic or Latino,Asian,Female,>74,71.21,Application denied
1,515000.0,43,635000.0,112.0,1,Not Hispanic or Latino,White,Male,<25,82.0,Loan originated
1,745000.0,36,775000.0,336.0,1,Hispanic or Latino,White,Female,25-34,95.0,Loan originated
1,765000.0,38,905000.0,210.0,1,Not Hispanic or Latino,Asian,Male,55-64,85.0,Loan originated
1,495000.0,41,855000.0,116.0,1,Not Hispanic or Latino,Black or African American,Male,55-64,57.647,Loan originated
1,365000.0,20%-<30%,545000.0,131.0,1,Not Hispanic or Latino,White,Female,25-34,66.972,Loan originated
1,425000.0,>60%,535000.0,90.0,1,Not Hispanic or Latino,Asian,Male,25-34,80.0,Application denied
1,765000.0,39,1155000.0,228.0,1,Not Hispanic or Latino,White,Female,45-54,66.609,Loan originated
1,505000.0,30%-<36%,1685000.0,185.0,1,Not Hispanic or Latino,White,Female,55-64,30.0,Loan originated
1,325000.0,41,415000.0,104.0,1,Not Hispanic or Latino,Asian,Male,25-34,80.0,Loan originated
1,695000.0,48,875000.0,174.0,1,Not Hispanic or Latino,White,Female,55-64,80.0,Loan originated
1,205000.0,40,445000.0,71.0,1,Hispanic or Latino,White,Male,25-34,47.0,Loan originated
1,435000.0,42,585000.0,104.0,1,Not Hispanic or Latino,Asian,Male,35-44,75.0,Loan originated
1,445000.0,49,555000.0,139.0,1,Not Hispanic or Latino,White,Female,55-64,80.0,Loan originated
1,775000.0,41,1605000.0,195.0,1,Hispanic or Latino,2 or more minority races,Male,35-44,48.125,Loan originated
1,325000.0,20%-<30%,925000.0,158.0,1,Not Hispanic or Latino,White,Male,25-34,35.135,Loan originated
1,1025000.0,>60%,1285000.0,169.0,1,Not Hispanic or Latino,White,Male,35-44,80.0,Application denied
1,225000.0,49,375000.0,54.0,1,Not Hispanic or Latino,White,Female,>74,60.16,Loan originated
1,535000.0,49,675000.0,127.0,1,Hispanic or Latino,White,Male,25-34,79.866,Loan originated
1,505000.0,48,605000.0,120.0,1,Not Hispanic or Latino,Asian,Male,25-34,82.374,Loan originated
1,765000.0,42,855000.0,194.0,1,Not Hispanic or Latino,White,Male,35-44,89.989,Loan originated
1,505000.0,39,525000.0,160.0,1,Not Hispanic or Latino,Asian,Female,25-34,97.0,Loan originated
1,185000.0,40,525000.0,67.0,1,Not Hispanic or Latino,White,Female,25-34,35.864,Loan originated
1,1145000.0,47,1355000.0,243.0,1,Not Hispanic or Latino,White,Male,35-44,84.858,Loan originated
1,945000.0,40,1265000.0,238.0,1,Not Hispanic or Latino,Asian,Female,25-34,75.22,Loan originated
1,125000.0,20%-<30%,305000.0,82.0,1,Hispanic or Latino,White,Male,55-64,40.0,Loan originated
1,405000.0,30%-<36%,625000.0,137.0,1,Not Hispanic or Latino,Black or African American,Female,45-54,64.0,Loan originated
1,325000.0,49,365000.0,189.0,1,Hispanic or Latino,White,Male,25-34,90.0,Loan originated
1,305000.0,49,505000.0,66.0,1,Not Hispanic or Latino,Asian,Female,>74,60.0,Loan originated
1,365000.0,49,375000.0,76.0,1,Hispanic or Latino,White,Male,25-34,98.8,Loan originated
1,315000.0,46,1015000.0,95.0,1,Not Hispanic or Latino,White,Female,>74,30.693,Loan originated
1,1115000.0,42,1395000.0,310.0,1,Not Hispanic or Latino,White,Male,45-54,80.0,Loan originated
1,725000.0,30%-<36%,915000.0,186.0,1,Not Hispanic or Latino,White,Male,35-44,80.0,Loan originated
1,315000.0,43,355000.0,101.0,1,Hispanic or Latino,White,Male,25-34,88.57,Loan originated
1,195000.0,39,945000.0,71.0,1,Not Hispanic or Latino,Asian,Female,35-44,20.213,Loan originated
1,75000.0,>60%,945000.0,40.0,1,Not Hispanic or Latino,White,Female,65-74,7.933,Application denied
1,465000.0,41,635000.0,178.0,1,Not Hispanic or Latino,White,Male,35-44,73.016,Loan originated
1,485000.0,30%-<36%,645000.0,208.0,1,Not Hispanic or Latino,Asian,Female,25-34,75.0,Loan originated
1,725000.0,30%-<36%,835000.0,225.0,1,Not Hispanic or Latino,White,Male,25-34,87.5,Loan originated
1,555000.0,30%-<36%,585000.0,212.0,1,Not Hispanic or Latino,Asian,Male,25-34,95.0,Loan originated
1,305000.0,43,375000.0,74.0,1,Hispanic or Latino,White,Female,25-34,80.0,Loan originated
1,765000.0,38,855000.0,234.0,1,Not Hispanic or Latino,White,Male,35-44,90.0,Loan originated
1,755000.0,44,1005000.0,416.0,1,Not Hispanic or Latino,White,Male,55-64,75.0,Loan originated
1,335000.0,30%-<36%,585000.0,127.0,1,Not Hispanic or Latino,White,Male,25-34,56.897,Loan originated
1,335000.0,48,345000.0,72.0,1,Not Hispanic or Latino,Asian,Male,35-44,97.0,Loan originated
1,425000.0,38,535000.0,125.0,1,Not Hispanic or Latino,White,Male,35-44,80.0,Loan originated
1,425000.0,46,485000.0,110.0,1,Not Hispanic or Latino,White,Female,45-54,88.0,Application denied
1,1125000.0,44,1405000.0,230.0,1,Not Hispanic or Latino,Asian,Male,25-34,80.0,Loan originated
1,365000.0,30%-<36%,455000.0,96.0,1,Hispanic or Latino,Asian,Male,<25,80.0,Loan originated
1,285000.0,41,485000.0,90.0,1,Hispanic or Latino,White,Female,35-44,58.333,Loan originated
1,725000.0,44,905000.0,199.0,1,Not Hispanic or Latino,White,Male,35-44,80.0,Loan originated
1,645000.0,30%-<36%,675000.0,268.0,1,Hispanic or Latino,White,Male,35-44,97.0,Loan originated
1,545000.0,20%-<30%,1295000.0,203.0,1,Not Hispanic or Latino,White,Female,<25,42.085,Loan originated
1,295000.0,49,315000.0,57.0,1,Not Hispanic or Latino,White,Male,<25,95.0,Loan originated
1,705000.0,48,875000.0,159.0,1,Not Hispanic or Latino,Asian,Male,25-34,80.0,Loan originated
1,235000.0,20%-<30%,335000.0,147.0,1,Not Hispanic or Latino,Asian,Female,35-44,70.501,Loan originated
1,365000.0,49,405000.0,79.0,1,Hispanic or Latino,White,Male,35-44,90.0,Loan originated
1,625000.0,38,775000.0,177.0,1,Not Hispanic or Latino,White,Female,55-64,80.0,Loan originated
1,545000.0,37,565000.0,139.0,1,Not Hispanic or Latino,Asian,Female,25-34,100.0,Loan originated
1,595000.0,>60%,635000.0,73.0,1,Hispanic or Latino,White,Female,35-44,95.0,Loan originated
1,425000.0,36,535000.0,125.0,1,Hispanic or Latino,White,Male,45-54,80.0,Loan originated
1,545000.0,47,615000.0,129.0,1,Hispanic or Latino,White,Female,25-34,90.0,Loan originated
1,765000.0,48,955000.0,156.0,1,Hispanic or Latino,White,Male,55-64,80.0,Loan originated
1,265000.0,30%-<36%,335000.0,73.0,1,Hispanic or Latino,White,Female,25-34,80.0,Loan originated
1,765000.0,43,1765000.0,202.0,1,Not Hispanic or Latino,Asian,Female,35-44,44.0,Loan originated
1,205000.0,45,725000.0,67.0,1,Hispanic or Latino,White,Female,55-64,27.59,Loan originated
1,585000.0,44,625000.0,149.0,1,Not Hispanic or Latino,White,Male,25-34,93.05,Loan originated
1,495000.0,20%-<30%,625000.0,281.0,1,Not Hispanic or Latino,White,Male,<25,79.837,Loan originated
1,685000.0,36,855000.0,187.0,1,Not Hispanic or Latino,White,Male,25-34,80.0,Loan originated
1,675000.0,46,705000.0,195.0,1,Hispanic or Latino,White,Male,35-44,95.0,Loan originated
1,1005000.0,20%-<30%,1555000.0,405.0,1,Not Hispanic or Latino,White,Male,45-54,64.52,Loan originated
1,735000.0,41,955000.0,219.0,1,Not Hispanic or Latino,Asian,Male,35-44,76.99,Loan originated
1,485000.0,20%-<30%,605000.0,266.0,1,Hispanic or Latino,White,Male,35-44,80.0,Loan originated
1,465000.0,47,525000.0,116.0,1,Hispanic or Latino,White,Female,35-44,90.0,Loan originated
1,545000.0,47,605000.0,135.0,1,Not Hispanic or Latino,White,Male,55-64,90.0,Loan originated
1,575000.0,39,605000.0,142.0,1,Not Hispanic or Latino,White,Male,25-34,95.0,Loan originated
1,285000.0,49,475000.0,63.0,1,Not Hispanic or Latino,Asian,Female,45-54,60.819,Loan originated
1,555000.0,30%-<36%,585000.0,398.0,1,Hispanic or Latino,White,Male,25-34,95.0,Loan originated
1,325000.0,48,525000.0,90.0,1,Not Hispanic or Latino,White,Female,65-74,61.538,Loan originated
1,355000.0,50%-60%,445000.0,159.0,1,Hispanic or Latino,White,Male,45-54,80.0,Application denied
1,355000.0,30%-<36%,375000.0,108.0,1,Hispanic or Latino,White,Male,25-34,95.0,Loan originated
1,405000.0,44,455000.0,109.0,1,Not Hispanic or Latino,Asian,Female,45-54,89.0,Loan originated
1,225000.0,47,255000.0,65.0,1,Hispanic or Latino,White,Male,45-54,90.0,Loan originated
1,695000.0,37,925000.0,212.0,1,Not Hispanic or Latino,White,Male,35-44,75.0,Loan originated
1,1145000.0,47,2505000.0,244.0,1,Not Hispanic or Latino,Asian,Male,25-34,45.992,Loan originated
1,115000.0,40,315000.0,56.0,1,Not Hispanic or Latino,White,Female,55-64,37.586,Loan originated
1,235000.0,36,435000.0,73.0,1,Not Hispanic or Latino,White,Male,25-34,54.65,Loan originated
1,335000.0,46,345000.0,92.0,1,Not Hispanic or Latino,Asian,Male,25-34,96.633,Loan originated
1,225000.0,47,285000.0,47.0,1,Hispanic or Latino,White,Female,<25,80.0,Loan originated
1,975000.0,48,1035000.0,251.0,1,Not Hispanic or Latino,Asian,Male,25-34,95.0,Loan originated
1,395000.0,48,485000.0,192.0,1,Not Hispanic or Latino,Asian,Female,35-44,80.0,Loan originated
1,375000.0,20%-<30%,625000.0,167.0,1,Not Hispanic or Latino,Asian,Male,35-44,60.0,Application denied
1,705000.0,49,745000.0,167.0,1,Hispanic or Latino,White,Female,35-44,95.0,Loan originated
1,285000.0,46,615000.0,68.0,1,Hispanic or Latino,White,Male,35-44,45.528,Loan originated
1,315000.0,50%-60%,385000.0,68.0,1,Not Hispanic or Latino,Asian,Female,25-34,83.16,Application denied
1,465000.0,46,515000.0,123.0,1,Hispanic or Latino,White,Male,45-54,90.0,Loan originated
1,635000.0,46,855000.0,145.0,1,Not Hispanic or Latino,Asian,Female,35-44,75.0,Application denied
1,325000.0,40,365000.0,120.0,1,Not Hispanic or Latino,White,Male,65-74,90.0,Loan originated
1,95000.0,30%-<36%,465000.0,134.0,1,Not Hispanic or Latino,White,Female,55-64,21.268,Loan originated
1,1005000.0,42,1615000.0,364.0,1,Not Hispanic or Latino,Asian,Female,55-64,62.112,Loan originated
1,575000.0,43,605000.0,220.0,1,Hispanic or Latino,White,Male,35-44,95.0,Loan originated
1,235000.0,42,245000.0,81.0,1,Hispanic or Latino,White,Female,25-34,94.98,Application denied
1,465000.0,48,695000.0,127.0,1,Not Hispanic or Latino,White,Male,35-44,66.868,Loan originated
1,1145000.0,37,1545000.0,326.0,1,Not Hispanic or Latino,White,Male,>74,74.11,Loan originated
1,535000.0,44,565000.0,118.0,1,Not Hispanic or Latino,White,Male,45-54,95.0,Loan originated
1,695000.0,36,865000.0,203.0,1,Not Hispanic or Latino,Asian,Male,25-34,79.99,Loan originated
1,285000.0,46,355000.0,66.0,1,Hispanic or Latino,White,Male,25-34,80.0,Loan originated
1,255000.0,30%-<36%,365000.0,103.0,1,Not Hispanic or Latino,White,Male,55-64,70.0,Loan originated
1,535000.0,40,675000.0,131.0,1,Hispanic or Latino,White,Male,45-54,79.761,Loan originated
1,1005000.0,36,1305000.0,250.0,1,Not Hispanic or Latino,Asian,Male,55-64,76.92,Loan originated
1,1105000.0,39,1385000.0,263.0,1,Not Hispanic or Latino,Asian,Male,45-54,80.0,Loan originated
1,715000.0,<20%,915000.0,378.0,1,Not Hispanic or Latino,Asian,Male,35-44,78.072,Loan originated
1,585000.0,20%-<30%,695000.0,256.0,1,Hispanic or Latino,White,Female,25-34,85.0,Loan originated
1,475000.0,43,595000.0,139.0,1,Hispanic or Latino,White,Male,55-64,80.0,Loan originated
1,735000.0,49,815000.0,151.0,1,Not Hispanic or Latino,Asian,Male,25-34,90.0,Loan originated
1,515000.0,40,645000.0,150.0,1,Not Hispanic or Latino,White,Female,25-34,80.0,Loan originated
1,175000.0,20%-<30%,235000.0,148.0,1,Hispanic or Latino,White,Male,55-64,76.21,Loan originated
1,635000.0,38,795000.0,247.0,1,Not Hispanic or Latino,White,Male,35-44,79.959,Loan originated
1,865000.0,39,1075000.0,220.0,1,Not Hispanic or Latino,Asian,Male,35-44,80.0,Loan originated
1,725000.0,49,915000.0,167.0,1,Not Hispanic or Latino,White,Male,35-44,80.0,Loan originated
1,365000.0,48,755000.0,75.0,1,Hispanic or Latino,White,Female,35-44,48.0,Loan originated
1,1075000.0,42,1425000.0,279.0,1,Not Hispanic or Latino,Asian,Male,35-44,75.0,Loan originated
1,665000.0,48,835000.0,170.0,1,Not Hispanic or Latino,Asian,Female,25-34,80.0,Loan originated
1,225000.0,49,255000.0,114.0,1,Hispanic or Latino,White,Male,35-44,89.8,Loan originated
1,565000.0,49,605000.0,167.0,1,Not Hispanic or Latino,Native Hawaiian or Other Pacific Islander,Female,25-34,94.98,Loan originated
1,215000.0,49,245000.0,53.0,1,Not Hispanic or Latino,Black or African American,Male,55-64,90.0,Loan originated
1,195000.0,48,205000.0,67.0,1,Not Hispanic or Latino,Asian,Male,25-34,92.683,Loan originated
1,865000.0,47,1085000.0,304.0,1,Not Hispanic or Latino,Asian,Male,45-54,80.0,Loan originated
1,775000.0,46,1125000.0,209.0,1,Not Hispanic or Latino,White,Male,35-44,68.889,Loan originated
1,645000.0,44,685000.0,319.0,1,Not Hispanic or Latino,Asian,Female,25-34,95.0,Loan originated
1,335000.0,30%-<36%,445000.0,198.0,1,Not Hispanic or Latino,White,Female,55-64,75.0,Loan originated
1,315000.0,44,425000.0,73.0,1,Hispanic or Latino,White,Female,35-44,75.95,Loan originated
1,985000.0,49,1165000.0,230.0,1,Not Hispanic or Latino,Asian,Male,25-34,85.0,Loan originated
1,565000.0,45,595000.0,245.0,1,Hispanic or Latino,White,Male,45-54,95.0,Loan originated
1,485000.0,30%-<36%,605000.0,130.0,1,Not Hispanic or Latino,White,Male,<25,80.0,Loan originated
1,415000.0,20%-<30%,465000.0,713.0,1,Not Hispanic or Latino,White,Male,25-34,90.0,Loan originated
1,505000.0,38,795000.0,15.0,1,Not Hispanic or Latino,Asian,Female,25-34,63.21,Loan originated
1,825000.0,46,1025000.0,195.0,1,Not Hispanic or Latino,Asian,Male,45-54,80.0,Loan originated
1,385000.0,42,405000.0,112.0,1,Hispanic or Latino,White,Male,45-54,95.0,Loan originated
1,505000.0,43,1015000.0,189.0,1,Not Hispanic or Latino,White,Female,45-54,49.5,Loan originated
1,715000.0,49,755000.0,189.0,1,Not Hispanic or Latino,Asian,Male,45-54,94.967,Loan originated
1,605000.0,20%-<30%,755000.0,228.0,1,Not Hispanic or Latino,Asian,Male,45-54,80.0,Loan originated
1,185000.0,48,235000.0,43.0,1,Not Hispanic or Latino,Asian,Female,45-54,80.0,Loan originated
1,445000.0,37,465000.0,110.0,1,Hispanic or Latino,White,Male,35-44,95.0,Loan originated
1,545000.0,41,575000.0,205.0,1,Not Hispanic or Latino,Asian,Female,55-64,95.0,Loan originated
1,195000.0,42,215000.0,101.0,1,Hispanic or Latino,White,Male,35-44,91.74,Application denied
1,565000.0,46,705000.0,132.0,1,Not Hispanic or Latino,Asian,Male,25-34,80.0,Loan originated
1,195000.0,49,215000.0,176.0,1,Not Hispanic or Latino,White,Male,35-44,92.5,Loan originated
1,375000.0,43,595000.0,118.0,1,Not Hispanic or Latino,Asian,Female,65-74,63.03,Loan originated
1,675000.0,44,705000.0,319.0,1,Not Hispanic or Latino,Asian,Male,35-44,95.0,Loan originated
1,925000.0,39,1155000.0,221.0,1,Not Hispanic or Latino,Asian,Female,35-44,80.0,Loan originated
1,95000.0,50%-60%,345000.0,91.0,1,Not Hispanic or Latino,White,Female,65-74,27.29,Loan originated
1,535000.0,38,635000.0,172.0,1,Not Hispanic or Latino,White,Male,35-44,84.144,Loan originated
1,175000.0,42,245000.0,100.0,1,Not Hispanic or Latino,White,Female,45-54,70.0,Loan originated
1,805000.0,20%-<30%,1525000.0,431.0,1,Not Hispanic or Latino,White,Female,45-54,52.39,Loan originated
1,355000.0,45,645000.0,101.0,1,Not Hispanic or Latino,White,Female,45-54,54.6,Application denied
1,805000.0,38,865000.0,193.0,1,Not Hispanic or Latino,White,Male,45-54,93.43,Loan originated
1,425000.0,48,445000.0,90.0,1,Hispanic or Latino,White,Male,35-44,98.0,Loan originated
1,245000.0,49,795000.0,64.0,1,Not Hispanic or Latino,White,Male,25-34,30.818,Loan originated
1,365000.0,20%-<30%,415000.0,164.0,1,Not Hispanic or Latino,White,Male,<25,90.0,Loan originated
1,405000.0,43,655000.0,107.0,1,Not Hispanic or Latino,Asian,Female,25-34,61.832,Application denied
1,135000.0,50%-60%,135000.0,72.0,1,Not Hispanic or Latino,White,Male,65-74,95.0,Loan originated
1,725000.0,47,905000.0,149.0,1,Not Hispanic or Latino,Asian,Male,35-44,80.0,Loan originated
1,335000.0,44,355000.0,72.0,1,Not Hispanic or Latino,White,Male,25-34,97.0,Loan originated
1,355000.0,44,555000.0,91.0,1,Hispanic or Latino,White,Male,25-34,65.0,Loan originated
1,585000.0,40,985000.0,148.0,1,Not Hispanic or Latino,Asian,Male,55-64,60.0,Loan originated
1,525000.0,48,895000.0,113.0,1,Not Hispanic or Latino,Asian,Male,35-44,58.427,Loan originated
1,555000.0,38,695000.0,126.0,1,Hispanic or Latino,White,Female,55-64,80.0,Loan originated
1,755000.0,<20%,845000.0,665.0,1,Not Hispanic or Latino,White,Male,35-44,89.989,Loan originated
1,645000.0,30%-<36%,925000.0,203.0,1,Not Hispanic or Latino,White,Female,35-44,70.0,Loan originated
1,255000.0,39,435000.0,66.0,1,Not Hispanic or Latino,White,Male,55-64,59.19,Loan originated
1,335000.0,49,525000.0,63.0,1,Not Hispanic or Latino,Asian,Male,35-44,64.12,Loan originated
1,585000.0,45,615000.0,153.0,1,Not Hispanic or Latino,White,Female,25-34,95.0,Loan originated
1,385000.0,30%-<36%,385000.0,155.0,1,Not Hispanic or Latino,Asian,Male,25-34,97.938,Application denied
1,565000.0,30%-<36%,1065000.0,753.0,1,Not Hispanic or Latino,White,Male,25-34,52.83,Loan originated
1,855000.0,49,905000.0,210.0,1,Not Hispanic or Latino,White,Male,25-34,95.0,Loan originated
1,725000.0,49,805000.0,207.0,1,Not Hispanic or Latino,White,Male,65-74,90.0,Loan originated
1,455000.0,49,495000.0,85.0,1,Hispanic or Latino,White,Male,35-44,91.92,Loan originated
1,395000.0,38,425000.0,170.0,1,Not Hispanic or Latino,White,Female,55-64,95.0,Loan originated
1,495000.0,47,655000.0,154.0,1,Hispanic or Latino,Asian,Female,45-54,75.0,Loan originated
1,405000.0,20%-<30%,575000.0,181.0,1,Not Hispanic or Latino,White,Male,45-54,69.21,Loan originated
1,1145000.0,43,1395000.0,285.0,1,Not Hispanic or Latino,White,Female,35-44,83.0,Loan originated
1,485000.0,48,505000.0,112.0,1,Not Hispanic or Latino,Asian,Female,45-54,97.0,Loan originated
1,725000.0,47,985000.0,144.0,1,Not Hispanic or Latino,Asian,Male,25-34,75.789,Loan originated
1,785000.0,49,1185000.0,140.0,1,Hispanic or Latino,Black or African American,Female,45-54,66.102,Loan originated
1,415000.0,44,445000.0,101.0,1,Hispanic or Latino,White,Male,45-54,92.107,Loan originated
1,325000.0,36,735000.0,105.0,1,Not Hispanic or Latino,Asian,Male,25-34,89.02,Loan originated
1,195000.0,41,485000.0,62.0,1,Hispanic or Latino,White,Female,45-54,39.3375,Loan originated
1,715000.0,46,755000.0,160.0,1,Not Hispanic or Latino,White,Male,35-44,95.0,Loan originated
1,765000.0,40,1485000.0,306.0,1,Not Hispanic or Latino,Asian,Male,35-44,51.61,Loan originated
1,115000.0,49,605000.0,42.0,1,Not Hispanic or Latino,Black or African American,Female,>74,20.0,Loan originated
1,235000.0,20%-<30%,245000.0,136.0,1,Hispanic or Latino,White,Female,25-34,95.0,Loan originated
1,515000.0,30%-<36%,915000.0,140.0,1,Hispanic or Latino,White,Male,35-44,56.04,Loan originated
1,385000.0,30%-<36%,405000.0,153.0,1,Hispanic or Latino,White,Male,<25,95.0,Loan originated
1,555000.0,>60%,795000.0,151.0,1,Not Hispanic or Latino,Asian,Female,35-44,69.182,Application denied
1,255000.0,<20%,395000.0,188.0,1,Not Hispanic or Latino,Asian,Female,35-44,65.0,Loan originated
1,545000.0,43,685000.0,144.0,1,Not Hispanic or Latino,White,Male,25-34,80.0,Loan originated
1,215000.0,49,385000.0,54.0,1,Hispanic or Latino,White,Female,35-44,53.985,Loan originated
1,685000.0,48,1085000.0,233.0,1,Hispanic or Latino,White,Male,<25,63.13,Loan originated
1,625000.0,49,655000.0,137.0,1,Not Hispanic or Latino,White,Male,25-34,95.0,Loan originated
1,355000.0,36,375000.0,155.0,1,Not Hispanic or Latino,White,Female,45-54,95.0,Loan originated
1,685000.0,47,785000.0,135.0,1,Not Hispanic or Latino,Asian,Male,25-34,87.268,Loan originated
1,335000.0,40,425000.0,99.0,1,Not Hispanic or Latino,Asian,Male,25-34,80.0,Loan originated
1,275000.0,39,335000.0,76.0,1,Hispanic or Latino,Black or African American,Female,55-64,100.0,Loan originated
1,1105000.0,48,1155000.0,226.0,1,Not Hispanic or Latino,White,Male,35-44,95.0,Loan originated
1,395000.0,48,495000.0,84.0,1,Hispanic or Latino,White,Male,35-44,80.0,Loan originated
1,735000.0,20%-<30%,825000.0,416.0,1,Not Hispanic or Latino,White,Male,25-34,90.0,Loan originated
1,385000.0,30%-<36%,405000.0,110.0,1,Not Hispanic or Latino,White,Male,35-44,95.0,Loan originated
1,705000.0,30%-<36%,955000.0,280.0,1,Not Hispanic or Latino,Black or African American,Female,55-64,73.735,Loan originated
1,535000.0,42,1415000.0,232.0,1,Not Hispanic or Latino,White,Male,65-74,38.0,Loan originated
1,775000.0,42,1215000.0,178.0,1,Not Hispanic or Latino,White,Female,55-64,63.802,Loan originated
1,425000.0,37,535000.0,130.0,1,Not Hispanic or Latino,Asian,Male,25-34,80.0,Loan originated
1,625000.0,38,775000.0,177.0,1,Not Hispanic or Latino,White,Female,55-64,80.0,Loan originated
1,655000.0,49,725000.0,140.0,1,Not Hispanic or Latino,Asian,Male,35-44,90.0,Loan originated
1,535000.0,49,545000.0,129.0,1,Hispanic or Latino,White,Female,35-44,102.0,Loan originated
1,1015000.0,41,1155000.0,255.0,1,Not Hispanic or Latino,White,Female,25-34,89.99,Loan originated
1,215000.0,30%-<36%,225000.0,116.0,1,Not Hispanic or Latino,White,Female,65-74,95.0,Loan originated
1,525000.0,<20%,655000.0,405.0,1,Not Hispanic or Latino,Asian,Female,55-64,80.0,Loan originated
1,935000.0,>60%,1285000.0,80.0,1,Not Hispanic or Latino,White,Male,35-44,72.451,Application denied
1,1005000.0,45,1725000.0,170.0,1,Not Hispanic or Latino,White,Male,25-34,58.0,Loan originated
1,475000.0,20%-<30%,795000.0,533.0,1,Not Hispanic or Latino,Asian,Male,65-74,60.37,Loan originated
1,675000.0,48,1175000.0,246.0,1,Not Hispanic or Latino,White,Male,65-74,58.0,Loan originated
1,225000.0,30%-<36%,305000.0,74.0,1,Hispanic or Latino,White,Male,35-44,72.13,Loan originated
1,585000.0,46,655000.0,122.0,1,Hispanic or Latino,White,Female,25-34,90.0,Loan originated
1,465000.0,42,515000.0,148.0,1,Not Hispanic or Latino,Asian,Female,55-64,90.0,Loan originated
1,405000.0,30%-<36%,425000.0,135.0,1,Not Hispanic or Latino,White,Male,25-34,95.0,Loan originated
1,295000.0,39,335000.0,108.0,1,Not Hispanic or Latino,Black or African American,Male,25-34,87.168,Loan originated
1,335000.0,49,445000.0,106.0,1,Hispanic or Latino,White,Female,45-54,75.0,Loan originated
1,325000.0,40,1375000.0,116.0,1,Not Hispanic or Latino,White,Male,25-34,23.358,Loan originated
1,375000.0,38,615000.0,118.0,1,Not Hispanic or Latino,Asian,Male,35-44,60.84,Loan originated
1,205000.0,49,415000.0,50.0,1,Not Hispanic or Latino,White,Female,25-34,50.0,Loan originated
1,365000.0,43,465000.0,120.0,1,Hispanic or Latino,White,Male,35-44,80.0,Loan originated
1,435000.0,39,475000.0,134.0,1,Not Hispanic or Latino,White,Male,<25,93.138,Loan originated
1,785000.0,37,1625000.0,208.0,1,Not Hispanic or Latino,Asian,Female,65-74,70.91,Loan originated
1,405000.0,30%-<36%,525000.0,138.0,1,Not Hispanic or Latino,Black or African American,Female,35-44,77.59,Loan originated
1,605000.0,45,1285000.0,140.0,1,Not Hispanic or Latino,White,Female,25-34,46.875,Loan originated
1,295000.0,44,305000.0,73.0,1,Hispanic or Latino,White,Male,35-44,99.0,Loan originated
1,335000.0,36,415000.0,118.0,1,Not Hispanic or Latino,White,Male,35-44,80.0,Loan originated
1,445000.0,44,625000.0,96.0,1,Not Hispanic or Latino,White,Male,>74,71.82,Loan originated
1,485000.0,38,825000.0,165.0,1,Not Hispanic or Latino,White,Female,55-64,59.51,Loan originated
1,1045000.0,30%-<36%,1745000.0,318.0,1,Not Hispanic or Latino,White,Female,35-44,59.771,Loan originated
1,355000.0,30%-<36%,465000.0,134.0,1,Not Hispanic or Latino,Asian,Female,25-34,77.322,Loan originated
1,345000.0,30%-<36%,425000.0,176.0,1,Hispanic or Latino,White,Male,65-74,80.0,Loan originated
1,505000.0,40,625000.0,158.0,1,Not Hispanic or Latino,White,Male,25-34,80.0,Loan originated
1,545000.0,30%-<36%,675000.0,480.0,1,Not Hispanic or Latino,White,Female,25-34,80.0,Loan originated
1,565000.0,30%-<36%,755000.0,224.0,1,Hispanic or Latino,White,Male,55-64,75.0,Loan originated
1,525000.0,20%-<30%,875000.0,241.0,1,Not Hispanic or Latino,Asian,Male,35-44,59.98,Loan originated
1,375000.0,39,425000.0,109.0,1,Not Hispanic or Latino,White,Male,25-34,88.12,Loan originated
1,455000.0,38,515000.0,342.0,1,Not Hispanic or Latino,Asian,Male,<25,90.0,Loan originated
1,275000.0,20%-<30%,675000.0,140.0,1,Not Hispanic or Latino,Asian,Female,25-34,40.741,Loan originated
1,375000.0,49,2055000.0,263.0,1,Not Hispanic or Latino,Asian,Male,35-44,18.439,Loan originated
1,785000.0,50%-60%,1045000.0,166.0,1,Not Hispanic or Latino,Asian,Male,45-54,75.0,Application denied
1,355000.0,37,375000.0,238.0,1,Not Hispanic or Latino,White,Male,65-74,95.0,Loan originated
1,565000.0,47,635000.0,137.0,1,Hispanic or Latino,White,Male,25-34,90.0,Loan originated
1,495000.0,40,615000.0,319.0,1,Not Hispanic or Latino,Asian,Male,35-44,80.0,Loan originated
1,1005000.0,40,1255000.0,322.0,1,Not Hispanic or Latino,White,Male,35-44,80.0,Loan originated
1,355000.0,49,455000.0,75.0,1,Hispanic or Latino,White,Female,65-74,78.889,Loan originated
1,885000.0,37,1045000.0,251.0,1,Not Hispanic or Latino,White,Female,35-44,85.0,Loan originated
1,345000.0,41,435000.0,95.0,1,Not Hispanic or Latino,Asian,Male,25-34,80.0,Loan originated
1,505000.0,30%-<36%,675000.0,162.0,1,Hispanic or Latino,White,Male,35-44,75.0,Loan originated
1,725000.0,20%-<30%,805000.0,563.0,1,Not Hispanic or Latino,Asian,Male,25-34,90.0,Loan originated
1,685000.0,38,755000.0,228.0,1,Not Hispanic or Latino,White,Female,35-44,90.0,Application denied
1,785000.0,38,925000.0,246.0,1,Not Hispanic or Latino,White,Female,25-34,84.783,Loan originated
1,825000.0,46,1105000.0,173.0,1,Not Hispanic or Latino,White,Male,35-44,75.0,Loan originated
1,255000.0,>60%,755000.0,48.0,1,Not Hispanic or Latino,Asian,Male,>74,33.333,Application denied
1,275000.0,48,685000.0,71.0,1,Not Hispanic or Latino,White,Female,35-44,40.382,Loan originated
1,395000.0,37,495000.0,124.0,1,Not Hispanic or Latino,White,Male,25-34,80.0,Loan originated
1,605000.0,44,645000.0,135.0,1,Not Hispanic or Latino,White,Male,35-44,94.987,Loan originated
1,415000.0,30%-<36%,555000.0,119.0,1,Not Hispanic or Latino,Asian,Male,35-44,75.0,Loan originated
1,275000.0,45,575000.0,82.0,1,Not Hispanic or Latino,White,Male,35-44,50.9,Loan originated
1,485000.0,48,615000.0,129.0,1,Hispanic or Latino,White,Female,35-44,100.0,Application denied
1,135000.0,38,175000.0,43.0,1,Not Hispanic or Latino,White,Male,55-64,80.0,Loan originated
1,555000.0,37,755000.0,172.0,1,Not Hispanic or Latino,Asian,Male,55-64,72.481,Loan originated
1,975000.0,45,1455000.0,241.0,1,Not Hispanic or Latino,White,Male,35-44,66.897,Loan originated
1,385000.0,50%-60%,395000.0,83.0,1,Not Hispanic or Latino,Asian,Male,35-44,95.238,Application denied
1,635000.0,45,905000.0,200.0,1,Not Hispanic or Latino,Asian,Male,35-44,70.0,Loan originated
1,745000.0,48,785000.0,165.0,1,Hispanic or Latino,White,Male,<25,95.0,Loan originated
1,405000.0,48,415000.0,102.0,1,Not Hispanic or Latino,Asian,Male,55-64,100.0,Loan originated
1,395000.0,43,495000.0,110.0,1,Not Hispanic or Latino,Black or African American,Female,25-34,80.0,Loan originated
1,305000.0,20%-<30%,385000.0,190.0,1,Not Hispanic or Latino,White,Male,65-74,77.92,Loan originated
1,325000.0,42,405000.0,234.0,1,Not Hispanic or Latino,Asian,Female,65-74,80.0,Loan originated
1,45000.0,20%-<30%,55000.0,46.0,1,Not Hispanic or Latino,White,Male,65-74,76.93,Loan originated
1,305000.0,30%-<36%,605000.0,207.0,1,Not Hispanic or Latino,Asian,Male,55-64,50.0,Loan originated
1,725000.0,20%-<30%,905000.0,826.0,1,Not Hispanic or Latino,White,Male,25-34,80.0,Loan originated
1,375000.0,38,385000.0,92.0,1,Hispanic or Latino,White,Male,35-44,95.0,Loan originated
1,545000.0,20%-<30%,615000.0,233.0,1,Not Hispanic or Latino,Asian,Male,35-44,90.0,Loan originated
1,965000.0,30%-<36%,1205000.0,265.0,1,Not Hispanic or Latino,White,Male,35-44,80.0,Loan originated
1,805000.0,39,1605000.0,206.0,1,Not Hispanic or Latino,Asian,Male,25-34,50.0,Loan originated
1,885000.0,50%-60%,925000.0,200.0,1,Not Hispanic or Latino,Asian,Male,35-44,95.0,Application denied
1,335000.0,30%-<36%,415000.0,176.0,1,Not Hispanic or Latino,White,Male,25-34,80.0,Loan originated
1,745000.0,45,835000.0,195.0,1,Not Hispanic or Latino,White,Male,35-44,89.88,Loan originated
1,415000.0,<20%,515000.0,537.0,1,Hispanic or Latino,White,Male,35-44,80.0,Loan originated
1,555000.0,48,695000.0,131.0,1,Hispanic or Latino,White,Male,35-44,80.0,Loan originated
1,275000.0,47,775000.0,102.0,1,Not Hispanic or Latino,White,Male,25-34,35.599,Loan originated
1,805000.0,49,855000.0,186.0,1,Not Hispanic or Latino,White,Male,35-44,94.529,Loan originated
1,435000.0,45,575000.0,146.0,1,Not Hispanic or Latino,White,Male,35-44,75.0,Loan originated
1,325000.0,42,415000.0,71.0,1,Not Hispanic or Latino,Asian,Male,35-44,80.0,Loan originated
1,575000.0,42,925000.0,148.0,1,Not Hispanic or Latino,Asian,Male,25-34,61.62,Loan originated
1,685000.0,50%-60%,865000.0,195.0,1,Not Hispanic or Latino,White,Female,35-44,80.0,Loan originated
1,405000.0,44,415000.0,169.0,1,Not Hispanic or Latino,White,Female,55-64,97.0,Loan originated
1,645000.0,47,945000.0,143.0,1,Not Hispanic or Latino,White,Male,45-54,68.085,Loan originated
1,625000.0,46,785000.0,165.0,1,Not Hispanic or Latino,Asian,Male,45-54,80.0,Loan originated
1,205000.0,47,245000.0,47.0,1,Hispanic or Latino,White,Male,45-54,83.68,Loan originated
1,395000.0,49,575000.0,101.0,1,Not Hispanic or Latino,Asian,Male,55-64,70.0,Loan originated
1,335000.0,46,485000.0,114.0,1,Not Hispanic or Latino,White,Male,65-74,68.75,Loan originated
1,585000.0,45,615000.0,136.0,1,Hispanic or Latino,White,Male,25-34,99.058,Loan originated
1,135000.0,<20%,235000.0,80.0,1,Not Hispanic or Latino,White,Male,35-44,57.806,Loan originated
1,95000.0,38,295000.0,117.0,1,Not Hispanic or Latino,White,Female,65-74,30.89,Loan originated
1,1125000.0,43,1405000.0,478.0,1,Not Hispanic or Latino,Asian,Male,45-54,80.0,Loan originated
1,615000.0,20%-<30%,775000.0,390.0,1,Hispanic or Latino,White,Male,35-44,80.0,Loan originated
1,345000.0,38,405000.0,178.0,1,Not Hispanic or Latino,White,Male,45-54,85.0,Loan originated
1,205000.0,20%-<30%,725000.0,125.0,1,Not Hispanic or Latino,White,Female,45-54,27.586,Loan originated
1,495000.0,30%-<36%,625000.0,155.0,1,Not Hispanic or Latino,Asian,Female,25-34,80.0,Loan originated
1,285000.0,39,295000.0,100.0,1,Not Hispanic or Latino,White,Male,25-34,95.0,Loan originated
1,715000.0,<20%,955000.0,522.0,1,Not Hispanic or Latino,Asian,Male,<25,75.0,Loan originated
1,605000.0,30%-<36%,635000.0,211.0,1,Hispanic or Latino,White,Male,35-44,95.0,Loan originated
1,95000.0,20%-<30%,235000.0,56.0,1,Not Hispanic or Latino,White,Female,35-44,42.857,Application denied
1,385000.0,41,645000.0,98.0,1,Not Hispanic or Latino,Asian,Female,45-54,59.309,Loan originated
1,415000.0,20%-<30%,435000.0,159.0,1,Not Hispanic or Latino,White,Male,25-34,96.0,Loan originated
1,295000.0,43,375000.0,90.0,1,Not Hispanic or Latino,Asian,Female,25-34,100.0,Loan originated
1,635000.0,45,795000.0,249.0,1,Not Hispanic or Latino,Asian,Male,35-44,80.0,Loan originated
1,735000.0,41,825000.0,189.0,1,Not Hispanic or Latino,Asian,Female,45-54,90.0,Loan originated
1,285000.0,42,985000.0,97.0,1,Not Hispanic or Latino,White,Female,35-44,28.426,Loan originated
1,695000.0,49,735000.0,140.0,1,Not Hispanic or Latino,Asian,Male,<25,95.0,Loan originated
1,515000.0,39,635000.0,138.0,1,Not Hispanic or Latino,White,Male,55-64,80.0,Loan originated
1,725000.0,49,765000.0,141.0,1,Not Hispanic or Latino,White,Female,35-44,95.0,Loan originated
1,585000.0,42,725000.0,128.0,1,Not Hispanic or Latino,Asian,Male,35-44,80.0,Loan originated
1,385000.0,46,485000.0,82.0,1,Not Hispanic or Latino,Asian,Female,25-34,80.0,Loan originated
1,315000.0,46,1085000.0,87.0,1,Not Hispanic or Latino,White,Female,65-74,29.167,Loan originated
1,305000.0,44,335000.0,76.0,1,Hispanic or Latino,White,Female,25-34,90.0,Loan originated
1,815000.0,50%-60%,915000.0,145.0,1,Hispanic or Latino,White,Female,35-44,90.0,Loan originated
1,455000.0,47,635000.0,133.0,1,Not Hispanic or Latino,White,Female,35-44,72.0,Loan originated
1,335000.0,48,415000.0,68.0,1,Hispanic or Latino,White,Male,25-34,80.0,Loan originated
1,465000.0,48,485000.0,138.0,1,Not Hispanic or Latino,White,Female,65-74,95.0,Loan originated
1,395000.0,40,445000.0,115.0,1,Not Hispanic or Latino,White,Male,35-44,90.0,Loan originated
1,345000.0,46,365000.0,75.0,1,Hispanic or Latino,Asian,Male,35-44,95.0,Loan originated
1,565000.0,46,705000.0,136.0,1,Not Hispanic or Latino,Asian,Male,35-44,80.0,Loan originated
1,605000.0,49,775000.0,130.0,1,Not Hispanic or Latino,Asian,Male,35-44,77.47,Loan originated
1,485000.0,49,675000.0,104.0,1,Hispanic or Latino,White,Male,25-34,72.0,Loan originated
1,545000.0,20%-<30%,725000.0,212.0,1,Hispanic or Latino,White,Female,45-54,75.0,Loan originated
1,355000.0,44,425000.0,169.0,1,Hispanic or Latino,White,Male,35-44,85.0,Loan originated
1,515000.0,44,545000.0,134.0,1,Not Hispanic or Latino,Asian,Female,25-34,95.0,Loan originated
1,205000.0,30%-<36%,895000.0,119.0,1,Not Hispanic or Latino,Asian,Male,45-54,22.346,Loan originated
1,985000.0,41,1235000.0,231.0,1,Not Hispanic or Latino,White,Male,45-54,80.0,Loan originated
1,305000.0,20%-<30%,355000.0,143.0,1,Not Hispanic or Latino,White,Female,35-44,85.0,Loan originated
1,595000.0,46,845000.0,180.0,1,Not Hispanic or Latino,White,Female,55-64,70.0,Loan originated
1,205000.0,44,395000.0,61.0,1,Not Hispanic or Latino,White,Male,65-74,51.28,Loan originated
1,555000.0,20%-<30%,645000.0,290.0,1,Not Hispanic or Latino,Black or African American,Male,25-34,85.0,Loan originated
1,625000.0,30%-<36%,775000.0,174.0,1,Not Hispanic or Latino,White,Male,25-34,80.0,Loan originated
1,395000.0,>60%,525000.0,49.0,1,Hispanic or Latino,White,Male,45-54,75.0,Application denied
1,635000.0,46,905000.0,175.0,1,Not Hispanic or Latino,Asian,Male,35-44,70.0,Loan originated
1,55000.0,41,75000.0,44.0,1,Not Hispanic or Latino,White,Male,55-64,80.0,Application denied
1,595000.0,42,745000.0,310.0,1,Not Hispanic or Latino,White,Female,25-34,80.0,Loan originated
1,975000.0,46,1405000.0,278.0,1,Not Hispanic or Latino,Asian,Female,45-54,85.18,Loan originated
1,655000.0,20%-<30%,825000.0,271.0,1,Not Hispanic or Latino,Black or African American,Male,25-34,80.0,Loan originated
1,415000.0,41,515000.0,86.0,1,Not Hispanic or Latino,Asian,Male,35-44,80.0,Loan originated
1,295000.0,46,305000.0,70.0,1,Not Hispanic or Latino,White,Male,35-44,100.0,Loan originated
1,415000.0,20%-<30%,515000.0,184.0,1,Not Hispanic or Latino,Asian,Male,35-44,80.0,Loan originated
1,105000.0,46,395000.0,65.0,1,Hispanic or Latino,White,Female,35-44,26.42,Loan originated
1,665000.0,41,925000.0,149.0,1,Not Hispanic or Latino,White,Female,35-44,72.041,Loan originated
1,305000.0,41,395000.0,92.0,1,Not Hispanic or Latino,White,Female,45-54,80.0,Loan originated
1,735000.0,49,1005000.0,152.0,1,Not Hispanic or Latino,Asian,Female,25-34,73.0,Loan originated
1,365000.0,48,385000.0,169.0,1,Hispanic or Latino,White,Female,35-44,95.0,Loan originated
1,615000.0,20%-<30%,655000.0,211.0,1,Not Hispanic or Latino,White,Female,35-44,95.0,Loan originated
1,215000.0,30%-<36%,385000.0,70.0,1,Not Hispanic or Latino,Asian,Male,35-44,55.21956,Loan originated
1,585000.0,40,645000.0,181.0,1,Not Hispanic or Latino,Asian,Female,35-44,89.99,Loan originated
1,565000.0,30%-<36%,705000.0,179.0,1,Not Hispanic or Latino,White,Male,35-44,80.0,Loan originated
1,505000.0,43,535000.0,121.0,1,Not Hispanic or Latino,Black or African American,Male,35-44,95.0,Loan originated
1,615000.0,41,675000.0,133.0,1,Not Hispanic or Latino,Asian,Male,35-44,89.99,Loan originated
1,495000.0,44,665000.0,135.0,1,Not Hispanic or Latino,White,Male,35-44,75.0,Loan originated
1,445000.0,20%-<30%,555000.0,180.0,1,Hispanic or Latino,American Indian or Alaska Native,Male,25-34,80.0,Loan originated
1,745000.0,44,885000.0,210.0,1,Not Hispanic or Latino,Asian,Male,35-44,85.0,Loan originated
1,515000.0,49,575000.0,126.0,1,Not Hispanic or Latino,White,Male,65-74,90.0,Loan originated
1,295000.0,49,325000.0,60.0,1,Hispanic or Latino,White,Male,<25,89.177,Loan originated
1,715000.0,47,895000.0,155.0,1,Not Hispanic or Latino,White,Female,45-54,80.0,Loan originated
1,765000.0,30%-<36%,1185000.0,303.0,1,Not Hispanic or Latino,White,Male,45-54,64.91,Loan originated
1,385000.0,46,485000.0,120.0,1,Not Hispanic or Latino,White,Female,25-34,80.0,Loan originated
1,525000.0,>60%,575000.0,23.0,1,Not Hispanic or Latino,Asian,Female,35-44,88.696,Application denied
1,675000.0,20%-<30%,845000.0,411.0,1,Not Hispanic or Latino,Asian,Male,35-44,80.0,Loan originated
1,645000.0,36,805000.0,190.0,1,Not Hispanic or Latino,Asian,Male,35-44,80.0,Loan originated
1,495000.0,44,515000.0,105.0,1,Not Hispanic or Latino,White,Female,35-44,100.0,Loan originated
1,395000.0,45,485000.0,81.0,1,Not Hispanic or Latino,Asian,Female,25-34,83.0,Loan originated
1,455000.0,20%-<30%,905000.0,540.0,1,Not Hispanic or Latino,American Indian or Alaska Native,Female,25-34,50.0,Loan originated
1,735000.0,20%-<30%,925000.0,246.0,1,Not Hispanic or Latino,White,Male,25-34,80.0,Loan originated
1,265000.0,49,365000.0,60.0,1,Not Hispanic or Latino,Black or African American,Female,55-64,74.444,Loan originated
1,285000.0,45,825000.0,82.0,1,Not Hispanic or Latino,Asian,Female,25-34,35.0,Loan originated
1,505000.0,43,535000.0,110.0,1,Not Hispanic or Latino,Black or African American,Male,45-54,94.354,Loan originated
1,635000.0,48,675000.0,167.0,1,Not Hispanic or Latino,Asian,Male,35-44,94.037,Loan originated
1,365000.0,30%-<36%,455000.0,131.0,1,Hispanic or Latino,White,Female,45-54,80.0,Loan originated
1,445000.0,<20%,555000.0,485.0,1,Hispanic or Latino,White,Male,25-34,80.0,Loan originated
1,1145000.0,42,1315000.0,397.0,1,Not Hispanic or Latino,Asian,Male,35-44,87.77,Loan originated
1,535000.0,48,565000.0,128.0,1,Not Hispanic or Latino,Asian,Female,35-44,95.0,Loan originated
1,525000.0,20%-<30%,585000.0,412.0,1,Hispanic or Latino,White,Male,45-54,90.0,Loan originated
1,455000.0,42,575000.0,389.0,1,Not Hispanic or Latino,Asian,Female,45-54,80.0,Loan originated
1,695000.0,40,865000.0,228.0,1,Not Hispanic or Latino,Asian,Male,25-34,80.0,Loan originated
1,155000.0,30%-<36%,845000.0,240.0,1,Not Hispanic or Latino,Asian,Male,25-34,17.79,Loan originated
1,365000.0,47,455000.0,169.0,1,Not Hispanic or Latino,White,Male,25-34,100.0,Application denied
1,885000.0,47,1265000.0,180.0,1,Not Hispanic or Latino,White,Male,25-34,70.239,Loan originated
1,605000.0,41,755000.0,207.0,1,Not Hispanic or Latino,White,Male,55-64,80.0,Application denied
1,15000.0,41,495000.0,109.0,1,Not Hispanic or Latino,White,Female,25-34,100.0,Loan originated
1,385000.0,38,415000.0,130.0,1,Not Hispanic or Latino,White,Male,25-34,95.0,Loan originated
1,435000.0,40,485000.0,116.0,1,Not Hispanic or Latino,White,Female,45-54,90.0,Loan originated
1,395000.0,42,425000.0,90.0,1,Hispanic or Latino,White,Male,45-54,95.0,Loan originated
1,505000.0,42,725000.0,210.0,1,Not Hispanic or Latino,White,Male,45-54,70.0,Loan originated
1,865000.0,44,1235000.0,274.0,1,Not Hispanic or Latino,Asian,Female,25-34,70.0,Loan originated
1,645000.0,37,735000.0,210.0,1,Not Hispanic or Latino,Asian,Male,35-44,90.0,Application denied
1,1135000.0,20%-<30%,1425000.0,545.0,1,Not Hispanic or Latino,Asian,Male,35-44,80.0,Loan originated
1,755000.0,48,1005000.0,333.0,1,Not Hispanic or Latino,Asian,Male,35-44,75.0,Loan originated
1,695000.0,41,735000.0,171.0,1,Hispanic or Latino,White,Male,25-34,95.0,Loan originated
1,355000.0,49,395000.0,71.0,1,Hispanic or Latino,White,Male,65-74,90.0,Loan originated
1,695000.0,>60%,735000.0,79.0,1,Not Hispanic or Latino,Asian,Female,35-44,94.53,Application denied
1,705000.0,40,1015000.0,206.0,1,Not Hispanic or Latino,Asian,Male,45-54,70.0,Loan originated
1,805000.0,20%-<30%,805000.0,325.0,1,Not Hispanic or Latino,Asian,Male,35-44,100.0,Loan originated
1,185000.0,44,315000.0,52.0,1,Not Hispanic or Latino,White,Female,35-44,94.79,Loan originated
1,205000.0,<20%,405000.0,0.0,1,Hispanic or Latino,Asian,Male,<25,50.0,Application denied
1,425000.0,47,445000.0,107.0,1,Hispanic or Latino,White,Male,25-34,95.0,Loan originated
1,395000.0,41,465000.0,87.0,1,Not Hispanic or Latino,Asian,Female,25-34,85.0,Loan originated
1,495000.0,48,615000.0,143.0,1,Not Hispanic or Latino,White,Male,65-74,80.0,Loan originated
1,725000.0,49,815000.0,191.0,1,Not Hispanic or Latino,White,Male,45-54,90.0,Loan originated
1,315000.0,42,395000.0,81.0,1,Not Hispanic or Latino,Black or African American,Female,25-34,100.0,Loan originated
1,955000.0,42,1205000.0,234.0,1,Not Hispanic or Latino,Asian,Female,25-34,79.292,Loan originated
1,1115000.0,36,1585000.0,276.0,1,Not Hispanic or Latino,Asian,Male,35-44,70.0,Loan originated
1,1105000.0,20%-<30%,1495000.0,435.0,1,Not Hispanic or Latino,Asian,Male,35-44,74.278,Loan originated
1,455000.0,41,505000.0,165.0,1,Hispanic or Latino,American Indian or Alaska Native,Male,<25,90.0,Loan originated
1,205000.0,47,255000.0,42.0,1,Not Hispanic or Latino,White,Female,55-64,80.0,Loan originated
1,325000.0,44,435000.0,77.0,1,Hispanic or Latino,White,Male,35-44,97.0,Application denied
1,325000.0,39,405000.0,78.0,1,Not Hispanic or Latino,White,Male,45-54,80.0,Loan originated
1,795000.0,30%-<36%,995000.0,287.0,1,Not Hispanic or Latino,White,Male,35-44,80.0,Loan originated
1,225000.0,30%-<36%,725000.0,69.0,1,Hispanic or Latino,White,Female,25-34,80.0,Loan originated
1,385000.0,42,405000.0,113.0,1,Not Hispanic or Latino,White,Female,35-44,97.0,Loan originated
1,345000.0,40,435000.0,105.0,1,Not Hispanic or Latino,White,Female,35-44,80.0,Loan originated
1,885000.0,49,1265000.0,180.0,1,Not Hispanic or Latino,Asian,Male,35-44,70.0,Loan originated
1,755000.0,44,1005000.0,367.0,1,Not Hispanic or Latino,White,Male,45-54,75.0,Loan originated
1,565000.0,49,595000.0,111.0,1,Not Hispanic or Latino,Black or African American,Female,35-44,95.0,Loan originated
1,505000.0,30%-<36%,1155000.0,178.0,1,Not Hispanic or Latino,Asian,Male,25-34,43.21,Loan originated
1,685000.0,45,885000.0,159.0,1,Not Hispanic or Latino,Asian,Male,25-34,77.401,Loan originated
1,955000.0,45,1275000.0,260.0,1,Not Hispanic or Latino,White,Male,45-54,75.0,Loan originated
1,405000.0,20%-<30%,1005000.0,224.0,1,Not Hispanic or Latino,White,Female,35-44,40.0,Loan originated
1,765000.0,41,1305000.0,205.0,1,Not Hispanic or Latino,White,Male,25-34,58.65,Loan originated
1,265000.0,47,565000.0,70.0,1,Hispanic or Latino,White,Female,55-64,46.903,Loan originated
1,345000.0,20%-<30%,385000.0,130.0,1,Not Hispanic or Latino,Asian,Male,35-44,90.0,Loan originated
1,465000.0,30%-<36%,575000.0,156.0,1,Hispanic or Latino,White,Male,45-54,80.0,Loan originated
1,1125000.0,46,1505000.0,312.0,1,Not Hispanic or Latino,Asian,Female,25-34,75.0,Loan originated
1,235000.0,36,415000.0,99.0,1,Not Hispanic or Latino,Asian,Male,45-54,57.349,Loan originated
1,885000.0,48,1105000.0,221.0,1,Not Hispanic or Latino,Asian,Male,45-54,80.0,Loan originated
1,935000.0,42,1165000.0,817.0,1,Not Hispanic or Latino,White,Female,35-44,80.0,Loan originated
1,495000.0,46,555000.0,104.0,1,Hispanic or Latino,White,Female,<25,89.19,Loan originated
1,175000.0,40,215000.0,100.0,1,Not Hispanic or Latino,Asian,Male,45-54,81.36,Loan originated
1,365000.0,20%-<30%,465000.0,136.0,1,Not Hispanic or Latino,Asian,Male,25-34,80.0,Loan originated
1,475000.0,49,535000.0,86.0,1,Not Hispanic or Latino,Asian,Male,25-34,88.88,Loan originated
1,665000.0,49,825000.0,135.0,1,Not Hispanic or Latino,White,Male,35-44,80.0,Loan originated
1,295000.0,37,315000.0,80.0,1,Hispanic or Latino,White,Male,25-34,93.65,Loan originated
1,225000.0,30%-<36%,575000.0,102.0,1,Hispanic or Latino,White,Male,45-54,39.141,Loan originated
1,955000.0,48,1005000.0,240.0,1,Not Hispanic or Latino,White,Female,45-54,95.0,Loan originated
1,505000.0,48,585000.0,128.0,1,Not Hispanic or Latino,Black or African American,Male,55-64,86.937,Loan originated
1,315000.0,49,415000.0,109.0,1,Not Hispanic or Latino,White,Female,65-74,75.61,Loan originated
1,525000.0,44,595000.0,140.0,1,Not Hispanic or Latino,Asian,Female,35-44,88.0,Loan originated
1,595000.0,38,745000.0,641.0,1,Not Hispanic or Latino,Asian,Male,25-34,80.0,Loan originated
1,485000.0,20%-<30%,615000.0,112.0,1,Not Hispanic or Latino,Asian,Female,25-34,80.0,Loan originated
1,545000.0,20%-<30%,685000.0,300.0,1,Not Hispanic or Latino,Asian,Female,25-34,80.0,Loan originated
1,755000.0,49,1395000.0,171.0,1,Not Hispanic or Latino,White,Male,45-54,53.716,Loan originated
1,655000.0,43,1005000.0,191.0,1,Not Hispanic or Latino,Asian,Male,35-44,65.0,Loan originated
1,345000.0,37,755000.0,170.0,1,Not Hispanic or Latino,Asian,Female,35-44,46.024,Loan originated
1,195000.0,30%-<36%,275000.0,82.0,1,Not Hispanic or Latino,White,Female,55-64,70.578,Loan originated
1,365000.0,45,375000.0,84.0,1,Hispanic or Latino,White,Male,35-44,100.0,Loan originated
1,555000.0,49,635000.0,111.0,1,Hispanic or Latino,Asian,Female,35-44,87.46,Loan originated
1,535000.0,48,835000.0,222.0,1,Not Hispanic or Latino,White,Male,25-34,64.072,Loan originated
1,595000.0,30%-<36%,625000.0,197.0,1,Hispanic or Latino,White,Male,25-34,95.0,Loan originated
1,575000.0,48,605000.0,391.0,1,Not Hispanic or Latino,White,Male,25-34,95.0,Loan originated
1,705000.0,49,745000.0,152.0,1,Hispanic or Latino,White,Female,45-54,95.0,Loan originated
1,965000.0,30%-<36%,1205000.0,260.0,1,Not Hispanic or Latino,Asian,Male,35-44,80.0,Loan originated
1,345000.0,48,455000.0,87.0,1,Not Hispanic or Latino,White,Male,25-34,75.0,Loan originated
1,725000.0,42,905000.0,178.0,1,Hispanic or Latino,White,Male,45-54,80.0,Loan originated
1,565000.0,48,625000.0,142.0,1,Not Hispanic or Latino,Black or African American,Female,55-64,90.0,Loan originated
1,1135000.0,38,1425000.0,314.0,1,Not Hispanic or Latino,Asian,Male,45-54,80.0,Loan originated
1,765000.0,20%-<30%,955000.0,325.0,1,Not Hispanic or Latino,White,Female,35-44,80.0,Loan originated
1,485000.0,44,625000.0,159.0,1,Hispanic or Latino,White,Female,35-44,97.0,Loan originated
1,255000.0,40,305000.0,62.0,1,Not Hispanic or Latino,White,Male,35-44,86.333,Loan originated
1,645000.0,>60%,905000.0,71.0,1,Not Hispanic or Latino,Asian,Female,35-44,71.032,Application denied
1,625000.0,39,775000.0,328.0,1,Hispanic or Latino,White,Male,55-64,80.0,Loan originated
1,885000.0,44,1645000.0,227.0,1,Not Hispanic or Latino,White,Female,45-54,53.45,Loan originated
1,485000.0,30%-<36%,605000.0,180.0,1,Not Hispanic or Latino,Asian,Female,35-44,80.0,Loan originated
1,405000.0,48,805000.0,158.0,1,Not Hispanic or Latino,Asian,Male,25-34,50.0,Loan originated
1,305000.0,41,765000.0,169.0,1,Not Hispanic or Latino,White,Female,45-54,39.41,Loan originated
1,385000.0,40,1185000.0,139.0,1,Not Hispanic or Latino,White,Female,35-44,32.627,Loan originated
1,415000.0,44,515000.0,131.0,1,Hispanic or Latino,American Indian or Alaska Native,Female,25-34,80.0,Application denied
1,545000.0,41,605000.0,835.0,1,Hispanic or Latino,White,Male,25-34,90.0,Loan originated
1,615000.0,20%-<30%,775000.0,381.0,1,Hispanic or Latino,White,Male,65-74,75.0,Application denied
1,425000.0,42,525000.0,112.0,1,Hispanic or Latino,White,Male,25-34,80.0,Loan originated
1,275000.0,20%-<30%,975000.0,182.0,1,Not Hispanic or Latino,White,Female,45-54,28.198,Loan originated
1,775000.0,<20%,1195000.0,1827.0,1,Not Hispanic or Latino,Asian,Female,55-64,64.86,Loan originated
1,705000.0,39,745000.0,279.0,1,Hispanic or Latino,White,Male,45-54,95.0,Loan originated
1,505000.0,45,975000.0,394.0,1,Hispanic or Latino,Asian,Male,35-44,51.545,Loan originated
1,435000.0,20%-<30%,685000.0,323.0,1,Hispanic or Latino,White,Male,<25,63.72,Loan originated
1,505000.0,49,625000.0,93.0,1,Not Hispanic or Latino,Black or African American,Male,35-44,80.0,Loan originated
1,975000.0,>60%,1265000.0,224.0,1,Not Hispanic or Latino,Black or African American,Female,55-64,76.98,Application denied
1,525000.0,45,665000.0,111.0,1,Hispanic or Latino,White,Female,35-44,80.0,Loan originated
1,1065000.0,30%-<36%,1865000.0,398.0,1,Hispanic or Latino,White,Female,35-44,57.173,Loan originated
1,355000.0,43,505000.0,148.0,1,Not Hispanic or Latino,White,Female,>74,69.901,Loan originated
1,445000.0,20%-<30%,555000.0,299.0,1,Not Hispanic or Latino,White,Female,55-64,80.0,Loan originated
1,625000.0,30%-<36%,665000.0,275.0,1,Not Hispanic or Latino,Black or African American,Male,55-64,95.0,Application denied
1,1255000.0,46,2305000.0,615.0,1,Not Hispanic or Latino,Asian,Male,25-34,54.39,Loan originated
1,1145000.0,20%-<30%,1425000.0,485.0,1,Not Hispanic or Latino,White,Female,45-54,80.0,Loan originated
1,325000.0,44,405000.0,82.0,1,Hispanic or Latino,White,Male,35-44,80.0,Loan originated
1,455000.0,20%-<30%,605000.0,330.0,1,Not Hispanic or Latino,Asian,Female,25-34,84.629,Loan originated
1,625000.0,46,785000.0,141.0,1,Not Hispanic or Latino,White,Male,35-44,80.0,Loan originated
1,235000.0,45,295000.0,53.0,1,Not Hispanic or Latino,White,Female,55-64,80.0,Loan originated
1,725000.0,42,905000.0,219.0,1,Not Hispanic or Latino,White,Female,45-54,80.0,Loan originated
1,665000.0,>60%,695000.0,73.0,1,Hispanic or Latino,White,Male,25-34,95.0,Application denied
1,435000.0,>60%,685000.0,50.0,1,Hispanic or Latino,White,Female,45-54,63.24,Application denied
1,445000.0,39,795000.0,192.0,1,Not Hispanic or Latino,Asian,Male,45-54,55.696,Loan originated
1,935000.0,<20%,1105000.0,1161.0,1,Not Hispanic or Latino,White,Male,55-64,85.0,Loan originated
1,175000.0,20%-<30%,745000.0,111.0,1,Not Hispanic or Latino,White,Female,25-34,23.87,Loan originated
1,285000.0,44,845000.0,93.0,1,Not Hispanic or Latino,White,Female,25-34,33.927,Loan originated
1,605000.0,49,865000.0,120.0,1,Not Hispanic or Latino,Asian,Male,25-34,70.0,Loan originated
1,845000.0,43,885000.0,400.0,1,Not Hispanic or Latino,Asian,Male,45-54,95.0,Loan originated
1,455000.0,39,505000.0,131.0,1,Not Hispanic or Latino,Asian,Male,25-34,89.99,Loan originated
1,475000.0,20%-<30%,595000.0,165.0,1,Not Hispanic or Latino,White,Female,55-64,80.0,Loan originated
1,1005000.0,41,1555000.0,231.0,1,Not Hispanic or Latino,Asian,Male,25-34,64.517,Loan originated
1,555000.0,20%-<30%,925000.0,300.0,1,Not Hispanic or Latino,White,Male,35-44,61.0,Loan originated
1,705000.0,37,885000.0,203.0,1,Not Hispanic or Latino,White,Male,25-34,80.0,Loan originated
1,645000.0,20%-<30%,865000.0,222.0,1,Not Hispanic or Latino,Asian,Male,45-54,75.0,Loan originated
1,505000.0,36,775000.0,142.0,1,Not Hispanic or Latino,Asian,Female,<25,64.395,Loan originated
1,815000.0,49,1025000.0,165.0,1,Not Hispanic or Latino,Asian,Male,25-34,80.0,Loan originated
1,485000.0,39,605000.0,282.0,1,Not Hispanic or Latino,Asian,Female,65-74,80.0,Loan originated
1,585000.0,49,735000.0,111.0,1,Not Hispanic or Latino,Asian,Male,25-34,79.774,Loan originated
1,605000.0,36,805000.0,172.0,1,Not Hispanic or Latino,White,Female,45-54,75.0,Loan originated
1,455000.0,39,505000.0,112.0,1,Not Hispanic or Latino,White,Male,<25,90.0,Loan originated
1,1105000.0,36,1305000.0,340.0,1,Not Hispanic or Latino,White,Male,35-44,85.0,Loan originated
1,425000.0,39,525000.0,134.0,1,Hispanic or Latino,White,Female,<25,80.0,Loan originated
1,1075000.0,20%-<30%,1435000.0,488.0,1,Not Hispanic or Latino,Asian,Female,35-44,75.0,Loan originated
1,305000.0,36,385000.0,82.0,1,Not Hispanic or Latino,White,Female,55-64,80.0,Loan originated
1,355000.0,41,495000.0,100.0,1,Not Hispanic or Latino,White,Male,25-34,72.449,Loan originated
1,345000.0,37,365000.0,166.0,1,Not Hispanic or Latino,White,Female,35-44,95.0,Loan originated
1,435000.0,30%-<36%,545000.0,137.0,1,Not Hispanic or Latino,White,Female,55-64,80.0,Loan originated
1,565000.0,42,595000.0,206.0,1,Not Hispanic or Latino,Asian,Male,25-34,95.0,Loan originated
1,605000.0,48,1335000.0,150.0,1,Hispanic or Latino,White,Female,35-44,45.113,Loan originated
1,695000.0,42,925000.0,461.0,1,Not Hispanic or Latino,White,Male,35-44,75.0,Loan originated
1,455000.0,41,505000.0,125.0,1,Not Hispanic or Latino,Asian,Female,<25,90.0,Loan originated
1,825000.0,37,1625000.0,239.0,1,Not Hispanic or Latino,Asian,Male,45-54,50.62,Loan originated
1,395000.0,49,495000.0,88.0,1,Hispanic or Latino,White,Female,35-44,80.0,Loan originated
1,445000.0,47,465000.0,89.0,1,Hispanic or Latino,White,Male,25-34,95.0,Loan originated
1,675000.0,49,835000.0,166.0,1,Not Hispanic or Latino,Asian,Male,55-64,80.0,Loan originated
1,535000.0,46,595000.0,123.0,1,Not Hispanic or Latino,White,Female,35-44,90.0,Loan originated
1,545000.0,44,605000.0,122.0,1,Not Hispanic or Latino,Black or African American,Female,25-34,89.99,Loan originated
1,585000.0,30%-<36%,695000.0,259.0,1,Not Hispanic or Latino,White,Female,25-34,85.0,Loan originated
1,505000.0,30%-<36%,625000.0,447.0,1,Not Hispanic or Latino,White,Female,25-34,80.0,Loan originated
1,1145000.0,42,1435000.0,455.0,1,Not Hispanic or Latino,White,Male,45-54,94.965,Loan originated
1,405000.0,38,515000.0,155.0,1,Not Hispanic or Latino,White,Female,45-54,80.0,Loan originated
1,305000.0,47,1045000.0,86.0,1,Not Hispanic or Latino,White,Female,45-54,28.846,Loan originated
1,605000.0,48,665000.0,183.0,1,Hispanic or Latino,White,Female,45-54,90.0,Loan originated
1,675000.0,38,895000.0,197.0,1,Not Hispanic or Latino,Asian,Female,35-44,75.0,Loan originated
1,275000.0,47,285000.0,59.0,1,Not Hispanic or Latino,White,Male,25-34,100.0,Loan originated
1,445000.0,46,615000.0,239.0,1,Not Hispanic or Latino,White,Male,25-34,72.027,Loan originated
1,755000.0,40,1005000.0,195.0,1,Hispanic or Latino,White,Male,55-64,75.0,Loan originated
1,635000.0,49,665000.0,146.0,1,Hispanic or Latino,White,Female,35-44,94.975,Loan originated
1,365000.0,42,605000.0,103.0,1,Not Hispanic or Latino,White,Male,45-54,60.0,Application denied
1,685000.0,41,715000.0,180.0,1,Hispanic or Latino,White,Female,25-34,97.0,Loan originated
1,425000.0,45,475000.0,95.0,1,Not Hispanic or Latino,White,Male,25-34,92.84,Loan originated
1,405000.0,49,445000.0,118.0,1,Hispanic or Latino,White,Female,55-64,89.749,Loan originated
1,485000.0,43,2485000.0,170.0,1,Not Hispanic or Latino,Asian,Male,45-54,19.558,Loan originated
1,305000.0,<20%,855000.0,189.0,1,Not Hispanic or Latino,White,Male,55-64,35.294,Loan originated
1,545000.0,43,655000.0,120.0,1,Not Hispanic or Latino,Native Hawaiian or Other Pacific Islander,Female,35-44,103.65,Loan originated
1,665000.0,49,995000.0,221.0,1,Not Hispanic or Latino,White,Female,65-74,66.667,Loan originated
1,445000.0,30%-<36%,475000.0,247.0,1,Not Hispanic or Latino,White,Female,55-64,95.0,Loan originated
1,565000.0,<20%,705000.0,746.0,1,Hispanic or Latino,White,Female,25-34,80.0,Loan originated
1,165000.0,30%-<36%,415000.0,60.0,1,Not Hispanic or Latino,White,Female,65-74,39.759,Loan originated
1,765000.0,30%-<36%,1065000.0,204.0,1,Hispanic or Latino,Asian,Male,45-54,71.403,Loan originated
1,725000.0,43,755000.0,202.0,1,Not Hispanic or Latino,Asian,Male,45-54,95.0,Loan originated
1,985000.0,30%-<36%,1235000.0,307.0,1,Not Hispanic or Latino,White,Female,45-54,80.0,Loan originated
1,455000.0,20%-<30%,645000.0,248.0,1,Not Hispanic or Latino,White,Female,35-44,70.0,Loan originated
1,165000.0,36,215000.0,57.0,1,Hispanic or Latino,White,Male,45-54,80.0,Loan originated
1,305000.0,41,325000.0,84.0,1,Hispanic or Latino,White,Male,25-34,97.0,Loan originated
1,65000.0,<20%,605000.0,94.0,1,Not Hispanic or Latino,Asian,Male,65-74,11.16,Loan originated
1,1005000.0,46,1575000.0,284.0,1,Not Hispanic or Latino,Asian,Male,25-34,63.492,Loan originated
1,495000.0,37,515000.0,130.0,1,Hispanic or Latino,White,Male,25-34,97.0,Loan originated
1,515000.0,<20%,695000.0,0.0,1,Not Hispanic or Latino,Asian,Male,45-54,75.0,Application denied
1,565000.0,43,665000.0,159.0,1,Not Hispanic or Latino,Asian,Male,25-34,85.0,Loan originated
1,495000.0,40,705000.0,155.0,1,Not Hispanic or Latino,Asian,Male,35-44,70.0,Loan originated
1,225000.0,30%-<36%,245000.0,87.0,1,Not Hispanic or Latino,White,Female,35-44,90.984,Loan originated
1,805000.0,46,1205000.0,243.0,1,Not Hispanic or Latino,Asian,Male,55-64,66.667,Loan originated
1,515000.0,49,575000.0,104.0,1,Not Hispanic or Latino,Asian,Male,35-44,90.0,Loan originated
1,575000.0,38,1225000.0,206.0,1,Not Hispanic or Latino,White,Male,25-34,47.131,Loan originated
1,555000.0,49,695000.0,157.0,1,Not Hispanic or Latino,Asian,Male,35-44,80.0,Loan originated
1,565000.0,43,705000.0,196.0,1,Not Hispanic or Latino,Native Hawaiian or Other Pacific Islander,Male,35-44,80.0,Loan originated
1,635000.0,42,795000.0,134.0,1,Hispanic or Latino,White,Male,35-44,80.0,Loan originated
1,325000.0,48,405000.0,79.0,1,Not Hispanic or Latino,Black or African American,Male,25-34,80.0,Loan originated
1,535000.0,20%-<30%,595000.0,222.0,1,Not Hispanic or Latino,White,Female,55-64,90.0,Loan originated
1,855000.0,48,1755000.0,194.0,1,Not Hispanic or Latino,Asian,Female,25-34,48.571,Loan originated
1,375000.0,30%-<36%,475000.0,93.0,1,Not Hispanic or Latino,White,Female,35-44,78.953,Loan originated
1,265000.0,36,335000.0,79.0,1,Not Hispanic or Latino,Asian,Male,25-34,80.0,Loan originated
1,655000.0,48,735000.0,145.0,1,Not Hispanic or Latino,Asian,Female,25-34,89.538,Loan originated
1,155000.0,30%-<36%,225000.0,82.0,1,Not Hispanic or Latino,White,Female,35-44,70.0,Loan originated
1,435000.0,45,455000.0,140.0,1,Hispanic or Latino,Asian,Female,25-34,97.0,Loan originated
1,555000.0,40,685000.0,162.0,1,Not Hispanic or Latino,Asian,Female,55-64,80.0,Loan originated
1,885000.0,49,2265000.0,196.0,1,Not Hispanic or Latino,Asian,Male,35-44,39.159,Loan originated
1,755000.0,37,945000.0,318.0,1,Not Hispanic or Latino,Asian,Male,45-54,80.0,Loan originated
1,545000.0,30%-<36%,945000.0,203.0,1,Not Hispanic or Latino,Asian,Male,45-54,57.852,Loan originated
1,565000.0,43,945000.0,144.0,1,Not Hispanic or Latino,White,Female,55-64,59.89,Loan originated
1,985000.0,49,1165000.0,191.0,1,Not Hispanic or Latino,Asian,Male,25-34,85.0,Loan originated
1,1145000.0,44,1675000.0,250.0,1,Not Hispanic or Latino,White,Male,45-54,68.642,Loan originated
1,635000.0,49,845000.0,134.0,1,Hispanic or Latino,White,Male,45-54,75.0,Loan originated
1,115000.0,49,555000.0,42.0,1,Not Hispanic or Latino,White,Male,65-74,20.721,Loan originated
1,685000.0,48,725000.0,135.0,1,Hispanic or Latino,White,Male,25-34,94.31,Loan originated
1,285000.0,49,305000.0,66.0,1,Hispanic or Latino,White,Female,25-34,95.0,Loan originated
1,615000.0,42,1115000.0,147.0,1,Not Hispanic or Latino,White,Male,35-44,55.336,Loan originated
1,75000.0,43,95000.0,41.0,1,Not Hispanic or Latino,Asian,Female,45-54,83.71,Application denied
1,445000.0,30%-<36%,555000.0,165.0,1,Not Hispanic or Latino,White,Male,25-34,80.0,Loan originated
1,235000.0,>60%,245000.0,29.0,1,Hispanic or Latino,American Indian or Alaska Native,Male,45-54,98.89,Application denied
1,375000.0,49,385000.0,88.0,1,Hispanic or Latino,White,Male,55-64,97.0,Loan originated
1,725000.0,49,765000.0,243.0,1,Not Hispanic or Latino,White,Female,45-54,95.0,Loan originated
1,505000.0,41,525000.0,176.0,1,Hispanic or Latino,White,Male,35-44,95.0,Loan originated
1,545000.0,30%-<36%,905000.0,172.0,1,Not Hispanic or Latino,Asian,Female,45-54,60.0,Loan originated
1,415000.0,43,445000.0,232.0,1,Not Hispanic or Latino,Asian,Female,55-64,95.0,Loan originated
1,415000.0,46,525000.0,84.0,1,Not Hispanic or Latino,White,Female,45-54,80.0,Loan originated
1,725000.0,20%-<30%,805000.0,285.0,1,Hispanic or Latino,White,Male,45-54,89.99,Loan originated
1,445000.0,50%-60%,595000.0,138.0,1,Hispanic or Latino,Black or African American,Male,45-54,75.0,Loan originated
1,655000.0,45,1055000.0,160.0,1,Hispanic or Latino,White,Female,45-54,61.905,Loan originated
1,715000.0,43,795000.0,200.0,1,Not Hispanic or Latino,White,Female,25-34,90.0,Loan originated
1,655000.0,47,775000.0,124.0,1,Not Hispanic or Latino,White,Male,<25,85.0,Loan originated
1,415000.0,30%-<36%,515000.0,153.0,1,Hispanic or Latino,White,Male,25-34,80.0,Loan originated
1,685000.0,30%-<36%,855000.0,287.0,1,Not Hispanic or Latino,White,Female,55-64,80.0,Loan originated
1,355000.0,47,375000.0,152.0,1,Hispanic or Latino,White,Male,35-44,95.0,Loan originated
1,195000.0,46,455000.0,73.0,1,Hispanic or Latino,White,Female,35-44,41.76,Loan originated
1,475000.0,44,505000.0,115.0,1,Not Hispanic or Latino,White,Male,65-74,95.0,Loan originated
1,335000.0,49,485000.0,70.0,1,Not Hispanic or Latino,Asian,Female,45-54,70.0,Loan originated
1,305000.0,43,465000.0,93.0,1,Hispanic or Latino,White,Male,35-44,65.299,Loan originated
1,445000.0,40,475000.0,125.0,1,Hispanic or Latino,White,Female,35-44,98.0,Loan originated
1,645000.0,46,675000.0,130.0,1,Not Hispanic or Latino,White,Male,35-44,95.0,Loan originated
1,755000.0,38,915000.0,206.0,1,Not Hispanic or Latino,Black or African American,Male,35-44,83.0,Loan originated
1,515000.0,43,575000.0,130.0,1,Hispanic or Latino,White,Male,45-54,89.57,Loan originated
1,1025000.0,49,1315000.0,420.0,1,Not Hispanic or Latino,White,Male,55-64,78.0,Loan originated
1,665000.0,38,875000.0,190.0,1,Not Hispanic or Latino,Asian,Male,25-34,76.897,Loan originated
1,345000.0,45,365000.0,100.0,1,Not Hispanic or Latino,White,Male,65-74,98.0,Loan originated
1,65000.0,48,75000.0,34.0,1,Hispanic or Latino,White,Male,35-44,90.0,Application denied
1,355000.0,30%-<36%,375000.0,265.0,1,Not Hispanic or Latino,Asian,Female,45-54,95.0,Loan originated
1,385000.0,40,635000.0,122.0,1,Not Hispanic or Latino,White,Male,55-64,60.63,Loan originated
1,445000.0,38,555000.0,166.0,1,Not Hispanic or Latino,White,Male,25-34,80.0,Loan originated
1,755000.0,41,945000.0,210.0,1,Not Hispanic or Latino,White,Male,35-44,80.0,Loan originated
1,475000.0,<20%,625000.0,285.0,1,Not Hispanic or Latino,Asian,Female,35-44,77.317,Loan originated
1,765000.0,36,1125000.0,220.0,1,Not Hispanic or Latino,Asian,Male,55-64,68.138,Loan originated
1,195000.0,43,225000.0,107.0,1,Hispanic or Latino,White,Male,25-34,87.29,Loan originated
1,475000.0,50%-60%,485000.0,105.0,1,Not Hispanic or Latino,Asian,Male,35-44,98.189,Application denied
1,715000.0,48,1195000.0,169.0,1,Not Hispanic or Latino,White,Male,35-44,60.0,Loan originated
1,685000.0,30%-<36%,915000.0,449.0,1,Not Hispanic or Latino,Asian,Male,45-54,75.0,Loan originated
1,265000.0,48,425000.0,62.0,1,Hispanic or Latino,White,Female,65-74,63.27,Loan originated
1,825000.0,45,1505000.0,228.0,1,Not Hispanic or Latino,White,Male,35-44,55.0,Loan originated
1,675000.0,49,845000.0,131.0,1,Not Hispanic or Latino,Black or African American,Male,55-64,80.0,Loan originated
1,465000.0,20%-<30%,795000.0,205.0,1,Not Hispanic or Latino,White,Female,45-54,90.0,Loan originated
1,545000.0,48,745000.0,116.0,1,Not Hispanic or Latino,Asian,Female,25-34,73.333,Loan originated
1,185000.0,41,205000.0,74.0,1,Not Hispanic or Latino,White,Female,35-44,90.621,Loan originated
1,525000.0,46,555000.0,146.0,1,Not Hispanic or Latino,White,Male,45-54,98.0,Loan originated
1,495000.0,49,575000.0,125.0,1,Not Hispanic or Latino,Asian,Female,25-34,86.09,Loan originated
1,255000.0,<20%,1005000.0,210.0,1,Not Hispanic or Latino,Asian,Female,55-64,25.0,Loan originated
1,425000.0,47,445000.0,101.0,1,Not Hispanic or Latino,White,Female,35-44,97.0,Loan originated
1,805000.0,30%-<36%,925000.0,254.0,1,Hispanic or Latino,White,Female,35-44,86.492,Loan originated
1,715000.0,46,895000.0,176.0,1,Not Hispanic or Latino,Native Hawaiian or Other Pacific Islander,Male,35-44,80.0,Loan originated
1,585000.0,47,785000.0,145.0,1,Not Hispanic or Latino,Asian,Male,35-44,75.0,Loan originated
1,705000.0,47,885000.0,185.0,1,Not Hispanic or Latino,White,Female,<25,80.0,Application denied
1,445000.0,20%-<30%,985000.0,240.0,1,Hispanic or Latino,White,Male,35-44,45.0,Loan originated
1,325000.0,44,615000.0,103.0,1,Not Hispanic or Latino,Asian,Male,25-34,52.042,Loan originated
1,295000.0,30%-<36%,645000.0,114.0,1,Not Hispanic or Latino,White,Female,45-54,46.03,Loan originated
1,455000.0,20%-<30%,555000.0,169.0,1,Hispanic or Latino,White,Male,25-34,81.818,Loan originated
1,905000.0,48,1315000.0,290.0,1,Not Hispanic or Latino,Asian,Male,55-64,68.702,Loan originated
1,215000.0,49,805000.0,76.0,1,Not Hispanic or Latino,Asian,Female,55-64,26.25,Application denied
1,65000.0,20%-<30%,135000.0,180.0,1,Not Hispanic or Latino,White,Female,45-54,44.44,Loan originated
1,245000.0,20%-<30%,615000.0,141.0,1,Hispanic or Latino,White,Male,65-74,40.0,Loan originated
1,765000.0,42,825000.0,177.0,1,Not Hispanic or Latino,Asian,Male,35-44,93.415,Loan originated
1,515000.0,>60%,645000.0,0.0,1,Not Hispanic or Latino,Asian,Female,45-54,79.994,Application denied
1,555000.0,48,695000.0,123.0,1,Hispanic or Latino,White,Female,65-74,80.0,Loan originated
1,55000.0,45,505000.0,50.0,1,Hispanic or Latino,White,Male,45-54,26.0,Application denied
1,765000.0,46,855000.0,163.0,1,Hispanic or Latino,Black or African American,Male,35-44,90.0,Loan originated
1,635000.0,48,1125000.0,127.0,1,Not Hispanic or Latino,Asian,Female,45-54,56.09973,Loan originated
1,635000.0,30%-<36%,795000.0,224.0,1,Not Hispanic or Latino,White,Female,25-34,80.0,Application denied
1,825000.0,41,1195000.0,205.0,1,Not Hispanic or Latino,Asian,Male,25-34,68.75,Loan originated
1,515000.0,40,645000.0,172.0,1,Not Hispanic or Latino,Asian,Female,55-64,80.0,Loan originated
1,255000.0,48,385000.0,135.0,1,Not Hispanic or Latino,White,Male,25-34,66.81,Application denied
1,765000.0,47,965000.0,166.0,1,Not Hispanic or Latino,Asian,Male,45-54,79.69,Loan originated
1,1095000.0,41,1285000.0,272.0,1,Not Hispanic or Latino,Asian,Male,35-44,85.0,Loan originated
1,385000.0,40,405000.0,101.0,1,Not Hispanic or Latino,White,Male,25-34,97.0,Loan originated
1,345000.0,38,425000.0,100.0,1,Hispanic or Latino,White,Male,<25,80.0,Loan originated
1,525000.0,20%-<30%,665000.0,320.0,1,Not Hispanic or Latino,White,Female,45-54,80.0,Loan originated
1,255000.0,49,415000.0,56.0,1,Hispanic or Latino,White,Female,35-44,63.0,Loan originated
1,385000.0,48,475000.0,125.0,1,Not Hispanic or Latino,Asian,Female,25-34,80.0,Loan originated
1,375000.0,45,505000.0,112.0,1,Not Hispanic or Latino,Asian,Female,25-34,99.88,Loan originated
1,205000.0,49,365000.0,51.0,1,Not Hispanic or Latino,White,Male,<25,54.201,Loan originated
1,515000.0,39,645000.0,142.0,1,Not Hispanic or Latino,Asian,Female,35-44,80.0,Loan originated
1,405000.0,49,445000.0,89.0,1,Not Hispanic or Latino,Asian,Male,25-34,90.0,Loan originated
1,25000.0,36,635000.0,166.0,1,Not Hispanic or Latino,Asian,Male,25-34,100.0,Loan originated
1,145000.0,38,155000.0,91.0,1,Not Hispanic or Latino,White,Female,45-54,95.0,Loan originated
1,355000.0,44,455000.0,214.0,1,Hispanic or Latino,White,Female,<25,78.013,Loan originated
1,275000.0,41,675000.0,73.0,1,Not Hispanic or Latino,White,Male,35-44,40.299,Loan originated
1,375000.0,48,585000.0,78.0,1,Not Hispanic or Latino,White,Female,35-44,63.248,Loan originated
1,575000.0,30%-<36%,615000.0,179.0,1,Not Hispanic or Latino,White,Male,55-64,95.0,Loan originated
1,1125000.0,48,1595000.0,234.0,1,Not Hispanic or Latino,Asian,Male,35-44,70.36,Loan originated
1,505000.0,37,635000.0,124.0,1,Not Hispanic or Latino,White,Male,35-44,80.0,Loan originated
1,315000.0,44,395000.0,118.0,1,Not Hispanic or Latino,White,Female,25-34,80.0,Loan originated
1,345000.0,20%-<30%,865000.0,242.0,1,Not Hispanic or Latino,Asian,Male,35-44,40.161,Loan originated
1,315000.0,36,395000.0,81.0,1,Not Hispanic or Latino,White,Male,35-44,100.0,Loan originated
1,385000.0,38,405000.0,194.0,1,Hispanic or Latino,White,Male,35-44,95.0,Loan originated
