loan_purpose,loan_amount,debt_to_income_ratio,property_value,income,occupancy_type,derived_ethnicity,derived_race,derived_sex,applicant_age,loan_to_value_ratio,action_taken
1,575000.0,38,715000.0,225.0,1,Not Hispanic or Latino,Asian,Female,45-54,80.0,Loan originated
1,365000.0,30%-<36%,505000.0,120.0,1,Not Hispanic or Latino,Asian,Male,25-34,73.0,Loan originated
1,305000.0,30%-<36%,455000.0,111.0,1,Not Hispanic or Latino,White,Male,25-34,66.67,Loan originated
1,365000.0,49,405000.0,67.0,1,Not Hispanic or Latino,Asian,Male,45-54,95.0,Loan originated
1,1065000.0,48,1325000.0,365.0,1,Hispanic or Latino,White,Female,25-34,80.0,Loan originated
1,455000.0,30%-<36%,605000.0,157.0,1,Not Hispanic or Latino,Asian,Female,45-54,75.0,Loan originated
1,1045000.0,47,1315000.0,503.0,1,Not Hispanic or Latino,White,Male,35-44,80.0,Application denied
1,695000.0,30%-<36%,735000.0,337.0,1,Hispanic or Latino,White,Female,25-34,95.0,Loan originated
1,1065000.0,38,1415000.0,314.0,1,Not Hispanic or Latino,Asian,Male,25-34,75.0,Loan originated
1,405000.0,30%-<36%,775000.0,155.0,1,Not Hispanic or Latino,White,Female,55-64,52.987,Loan originated
1,785000.0,30%-<36%,975000.0,373.0,1,Hispanic or Latino,White,Male,35-44,80.0,Loan originated
1,665000.0,40,835000.0,240.0,1,Not Hispanic or Latino,Asian,Male,45-54,80.0,Loan originated
1,295000.0,38,355000.0,75.0,1,Hispanic or Latino,White,Female,45-54,85.0,Loan originated
1,505000.0,20%-<30%,1155000.0,201.0,1,Not Hispanic or Latino,Asian,Male,45-54,43.48,Loan originated
1,205000.0,<20%,1465000.0,398.0,1,Not Hispanic or Latino,Asian,Female,45-54,13.699,Loan originated
1,375000.0,46,415000.0,111.0,1,Not Hispanic or Latino,White,Female,35-44,90.0,Loan originated
1,275000.0,44,425000.0,75.0,1,Not Hispanic or Latino,Asian,Female,45-54,65.0,Loan originated
1,395000.0,45,465000.0,94.0,1,Hispanic or Latino,White,Male,45-54,85.0,Application denied
1,305000.0,48,605000.0,97.0,1,Not Hispanic or Latino,White,Male,35-44,50.0,Loan originated
1,215000.0,43,355000.0,50.0,1,Not Hispanic or Latino,White,Female,>74,60.0,Loan originated
1,555000.0,44,585000.0,151.0,1,Not Hispanic or Latino,White,Female,55-64,95.0,Loan originated
1,1355000.0,37,1815000.0,378.0,1,Not Hispanic or Latino,White,Male,45-54,75.0,Loan originated
1,705000.0,36,1005000.0,215.0,1,Not Hispanic or Latino,White,Female,45-54,70.0,Loan originated
1,705000.0,49,835000.0,136.0,1,Not Hispanic or Latino,Black or African American,Female,45-54,85.0,Loan originated
1,115000.0,48,125000.0,110.0,1,Not Hispanic or Latino,White,Male,45-54,95.0,Loan originated
1,635000.0,>60%,795000.0,120.0,1,Hispanic or Latino,Asian,Male,25-34,80.0,Application denied
1,1025000.0,48,1285000.0,209.0,1,Hispanic or Latino,White,Male,25-34,80.0,Loan originated
1,505000.0,<20%,765000.0,2101.0,1,Not Hispanic or Latino,White,Male,25-34,65.789,Loan originated
1,425000.0,42,525000.0,101.0,1,Not Hispanic or Latino,White,Female,55-64,80.0,Loan originated
1,285000.0,47,555000.0,104.0,1,Hispanic or Latino,White,Female,35-44,50.901,Loan originated
1,485000.0,49,515000.0,273.0,1,Not Hispanic or Latino,Asian,Male,65-74,95.0,Loan originated
1,625000.0,49,735000.0,217.0,1,Not Hispanic or Latino,White,Male,35-44,85.0,Loan originated
1,835000.0,20%-<30%,1045000.0,316.0,1,Not Hispanic or Latino,Asian,Male,35-44,80.0,Loan originated
1,685000.0,30%-<36%,865000.0,212.0,1,Not Hispanic or Latino,Asian,Male,35-44,80.0,Loan originated
1,405000.0,46,445000.0,90.0,1,Hispanic or Latino,White,Female,25-34,90.0,Loan originated
1,765000.0,41,1395000.0,219.0,1,Not Hispanic or Latino,White,Female,45-54,53.08,Loan originated
1,575000.0,41,925000.0,176.0,1,Not Hispanic or Latino,Asian,Male,25-34,62.0,Loan originated
1,715000.0,30%-<36%,925000.0,377.0,1,Not Hispanic or Latino,White,Male,45-54,77.45,Loan originated
1,355000.0,50%-60%,445000.0,84.0,1,Not Hispanic or Latino,White,Male,25-34,80.0,Loan originated
1,385000.0,45,405000.0,83.0,1,Hispanic or Latino,White,Male,35-44,95.0,Loan originated
1,205000.0,20%-<30%,435000.0,172.0,1,Not Hispanic or Latino,Asian,Female,25-34,46.512,Loan originated
1,755000.0,48,1305000.0,160.0,1,Not Hispanic or Latino,White,Male,45-54,57.692,Loan originated
1,395000.0,46,495000.0,91.0,1,Hispanic or Latino,White,Female,45-54,80.0,Loan originated
1,605000.0,>60%,995000.0,0.0,1,Not Hispanic or Latino,Asian,Male,65-74,60.3,Application denied
1,405000.0,30%-<36%,715000.0,296.0,1,Not Hispanic or Latino,White,Female,55-64,56.0,Loan originated
1,495000.0,42,615000.0,142.0,1,Not Hispanic or Latino,Asian,Male,35-44,80.0,Loan originated
1,765000.0,39,1695000.0,273.0,1,Not Hispanic or Latino,White,Male,45-54,45.12,Loan originated
1,1005000.0,<20%,1805000.0,715.0,1,Not Hispanic or Latino,Asian,Male,35-44,55.556,Loan originated
1,575000.0,46,605000.0,142.0,1,Not Hispanic or Latino,Asian,Female,45-54,95.0,Loan originated
1,405000.0,30%-<36%,955000.0,154.0,1,Not Hispanic or Latino,Asian,Female,35-44,42.105,Loan originated
1,275000.0,45,295000.0,75.0,1,Hispanic or Latino,American Indian or Alaska Native,Male,25-34,95.0,Loan originated
1,925000.0,47,1155000.0,295.0,1,Not Hispanic or Latino,White,Male,25-34,80.0,Loan originated
1,215000.0,41,445000.0,53.0,1,Not Hispanic or Latino,Black or African American,Female,65-74,46.772,Loan originated
1,485000.0,30%-<36%,615000.0,233.0,1,Hispanic or Latino,White,Female,25-34,80.0,Loan originated
1,475000.0,49,905000.0,147.0,1,Not Hispanic or Latino,White,Female,65-74,53.0,Loan originated
1,615000.0,20%-<30%,685000.0,390.0,1,Not Hispanic or Latino,White,Female,35-44,89.98,Loan originated
1,765000.0,45,805000.0,240.0,1,Not Hispanic or Latino,White,Female,35-44,94.858,Loan originated
1,255000.0,46,325000.0,68.0,1,Hispanic or Latino,White,Female,25-34,80.0,Loan originated
1,495000.0,43,625000.0,118.0,1,Not Hispanic or Latino,Black or African American,Male,35-44,80.0,Loan originated
1,635000.0,43,725000.0,159.0,1,Not Hispanic or Latino,White,Female,25-34,87.931,Loan originated
1,445000.0,49,475000.0,159.0,1,Not Hispanic or Latino,Asian,Female,35-44,95.0,Loan originated
1,345000.0,45,445000.0,75.0,1,Not Hispanic or Latino,White,Female,45-54,76.721,Loan originated
1,645000.0,46,915000.0,310.0,1,Not Hispanic or Latino,Asian,Male,25-34,69.994,Loan originated
1,405000.0,49,505000.0,84.0,1,Not Hispanic or Latino,White,Male,25-34,80.0,Loan originated
1,385000.0,41,485000.0,111.0,1,Not Hispanic or Latino,Asian,Female,35-44,80.0,Loan originated
1,455000.0,43,725000.0,106.0,1,Not Hispanic or Latino,White,Male,25-34,62.069,Loan originated
1,885000.0,30%-<36%,1355000.0,232.0,1,Not Hispanic or Latino,Asian,Male,25-34,65.461,Loan originated
1,575000.0,49,605000.0,199.0,1,Not Hispanic or Latino,White,Male,45-54,95.0,Loan originated
1,385000.0,46,485000.0,79.0,1,Not Hispanic or Latino,White,Male,25-34,80.0,Loan originated
1,685000.0,46,725000.0,169.0,1,Hispanic or Latino,White,Female,35-44,95.0,Loan originated
1,505000.0,39,1405000.0,153.0,1,Not Hispanic or Latino,Asian,Female,25-34,36.0,Loan originated
1,685000.0,20%-<30%,925000.0,253.0,1,Not Hispanic or Latino,White,Female,35-44,74.054,Loan originated
1,805000.0,49,845000.0,190.0,1,Hispanic or Latino,White,Female,25-34,94.988,Loan originated
1,645000.0,44,805000.0,200.0,1,Hispanic or Latino,White,Female,<25,80.0,Loan originated
1,725000.0,43,905000.0,423.0,1,Not Hispanic or Latino,Asian,Male,25-34,80.0,Loan originated
1,225000.0,<20%,285000.0,473.0,1,Hispanic or Latino,White,Male,55-64,80.0,Loan originated
1,615000.0,49,725000.0,113.0,1,Hispanic or Latino,White,Male,>74,84.722,Loan originated
1,385000.0,47,425000.0,116.0,1,Not Hispanic or Latino,Black or African American,Male,25-34,90.0,Loan originated
1,215000.0,20%-<30%,235000.0,205.0,1,Hispanic or Latino,White,Male,55-64,89.787,Loan originated
1,95000.0,30%-<36%,115000.0,70.0,1,Hispanic or Latino,White,Male,25-34,80.0,Loan originated
1,375000.0,46,575000.0,96.0,1,Not Hispanic or Latino,Asian,Male,25-34,65.0,Loan originated
1,405000.0,45,805000.0,119.0,1,Not Hispanic or Latino,White,Male,45-54,83.75,Loan originated
1,495000.0,40,555000.0,126.0,1,Hispanic or Latino,White,Female,45-54,89.91,Loan originated
1,65000.0,30%-<36%,165000.0,67.0,1,Hispanic or Latino,White,Male,35-44,37.5,Loan originated
1,305000.0,20%-<30%,585000.0,258.0,1,Not Hispanic or Latino,Asian,Male,25-34,51.72,Loan originated
1,955000.0,47,1365000.0,224.0,1,Not Hispanic or Latino,White,Female,45-54,70.0,Loan originated
1,715000.0,47,795000.0,165.0,1,Not Hispanic or Latino,White,Female,45-54,90.0,Loan originated
1,255000.0,42,265000.0,77.0,1,Hispanic or Latino,Black or African American,Female,25-34,97.0,Application denied
1,595000.0,>60%,665000.0,139.0,1,Hispanic or Latino,Asian,Male,35-44,90.0,Application denied
1,235000.0,20%-<30%,335000.0,322.0,1,Not Hispanic or Latino,White,Female,<25,69.69,Loan originated
1,325000.0,44,345000.0,94.0,1,Hispanic or Latino,White,Male,25-34,94.2,Loan originated
1,115000.0,43,275000.0,65.0,1,Not Hispanic or Latino,Asian,Female,>74,42.45,Loan originated
1,365000.0,47,455000.0,263.0,1,Not Hispanic or Latino,Asian,Male,35-44,80.0,Loan originated
1,625000.0,30%-<36%,1655000.0,220.0,1,Not Hispanic or Latino,White,Male,35-44,37.764,Loan originated
1,765000.0,38,825000.0,306.0,1,Not Hispanic or Latino,White,Male,25-34,92.916,Loan originated
1,205000.0,20%-<30%,1565000.0,206.0,1,Not Hispanic or Latino,Asian,Male,25-34,12.759,Loan originated
1,135000.0,50%-60%,145000.0,58.0,1,Not Hispanic or Latino,White,Female,55-64,90.0,Loan originated
1,335000.0,48,405000.0,65.0,1,Hispanic or Latino,White,Male,35-44,102.0,Loan originated
1,55000.0,<20%,255000.0,144.0,1,Not Hispanic or Latino,White,Male,55-64,19.61,Loan originated
1,215000.0,43,225000.0,88.0,1,Hispanic or Latino,White,Male,25-34,95.0,Loan originated
1,715000.0,42,895000.0,175.0,1,Not Hispanic or Latino,Asian,Male,25-34,80.0,Loan originated
1,475000.0,43,555000.0,123.0,1,Hispanic or Latino,White,Male,25-34,85.632,Loan originated
1,815000.0,20%-<30%,1265000.0,372.0,1,Not Hispanic or Latino,Asian,Male,25-34,65.0,Loan originated
1,455000.0,37,455000.0,150.0,1,Hispanic or Latino,White,Female,25-34,100.0,Loan originated
1,665000.0,49,705000.0,158.0,1,Not Hispanic or Latino,Asian,Female,25-34,95.0,Loan originated
1,475000.0,30%-<36%,535000.0,150.0,1,Not Hispanic or Latino,Asian,Female,25-34,90.0,Loan originated
1,85000.0,20%-<30%,685000.0,86.0,1,Hispanic or Latino,White,Male,65-74,13.037,Loan originated
1,765000.0,40,1485000.0,306.0,1,Not Hispanic or Latino,Asian,Male,35-44,51.61,Loan originated
1,825000.0,49,1025000.0,178.0,1,Not Hispanic or Latino,Asian,Male,25-34,80.0,Loan originated
1,185000.0,20%-<30%,205000.0,250.0,1,Not Hispanic or Latino,White,Male,25-34,90.0,Loan originated
1,825000.0,37,1025000.0,256.0,1,Not Hispanic or Latino,White,Female,25-34,80.0,Loan originated
1,155000.0,30%-<36%,385000.0,62.0,1,Hispanic or Latino,White,Female,25-34,41.0,Loan originated
1,315000.0,48,335000.0,75.0,1,Hispanic or Latino,White,Male,45-54,95.4,Loan originated
1,215000.0,37,495000.0,164.0,1,Not Hispanic or Latino,White,Male,25-34,43.287,Loan originated
1,705000.0,46,3885000.0,341.0,1,Not Hispanic or Latino,Asian,Female,45-54,18.042,Loan originated
1,445000.0,30%-<36%,555000.0,172.0,1,Not Hispanic or Latino,Asian,Male,25-34,80.0,Loan originated
1,565000.0,49,755000.0,136.0,1,Not Hispanic or Latino,White,Male,<25,75.0,Loan originated
1,315000.0,30%-<36%,365000.0,199.0,1,Not Hispanic or Latino,White,Female,55-64,85.0,Loan originated
1,365000.0,48,385000.0,73.0,1,Not Hispanic or Latino,White,Female,55-64,93.838,Loan originated
1,755000.0,30%-<36%,845000.0,254.0,1,Not Hispanic or Latino,Asian,Female,25-34,90.0,Loan originated
1,785000.0,30%-<36%,985000.0,225.0,1,Not Hispanic or Latino,Asian,Male,25-34,80.0,Loan originated
1,545000.0,49,695000.0,116.0,1,Not Hispanic or Latino,Asian,Male,35-44,78.0,Loan originated
1,755000.0,>60%,1155000.0,116.0,1,Not Hispanic or Latino,White,Male,55-64,65.217,Loan originated
1,205000.0,41,605000.0,69.0,1,Not Hispanic or Latino,White,Male,45-54,34.0,Loan originated
1,115000.0,30%-<36%,355000.0,77.0,1,Not Hispanic or Latino,White,Female,25-34,32.168,Loan originated
1,315000.0,30%-<36%,375000.0,104.0,1,Not Hispanic or Latino,White,Female,25-34,85.0,Loan originated
1,225000.0,46,775000.0,75.0,1,Hispanic or Latino,White,Male,35-44,28.571,Loan originated
1,405000.0,42,455000.0,87.0,1,Not Hispanic or Latino,Black or African American,Male,25-34,90.0,Loan originated
1,495000.0,48,615000.0,109.0,1,Not Hispanic or Latino,White,Male,65-74,80.0,Loan originated
1,375000.0,20%-<30%,475000.0,337.0,1,Not Hispanic or Latino,Asian,Male,45-54,80.0,Loan originated
1,1145000.0,42,1855000.0,323.0,1,Not Hispanic or Latino,White,Male,35-44,61.868,Loan originated
1,415000.0,30%-<36%,765000.0,139.0,1,Not Hispanic or Latino,White,Male,25-34,53.947,Application denied
1,355000.0,39,705000.0,95.0,1,Not Hispanic or Latino,Asian,Male,45-54,50.0,Loan originated
1,545000.0,30%-<36%,685000.0,217.0,1,Not Hispanic or Latino,Asian,Male,35-44,80.0,Loan originated
1,435000.0,47,545000.0,144.0,1,Not Hispanic or Latino,Asian,Male,25-34,80.0,Loan originated
1,405000.0,36,445000.0,95.0,1,Hispanic or Latino,White,Male,65-74,90.0,Loan originated
1,785000.0,30%-<36%,1465000.0,354.0,1,Not Hispanic or Latino,Asian,Male,35-44,53.216,Loan originated
1,465000.0,49,585000.0,175.0,1,Not Hispanic or Latino,Asian,Female,35-44,80.0,Loan originated
1,655000.0,36,775000.0,221.0,1,Not Hispanic or Latino,White,Male,35-44,83.871,Loan originated
1,565000.0,44,705000.0,195.0,1,Hispanic or Latino,White,Female,55-64,80.0,Loan originated
1,1365000.0,46,2105000.0,307.0,1,Not Hispanic or Latino,White,Male,25-34,65.0,Application denied
1,575000.0,37,555000.0,180.0,1,Not Hispanic or Latino,Black or African American,Female,45-54,90.0,Application denied
1,355000.0,49,485000.0,92.0,1,Not Hispanic or Latino,White,Male,55-64,73.958,Loan originated
1,1145000.0,44,1525000.0,280.0,1,Not Hispanic or Latino,White,Male,25-34,75.0,Loan originated
1,565000.0,42,585000.0,153.0,1,Not Hispanic or Latino,White,Female,45-54,97.0,Loan originated
1,625000.0,46,835000.0,339.0,1,Not Hispanic or Latino,Asian,Male,<25,75.0,Loan originated
1,485000.0,20%-<30%,515000.0,269.0,1,Not Hispanic or Latino,White,Female,45-54,95.0,Loan originated
1,915000.0,20%-<30%,1145000.0,280.0,1,Not Hispanic or Latino,Asian,Male,25-34,80.0,Loan originated
1,1015000.0,42,1265000.0,247.0,1,Not Hispanic or Latino,Asian,Female,25-34,80.0,Loan originated
1,675000.0,42,715000.0,187.0,1,Hispanic or Latino,White,Male,35-44,95.0,Loan originated
1,445000.0,49,595000.0,90.0,1,Not Hispanic or Latino,Black or African American,Male,45-54,75.284,Loan originated
1,365000.0,48,565000.0,115.0,1,Not Hispanic or Latino,White,Male,35-44,64.286,Loan originated
1,745000.0,47,765000.0,142.0,1,Hispanic or Latino,White,Male,25-34,97.0,Application denied
1,475000.0,43,485000.0,147.0,1,Hispanic or Latino,White,Female,45-54,97.0,Loan originated
1,375000.0,38,395000.0,130.0,1,Not Hispanic or Latino,Asian,Female,55-64,100.0,Loan originated
1,925000.0,44,1235000.0,211.0,1,Not Hispanic or Latino,Asian,Male,25-34,75.0,Loan originated
1,355000.0,44,635000.0,96.0,1,Hispanic or Latino,White,Female,45-54,56.618,Loan originated
1,635000.0,46,845000.0,270.0,1,Not Hispanic or Latino,Asian,Female,45-54,74.976,Loan originated
1,765000.0,49,1175000.0,199.0,1,Not Hispanic or Latino,White,Female,35-44,65.191,Loan originated
1,1145000.0,<20%,1755000.0,725.0,1,Not Hispanic or Latino,White,Male,45-54,65.657,Loan originated
1,795000.0,43,1145000.0,196.0,1,Not Hispanic or Latino,Asian,Female,35-44,70.0,Loan originated
1,705000.0,36,1175000.0,166.0,1,Not Hispanic or Latino,White,Male,35-44,60.0,Loan originated
1,815000.0,41,1025000.0,290.0,1,Not Hispanic or Latino,White,Female,55-64,80.0,Loan originated
1,765000.0,44,915000.0,188.0,1,Not Hispanic or Latino,Asian,Female,25-34,83.502,Loan originated
1,895000.0,40,1335000.0,298.0,1,Not Hispanic or Latino,Asian,Male,45-54,67.068,Loan originated
1,705000.0,39,1945000.0,269.0,1,Not Hispanic or Latino,Asian,Male,45-54,36.129,Loan originated
1,135000.0,45,165000.0,27.0,1,Hispanic or Latino,White,Female,55-64,80.0,Loan originated
1,645000.0,36,715000.0,229.0,1,Not Hispanic or Latino,Native Hawaiian or Other Pacific Islander,Female,25-34,90.0,Loan originated
1,305000.0,30%-<36%,545000.0,105.0,1,Not Hispanic or Latino,Asian,Female,25-34,55.56,Loan originated
1,235000.0,45,925000.0,95.0,1,Hispanic or Latino,Asian,Female,55-64,25.352,Loan originated
1,555000.0,41,755000.0,148.0,1,Not Hispanic or Latino,White,Female,>74,73.334,Loan originated
1,175000.0,48,185000.0,46.0,1,Hispanic or Latino,White,Male,65-74,95.0,Loan originated
1,725000.0,42,765000.0,156.0,1,Not Hispanic or Latino,Native Hawaiian or Other Pacific Islander,Male,<25,95.0,Loan originated
1,315000.0,40,515000.0,100.0,1,Not Hispanic or Latino,White,Female,35-44,61.464,Loan originated
1,275000.0,47,295000.0,61.0,1,Hispanic or Latino,White,Female,35-44,94.068,Loan originated
1,295000.0,45,675000.0,110.0,1,Not Hispanic or Latino,White,Female,45-54,42.963,Loan originated
1,675000.0,43,715000.0,154.0,1,Not Hispanic or Latino,Asian,Female,25-34,95.0,Loan originated
1,505000.0,49,535000.0,101.0,1,Not Hispanic or Latino,Asian,Male,35-44,95.0,Loan originated
1,925000.0,42,1235000.0,427.0,1,Not Hispanic or Latino,Asian,Male,55-64,75.0,Loan originated
1,535000.0,20%-<30%,635000.0,201.0,1,Not Hispanic or Latino,Black or African American,Male,35-44,85.0,Loan originated
1,785000.0,47,985000.0,233.0,1,Not Hispanic or Latino,Asian,Male,45-54,80.0,Loan originated
1,675000.0,>60%,845000.0,95.0,1,Not Hispanic or Latino,Asian,Female,25-34,80.0,Application denied
1,445000.0,30%-<36%,555000.0,145.0,1,Hispanic or Latino,White,Female,45-54,80.0,Loan originated
1,1055000.0,49,1345000.0,195.0,1,Not Hispanic or Latino,Asian,Female,35-44,79.0,Loan originated
1,925000.0,30%-<36%,1155000.0,486.0,1,Not Hispanic or Latino,Asian,Male,45-54,79.92,Loan originated
1,875000.0,30%-<36%,1095000.0,243.0,1,Hispanic or Latino,White,Male,35-44,80.0,Loan originated
1,185000.0,49,485000.0,70.0,1,Hispanic or Latino,American Indian or Alaska Native,Female,25-34,37.615,Loan originated
1,105000.0,30%-<36%,325000.0,57.0,1,Not Hispanic or Latino,White,Female,>74,34.06,Loan originated
1,405000.0,46,685000.0,90.0,1,Hispanic or Latino,White,Male,25-34,58.39,Loan originated
1,355000.0,36,535000.0,110.0,1,Not Hispanic or Latino,Asian,Female,25-34,66.355,Application denied
1,385000.0,49,585000.0,86.0,1,Not Hispanic or Latino,Asian,Male,25-34,65.54,Loan originated
1,185000.0,44,235000.0,68.0,1,Not Hispanic or Latino,Asian,Female,55-64,80.0,Loan originated
1,515000.0,40,605000.0,153.0,1,Not Hispanic or Latino,White,Female,45-54,85.0,Loan originated
1,965000.0,42,1825000.0,285.0,1,Not Hispanic or Latino,White,Female,55-64,52.77,Loan originated
1,615000.0,44,645000.0,172.0,1,Not Hispanic or Latino,Asian,Female,55-64,95.0,Loan originated
1,365000.0,36,485000.0,130.0,1,Hispanic or Latino,White,Male,35-44,75.0,Loan originated
1,125000.0,38,935000.0,63.0,1,Not Hispanic or Latino,Asian,Female,55-64,15.767,Loan originated
1,285000.0,47,305000.0,67.0,1,Hispanic or Latino,White,Female,25-34,95.0,Loan originated
1,315000.0,30%-<36%,395000.0,87.0,1,Not Hispanic or Latino,Asian,Female,25-34,80.0,Loan originated
1,345000.0,39,435000.0,97.0,1,Not Hispanic or Latino,White,Male,25-34,80.0,Loan originated
1,345000.0,<20%,1145000.0,315.0,1,Not Hispanic or Latino,Asian,Male,35-44,31.0,Loan originated
1,225000.0,47,435000.0,57.0,1,Not Hispanic or Latino,White,Female,55-64,52.26,Loan originated
1,565000.0,42,755000.0,261.0,1,Not Hispanic or Latino,Asian,Female,25-34,75.0,Loan originated
1,355000.0,45,455000.0,118.0,1,Not Hispanic or Latino,Asian,Female,65-74,78.223,Loan originated
1,445000.0,43,475000.0,115.0,1,Hispanic or Latino,White,Female,25-34,95.0,Loan originated
1,265000.0,49,335000.0,73.0,1,Not Hispanic or Latino,Black or African American,Female,25-34,80.0,Loan originated
1,1145000.0,38,2615000.0,341.0,1,Not Hispanic or Latino,White,Male,55-64,44.0,Loan originated
1,555000.0,41,575000.0,123.0,1,Hispanic or Latino,White,Male,35-44,96.667,Loan originated
1,595000.0,30%-<36%,895000.0,212.0,1,Hispanic or Latino,White,Female,45-54,67.0,Loan originated
1,315000.0,49,465000.0,56.0,1,Hispanic or Latino,White,Female,25-34,68.096,Loan originated
1,485000.0,47,605000.0,126.0,1,Not Hispanic or Latino,Asian,Female,45-54,80.0,Loan originated
1,725000.0,>60%,915000.0,180.0,1,Hispanic or Latino,White,Male,65-74,80.0,Loan originated
1,555000.0,49,775000.0,128.0,1,Not Hispanic or Latino,Black or African American,Male,45-54,72.163,Loan originated
1,905000.0,41,1205000.0,238.0,1,Not Hispanic or Latino,White,Female,35-44,75.0,Loan originated
1,345000.0,49,545000.0,97.0,1,Hispanic or Latino,White,Female,35-44,63.294,Loan originated
1,255000.0,48,405000.0,63.0,1,Not Hispanic or Latino,Asian,Male,55-64,61.125,Loan originated
1,705000.0,49,765000.0,146.0,1,Not Hispanic or Latino,White,Male,35-44,92.0,Loan originated
1,275000.0,49,555000.0,65.0,1,Hispanic or Latino,White,Female,45-54,49.55,Loan originated
1,345000.0,20%-<30%,405000.0,824.0,1,Not Hispanic or Latino,White,Male,45-54,85.0,Application denied
1,875000.0,47,1345000.0,206.0,1,Not Hispanic or Latino,Asian,Female,35-44,64.572,Loan originated
1,385000.0,20%-<30%,635000.0,160.0,1,Hispanic or Latino,White,Female,45-54,60.337,Loan originated
1,495000.0,47,555000.0,113.0,1,Not Hispanic or Latino,White,Male,25-34,89.189,Loan originated
1,555000.0,50%-60%,575000.0,108.0,1,Not Hispanic or Latino,White,Female,35-44,95.0,Application denied
1,455000.0,37,565000.0,147.0,1,Not Hispanic or Latino,White,Female,45-54,80.0,Loan originated
1,705000.0,47,1005000.0,157.0,1,Not Hispanic or Latino,Asian,Male,35-44,70.0,Loan originated
1,705000.0,45,745000.0,190.0,1,Not Hispanic or Latino,Asian,Male,25-34,94.966,Loan originated
1,335000.0,50%-60%,355000.0,120.0,1,Hispanic or Latino,White,Female,25-34,95.75,Application denied
1,735000.0,49,1055000.0,142.0,1,Not Hispanic or Latino,Asian,Female,25-34,70.0,Loan originated
1,735000.0,45,755000.0,206.0,1,Hispanic or Latino,White,Female,35-44,97.0,Loan originated
1,505000.0,20%-<30%,1555000.0,220.0,1,Hispanic or Latino,White,Male,45-54,32.26,Loan originated
1,855000.0,30%-<36%,1655000.0,307.0,1,Not Hispanic or Latino,White,Female,55-64,51.515,Loan originated
1,275000.0,49,475000.0,72.0,1,Not Hispanic or Latino,White,Male,25-34,57.717,Loan originated
1,1145000.0,43,2055000.0,271.0,1,Not Hispanic or Latino,Asian,Male,35-44,56.089,Loan originated
1,395000.0,48,845000.0,100.0,1,Not Hispanic or Latino,Asian,Male,35-44,46.989,Loan originated
1,295000.0,44,325000.0,80.0,1,Not Hispanic or Latino,White,Male,45-54,89.231,Loan originated
1,355000.0,46,535000.0,83.0,1,Hispanic or Latino,White,Male,35-44,66.5,Loan originated
1,675000.0,30%-<36%,905000.0,201.0,1,Not Hispanic or Latino,Asian,Male,35-44,75.0,Loan originated
1,1005000.0,44,1255000.0,246.0,1,Not Hispanic or Latino,White,Male,35-44,80.0,Loan originated
1,485000.0,30%-<36%,835000.0,139.0,1,Not Hispanic or Latino,White,Male,25-34,58.084,Loan originated
1,725000.0,48,805000.0,181.0,1,Hispanic or Latino,White,Male,45-54,90.0,Loan originated
1,695000.0,48,1085000.0,163.0,1,Not Hispanic or Latino,Asian,Female,<25,64.391,Loan originated
1,495000.0,20%-<30%,515000.0,173.0,1,Hispanic or Latino,White,Male,45-54,97.0,Loan originated
1,705000.0,43,755000.0,192.0,1,Not Hispanic or Latino,Asian,Male,25-34,93.026,Loan originated
1,435000.0,38,535000.0,212.0,1,Not Hispanic or Latino,White,Female,65-74,80.0,Loan originated
1,465000.0,30%-<36%,1155000.0,205.0,1,Not Hispanic or Latino,Asian,Female,35-44,40.0,Loan originated
1,355000.0,50%-60%,375000.0,135.0,1,Hispanic or Latino,White,Male,25-34,95.0,Application denied
1,445000.0,38,635000.0,375.0,1,Not Hispanic or Latino,Asian,Male,25-34,70.0,Loan originated
1,1055000.0,44,1925000.0,243.0,1,Not Hispanic or Latino,Asian,Female,45-54,54.6,Loan originated
1,1065000.0,46,1775000.0,374.0,1,Not Hispanic or Latino,White,Female,55-64,59.72,Loan originated
1,665000.0,40,835000.0,198.0,1,Not Hispanic or Latino,Asian,Male,25-34,80.0,Loan originated
1,325000.0,48,415000.0,112.0,1,Not Hispanic or Latino,White,Female,45-54,80.0,Loan originated
1,925000.0,30%-<36%,1155000.0,308.0,1,Not Hispanic or Latino,Asian,Male,25-34,80.0,Loan originated
1,1015000.0,45,1455000.0,355.0,1,Not Hispanic or Latino,White,Female,65-74,70.0,Loan originated
1,1095000.0,41,1555000.0,288.0,1,Not Hispanic or Latino,White,Female,45-54,70.645,Loan originated
1,225000.0,36,485000.0,72.0,1,Hispanic or Latino,American Indian or Alaska Native,Male,45-54,44.99,Loan originated
1,695000.0,37,875000.0,201.0,1,Not Hispanic or Latino,White,Female,25-34,80.0,Loan originated
1,895000.0,49,945000.0,289.0,1,Not Hispanic or Latino,White,Male,25-34,95.0,Loan originated
1,315000.0,41,355000.0,78.0,1,Not Hispanic or Latino,White,Male,35-44,90.0,Loan originated
1,965000.0,30%-<36%,1205000.0,326.0,1,Not Hispanic or Latino,Asian,Male,25-34,80.0,Loan originated
1,695000.0,41,865000.0,160.0,1,Not Hispanic or Latino,Asian,Male,25-34,80.0,Loan originated
1,545000.0,43,675000.0,150.0,1,Not Hispanic or Latino,Asian,Male,25-34,80.0,Loan originated
1,245000.0,30%-<36%,465000.0,83.0,1,Not Hispanic or Latino,White,Female,45-54,52.68,Loan originated
1,295000.0,43,375000.0,90.0,1,Not Hispanic or Latino,Asian,Female,25-34,100.0,Loan originated
1,535000.0,49,715000.0,106.0,1,Not Hispanic or Latino,Asian,Male,25-34,75.0,Loan originated
1,425000.0,20%-<30%,525000.0,169.0,1,Not Hispanic or Latino,White,Female,55-64,80.0,Loan originated
1,475000.0,46,505000.0,130.0,1,Not Hispanic or Latino,White,Male,55-64,95.0,Loan originated
1,45000.0,49,65000.0,48.0,1,Not Hispanic or Latino,White,Male,25-34,73.07,Application denied
1,655000.0,20%-<30%,875000.0,275.0,1,Not Hispanic or Latino,White,Male,35-44,75.0,Loan originated
1,485000.0,45,605000.0,105.0,1,Not Hispanic or Latino,Asian,Male,35-44,80.0,Loan originated
1,145000.0,42,155000.0,76.0,1,Hispanic or Latino,White,Male,45-54,95.0,Loan originated
1,415000.0,47,435000.0,100.0,1,Not Hispanic or Latino,Asian,Male,25-34,95.0,Loan originated
1,255000.0,42,285000.0,82.0,1,Hispanic or Latino,White,Male,<25,90.0,Loan originated
1,765000.0,46,975000.0,166.0,1,Not Hispanic or Latino,White,Male,35-44,78.171,Loan originated
1,465000.0,47,525000.0,102.0,1,Hispanic or Latino,White,Female,35-44,90.0,Application denied
1,475000.0,49,595000.0,167.0,1,Not Hispanic or Latino,White,Female,35-44,79.966,Loan originated
1,1145000.0,47,1435000.0,321.0,1,Not Hispanic or Latino,Asian,Male,35-44,80.0,Loan originated
1,415000.0,44,465000.0,104.0,1,Not Hispanic or Latino,White,Male,<25,90.0,Loan originated
1,305000.0,44,405000.0,59.0,1,Hispanic or Latino,White,Male,25-34,74.971,Loan originated
1,675000.0,41,1455000.0,180.0,1,Not Hispanic or Latino,White,Male,35-44,47.0,Application denied
1,315000.0,42,315000.0,73.0,1,Not Hispanic or Latino,White,Female,45-54,74.64,Loan originated
1,725000.0,47,855000.0,170.0,1,Not Hispanic or Latino,Asian,Male,<25,85.0,Loan originated
1,545000.0,49,965000.0,130.0,1,Not Hispanic or Latino,White,Male,45-54,56.193,Loan originated
1,75000.0,40,175000.0,51.0,1,Hispanic or Latino,White,Male,35-44,44.134,Loan originated
1,125000.0,20%-<30%,365000.0,109.0,1,Not Hispanic or Latino,White,Male,25-34,35.714,Loan originated
1,355000.0,44,445000.0,112.0,1,Not Hispanic or Latino,Asian,Female,45-54,80.0,Loan originated
1,635000.0,44,915000.0,242.0,1,Not Hispanic or Latino,White,Male,65-74,70.0,Loan originated
1,385000.0,48,425000.0,80.0,1,Hispanic or Latino,White,Female,35-44,92.19,Loan originated
1,445000.0,41,555000.0,181.0,1,Hispanic or Latino,White,Male,55-64,80.0,Loan originated
1,695000.0,45,875000.0,327.0,1,Hispanic or Latino,White,Male,<25,80.0,Loan originated
1,965000.0,49,1375000.0,280.0,1,Not Hispanic or Latino,White,Male,45-54,70.0,Loan originated
1,275000.0,36,305000.0,240.0,1,Not Hispanic or Latino,White,Male,35-44,90.0,Loan originated
1,765000.0,49,955000.0,197.0,1,Not Hispanic or Latino,Asian,Female,45-54,80.0,Loan originated
1,905000.0,30%-<36%,1505000.0,255.0,1,Not Hispanic or Latino,White,Male,25-34,60.0,Loan originated
1,685000.0,38,865000.0,175.0,1,Not Hispanic or Latino,Asian,Female,25-34,80.0,Loan originated
1,405000.0,49,505000.0,155.0,1,Not Hispanic or Latino,White,Female,25-34,80.0,Application denied
1,515000.0,39,645000.0,194.0,1,Not Hispanic or Latino,Asian,Male,25-34,80.0,Loan originated
1,505000.0,48,1105000.0,121.0,1,Not Hispanic or Latino,White,Female,55-64,45.455,Loan originated
1,435000.0,47,1515000.0,237.0,1,Not Hispanic or Latino,White,Female,35-44,28.78,Loan originated
1,345000.0,50%-60%,575000.0,83.0,1,Not Hispanic or Latino,White,Male,25-34,59.13,Loan originated
1,1145000.0,<20%,7005000.0,1320.0,1,Not Hispanic or Latino,White,Male,65-74,16.414,Application denied
1,415000.0,49,555000.0,85.0,1,Not Hispanic or Latino,Asian,Female,25-34,75.0,Loan originated
1,225000.0,37,1025000.0,100.0,1,Not Hispanic or Latino,Asian,Female,25-34,21.951,Loan originated
1,205000.0,30%-<36%,345000.0,79.0,1,Not Hispanic or Latino,White,Female,65-74,60.0,Loan originated
1,515000.0,45,545000.0,120.0,1,Hispanic or Latino,White,Male,35-44,95.0,Loan originated
1,335000.0,36,345000.0,144.0,1,Not Hispanic or Latino,White,Female,55-64,97.0,Loan originated
1,685000.0,49,855000.0,151.0,1,Hispanic or Latino,White,Male,35-44,80.0,Loan originated
1,395000.0,38,575000.0,130.0,1,Hispanic or Latino,White,Male,45-54,70.0,Loan originated
1,345000.0,30%-<36%,425000.0,145.0,1,Not Hispanic or Latino,White,Male,35-44,80.0,Loan originated
1,695000.0,20%-<30%,925000.0,248.0,1,Not Hispanic or Latino,Asian,Male,35-44,75.0,Loan originated
1,875000.0,49,1165000.0,232.0,1,Not Hispanic or Latino,White,Female,35-44,75.0,Loan originated
1,595000.0,49,795000.0,132.0,1,Hispanic or Latino,White,Female,55-64,75.0,Loan originated
1,575000.0,50%-60%,605000.0,130.0,1,Not Hispanic or Latino,White,Male,45-54,97.0,Application denied
1,375000.0,44,475000.0,164.0,1,Hispanic or Latino,White,Male,35-44,80.0,Loan originated
1,205000.0,45,255000.0,58.0,1,Hispanic or Latino,White,Male,55-64,80.0,Loan originated
1,295000.0,40,375000.0,94.0,1,Not Hispanic or Latino,Asian,Male,55-64,80.0,Loan originated
1,445000.0,47,455000.0,100.0,1,Hispanic or Latino,White,Male,35-44,97.0,Loan originated
1,665000.0,30%-<36%,775000.0,167.0,1,Not Hispanic or Latino,Asian,Male,35-44,85.1,Loan originated
1,635000.0,<20%,1065000.0,13562.0,1,Not Hispanic or Latino,Asian,Male,25-34,60.0,Loan originated
1,805000.0,38,945000.0,183.0,1,Not Hispanic or Latino,Asian,Male,35-44,85.479,Loan originated
1,405000.0,38,425000.0,180.0,1,Not Hispanic or Latino,Asian,Female,55-64,98.0,Loan originated
1,255000.0,39,605000.0,95.0,1,Not Hispanic or Latino,Asian,Female,35-44,42.0,Loan originated
1,355000.0,20%-<30%,445000.0,216.0,1,Not Hispanic or Latino,American Indian or Alaska Native,Female,<25,80.0,Loan originated
1,385000.0,49,455000.0,81.0,1,Not Hispanic or Latino,White,Female,25-34,84.505,Loan originated
1,475000.0,30%-<36%,605000.0,155.0,1,Not Hispanic or Latino,White,Male,35-44,100.0,Loan originated
1,395000.0,42,415000.0,110.0,1,Not Hispanic or Latino,White,Female,35-44,95.0,Loan originated
1,1005000.0,30%-<36%,1605000.0,327.0,1,Not Hispanic or Latino,Asian,Male,25-34,62.5,Loan originated
1,345000.0,30%-<36%,605000.0,117.0,1,Not Hispanic or Latino,White,Female,55-64,57.355,Loan originated
1,245000.0,41,315000.0,63.0,1,Not Hispanic or Latino,White,Male,25-34,80.0,Loan originated
1,335000.0,37,635000.0,109.0,1,Not Hispanic or Latino,White,Female,45-54,52.381,Loan originated
1,305000.0,46,525000.0,118.0,1,Not Hispanic or Latino,Black or African American,Female,45-54,59.071,Loan originated
1,575000.0,36,725000.0,168.0,1,Hispanic or Latino,White,Female,35-44,80.0,Loan originated
1,235000.0,50%-60%,325000.0,73.0,1,Hispanic or Latino,White,Female,35-44,74.65,Loan originated
1,605000.0,30%-<36%,725000.0,184.0,1,Not Hispanic or Latino,White,Male,25-34,83.448,Loan originated
1,695000.0,44,775000.0,151.0,1,Not Hispanic or Latino,White,Female,35-44,90.0,Loan originated
1,705000.0,47,1085000.0,165.0,1,Not Hispanic or Latino,Black or African American,Female,55-64,65.0,Loan originated
1,355000.0,20%-<30%,1335000.0,169.0,1,Not Hispanic or Latino,Asian,Female,25-34,26.217,Application denied
1,145000.0,>60%,165000.0,48.0,1,Not Hispanic or Latino,White,Male,65-74,87.5,Application denied
1,475000.0,40,795000.0,196.0,1,Not Hispanic or Latino,White,Female,45-54,60.0,Loan originated
1,625000.0,30%-<36%,775000.0,210.0,1,Not Hispanic or Latino,Asian,Female,25-34,80.0,Loan originated
1,395000.0,49,495000.0,74.0,1,Not Hispanic or Latino,Asian,Male,45-54,80.0,Application denied
1,515000.0,20%-<30%,645000.0,195.0,1,Not Hispanic or Latino,White,Male,45-54,80.0,Loan originated
1,665000.0,41,835000.0,170.0,1,Not Hispanic or Latino,Asian,Female,45-54,80.0,Loan originated
1,175000.0,30%-<36%,185000.0,158.0,1,Hispanic or Latino,White,Male,<25,95.0,Application denied
1,655000.0,36,1105000.0,177.0,1,Not Hispanic or Latino,White,Male,45-54,59.091,Loan originated
1,615000.0,49,885000.0,205.0,1,Not Hispanic or Latino,Asian,Male,25-34,70.0,Loan originated
1,1355000.0,44,1505000.0,288.0,1,Not Hispanic or Latino,Asian,Male,25-34,90.0,Loan originated
1,115000.0,45,845000.0,60.0,1,Not Hispanic or Latino,White,Female,65-74,13.017,Loan originated
1,455000.0,47,515000.0,90.0,1,Hispanic or Latino,White,Male,35-44,90.0,Loan originated
1,465000.0,30%-<36%,625000.0,171.0,1,Not Hispanic or Latino,Asian,Female,45-54,75.0,Loan originated
1,285000.0,30%-<36%,365000.0,106.0,1,Not Hispanic or Latino,Asian,Female,35-44,80.0,Loan originated
1,765000.0,50%-60%,865000.0,163.0,1,Not Hispanic or Latino,White,Male,45-54,88.1045,Loan originated
1,615000.0,48,775000.0,131.0,1,Not Hispanic or Latino,White,Male,35-44,80.0,Loan originated
1,335000.0,20%-<30%,475000.0,121.0,1,Not Hispanic or Latino,Asian,Female,25-34,70.437,Loan originated
1,755000.0,40,845000.0,193.0,1,Not Hispanic or Latino,Asian,Male,25-34,90.0,Application denied
1,75000.0,38,85000.0,68.0,1,Not Hispanic or Latino,White,Male,55-64,90.62,Application denied
1,325000.0,49,455000.0,62.0,1,Not Hispanic or Latino,Asian,Male,55-64,77.0,Loan originated
1,385000.0,<20%,765000.0,292.0,1,Not Hispanic or Latino,Asian,Female,45-54,50.0,Loan originated
1,525000.0,39,705000.0,130.0,1,Not Hispanic or Latino,Asian,Female,25-34,75.0,Loan originated
1,1035000.0,48,1135000.0,211.0,1,Not Hispanic or Latino,White,Female,25-34,90.99,Loan originated
1,485000.0,49,505000.0,225.0,1,Not Hispanic or Latino,Asian,Male,55-64,95.0,Loan originated
1,175000.0,46,195000.0,49.0,1,Not Hispanic or Latino,American Indian or Alaska Native,Female,55-64,90.0,Loan originated
1,295000.0,49,375000.0,86.0,1,Hispanic or Latino,White,Female,35-44,80.0,Loan originated
1,685000.0,46,855000.0,264.0,1,Hispanic or Latino,White,Male,35-44,80.0,Loan originated
1,575000.0,20%-<30%,955000.0,250.0,1,Not Hispanic or Latino,White,Female,35-44,60.0,Loan originated
1,465000.0,49,515000.0,111.0,1,Not Hispanic or Latino,Asian,Male,55-64,90.0,Loan originated
1,375000.0,45,625000.0,111.0,1,Hispanic or Latino,White,Male,25-34,60.134,Loan originated
1,625000.0,39,775000.0,328.0,1,Hispanic or Latino,White,Male,55-64,80.0,Loan originated
1,495000.0,43,565000.0,146.0,1,Hispanic or Latino,White,Male,45-54,88.974,Loan originated
1,785000.0,46,835000.0,257.0,1,Not Hispanic or Latino,Asian,Male,25-34,95.0,Loan originated
1,605000.0,39,675000.0,162.0,1,Not Hispanic or Latino,Asian,Male,35-44,90.0,Loan originated
1,525000.0,39,825000.0,155.0,1,Not Hispanic or Latino,Black or African American,Male,45-54,63.637,Loan originated
1,265000.0,39,465000.0,77.0,1,Not Hispanic or Latino,White,Female,65-74,56.51,Loan originated
1,495000.0,44,615000.0,100.0,1,Not Hispanic or Latino,Asian,Male,35-44,80.0,Loan originated
1,525000.0,>60%,715000.0,125.0,1,Hispanic or Latino,White,Male,45-54,73.427,Application denied
1,405000.0,30%-<36%,505000.0,134.0,1,Not Hispanic or Latino,White,Male,45-54,80.0,Loan originated
1,345000.0,50%-60%,365000.0,67.0,1,Hispanic or Latino,White,Male,35-44,100.0,Application denied
1,305000.0,20%-<30%,325000.0,452.0,1,Hispanic or Latino,American Indian or Alaska Native,Male,55-64,95.0,Loan originated
1,705000.0,48,955000.0,156.0,1,Hispanic or Latino,White,Male,35-44,73.684,Loan originated
1,365000.0,48,435000.0,78.0,1,Hispanic or Latino,White,Female,45-54,85.0,Loan originated
1,545000.0,30%-<36%,685000.0,346.0,1,Not Hispanic or Latino,Asian,Female,35-44,80.0,Loan originated
1,195000.0,50%-60%,215000.0,76.0,1,Not Hispanic or Latino,White,Female,25-34,93.0,Application denied
1,585000.0,<20%,775000.0,535.0,1,Not Hispanic or Latino,White,Male,35-44,75.0,Loan originated
1,555000.0,47,585000.0,126.0,1,Not Hispanic or Latino,White,Female,35-44,95.0,Loan originated
1,155000.0,49,195000.0,53.0,1,Hispanic or Latino,White,Male,25-34,80.0,Loan originated
1,1095000.0,45,1365000.0,318.0,1,Not Hispanic or Latino,Asian,Female,35-44,80.0,Loan originated
1,385000.0,47,405000.0,149.0,1,Hispanic or Latino,White,Male,45-54,97.85,Loan originated
1,855000.0,20%-<30%,1425000.0,339.0,1,Not Hispanic or Latino,Asian,Male,35-44,59.45,Loan originated
1,365000.0,20%-<30%,455000.0,122.0,1,Hispanic or Latino,White,Male,35-44,80.0,Loan originated
1,805000.0,30%-<36%,1645000.0,282.0,1,Not Hispanic or Latino,Asian,Female,25-34,48.544,Loan originated
1,685000.0,42,735000.0,201.0,1,Not Hispanic or Latino,Asian,Female,35-44,93.207,Loan originated
1,935000.0,30%-<36%,1225000.0,334.0,1,Not Hispanic or Latino,White,Male,55-64,77.0,Loan originated
1,385000.0,30%-<36%,445000.0,123.0,1,Not Hispanic or Latino,Asian,Female,25-34,85.0,Loan originated
1,725000.0,38,1025000.0,179.0,1,Not Hispanic or Latino,White,Male,55-64,70.732,Loan originated
1,675000.0,38,855000.0,167.0,1,Hispanic or Latino,White,Male,45-54,80.0,Loan originated
1,435000.0,<20%,545000.0,292.0,1,Hispanic or Latino,White,Male,45-54,80.0,Loan originated
1,755000.0,45,935000.0,185.0,1,Not Hispanic or Latino,Asian,Male,25-34,80.0,Loan originated
1,185000.0,38,495000.0,77.0,1,Not Hispanic or Latino,White,Male,>74,37.374,Loan originated
1,965000.0,42,1205000.0,248.0,1,Not Hispanic or Latino,White,Female,25-34,80.0,Loan originated
1,775000.0,39,965000.0,228.0,1,Not Hispanic or Latino,Asian,Male,25-34,80.0,Loan originated
1,535000.0,38,735000.0,150.0,1,Not Hispanic or Latino,White,Male,35-44,72.789,Loan originated
1,765000.0,42,985000.0,166.0,1,Not Hispanic or Latino,Asian,Female,35-44,78.214,Loan originated
1,75000.0,44,415000.0,25.0,1,Not Hispanic or Latino,White,Female,<25,17.195,Loan originated
1,725000.0,36,905000.0,207.0,1,Not Hispanic or Latino,White,Male,45-54,80.0,Loan originated
1,315000.0,41,465000.0,78.0,1,Not Hispanic or Latino,Asian,Female,25-34,67.56,Loan originated
1,5000.0,<20%,185000.0,56.0,1,Not Hispanic or Latino,White,Male,35-44,99.999,Loan originated
1,355000.0,42,435000.0,110.0,1,Hispanic or Latino,White,Male,35-44,80.0,Loan originated
1,195000.0,20%-<30%,265000.0,93.0,1,Hispanic or Latino,White,Male,35-44,75.0,Application denied
1,475000.0,46,505000.0,136.0,1,Hispanic or Latino,White,Male,35-44,95.0,Loan originated
1,585000.0,20%-<30%,735000.0,316.0,1,Not Hispanic or Latino,Asian,Male,35-44,80.0,Loan originated
1,835000.0,50%-60%,875000.0,296.0,1,Not Hispanic or Latino,White,Male,55-64,95.0,Application denied
1,665000.0,48,775000.0,147.0,1,Not Hispanic or Latino,White,Male,25-34,86.0,Loan originated
1,805000.0,38,1005000.0,259.0,1,Not Hispanic or Latino,White,Female,35-44,80.0,Loan originated
1,505000.0,<20%,845000.0,335.0,1,Not Hispanic or Latino,Asian,Male,45-54,59.53,Loan originated
1,405000.0,20%-<30%,1665000.0,216.0,1,Not Hispanic or Latino,Asian,Male,55-64,24.096,Loan originated
1,425000.0,20%-<30%,575000.0,355.0,1,Not Hispanic or Latino,White,Male,<25,75.0,Loan originated
1,525000.0,46,695000.0,135.0,1,Not Hispanic or Latino,Asian,Female,25-34,75.0,Loan originated
1,285000.0,42,415000.0,106.0,1,Not Hispanic or Latino,Asian,Female,55-64,69.494,Loan originated
1,335000.0,42,485000.0,207.0,1,Not Hispanic or Latino,White,Male,65-74,68.041,Loan originated
1,125000.0,<20%,525000.0,102.0,1,Not Hispanic or Latino,White,Female,55-64,24.615,Loan originated
1,375000.0,41,385000.0,98.0,1,Not Hispanic or Latino,White,Female,25-34,97.0,Loan originated
1,585000.0,<20%,785000.0,444.0,1,Not Hispanic or Latino,White,Male,55-64,74.522,Loan originated
1,565000.0,30%-<36%,705000.0,175.0,1,Hispanic or Latino,American Indian or Alaska Native,Female,35-44,80.0,Loan originated
1,375000.0,49,395000.0,92.0,1,Hispanic or Latino,Asian,Female,25-34,96.256,Loan originated
1,515000.0,46,645000.0,120.0,1,Not Hispanic or Latino,Asian,Male,25-34,80.0,Loan originated
1,435000.0,42,535000.0,109.0,1,Not Hispanic or Latino,Asian,Male,25-34,80.0,Loan originated
1,295000.0,49,365000.0,65.0,1,Hispanic or Latino,White,Female,55-64,80.0,Loan originated
1,255000.0,44,265000.0,63.0,1,Hispanic or Latino,White,Male,<25,100.0,Loan originated
1,135000.0,20%-<30%,215000.0,172.0,1,Hispanic or Latino,White,Male,25-34,59.9283,Application denied
1,225000.0,50%-60%,245000.0,114.0,1,Hispanic or Latino,White,Female,25-34,95.0,Application denied
1,215000.0,44,275000.0,61.0,1,Not Hispanic or Latino,White,Male,45-54,80.0,Loan originated
1,445000.0,30%-<36%,505000.0,146.0,1,Not Hispanic or Latino,White,Male,25-34,88.0,Loan originated
1,395000.0,36,495000.0,146.0,1,Hispanic or Latino,American Indian or Alaska Native,Male,35-44,80.0,Loan originated
1,475000.0,49,595000.0,111.0,1,Hispanic or Latino,White,Female,25-34,80.0,Loan originated
1,435000.0,42,665000.0,143.0,1,Hispanic or Latino,2 or more minority races,Female,35-44,64.354,Loan originated
1,315000.0,49,425000.0,66.0,1,Not Hispanic or Latino,White,Female,55-64,74.35,Loan originated
1,575000.0,43,715000.0,293.0,1,Not Hispanic or Latino,White,Male,45-54,80.0,Loan originated
1,325000.0,48,345000.0,69.0,1,Not Hispanic or Latino,White,Male,25-34,95.0,Loan originated
1,485000.0,47,605000.0,193.0,1,Hispanic or Latino,White,Male,25-34,80.0,Loan originated
1,1005000.0,20%-<30%,1255000.0,593.0,1,Not Hispanic or Latino,White,Male,25-34,80.0,Loan originated
1,485000.0,43,605000.0,170.0,1,Not Hispanic or Latino,White,Female,35-44,80.0,Loan originated
1,535000.0,48,595000.0,120.0,1,Not Hispanic or Latino,Asian,Male,45-54,89.99,Loan originated
1,1055000.0,49,1325000.0,247.0,1,Not Hispanic or Latino,Asian,Male,35-44,80.0,Loan originated
1,1075000.0,44,2755000.0,266.0,1,Not Hispanic or Latino,Asian,Male,25-34,38.909,Loan originated
1,605000.0,48,685000.0,144.0,1,Hispanic or Latino,White,Male,55-64,88.614,Loan originated
1,565000.0,38,625000.0,153.0,1,Not Hispanic or Latino,White,Male,35-44,90.0,Loan originated
1,525000.0,36,535000.0,144.0,1,Hispanic or Latino,White,Male,35-44,97.0,Loan originated
1,415000.0,30%-<36%,515000.0,141.0,1,Hispanic or Latino,White,Male,25-34,80.0,Loan originated
1,425000.0,37,725000.0,126.0,1,Hispanic or Latino,White,Male,25-34,58.621,Loan originated
1,465000.0,40,585000.0,226.0,1,Not Hispanic or Latino,White,Male,35-44,80.0,Loan originated
1,185000.0,48,465000.0,43.0,1,Hispanic or Latino,White,Male,55-64,40.217,Loan originated
1,515000.0,47,645000.0,407.0,1,Not Hispanic or Latino,White,Male,55-64,80.0,Loan originated
1,425000.0,<20%,415000.0,187.0,1,Not Hispanic or Latino,White,Male,45-54,85.0,Loan originated
1,435000.0,39,965000.0,135.0,1,Hispanic or Latino,White,Male,55-64,46.237,Loan originated
1,695000.0,30%-<36%,875000.0,223.0,1,Hispanic or Latino,White,Female,35-44,79.99,Loan originated
1,1055000.0,37,1555000.0,282.0,1,Not Hispanic or Latino,Asian,Male,35-44,67.742,Loan originated
1,995000.0,36,1175000.0,321.0,1,Not Hispanic or Latino,Asian,Male,35-44,85.0,Loan originated
1,655000.0,36,1025000.0,258.0,1,Not Hispanic or Latino,White,Male,>74,63.41,Loan originated
1,765000.0,42,1365000.0,191.0,1,Not Hispanic or Latino,White,Male,45-54,57.0,Loan originated
1,565000.0,30%-<36%,705000.0,196.0,1,Not Hispanic or Latino,White,Female,25-34,80.0,Loan originated
1,465000.0,44,615000.0,106.0,1,Not Hispanic or Latino,White,Female,35-44,75.0,Loan originated
1,245000.0,45,255000.0,76.0,1,Hispanic or Latino,White,Female,35-44,95.0,Loan originated
1,335000.0,43,425000.0,78.0,1,Not Hispanic or Latino,Asian,Male,35-44,79.9,Loan originated
1,315000.0,49,405000.0,63.0,1,Not Hispanic or Latino,Asian,Male,25-34,78.75,Loan originated
1,335000.0,48,635000.0,118.0,1,Not Hispanic or Latino,Asian,Male,45-54,52.38,Loan originated
1,595000.0,38,635000.0,178.0,1,Not Hispanic or Latino,Asian,Male,25-34,93.0,Loan originated
1,545000.0,49,675000.0,97.0,1,Not Hispanic or Latino,White,Male,25-34,80.0,Loan originated
1,1005000.0,30%-<36%,1805000.0,352.0,1,Not Hispanic or Latino,Asian,Male,35-44,55.903,Loan originated
1,685000.0,41,855000.0,173.0,1,Not Hispanic or Latino,Asian,Female,25-34,80.0,Loan originated
1,235000.0,37,685000.0,101.0,1,Not Hispanic or Latino,Asian,Female,35-44,34.28,Loan originated
1,615000.0,20%-<30%,765000.0,364.0,1,Hispanic or Latino,White,Male,45-54,80.0,Loan originated
1,145000.0,20%-<30%,1175000.0,67.0,1,Hispanic or Latino,White,Male,>74,2.521,Loan originated
1,215000.0,37,665000.0,103.0,1,Not Hispanic or Latino,Asian,Female,35-44,32.695,Loan originated
1,645000.0,30%-<36%,715000.0,193.0,1,Not Hispanic or Latino,Asian,Female,35-44,90.0,Loan originated
1,685000.0,42,775000.0,187.0,1,Not Hispanic or Latino,Asian,Male,25-34,87.871,Loan originated
1,565000.0,47,595000.0,251.0,1,Hispanic or Latino,White,Male,25-34,94.887,Loan originated
1,415000.0,47,645000.0,101.0,1,Hispanic or Latino,White,Female,45-54,65.0,Loan originated
1,505000.0,45,525000.0,121.0,1,Not Hispanic or Latino,Black or African American,Female,25-34,100.0,Loan originated
1,255000.0,45,315000.0,52.0,1,Not Hispanic or Latino,2 or more minority races,Female,25-34,80.0,Loan originated
1,345000.0,41,595000.0,103.0,1,Hispanic or Latino,White,Male,45-54,59.0,Loan originated
1,1025000.0,39,1205000.0,271.0,1,Not Hispanic or Latino,Asian,Male,35-44,85.0,Loan originated
1,425000.0,39,715000.0,123.0,1,Not Hispanic or Latino,White,Female,45-54,60.0,Loan originated
1,105000.0,37,525000.0,50.0,1,Not Hispanic or Latino,White,Female,65-74,19.048,Loan originated
1,525000.0,49,555000.0,205.0,1,Not Hispanic or Latino,Asian,Female,45-54,95.0,Loan originated
1,525000.0,49,555000.0,216.0,1,Hispanic or Latino,White,Male,35-44,95.0,Loan originated
1,405000.0,41,505000.0,170.0,1,Not Hispanic or Latino,Asian,Male,35-44,80.0,Application denied
1,585000.0,30%-<36%,725000.0,160.0,1,Not Hispanic or Latino,Asian,Female,45-54,80.0,Loan originated
1,525000.0,45,745000.0,129.0,1,Not Hispanic or Latino,Asian,Male,65-74,70.0,Loan originated
1,645000.0,37,855000.0,182.0,1,Not Hispanic or Latino,Asian,Female,25-34,75.0,Loan originated
1,1045000.0,39,1315000.0,259.0,1,Not Hispanic or Latino,Asian,Male,25-34,80.0,Loan originated
1,555000.0,>60%,695000.0,46.0,1,Not Hispanic or Latino,Asian,Female,35-44,80.0,Application denied
1,375000.0,50%-60%,525000.0,88.0,1,Not Hispanic or Latino,White,Female,55-64,72.0,Application denied
1,515000.0,47,715000.0,117.0,1,Not Hispanic or Latino,White,Female,55-64,73.0,Loan originated
1,765000.0,37,965000.0,184.0,1,Hispanic or Latino,White,Male,45-54,80.0,Loan originated
1,515000.0,41,605000.0,116.0,1,Not Hispanic or Latino,Asian,Male,35-44,85.0,Loan originated
1,1125000.0,44,1325000.0,225.0,1,Not Hispanic or Latino,White,Female,35-44,85.0,Loan originated
1,345000.0,40,395000.0,120.0,1,Not Hispanic or Latino,White,Male,25-34,88.0,Loan originated
1,685000.0,47,715000.0,171.0,1,Not Hispanic or Latino,Asian,Female,35-44,100.0,Loan originated
1,805000.0,44,1605000.0,232.0,1,Not Hispanic or Latino,White,Female,55-64,50.166,Loan originated
1,185000.0,49,545000.0,45.0,1,Not Hispanic or Latino,White,Female,65-74,33.333,Loan originated
1,535000.0,46,695000.0,124.0,1,Not Hispanic or Latino,White,Female,45-54,77.142,Loan originated
1,635000.0,48,675000.0,151.0,1,Not Hispanic or Latino,Asian,Female,35-44,95.0,Loan originated
1,415000.0,<20%,1585000.0,335.0,1,Not Hispanic or Latino,Asian,Male,35-44,25.87,Loan originated
1,395000.0,40,415000.0,110.0,1,Hispanic or Latino,White,Female,35-44,95.0,Loan originated
1,445000.0,47,595000.0,96.0,1,Not Hispanic or Latino,Asian,Male,25-34,96.145,Loan originated
1,385000.0,36,415000.0,102.0,1,Not Hispanic or Latino,White,Male,<25,95.0,Loan originated
1,785000.0,42,1055000.0,210.0,1,Not Hispanic or Latino,White,Male,25-34,80.0,Loan originated
1,275000.0,36,475000.0,70.0,1,Hispanic or Latino,Asian,Male,35-44,58.076,Loan originated
1,665000.0,39,1065000.0,366.0,1,Not Hispanic or Latino,White,Male,25-34,62.44,Loan originated
1,345000.0,47,355000.0,90.0,1,Not Hispanic or Latino,White,Female,45-54,97.0,Loan originated
1,485000.0,>60%,735000.0,55.0,1,Hispanic or Latino,White,Female,45-54,66.0,Application denied
1,945000.0,37,1155000.0,241.0,1,Not Hispanic or Latino,White,Male,25-34,95.0,Loan originated
1,805000.0,20%-<30%,1525000.0,431.0,1,Not Hispanic or Latino,White,Female,45-54,52.39,Loan originated
1,555000.0,<20%,835000.0,449.0,1,Not Hispanic or Latino,White,Male,55-64,65.632,Loan originated
1,315000.0,36,515000.0,112.0,1,Not Hispanic or Latino,White,Female,25-34,61.165,Loan originated
1,605000.0,49,1435000.0,150.0,1,Hispanic or Latino,White,Female,55-64,42.238,Loan originated
1,395000.0,42,995000.0,120.0,1,Not Hispanic or Latino,White,Male,55-64,39.547,Loan originated
1,515000.0,>60%,655000.0,44.0,1,Not Hispanic or Latino,White,Female,45-54,78.5,Application denied
1,995000.0,37,1245000.0,299.0,1,Hispanic or Latino,White,Male,35-44,80.0,Loan originated
1,465000.0,42,625000.0,99.0,1,Not Hispanic or Latino,Asian,Female,55-64,73.777,Loan originated
1,685000.0,47,785000.0,135.0,1,Not Hispanic or Latino,Asian,Male,25-34,87.268,Loan originated
1,725000.0,20%-<30%,955000.0,238.0,1,Not Hispanic or Latino,White,Male,55-64,76.443,Loan originated
1,475000.0,41,595000.0,156.0,1,Not Hispanic or Latino,White,Female,55-64,79.967,Loan originated
1,595000.0,49,745000.0,125.0,1,Not Hispanic or Latino,White,Female,55-64,80.0,Loan originated
1,765000.0,20%-<30%,805000.0,282.0,1,Not Hispanic or Latino,White,Male,45-54,95.0,Loan originated
1,475000.0,50%-60%,955000.0,103.0,1,Not Hispanic or Latino,White,Male,>74,50.0,Loan originated
1,395000.0,<20%,525000.0,272.0,1,Not Hispanic or Latino,Asian,Male,25-34,76.0,Loan originated
1,735000.0,38,825000.0,180.0,1,Not Hispanic or Latino,Asian,Male,45-54,90.0,Loan originated
1,765000.0,41,805000.0,198.0,1,Not Hispanic or Latino,Asian,Male,25-34,95.0,Loan originated
1,645000.0,44,675000.0,194.0,1,Not Hispanic or Latino,White,Male,35-44,95.0,Loan originated
1,415000.0,46,525000.0,95.0,1,Not Hispanic or Latino,White,Male,35-44,80.0,Loan originated
1,1005000.0,47,1765000.0,215.0,1,Not Hispanic or Latino,White,Male,25-34,56.53,Loan originated
1,1105000.0,46,1375000.0,282.0,1,Not Hispanic or Latino,Asian,Male,55-64,80.0,Loan originated
1,805000.0,36,1005000.0,205.0,1,Not Hispanic or Latino,Asian,Male,25-34,80.0,Loan originated
1,665000.0,30%-<36%,1265000.0,202.0,1,Not Hispanic or Latino,White,Female,55-64,52.7,Loan originated
1,195000.0,20%-<30%,505000.0,108.0,1,Not Hispanic or Latino,White,Male,35-44,37.624,Loan originated
1,845000.0,47,1055000.0,206.0,1,Hispanic or Latino,White,Female,35-44,80.0,Loan originated
1,635000.0,36,795000.0,253.0,1,Not Hispanic or Latino,White,Male,25-34,80.0,Loan originated
1,545000.0,38,1045000.0,200.0,1,Not Hispanic or Latino,White,Male,25-34,51.969,Loan originated
1,655000.0,41,965000.0,190.0,1,Not Hispanic or Latino,Asian,Male,35-44,67.708,Loan originated
1,345000.0,49,365000.0,70.0,1,Hispanic or Latino,White,Male,25-34,95.0,Loan originated
1,1085000.0,30%-<36%,1355000.0,315.0,1,Hispanic or Latino,White,Male,35-44,80.0,Loan originated
1,415000.0,39,695000.0,112.0,1,Hispanic or Latino,White,Male,55-64,60.0,Loan originated
1,425000.0,30%-<36%,535000.0,120.0,1,Hispanic or Latino,White,Male,25-34,80.0,Loan originated
1,235000.0,40,295000.0,88.0,1,Not Hispanic or Latino,White,Male,25-34,80.0,Loan originated
1,325000.0,48,405000.0,90.0,1,Hispanic or Latino,White,Male,25-34,80.0,Loan originated
1,765000.0,48,825000.0,154.0,1,Not Hispanic or Latino,White,Male,35-44,93.0,Loan originated
1,505000.0,47,535000.0,301.0,1,Not Hispanic or Latino,White,Male,65-74,95.0,Loan originated
1,385000.0,49,1155000.0,92.0,1,Not Hispanic or Latino,White,Male,35-44,33.043,Loan originated
1,545000.0,43,685000.0,123.0,1,Not Hispanic or Latino,Asian,Male,25-34,80.0,Loan originated
1,765000.0,20%-<30%,995000.0,278.0,1,Not Hispanic or Latino,White,Female,45-54,77.429,Loan originated
1,505000.0,30%-<36%,735000.0,171.0,1,Not Hispanic or Latino,Asian,Female,45-54,68.02,Loan originated
1,255000.0,48,325000.0,109.0,1,Hispanic or Latino,White,Male,45-54,80.0,Loan originated
1,345000.0,49,475000.0,73.0,1,Not Hispanic or Latino,Asian,Female,25-34,72.253,Loan originated
1,475000.0,48,505000.0,112.0,1,Not Hispanic or Latino,White,Male,<25,95.0,Loan originated
1,495000.0,47,525000.0,185.0,1,Hispanic or Latino,White,Female,45-54,95.0,Loan originated
1,725000.0,43,915000.0,199.0,1,Not Hispanic or Latino,White,Male,35-44,80.0,Loan originated
1,1135000.0,30%-<36%,1895000.0,403.0,1,Not Hispanic or Latino,Asian,Male,35-44,60.0,Loan originated
1,765000.0,46,925000.0,161.0,1,Hispanic or Latino,White,Male,35-44,82.87,Loan originated
1,585000.0,48,615000.0,150.0,1,Not Hispanic or Latino,White,Male,35-44,95.0,Loan originated
1,325000.0,20%-<30%,525000.0,152.0,1,Not Hispanic or Latino,White,Female,35-44,61.9,Loan originated
1,625000.0,20%-<30%,695000.0,204.0,1,Not Hispanic or Latino,Asian,Male,35-44,90.0,Loan originated
1,205000.0,41,335000.0,49.0,1,Hispanic or Latino,White,Male,55-64,98.182,Loan originated
1,385000.0,46,485000.0,90.0,1,Not Hispanic or Latino,White,Female,25-34,80.0,Loan originated
1,555000.0,49,575000.0,136.0,1,Hispanic or Latino,White,Female,35-44,100.0,Loan originated
1,565000.0,42,595000.0,206.0,1,Not Hispanic or Latino,Asian,Male,25-34,95.0,Loan originated
1,565000.0,49,665000.0,148.0,1,Not Hispanic or Latino,White,Male,35-44,85.0,Loan originated
1,595000.0,42,745000.0,228.0,1,Hispanic or Latino,White,Male,25-34,80.0,Loan originated
1,565000.0,45,705000.0,128.0,1,Not Hispanic or Latino,White,Female,<25,80.0,Loan originated
1,75000.0,30%-<36%,95000.0,153.0,1,Not Hispanic or Latino,White,Male,55-64,79.98,Loan originated
1,355000.0,49,585000.0,79.0,1,Not Hispanic or Latino,White,Female,65-74,60.684,Loan originated
1,505000.0,20%-<30%,675000.0,206.0,1,Not Hispanic or Latino,Asian,Male,25-34,75.0,Loan originated
1,235000.0,50%-60%,385000.0,76.0,1,Not Hispanic or Latino,White,Male,>74,62.5,Application denied
1,115000.0,49,565000.0,64.0,1,Not Hispanic or Latino,White,Female,65-74,19.65,Loan originated
1,705000.0,50%-60%,885000.0,149.0,1,Not Hispanic or Latino,White,Female,45-54,80.0,Application denied
1,545000.0,45,685000.0,118.0,1,Not Hispanic or Latino,White,Female,45-54,80.0,Loan originated
1,235000.0,<20%,255000.0,313.0,1,Hispanic or Latino,White,Male,35-44,95.0,Loan originated
1,1135000.0,39,1425000.0,322.0,1,Not Hispanic or Latino,Asian,Male,45-54,80.0,Loan originated
1,555000.0,49,645000.0,125.0,1,Not Hispanic or Latino,White,Male,25-34,85.0,Loan originated
1,715000.0,39,795000.0,217.0,1,Not Hispanic or Latino,Asian,Male,35-44,89.949,Loan originated
1,1145000.0,49,1555000.0,256.0,1,Not Hispanic or Latino,White,Male,25-34,75.0,Loan originated
1,555000.0,48,695000.0,123.0,1,Hispanic or Latino,White,Female,65-74,80.0,Loan originated
1,395000.0,39,415000.0,98.0,1,Not Hispanic or Latino,Black or African American,Female,35-44,95.0,Loan originated
1,275000.0,49,285000.0,71.0,1,Hispanic or Latino,White,Male,<25,97.0,Loan originated
1,295000.0,49,375000.0,121.0,1,Not Hispanic or Latino,White,Male,35-44,80.0,Loan originated
1,705000.0,48,875000.0,156.0,1,Not Hispanic or Latino,White,Female,35-44,80.0,Loan originated
1,785000.0,49,975000.0,189.0,1,Not Hispanic or Latino,White,Female,35-44,80.0,Loan originated
1,115000.0,30%-<36%,125000.0,184.0,1,Hispanic or Latino,White,Male,25-34,90.0,Loan originated
1,765000.0,48,1115000.0,158.0,1,Not Hispanic or Latino,Asian,Male,25-34,69.0,Loan originated
1,515000.0,43,635000.0,134.0,1,Not Hispanic or Latino,White,Male,35-44,79.99,Loan originated
1,255000.0,49,1085000.0,77.0,1,Not Hispanic or Latino,Asian,Female,45-54,23.0,Loan originated
1,665000.0,48,1045000.0,132.0,1,Not Hispanic or Latino,White,Male,25-34,63.94,Loan originated
1,665000.0,43,785000.0,247.0,1,Not Hispanic or Latino,White,Female,55-64,85.0,Loan originated
1,425000.0,20%-<30%,895000.0,155.0,1,Not Hispanic or Latino,Asian,Male,25-34,47.85,Loan originated
1,1085000.0,20%-<30%,1355000.0,491.0,1,Not Hispanic or Latino,White,Male,35-44,80.0,Loan originated
1,1145000.0,40,1355000.0,322.0,1,Hispanic or Latino,White,Male,25-34,80.0,Application denied
1,1085000.0,46,1365000.0,228.0,1,Not Hispanic or Latino,White,Female,25-34,80.0,Loan originated
1,325000.0,<20%,675000.0,409.0,1,Not Hispanic or Latino,White,Female,35-44,48.148,Loan originated
1,645000.0,48,675000.0,165.0,1,Not Hispanic or Latino,White,Male,45-54,94.819,Loan originated
1,485000.0,45,655000.0,138.0,1,Hispanic or Latino,White,Female,35-44,95.0,Loan originated
1,115000.0,37,725000.0,141.0,1,Not Hispanic or Latino,White,Female,25-34,16.0,Loan originated
1,485000.0,49,515000.0,114.0,1,Hispanic or Latino,White,Female,<25,95.0,Loan originated
1,335000.0,45,355000.0,69.0,1,Hispanic or Latino,White,Female,55-64,97.0,Loan originated
1,485000.0,40,645000.0,124.0,1,Not Hispanic or Latino,Asian,Female,25-34,75.0,Loan originated
1,165000.0,30%-<36%,765000.0,119.0,1,Not Hispanic or Latino,Asian,Male,35-44,21.995,Loan originated
1,625000.0,49,785000.0,171.0,1,Not Hispanic or Latino,White,Male,35-44,80.0,Loan originated
1,785000.0,49,1205000.0,240.0,1,Hispanic or Latino,White,Female,45-54,65.0,Loan originated
1,655000.0,46,695000.0,141.0,1,Not Hispanic or Latino,Black or African American,Male,35-44,95.0,Loan originated
1,815000.0,41,1085000.0,428.0,1,Not Hispanic or Latino,Asian,Male,35-44,75.0,Loan originated
1,325000.0,44,405000.0,81.0,1,Hispanic or Latino,White,Male,25-34,80.0,Loan originated
1,525000.0,>60%,555000.0,121.0,1,Not Hispanic or Latino,White,Female,25-34,95.0,Application denied
1,1015000.0,44,1265000.0,218.0,1,Not Hispanic or Latino,Asian,Female,25-34,79.89,Loan originated
1,395000.0,39,405000.0,145.0,1,Not Hispanic or Latino,White,Male,25-34,97.0,Loan originated
1,335000.0,20%-<30%,465000.0,154.0,1,Not Hispanic or Latino,White,Male,35-44,72.33,Loan originated
1,665000.0,40,695000.0,161.0,1,Hispanic or Latino,White,Male,25-34,97.0,Loan originated
1,935000.0,49,1245000.0,310.0,1,Not Hispanic or Latino,White,Male,>74,75.0,Loan originated
1,775000.0,46,1105000.0,212.0,1,Not Hispanic or Latino,White,Female,35-44,70.0,Loan originated
1,575000.0,30%-<36%,955000.0,205.0,1,Not Hispanic or Latino,White,Male,25-34,60.0,Loan originated
1,765000.0,39,865000.0,210.0,1,Not Hispanic or Latino,Asian,Male,35-44,89.06,Loan originated
1,565000.0,49,755000.0,114.0,1,Not Hispanic or Latino,Asian,Male,35-44,95.0,Loan originated
1,155000.0,43,255000.0,54.0,1,Hispanic or Latino,White,Male,35-44,100.0,Loan originated
1,755000.0,30%-<36%,1505000.0,233.0,1,Not Hispanic or Latino,Asian,Male,25-34,50.0,Loan originated
1,145000.0,45,515000.0,51.0,1,Not Hispanic or Latino,White,Male,65-74,27.184,Loan originated
1,1235000.0,>60%,1545000.0,257.0,1,Not Hispanic or Latino,White,Male,65-74,80.0,Loan originated
1,425000.0,20%-<30%,565000.0,158.0,1,Not Hispanic or Latino,White,Female,25-34,75.0,Loan originated
1,345000.0,38,335000.0,104.0,1,Not Hispanic or Latino,Black or African American,Female,55-64,101.75,Loan originated
1,765000.0,43,1765000.0,202.0,1,Not Hispanic or Latino,Asian,Female,35-44,44.0,Loan originated
1,135000.0,20%-<30%,265000.0,83.0,1,Hispanic or Latino,White,Male,>74,50.943,Loan originated
1,385000.0,40,535000.0,154.0,1,Not Hispanic or Latino,Asian,Male,35-44,72.119,Loan originated
1,185000.0,30%-<36%,215000.0,74.0,1,Hispanic or Latino,White,Male,25-34,85.0,Loan originated
1,665000.0,41,765000.0,150.0,1,Hispanic or Latino,White,Male,35-44,86.894,Loan originated
1,395000.0,42,415000.0,143.0,1,Not Hispanic or Latino,White,Female,35-44,97.0,Loan originated
1,655000.0,20%-<30%,835000.0,329.0,1,Not Hispanic or Latino,Asian,Male,25-34,78.76,Loan originated
1,595000.0,49,625000.0,215.0,1,Not Hispanic or Latino,White,Male,25-34,95.0,Loan originated
1,545000.0,20%-<30%,725000.0,247.0,1,Not Hispanic or Latino,Asian,Male,25-34,74.657,Loan originated
1,265000.0,42,335000.0,69.0,1,Hispanic or Latino,White,Male,35-44,80.0,Loan originated
1,595000.0,40,735000.0,145.0,1,Not Hispanic or Latino,Native Hawaiian or Other Pacific Islander,Female,35-44,80.0,Loan originated
1,485000.0,41,505000.0,154.0,1,Hispanic or Latino,Asian,Male,25-34,95.0,Loan originated
1,845000.0,45,895000.0,184.0,1,Not Hispanic or Latino,White,Male,35-44,94.382,Loan originated
1,545000.0,48,595000.0,130.0,1,Not Hispanic or Latino,Asian,Female,35-44,92.0,Loan originated
1,295000.0,20%-<30%,415000.0,105.0,1,Not Hispanic or Latino,White,Male,45-54,71.428,Loan originated
1,775000.0,40,825000.0,174.0,1,Not Hispanic or Latino,White,Male,35-44,94.0,Loan originated
1,295000.0,40,385000.0,89.0,1,Not Hispanic or Latino,White,Female,65-74,75.0,Loan originated
1,365000.0,45,455000.0,111.0,1,Not Hispanic or Latino,White,Female,45-54,80.0,Loan originated
1,545000.0,47,685000.0,127.0,1,Hispanic or Latino,White,Female,55-64,80.0,Loan originated
1,605000.0,49,645000.0,143.0,1,Not Hispanic or Latino,Asian,Male,25-34,95.0,Loan originated
1,1005000.0,47,1075000.0,345.0,1,Not Hispanic or Latino,White,Male,35-44,94.019,Loan originated
1,365000.0,42,965000.0,151.0,1,Hispanic or Latino,White,Male,45-54,37.824,Loan originated
1,175000.0,43,195000.0,107.0,1,Hispanic or Latino,White,Male,25-34,90.0,Application denied
1,155000.0,49,305000.0,56.0,1,Not Hispanic or Latino,White,Female,>74,50.82,Loan originated
1,405000.0,48,805000.0,100.0,1,Not Hispanic or Latino,White,Female,25-34,50.0,Loan originated
1,655000.0,49,915000.0,130.0,1,Not Hispanic or Latino,White,Female,55-64,72.0,Loan originated
1,595000.0,48,795000.0,117.0,1,Not Hispanic or Latino,Asian,Male,<25,75.0,Loan originated
1,535000.0,42,625000.0,137.0,1,Not Hispanic or Latino,White,Male,25-34,84.96,Loan originated
1,205000.0,44,495000.0,53.0,1,Hispanic or Latino,White,Male,25-34,104.788,Loan originated
1,885000.0,48,1105000.0,171.0,1,Not Hispanic or Latino,Asian,Male,35-44,80.0,Loan originated
1,855000.0,37,1535000.0,248.0,1,Hispanic or Latino,White,Male,35-44,55.556,Loan originated
1,335000.0,42,335000.0,73.0,1,Not Hispanic or Latino,White,Male,35-44,100.0,Application denied
1,975000.0,46,1405000.0,278.0,1,Not Hispanic or Latino,Asian,Female,45-54,85.18,Loan originated
1,505000.0,36,835000.0,138.0,1,Not Hispanic or Latino,White,Female,35-44,60.0,Loan originated
1,75000.0,30%-<36%,95000.0,59.0,1,Not Hispanic or Latino,White,Male,35-44,81.23,Application denied
1,605000.0,41,755000.0,163.0,1,Not Hispanic or Latino,White,Female,25-34,80.0,Loan originated
1,635000.0,49,1425000.0,152.0,1,Not Hispanic or Latino,Asian,Male,25-34,44.394,Loan originated
1,895000.0,38,1245000.0,234.0,1,Not Hispanic or Latino,Asian,Male,55-64,71.978,Loan originated
1,665000.0,41,835000.0,193.0,1,Not Hispanic or Latino,Asian,Male,35-44,80.0,Loan originated
1,1005000.0,47,1515000.0,237.0,1,Hispanic or Latino,White,Male,35-44,66.23,Loan originated
1,415000.0,49,515000.0,80.0,1,Not Hispanic or Latino,Asian,Male,35-44,80.0,Loan originated
1,1085000.0,30%-<36%,1365000.0,362.0,1,Not Hispanic or Latino,Asian,Male,35-44,80.0,Loan originated
1,425000.0,20%-<30%,1025000.0,293.0,1,Not Hispanic or Latino,White,Male,35-44,41.176,Loan originated
1,235000.0,45,275000.0,60.0,1,Hispanic or Latino,White,Male,45-54,97.23,Loan originated
1,705000.0,43,905000.0,161.0,1,Not Hispanic or Latino,Asian,Female,35-44,77.899,Loan originated
1,655000.0,44,825000.0,150.0,1,Not Hispanic or Latino,White,Male,25-34,80.0,Loan originated
1,395000.0,40,485000.0,102.0,1,Not Hispanic or Latino,White,Female,45-54,80.0,Loan originated
1,245000.0,48,375000.0,66.0,1,Not Hispanic or Latino,White,Female,55-64,66.556451612904,Loan originated
1,485000.0,42,545000.0,127.0,1,Hispanic or Latino,White,Male,45-54,90.0,Loan originated
1,735000.0,20%-<30%,855000.0,259.0,1,Not Hispanic or Latino,Asian,Male,35-44,85.38,Loan originated
1,465000.0,38,575000.0,145.0,1,Not Hispanic or Latino,White,Female,25-34,80.0,Loan originated
1,335000.0,20%-<30%,355000.0,135.0,1,Not Hispanic or Latino,Asian,Male,25-34,95.0,Loan originated
1,725000.0,45,805000.0,148.0,1,Not Hispanic or Latino,Asian,Male,35-44,89.99,Loan originated
1,205000.0,36,655000.0,70.0,1,Not Hispanic or Latino,White,Female,35-44,30.77,Loan originated
1,955000.0,20%-<30%,1875000.0,573.0,1,Not Hispanic or Latino,White,Female,45-54,50.798,Loan originated
1,325000.0,49,485000.0,59.0,1,Hispanic or Latino,White,Female,45-54,68.0,Loan originated
1,335000.0,20%-<30%,445000.0,139.0,1,Hispanic or Latino,White,Male,<25,75.0,Loan originated
1,675000.0,30%-<36%,845000.0,180.0,1,Not Hispanic or Latino,Asian,Male,25-34,80.0,Loan originated
1,255000.0,49,805000.0,105.0,1,Not Hispanic or Latino,Asian,Male,35-44,31.814,Loan originated
1,315000.0,48,335000.0,72.0,1,Hispanic or Latino,White,Female,35-44,95.0,Loan originated
1,605000.0,>60%,765000.0,40.0,1,Hispanic or Latino,White,Male,35-44,80.0,Application denied
1,585000.0,20%-<30%,665000.0,229.0,1,Not Hispanic or Latino,Asian,Male,25-34,87.902,Loan originated
1,775000.0,42,1215000.0,178.0,1,Not Hispanic or Latino,White,Female,55-64,63.802,Loan originated
1,585000.0,30%-<36%,615000.0,154.0,1,Not Hispanic or Latino,White,Male,35-44,95.0,Loan originated
1,675000.0,48,715000.0,140.0,1,Hispanic or Latino,White,Female,35-44,95.0,Loan originated
1,745000.0,42,825000.0,270.0,1,Not Hispanic or Latino,White,Female,25-34,90.0,Loan originated
1,675000.0,48,755000.0,130.0,1,Not Hispanic or Latino,Asian,Male,35-44,90.0,Loan originated
1,765000.0,46,865000.0,158.0,1,Not Hispanic or Latino,White,Male,25-34,88.966,Loan originated
1,415000.0,46,745000.0,90.0,1,Not Hispanic or Latino,Asian,Female,65-74,55.757,Loan originated
1,945000.0,42,1355000.0,313.0,1,Not Hispanic or Latino,White,Female,35-44,69.501,Loan originated
1,1065000.0,43,1295000.0,240.0,1,Not Hispanic or Latino,White,Male,25-34,82.008,Loan originated
1,675000.0,43,755000.0,144.0,1,Not Hispanic or Latino,Asian,Male,35-44,90.0,Loan originated
1,655000.0,49,815000.0,159.0,1,Not Hispanic or Latino,Black or African American,Male,>74,80.0,Loan originated
1,355000.0,20%-<30%,395000.0,137.0,1,Not Hispanic or Latino,Asian,Male,25-34,90.0,Loan originated
1,365000.0,38,465000.0,114.0,1,Not Hispanic or Latino,Asian,Male,35-44,80.0,Loan originated
1,775000.0,30%-<36%,975000.0,219.0,1,Not Hispanic or Latino,Asian,Male,25-34,80.0,Loan originated
1,415000.0,49,525000.0,98.0,1,Hispanic or Latino,White,Male,35-44,80.0,Loan originated
1,685000.0,49,865000.0,178.0,1,Not Hispanic or Latino,White,Male,45-54,80.0,Loan originated
1,315000.0,41,355000.0,142.0,1,Not Hispanic or Latino,White,Male,55-64,95.0,Loan originated
1,665000.0,43,705000.0,186.0,1,Not Hispanic or Latino,White,Male,35-44,95.0,Loan originated
1,185000.0,40,425000.0,101.0,1,Not Hispanic or Latino,White,Female,45-54,43.0,Loan originated
1,585000.0,<20%,735000.0,334.0,1,Not Hispanic or Latino,White,Female,65-74,80.0,Loan originated
1,705000.0,30%-<36%,1205000.0,227.0,1,Not Hispanic or Latino,White,Male,35-44,58.33,Loan originated
1,405000.0,36,485000.0,117.0,1,Not Hispanic or Latino,Asian,Female,25-34,85.0,Loan originated
1,675000.0,20%-<30%,905000.0,354.0,1,Not Hispanic or Latino,White,Male,65-74,75.0,Loan originated
1,725000.0,49,815000.0,134.0,1,Hispanic or Latino,Asian,Female,35-44,89.0,Loan originated
1,355000.0,49,375000.0,75.0,1,Not Hispanic or Latino,White,Male,55-64,95.0,Loan originated
1,665000.0,30%-<36%,785000.0,210.0,1,Not Hispanic or Latino,Asian,Male,25-34,85.0,Loan originated
1,555000.0,20%-<30%,585000.0,309.0,1,Not Hispanic or Latino,White,Male,35-44,95.0,Loan originated
1,695000.0,49,735000.0,153.0,1,Not Hispanic or Latino,White,Male,55-64,95.0,Loan originated
1,305000.0,47,385000.0,68.0,1,Not Hispanic or Latino,White,Male,45-54,80.0,Loan originated
1,425000.0,44,445000.0,113.0,1,Hispanic or Latino,White,Male,35-44,95.0,Loan originated
1,865000.0,47,1025000.0,172.0,1,Not Hispanic or Latino,Asian,Male,25-34,99.706,Loan originated
1,1075000.0,41,1195000.0,330.0,1,Not Hispanic or Latino,White,Male,35-44,90.0,Application denied
1,335000.0,49,355000.0,62.0,1,Hispanic or Latino,White,Male,25-34,97.0,Loan originated
1,685000.0,30%-<36%,855000.0,223.0,1,Not Hispanic or Latino,Asian,Female,35-44,80.0,Loan originated
1,505000.0,49,625000.0,120.0,1,Not Hispanic or Latino,White,Female,25-34,79.998,Loan originated
1,325000.0,50%-60%,365000.0,82.0,1,Hispanic or Latino,White,Female,25-34,90.278,Loan originated
1,375000.0,30%-<36%,645000.0,156.0,1,Not Hispanic or Latino,American Indian or Alaska Native,Female,45-54,58.205,Loan originated
1,95000.0,41,395000.0,50.0,1,Not Hispanic or Latino,White,Female,45-54,24.0,Loan originated
1,375000.0,38,395000.0,104.0,1,Not Hispanic or Latino,White,Male,25-34,98.0,Loan originated
1,355000.0,49,615000.0,82.0,1,Not Hispanic or Latino,Asian,Female,45-54,56.91,Loan originated
1,225000.0,37,325000.0,85.0,1,Hispanic or Latino,White,Male,45-54,70.0,Loan originated
1,425000.0,38,665000.0,188.0,1,Not Hispanic or Latino,Asian,Male,65-74,64.825,Loan originated
1,265000.0,20%-<30%,1105000.0,132.0,1,Not Hispanic or Latino,Asian,Female,25-34,23.64,Loan originated
1,825000.0,45,875000.0,254.0,1,Hispanic or Latino,White,Female,35-44,94.286,Loan originated
1,505000.0,40,565000.0,149.0,1,Hispanic or Latino,White,Male,25-34,90.0,Application denied
1,425000.0,44,535000.0,153.0,1,Hispanic or Latino,White,Male,35-44,80.0,Loan originated
1,275000.0,20%-<30%,955000.0,177.0,1,Not Hispanic or Latino,White,Male,35-44,29.0,Loan originated
1,595000.0,30%-<36%,665000.0,160.0,1,Not Hispanic or Latino,Asian,Female,25-34,89.99,Loan originated
1,815000.0,46,2145000.0,238.0,1,Not Hispanic or Latino,White,Male,65-74,38.157,Loan originated
1,685000.0,42,765000.0,188.0,1,Not Hispanic or Latino,Asian,Male,35-44,90.0,Loan originated
1,505000.0,47,635000.0,153.0,1,Not Hispanic or Latino,White,Male,55-64,80.0,Loan originated
1,755000.0,>60%,805000.0,176.0,1,Hispanic or Latino,White,Male,25-34,94.688,Application denied
1,1105000.0,20%-<30%,1385000.0,775.0,1,Not Hispanic or Latino,White,Male,45-54,80.0,Loan originated
1,305000.0,43,1505000.0,114.0,1,Not Hispanic or Latino,White,Female,35-44,20.0,Loan originated
1,405000.0,44,455000.0,83.0,1,Not Hispanic or Latino,Black or African American,Male,35-44,88.69,Loan originated
1,405000.0,40,635000.0,255.0,1,Hispanic or Latino,White,Male,55-64,63.1,Loan originated
1,795000.0,48,865000.0,208.0,1,Not Hispanic or Latino,White,Male,25-34,91.861,Loan originated
1,655000.0,43,975000.0,183.0,1,Not Hispanic or Latino,Black or African American,Male,>74,66.795,Application denied
1,635000.0,47,855000.0,174.0,1,Not Hispanic or Latino,White,Male,45-54,74.93,Loan originated
1,525000.0,20%-<30%,655000.0,190.0,1,Hispanic or Latino,White,Male,35-44,80.0,Loan originated
1,715000.0,49,1195000.0,144.0,1,Not Hispanic or Latino,Asian,Female,45-54,60.0,Loan originated
1,1145000.0,42,1595000.0,255.0,1,Not Hispanic or Latino,White,Male,25-34,71.907,Loan originated
1,295000.0,49,415000.0,64.0,1,Not Hispanic or Latino,White,Female,>74,70.0,Loan originated
1,725000.0,49,755000.0,268.0,1,Not Hispanic or Latino,Black or African American,Female,45-54,97.0,Loan originated
1,445000.0,36,555000.0,115.0,1,Hispanic or Latino,White,Male,45-54,80.0,Loan originated
1,425000.0,40,525000.0,120.0,1,Not Hispanic or Latino,White,Female,55-64,80.0,Loan originated
1,455000.0,42,505000.0,158.0,1,Not Hispanic or Latino,Black or African American,Female,45-54,90.0,Application denied
1,565000.0,43,815000.0,157.0,1,Not Hispanic or Latino,White,Female,25-34,69.33,Loan originated
1,865000.0,41,1165000.0,286.0,1,Not Hispanic or Latino,Asian,Female,25-34,74.138,Loan originated
1,105000.0,<20%,415000.0,131.0,1,Not Hispanic or Latino,White,Male,65-74,23.872,Loan originated
1,665000.0,37,705000.0,192.0,1,Not Hispanic or Latino,White,Male,25-34,95.0,Loan originated
1,545000.0,36,685000.0,171.0,1,Hispanic or Latino,White,Male,55-64,80.0,Loan originated
1,755000.0,43,935000.0,220.0,1,Not Hispanic or Latino,White,Male,25-34,90.0,Loan originated
1,255000.0,41,285000.0,67.0,1,Not Hispanic or Latino,White,Male,25-34,90.0,Loan originated
1,685000.0,30%-<36%,725000.0,326.0,1,Not Hispanic or Latino,White,Male,25-34,95.0,Loan originated
1,215000.0,41,225000.0,63.0,1,Not Hispanic or Latino,White,Male,25-34,100.0,Loan originated
1,45000.0,20%-<30%,375000.0,60.0,1,Not Hispanic or Latino,White,Male,25-34,10.529,Loan originated
1,415000.0,46,435000.0,120.0,1,Not Hispanic or Latino,Asian,Male,25-34,95.0,Loan originated
1,335000.0,46,405000.0,100.0,1,Hispanic or Latino,White,Female,35-44,82.5,Loan originated
1,225000.0,30%-<36%,245000.0,73.0,1,Not Hispanic or Latino,White,Male,55-64,95.0,Loan originated
1,425000.0,43,445000.0,102.0,1,Hispanic or Latino,White,Female,55-64,95.0,Loan originated
1,235000.0,20%-<30%,535000.0,112.0,1,Hispanic or Latino,White,Male,45-54,44.186,Loan originated
1,405000.0,41,425000.0,87.0,1,Hispanic or Latino,White,Male,25-34,97.0,Loan originated
1,185000.0,44,375000.0,119.0,1,Not Hispanic or Latino,White,Female,65-74,50.0,Loan originated
1,175000.0,39,205000.0,86.0,1,Not Hispanic or Latino,White,Male,25-34,85.0,Loan originated
1,465000.0,41,475000.0,133.0,1,Not Hispanic or Latino,Asian,Female,35-44,97.0,Loan originated
1,315000.0,49,465000.0,68.0,1,Hispanic or Latino,White,Female,65-74,68.0,Loan originated
1,1095000.0,20%-<30%,1365000.0,411.0,1,Not Hispanic or Latino,White,Female,55-64,80.0,Loan originated
1,375000.0,50%-60%,395000.0,155.0,1,Hispanic or Latino,White,Male,35-44,95.0,Application denied
1,555000.0,30%-<36%,715000.0,293.0,1,Not Hispanic or Latino,Asian,Male,25-34,77.58,Loan originated
1,335000.0,40,535000.0,230.0,1,Not Hispanic or Latino,White,Female,35-44,62.406,Loan originated
1,1005000.0,46,2255000.0,327.0,1,Not Hispanic or Latino,Asian,Female,45-54,44.444,Loan originated
1,775000.0,39,975000.0,293.0,1,Not Hispanic or Latino,White,Male,65-74,80.0,Loan originated
1,575000.0,20%-<30%,635000.0,221.0,1,Not Hispanic or Latino,White,Male,35-44,89.923,Loan originated
1,725000.0,44,785000.0,173.0,1,Not Hispanic or Latino,White,Male,35-44,92.351,Loan originated
1,255000.0,44,555000.0,72.0,1,Hispanic or Latino,White,Female,35-44,45.455,Loan originated
1,415000.0,45,435000.0,84.0,1,Hispanic or Latino,White,Female,25-34,95.0,Loan originated
1,205000.0,42,1175000.0,79.0,1,Not Hispanic or Latino,White,Female,35-44,17.021,Loan originated
1,605000.0,42,625000.0,150.0,1,Not Hispanic or Latino,Asian,Female,25-34,97.0,Loan originated
1,655000.0,49,2615000.0,175.0,1,Not Hispanic or Latino,Asian,Female,25-34,24.828,Loan originated
1,965000.0,20%-<30%,1455000.0,627.0,1,Not Hispanic or Latino,White,Male,55-64,66.552,Loan originated
1,235000.0,49,885000.0,69.0,1,Not Hispanic or Latino,White,Female,55-64,27.0,Loan originated
1,305000.0,38,505000.0,102.0,1,Not Hispanic or Latino,White,Female,35-44,60.0,Loan originated
1,755000.0,30%-<36%,835000.0,298.0,1,Hispanic or Latino,White,Male,35-44,90.0,Loan originated
1,755000.0,43,945000.0,183.0,1,Not Hispanic or Latino,Asian,Male,35-44,80.0,Loan originated
1,475000.0,46,505000.0,102.0,1,Not Hispanic or Latino,Asian,Male,25-34,95.0,Loan originated
1,415000.0,20%-<30%,515000.0,151.0,1,Not Hispanic or Latino,White,Female,35-44,80.0,Loan originated
1,1085000.0,50%-60%,1355000.0,316.0,1,Not Hispanic or Latino,White,Male,45-54,80.0,Loan originated
1,305000.0,30%-<36%,1055000.0,116.0,1,Not Hispanic or Latino,Asian,Female,35-44,28.91,Loan originated
1,245000.0,44,605000.0,310.0,1,Hispanic or Latino,White,Female,25-34,40.0,Loan originated
1,225000.0,39,435000.0,64.0,1,Not Hispanic or Latino,White,Female,55-64,91.86,Loan originated
1,685000.0,48,915000.0,139.0,1,Not Hispanic or Latino,Asian,Male,25-34,75.0,Loan originated
1,635000.0,40,705000.0,170.0,1,Not Hispanic or Latino,White,Male,25-34,90.0,Loan originated
1,765000.0,47,915000.0,285.0,1,Not Hispanic or Latino,White,Female,45-54,83.98,Loan originated
1,1095000.0,40,1375000.0,301.0,1,Not Hispanic or Latino,White,Male,25-34,79.97,Loan originated
1,265000.0,<20%,665000.0,320.0,1,Not Hispanic or Latino,Asian,Male,55-64,41.0,Loan originated
1,385000.0,40,405000.0,115.0,1,Not Hispanic or Latino,White,Male,35-44,95.0,Loan originated
1,375000.0,49,535000.0,106.0,1,Not Hispanic or Latino,Black or African American,Female,45-54,70.093,Loan originated
1,235000.0,40,295000.0,69.0,1,Hispanic or Latino,White,Female,25-34,80.0,Loan originated
1,605000.0,44,765000.0,306.0,1,Not Hispanic or Latino,Asian,Male,45-54,80.0,Loan originated
1,595000.0,41,745000.0,139.0,1,Not Hispanic or Latino,White,Female,45-54,80.0,Loan originated
1,165000.0,20%-<30%,205000.0,137.0,1,Hispanic or Latino,White,Male,25-34,80.0,Loan originated
1,315000.0,<20%,365000.0,260.0,1,Not Hispanic or Latino,White,Male,45-54,86.111,Loan originated
1,635000.0,42,705000.0,197.0,1,Not Hispanic or Latino,Asian,Male,35-44,90.0,Loan originated
1,565000.0,44,595000.0,195.0,1,Hispanic or Latino,White,Male,35-44,95.0,Application denied
1,155000.0,47,395000.0,52.0,1,Not Hispanic or Latino,White,Male,35-44,39.0,Loan originated
1,415000.0,44,595000.0,121.0,1,Hispanic or Latino,White,Female,35-44,70.0,Loan originated
1,405000.0,30%-<36%,425000.0,304.0,1,Not Hispanic or Latino,White,Female,25-34,95.0,Loan originated
1,405000.0,49,605000.0,98.0,1,Hispanic or Latino,White,Female,25-34,67.175,Loan originated
1,1145000.0,42,1435000.0,455.0,1,Not Hispanic or Latino,White,Male,45-54,94.965,Loan originated
1,515000.0,41,735000.0,290.0,1,Not Hispanic or Latino,Asian,Male,35-44,69.98,Loan originated
1,485000.0,43,575000.0,121.0,1,Not Hispanic or Latino,Black or African American,Female,45-54,85.0,Loan originated
1,615000.0,49,885000.0,168.0,1,Not Hispanic or Latino,White,Male,55-64,68.841,Loan originated
1,265000.0,38,1065000.0,96.0,1,Not Hispanic or Latino,White,Female,55-64,24.876,Loan originated
1,245000.0,49,385000.0,54.0,1,Not Hispanic or Latino,Black or African American,Female,55-64,64.783,Loan originated
1,305000.0,30%-<36%,465000.0,134.0,1,Not Hispanic or Latino,Black or African American,Female,25-34,66.0,Loan originated
1,585000.0,42,735000.0,129.0,1,Not Hispanic or Latino,White,Female,45-54,100.0,Loan originated
1,585000.0,50%-60%,605000.0,134.0,1,Not Hispanic or Latino,Black or African American,Female,45-54,97.0,Loan originated
1,395000.0,43,475000.0,97.0,1,Not Hispanic or Latino,Asian,Female,25-34,84.0,Loan originated
1,755000.0,44,805000.0,176.0,1,Hispanic or Latino,2 or more minority races,Male,35-44,94.087,Loan originated
1,245000.0,30%-<36%,535000.0,126.0,1,Not Hispanic or Latino,White,Male,35-44,80.0,Loan originated
1,155000.0,20%-<30%,555000.0,145.0,1,Not Hispanic or Latino,White,Male,35-44,27.273,Loan originated
1,325000.0,30%-<36%,525000.0,208.0,1,Not Hispanic or Latino,White,Male,35-44,61.905,Loan originated
1,435000.0,50%-60%,615000.0,91.0,1,Hispanic or Latino,White,Female,35-44,70.0,Loan originated
1,525000.0,46,995000.0,139.0,1,Not Hispanic or Latino,White,Female,55-64,52.716,Loan originated
1,515000.0,36,645000.0,153.0,1,Not Hispanic or Latino,Asian,Female,35-44,80.0,Loan originated
1,475000.0,39,555000.0,118.0,1,Not Hispanic or Latino,White,Female,35-44,86.364,Loan originated
1,535000.0,45,565000.0,121.0,1,Hispanic or Latino,White,Male,45-54,95.0,Loan originated
1,475000.0,49,595000.0,103.0,1,Not Hispanic or Latino,White,Male,35-44,80.0,Loan originated
1,675000.0,49,795000.0,125.0,1,Not Hispanic or Latino,Asian,Male,25-34,84.12,Application denied
1,765000.0,30%-<36%,975000.0,233.0,1,Not Hispanic or Latino,White,Female,65-74,78.621,Loan originated
1,355000.0,48,765000.0,9.0,1,Not Hispanic or Latino,Asian,Male,25-34,45.93,Loan originated
1,605000.0,<20%,1005000.0,324.0,1,Hispanic or Latino,White,Female,45-54,60.0,Loan originated
1,1005000.0,43,2955000.0,542.0,1,Not Hispanic or Latino,Asian,Female,55-64,34.0,Loan originated
1,695000.0,47,735000.0,342.0,1,Not Hispanic or Latino,Black or African American,Male,55-64,95.0,Loan originated
1,665000.0,49,705000.0,129.0,1,Hispanic or Latino,White,Female,25-34,95.0,Loan originated
1,385000.0,30%-<36%,475000.0,126.0,1,Not Hispanic or Latino,White,Male,65-74,80.0,Loan originated
1,225000.0,41,245000.0,58.0,1,Not Hispanic or Latino,Black or African American,Male,35-44,95.0,Loan originated
1,545000.0,30%-<36%,915000.0,200.0,1,Not Hispanic or Latino,Asian,Female,45-54,60.0,Loan originated
1,545000.0,30%-<36%,725000.0,213.0,1,Not Hispanic or Latino,Asian,Male,35-44,74.91,Loan originated
1,235000.0,30%-<36%,665000.0,95.0,1,Not Hispanic or Latino,White,Male,25-34,35.606,Loan originated
1,715000.0,41,885000.0,165.0,1,Hispanic or Latino,White,Female,25-34,96.856,Loan originated
1,925000.0,45,1155000.0,194.0,1,Not Hispanic or Latino,White,Male,35-44,80.0,Loan originated
1,495000.0,46,735000.0,147.0,1,Hispanic or Latino,White,Male,25-34,67.838,Loan originated
1,445000.0,44,635000.0,180.0,1,Not Hispanic or Latino,Asian,Female,65-74,70.0,Loan originated
1,385000.0,45,405000.0,96.0,1,Not Hispanic or Latino,Asian,Female,<25,95.0,Loan originated
1,545000.0,30%-<36%,675000.0,179.0,1,Hispanic or Latino,White,Male,45-54,80.0,Loan originated
1,685000.0,36,915000.0,238.0,1,Not Hispanic or Latino,White,Male,35-44,75.0,Loan originated
1,445000.0,36,465000.0,117.0,1,Hispanic or Latino,White,Male,25-34,95.0,Loan originated
1,315000.0,50%-60%,355000.0,62.0,1,Not Hispanic or Latino,White,Male,<25,88.571,Application denied
1,955000.0,44,1315000.0,200.0,1,Not Hispanic or Latino,Asian,Male,25-34,72.52,Loan originated
1,795000.0,30%-<36%,995000.0,287.0,1,Not Hispanic or Latino,White,Male,35-44,80.0,Loan originated
1,355000.0,49,445000.0,73.0,1,Hispanic or Latino,White,Male,25-34,80.0,Loan originated
1,805000.0,30%-<36%,1205000.0,432.0,1,Hispanic or Latino,White,Male,25-34,67.0,Loan originated
1,375000.0,47,395000.0,119.0,1,Not Hispanic or Latino,White,Female,55-64,95.0,Loan originated
1,345000.0,37,435000.0,118.0,1,Not Hispanic or Latino,Asian,Male,25-34,80.0,Loan originated
1,385000.0,49,545000.0,82.0,1,Not Hispanic or Latino,Asian,Female,55-64,71.236,Loan originated
1,525000.0,30%-<36%,675000.0,158.0,1,Not Hispanic or Latino,Asian,Female,35-44,77.777,Loan originated
1,95000.0,30%-<36%,115000.0,43.0,1,Not Hispanic or Latino,White,Male,55-64,80.0,Application denied
1,475000.0,42,645000.0,114.0,1,Not Hispanic or Latino,Asian,Male,25-34,72.87,Loan originated
1,275000.0,43,335000.0,76.0,1,Not Hispanic or Latino,White,Male,65-74,82.985,Loan originated
1,385000.0,49,585000.0,77.0,1,Hispanic or Latino,White,Male,35-44,65.928,Loan originated
1,75000.0,50%-60%,135000.0,98.0,1,Not Hispanic or Latino,White,Female,55-64,57.692,Application denied
1,705000.0,46,725000.0,191.0,1,Hispanic or Latino,White,Female,35-44,100.0,Loan originated
1,435000.0,20%-<30%,545000.0,229.0,1,Not Hispanic or Latino,Asian,Female,25-34,80.0,Loan originated
1,145000.0,<20%,1075000.0,142.0,1,Not Hispanic or Latino,White,Male,45-54,13.02,Loan originated
1,455000.0,41,505000.0,165.0,1,Hispanic or Latino,American Indian or Alaska Native,Male,<25,90.0,Loan originated
1,405000.0,49,745000.0,88.0,1,Not Hispanic or Latino,White,Female,35-44,54.189,Loan originated
1,425000.0,44,535000.0,269.0,1,Not Hispanic or Latino,Asian,Male,55-64,80.0,Loan originated
1,835000.0,20%-<30%,1195000.0,390.0,1,Not Hispanic or Latino,White,Male,55-64,70.0,Loan originated
1,655000.0,43,825000.0,143.0,1,Not Hispanic or Latino,Asian,Female,35-44,80.0,Loan originated
1,755000.0,49,1005000.0,184.0,1,Not Hispanic or Latino,White,Male,65-74,75.0,Loan originated
1,645000.0,<20%,1285000.0,2199.0,1,Hispanic or Latino,Native Hawaiian or Other Pacific Islander,Male,25-34,50.0,Loan originated
1,765000.0,49,805000.0,236.0,1,Hispanic or Latino,White,Male,55-64,95.0,Loan originated
1,275000.0,49,715000.0,71.0,1,Hispanic or Latino,White,Male,65-74,39.0,Loan originated
1,505000.0,30%-<36%,625000.0,149.0,1,Not Hispanic or Latino,Asian,Male,25-34,80.0,Loan originated
1,605000.0,39,1135000.0,301.0,1,Not Hispanic or Latino,White,Male,65-74,52.886,Loan originated
1,695000.0,49,875000.0,162.0,1,Not Hispanic or Latino,White,Male,45-54,80.0,Loan originated
1,465000.0,30%-<36%,625000.0,241.0,1,Not Hispanic or Latino,Asian,Male,35-44,75.0,Loan originated
1,685000.0,46,855000.0,216.0,1,Not Hispanic or Latino,White,Male,35-44,80.0,Loan originated
1,615000.0,30%-<36%,685000.0,185.0,1,Not Hispanic or Latino,Asian,Male,35-44,89.077,Loan originated
1,475000.0,41,525000.0,140.0,1,Not Hispanic or Latino,White,Male,35-44,90.564,Loan originated
1,285000.0,47,355000.0,68.0,1,Hispanic or Latino,White,Male,25-34,80.0,Loan originated
1,505000.0,39,1175000.0,140.0,1,Not Hispanic or Latino,Asian,Male,55-64,42.411,Loan originated
1,1125000.0,49,5175000.0,301.0,1,Not Hispanic or Latino,Asian,Female,55-64,21.739,Loan originated
1,925000.0,44,1205000.0,334.0,1,Not Hispanic or Latino,Asian,Female,35-44,76.35,Loan originated
1,725000.0,46,905000.0,203.0,1,Not Hispanic or Latino,Asian,Male,25-34,79.99978,Loan originated
1,565000.0,47,715000.0,127.0,1,Not Hispanic or Latino,White,Male,55-64,79.999,Loan originated
1,845000.0,46,995000.0,201.0,1,Not Hispanic or Latino,Asian,Male,25-34,84.938,Loan originated
1,555000.0,44,695000.0,156.0,1,Hispanic or Latino,White,Female,55-64,80.0,Loan originated
1,595000.0,41,985000.0,149.0,1,Not Hispanic or Latino,Asian,Male,35-44,60.306,Loan originated
1,295000.0,49,505000.0,76.0,1,Not Hispanic or Latino,White,Female,35-44,98.6,Loan originated
1,555000.0,39,595000.0,146.0,1,Hispanic or Latino,White,Female,35-44,95.0,Loan originated
1,695000.0,20%-<30%,635000.0,216.0,1,Not Hispanic or Latino,American Indian or Alaska Native,Male,<25,108.661,Application denied
1,405000.0,46,515000.0,95.0,1,Hispanic or Latino,White,Male,25-34,102.549,Loan originated
1,615000.0,45,645000.0,206.0,1,Hispanic or Latino,White,Male,>74,95.0,Loan originated
1,385000.0,30%-<36%,455000.0,107.0,1,Not Hispanic or Latino,White,Female,25-34,85.0,Loan originated
1,545000.0,50%-60%,685000.0,108.0,1,Not Hispanic or Latino,White,Male,25-34,80.0,Application denied
1,635000.0,47,1035000.0,158.0,1,Not Hispanic or Latino,Asian,Female,45-54,62.0,Loan originated
1,555000.0,20%-<30%,585000.0,216.0,1,Not Hispanic or Latino,White,Male,35-44,95.0,Loan originated
1,885000.0,46,1265000.0,219.0,1,Not Hispanic or Latino,Asian,Male,35-44,69.995,Loan originated
1,225000.0,30%-<36%,495000.0,80.0,1,Not Hispanic or Latino,Asian,Female,35-44,45.0,Loan originated
1,545000.0,41,735000.0,168.0,1,Not Hispanic or Latino,Asian,Male,45-54,75.0,Loan originated
1,335000.0,42,345000.0,85.0,1,Not Hispanic or Latino,White,Male,45-54,97.0,Loan originated
1,485000.0,45,505000.0,114.0,1,Hispanic or Latino,White,Male,<25,95.0,Loan originated
1,615000.0,36,765000.0,220.0,1,Not Hispanic or Latino,Asian,Male,55-64,80.0,Loan originated
1,405000.0,49,555000.0,83.0,1,Hispanic or Latino,White,Female,65-74,73.37,Loan originated
1,755000.0,48,855000.0,168.0,1,Not Hispanic or Latino,White,Female,35-44,88.35,Loan originated
1,155000.0,47,485000.0,46.0,1,Hispanic or Latino,White,Male,55-64,31.25,Loan originated
1,75000.0,20%-<30%,155000.0,81.0,1,Not Hispanic or Latino,White,Female,55-64,48.39,Loan originated
1,575000.0,20%-<30%,605000.0,221.0,1,Hispanic or Latino,American Indian or Alaska Native,Male,25-34,95.0,Loan originated
1,565000.0,20%-<30%,595000.0,219.0,1,Not Hispanic or Latino,Black or African American,Male,35-44,95.0,Loan originated
1,425000.0,49,535000.0,96.0,1,Hispanic or Latino,White,Female,45-54,80.0,Loan originated
1,595000.0,30%-<36%,665000.0,203.0,1,Not Hispanic or Latino,White,Male,35-44,90.0,Loan originated
1,765000.0,40,855000.0,340.0,1,Not Hispanic or Latino,Asian,Male,45-54,89.994,Loan originated
1,255000.0,49,265000.0,60.0,1,Hispanic or Latino,White,Female,45-54,100.0,Loan originated
1,515000.0,41,545000.0,122.0,1,Hispanic or Latino,White,Male,35-44,95.0,Loan originated
1,195000.0,49,375000.0,62.0,1,Hispanic or Latino,White,Female,55-64,52.0,Loan originated
1,455000.0,49,535000.0,91.0,1,Not Hispanic or Latino,White,Male,45-54,84.906,Loan originated
1,515000.0,42,615000.0,129.0,1,Hispanic or Latino,White,Female,35-44,103.9,Loan originated
1,575000.0,49,1025000.0,120.0,1,Not Hispanic or Latino,Asian,Male,<25,56.0,Loan originated
1,1015000.0,49,1135000.0,202.0,1,Not Hispanic or Latino,Asian,Male,35-44,90.0,Loan originated
1,765000.0,>60%,895000.0,102.0,1,Not Hispanic or Latino,Asian,Female,55-64,85.62,Application denied
1,565000.0,30%-<36%,705000.0,196.0,1,Not Hispanic or Latino,White,Male,25-34,80.0,Loan originated
1,415000.0,47,525000.0,151.0,1,Hispanic or Latino,White,Female,25-34,97.0,Loan originated
1,745000.0,49,935000.0,154.0,1,Not Hispanic or Latino,Asian,Male,35-44,80.0,Loan originated
1,95000.0,40,95000.0,47.0,1,Not Hispanic or Latino,White,Male,35-44,97.0,Loan originated
1,425000.0,44,445000.0,174.0,1,Hispanic or Latino,White,Female,35-44,95.0,Loan originated
1,495000.0,45,545000.0,111.0,1,Not Hispanic or Latino,White,Female,45-54,90.0,Loan originated
1,505000.0,42,735000.0,132.0,1,Not Hispanic or Latino,Asian,Female,35-44,68.707,Loan originated
1,375000.0,46,765000.0,76.0,1,Not Hispanic or Latino,White,Female,55-64,49.342,Loan originated
1,1105000.0,41,1985000.0,241.0,1,Not Hispanic or Latino,Asian,Male,35-44,55.556,Loan originated
1,445000.0,38,535000.0,115.0,1,Not Hispanic or Latino,Asian,Male,25-34,103.974,Loan originated
1,555000.0,49,695000.0,157.0,1,Not Hispanic or Latino,Asian,Male,35-44,80.0,Loan originated
1,1005000.0,46,1685000.0,236.0,1,Not Hispanic or Latino,Asian,Male,45-54,59.347,Loan originated
1,185000.0,30%-<36%,195000.0,75.0,1,Hispanic or Latino,White,Male,45-54,94.87,Loan originated
1,305000.0,42,415000.0,109.0,1,Hispanic or Latino,White,Male,55-64,72.29,Loan originated
1,285000.0,38,385000.0,210.0,1,Not Hispanic or Latino,White,Male,45-54,75.0,Loan originated
1,765000.0,46,955000.0,218.0,1,Not Hispanic or Latino,White,Male,65-74,80.0,Loan originated
1,245000.0,49,385000.0,58.0,1,Not Hispanic or Latino,White,Male,35-44,65.0,Loan originated
1,1115000.0,49,1395000.0,234.0,1,Not Hispanic or Latino,White,Female,45-54,80.0,Loan originated
1,575000.0,49,645000.0,129.0,1,Not Hispanic or Latino,White,Female,45-54,88.837,Loan originated
1,715000.0,41,755000.0,198.0,1,Hispanic or Latino,White,Female,45-54,95.0,Loan originated
1,665000.0,49,1355000.0,145.0,1,Not Hispanic or Latino,White,Male,35-44,49.56,Loan originated
1,495000.0,36,625000.0,126.0,1,Not Hispanic or Latino,Asian,Female,<25,79.995,Loan originated
1,735000.0,47,1055000.0,266.0,1,Not Hispanic or Latino,White,Male,45-54,70.0,Loan originated
1,305000.0,38,325000.0,124.0,1,Not Hispanic or Latino,White,Male,35-44,95.0,Loan originated
1,675000.0,42,905000.0,214.0,1,Not Hispanic or Latino,Asian,Male,45-54,75.0,Loan originated
1,715000.0,41,765000.0,205.0,1,Not Hispanic or Latino,Asian,Female,35-44,93.442,Loan originated
1,545000.0,48,685000.0,140.0,1,Hispanic or Latino,White,Female,25-34,80.0,Loan originated
1,345000.0,44,595000.0,129.0,1,Not Hispanic or Latino,Asian,Male,25-34,57.983,Loan originated
1,225000.0,30%-<36%,235000.0,101.0,1,Not Hispanic or Latino,White,Male,35-44,95.0,Loan originated
1,445000.0,41,595000.0,117.0,1,Not Hispanic or Latino,White,Male,25-34,75.0,Loan originated
1,595000.0,49,995000.0,133.0,1,Not Hispanic or Latino,Asian,Female,45-54,59.875,Loan originated
1,155000.0,50%-60%,195000.0,43.0,1,Hispanic or Latino,American Indian or Alaska Native,Female,25-34,107.6923,Loan originated
1,975000.0,49,1155000.0,204.0,1,Hispanic or Latino,White,Female,45-54,84.783,Loan originated
1,555000.0,48,1355000.0,175.0,1,Not Hispanic or Latino,2 or more minority races,Female,>74,40.845,Loan originated
1,345000.0,20%-<30%,435000.0,124.0,1,Hispanic or Latino,White,Male,25-34,80.0,Loan originated
1,395000.0,49,605000.0,82.0,1,Not Hispanic or Latino,White,Male,25-34,65.833,Loan originated
1,535000.0,49,855000.0,105.0,1,Not Hispanic or Latino,White,Female,55-64,62.353,Loan originated
1,775000.0,36,975000.0,217.0,1,Not Hispanic or Latino,Asian,Female,25-34,80.0,Loan originated
1,325000.0,30%-<36%,375000.0,142.0,1,Hispanic or Latino,White,Male,45-54,87.844,Loan originated
1,175000.0,44,805000.0,118.0,1,Not Hispanic or Latino,White,Male,55-64,21.848,Loan originated
1,825000.0,30%-<36%,1495000.0,414.0,1,Not Hispanic or Latino,White,Female,35-44,56.0,Loan originated
1,545000.0,36,585000.0,149.0,1,Not Hispanic or Latino,White,Female,25-34,94.0,Loan originated
1,645000.0,39,805000.0,188.0,1,Not Hispanic or Latino,Asian,Male,25-34,79.99,Loan originated
1,265000.0,20%-<30%,275000.0,146.0,1,Not Hispanic or Latino,White,Male,45-54,95.0,Loan originated
1,175000.0,20%-<30%,505000.0,103.0,1,Hispanic or Latino,White,Male,45-54,34.0,Loan originated
1,755000.0,38,785000.0,184.0,1,Hispanic or Latino,White,Male,35-44,100.0,Loan originated
1,185000.0,42,205000.0,54.0,1,Hispanic or Latino,White,Male,35-44,90.0,Loan originated
1,575000.0,50%-60%,605000.0,120.0,1,Not Hispanic or Latino,Asian,Male,25-34,95.0,Application denied
1,445000.0,47,485000.0,111.0,1,Hispanic or Latino,White,Female,45-54,92.0,Loan originated
1,1145000.0,49,1535000.0,221.0,1,Not Hispanic or Latino,White,Male,35-44,74.511,Loan originated
1,365000.0,43,485000.0,86.0,1,Not Hispanic or Latino,White,Male,35-44,74.962,Loan originated
1,755000.0,40,1005000.0,195.0,1,Hispanic or Latino,White,Male,55-64,75.0,Loan originated
1,405000.0,43,505000.0,189.0,1,Not Hispanic or Latino,Asian,Male,55-64,80.0,Loan originated
1,105000.0,43,135000.0,94.0,1,Hispanic or Latino,White,Male,55-64,78.54,Loan originated
1,455000.0,49,505000.0,108.0,1,Hispanic or Latino,White,Male,25-34,90.0,Loan originated
1,125000.0,50%-60%,135000.0,141.0,1,Not Hispanic or Latino,Asian,Female,>74,95.0,Application denied
1,795000.0,49,995000.0,301.0,1,Not Hispanic or Latino,White,Male,25-34,80.0,Loan originated
1,195000.0,40,245000.0,47.0,1,Hispanic or Latino,White,Female,65-74,80.0,Loan originated
1,485000.0,50%-60%,615000.0,180.0,1,Not Hispanic or Latino,Asian,Male,25-34,80.0,Application denied
1,105000.0,20%-<30%,365000.0,86.0,1,Not Hispanic or Latino,White,Male,>74,27.101,Loan originated
1,665000.0,30%-<36%,975000.0,220.0,1,Not Hispanic or Latino,Asian,Male,45-54,67.99,Loan originated
1,555000.0,50%-60%,1225000.0,121.0,1,Not Hispanic or Latino,White,Female,65-74,44.898,Loan originated
1,765000.0,40,4255000.0,286.0,1,Hispanic or Latino,White,Male,35-44,18.071,Loan originated
1,565000.0,46,715000.0,253.0,1,Hispanic or Latino,White,Male,45-54,80.0,Loan originated
1,175000.0,40,245000.0,89.0,1,Hispanic or Latino,White,Male,45-54,72.92,Loan originated
1,1005000.0,40,2585000.0,300.0,1,Not Hispanic or Latino,Asian,Male,25-34,38.76,Loan originated
1,435000.0,40,465000.0,123.0,1,Not Hispanic or Latino,White,Female,25-34,92.474,Loan originated
1,715000.0,38,895000.0,200.0,1,Not Hispanic or Latino,White,Male,25-34,80.0,Loan originated
1,415000.0,45,445000.0,105.0,1,Not Hispanic or Latino,White,Male,<25,94.0,Loan originated
1,105000.0,30%-<36%,535000.0,63.0,1,Not Hispanic or Latino,Asian,Male,65-74,18.6,Loan originated
1,865000.0,49,1445000.0,256.0,1,Not Hispanic or Latino,White,Male,55-64,59.833,Loan originated
1,745000.0,36,1275000.0,205.0,1,Not Hispanic or Latino,White,Female,35-44,59.0,Loan originated
1,425000.0,49,585000.0,89.0,1,Not Hispanic or Latino,White,Female,25-34,73.368,Loan originated
1,1035000.0,20%-<30%,1385000.0,1912.0,1,Not Hispanic or Latino,Asian,Male,>74,75.0,Loan originated
1,405000.0,49,515000.0,108.0,1,Not Hispanic or Latino,Asian,Female,65-74,80.0,Loan originated
1,975000.0,30%-<36%,1305000.0,450.0,1,Not Hispanic or Latino,White,Male,35-44,88.462,Loan originated
1,575000.0,48,715000.0,144.0,1,Hispanic or Latino,White,Male,35-44,80.0,Loan originated
1,695000.0,44,765000.0,187.0,1,Not Hispanic or Latino,White,Female,35-44,90.0,Loan originated
1,425000.0,48,565000.0,104.0,1,Not Hispanic or Latino,Asian,Male,25-34,75.0,Loan originated
1,785000.0,48,975000.0,236.0,1,Hispanic or Latino,White,Female,35-44,80.0,Loan originated
1,385000.0,30%-<36%,555000.0,115.0,1,Not Hispanic or Latino,Asian,Female,25-34,70.0,Loan originated
1,295000.0,39,305000.0,74.0,1,Hispanic or Latino,White,Female,<25,97.0,Loan originated
1,255000.0,48,985000.0,80.0,1,Not Hispanic or Latino,White,Female,65-74,25.43,Loan originated
1,355000.0,50%-60%,395000.0,81.0,1,Not Hispanic or Latino,White,Male,25-34,90.0,Application denied
1,555000.0,49,695000.0,191.0,1,Not Hispanic or Latino,White,Male,35-44,80.0,Loan originated
1,325000.0,41,335000.0,82.0,1,Not Hispanic or Latino,White,Female,45-54,97.0,Loan originated
1,475000.0,49,495000.0,108.0,1,Hispanic or Latino,White,Female,<25,94.989,Loan originated
1,305000.0,44,385000.0,180.0,1,Hispanic or Latino,White,Male,45-54,80.0,Loan originated
1,625000.0,49,675000.0,115.0,1,Not Hispanic or Latino,White,Female,25-34,92.593,Loan originated
1,385000.0,46,395000.0,93.0,1,Not Hispanic or Latino,Asian,Female,55-64,97.0,Loan originated
1,755000.0,37,885000.0,221.0,1,Hispanic or Latino,White,Male,35-44,85.0,Loan originated
1,505000.0,50%-60%,635000.0,329.0,1,Not Hispanic or Latino,Asian,Male,<25,80.0,Application denied
1,655000.0,44,955000.0,175.0,1,Not Hispanic or Latino,White,Female,45-54,68.42,Loan originated
1,655000.0,48,855000.0,132.0,1,Not Hispanic or Latino,Asian,Male,35-44,78.0,Loan originated
1,635000.0,44,655000.0,211.0,1,Not Hispanic or Latino,Asian,Female,25-34,97.0,Loan originated
1,1005000.0,44,1255000.0,237.0,1,Not Hispanic or Latino,Asian,Male,45-54,80.0,Loan originated
1,405000.0,49,725000.0,80.0,1,Not Hispanic or Latino,Asian,Male,35-44,54.98,Loan originated
1,555000.0,48,855000.0,133.0,1,Not Hispanic or Latino,Asian,Female,25-34,64.706,Loan originated
1,545000.0,49,565000.0,125.0,1,Not Hispanic or Latino,Asian,Male,25-34,96.0,Loan originated
1,425000.0,46,535000.0,111.0,1,Not Hispanic or Latino,Asian,Female,25-34,80.0,Loan originated
1,395000.0,37,405000.0,119.0,1,Hispanic or Latino,White,Male,25-34,100.0,Loan originated
1,305000.0,43,425000.0,76.0,1,Hispanic or Latino,White,Male,45-54,71.429,Loan originated
1,485000.0,49,645000.0,199.0,1,Not Hispanic or Latino,White,Female,35-44,75.0,Loan originated
1,525000.0,48,735000.0,104.0,1,Not Hispanic or Latino,White,Male,35-44,72.56,Loan originated
1,235000.0,30%-<36%,365000.0,79.0,1,Not Hispanic or Latino,White,Female,45-54,64.276,Loan originated
1,445000.0,49,595000.0,103.0,1,Not Hispanic or Latino,White,Male,45-54,75.424,Loan originated
1,535000.0,30%-<36%,565000.0,184.0,1,Not Hispanic or Latino,Black or African American,Female,55-64,94.0,Loan originated
1,345000.0,49,655000.0,83.0,1,Not Hispanic or Latino,Asian,Female,<25,51.91,Loan originated
1,405000.0,46,515000.0,190.0,1,Hispanic or Latino,White,Male,25-34,80.0,Loan originated
1,515000.0,38,1405000.0,408.0,1,Not Hispanic or Latino,White,Male,65-74,36.786,Loan originated
1,765000.0,36,985000.0,307.0,1,Not Hispanic or Latino,White,Male,45-54,77.766,Loan originated
1,645000.0,<20%,725000.0,871.0,1,Hispanic or Latino,White,Male,<25,90.0,Loan originated
1,445000.0,50%-60%,645000.0,136.0,1,Not Hispanic or Latino,Asian,Female,65-74,70.0,Loan originated
1,915000.0,47,1305000.0,202.0,1,Not Hispanic or Latino,Asian,Male,35-44,70.0,Loan originated
1,355000.0,45,395000.0,105.0,1,Not Hispanic or Latino,Asian,Male,25-34,90.0,Loan originated
1,655000.0,46,775000.0,146.0,1,Not Hispanic or Latino,White,Male,35-44,85.0,Loan originated
1,265000.0,30%-<36%,725000.0,139.0,1,Not Hispanic or Latino,Native Hawaiian or Other Pacific Islander,Female,45-54,37.31,Loan originated
1,95000.0,30%-<36%,305000.0,57.0,1,Not Hispanic or Latino,White,Female,65-74,32.67,Loan originated
1,715000.0,47,755000.0,157.0,1,Hispanic or Latino,White,Female,55-64,95.0,Loan originated
1,275000.0,48,375000.0,101.0,1,Not Hispanic or Latino,White,Male,45-54,75.0,Loan originated
1,715000.0,30%-<36%,895000.0,278.0,1,Not Hispanic or Latino,Asian,Male,35-44,80.0,Loan originated
1,475000.0,47,495000.0,139.0,1,Not Hispanic or Latino,Asian,Female,45-54,95.0,Loan originated
1,505000.0,41,675000.0,204.0,1,Not Hispanic or Latino,White,Male,25-34,75.0,Loan originated
1,195000.0,30%-<36%,215000.0,73.0,1,Hispanic or Latino,White,Male,35-44,90.0,Loan originated
1,175000.0,46,505000.0,56.0,1,Not Hispanic or Latino,White,Female,35-44,34.65,Loan originated
1,925000.0,20%-<30%,1425000.0,387.0,1,Not Hispanic or Latino,Asian,Male,25-34,64.561,Loan originated
1,475000.0,47,525000.0,143.0,1,Hispanic or Latino,White,Male,35-44,93.0,Loan originated
1,965000.0,30%-<36%,1205000.0,345.0,1,Not Hispanic or Latino,White,Male,55-64,80.0,Loan originated
1,585000.0,30%-<36%,735000.0,209.0,1,Not Hispanic or Latino,Asian,Female,45-54,80.0,Loan originated
1,515000.0,49,745000.0,145.0,1,Not Hispanic or Latino,White,Female,35-44,69.0,Loan originated
1,455000.0,<20%,1775000.0,335.0,1,Not Hispanic or Latino,White,Female,55-64,25.363,Loan originated
1,235000.0,47,295000.0,79.0,1,Not Hispanic or Latino,White,Male,35-44,80.0,Application denied
1,1075000.0,30%-<36%,1655000.0,300.0,1,Not Hispanic or Latino,Asian,Male,25-34,65.0,Application denied
1,375000.0,48,465000.0,85.0,1,Not Hispanic or Latino,Asian,Female,25-34,83.0,Loan originated
1,565000.0,42,585000.0,118.0,1,Not Hispanic or Latino,White,Male,<25,97.0,Loan originated
1,605000.0,46,715000.0,137.0,1,Not Hispanic or Latino,Asian,Male,25-34,85.0,Loan originated
1,725000.0,37,905000.0,320.0,1,Not Hispanic or Latino,White,Male,45-54,80.0,Loan originated
1,405000.0,45,455000.0,175.0,1,Not Hispanic or Latino,White,Male,35-44,90.0,Loan originated
1,665000.0,49,735000.0,239.0,1,Hispanic or Latino,White,Male,35-44,89.8,Loan originated
1,265000.0,37,365000.0,76.0,1,Not Hispanic or Latino,American Indian or Alaska Native,Male,25-34,72.22,Loan originated
1,575000.0,45,725000.0,117.0,1,Not Hispanic or Latino,White,Female,35-44,80.0,Loan originated
1,915000.0,38,965000.0,247.0,1,Hispanic or Latino,White,Female,45-54,95.0,Loan originated
1,575000.0,45,635000.0,331.0,1,Not Hispanic or Latino,White,Male,25-34,90.0,Loan originated
1,515000.0,20%-<30%,815000.0,197.0,1,Not Hispanic or Latino,Asian,Female,35-44,62.963,Loan originated
1,375000.0,20%-<30%,855000.0,204.0,1,Not Hispanic or Latino,Asian,Male,35-44,43.86,Loan originated
1,445000.0,30%-<36%,465000.0,191.0,1,Not Hispanic or Latino,White,Female,35-44,98.94,Loan originated
1,645000.0,<20%,1105000.0,150.0,1,Not Hispanic or Latino,White,Male,55-64,58.72,Loan originated
1,475000.0,36,595000.0,130.0,1,Not Hispanic or Latino,Asian,Female,35-44,100.0,Loan originated
1,195000.0,44,305000.0,204.0,1,Hispanic or Latino,White,Male,45-54,63.33,Loan originated
1,375000.0,45,705000.0,97.0,1,Not Hispanic or Latino,Asian,Male,35-44,53.571,Loan originated
1,515000.0,20%-<30%,815000.0,230.0,1,Not Hispanic or Latino,Asian,Female,35-44,63.19,Loan originated
1,245000.0,46,305000.0,87.0,1,Not Hispanic or Latino,White,Male,55-64,80.0,Loan originated
1,445000.0,44,595000.0,98.0,1,Hispanic or Latino,White,Male,35-44,74.79,Loan originated
1,605000.0,46,905000.0,124.0,1,Not Hispanic or Latino,White,Male,25-34,66.667,Loan originated
1,265000.0,<20%,325000.0,201.0,1,Hispanic or Latino,White,Male,35-44,80.0,Loan originated
1,405000.0,30%-<36%,615000.0,149.0,1,Hispanic or Latino,White,Male,55-64,65.58,Loan originated
1,505000.0,30%-<36%,765000.0,158.0,1,Not Hispanic or Latino,Asian,Male,35-44,65.789,Loan originated
1,405000.0,20%-<30%,605000.0,175.0,1,Not Hispanic or Latino,White,Female,45-54,67.0,Loan originated
1,965000.0,49,1535000.0,206.0,1,Not Hispanic or Latino,White,Male,45-54,64.0,Loan originated
1,895000.0,30%-<36%,945000.0,269.0,1,Not Hispanic or Latino,White,Female,25-34,95.0,Loan originated
1,1005000.0,50%-60%,1935000.0,239.0,1,Not Hispanic or Latino,White,Female,55-64,51.76,Application denied
1,425000.0,49,825000.0,128.0,1,Not Hispanic or Latino,White,Male,55-64,51.515,Loan originated
1,365000.0,45,495000.0,105.0,1,Not Hispanic or Latino,White,Female,35-44,73.47,Loan originated
1,475000.0,43,495000.0,136.0,1,Not Hispanic or Latino,Asian,Female,55-64,102.91,Loan originated
1,155000.0,50%-60%,165000.0,97.0,1,Hispanic or Latino,White,Male,45-54,90.0,Loan originated
1,995000.0,50%-60%,1105000.0,210.0,1,Not Hispanic or Latino,White,Male,55-64,90.0,Application denied
1,555000.0,42,695000.0,329.0,1,Not Hispanic or Latino,2 or more minority races,Male,25-34,80.0,Loan originated
1,405000.0,39,505000.0,151.0,1,Not Hispanic or Latino,White,Male,65-74,80.0,Loan originated
1,815000.0,37,905000.0,292.0,1,Not Hispanic or Latino,White,Male,25-34,90.0,Loan originated
1,535000.0,43,715000.0,125.0,1,Not Hispanic or Latino,Asian,Male,25-34,75.0,Loan originated
1,555000.0,49,585000.0,123.0,1,Not Hispanic or Latino,Asian,Male,65-74,94.86,Loan originated
1,225000.0,43,425000.0,85.0,1,Not Hispanic or Latino,White,Female,35-44,52.381,Loan originated
1,295000.0,47,365000.0,234.0,1,Not Hispanic or Latino,White,Female,55-64,80.0,Loan originated
1,185000.0,>60%,195000.0,42.0,1,Not Hispanic or Latino,White,Male,<25,95.0,Application denied
1,805000.0,50%-60%,1005000.0,181.0,1,Not Hispanic or Latino,Asian,Male,25-34,80.0,Application denied
1,955000.0,38,1745000.0,253.0,1,Not Hispanic or Latino,White,Female,35-44,54.54,Loan originated
1,395000.0,50%-60%,485000.0,93.0,1,Not Hispanic or Latino,White,Female,35-44,81.5,Loan originated
1,305000.0,30%-<36%,315000.0,89.0,1,Hispanic or Latino,White,Male,45-54,97.0,Loan originated
1,465000.0,47,485000.0,128.0,1,Not Hispanic or Latino,Asian,Female,35-44,95.0,Loan originated
1,825000.0,30%-<36%,1035000.0,250.0,1,Not Hispanic or Latino,Asian,Female,55-64,80.0,Loan originated
1,365000.0,30%-<36%,405000.0,125.0,1,Hispanic or Latino,White,Male,45-54,90.0,Loan originated
1,425000.0,45,625000.0,105.0,1,Not Hispanic or Latino,White,Male,25-34,68.0,Loan originated
1,15000.0,50%-60%,285000.0,182.0,1,Hispanic or Latino,White,Male,55-64,100.0,Loan originated
1,1005000.0,42,1265000.0,260.0,1,Not Hispanic or Latino,Asian,Female,25-34,80.0,Loan originated
1,635000.0,45,685000.0,218.0,1,Not Hispanic or Latino,White,Female,25-34,92.7,Loan originated
1,345000.0,20%-<30%,435000.0,129.0,1,Hispanic or Latino,White,Female,35-44,80.0,Loan originated
1,195000.0,50%-60%,245000.0,98.0,1,Not Hispanic or Latino,White,Male,55-64,80.0,Loan originated
1,585000.0,42,775000.0,151.0,1,Not Hispanic or Latino,White,Male,25-34,75.0,Loan originated
1,355000.0,>60%,505000.0,70.0,1,Not Hispanic or Latino,White,Female,45-54,69.307,Application denied
1,215000.0,36,765000.0,84.0,1,Not Hispanic or Latino,Asian,Female,45-54,27.41,Loan originated
1,745000.0,49,785000.0,163.0,1,Not Hispanic or Latino,White,Female,35-44,95.0,Loan originated
1,855000.0,30%-<36%,1255000.0,315.0,1,Not Hispanic or Latino,White,Male,65-74,68.0,Loan originated
1,755000.0,36,1255000.0,230.0,1,Not Hispanic or Latino,Asian,Male,35-44,60.0,Loan originated
1,685000.0,49,855000.0,134.0,1,Not Hispanic or Latino,White,Female,65-74,80.0,Loan originated
1,445000.0,40,635000.0,220.0,1,Not Hispanic or Latino,Asian,Male,55-64,70.0,Loan originated
1,155000.0,41,165000.0,69.0,1,Hispanic or Latino,White,Female,45-54,92.26,Loan originated
1,1005000.0,20%-<30%,1255000.0,822.0,1,Not Hispanic or Latino,Asian,Male,35-44,80.0,Loan originated
1,765000.0,49,895000.0,158.0,1,Hispanic or Latino,White,Male,55-64,85.648,Loan originated
1,705000.0,43,735000.0,164.0,1,Not Hispanic or Latino,Asian,Female,35-44,95.0,Loan originated
1,595000.0,49,625000.0,180.0,1,Hispanic or Latino,White,Male,35-44,95.0,Loan originated
1,585000.0,37,1335000.0,182.0,1,Hispanic or Latino,White,Female,35-44,43.82,Loan originated
1,455000.0,20%-<30%,575000.0,193.0,1,Not Hispanic or Latino,White,Female,35-44,80.0,Loan originated
1,565000.0,48,705000.0,117.0,1,Not Hispanic or Latino,White,Male,25-34,80.0,Loan originated
1,525000.0,48,655000.0,349.0,1,Not Hispanic or Latino,White,Male,55-64,80.0,Loan originated
1,825000.0,30%-<36%,1105000.0,300.0,1,Not Hispanic or Latino,Asian,Male,25-34,75.0,Loan originated
1,385000.0,41,425000.0,100.0,1,Hispanic or Latino,American Indian or Alaska Native,Female,25-34,92.0,Loan originated
1,1125000.0,30%-<36%,1605000.0,493.0,1,Not Hispanic or Latino,Asian,Male,35-44,70.0,Loan originated
1,645000.0,46,1615000.0,186.0,1,Not Hispanic or Latino,Asian,Female,25-34,40.0,Loan originated
1,515000.0,44,545000.0,119.0,1,Not Hispanic or Latino,White,Male,25-34,95.0,Loan originated
1,505000.0,47,755000.0,109.0,1,Not Hispanic or Latino,White,Male,25-34,67.1,Loan originated
1,345000.0,39,385000.0,108.0,1,Not Hispanic or Latino,Asian,Male,25-34,89.9,Loan originated
1,615000.0,46,655000.0,158.0,1,Hispanic or Latino,White,Male,45-54,98.0,Loan originated
1,495000.0,40,565000.0,129.0,1,Hispanic or Latino,White,Male,25-34,87.544,Loan originated
1,705000.0,30%-<36%,875000.0,213.0,1,Not Hispanic or Latino,White,Male,55-64,80.0,Loan originated
1,775000.0,48,825000.0,159.0,1,Not Hispanic or Latino,Asian,Male,35-44,95.0,Loan originated
1,315000.0,44,345000.0,64.0,1,Hispanic or Latino,White,Female,35-44,93.0,Loan originated
1,285000.0,30%-<36%,345000.0,76.0,1,Hispanic or Latino,White,Male,25-34,84.0,Loan originated
1,775000.0,44,815000.0,171.0,1,Hispanic or Latino,White,Male,25-34,95.0,Loan originated
1,365000.0,30%-<36%,385000.0,121.0,1,Not Hispanic or Latino,White,Female,55-64,95.0,Loan originated
1,305000.0,39,325000.0,74.0,1,Not Hispanic or Latino,White,Male,35-44,95.0,Application denied
1,875000.0,<20%,915000.0,417.0,1,Not Hispanic or Latino,White,Male,35-44,95.0,Loan originated
1,295000.0,>60%,465000.0,45.0,1,Not Hispanic or Latino,Asian,Male,35-44,65.0,Loan originated
1,685000.0,41,915000.0,155.0,1,Not Hispanic or Latino,White,Male,35-44,75.0,Loan originated
1,1025000.0,41,1375000.0,379.0,1,Not Hispanic or Latino,Asian,Male,35-44,74.546,Loan originated
1,415000.0,39,525000.0,108.0,1,Not Hispanic or Latino,Asian,Female,45-54,80.0,Loan originated
1,555000.0,20%-<30%,685000.0,238.0,1,Not Hispanic or Latino,Black or African American,Male,35-44,80.0,Loan originated
1,455000.0,30%-<36%,2715000.0,210.0,1,Hispanic or Latino,White,Female,55-64,16.595,Loan originated
1,535000.0,48,715000.0,160.0,1,Not Hispanic or Latino,White,Female,35-44,75.0,Loan originated
1,625000.0,49,775000.0,262.0,1,Hispanic or Latino,White,Male,65-74,80.0,Loan originated
1,405000.0,47,475000.0,112.0,1,Not Hispanic or Latino,White,Male,<25,85.0,Loan originated
1,715000.0,37,1715000.0,253.0,1,Not Hispanic or Latino,Asian,Male,45-54,41.691,Loan originated
1,65000.0,50%-60%,85000.0,94.0,1,Not Hispanic or Latino,White,Male,>74,75.0,Loan originated
1,285000.0,44,305000.0,207.0,1,Not Hispanic or Latino,White,Male,45-54,95.0,Loan originated
1,625000.0,47,775000.0,138.0,1,Not Hispanic or Latino,White,Male,35-44,80.0,Loan originated
1,65000.0,49,75000.0,52.0,1,Hispanic or Latino,White,Female,35-44,80.0,Application denied
1,785000.0,49,835000.0,145.0,1,Hispanic or Latino,White,Male,25-34,94.192,Loan originated
1,705000.0,39,875000.0,209.0,1,Not Hispanic or Latino,White,Female,25-34,80.0,Loan originated
1,1015000.0,30%-<36%,1075000.0,355.0,1,Not Hispanic or Latino,Asian,Male,35-44,95.0,Application denied
1,935000.0,48,1165000.0,213.0,1,Not Hispanic or Latino,White,Male,45-54,80.0,Loan originated
1,675000.0,38,845000.0,187.0,1,Hispanic or Latino,White,Female,55-64,80.0,Loan originated
1,505000.0,39,805000.0,154.0,1,Not Hispanic or Latino,Asian,Male,45-54,63.0,Loan originated
1,325000.0,20%-<30%,425000.0,132.0,1,Not Hispanic or Latino,White,Male,>74,75.0,Loan originated
1,455000.0,30%-<36%,605000.0,246.0,1,Not Hispanic or Latino,White,Female,55-64,75.0,Loan originated
1,305000.0,49,105000.0,55.0,1,Not Hispanic or Latino,Asian,Male,45-54,300.0,Application denied
1,505000.0,48,635000.0,153.0,1,Not Hispanic or Latino,Asian,Female,25-34,99.245,Loan originated
1,515000.0,20%-<30%,535000.0,198.0,1,Not Hispanic or Latino,White,Male,55-64,97.0,Loan originated
1,795000.0,40,845000.0,271.0,1,Not Hispanic or Latino,White,Female,35-44,95.0,Loan originated
1,835000.0,45,875000.0,344.0,1,Not Hispanic or Latino,White,Male,45-54,95.0,Loan originated
1,345000.0,47,505000.0,91.0,1,Not Hispanic or Latino,White,Female,55-64,69.0,Loan originated
1,495000.0,44,515000.0,120.0,1,Not Hispanic or Latino,Black or African American,Female,35-44,100.0,Loan originated
1,1125000.0,43,1255000.0,300.0,1,Not Hispanic or Latino,Black or African American,Female,45-54,89.99,Loan originated
1,745000.0,20%-<30%,1065000.0,442.0,1,Not Hispanic or Latino,Asian,Male,<25,70.0,Loan originated
1,255000.0,45,355000.0,67.0,1,Not Hispanic or Latino,White,Female,35-44,71.831,Loan originated
1,405000.0,49,635000.0,107.0,1,Not Hispanic or Latino,Asian,Female,65-74,63.49,Loan originated
1,615000.0,49,645000.0,223.0,1,Not Hispanic or Latino,Asian,Male,35-44,95.0,Loan originated
1,1005000.0,30%-<36%,1255000.0,311.0,1,Not Hispanic or Latino,White,Female,45-54,80.0,Loan originated
1,405000.0,30%-<36%,695000.0,144.0,1,Not Hispanic or Latino,White,Female,55-64,57.22,Loan originated
1,195000.0,40,245000.0,54.0,1,Not Hispanic or Latino,White,Male,35-44,79.167,Loan originated
1,415000.0,45,425000.0,128.0,1,Not Hispanic or Latino,Asian,Male,25-34,97.0,Loan originated
1,1005000.0,49,1125000.0,218.0,1,Hispanic or Latino,White,Male,25-34,89.84,Loan originated
1,125000.0,36,195000.0,125.0,1,Not Hispanic or Latino,White,Male,25-34,65.0,Loan originated
1,465000.0,40,485000.0,140.0,1,Hispanic or Latino,White,Female,35-44,95.0,Loan originated
1,155000.0,20%-<30%,195000.0,58.0,1,Hispanic or Latino,White,Female,35-44,80.0,Loan originated
1,705000.0,50%-60%,825000.0,137.0,1,Not Hispanic or Latino,Black or African American,Female,45-54,85.0,Loan originated
1,665000.0,49,965000.0,169.0,1,Not Hispanic or Latino,White,Female,65-74,68.817,Loan originated
1,635000.0,46,785000.0,133.0,1,Hispanic or Latino,White,Female,25-34,80.0,Loan originated
1,285000.0,44,295000.0,73.0,1,Hispanic or Latino,White,Female,45-54,97.0,Loan originated
1,385000.0,49,485000.0,94.0,1,Not Hispanic or Latino,Asian,Female,55-64,79.167,Loan originated
1,685000.0,44,855000.0,226.0,1,Not Hispanic or Latino,White,Male,45-54,80.0,Loan originated
1,215000.0,38,265000.0,67.0,1,Hispanic or Latino,White,Male,25-34,80.0,Loan originated
1,765000.0,46,985000.0,172.0,1,Not Hispanic or Latino,Asian,Male,<25,78.163,Loan originated
1,385000.0,30%-<36%,485000.0,109.0,1,Not Hispanic or Latino,White,Female,35-44,80.0,Loan originated
1,425000.0,30%-<36%,1125000.0,379.0,1,Not Hispanic or Latino,White,Female,45-54,37.778,Loan originated
1,665000.0,37,785000.0,163.0,1,Hispanic or Latino,White,Female,35-44,84.615,Loan originated
1,445000.0,44,685000.0,383.0,1,Not Hispanic or Latino,White,Male,25-34,65.0,Loan originated
1,625000.0,>60%,775000.0,137.0,1,Not Hispanic or Latino,Asian,Male,35-44,80.0,Application denied
1,585000.0,41,615000.0,127.0,1,Hispanic or Latino,White,Female,45-54,95.0,Loan originated
1,565000.0,30%-<36%,755000.0,196.0,1,Not Hispanic or Latino,White,Female,35-44,75.0,Loan originated
1,765000.0,39,885000.0,432.0,1,Hispanic or Latino,White,Male,25-34,86.97,Loan originated
1,225000.0,43,485000.0,76.0,1,Hispanic or Latino,White,Male,45-54,46.87,Loan originated
1,1285000.0,48,1445000.0,308.0,1,Not Hispanic or Latino,White,Male,35-44,89.0,Loan originated
1,465000.0,37,515000.0,153.0,1,Not Hispanic or Latino,White,Female,45-54,90.0,Loan originated
1,305000.0,20%-<30%,955000.0,17.0,1,Not Hispanic or Latino,Asian,Male,45-54,31.58,Loan originated
1,405000.0,40,1755000.0,223.0,1,Not Hispanic or Latino,White,Male,35-44,22.857,Loan originated
1,645000.0,47,805000.0,144.0,1,Not Hispanic or Latino,White,Female,35-44,80.0,Loan originated
1,415000.0,47,515000.0,94.0,1,Not Hispanic or Latino,Asian,Male,25-34,79.8,Loan originated
1,355000.0,49,445000.0,81.0,1,Not Hispanic or Latino,White,Male,55-64,80.0,Loan originated
1,975000.0,40,1225000.0,255.0,1,Not Hispanic or Latino,Asian,Female,25-34,80.0,Loan originated
1,1085000.0,20%-<30%,1585000.0,506.0,1,Not Hispanic or Latino,Asian,Female,35-44,68.355,Loan originated
1,975000.0,48,1305000.0,245.0,1,Not Hispanic or Latino,Asian,Female,35-44,75.0,Loan originated
1,265000.0,38,335000.0,72.0,1,Not Hispanic or Latino,White,Female,65-74,80.0,Loan originated
1,755000.0,30%-<36%,945000.0,219.0,1,Not Hispanic or Latino,Asian,Male,35-44,80.0,Loan originated
1,345000.0,49,435000.0,80.0,1,Not Hispanic or Latino,White,Female,35-44,80.0,Loan originated
1,495000.0,46,665000.0,115.0,1,Not Hispanic or Latino,Asian,Female,25-34,95.0,Loan originated
1,35000.0,30%-<36%,45000.0,46.0,1,Hispanic or Latino,American Indian or Alaska Native,Male,35-44,75.0,Application denied
1,465000.0,49,505000.0,118.0,1,Not Hispanic or Latino,Asian,Male,25-34,93.6,Loan originated
1,405000.0,36,425000.0,130.0,1,Not Hispanic or Latino,White,Female,25-34,97.0,Loan originated
1,515000.0,49,565000.0,125.0,1,Not Hispanic or Latino,White,Male,25-34,90.0,Loan originated
1,985000.0,<20%,1405000.0,655.0,1,Not Hispanic or Latino,Asian,Male,35-44,69.929,Loan originated
1,935000.0,30%-<36%,1255000.0,343.0,1,Not Hispanic or Latino,White,Male,55-64,75.0,Loan originated
1,445000.0,40,635000.0,108.0,1,Not Hispanic or Latino,White,Female,25-34,69.984,Loan originated
1,735000.0,48,775000.0,151.0,1,Hispanic or Latino,White,Male,45-54,95.0,Loan originated
1,305000.0,46,385000.0,98.0,1,Not Hispanic or Latino,White,Female,35-44,80.0,Loan originated
1,675000.0,36,845000.0,189.0,1,Hispanic or Latino,White,Male,25-34,80.0,Loan originated
1,665000.0,20%-<30%,1165000.0,264.0,1,Hispanic or Latino,White,Male,45-54,56.897,Loan originated
1,995000.0,30%-<36%,1395000.0,300.0,1,Not Hispanic or Latino,Asian,Male,25-34,71.384,Loan originated
1,565000.0,<20%,705000.0,386.0,1,Not Hispanic or Latino,White,Male,55-64,80.0,Loan originated
1,455000.0,46,505000.0,130.0,1,Not Hispanic or Latino,White,Female,35-44,90.0,Loan originated
1,385000.0,48,555000.0,247.0,1,Hispanic or Latino,Asian,Male,35-44,84.946,Loan originated
1,175000.0,45,225000.0,164.0,1,Not Hispanic or Latino,Asian,Male,35-44,75.0,Loan originated
1,535000.0,38,595000.0,137.0,1,Not Hispanic or Latino,Asian,Male,35-44,90.0,Loan originated
1,115000.0,20%-<30%,405000.0,72.0,1,Not Hispanic or Latino,White,Female,55-64,28.14,Loan originated
1,255000.0,20%-<30%,555000.0,475.0,1,Hispanic or Latino,White,Female,55-64,46.038,Loan originated
1,385000.0,30%-<36%,415000.0,119.0,1,Hispanic or Latino,White,Female,35-44,95.0,Loan originated
1,665000.0,46,1025000.0,146.0,1,Not Hispanic or Latino,White,Female,35-44,64.66,Loan originated
1,545000.0,49,725000.0,288.0,1,Not Hispanic or Latino,Asian,Female,55-64,75.0,Loan originated
1,405000.0,49,505000.0,120.0,1,Not Hispanic or Latino,White,Male,<25,80.0,Loan originated
1,735000.0,<20%,915000.0,1298.0,1,Not Hispanic or Latino,White,Male,35-44,80.0,Loan originated
1,875000.0,48,2755000.0,195.0,1,Not Hispanic or Latino,White,Male,45-54,31.818,Loan originated
1,445000.0,45,465000.0,104.0,1,Hispanic or Latino,White,Male,25-34,95.0,Application denied
1,1125000.0,43,1405000.0,299.0,1,Hispanic or Latino,White,Male,35-44,80.0,Loan originated
1,495000.0,48,515000.0,289.0,1,Not Hispanic or Latino,Asian,Female,25-34,95.0,Loan originated
1,675000.0,39,875000.0,199.0,1,Hispanic or Latino,White,Male,55-64,77.486,Loan originated
1,585000.0,42,1015000.0,212.0,1,Not Hispanic or Latino,Asian,Male,55-64,57.66,Loan originated
1,295000.0,48,315000.0,62.0,1,Hispanic or Latino,White,Male,55-64,95.0,Loan originated
1,285000.0,20%-<30%,355000.0,180.0,1,Not Hispanic or Latino,White,Male,25-34,80.0,Loan originated
1,305000.0,42,315000.0,69.0,1,Not Hispanic or Latino,White,Female,25-34,100.0,Loan originated
1,375000.0,39,395000.0,210.0,1,Not Hispanic or Latino,White,Male,45-54,95.0,Loan originated
1,475000.0,46,595000.0,97.0,1,Hispanic or Latino,White,Male,35-44,79.498,Loan originated
1,735000.0,48,915000.0,160.0,1,Not Hispanic or Latino,Asian,Male,25-34,80.0,Loan originated
1,195000.0,38,205000.0,57.0,1,Hispanic or Latino,White,Female,<25,97.0,Loan originated
1,505000.0,47,635000.0,171.0,1,Not Hispanic or Latino,White,Male,55-64,80.0,Loan originated
1,765000.0,47,1225000.0,178.0,1,Hispanic or Latino,White,Male,35-44,62.53,Loan originated
1,405000.0,30%-<36%,455000.0,147.0,1,Hispanic or Latino,White,Male,35-44,90.0,Loan originated
1,215000.0,42,225000.0,60.0,1,Not Hispanic or Latino,Asian,Male,25-34,97.0,Loan originated
1,325000.0,20%-<30%,405000.0,130.0,1,Not Hispanic or Latino,White,Male,35-44,80.0,Loan originated
1,505000.0,20%-<30%,585000.0,152.0,1,Hispanic or Latino,Black or African American,Male,25-34,85.0,Loan originated
1,485000.0,37,785000.0,132.0,1,Not Hispanic or Latino,Asian,Female,35-44,61.88,Loan originated
1,345000.0,36,595000.0,113.0,1,Not Hispanic or Latino,White,Female,>74,58.26,Loan originated
1,325000.0,44,345000.0,86.0,1,Hispanic or Latino,White,Male,25-34,100.0,Loan originated
1,305000.0,37,395000.0,81.0,1,Not Hispanic or Latino,White,Female,<25,78.0,Loan originated
1,645000.0,38,915000.0,163.0,1,Not Hispanic or Latino,Asian,Female,45-54,69.94,Loan originated
1,335000.0,46,355000.0,72.0,1,Hispanic or Latino,White,Male,<25,95.0,Loan originated
1,515000.0,44,925000.0,11.0,1,Not Hispanic or Latino,Asian,Male,45-54,56.91,Loan originated
1,635000.0,50%-60%,685000.0,146.0,1,Hispanic or Latino,White,Male,35-44,97.5,Loan originated
1,405000.0,37,455000.0,120.0,1,Not Hispanic or Latino,Asian,Male,35-44,90.0,Loan originated
1,815000.0,40,1105000.0,209.0,1,Not Hispanic or Latino,Asian,Male,35-44,73.64,Loan originated
1,675000.0,45,845000.0,188.0,1,Not Hispanic or Latino,White,Female,25-34,80.0,Loan originated
1,455000.0,46,885000.0,206.0,1,Not Hispanic or Latino,White,Male,35-44,51.136,Loan originated
1,285000.0,30%-<36%,345000.0,95.0,1,Hispanic or Latino,White,Male,35-44,102.833,Loan originated
1,635000.0,42,795000.0,134.0,1,Hispanic or Latino,White,Male,35-44,80.0,Loan originated
1,265000.0,49,275000.0,88.0,1,Not Hispanic or Latino,White,Female,25-34,97.0,Loan originated
1,355000.0,38,595000.0,139.0,1,Not Hispanic or Latino,White,Female,55-64,59.966,Loan originated
1,475000.0,41,655000.0,248.0,1,Not Hispanic or Latino,White,Male,35-44,72.519,Loan originated
1,695000.0,50%-60%,735000.0,110.0,1,Hispanic or Latino,White,Male,35-44,96.837,Loan originated
1,185000.0,41,225000.0,90.0,1,Not Hispanic or Latino,White,Male,35-44,85.0,Loan originated
1,605000.0,50%-60%,755000.0,120.0,1,Not Hispanic or Latino,Asian,Male,<25,80.0,Application denied
1,505000.0,48,565000.0,106.0,1,Not Hispanic or Latino,Asian,Male,35-44,89.99,Application denied
1,585000.0,45,985000.0,141.0,1,Not Hispanic or Latino,Asian,Male,25-34,60.0,Loan originated
1,315000.0,36,505000.0,86.0,1,Not Hispanic or Latino,White,Male,25-34,62.672,Loan originated
1,765000.0,42,855000.0,205.0,1,Not Hispanic or Latino,White,Female,35-44,89.9,Loan originated
1,315000.0,37,945000.0,183.0,1,Not Hispanic or Latino,White,Female,<25,33.511,Loan originated
1,685000.0,43,765000.0,154.0,1,Hispanic or Latino,White,Male,25-34,90.0,Loan originated
1,545000.0,30%-<36%,675000.0,164.0,1,Not Hispanic or Latino,White,Female,55-64,80.0,Loan originated
1,675000.0,49,735000.0,146.0,1,Hispanic or Latino,Asian,Male,35-44,91.224,Loan originated
1,155000.0,46,615000.0,59.0,1,Not Hispanic or Latino,White,Female,>74,24.359,Loan originated
1,345000.0,39,355000.0,81.0,1,Not Hispanic or Latino,White,Male,25-34,96.97,Loan originated
1,685000.0,37,855000.0,192.0,1,Not Hispanic or Latino,White,Male,25-34,80.0,Loan originated
1,495000.0,20%-<30%,785000.0,214.0,1,Not Hispanic or Latino,White,Male,45-54,63.168,Loan originated
1,325000.0,41,335000.0,70.0,1,Hispanic or Latino,White,Male,25-34,100.0,Loan originated
1,155000.0,45,475000.0,62.0,1,Not Hispanic or Latino,White,Male,65-74,33.0,Loan originated
1,585000.0,30%-<36%,835000.0,190.0,1,Not Hispanic or Latino,Asian,Female,35-44,70.056,Loan originated
1,415000.0,44,515000.0,93.0,1,Not Hispanic or Latino,Asian,Male,25-34,80.0,Loan originated
1,475000.0,36,595000.0,354.0,1,Not Hispanic or Latino,White,Male,25-34,80.0,Loan originated
1,505000.0,49,635000.0,121.0,1,Not Hispanic or Latino,Asian,Male,25-34,80.0,Loan originated
1,695000.0,30%-<36%,875000.0,188.0,1,Hispanic or Latino,White,Male,35-44,80.0,Loan originated
1,545000.0,20%-<30%,675000.0,185.0,1,Not Hispanic or Latino,White,Male,35-44,80.0,Loan originated
1,395000.0,50%-60%,415000.0,77.0,1,Hispanic or Latino,White,Male,25-34,95.0,Application denied
1,475000.0,43,585000.0,127.0,1,Not Hispanic or Latino,White,Female,25-34,100.0,Loan originated
1,605000.0,49,625000.0,148.0,1,Not Hispanic or Latino,Black or African American,Female,35-44,97.0,Loan originated
1,755000.0,20%-<30%,885000.0,246.0,1,Not Hispanic or Latino,Asian,Male,35-44,85.0,Loan originated
1,295000.0,47,365000.0,84.0,1,Not Hispanic or Latino,White,Male,25-34,80.0,Loan originated
1,675000.0,30%-<36%,835000.0,247.0,1,Not Hispanic or Latino,White,Female,35-44,80.0,Loan originated
1,645000.0,20%-<30%,685000.0,339.0,1,Not Hispanic or Latino,White,Female,35-44,95.0,Loan originated
1,215000.0,48,525000.0,87.0,1,Not Hispanic or Latino,White,Female,45-54,40.0,Loan originated
1,515000.0,41,545000.0,121.0,1,Hispanic or Latino,White,Male,25-34,95.0,Loan originated
1,405000.0,45,735000.0,191.0,1,Hispanic or Latino,White,Female,35-44,55.0,Loan originated
1,245000.0,41,255000.0,62.0,1,Not Hispanic or Latino,White,Male,35-44,97.0,Loan originated
1,1145000.0,36,1355000.0,498.0,1,Hispanic or Latino,White,Male,45-54,85.0,Loan originated
1,155000.0,20%-<30%,765000.0,195.0,1,Not Hispanic or Latino,White,Male,25-34,19.711,Application denied
1,505000.0,48,675000.0,118.0,1,Not Hispanic or Latino,White,Female,65-74,75.0,Loan originated
1,675000.0,41,845000.0,160.0,1,Not Hispanic or Latino,White,Female,35-44,80.0,Loan originated
1,915000.0,39,1415000.0,444.0,1,Not Hispanic or Latino,White,Male,35-44,65.0,Loan originated
1,1025000.0,40,1625000.0,256.0,1,Not Hispanic or Latino,White,Female,55-64,63.08,Loan originated
1,295000.0,38,345000.0,93.0,1,Not Hispanic or Latino,American Indian or Alaska Native,Female,35-44,87.647,Loan originated
1,655000.0,36,875000.0,186.0,1,Not Hispanic or Latino,Asian,Female,25-34,75.0,Loan originated
1,705000.0,44,1035000.0,170.0,1,Not Hispanic or Latino,Asian,Male,25-34,67.961,Loan originated
1,415000.0,30%-<36%,525000.0,163.0,1,Not Hispanic or Latino,White,Female,55-64,80.0,Loan originated
1,975000.0,49,1305000.0,200.0,1,Not Hispanic or Latino,Asian,Male,35-44,75.0,Loan originated
1,795000.0,48,1035000.0,378.0,1,Not Hispanic or Latino,White,Female,35-44,76.715,Loan originated
1,405000.0,30%-<36%,505000.0,129.0,1,Not Hispanic or Latino,White,Male,25-34,80.0,Loan originated
1,645000.0,30%-<36%,725000.0,250.0,1,Not Hispanic or Latino,Asian,Female,25-34,90.0,Loan originated
1,455000.0,30%-<36%,575000.0,189.0,1,Hispanic or Latino,White,Male,45-54,80.0,Loan originated
1,745000.0,30%-<36%,1485000.0,250.0,1,Not Hispanic or Latino,White,Female,45-54,50.0,Loan originated
1,405000.0,<20%,1355000.0,0.0,1,Not Hispanic or Latino,Asian,Female,35-44,29.778,Application denied
1,455000.0,43,565000.0,122.0,1,Not Hispanic or Latino,White,Male,35-44,80.0,Loan originated
1,525000.0,50%-60%,655000.0,187.0,1,Not Hispanic or Latino,White,Male,55-64,80.0,Loan originated
1,405000.0,36,725000.0,150.0,1,Not Hispanic or Latino,Asian,Female,35-44,56.41,Loan originated
1,225000.0,40,385000.0,63.0,1,Not Hispanic or Latino,Asian,Female,45-54,58.193,Loan originated
1,635000.0,41,765000.0,159.0,1,Hispanic or Latino,White,Male,25-34,83.203,Loan originated
1,405000.0,49,455000.0,81.0,1,Hispanic or Latino,White,Female,35-44,90.0,Loan originated
1,705000.0,41,1555000.0,298.0,1,Not Hispanic or Latino,White,Female,35-44,45.17,Loan originated
1,475000.0,47,715000.0,101.0,1,Not Hispanic or Latino,Asian,Male,45-54,65.811,Loan originated
1,795000.0,49,855000.0,183.0,1,Not Hispanic or Latino,Asian,Male,35-44,93.529,Loan originated
1,365000.0,20%-<30%,655000.0,225.0,1,Not Hispanic or Latino,Asian,Male,25-34,55.0,Loan originated
1,865000.0,44,985000.0,204.0,1,Not Hispanic or Latino,Asian,Male,35-44,88.0,Loan originated
1,395000.0,42,495000.0,123.0,1,Not Hispanic or Latino,Asian,Male,25-34,80.0,Loan originated
1,765000.0,36,825000.0,210.0,1,Not Hispanic or Latino,White,Male,35-44,93.415,Loan originated
1,405000.0,41,505000.0,106.0,1,Not Hispanic or Latino,Asian,Female,25-34,103.0,Loan originated
1,755000.0,45,2835000.0,238.0,1,Not Hispanic or Latino,Asian,Male,25-34,26.455,Loan originated
1,505000.0,40,635000.0,138.0,1,Not Hispanic or Latino,White,Male,25-34,80.0,Loan originated
1,525000.0,30%-<36%,675000.0,151.0,1,Not Hispanic or Latino,Asian,Female,25-34,77.71,Loan originated
1,525000.0,20%-<30%,815000.0,1365.0,1,Not Hispanic or Latino,White,Male,55-64,64.079,Loan originated
1,755000.0,41,845000.0,258.0,1,Hispanic or Latino,White,Female,35-44,90.0,Loan originated
1,475000.0,43,565000.0,112.0,1,Not Hispanic or Latino,White,Male,65-74,85.0,Loan originated
1,425000.0,38,625000.0,132.0,1,Not Hispanic or Latino,Asian,Female,25-34,68.0,Loan originated
1,635000.0,30%-<36%,795000.0,182.0,1,Not Hispanic or Latino,Asian,Female,45-54,80.0,Loan originated
1,325000.0,49,415000.0,75.0,1,Hispanic or Latino,White,Female,35-44,78.0854,Loan originated
1,515000.0,20%-<30%,575000.0,345.0,1,Not Hispanic or Latino,White,Male,25-34,90.0,Loan originated
1,335000.0,49,435000.0,82.0,1,Not Hispanic or Latino,White,Female,55-64,77.471,Loan originated
1,985000.0,48,1165000.0,428.0,1,Not Hispanic or Latino,White,Male,55-64,85.0,Loan originated
1,435000.0,20%-<30%,685000.0,323.0,1,Hispanic or Latino,White,Male,<25,63.72,Loan originated
1,1025000.0,36,3125000.0,445.0,1,Not Hispanic or Latino,White,Male,65-74,32.864,Loan originated
1,235000.0,>60%,315000.0,39.0,1,Hispanic or Latino,White,Male,45-54,75.806,Application denied
1,1085000.0,30%-<36%,1285000.0,402.0,1,Not Hispanic or Latino,White,Male,35-44,85.0,Loan originated
1,915000.0,45,965000.0,198.0,1,Hispanic or Latino,Asian,Male,25-34,95.0,Loan originated
1,765000.0,20%-<30%,1185000.0,340.0,1,Not Hispanic or Latino,White,Male,25-34,64.688,Loan originated
1,615000.0,48,1255000.0,143.0,1,Not Hispanic or Latino,Asian,Male,55-64,48.877,Loan originated
1,775000.0,41,965000.0,192.0,1,Not Hispanic or Latino,Asian,Male,25-34,80.0,Application denied
1,425000.0,45,525000.0,91.0,1,Not Hispanic or Latino,Asian,Male,<25,100.0,Loan originated
1,685000.0,30%-<36%,755000.0,227.0,1,Not Hispanic or Latino,White,Male,25-34,89.999,Loan originated
1,335000.0,42,855000.0,79.0,1,Hispanic or Latino,White,Male,45-54,38.59,Loan originated
1,515000.0,>60%,685000.0,0.0,1,Hispanic or Latino,White,Female,55-64,75.0,Application denied
1,95000.0,48,105000.0,48.0,1,Hispanic or Latino,White,Female,25-34,95.0,Application denied
1,535000.0,46,715000.0,199.0,1,Hispanic or Latino,Asian,Female,45-54,75.0,Loan originated
1,1005000.0,46,1625000.0,218.0,1,Not Hispanic or Latino,Asian,Male,35-44,61.538,Loan originated
1,295000.0,40,545000.0,85.0,1,Not Hispanic or Latino,White,Female,45-54,54.073,Loan originated
1,475000.0,49,815000.0,88.0,1,Not Hispanic or Latino,Asian,Male,35-44,58.037,Loan originated
1,425000.0,46,1155000.0,110.0,1,Not Hispanic or Latino,Asian,Female,25-34,36.522,Loan originated
1,425000.0,49,755000.0,90.0,1,Not Hispanic or Latino,White,Female,45-54,56.0,Loan originated
1,565000.0,43,805000.0,129.0,1,Not Hispanic or Latino,Asian,Male,45-54,70.0,Loan originated
1,105000.0,49,145000.0,63.0,1,Hispanic or Latino,Black or African American,Female,25-34,68.0,Loan originated
1,475000.0,43,515000.0,126.0,1,Hispanic or Latino,White,Female,55-64,91.262,Loan originated
1,125000.0,48,155000.0,34.0,1,Not Hispanic or Latino,White,Male,35-44,80.0,Loan originated
1,705000.0,30%-<36%,775000.0,251.0,1,Hispanic or Latino,White,Male,25-34,89.99,Loan originated
1,715000.0,42,955000.0,335.0,1,Hispanic or Latino,White,Male,45-54,74.737,Loan originated
1,285000.0,46,785000.0,78.0,1,Not Hispanic or Latino,White,Female,65-74,35.897,Loan originated
1,975000.0,41,1775000.0,265.0,1,Not Hispanic or Latino,White,Male,45-54,54.93,Loan originated
1,305000.0,20%-<30%,375000.0,148.0,1,Hispanic or Latino,White,Male,25-34,80.0,Loan originated
1,185000.0,30%-<36%,555000.0,80.0,1,Not Hispanic or Latino,White,Female,45-54,33.902,Loan originated
1,515000.0,49,645000.0,106.0,1,Not Hispanic or Latino,White,Female,35-44,79.845,Loan originated
1,605000.0,49,1145000.0,160.0,1,Not Hispanic or Latino,Asian,Male,35-44,52.353,Loan originated
1,505000.0,<20%,1905000.0,0.0,1,Not Hispanic or Latino,American Indian or Alaska Native,Female,25-34,27.0,Application denied
1,905000.0,38,955000.0,273.0,1,Not Hispanic or Latino,Asian,Male,25-34,95.0,Loan originated
1,225000.0,44,305000.0,77.0,1,Not Hispanic or Latino,White,Male,55-64,75.0,Loan originated
1,535000.0,48,675000.0,136.0,1,Not Hispanic or Latino,Asian,Male,25-34,100.0,Loan originated
1,335000.0,50%-60%,435000.0,78.0,1,Hispanic or Latino,White,Male,45-54,77.144,Loan originated
1,585000.0,30%-<36%,785000.0,189.0,1,Not Hispanic or Latino,Asian,Male,35-44,75.0,Loan originated
1,345000.0,20%-<30%,435000.0,204.0,1,Not Hispanic or Latino,Asian,Male,35-44,80.0,Loan originated
1,705000.0,48,1505000.0,214.0,1,Not Hispanic or Latino,White,Male,25-34,46.667,Loan originated
1,495000.0,40,515000.0,130.0,1,Not Hispanic or Latino,2 or more minority races,Male,35-44,97.0,Loan originated
1,565000.0,30%-<36%,705000.0,242.0,1,Hispanic or Latino,White,Male,55-64,80.0,Loan originated
1,715000.0,42,895000.0,181.0,1,Not Hispanic or Latino,White,Female,35-44,80.0,Loan originated
1,335000.0,45,355000.0,88.0,1,Not Hispanic or Latino,White,Male,45-54,97.0,Loan originated
1,765000.0,37,855000.0,240.0,1,Not Hispanic or Latino,White,Female,35-44,91.0,Loan originated
1,935000.0,36,1935000.0,337.0,1,Not Hispanic or Latino,Asian,Male,45-54,48.32,Loan originated
1,1055000.0,30%-<36%,1525000.0,626.0,1,Not Hispanic or Latino,White,Male,45-54,70.0,Loan originated
1,415000.0,30%-<36%,805000.0,143.0,1,Not Hispanic or Latino,Asian,Female,35-44,51.432,Loan originated
1,355000.0,<20%,755000.0,414.0,1,Not Hispanic or Latino,Asian,Male,35-44,46.67,Application denied
1,605000.0,30%-<36%,635000.0,159.0,1,Not Hispanic or Latino,White,Male,25-34,95.0,Loan originated
1,585000.0,44,655000.0,136.0,1,Not Hispanic or Latino,Asian,Male,35-44,89.99,Loan originated
1,165000.0,47,305000.0,39.0,1,Not Hispanic or Latino,White,Male,55-64,54.083,Loan originated
1,295000.0,49,405000.0,91.0,1,Not Hispanic or Latino,Black or African American,Female,55-64,100.875,Application denied
1,565000.0,30%-<36%,705000.0,140.0,1,Not Hispanic or Latino,Asian,Female,25-34,79.93,Loan originated
1,425000.0,49,445000.0,124.0,1,Hispanic or Latino,White,Female,25-34,95.0,Loan originated
1,375000.0,50%-60%,385000.0,69.0,1,Hispanic or Latino,White,Male,35-44,97.0,Application denied
1,195000.0,38,395000.0,94.0,1,Not Hispanic or Latino,White,Female,65-74,49.812,Loan originated
1,165000.0,40,505000.0,47.0,1,Hispanic or Latino,White,Male,<25,31.949,Loan originated
1,735000.0,40,825000.0,292.0,1,Not Hispanic or Latino,Asian,Male,35-44,89.98,Loan originated
1,395000.0,30%-<36%,415000.0,182.0,1,Hispanic or Latino,White,Female,55-64,95.0,Loan originated
1,505000.0,44,1355000.0,176.0,1,Not Hispanic or Latino,Asian,Female,25-34,38.0,Loan originated
1,385000.0,<20%,475000.0,360.0,1,Not Hispanic or Latino,Asian,Female,45-54,80.0,Loan originated
1,325000.0,41,505000.0,80.0,1,Not Hispanic or Latino,White,Male,25-34,65.0,Loan originated
1,685000.0,49,755000.0,143.0,1,Hispanic or Latino,American Indian or Alaska Native,Female,35-44,91.534,Loan originated
1,255000.0,44,315000.0,67.0,1,Hispanic or Latino,White,Female,35-44,80.0,Loan originated
1,895000.0,42,1005000.0,306.0,1,Not Hispanic or Latino,White,Male,65-74,89.9,Loan originated
1,355000.0,49,475000.0,97.0,1,Not Hispanic or Latino,Asian,Male,35-44,75.0,Loan originated
1,715000.0,<20%,895000.0,586.0,1,Hispanic or Latino,White,Female,25-34,80.0,Application denied
1,715000.0,40,1355000.0,213.0,1,Not Hispanic or Latino,Asian,Male,35-44,53.0,Loan originated
1,495000.0,39,705000.0,136.0,1,Not Hispanic or Latino,Black or African American,Female,65-74,70.0,Loan originated
1,1005000.0,49,1255000.0,218.0,1,Not Hispanic or Latino,White,Male,35-44,80.0,Loan originated
1,765000.0,41,955000.0,191.0,1,Not Hispanic or Latino,Asian,Male,25-34,80.0,Loan originated
1,555000.0,30%-<36%,655000.0,236.0,1,Not Hispanic or Latino,White,Male,25-34,84.848,Loan originated
1,385000.0,30%-<36%,485000.0,115.0,1,Not Hispanic or Latino,Asian,Male,25-34,80.0,Loan originated
1,745000.0,37,1495000.0,240.0,1,Not Hispanic or Latino,White,Male,45-54,50.0,Loan originated
1,1145000.0,49,1905000.0,455.0,1,Not Hispanic or Latino,Asian,Female,35-44,60.0,Loan originated
1,545000.0,<20%,805000.0,550.0,1,Hispanic or Latino,White,Male,55-64,67.5,Loan originated
1,535000.0,44,565000.0,118.0,1,Not Hispanic or Latino,White,Male,45-54,95.0,Loan originated
1,945000.0,41,1305000.0,212.0,1,Not Hispanic or Latino,Asian,Male,45-54,72.31,Loan originated
1,185000.0,30%-<36%,215000.0,113.0,1,Not Hispanic or Latino,White,Female,25-34,84.21,Loan originated
1,485000.0,20%-<30%,605000.0,208.0,1,Not Hispanic or Latino,White,Male,25-34,80.0,Loan originated
1,305000.0,48,315000.0,63.0,1,Not Hispanic or Latino,White,Male,25-34,97.0,Loan originated
1,1005000.0,30%-<36%,1425000.0,260.0,1,Not Hispanic or Latino,White,Male,35-44,70.18,Loan originated
1,105000.0,20%-<30%,355000.0,65.0,1,Hispanic or Latino,White,Male,25-34,28.572,Loan originated
1,1065000.0,42,1325000.0,227.0,1,Not Hispanic or Latino,Asian,Male,25-34,80.0,Loan originated
1,655000.0,49,815000.0,157.0,1,Not Hispanic or Latino,White,Male,25-34,80.0,Loan originated
1,485000.0,49,515000.0,135.0,1,Not Hispanic or Latino,White,Male,25-34,95.0,Loan originated
1,105000.0,30%-<36%,395000.0,87.0,1,Hispanic or Latino,White,Male,45-54,25.64,Loan originated
1,705000.0,39,1305000.0,188.0,1,Not Hispanic or Latino,White,Female,65-74,53.846,Loan originated
1,435000.0,49,585000.0,122.0,1,Not Hispanic or Latino,Asian,Male,<25,75.0,Loan originated
1,1055000.0,30%-<36%,1405000.0,354.0,1,Not Hispanic or Latino,Asian,Male,55-64,75.0,Loan originated
1,585000.0,20%-<30%,605000.0,279.0,1,Not Hispanic or Latino,Black or African American,Male,45-54,97.0,Application denied
1,305000.0,41,925000.0,108.0,1,Not Hispanic or Latino,Asian,Male,35-44,32.47,Loan originated
1,395000.0,49,465000.0,81.0,1,Hispanic or Latino,White,Female,25-34,104.939,Loan originated
1,465000.0,50%-60%,545000.0,113.0,1,Hispanic or Latino,White,Female,25-34,85.0,Loan originated
1,955000.0,48,1275000.0,200.0,1,Not Hispanic or Latino,Asian,Male,45-54,75.0,Application denied
1,325000.0,46,485000.0,200.0,1,Not Hispanic or Latino,Black or African American,Female,55-64,70.0,Application denied
1,225000.0,36,715000.0,76.0,1,Not Hispanic or Latino,Asian,Female,25-34,31.0,Loan originated
1,155000.0,45,325000.0,227.0,1,Not Hispanic or Latino,White,Male,35-44,46.154,Loan originated
1,575000.0,20%-<30%,975000.0,203.0,1,Not Hispanic or Latino,White,Female,35-44,59.16,Loan originated
1,695000.0,40,775000.0,207.0,1,Not Hispanic or Latino,White,Male,35-44,89.935,Loan originated
1,285000.0,44,335000.0,54.0,1,Not Hispanic or Latino,Native Hawaiian or Other Pacific Islander,Male,65-74,83.33,Application denied
1,445000.0,47,555000.0,110.0,1,Hispanic or Latino,White,Female,45-54,80.0,Loan originated
1,475000.0,41,815000.0,352.0,1,Not Hispanic or Latino,White,Male,55-64,59.0,Loan originated
1,655000.0,36,735000.0,195.0,1,Not Hispanic or Latino,White,Female,45-54,90.0,Loan originated
1,425000.0,30%-<36%,1245000.0,155.0,1,Not Hispanic or Latino,Asian,Male,55-64,34.0,Loan originated
1,885000.0,40,935000.0,261.0,1,Not Hispanic or Latino,Asian,Male,35-44,95.0,Loan originated
1,865000.0,30%-<36%,1085000.0,266.0,1,Not Hispanic or Latino,White,Male,35-44,80.0,Loan originated
1,535000.0,47,595000.0,114.0,1,Not Hispanic or Latino,Asian,Female,35-44,90.0,Loan originated
1,295000.0,49,325000.0,60.0,1,Hispanic or Latino,White,Male,<25,89.177,Loan originated
1,925000.0,48,975000.0,203.0,1,Not Hispanic or Latino,White,Male,25-34,95.0,Loan originated
1,565000.0,49,605000.0,131.0,1,Hispanic or Latino,White,Male,25-34,93.5,Loan originated
1,575000.0,30%-<36%,635000.0,229.0,1,Not Hispanic or Latino,Black or African American,Male,45-54,90.0,Loan originated
1,625000.0,37,775000.0,173.0,1,Not Hispanic or Latino,White,Female,55-64,80.0,Loan originated
1,415000.0,<20%,765000.0,250.0,1,Not Hispanic or Latino,Asian,Male,25-34,54.605,Loan originated
1,755000.0,30%-<36%,1085000.0,273.0,1,Not Hispanic or Latino,Asian,Male,25-34,70.0,Loan originated
1,505000.0,43,525000.0,117.0,1,Hispanic or Latino,White,Male,25-34,94.896,Loan originated
1,305000.0,<20%,1375000.0,240.0,1,Not Hispanic or Latino,Asian,Female,35-44,21.898,Loan originated
1,525000.0,43,625000.0,131.0,1,Not Hispanic or Latino,Asian,Female,25-34,83.5,Loan originated
1,535000.0,49,885000.0,143.0,1,Not Hispanic or Latino,Asian,Female,45-54,60.22,Loan originated
1,575000.0,41,725000.0,155.0,1,Not Hispanic or Latino,White,Male,35-44,80.0,Loan originated
1,275000.0,20%-<30%,895000.0,150.0,1,Not Hispanic or Latino,Asian,Male,55-64,30.503,Loan originated
1,1045000.0,49,1305000.0,228.0,1,Not Hispanic or Latino,Asian,Female,25-34,80.0,Loan originated
1,805000.0,41,1325000.0,283.0,1,Hispanic or Latino,White,Female,25-34,75.0,Loan originated
1,555000.0,48,605000.0,132.0,1,Not Hispanic or Latino,Asian,Female,25-34,91.754,Loan originated
1,575000.0,41,925000.0,194.0,1,Not Hispanic or Latino,White,Female,35-44,62.162,Loan originated
1,485000.0,20%-<30%,605000.0,239.0,1,Not Hispanic or Latino,Asian,Female,55-64,80.0,Loan originated
1,275000.0,40,875000.0,88.0,1,Not Hispanic or Latino,Asian,Female,35-44,30.858,Loan originated
1,605000.0,39,755000.0,158.0,1,Not Hispanic or Latino,Asian,Male,25-34,80.0,Loan originated
1,425000.0,47,525000.0,84.0,1,Hispanic or Latino,White,Male,35-44,80.0,Loan originated
1,575000.0,49,725000.0,120.0,1,Hispanic or Latino,White,Female,35-44,80.0,Loan originated
1,305000.0,20%-<30%,425000.0,98.0,1,Not Hispanic or Latino,White,Male,25-34,71.765,Application denied
1,425000.0,20%-<30%,605000.0,298.0,1,Hispanic or Latino,White,Female,65-74,71.25,Loan originated
1,1005000.0,<20%,2655000.0,2626.0,1,Not Hispanic or Latino,White,Male,55-64,37.601,Loan originated
1,205000.0,42,765000.0,69.0,1,Not Hispanic or Latino,White,Male,35-44,26.04,Loan originated
1,405000.0,49,445000.0,75.0,1,Hispanic or Latino,White,Male,25-34,90.0,Loan originated
1,665000.0,42,705000.0,238.0,1,Hispanic or Latino,White,Male,35-44,95.0,Loan originated
1,1095000.0,49,1155000.0,233.0,1,Not Hispanic or Latino,White,Male,45-54,94.783,Loan originated
1,945000.0,41,1185000.0,237.0,1,Not Hispanic or Latino,White,Male,45-54,80.0,Loan originated
1,735000.0,50%-60%,775000.0,280.0,1,Not Hispanic or Latino,White,Male,45-54,95.0,Application denied
1,405000.0,45,435000.0,91.0,1,Hispanic or Latino,White,Female,35-44,94.0,Loan originated
1,425000.0,48,535000.0,129.0,1,Not Hispanic or Latino,White,Female,35-44,80.0,Loan originated
1,485000.0,>60%,475000.0,75.0,1,Not Hispanic or Latino,White,Male,25-34,101.75,Application denied
1,525000.0,<20%,655000.0,2660.0,1,Not Hispanic or Latino,White,Male,35-44,80.0,Loan originated
1,295000.0,44,315000.0,139.0,1,Hispanic or Latino,White,Male,35-44,94.0,Application denied
1,415000.0,42,605000.0,122.0,1,Not Hispanic or Latino,White,Female,35-44,68.333,Loan originated
1,425000.0,48,515000.0,85.0,1,Not Hispanic or Latino,White,Male,25-34,82.353,Loan originated
1,695000.0,40,865000.0,228.0,1,Not Hispanic or Latino,Asian,Male,25-34,80.0,Loan originated
1,505000.0,49,565000.0,106.0,1,Not Hispanic or Latino,Asian,Female,35-44,90.0,Loan originated
1,515000.0,49,1025000.0,110.0,1,Not Hispanic or Latino,White,Female,45-54,49.756,Loan originated
1,465000.0,40,615000.0,131.0,1,Not Hispanic or Latino,Asian,Female,25-34,75.0,Loan originated
1,325000.0,38,405000.0,124.0,1,Not Hispanic or Latino,White,Male,65-74,80.0,Loan originated
1,595000.0,47,695000.0,397.0,1,Not Hispanic or Latino,Native Hawaiian or Other Pacific Islander,Male,<25,85.0,Loan originated
1,675000.0,49,1495000.0,159.0,1,Not Hispanic or Latino,White,Female,35-44,45.302,Loan originated
1,405000.0,30%-<36%,815000.0,143.0,1,Not Hispanic or Latino,Asian,Female,25-34,48.882,Loan originated
1,545000.0,<20%,845000.0,-25.0,1,Not Hispanic or Latino,Asian,Male,55-64,65.0,Application denied
1,445000.0,44,455000.0,115.0,1,Hispanic or Latino,White,Male,25-34,96.393,Loan originated
1,305000.0,30%-<36%,385000.0,196.0,1,Not Hispanic or Latino,White,Male,55-64,80.0,Loan originated
1,785000.0,43,985000.0,332.0,1,Not Hispanic or Latino,Asian,Male,35-44,80.0,Loan originated
1,465000.0,47,715000.0,110.0,1,Not Hispanic or Latino,Asian,Female,25-34,65.035,Loan originated
1,645000.0,39,805000.0,177.0,1,Not Hispanic or Latino,Asian,Male,35-44,80.0,Loan originated
1,535000.0,46,595000.0,131.0,1,Not Hispanic or Latino,Asian,Female,25-34,90.0,Loan originated
1,735000.0,43,825000.0,162.0,1,Hispanic or Latino,White,Male,35-44,89.88,Loan originated
1,355000.0,46,825000.0,125.0,1,Not Hispanic or Latino,White,Female,35-44,42.667,Loan originated
1,225000.0,46,755000.0,103.0,1,Hispanic or Latino,White,Female,35-44,28.972,Loan originated
1,1055000.0,42,1265000.0,257.0,1,Not Hispanic or Latino,Asian,Male,45-54,83.333,Loan originated
1,645000.0,40,705000.0,175.0,1,Not Hispanic or Latino,White,Male,25-34,91.56,Loan originated
1,765000.0,47,805000.0,310.0,1,Hispanic or Latino,White,Female,35-44,95.0,Loan originated
1,645000.0,20%-<30%,865000.0,360.0,1,Not Hispanic or Latino,White,Female,35-44,75.0,Loan originated
1,495000.0,30%-<36%,625000.0,259.0,1,Not Hispanic or Latino,Asian,Male,45-54,79.994,Loan originated
1,775000.0,40,865000.0,246.0,1,Not Hispanic or Latino,Black or African American,Female,35-44,90.0,Loan originated
1,705000.0,44,1105000.0,103.0,1,Not Hispanic or Latino,Asian,Male,45-54,63.636,Loan originated
1,235000.0,41,875000.0,77.0,1,Not Hispanic or Latino,Asian,Female,35-44,27.0,Loan originated
1,505000.0,47,705000.0,94.0,1,Not Hispanic or Latino,Asian,Male,35-44,72.0,Loan originated
1,625000.0,45,1255000.0,167.0,1,Not Hispanic or Latino,White,Male,25-34,50.0,Loan originated
1,735000.0,44,835000.0,159.0,1,Hispanic or Latino,American Indian or Alaska Native,Male,25-34,88.024,Loan originated
1,665000.0,48,705000.0,293.0,1,Not Hispanic or Latino,White,Male,45-54,95.0,Loan originated
1,195000.0,30%-<36%,255000.0,54.0,1,Not Hispanic or Latino,Asian,Male,25-34,80.0,Loan originated
1,665000.0,47,755000.0,151.0,1,Not Hispanic or Latino,White,Male,25-34,88.667,Loan originated
1,1045000.0,36,1395000.0,308.0,1,Not Hispanic or Latino,Asian,Female,45-54,75.0,Loan originated
1,285000.0,40,295000.0,88.0,1,Hispanic or Latino,White,Male,25-34,95.0,Loan originated
1,295000.0,49,305000.0,58.0,1,Hispanic or Latino,White,Male,25-34,100.0,Loan originated
1,415000.0,50%-60%,455000.0,58.0,1,Hispanic or Latino,White,Male,<25,90.593,Loan originated
1,105000.0,41,405000.0,43.0,1,Not Hispanic or Latino,White,Female,55-64,25.0,Loan originated
1,765000.0,48,875000.0,230.0,1,Not Hispanic or Latino,White,Male,35-44,87.4,Loan originated
1,835000.0,40,935000.0,196.0,1,Not Hispanic or Latino,Asian,Male,35-44,89.5,Loan originated
1,725000.0,42,905000.0,195.0,1,Not Hispanic or Latino,Asian,Male,45-54,96.667,Loan originated
1,745000.0,46,825000.0,168.0,1,Not Hispanic or Latino,Asian,Male,35-44,90.0,Loan originated
1,875000.0,49,1095000.0,197.0,1,Not Hispanic or Latino,Asian,Female,35-44,80.0,Loan originated
1,765000.0,48,845000.0,200.0,1,Not Hispanic or Latino,Asian,Male,35-44,90.0,Loan originated
1,425000.0,47,785000.0,97.0,1,Not Hispanic or Latino,White,Female,35-44,53.846,Loan originated
1,165000.0,40,295000.0,42.0,1,Not Hispanic or Latino,White,Female,65-74,55.932,Loan originated
1,505000.0,20%-<30%,675000.0,264.0,1,Not Hispanic or Latino,Asian,Male,25-34,75.0,Loan originated
1,475000.0,41,525000.0,148.0,1,Not Hispanic or Latino,Asian,Female,25-34,90.0,Loan originated
1,365000.0,45,445000.0,115.0,1,Hispanic or Latino,White,Male,45-54,102.0,Application denied
1,365000.0,48,435000.0,75.0,1,Not Hispanic or Latino,Asian,Female,35-44,83.0,Loan originated
1,495000.0,20%-<30%,625000.0,180.0,1,Not Hispanic or Latino,Asian,Male,25-34,80.0,Loan originated
1,965000.0,44,1315000.0,234.0,1,Not Hispanic or Latino,Asian,Female,35-44,73.03,Loan originated
1,455000.0,30%-<36%,705000.0,418.0,1,Not Hispanic or Latino,White,Female,35-44,65.0,Application denied
1,1005000.0,43,1165000.0,395.0,1,Not Hispanic or Latino,White,Male,35-44,86.746,Loan originated
1,385000.0,20%-<30%,435000.0,157.0,1,Not Hispanic or Latino,White,Female,45-54,87.831,Loan originated
1,555000.0,37,695000.0,232.0,1,Hispanic or Latino,White,Male,45-54,80.0,Loan originated
1,405000.0,47,705000.0,175.0,1,Not Hispanic or Latino,Asian,Female,35-44,57.356,Loan originated
1,355000.0,41,985000.0,111.0,1,Not Hispanic or Latino,Asian,Female,25-34,35.53,Loan originated
1,475000.0,43,505000.0,120.0,1,Not Hispanic or Latino,Asian,Male,25-34,95.0,Loan originated
1,415000.0,42,455000.0,93.0,1,Hispanic or Latino,White,Male,25-34,91.311,Loan originated
1,415000.0,43,525000.0,168.0,1,Not Hispanic or Latino,White,Female,35-44,80.0,Loan originated
1,265000.0,47,295000.0,78.0,1,Hispanic or Latino,White,Female,65-74,88.294,Loan originated
1,175000.0,20%-<30%,185000.0,303.0,1,Hispanic or Latino,2 or more minority races,Male,35-44,95.0,Loan originated
1,505000.0,47,625000.0,168.0,1,Not Hispanic or Latino,White,Female,<25,80.0,Loan originated
1,205000.0,30%-<36%,455000.0,68.0,1,Not Hispanic or Latino,White,Male,35-44,54.499,Loan originated
1,765000.0,43,835000.0,166.0,1,Not Hispanic or Latino,White,Male,25-34,92.355,Loan originated
1,545000.0,44,685000.0,202.0,1,Not Hispanic or Latino,White,Male,35-44,80.0,Loan originated
1,55000.0,30%-<36%,665000.0,73.0,1,Not Hispanic or Latino,White,Female,65-74,7.46,Loan originated
1,1025000.0,48,1715000.0,206.0,1,Not Hispanic or Latino,Asian,Male,25-34,59.619,Loan originated
1,685000.0,30%-<36%,805000.0,194.0,1,Hispanic or Latino,White,Female,25-34,85.0,Loan originated
1,115000.0,20%-<30%,125000.0,155.0,1,Not Hispanic or Latino,White,Male,35-44,92.0,Application denied
1,585000.0,43,645000.0,206.0,1,Not Hispanic or Latino,White,Female,45-54,90.377,Loan originated
1,405000.0,48,435000.0,125.0,1,Not Hispanic or Latino,Black or African American,Female,25-34,95.0,Loan originated
1,225000.0,48,235000.0,65.0,1,Not Hispanic or Latino,Black or African American,Male,>74,95.0,Loan originated
1,295000.0,49,435000.0,80.0,1,Not Hispanic or Latino,White,Female,25-34,67.264,Loan originated
1,635000.0,47,745000.0,183.0,1,Not Hispanic or Latino,Asian,Female,25-34,85.0,Loan originated
1,605000.0,42,755000.0,127.0,1,Not Hispanic or Latino,White,Male,25-34,80.0,Loan originated
1,535000.0,30%-<36%,965000.0,213.0,1,Not Hispanic or Latino,White,Female,45-54,55.0,Loan originated
1,525000.0,46,555000.0,74.0,1,Hispanic or Latino,White,Male,65-74,95.0,Loan originated
1,195000.0,>60%,275000.0,91.0,1,Not Hispanic or Latino,White,Female,55-64,69.091,Application denied
1,405000.0,30%-<36%,765000.0,225.0,1,Not Hispanic or Latino,Asian,Male,35-44,52.63,Loan originated
1,885000.0,41,925000.0,224.0,1,Not Hispanic or Latino,White,Male,25-34,95.0,Loan originated
1,875000.0,30%-<36%,1175000.0,341.0,1,Not Hispanic or Latino,Asian,Male,25-34,75.0,Loan originated
1,375000.0,48,465000.0,111.0,1,Hispanic or Latino,White,Female,45-54,80.0,Loan originated
1,255000.0,47,665000.0,120.0,1,Not Hispanic or Latino,White,Male,55-64,37.879,Loan originated
1,685000.0,44,725000.0,195.0,1,Not Hispanic or Latino,White,Male,35-44,95.0,Loan originated
1,1005000.0,39,1255000.0,315.0,1,Hispanic or Latino,White,Female,55-64,80.0,Loan originated
1,215000.0,49,245000.0,53.0,1,Not Hispanic or Latino,Black or African American,Male,55-64,90.0,Loan originated
1,495000.0,49,575000.0,143.0,1,Not Hispanic or Latino,White,Male,35-44,85.0,Loan originated
1,975000.0,44,1215000.0,257.0,1,Not Hispanic or Latino,Asian,Male,45-54,80.0,Loan originated
1,305000.0,37,1155000.0,132.0,1,Not Hispanic or Latino,Asian,Female,25-34,26.087,Loan originated
1,765000.0,47,885000.0,175.0,1,Not Hispanic or Latino,Asian,Male,25-34,86.616,Loan originated
1,445000.0,30%-<36%,465000.0,163.0,1,Not Hispanic or Latino,White,Female,25-34,95.0,Loan originated
1,465000.0,49,585000.0,111.0,1,Not Hispanic or Latino,White,Male,25-34,80.0,Loan originated
1,475000.0,20%-<30%,595000.0,165.0,1,Not Hispanic or Latino,White,Female,55-64,80.0,Loan originated
1,385000.0,39,405000.0,88.0,1,Not Hispanic or Latino,White,Male,35-44,96.0,Loan originated
1,765000.0,20%-<30%,855000.0,308.0,1,Not Hispanic or Latino,Asian,Male,45-54,90.0,Application denied
1,465000.0,41,495000.0,124.0,1,Not Hispanic or Latino,White,Female,>74,95.0,Loan originated
1,255000.0,42,275000.0,97.0,1,Not Hispanic or Latino,White,Male,25-34,95.0,Loan originated
1,505000.0,41,635000.0,188.0,1,Not Hispanic or Latino,Asian,Male,25-34,80.0,Loan originated
1,615000.0,49,675000.0,154.0,1,Hispanic or Latino,Asian,Male,25-34,89.986,Loan originated
1,425000.0,49,455000.0,91.0,1,Hispanic or Latino,White,Female,25-34,95.0,Loan originated
1,345000.0,41,435000.0,95.0,1,Not Hispanic or Latino,Asian,Male,25-34,80.0,Loan originated
1,385000.0,20%-<30%,635000.0,291.0,1,Not Hispanic or Latino,White,Female,25-34,60.63,Loan originated
1,315000.0,48,615000.0,73.0,1,Not Hispanic or Latino,White,Male,45-54,51.639,Loan originated
1,405000.0,40,665000.0,134.0,1,Not Hispanic or Latino,White,Female,65-74,60.606,Loan originated
1,625000.0,20%-<30%,775000.0,264.0,1,Not Hispanic or Latino,White,Male,45-54,80.0,Loan originated
1,1145000.0,39,1355000.0,425.0,1,Not Hispanic or Latino,White,Male,35-44,85.0,Loan originated
1,545000.0,41,1345000.0,200.0,1,Not Hispanic or Latino,White,Female,45-54,40.299,Loan originated
1,425000.0,46,455000.0,147.0,1,Not Hispanic or Latino,Asian,Male,25-34,95.0,Loan originated
1,625000.0,>60%,885000.0,71.0,1,Not Hispanic or Latino,Asian,Female,35-44,70.0,Application denied
1,395000.0,39,525000.0,119.0,1,Not Hispanic or Latino,Asian,Female,35-44,75.0,Loan originated
1,645000.0,36,805000.0,209.0,1,Hispanic or Latino,White,Female,45-54,80.0,Application denied
1,315000.0,49,355000.0,62.0,1,Not Hispanic or Latino,Black or African American,Male,45-54,90.0,Loan originated
1,965000.0,39,1205000.0,369.0,1,Hispanic or Latino,White,Male,35-44,80.0,Loan originated
1,555000.0,20%-<30%,765000.0,203.0,1,Not Hispanic or Latino,White,Male,35-44,72.0,Loan originated
1,315000.0,30%-<36%,395000.0,87.0,1,Hispanic or Latino,White,Female,25-34,79.999,Loan originated
1,185000.0,44,295000.0,100.0,1,Not Hispanic or Latino,White,Female,45-54,62.03,Application denied
1,215000.0,39,365000.0,68.0,1,Hispanic or Latino,White,Female,55-64,59.458,Loan originated
1,485000.0,47,605000.0,261.0,1,Not Hispanic or Latino,Asian,Male,25-34,80.0,Loan originated
1,215000.0,49,265000.0,46.0,1,Hispanic or Latino,White,Male,55-64,80.0,Loan originated
1,665000.0,42,895000.0,208.0,1,Not Hispanic or Latino,White,Female,25-34,85.0,Loan originated
1,595000.0,39,785000.0,166.0,1,Not Hispanic or Latino,Asian,Female,25-34,75.0,Loan originated
1,385000.0,43,395000.0,153.0,1,Not Hispanic or Latino,Asian,Female,35-44,97.0,Loan originated
1,975000.0,49,1325000.0,195.0,1,Not Hispanic or Latino,Asian,Male,35-44,74.09,Loan originated
1,55000.0,41,315000.0,47.0,1,Hispanic or Latino,White,Female,45-54,16.76,Application denied
1,1155000.0,41,2155000.0,365.0,1,Not Hispanic or Latino,White,Male,>74,53.489,Loan originated
1,535000.0,42,765000.0,183.0,1,Not Hispanic or Latino,White,Female,25-34,70.0,Loan originated
1,825000.0,30%-<36%,1035000.0,435.0,1,Not Hispanic or Latino,Asian,Male,45-54,80.0,Loan originated
1,305000.0,41,325000.0,84.0,1,Hispanic or Latino,White,Male,25-34,97.0,Loan originated
1,635000.0,39,795000.0,177.0,1,Not Hispanic or Latino,Asian,Male,25-34,80.0,Loan originated
1,745000.0,30%-<36%,935000.0,337.0,1,Not Hispanic or Latino,Asian,Female,25-34,80.0,Loan originated
1,95000.0,30%-<36%,595000.0,67.0,1,Not Hispanic or Latino,Black or African American,Male,55-64,15.526,Loan originated
1,485000.0,30%-<36%,605000.0,184.0,1,Not Hispanic or Latino,White,Female,25-34,80.0,Loan originated
1,565000.0,44,705000.0,135.0,1,Not Hispanic or Latino,White,Female,35-44,80.0,Loan originated
1,1045000.0,42,1305000.0,310.0,1,Not Hispanic or Latino,White,Male,45-54,80.0,Loan originated
1,605000.0,46,755000.0,134.0,1,Not Hispanic or Latino,White,Female,65-74,80.0,Loan originated
1,485000.0,49,605000.0,159.0,1,Hispanic or Latino,White,Male,35-44,80.0,Loan originated
1,355000.0,36,395000.0,97.0,1,Not Hispanic or Latino,White,Female,<25,89.999,Loan originated
1,375000.0,49,505000.0,92.0,1,Not Hispanic or Latino,Asian,Female,55-64,75.0,Loan originated
1,765000.0,48,855000.0,173.0,1,Not Hispanic or Latino,White,Male,25-34,90.0,Loan originated
1,1115000.0,49,1395000.0,249.0,1,Hispanic or Latino,White,Male,35-44,79.999,Loan originated
1,935000.0,45,1175000.0,224.0,1,Not Hispanic or Latino,Asian,Male,35-44,80.0,Application denied
1,645000.0,44,805000.0,178.0,1,Not Hispanic or Latino,Black or African American,Female,35-44,80.0,Loan originated
1,255000.0,30%-<36%,335000.0,136.0,1,Not Hispanic or Latino,Asian,Female,25-34,75.76,Application denied
1,625000.0,45,775000.0,140.0,1,Not Hispanic or Latino,Asian,Male,25-34,80.0,Loan originated
1,545000.0,47,575000.0,145.0,1,Hispanic or Latino,White,Male,35-44,95.0,Loan originated
1,335000.0,42,345000.0,84.0,1,Hispanic or Latino,White,Male,35-44,95.0,Loan originated
1,375000.0,36,415000.0,198.0,1,Hispanic or Latino,White,Male,25-34,90.0,Loan originated
1,565000.0,49,915000.0,122.0,1,Hispanic or Latino,White,Male,25-34,61.749,Loan originated
1,685000.0,42,755000.0,165.0,1,Hispanic or Latino,Asian,Male,35-44,89.9,Loan originated
1,765000.0,37,855000.0,235.0,1,Hispanic or Latino,White,Female,45-54,89.95,Loan originated
1,905000.0,45,1065000.0,243.0,1,Not Hispanic or Latino,White,Male,25-34,85.0,Loan originated
1,615000.0,48,825000.0,211.0,1,Not Hispanic or Latino,Asian,Male,45-54,75.0,Loan originated
1,525000.0,41,655000.0,158.0,1,Not Hispanic or Latino,White,Male,45-54,80.0,Loan originated
1,305000.0,30%-<36%,855000.0,140.0,1,Not Hispanic or Latino,White,Female,55-64,35.29,Application denied
1,165000.0,46,215000.0,42.0,1,Not Hispanic or Latino,White,Male,<25,80.0,Loan originated
1,135000.0,30%-<36%,145000.0,58.0,1,Hispanic or Latino,White,Male,25-34,96.18,Application denied
1,235000.0,37,245000.0,66.0,1,Hispanic or Latino,White,Female,25-34,97.0,Loan originated
1,405000.0,42,535000.0,116.0,1,Not Hispanic or Latino,White,Male,35-44,75.0,Loan originated
1,685000.0,48,725000.0,162.0,1,Not Hispanic or Latino,Asian,Female,25-34,95.0,Loan originated
1,355000.0,46,515000.0,83.0,1,Not Hispanic or Latino,White,Male,65-74,68.628,Loan originated
1,365000.0,36,495000.0,118.0,1,Not Hispanic or Latino,White,Male,25-34,75.0,Loan originated
1,275000.0,>60%,525000.0,38.0,1,Not Hispanic or Latino,Asian,Female,55-64,52.652,Application denied
1,685000.0,47,725000.0,207.0,1,Not Hispanic or Latino,White,Male,35-44,95.0,Loan originated
1,275000.0,42,515000.0,81.0,1,Not Hispanic or Latino,Asian,Female,25-34,53.496,Loan originated
1,755000.0,43,1165000.0,240.0,1,Not Hispanic or Latino,Asian,Female,45-54,65.0,Loan originated
1,735000.0,49,815000.0,130.0,1,Not Hispanic or Latino,Black or African American,Female,35-44,89.661,Loan originated
1,435000.0,<20%,1535000.0,481.0,1,Not Hispanic or Latino,White,Male,25-34,28.105,Application denied
1,475000.0,30%-<36%,595000.0,128.0,1,Not Hispanic or Latino,Asian,Male,35-44,80.0,Loan originated
1,425000.0,47,505000.0,82.0,1,Hispanic or Latino,White,Female,35-44,87.16,Loan originated
1,285000.0,41,335000.0,212.0,1,Not Hispanic or Latino,Asian,Male,35-44,85.0,Loan originated
1,435000.0,42,605000.0,145.0,1,Hispanic or Latino,White,Male,35-44,71.074,Loan originated
1,505000.0,37,855000.0,137.0,1,Not Hispanic or Latino,White,Male,35-44,58.824,Loan originated
1,885000.0,46,1175000.0,301.0,1,Not Hispanic or Latino,White,Female,65-74,75.0,Loan originated
1,675000.0,43,795000.0,157.0,1,Hispanic or Latino,White,Male,25-34,85.0,Loan originated
1,675000.0,43,755000.0,179.0,1,Not Hispanic or Latino,White,Female,35-44,90.0,Loan originated
1,175000.0,20%-<30%,665000.0,138.0,1,Hispanic or Latino,White,Female,55-64,25.758,Loan originated
1,605000.0,20%-<30%,1005000.0,216.0,1,Not Hispanic or Latino,White,Male,25-34,60.0,Loan originated
1,165000.0,48,415000.0,72.0,1,Not Hispanic or Latino,White,Male,55-64,40.0,Loan originated
1,515000.0,47,1485000.0,202.0,1,Not Hispanic or Latino,White,Male,65-74,34.459,Loan originated
1,505000.0,40,1105000.0,133.0,1,Not Hispanic or Latino,Asian,Male,25-34,46.0,Loan originated
1,555000.0,30%-<36%,745000.0,510.0,1,Not Hispanic or Latino,Asian,Male,25-34,75.0,Loan originated
1,355000.0,49,435000.0,93.0,1,Not Hispanic or Latino,White,Female,25-34,80.0,Loan originated
1,825000.0,<20%,1025000.0,0.0,1,Not Hispanic or Latino,White,Male,65-74,80.0,Application denied
1,305000.0,39,555000.0,99.0,1,Hispanic or Latino,White,Female,25-34,54.545,Loan originated
1,495000.0,<20%,865000.0,788.0,1,Hispanic or Latino,White,Male,25-34,70.0,Loan originated
1,1145000.0,46,1495000.0,303.0,1,Not Hispanic or Latino,White,Male,25-34,77.0,Loan originated
1,455000.0,<20%,1455000.0,578.0,1,Hispanic or Latino,White,Male,55-64,31.035,Loan originated
1,665000.0,49,1705000.0,157.0,1,Not Hispanic or Latino,White,Male,65-74,38.71,Loan originated
1,285000.0,43,295000.0,79.0,1,Not Hispanic or Latino,White,Male,25-34,97.0,Loan originated
1,265000.0,49,335000.0,52.0,1,Not Hispanic or Latino,White,Female,45-54,80.0,Loan originated
1,195000.0,45,205000.0,52.0,1,Not Hispanic or Latino,White,Female,35-44,95.0,Loan originated
1,575000.0,43,765000.0,155.0,1,Not Hispanic or Latino,Asian,Female,35-44,75.0,Loan originated
1,895000.0,42,1005000.0,200.0,1,Not Hispanic or Latino,Asian,Male,35-44,89.99,Loan originated
1,585000.0,44,625000.0,149.0,1,Not Hispanic or Latino,White,Male,25-34,93.05,Loan originated
1,815000.0,30%-<36%,1025000.0,260.0,1,Not Hispanic or Latino,Asian,Female,25-34,80.0,Loan originated
1,65000.0,42,865000.0,45.0,1,Hispanic or Latino,White,Male,45-54,7.5,Application denied
1,755000.0,41,1055000.0,413.0,1,Not Hispanic or Latino,White,Female,35-44,89.899,Loan originated
1,985000.0,47,1225000.0,221.0,1,Not Hispanic or Latino,Asian,Male,35-44,80.0,Loan originated
1,635000.0,43,795000.0,148.0,1,Not Hispanic or Latino,Asian,Male,25-34,80.0,Loan originated
1,545000.0,48,785000.0,190.0,1,Not Hispanic or Latino,White,Male,45-54,69.237,Loan originated
1,385000.0,49,495000.0,78.0,1,Hispanic or Latino,White,Female,25-34,78.643,Loan originated
1,915000.0,43,1225000.0,218.0,1,Not Hispanic or Latino,White,Male,45-54,75.0,Loan originated
1,825000.0,20%-<30%,965000.0,445.0,1,Not Hispanic or Latino,Asian,Male,35-44,85.0,Loan originated
1,435000.0,30%-<36%,545000.0,122.0,1,Not Hispanic or Latino,Asian,Female,35-44,80.0,Loan originated
1,165000.0,>60%,235000.0,49.0,1,Hispanic or Latino,White,Female,>74,70.75,Application denied
1,315000.0,30%-<36%,395000.0,138.0,1,Not Hispanic or Latino,White,Male,65-74,80.0,Application denied
1,655000.0,38,695000.0,217.0,1,Not Hispanic or Latino,White,Female,35-44,95.0,Loan originated
1,95000.0,38,95000.0,103.0,1,Not Hispanic or Latino,White,Female,45-54,93.57,Application denied
1,1085000.0,42,1355000.0,276.0,1,Not Hispanic or Latino,Asian,Male,35-44,80.0,Loan originated
1,575000.0,41,825000.0,122.0,1,Not Hispanic or Latino,White,Male,35-44,69.69,Loan originated
1,455000.0,39,755000.0,179.0,1,Not Hispanic or Latino,Black or African American,Female,65-74,60.006,Loan originated
1,735000.0,48,925000.0,155.0,1,Hispanic or Latino,White,Male,25-34,80.0,Loan originated
1,535000.0,20%-<30%,635000.0,377.0,1,Not Hispanic or Latino,Asian,Female,25-34,85.0,Loan originated
1,145000.0,38,155000.0,82.0,1,Not Hispanic or Latino,White,Male,45-54,95.0,Loan originated
1,205000.0,49,215000.0,68.0,1,Hispanic or Latino,White,Male,25-34,97.0,Loan originated
1,635000.0,39,665000.0,326.0,1,Hispanic or Latino,White,Male,55-64,95.0,Loan originated
1,685000.0,<20%,815000.0,860.0,1,Hispanic or Latino,White,Male,45-54,85.0,Loan originated
1,355000.0,50%-60%,445000.0,159.0,1,Hispanic or Latino,White,Male,45-54,80.0,Application denied
1,345000.0,44,515000.0,142.0,1,Not Hispanic or Latino,White,Female,35-44,67.073,Loan originated
1,755000.0,36,1005000.0,282.0,1,Not Hispanic or Latino,White,Male,35-44,75.0,Loan originated
1,525000.0,49,655000.0,96.0,1,Not Hispanic or Latino,Asian,Male,45-54,80.0,Loan originated
1,445000.0,30%-<36%,665000.0,139.0,1,Not Hispanic or Latino,White,Male,35-44,66.92,Loan originated
1,425000.0,49,445000.0,115.0,1,Not Hispanic or Latino,American Indian or Alaska Native,Female,>74,95.0,Loan originated
1,755000.0,42,1005000.0,264.0,1,Not Hispanic or Latino,White,Female,45-54,75.0,Loan originated
1,405000.0,44,515000.0,89.0,1,Not Hispanic or Latino,Asian,Male,65-74,80.0,Loan originated
1,285000.0,37,555000.0,115.0,1,Not Hispanic or Latino,Asian,Female,55-64,50.909,Loan originated
1,1005000.0,39,1195000.0,276.0,1,Not Hispanic or Latino,White,Male,35-44,84.559,Loan originated
1,255000.0,30%-<36%,425000.0,84.0,1,Hispanic or Latino,White,Male,35-44,58.83,Loan originated
1,435000.0,20%-<30%,755000.0,240.0,1,Hispanic or Latino,White,Female,45-54,58.223,Loan originated
1,155000.0,49,155000.0,70.0,1,Not Hispanic or Latino,White,Male,25-34,95.0,Loan originated
1,495000.0,45,985000.0,120.0,1,Not Hispanic or Latino,White,Female,45-54,100.607,Loan originated
1,435000.0,30%-<36%,485000.0,170.0,1,Not Hispanic or Latino,White,Male,25-34,90.0,Loan originated
1,405000.0,39,455000.0,102.0,1,Not Hispanic or Latino,White,Female,35-44,88.984,Loan originated
1,495000.0,44,1545000.0,220.0,1,Not Hispanic or Latino,White,Male,55-64,32.04,Loan originated
1,805000.0,36,1305000.0,225.0,1,Not Hispanic or Latino,Asian,Male,35-44,61.538,Application denied
1,885000.0,40,1105000.0,231.0,1,Not Hispanic or Latino,Asian,Male,35-44,80.0,Loan originated
1,325000.0,30%-<36%,825000.0,377.0,1,Not Hispanic or Latino,White,Male,65-74,39.394,Loan originated
1,295000.0,30%-<36%,335000.0,147.0,1,Not Hispanic or Latino,Asian,Female,35-44,89.99,Loan originated
1,465000.0,49,495000.0,78.0,1,Not Hispanic or Latino,Asian,Male,25-34,95.0,Loan originated
1,625000.0,39,775000.0,170.0,1,Not Hispanic or Latino,White,Male,25-34,80.0,Loan originated
1,215000.0,48,915000.0,86.0,1,Not Hispanic or Latino,White,Female,55-64,23.077,Loan originated
1,445000.0,30%-<36%,505000.0,157.0,1,Not Hispanic or Latino,Asian,Female,35-44,89.98,Loan originated
1,645000.0,30%-<36%,805000.0,170.0,1,Not Hispanic or Latino,Asian,Male,35-44,80.0,Loan originated
1,855000.0,<20%,945000.0,1110.0,1,Not Hispanic or Latino,White,Male,35-44,90.0,Loan originated
1,305000.0,45,375000.0,85.0,1,Hispanic or Latino,White,Male,45-54,80.0,Loan originated
1,315000.0,48,335000.0,80.0,1,Hispanic or Latino,White,Male,35-44,95.0,Loan originated
1,655000.0,50%-60%,725000.0,134.0,1,Not Hispanic or Latino,Black or African American,Male,35-44,89.655,Application denied
1,355000.0,43,485000.0,89.0,1,Hispanic or Latino,Asian,Female,55-64,74.023,Loan originated
1,615000.0,47,775000.0,179.0,1,Not Hispanic or Latino,White,Male,25-34,80.0,Loan originated
1,375000.0,49,1185000.0,134.0,1,Not Hispanic or Latino,White,Female,55-64,33.0,Loan originated
1,385000.0,45,405000.0,92.0,1,Hispanic or Latino,White,Female,45-54,95.0,Loan originated
1,765000.0,49,1275000.0,150.0,1,Not Hispanic or Latino,White,Male,35-44,61.0,Loan originated
1,765000.0,48,995000.0,188.0,1,Not Hispanic or Latino,Asian,Male,45-54,76.53,Loan originated
1,445000.0,47,475000.0,162.0,1,Hispanic or Latino,White,Male,45-54,95.0,Loan originated
1,625000.0,41,785000.0,476.0,1,Not Hispanic or Latino,White,Female,55-64,80.0,Loan originated
1,805000.0,49,855000.0,186.0,1,Not Hispanic or Latino,White,Male,35-44,94.529,Loan originated
1,975000.0,30%-<36%,1395000.0,429.0,1,Not Hispanic or Latino,Asian,Male,65-74,70.0,Loan originated
1,225000.0,30%-<36%,245000.0,64.0,1,Not Hispanic or Latino,Black or African American,Male,35-44,90.0,Loan originated
1,375000.0,36,815000.0,124.0,1,Not Hispanic or Latino,White,Male,65-74,46.012,Loan originated
1,285000.0,48,365000.0,62.0,1,Hispanic or Latino,White,Male,45-54,80.0,Loan originated
1,355000.0,30%-<36%,445000.0,158.0,1,Hispanic or Latino,White,Male,55-64,80.0,Loan originated
1,585000.0,47,725000.0,524.0,1,Not Hispanic or Latino,White,Male,25-34,80.0,Loan originated
1,465000.0,50%-60%,515000.0,98.0,1,Not Hispanic or Latino,White,Male,55-64,95.0,Application denied
1,325000.0,46,405000.0,107.0,1,Hispanic or Latino,White,Male,35-44,80.0,Loan originated
1,115000.0,20%-<30%,235000.0,195.0,1,Not Hispanic or Latino,White,Female,55-64,51.04,Loan originated
1,1015000.0,38,1355000.0,297.0,1,Not Hispanic or Latino,White,Female,25-34,75.0,Loan originated
1,365000.0,30%-<36%,455000.0,122.0,1,Hispanic or Latino,White,Male,25-34,80.0,Loan originated
1,395000.0,41,495000.0,100.0,1,Hispanic or Latino,White,Male,35-44,80.0,Loan originated
1,285000.0,41,305000.0,72.0,1,Not Hispanic or Latino,White,Female,55-64,95.0,Loan originated
1,565000.0,47,595000.0,180.0,1,Hispanic or Latino,White,Male,45-54,95.0,Loan originated
1,185000.0,40,265000.0,63.0,1,Hispanic or Latino,White,Female,45-54,70.0,Loan originated
1,655000.0,49,775000.0,176.0,1,Not Hispanic or Latino,Asian,Male,35-44,85.0,Loan originated
1,325000.0,44,405000.0,409.0,1,Hispanic or Latino,White,Female,<25,80.0,Loan originated
1,565000.0,37,705000.0,173.0,1,Not Hispanic or Latino,Asian,Male,35-44,80.0,Loan originated
1,545000.0,20%-<30%,685000.0,312.0,1,Not Hispanic or Latino,White,Male,25-34,80.0,Loan originated
1,435000.0,40,515000.0,139.0,1,Hispanic or Latino,White,Female,55-64,85.0,Loan originated
1,645000.0,49,705000.0,160.0,1,Not Hispanic or Latino,White,Female,45-54,92.571,Loan originated
1,825000.0,>60%,1325000.0,902.0,1,Not Hispanic or Latino,White,Male,25-34,62.26,Loan originated
1,1125000.0,43,1505000.0,400.0,1,Not Hispanic or Latino,Asian,Female,45-54,88.157,Loan originated
1,605000.0,<20%,755000.0,360.0,1,Hispanic or Latino,White,Female,35-44,80.0,Loan originated
1,545000.0,<20%,685000.0,286.0,1,Not Hispanic or Latino,White,Male,35-44,80.0,Loan originated
1,395000.0,49,495000.0,102.0,1,Not Hispanic or Latino,White,Female,45-54,80.0,Loan originated
1,625000.0,30%-<36%,785000.0,152.0,1,Not Hispanic or Latino,Asian,Female,35-44,80.0,Loan originated
1,785000.0,46,1055000.0,165.0,1,Hispanic or Latino,White,Male,35-44,75.0,Loan originated
1,735000.0,<20%,975000.0,1732.0,1,Not Hispanic or Latino,White,Female,45-54,75.0,Loan originated
1,665000.0,20%-<30%,825000.0,699.0,1,Not Hispanic or Latino,White,Male,35-44,80.0,Application denied
1,755000.0,45,795000.0,223.0,1,Not Hispanic or Latino,Black or African American,Male,35-44,95.0,Loan originated
1,365000.0,41,625000.0,102.0,1,Not Hispanic or Latino,Asian,Female,55-64,58.88,Loan originated
1,395000.0,49,495000.0,78.0,1,Hispanic or Latino,Asian,Female,25-34,78.357,Loan originated
1,535000.0,>60%,715000.0,104.0,1,Not Hispanic or Latino,White,Male,65-74,75.0,Application denied
1,585000.0,44,715000.0,127.0,1,Not Hispanic or Latino,White,Male,35-44,82.0,Loan originated
1,765000.0,47,2725000.0,210.0,1,Not Hispanic or Latino,Asian,Male,35-44,29.0,Loan originated
1,585000.0,37,655000.0,161.0,1,Not Hispanic or Latino,Asian,Male,45-54,90.0,Loan originated
1,125000.0,39,305000.0,90.0,1,Not Hispanic or Latino,White,Female,55-64,41.67,Loan originated
1,905000.0,46,1435000.0,181.0,1,Not Hispanic or Latino,Asian,Male,25-34,62.548,Loan originated
1,435000.0,20%-<30%,845000.0,196.0,1,Hispanic or Latino,White,Male,45-54,50.903,Loan originated
1,765000.0,20%-<30%,1265000.0,469.0,1,Not Hispanic or Latino,White,Male,45-54,61.0,Loan originated
1,395000.0,30%-<36%,495000.0,155.0,1,Not Hispanic or Latino,Asian,Female,35-44,80.0,Loan originated
1,425000.0,30%-<36%,435000.0,139.0,1,Not Hispanic or Latino,White,Male,25-34,97.0,Loan originated
1,515000.0,20%-<30%,915000.0,255.0,1,Not Hispanic or Latino,Asian,Male,35-44,56.108,Loan originated
1,525000.0,<20%,655000.0,779.0,1,Not Hispanic or Latino,Asian,Female,45-54,79.99994,Loan originated
1,575000.0,45,675000.0,214.0,1,Not Hispanic or Latino,Asian,Male,45-54,85.0,Loan originated
1,355000.0,20%-<30%,905000.0,190.0,1,Not Hispanic or Latino,White,Female,45-54,39.0,Loan originated
1,685000.0,45,765000.0,171.0,1,Hispanic or Latino,White,Female,25-34,89.99,Loan originated
1,125000.0,43,135000.0,71.0,1,Not Hispanic or Latino,White,Female,35-44,95.0,Loan originated
1,725000.0,43,765000.0,187.0,1,Hispanic or Latino,White,Male,35-44,95.0,Loan originated
1,445000.0,38,555000.0,383.0,1,Not Hispanic or Latino,Asian,Male,35-44,80.0,Loan originated
1,775000.0,41,1295000.0,221.0,1,Not Hispanic or Latino,Asian,Female,35-44,59.689,Loan originated
1,595000.0,46,665000.0,12.0,1,Not Hispanic or Latino,Asian,Female,35-44,90.0,Loan originated
1,1145000.0,43,1205000.0,269.0,1,Not Hispanic or Latino,Black or African American,Male,25-34,95.0,Loan originated
1,525000.0,37,755000.0,158.0,1,Not Hispanic or Latino,White,Female,45-54,70.0,Loan originated
1,315000.0,47,335000.0,81.0,1,Hispanic or Latino,White,Male,25-34,95.0,Loan originated
1,785000.0,40,1115000.0,287.0,1,Hispanic or Latino,White,Male,55-64,69.973,Loan originated
1,245000.0,49,545000.0,98.0,1,Not Hispanic or Latino,Asian,Male,35-44,44.95,Loan originated
1,515000.0,30%-<36%,545000.0,198.0,1,Hispanic or Latino,White,Male,45-54,95.0,Loan originated
1,815000.0,45,935000.0,188.0,1,Not Hispanic or Latino,White,Male,35-44,87.097,Loan originated
1,525000.0,43,665000.0,161.0,1,Not Hispanic or Latino,Asian,Female,35-44,100.0,Loan originated
1,325000.0,39,385000.0,78.0,1,Not Hispanic or Latino,White,Female,25-34,104.5,Loan originated
1,385000.0,46,405000.0,92.0,1,Hispanic or Latino,White,Female,35-44,95.0,Loan originated
1,865000.0,20%-<30%,1105000.0,376.0,1,Hispanic or Latino,White,Male,45-54,78.352,Loan originated
1,925000.0,41,1165000.0,271.0,1,Not Hispanic or Latino,Asian,Male,35-44,80.0,Loan originated
1,735000.0,50%-60%,915000.0,148.0,1,Not Hispanic or Latino,Asian,Male,25-34,80.0,Loan originated
1,455000.0,44,1705000.0,214.0,1,Not Hispanic or Latino,Asian,Female,55-64,26.47,Loan originated
1,505000.0,46,725000.0,137.0,1,Not Hispanic or Latino,White,Male,25-34,70.0,Loan originated
1,795000.0,<20%,995000.0,1222.0,1,Not Hispanic or Latino,Asian,Female,25-34,80.0,Loan originated
1,365000.0,42,455000.0,266.0,1,Not Hispanic or Latino,White,Male,45-54,80.0,Loan originated
1,625000.0,48,735000.0,143.0,1,Not Hispanic or Latino,Asian,Male,55-64,85.0,Loan originated
1,575000.0,40,615000.0,143.0,1,Hispanic or Latino,White,Female,25-34,95.0,Loan originated
1,495000.0,45,685000.0,120.0,1,Not Hispanic or Latino,Asian,Male,35-44,73.0,Loan originated
1,205000.0,38,335000.0,104.0,1,Not Hispanic or Latino,White,Female,35-44,60.61,Loan originated
1,965000.0,45,1015000.0,279.0,1,Not Hispanic or Latino,White,Female,65-74,95.0,Loan originated
1,785000.0,48,915000.0,169.0,1,Not Hispanic or Latino,Asian,Male,35-44,85.0,Loan originated
1,445000.0,49,1055000.0,150.0,1,Not Hispanic or Latino,White,Male,35-44,42.381,Loan originated
1,685000.0,30%-<36%,765000.0,313.0,1,Not Hispanic or Latino,Asian,Female,25-34,90.0,Loan originated
1,165000.0,38,185000.0,91.0,1,Hispanic or Latino,White,Female,45-54,92.0,Loan originated
1,505000.0,48,905000.0,149.0,1,Not Hispanic or Latino,Black or African American,Male,65-74,55.599,Loan originated
1,565000.0,20%-<30%,675000.0,335.0,1,Hispanic or Latino,White,Male,25-34,85.0,Loan originated
1,745000.0,41,1245000.0,422.0,1,Not Hispanic or Latino,Black or African American,Male,55-64,60.0,Loan originated
1,655000.0,43,685000.0,186.0,1,Hispanic or Latino,White,Male,25-34,95.0,Loan originated
1,565000.0,48,585000.0,121.0,1,Hispanic or Latino,White,Female,35-44,97.0,Loan originated
1,495000.0,30%-<36%,615000.0,192.0,1,Not Hispanic or Latino,Asian,Male,55-64,80.0,Loan originated
1,695000.0,47,1195000.0,168.0,1,Not Hispanic or Latino,White,Female,55-64,58.159,Loan originated
1,725000.0,30%-<36%,975000.0,224.0,1,Not Hispanic or Latino,White,Male,35-44,75.0,Loan originated
1,715000.0,38,895000.0,205.0,1,Not Hispanic or Latino,White,Female,25-34,80.0,Loan originated
1,255000.0,20%-<30%,585000.0,119.0,1,Not Hispanic or Latino,Asian,Female,35-44,43.59,Loan originated
1,305000.0,47,1005000.0,122.0,1,Hispanic or Latino,White,Female,55-64,30.0,Loan originated
1,725000.0,45,825000.0,182.0,1,Not Hispanic or Latino,Black or African American,Female,35-44,88.08,Loan originated
1,575000.0,44,605000.0,163.0,1,Hispanic or Latino,White,Male,25-34,99.878,Loan originated
1,875000.0,20%-<30%,1095000.0,418.0,1,Not Hispanic or Latino,White,Female,35-44,80.0,Loan originated
1,655000.0,40,815000.0,221.0,1,Not Hispanic or Latino,Asian,Male,35-44,80.0,Loan originated
1,495000.0,<20%,585000.0,1275.0,1,Not Hispanic or Latino,White,Male,45-54,85.0,Loan originated
1,305000.0,42,605000.0,414.0,1,Not Hispanic or Latino,White,Male,35-44,50.82,Loan originated
1,625000.0,46,835000.0,223.0,1,Hispanic or Latino,White,Female,55-64,74.85,Loan originated
1,265000.0,49,515000.0,62.0,1,Hispanic or Latino,White,Male,55-64,50.98,Loan originated
1,405000.0,39,1055000.0,124.0,1,Not Hispanic or Latino,White,Male,35-44,38.095,Loan originated
1,315000.0,<20%,515000.0,490.0,1,Not Hispanic or Latino,White,Female,35-44,60.876,Loan originated
1,765000.0,30%-<36%,785000.0,223.0,1,Hispanic or Latino,White,Female,25-34,97.0,Loan originated
1,855000.0,30%-<36%,1065000.0,298.0,1,Not Hispanic or Latino,White,Male,25-34,80.0,Loan originated
1,355000.0,41,375000.0,93.0,1,Not Hispanic or Latino,Asian,Male,35-44,95.0,Loan originated
1,705000.0,41,1855000.0,234.0,1,Not Hispanic or Latino,White,Female,65-74,37.838,Loan originated
1,915000.0,50%-60%,1555000.0,196.0,1,Not Hispanic or Latino,Asian,Female,25-34,58.572,Loan originated
1,515000.0,49,645000.0,124.0,1,Hispanic or Latino,White,Female,25-34,80.0,Loan originated
1,625000.0,48,835000.0,200.0,1,Not Hispanic or Latino,Asian,Female,45-54,75.0,Loan originated
1,655000.0,49,1055000.0,140.0,1,Not Hispanic or Latino,Asian,Male,25-34,62.15,Loan originated
1,155000.0,>60%,755000.0,84.0,1,Not Hispanic or Latino,White,Male,25-34,20.0,Application denied
1,135000.0,38,245000.0,42.0,1,Hispanic or Latino,White,Female,25-34,95.0,Loan originated
1,475000.0,37,725000.0,178.0,1,Not Hispanic or Latino,White,Male,65-74,65.0,Loan originated
1,565000.0,50%-60%,705000.0,192.0,1,Not Hispanic or Latino,White,Male,35-44,80.0,Loan originated
1,695000.0,46,925000.0,140.0,1,Not Hispanic or Latino,Asian,Female,35-44,75.0,Loan originated
1,595000.0,30%-<36%,995000.0,176.0,1,Not Hispanic or Latino,Asian,Male,25-34,61.0,Loan originated
1,565000.0,45,705000.0,295.0,1,Not Hispanic or Latino,Asian,Male,>74,80.0,Loan originated
1,295000.0,43,305000.0,77.0,1,Hispanic or Latino,White,Male,25-34,100.0,Loan originated
1,175000.0,49,675000.0,53.0,1,Not Hispanic or Latino,White,Male,55-64,25.893,Loan originated
1,325000.0,40,335000.0,85.0,1,Hispanic or Latino,White,Female,25-34,100.0,Loan originated
1,895000.0,43,1115000.0,349.0,1,Not Hispanic or Latino,White,Male,35-44,80.0,Loan originated
1,755000.0,>60%,1005000.0,156.0,1,Not Hispanic or Latino,White,Female,>74,75.0,Application denied
1,485000.0,47,575000.0,154.0,1,Hispanic or Latino,White,Female,<25,83.916,Application denied
1,575000.0,45,675000.0,130.0,1,Not Hispanic or Latino,White,Female,35-44,85.0,Loan originated
1,775000.0,44,1985000.0,539.0,1,Not Hispanic or Latino,White,Male,45-54,39.15,Loan originated
1,295000.0,>60%,305000.0,56.0,1,Not Hispanic or Latino,Black or African American,Female,25-34,99.167,Application denied
1,815000.0,47,905000.0,215.0,1,Not Hispanic or Latino,White,Male,35-44,90.0,Loan originated
1,475000.0,44,505000.0,115.0,1,Not Hispanic or Latino,White,Male,65-74,95.0,Loan originated
1,735000.0,20%-<30%,1225000.0,403.0,1,Not Hispanic or Latino,Asian,Male,45-54,60.0,Loan originated
1,295000.0,20%-<30%,365000.0,118.0,1,Not Hispanic or Latino,Asian,Female,35-44,80.0,Application denied
1,1055000.0,47,1325000.0,220.0,1,Not Hispanic or Latino,Asian,Male,35-44,79.55,Loan originated
1,385000.0,30%-<36%,455000.0,135.0,1,Hispanic or Latino,White,Male,35-44,85.0,Loan originated
1,595000.0,>60%,625000.0,99.0,1,Hispanic or Latino,White,Male,35-44,95.0,Application denied
1,445000.0,48,495000.0,85.0,1,Not Hispanic or Latino,Asian,Female,35-44,90.0,Loan originated
1,325000.0,45,1575000.0,117.0,1,Not Hispanic or Latino,Asian,Female,55-64,20.63,Loan originated
1,695000.0,44,875000.0,164.0,1,Hispanic or Latino,White,Male,35-44,80.0,Loan originated
1,705000.0,49,945000.0,169.0,1,Not Hispanic or Latino,White,Female,35-44,75.0,Loan originated
1,215000.0,36,225000.0,66.0,1,Not Hispanic or Latino,Black or African American,Female,35-44,97.0,Loan originated
1,445000.0,49,475000.0,114.0,1,Hispanic or Latino,White,Male,35-44,95.0,Loan originated
1,215000.0,40,235000.0,59.0,1,Hispanic or Latino,White,Female,55-64,91.304,Loan originated
1,365000.0,38,455000.0,143.0,1,Not Hispanic or Latino,White,Female,25-34,80.0,Loan originated
1,1085000.0,41,1355000.0,319.0,1,Not Hispanic or Latino,Asian,Male,35-44,80.0,Loan originated
1,415000.0,50%-60%,435000.0,80.0,1,Not Hispanic or Latino,Black or African American,Female,45-54,97.0,Application denied
1,505000.0,39,795000.0,150.0,1,Hispanic or Latino,White,Male,35-44,62.893,Loan originated
1,555000.0,39,1075000.0,212.0,1,Not Hispanic or Latino,Asian,Male,45-54,51.163,Loan originated
1,745000.0,47,885000.0,183.0,1,Not Hispanic or Latino,Asian,Male,25-34,85.0,Loan originated
1,505000.0,49,535000.0,270.0,1,Not Hispanic or Latino,Black or African American,Female,25-34,95.0,Loan originated
1,455000.0,49,485000.0,106.0,1,Hispanic or Latino,White,Male,55-64,93.0,Loan originated
1,595000.0,48,845000.0,211.0,1,Not Hispanic or Latino,Asian,Male,45-54,70.0,Loan originated
1,405000.0,42,905000.0,112.0,1,Not Hispanic or Latino,White,Female,25-34,44.444,Loan originated
1,485000.0,37,495000.0,125.0,1,Not Hispanic or Latino,White,Female,35-44,97.0,Loan originated
1,565000.0,30%-<36%,725000.0,226.0,1,Not Hispanic or Latino,Asian,Male,45-54,77.14,Loan originated
1,675000.0,39,745000.0,209.0,1,Hispanic or Latino,White,Male,35-44,89.98,Loan originated
1,355000.0,45,415000.0,69.0,1,Hispanic or Latino,White,Male,25-34,85.542,Loan originated
1,1045000.0,49,1395000.0,220.0,1,Not Hispanic or Latino,Asian,Male,25-34,75.0,Loan originated
1,415000.0,44,615000.0,123.0,1,Not Hispanic or Latino,White,Female,>74,67.48,Loan originated
1,525000.0,36,585000.0,191.0,1,Not Hispanic or Latino,Asian,Male,25-34,90.0,Loan originated
1,505000.0,46,715000.0,207.0,1,Hispanic or Latino,White,Male,45-54,69.638,Loan originated
1,285000.0,44,335000.0,71.0,1,Hispanic or Latino,White,Male,25-34,85.0,Loan originated
1,335000.0,36,845000.0,130.0,1,Not Hispanic or Latino,Asian,Female,45-54,39.06,Loan originated
1,775000.0,40,965000.0,380.0,1,Not Hispanic or Latino,White,Male,45-54,80.0,Loan originated
1,365000.0,44,385000.0,98.0,1,Not Hispanic or Latino,White,Female,45-54,95.0,Loan originated
1,755000.0,48,1015000.0,169.0,1,Not Hispanic or Latino,White,Male,35-44,75.0,Loan originated
1,115000.0,20%-<30%,155000.0,180.0,1,Not Hispanic or Latino,Asian,Female,55-64,76.59,Loan originated
1,385000.0,45,475000.0,97.0,1,Hispanic or Latino,White,Male,35-44,80.0,Loan originated
1,495000.0,43,585000.0,155.0,1,Not Hispanic or Latino,Asian,Female,25-34,90.0,Application denied
1,985000.0,37,1225000.0,586.0,1,Not Hispanic or Latino,White,Male,25-34,80.0,Loan originated
1,575000.0,49,725000.0,131.0,1,Hispanic or Latino,White,Male,55-64,80.0,Loan originated
1,445000.0,20%-<30%,555000.0,250.0,1,Not Hispanic or Latino,Asian,Male,45-54,80.0,Loan originated
1,385000.0,20%-<30%,5555000.0,131.0,1,Not Hispanic or Latino,White,Male,35-44,73.077,Loan originated
1,1045000.0,30%-<36%,1305000.0,283.0,1,Not Hispanic or Latino,Asian,Male,25-34,80.0,Loan originated
1,115000.0,20%-<30%,135000.0,86.0,1,Hispanic or Latino,White,Female,55-64,90.0,Application denied
1,465000.0,47,625000.0,125.0,1,Not Hispanic or Latino,Asian,Female,35-44,75.0,Loan originated
1,265000.0,47,565000.0,70.0,1,Hispanic or Latino,White,Female,55-64,46.903,Loan originated
1,305000.0,42,385000.0,70.0,1,Hispanic or Latino,White,Female,55-64,80.0,Loan originated
1,635000.0,44,795000.0,138.0,1,Not Hispanic or Latino,Asian,Female,25-34,80.0,Loan originated
1,105000.0,30%-<36%,435000.0,67.0,1,Not Hispanic or Latino,White,Female,25-34,22.989,Loan originated
1,805000.0,30%-<36%,1165000.0,454.0,1,Not Hispanic or Latino,White,Female,25-34,68.435,Loan originated
1,765000.0,44,1005000.0,176.0,1,Hispanic or Latino,White,Male,35-44,90.66,Loan originated
1,465000.0,20%-<30%,475000.0,188.0,1,Not Hispanic or Latino,Asian,Female,25-34,96.882,Loan originated
1,465000.0,42,485000.0,148.0,1,Hispanic or Latino,White,Male,25-34,95.0,Loan originated
1,1095000.0,40,1375000.0,283.0,1,Not Hispanic or Latino,Asian,Female,35-44,80.0,Loan originated
1,345000.0,43,435000.0,71.0,1,Hispanic or Latino,White,Female,35-44,79.31,Loan originated
1,585000.0,37,725000.0,140.0,1,Not Hispanic or Latino,Asian,Male,35-44,80.0,Loan originated
1,505000.0,48,675000.0,107.0,1,Not Hispanic or Latino,White,Female,25-34,75.0,Loan originated
1,285000.0,43,775000.0,89.0,1,Not Hispanic or Latino,White,Female,45-54,37.095,Loan originated
1,465000.0,43,595000.0,112.0,1,Hispanic or Latino,American Indian or Alaska Native,Female,45-54,78.151,Loan originated
1,725000.0,49,815000.0,191.0,1,Not Hispanic or Latino,White,Male,45-54,90.0,Loan originated
1,495000.0,39,525000.0,154.0,1,Hispanic or Latino,White,Male,25-34,95.0,Loan originated
1,1555000.0,49,1955000.0,370.0,1,Not Hispanic or Latino,White,Female,35-44,79.99,Loan originated
1,315000.0,46,375000.0,77.0,1,Hispanic or Latino,White,Male,25-34,85.0,Loan originated
1,1105000.0,38,1305000.0,266.0,1,Not Hispanic or Latino,Asian,Male,35-44,85.0,Loan originated
1,255000.0,49,905000.0,157.0,1,Not Hispanic or Latino,Asian,Female,35-44,27.65,Loan originated
1,485000.0,47,505000.0,150.0,1,Hispanic or Latino,White,Male,55-64,95.0,Loan originated
1,475000.0,45,555000.0,165.0,1,Not Hispanic or Latino,White,Male,55-64,86.275,Loan originated
1,725000.0,40,805000.0,195.0,1,Hispanic or Latino,American Indian or Alaska Native,Male,35-44,90.0,Loan originated
1,545000.0,30%-<36%,685000.0,290.0,1,Not Hispanic or Latino,White,Female,45-54,80.0,Loan originated
1,795000.0,47,995000.0,174.0,1,Not Hispanic or Latino,White,Male,35-44,80.0,Loan originated
1,265000.0,43,275000.0,139.0,1,Hispanic or Latino,White,Male,35-44,95.0,Application denied
1,275000.0,36,415000.0,132.0,1,Not Hispanic or Latino,Asian,Male,55-64,65.97,Loan originated
1,435000.0,20%-<30%,685000.0,159.0,1,Not Hispanic or Latino,White,Male,35-44,63.5,Loan originated
1,335000.0,43,355000.0,91.0,1,Hispanic or Latino,Asian,Female,25-34,95.0,Loan originated
1,195000.0,48,295000.0,86.0,1,Hispanic or Latino,White,Female,35-44,65.44,Loan originated
1,625000.0,20%-<30%,835000.0,264.0,1,Not Hispanic or Latino,Black or African American,Female,55-64,75.0,Loan originated
1,365000.0,49,385000.0,80.0,1,Not Hispanic or Latino,White,Female,25-34,100.0,Loan originated
1,315000.0,20%-<30%,1065000.0,154.0,1,Not Hispanic or Latino,White,Female,25-34,29.245,Loan originated
1,705000.0,30%-<36%,805000.0,483.0,1,Not Hispanic or Latino,White,Male,35-44,90.0,Loan originated
1,485000.0,30%-<36%,515000.0,268.0,1,Hispanic or Latino,White,Male,35-44,94.993,Loan originated
1,655000.0,30%-<36%,1395000.0,360.0,1,Not Hispanic or Latino,White,Female,25-34,46.562,Loan originated
1,675000.0,37,795000.0,204.0,1,Hispanic or Latino,White,Male,45-54,85.0,Loan originated
1,615000.0,45,765000.0,130.0,1,Not Hispanic or Latino,White,Male,35-44,80.0,Loan originated
1,615000.0,47,685000.0,133.0,1,Not Hispanic or Latino,Black or African American,Female,25-34,93.13,Loan originated
1,725000.0,43,855000.0,205.0,1,Not Hispanic or Latino,White,Male,45-54,85.57,Loan originated
1,765000.0,41,1055000.0,277.0,1,Not Hispanic or Latino,White,Male,25-34,73.005,Loan originated
1,175000.0,>60%,185000.0,38.0,1,Not Hispanic or Latino,Asian,Male,25-34,95.0,Application denied
1,435000.0,40,555000.0,118.0,1,Not Hispanic or Latino,White,Female,55-64,80.0,Loan originated
1,355000.0,36,445000.0,100.0,1,Hispanic or Latino,White,Female,35-44,80.0,Loan originated
1,555000.0,49,625000.0,100.0,1,Not Hispanic or Latino,Asian,Male,25-34,89.5,Loan originated
1,1105000.0,43,1375000.0,240.0,1,Not Hispanic or Latino,White,Male,35-44,80.0,Loan originated
1,435000.0,45,455000.0,95.0,1,Not Hispanic or Latino,White,Female,35-44,97.0,Loan originated
1,655000.0,44,815000.0,143.0,1,Not Hispanic or Latino,Asian,Female,25-34,80.0,Loan originated
1,455000.0,36,575000.0,135.0,1,Not Hispanic or Latino,Asian,Male,55-64,80.0,Loan originated
1,785000.0,37,985000.0,240.0,1,Not Hispanic or Latino,White,Male,35-44,80.0,Loan originated
1,755000.0,37,1155000.0,196.0,1,Not Hispanic or Latino,White,Male,35-44,65.217,Loan originated
1,205000.0,49,215000.0,105.0,1,Not Hispanic or Latino,White,Female,35-44,95.0,Loan originated
1,255000.0,20%-<30%,705000.0,140.0,1,Hispanic or Latino,White,Male,55-64,35.311,Loan originated
1,575000.0,20%-<30%,885000.0,314.0,1,Not Hispanic or Latino,White,Female,55-64,65.0,Loan originated
1,765000.0,44,795000.0,191.0,1,Hispanic or Latino,White,Female,25-34,97.0,Loan originated
1,675000.0,36,745000.0,187.0,1,Not Hispanic or Latino,Asian,Male,35-44,90.0,Loan originated
1,645000.0,36,715000.0,156.0,1,Not Hispanic or Latino,Asian,Female,35-44,89.9,Loan originated
1,745000.0,50%-60%,835000.0,140.0,1,Not Hispanic or Latino,White,Female,25-34,90.0,Loan originated
1,245000.0,41,385000.0,84.0,1,Not Hispanic or Latino,Black or African American,Male,25-34,63.99,Application denied
1,305000.0,39,805000.0,93.0,1,Not Hispanic or Latino,White,Female,65-74,37.5,Loan originated
1,235000.0,41,235000.0,63.0,1,Not Hispanic or Latino,White,Male,65-74,97.0,Loan originated
1,565000.0,39,755000.0,271.0,1,Not Hispanic or Latino,White,Female,25-34,75.0,Loan originated
1,655000.0,30%-<36%,925000.0,205.0,1,Hispanic or Latino,White,Male,35-44,70.27,Loan originated
1,915000.0,41,1145000.0,283.0,1,Hispanic or Latino,White,Male,45-54,80.0,Loan originated
1,285000.0,41,335000.0,102.0,1,Not Hispanic or Latino,White,Male,25-34,85.0,Loan originated
