loan_purpose,loan_amount,debt_to_income_ratio,property_value,income,occupancy_type,derived_ethnicity,derived_race,derived_sex,applicant_age,loan_to_value_ratio,action_taken
1,455000.0,40,705000.0,122.0,1,Not Hispanic or Latino,Asian,Male,25-34,63.53,Loan originated
1,195000.0,20%-<30%,415000.0,86.0,1,Not Hispanic or Latino,American Indian or Alaska Native,Female,65-74,46.988,Loan originated
1,605000.0,<20%,1005000.0,324.0,1,Hispanic or Latino,White,Female,45-54,60.0,Loan originated
1,275000.0,49,315000.0,73.0,1,Not Hispanic or Latino,White,Male,25-34,90.0,Loan originated
1,485000.0,47,765000.0,102.0,1,Hispanic or Latino,White,Male,55-64,64.0,Loan originated
1,225000.0,30%-<36%,995000.0,97.0,1,Not Hispanic or Latino,White,Female,65-74,23.0,Loan originated
1,335000.0,38,375000.0,181.0,1,Hispanic or Latino,White,Male,45-54,90.0,Loan originated
1,545000.0,37,645000.0,131.0,1,Hispanic or Latino,White,Male,25-34,85.37,Loan originated
1,535000.0,46,1235000.0,122.0,1,Not Hispanic or Latino,Asian,Male,45-54,43.32,Loan originated
1,1035000.0,30%-<36%,1285000.0,391.0,1,Not Hispanic or Latino,Asian,Male,35-44,79.989,Loan originated
1,495000.0,30%-<36%,615000.0,152.0,1,Not Hispanic or Latino,Asian,Male,25-34,80.0,Loan originated
1,655000.0,40,775000.0,180.0,1,Not Hispanic or Latino,Asian,Male,35-44,84.516,Loan originated
1,235000.0,>60%,295000.0,27.0,1,Hispanic or Latino,White,Female,>74,78.6,Application denied
1,485000.0,39,515000.0,122.0,1,Not Hispanic or Latino,Asian,Male,25-34,95.0,Loan originated
1,375000.0,47,505000.0,81.0,1,Hispanic or Latino,White,Female,25-34,97.0,Loan originated
1,255000.0,42,345000.0,91.0,1,Hispanic or Latino,White,Female,35-44,75.0,Application denied
1,465000.0,40,615000.0,131.0,1,Not Hispanic or Latino,Asian,Female,25-34,75.0,Loan originated
1,905000.0,30%-<36%,1025000.0,245.0,1,Not Hispanic or Latino,Asian,Male,35-44,89.0,Loan originated
1,525000.0,45,545000.0,144.0,1,Not Hispanic or Latino,White,Female,35-44,97.0,Loan originated
1,255000.0,49,295000.0,67.0,1,Hispanic or Latino,White,Female,25-34,86.207,Loan originated
1,595000.0,49,625000.0,140.0,1,Not Hispanic or Latino,Asian,Male,35-44,95.0,Loan originated
1,825000.0,30%-<36%,1105000.0,1071.0,1,Not Hispanic or Latino,Asian,Male,35-44,75.0,Loan originated
1,765000.0,42,875000.0,162.0,1,Not Hispanic or Latino,White,Female,25-34,88.109,Loan originated
1,695000.0,43,775000.0,327.0,1,Not Hispanic or Latino,Asian,Female,45-54,89.99,Loan originated
1,765000.0,30%-<36%,955000.0,286.0,1,Not Hispanic or Latino,Asian,Male,25-34,80.0,Loan originated
1,425000.0,39,525000.0,254.0,1,Not Hispanic or Latino,White,Female,45-54,80.0,Loan originated
1,435000.0,46,895000.0,114.0,1,Not Hispanic or Latino,White,Female,65-74,48.82,Loan originated
1,105000.0,30%-<36%,365000.0,57.0,1,Not Hispanic or Latino,White,Female,>74,27.778,Loan originated
1,595000.0,20%-<30%,695000.0,340.0,1,Not Hispanic or Latino,White,Female,35-44,85.612,Loan originated
1,725000.0,36,965000.0,356.0,1,Not Hispanic or Latino,White,Female,25-34,75.0,Loan originated
1,895000.0,36,955000.0,246.0,1,Hispanic or Latino,White,Male,25-34,94.731,Loan originated
1,155000.0,44,305000.0,97.0,1,Not Hispanic or Latino,Asian,Female,45-54,50.5,Application denied
1,565000.0,50%-60%,705000.0,192.0,1,Not Hispanic or Latino,White,Male,35-44,80.0,Loan originated
1,885000.0,41,1105000.0,240.0,1,Not Hispanic or Latino,White,Female,45-54,80.0,Loan originated
1,525000.0,45,545000.0,148.0,1,Hispanic or Latino,White,Male,25-34,95.0,Loan originated
1,1145000.0,30%-<36%,1595000.0,305.0,1,Not Hispanic or Latino,White,Female,25-34,71.857,Loan originated
1,405000.0,46,615000.0,95.0,1,Not Hispanic or Latino,Asian,Female,35-44,75.0,Loan originated
1,455000.0,30%-<36%,1905000.0,203.0,1,Not Hispanic or Latino,White,Male,45-54,23.731,Loan originated
1,465000.0,40,575000.0,123.0,1,Hispanic or Latino,White,Female,25-34,80.0,Loan originated
1,615000.0,50%-60%,855000.0,203.0,1,Not Hispanic or Latino,Asian,Male,25-34,71.765,Loan originated
1,345000.0,30%-<36%,425000.0,130.0,1,Not Hispanic or Latino,White,Male,65-74,80.0,Loan originated
1,175000.0,48,185000.0,46.0,1,Hispanic or Latino,White,Male,65-74,95.0,Loan originated
1,405000.0,49,645000.0,95.0,1,Not Hispanic or Latino,White,Female,55-64,63.0,Loan originated
1,245000.0,43,465000.0,80.0,1,Not Hispanic or Latino,White,Female,35-44,100.0,Loan originated
1,655000.0,42,1425000.0,158.0,1,Not Hispanic or Latino,Asian,Male,25-34,45.49,Loan originated
1,445000.0,47,555000.0,121.0,1,Not Hispanic or Latino,Asian,Male,25-34,80.0,Loan originated
1,465000.0,47,715000.0,110.0,1,Not Hispanic or Latino,Asian,Female,25-34,65.035,Loan originated
1,285000.0,36,355000.0,70.0,1,Not Hispanic or Latino,White,Male,35-44,81.143,Loan originated
1,575000.0,49,645000.0,170.0,1,Not Hispanic or Latino,White,Male,55-64,90.0,Loan originated
1,545000.0,43,1515000.0,156.0,1,Not Hispanic or Latino,White,Male,35-44,36.093,Loan originated
1,405000.0,45,505000.0,146.0,1,Not Hispanic or Latino,Asian,Male,35-44,80.0,Loan originated
1,405000.0,48,425000.0,83.0,1,Not Hispanic or Latino,White,Male,35-44,95.0,Loan originated
1,525000.0,>60%,825000.0,79.0,1,Not Hispanic or Latino,White,Female,55-64,63.636,Application denied
1,485000.0,39,495000.0,136.0,1,Not Hispanic or Latino,Asian,Male,35-44,97.0,Loan originated
1,365000.0,49,405000.0,67.0,1,Hispanic or Latino,White,Male,<25,94.125,Loan originated
1,435000.0,30%-<36%,535000.0,162.0,1,Hispanic or Latino,White,Female,<25,80.0,Application denied
1,275000.0,41,565000.0,79.0,1,Not Hispanic or Latino,White,Female,35-44,48.673,Loan originated
1,765000.0,48,1055000.0,188.0,1,Not Hispanic or Latino,White,Female,35-44,73.005,Loan originated
1,635000.0,20%-<30%,845000.0,300.0,1,Not Hispanic or Latino,Asian,Male,25-34,75.0,Loan originated
1,265000.0,20%-<30%,265000.0,97.0,1,Not Hispanic or Latino,Asian,Female,35-44,97.0,Loan originated
1,215000.0,39,265000.0,76.0,1,Hispanic or Latino,White,Female,25-34,80.0,Loan originated
1,475000.0,38,505000.0,158.0,1,Not Hispanic or Latino,White,Male,35-44,95.0,Loan originated
1,665000.0,43,835000.0,137.0,1,Hispanic or Latino,White,Female,25-34,80.0,Loan originated
1,755000.0,41,945000.0,165.0,1,Not Hispanic or Latino,Asian,Male,25-34,80.0,Loan originated
1,565000.0,49,705000.0,120.0,1,Not Hispanic or Latino,Asian,Female,45-54,80.0,Loan originated
1,645000.0,20%-<30%,865000.0,360.0,1,Not Hispanic or Latino,White,Female,35-44,75.0,Loan originated
1,565000.0,43,805000.0,146.0,1,Hispanic or Latino,White,Female,25-34,69.307,Loan originated
1,685000.0,48,975000.0,146.0,1,Hispanic or Latino,White,Male,25-34,70.0,Loan originated
1,715000.0,37,885000.0,186.0,1,Not Hispanic or Latino,Asian,Male,35-44,80.0,Loan originated
1,935000.0,20%-<30%,985000.0,529.0,1,Not Hispanic or Latino,White,Male,45-54,95.0,Loan originated
1,385000.0,48,415000.0,103.0,1,Hispanic or Latino,White,Male,25-34,98.0,Loan originated
1,625000.0,50%-60%,665000.0,155.0,1,Hispanic or Latino,White,Female,<25,95.0,Application denied
1,725000.0,46,915000.0,153.0,1,Not Hispanic or Latino,Asian,Male,45-54,80.0,Loan originated
1,325000.0,49,575000.0,78.0,1,Not Hispanic or Latino,White,Female,65-74,57.356,Loan originated
1,625000.0,48,1225000.0,279.0,1,Not Hispanic or Latino,Asian,Male,35-44,51.209,Loan originated
1,755000.0,45,795000.0,175.0,1,Not Hispanic or Latino,White,Male,35-44,95.0,Loan originated
1,295000.0,47,305000.0,66.0,1,Hispanic or Latino,White,Female,35-44,95.0,Loan originated
1,525000.0,49,935000.0,103.0,1,Not Hispanic or Latino,Asian,Male,45-54,56.47,Loan originated
1,525000.0,42,555000.0,153.0,1,Not Hispanic or Latino,White,Male,45-54,95.0,Loan originated
1,985000.0,42,1755000.0,324.0,1,Not Hispanic or Latino,White,Male,55-64,56.0,Loan originated
1,695000.0,46,935000.0,177.0,1,Hispanic or Latino,White,Female,55-64,75.0,Loan originated
1,755000.0,40,1175000.0,161.0,1,Not Hispanic or Latino,White,Female,35-44,64.01,Loan originated
1,435000.0,44,465000.0,114.0,1,Not Hispanic or Latino,Black or African American,Female,45-54,95.0,Loan originated
1,575000.0,48,615000.0,119.0,1,Hispanic or Latino,White,Female,45-54,95.0,Loan originated
1,305000.0,49,505000.0,85.0,1,Hispanic or Latino,White,Female,55-64,60.0,Loan originated
1,655000.0,44,685000.0,142.0,1,Hispanic or Latino,White,Male,35-44,95.0,Loan originated
1,465000.0,49,585000.0,102.0,1,Not Hispanic or Latino,Asian,Male,25-34,80.0,Loan originated
1,965000.0,<20%,1065000.0,1398.0,1,Not Hispanic or Latino,White,Female,25-34,90.0,Loan originated
1,355000.0,50%-60%,555000.0,65.0,1,Not Hispanic or Latino,Black or African American,Female,55-64,63.636,Application denied
1,145000.0,44,285000.0,54.0,1,Not Hispanic or Latino,White,Female,65-74,50.0,Loan originated
1,895000.0,>60%,1375000.0,230.0,1,Not Hispanic or Latino,Asian,Male,45-54,72.0,Application denied
1,345000.0,30%-<36%,225000.0,120.0,1,Not Hispanic or Latino,White,Female,45-54,95.0,Application denied
1,735000.0,20%-<30%,925000.0,285.0,1,Not Hispanic or Latino,Asian,Male,55-64,80.0,Loan originated
1,105000.0,40,595000.0,98.0,1,Hispanic or Latino,White,Female,65-74,16.694,Loan originated
1,965000.0,46,1205000.0,256.0,1,Not Hispanic or Latino,White,Female,>74,80.0,Loan originated
1,805000.0,49,1015000.0,167.0,1,Not Hispanic or Latino,White,Male,65-74,80.0,Loan originated
1,245000.0,30%-<36%,495000.0,81.0,1,Not Hispanic or Latino,Asian,Male,25-34,50.0,Loan originated
1,345000.0,48,425000.0,125.0,1,Not Hispanic or Latino,White,Female,65-74,80.0,Loan originated
1,665000.0,49,795000.0,136.0,1,Not Hispanic or Latino,White,Male,<25,84.156,Loan originated
1,495000.0,20%-<30%,525000.0,181.0,1,Hispanic or Latino,Asian,Male,25-34,95.0,Loan originated
1,595000.0,40,735000.0,145.0,1,Not Hispanic or Latino,Native Hawaiian or Other Pacific Islander,Female,35-44,80.0,Loan originated
1,745000.0,49,875000.0,192.0,1,Not Hispanic or Latino,White,Male,65-74,85.0,Application denied
1,1125000.0,42,1255000.0,288.0,1,Not Hispanic or Latino,Asian,Male,35-44,90.0,Loan originated
1,545000.0,<20%,775000.0,455.0,1,Not Hispanic or Latino,White,Female,35-44,70.0,Loan originated
1,445000.0,40,555000.0,111.0,1,Hispanic or Latino,White,Male,45-54,80.0,Loan originated
1,885000.0,40,1105000.0,231.0,1,Not Hispanic or Latino,Asian,Male,35-44,80.0,Loan originated
1,775000.0,42,1605000.0,219.0,1,Not Hispanic or Latino,White,Male,35-44,48.438,Loan originated
1,965000.0,44,1205000.0,219.0,1,Not Hispanic or Latino,Asian,Male,45-54,80.0,Loan originated
1,395000.0,44,445000.0,133.0,1,Not Hispanic or Latino,Asian,Female,25-34,90.0,Loan originated
1,475000.0,43,845000.0,111.0,1,Not Hispanic or Latino,Asian,Female,45-54,55.952,Loan originated
1,845000.0,47,1155000.0,160.0,1,Not Hispanic or Latino,Asian,Male,35-44,91.27,Loan originated
1,755000.0,48,945000.0,223.0,1,Hispanic or Latino,Asian,Male,35-44,79.47,Loan originated
1,1125000.0,20%-<30%,1415000.0,783.0,1,Not Hispanic or Latino,White,Male,35-44,80.0,Loan originated
1,755000.0,38,775000.0,225.0,1,Not Hispanic or Latino,Black or African American,Male,35-44,97.0,Application denied
1,365000.0,36,915000.0,142.0,1,Not Hispanic or Latino,White,Female,55-64,39.56,Loan originated
1,695000.0,42,865000.0,210.0,1,Hispanic or Latino,White,Male,35-44,80.0,Loan originated
1,1055000.0,46,1405000.0,243.0,1,Not Hispanic or Latino,Black or African American,Male,65-74,75.0,Loan originated
1,505000.0,42,625000.0,143.0,1,Not Hispanic or Latino,White,Male,25-34,80.0,Loan originated
1,565000.0,30%-<36%,705000.0,169.0,1,Not Hispanic or Latino,Asian,Male,35-44,80.0,Loan originated
1,455000.0,49,475000.0,98.0,1,Not Hispanic or Latino,Black or African American,Female,55-64,95.0,Loan originated
1,765000.0,45,975000.0,234.0,1,Not Hispanic or Latino,White,Female,25-34,79.0,Loan originated
1,545000.0,44,605000.0,170.0,1,Hispanic or Latino,White,Male,25-34,90.0,Application denied
1,305000.0,49,575000.0,73.0,1,Not Hispanic or Latino,Asian,Male,25-34,53.0,Loan originated
1,395000.0,47,1115000.0,129.0,1,Not Hispanic or Latino,Asian,Male,55-64,35.0,Loan originated
1,325000.0,49,645000.0,91.0,1,Not Hispanic or Latino,White,Female,65-74,50.75,Loan originated
1,585000.0,46,835000.0,139.0,1,Not Hispanic or Latino,Asian,Female,25-34,69.05,Loan originated
1,155000.0,41,515000.0,71.0,1,Not Hispanic or Latino,White,Male,45-54,29.126,Loan originated
1,405000.0,49,535000.0,100.0,1,Not Hispanic or Latino,Asian,Male,35-44,76.0,Loan originated
1,665000.0,47,705000.0,208.0,1,Not Hispanic or Latino,Asian,Female,35-44,95.0,Loan originated
1,335000.0,47,415000.0,83.0,1,Not Hispanic or Latino,White,Female,25-34,79.518,Loan originated
1,565000.0,45,705000.0,130.0,1,Not Hispanic or Latino,Asian,Male,25-34,80.0,Loan originated
1,1145000.0,42,1215000.0,300.0,1,Not Hispanic or Latino,Asian,Male,25-34,95.0,Loan originated
1,175000.0,20%-<30%,285000.0,73.0,1,Not Hispanic or Latino,Black or African American,Male,25-34,61.4,Loan originated
1,285000.0,20%-<30%,485000.0,120.0,1,Hispanic or Latino,White,Male,35-44,58.091,Loan originated
1,455000.0,48,565000.0,113.0,1,Not Hispanic or Latino,White,Female,35-44,80.0,Loan originated
1,385000.0,41,485000.0,91.0,1,Not Hispanic or Latino,White,Female,25-34,80.0,Loan originated
1,305000.0,20%-<30%,625000.0,172.0,1,Not Hispanic or Latino,White,Male,55-64,47.695,Loan originated
1,305000.0,43,315000.0,82.0,1,Hispanic or Latino,White,Male,55-64,95.0,Loan originated
1,75000.0,37,95000.0,64.0,1,Not Hispanic or Latino,White,Male,65-74,77.78,Loan originated
1,445000.0,50%-60%,555000.0,100.0,1,Not Hispanic or Latino,White,Female,45-54,80.0,Loan originated
1,755000.0,50%-60%,795000.0,132.0,1,Not Hispanic or Latino,Asian,Female,35-44,95.0,Application denied
1,605000.0,49,755000.0,121.0,1,Hispanic or Latino,White,Female,35-44,80.0,Loan originated
1,355000.0,41,825000.0,90.0,1,Not Hispanic or Latino,Asian,Male,35-44,42.271,Loan originated
1,405000.0,49,1085000.0,85.0,1,Hispanic or Latino,White,Male,45-54,36.959,Loan originated
1,275000.0,37,425000.0,67.0,1,Hispanic or Latino,White,Female,35-44,64.286,Loan originated
1,725000.0,<20%,905000.0,358.0,1,Not Hispanic or Latino,White,Male,45-54,80.0,Loan originated
1,675000.0,36,715000.0,223.0,1,Not Hispanic or Latino,Black or African American,Female,35-44,95.0,Loan originated
1,685000.0,38,865000.0,179.0,1,Not Hispanic or Latino,Asian,Male,45-54,80.0,Loan originated
1,445000.0,41,645000.0,122.0,1,Not Hispanic or Latino,White,Male,<25,68.75,Loan originated
1,925000.0,30%-<36%,1155000.0,486.0,1,Not Hispanic or Latino,Asian,Male,45-54,79.92,Loan originated
1,835000.0,43,1295000.0,291.0,1,Not Hispanic or Latino,Asian,Male,35-44,64.61,Loan originated
1,955000.0,37,1455000.0,346.0,1,Not Hispanic or Latino,White,Male,45-54,65.52,Loan originated
1,575000.0,30%-<36%,725000.0,214.0,1,Not Hispanic or Latino,Asian,Male,35-44,80.0,Loan originated
1,865000.0,20%-<30%,1075000.0,353.0,1,Not Hispanic or Latino,White,Female,35-44,80.0,Loan originated
1,505000.0,20%-<30%,635000.0,184.0,1,Not Hispanic or Latino,White,Female,25-34,80.0,Loan originated
1,565000.0,37,705000.0,153.0,1,Hispanic or Latino,White,Male,45-54,80.0,Loan originated
1,505000.0,20%-<30%,3825000.0,383.0,1,Not Hispanic or Latino,2 or more minority races,Male,35-44,13.072,Loan originated
1,345000.0,46,435000.0,124.0,1,Not Hispanic or Latino,Asian,Female,45-54,80.0,Loan originated
1,555000.0,47,1155000.0,141.0,1,Not Hispanic or Latino,White,Male,45-54,47.83,Loan originated
1,355000.0,30%-<36%,475000.0,117.0,1,Not Hispanic or Latino,White,Female,35-44,74.989,Application denied
1,485000.0,45,515000.0,150.0,1,Hispanic or Latino,White,Male,35-44,95.0,Loan originated
1,425000.0,49,955000.0,84.0,1,Not Hispanic or Latino,Asian,Male,45-54,44.211,Loan originated
1,515000.0,44,635000.0,123.0,1,Not Hispanic or Latino,White,Male,35-44,80.0,Loan originated
1,565000.0,44,1215000.0,184.0,1,Not Hispanic or Latino,Asian,Female,35-44,46.28,Loan originated
1,665000.0,46,765000.0,272.0,1,Not Hispanic or Latino,Asian,Male,35-44,87.0,Loan originated
1,105000.0,>60%,115000.0,36.0,1,Hispanic or Latino,American Indian or Alaska Native,Male,25-34,93.91,Application denied
1,745000.0,36,855000.0,320.0,1,Not Hispanic or Latino,White,Female,45-54,88.04,Loan originated
1,415000.0,50%-60%,455000.0,106.0,1,Not Hispanic or Latino,Black or African American,Male,45-54,92.5,Application denied
1,465000.0,20%-<30%,585000.0,209.0,1,Not Hispanic or Latino,White,Male,25-34,80.0,Loan originated
1,465000.0,48,555000.0,111.0,1,Not Hispanic or Latino,White,Male,25-34,85.0,Loan originated
1,275000.0,45,595000.0,92.0,1,Not Hispanic or Latino,Black or African American,Female,35-44,97.66,Loan originated
1,125000.0,30%-<36%,495000.0,96.0,1,Hispanic or Latino,White,Male,55-64,25.51,Loan originated
1,375000.0,49,395000.0,97.0,1,Hispanic or Latino,White,Male,35-44,95.0,Loan originated
1,495000.0,30%-<36%,615000.0,233.0,1,Not Hispanic or Latino,Asian,Male,25-34,80.0,Loan originated
1,485000.0,46,495000.0,109.0,1,Hispanic or Latino,White,Male,25-34,97.0,Loan originated
1,695000.0,44,735000.0,185.0,1,Not Hispanic or Latino,Asian,Female,35-44,95.0,Loan originated
1,575000.0,20%-<30%,725000.0,231.0,1,Not Hispanic or Latino,White,Female,45-54,80.0,Loan originated
1,415000.0,49,525000.0,76.0,1,Not Hispanic or Latino,Asian,Male,45-54,80.0,Loan originated
1,245000.0,48,375000.0,62.0,1,Hispanic or Latino,White,Female,45-54,65.684,Loan originated
1,555000.0,49,585000.0,103.0,1,Hispanic or Latino,White,Male,45-54,95.0,Loan originated
1,105000.0,38,125000.0,49.0,1,Not Hispanic or Latino,White,Female,65-74,80.0,Loan originated
1,705000.0,46,2205000.0,190.0,1,Not Hispanic or Latino,Asian,Female,25-34,31.818,Loan originated
1,755000.0,42,945000.0,273.0,1,Not Hispanic or Latino,Asian,Male,55-64,80.0,Application denied
1,545000.0,30%-<36%,685000.0,162.0,1,Not Hispanic or Latino,White,Male,35-44,80.0,Loan originated
1,445000.0,46,465000.0,108.0,1,Hispanic or Latino,White,Male,25-34,95.0,Loan originated
1,335000.0,48,355000.0,108.0,1,Not Hispanic or Latino,Black or African American,Female,45-54,102.91,Loan originated
1,315000.0,20%-<30%,665000.0,207.0,1,Not Hispanic or Latino,Asian,Male,<25,46.97,Loan originated
1,355000.0,39,705000.0,110.0,1,Not Hispanic or Latino,Asian,Male,<25,50.611,Loan originated
1,295000.0,50%-60%,375000.0,94.0,1,Not Hispanic or Latino,White,Female,65-74,78.4,Loan originated
1,465000.0,45,515000.0,110.0,1,Not Hispanic or Latino,White,Female,25-34,90.0,Loan originated
1,305000.0,42,505000.0,108.0,1,Not Hispanic or Latino,Asian,Female,55-64,60.0,Loan originated
1,375000.0,45,675000.0,315.0,1,Not Hispanic or Latino,Black or African American,Male,35-44,55.556,Loan originated
1,405000.0,43,485000.0,115.0,1,Not Hispanic or Latino,White,Female,25-34,78.93,Application denied
1,435000.0,30%-<36%,1085000.0,170.0,1,Hispanic or Latino,Asian,Female,55-64,39.815,Loan originated
1,765000.0,43,815000.0,164.0,1,Not Hispanic or Latino,Black or African American,Female,25-34,94.049,Loan originated
1,315000.0,42,395000.0,174.0,1,Hispanic or Latino,White,Female,35-44,80.55,Loan originated
1,335000.0,48,355000.0,92.0,1,Not Hispanic or Latino,White,Female,25-34,95.0,Loan originated
1,665000.0,44,705000.0,137.0,1,Hispanic or Latino,White,Male,55-64,95.0,Loan originated
1,535000.0,46,565000.0,115.0,1,Hispanic or Latino,White,Male,<25,95.0,Loan originated
1,685000.0,45,775000.0,213.0,1,Not Hispanic or Latino,Asian,Male,25-34,88.39,Loan originated
1,265000.0,>60%,335000.0,15.0,1,Hispanic or Latino,White,Male,55-64,78.0,Application denied
1,495000.0,20%-<30%,625000.0,192.0,1,Not Hispanic or Latino,White,Male,45-54,80.0,Loan originated
1,475000.0,43,525000.0,128.0,1,Not Hispanic or Latino,Asian,Female,25-34,90.0,Loan originated
1,395000.0,47,495000.0,88.0,1,Not Hispanic or Latino,White,Male,35-44,80.0,Loan originated
1,685000.0,47,855000.0,192.0,1,Not Hispanic or Latino,Asian,Male,35-44,80.0,Loan originated
1,435000.0,20%-<30%,495000.0,230.0,1,Not Hispanic or Latino,White,Female,55-64,88.0,Loan originated
1,275000.0,>60%,285000.0,81.0,1,Hispanic or Latino,White,Female,25-34,93.76,Application denied
1,825000.0,30%-<36%,1175000.0,335.0,1,Not Hispanic or Latino,Asian,Male,35-44,70.0,Loan originated
1,55000.0,50%-60%,135000.0,111.0,1,Not Hispanic or Latino,White,Female,65-74,42.66,Loan originated
1,265000.0,36,295000.0,82.0,1,Not Hispanic or Latino,White,Male,35-44,93.0,Loan originated
1,545000.0,43,995000.0,130.0,1,Not Hispanic or Latino,Asian,Male,25-34,54.54,Loan originated
1,625000.0,44,695000.0,130.0,1,Not Hispanic or Latino,Asian,Female,35-44,90.0,Loan originated
1,505000.0,46,675000.0,129.0,1,Not Hispanic or Latino,White,Female,25-34,75.0,Loan originated
1,545000.0,44,565000.0,177.0,1,Hispanic or Latino,White,Female,25-34,100.0,Loan originated
1,455000.0,44,575000.0,107.0,1,Not Hispanic or Latino,White,Male,25-34,80.0,Loan originated
1,465000.0,39,695000.0,151.0,1,Not Hispanic or Latino,White,Male,25-34,75.0,Loan originated
1,695000.0,46,735000.0,146.0,1,Not Hispanic or Latino,Asian,Male,25-34,95.0,Loan originated
1,635000.0,46,705000.0,160.0,1,Hispanic or Latino,White,Female,45-54,90.0,Loan originated
1,465000.0,49,525000.0,117.0,1,Not Hispanic or Latino,White,Male,25-34,90.0,Loan originated
1,1005000.0,30%-<36%,1255000.0,622.0,1,Hispanic or Latino,White,Female,65-74,80.0,Loan originated
1,375000.0,42,505000.0,99.0,1,Not Hispanic or Latino,Asian,Male,25-34,90.25,Loan originated
1,555000.0,46,1395000.0,62.0,1,Not Hispanic or Latino,White,Male,65-74,39.291,Loan originated
1,425000.0,47,495000.0,105.0,1,Not Hispanic or Latino,White,Male,45-54,85.0,Loan originated
1,285000.0,44,305000.0,60.0,1,Hispanic or Latino,White,Male,25-34,94.8,Loan originated
1,265000.0,20%-<30%,325000.0,140.0,1,Hispanic or Latino,White,Male,45-54,80.0,Application denied
1,235000.0,43,335000.0,126.0,1,Not Hispanic or Latino,White,Male,65-74,70.0,Loan originated
1,505000.0,20%-<30%,945000.0,205.0,1,Not Hispanic or Latino,White,Female,35-44,53.936,Loan originated
1,405000.0,46,515000.0,89.0,1,Not Hispanic or Latino,White,Male,25-34,80.0,Loan originated
1,655000.0,47,825000.0,144.0,1,Hispanic or Latino,White,Female,35-44,80.0,Loan originated
1,355000.0,38,655000.0,104.0,1,Hispanic or Latino,White,Male,45-54,53.846,Loan originated
1,455000.0,47,885000.0,194.0,1,Hispanic or Latino,White,Male,>74,51.137,Loan originated
1,425000.0,46,1275000.0,184.0,1,Hispanic or Latino,White,Male,65-74,33.333,Loan originated
1,745000.0,43,785000.0,206.0,1,Not Hispanic or Latino,Asian,Female,25-34,94.999,Loan originated
1,415000.0,30%-<36%,425000.0,400.0,1,Not Hispanic or Latino,White,Male,35-44,97.0,Loan originated
1,605000.0,47,1105000.0,132.0,1,Not Hispanic or Latino,Asian,Female,25-34,55.0,Loan originated
1,775000.0,47,1295000.0,208.0,1,Not Hispanic or Latino,White,Male,25-34,60.0,Loan originated
1,145000.0,30%-<36%,155000.0,48.0,1,Hispanic or Latino,White,Male,25-34,96.993,Loan originated
1,1405000.0,30%-<36%,2005000.0,425.0,1,Not Hispanic or Latino,White,Female,45-54,70.0,Loan originated
1,245000.0,30%-<36%,675000.0,157.0,1,Not Hispanic or Latino,White,Male,45-54,35.821,Loan originated
1,205000.0,20%-<30%,785000.0,115.0,1,Hispanic or Latino,White,Male,35-44,25.478,Loan originated
1,505000.0,48,565000.0,125.0,1,Not Hispanic or Latino,Asian,Female,25-34,89.51,Loan originated
1,605000.0,47,1505000.0,158.0,1,Hispanic or Latino,White,Male,55-64,40.0,Loan originated
1,1135000.0,48,1415000.0,263.0,1,Not Hispanic or Latino,Asian,Female,25-34,80.0,Loan originated
1,345000.0,47,505000.0,91.0,1,Not Hispanic or Latino,White,Female,55-64,69.0,Loan originated
1,615000.0,48,765000.0,264.0,1,Not Hispanic or Latino,Asian,Female,35-44,80.0,Loan originated
1,665000.0,39,695000.0,288.0,1,Not Hispanic or Latino,Black or African American,Female,35-44,95.0,Loan originated
1,365000.0,20%-<30%,525000.0,154.0,1,Not Hispanic or Latino,White,Male,35-44,70.0,Loan originated
1,565000.0,30%-<36%,595000.0,290.0,1,Not Hispanic or Latino,White,Male,35-44,95.0,Loan originated
1,1115000.0,49,1395000.0,312.0,1,Not Hispanic or Latino,Asian,Female,25-34,80.0,Loan originated
1,335000.0,49,455000.0,71.0,1,Hispanic or Latino,White,Male,25-34,75.0,Loan originated
1,595000.0,49,765000.0,130.0,1,Not Hispanic or Latino,White,Male,25-34,78.392,Loan originated
1,495000.0,49,625000.0,98.0,1,Hispanic or Latino,White,Female,35-44,79.194,Loan originated
1,885000.0,45,1105000.0,264.0,1,Not Hispanic or Latino,White,Female,35-44,80.0,Loan originated
1,455000.0,<20%,575000.0,425.0,1,Not Hispanic or Latino,Asian,Male,25-34,80.0,Loan originated
1,405000.0,20%-<30%,455000.0,165.0,1,Not Hispanic or Latino,White,Male,45-54,89.129,Loan originated
1,435000.0,49,795000.0,90.0,1,Not Hispanic or Latino,Asian,Female,25-34,54.717,Loan originated
1,285000.0,37,535000.0,93.0,1,Not Hispanic or Latino,Asian,Male,35-44,54.0,Loan originated
1,265000.0,20%-<30%,495000.0,123.0,1,Not Hispanic or Latino,White,Male,25-34,53.061,Loan originated
1,525000.0,44,1165000.0,126.0,1,Not Hispanic or Latino,White,Male,45-54,45.06,Loan originated
1,205000.0,38,215000.0,66.0,1,Hispanic or Latino,White,Male,25-34,95.0,Loan originated
1,765000.0,38,785000.0,217.0,1,Not Hispanic or Latino,White,Male,65-74,97.0,Loan originated
1,355000.0,49,495000.0,65.0,1,Not Hispanic or Latino,Asian,Female,<25,72.269,Loan originated
1,955000.0,38,1195000.0,292.0,1,Not Hispanic or Latino,White,Male,55-64,80.0,Loan originated
1,245000.0,30%-<36%,315000.0,86.0,1,Not Hispanic or Latino,White,Female,55-64,80.0,Loan originated
1,765000.0,41,925000.0,181.0,1,Not Hispanic or Latino,White,Female,65-74,82.811,Loan originated
1,405000.0,43,455000.0,91.0,1,Not Hispanic or Latino,White,Female,25-34,90.0,Loan originated
1,345000.0,49,435000.0,85.0,1,Not Hispanic or Latino,White,Male,35-44,80.0,Loan originated
1,525000.0,49,665000.0,124.0,1,Not Hispanic or Latino,White,Male,25-34,80.0,Loan originated
1,465000.0,50%-60%,515000.0,98.0,1,Not Hispanic or Latino,White,Male,55-64,95.0,Application denied
1,645000.0,36,715000.0,229.0,1,Not Hispanic or Latino,Native Hawaiian or Other Pacific Islander,Female,25-34,90.0,Loan originated
1,325000.0,20%-<30%,595000.0,200.0,1,Not Hispanic or Latino,White,Male,35-44,54.764,Loan originated
1,735000.0,30%-<36%,815000.0,230.0,1,Not Hispanic or Latino,White,Male,25-34,90.0,Loan originated
1,935000.0,30%-<36%,1205000.0,261.0,1,Not Hispanic or Latino,White,Male,25-34,77.917,Loan originated
1,425000.0,44,525000.0,108.0,1,Not Hispanic or Latino,Asian,Male,25-34,80.0,Loan originated
1,205000.0,30%-<36%,255000.0,399.0,1,Not Hispanic or Latino,White,Male,45-54,80.0,Loan originated
1,685000.0,47,965000.0,156.0,1,Not Hispanic or Latino,Asian,Male,45-54,71.46,Loan originated
1,1125000.0,45,1875000.0,255.0,1,Not Hispanic or Latino,White,Female,35-44,60.0,Loan originated
1,735000.0,49,815000.0,144.0,1,Hispanic or Latino,White,Male,55-64,90.0,Loan originated
1,965000.0,30%-<36%,1285000.0,290.0,1,Not Hispanic or Latino,Asian,Male,25-34,75.0,Loan originated
1,385000.0,49,515000.0,73.0,1,Not Hispanic or Latino,Asian,Male,45-54,75.0,Loan originated
1,805000.0,41,955000.0,798.0,1,Not Hispanic or Latino,White,Male,55-64,85.0,Loan originated
1,295000.0,49,355000.0,56.0,1,Not Hispanic or Latino,Black or African American,Male,25-34,85.0,Loan originated
1,1055000.0,46,1325000.0,254.0,1,Hispanic or Latino,White,Male,45-54,80.0,Loan originated
1,395000.0,30%-<36%,655000.0,143.0,1,Not Hispanic or Latino,Asian,Female,55-64,60.0,Loan originated
1,455000.0,41,1055000.0,148.0,1,Not Hispanic or Latino,White,Male,45-54,43.0,Loan originated
1,755000.0,20%-<30%,1115000.0,270.0,1,Not Hispanic or Latino,White,Female,35-44,67.38,Loan originated
1,145000.0,20%-<30%,925000.0,142.0,1,Not Hispanic or Latino,Asian,Male,25-34,15.14,Loan originated
1,675000.0,46,755000.0,217.0,1,Not Hispanic or Latino,White,Male,35-44,90.0,Loan originated
1,585000.0,48,755000.0,173.0,1,Not Hispanic or Latino,Asian,Male,45-54,77.0,Loan originated
1,505000.0,44,785000.0,106.0,1,Hispanic or Latino,2 or more minority races,Male,25-34,64.326,Loan originated
1,935000.0,42,1165000.0,289.0,1,Not Hispanic or Latino,Asian,Male,35-44,80.0,Loan originated
1,565000.0,49,575000.0,119.0,1,Hispanic or Latino,Native Hawaiian or Other Pacific Islander,Male,55-64,97.0,Loan originated
1,365000.0,49,455000.0,81.0,1,Hispanic or Latino,White,Female,25-34,80.0,Loan originated
1,305000.0,49,505000.0,66.0,1,Not Hispanic or Latino,Asian,Female,>74,60.0,Loan originated
1,525000.0,20%-<30%,705000.0,213.0,1,Not Hispanic or Latino,White,Female,45-54,75.0,Loan originated
1,705000.0,37,1105000.0,195.0,1,Not Hispanic or Latino,Asian,Male,25-34,63.829,Loan originated
1,595000.0,42,745000.0,224.0,1,Not Hispanic or Latino,White,Male,35-44,80.0,Loan originated
1,795000.0,41,995000.0,225.0,1,Not Hispanic or Latino,White,Female,25-34,80.0,Loan originated
1,75000.0,36,105000.0,98.0,1,Not Hispanic or Latino,White,Female,>74,75.0,Application denied
1,575000.0,49,645000.0,141.0,1,Not Hispanic or Latino,White,Female,25-34,90.0,Loan originated
1,205000.0,37,545000.0,118.0,1,Not Hispanic or Latino,White,Female,>74,37.0,Loan originated
1,195000.0,49,195000.0,54.0,1,Hispanic or Latino,White,Male,45-54,97.0,Loan originated
1,915000.0,48,1145000.0,179.0,1,Not Hispanic or Latino,Asian,Male,25-34,80.0,Loan originated
1,425000.0,39,525000.0,168.0,1,Not Hispanic or Latino,Asian,Female,35-44,80.0,Loan originated
1,375000.0,38,475000.0,111.0,1,Not Hispanic or Latino,White,Female,45-54,80.0,Loan originated
1,765000.0,49,1185000.0,263.0,1,Not Hispanic or Latino,White,Male,45-54,64.64,Loan originated
1,525000.0,38,705000.0,194.0,1,Hispanic or Latino,White,Female,35-44,75.0,Loan originated
1,515000.0,50%-60%,745000.0,118.0,1,Not Hispanic or Latino,White,Female,<25,70.0,Application denied
1,455000.0,40,675000.0,133.0,1,Not Hispanic or Latino,Asian,Male,55-64,67.37,Loan originated
1,525000.0,36,885000.0,179.0,1,Not Hispanic or Latino,White,Female,55-64,60.0,Loan originated
1,595000.0,44,615000.0,143.0,1,Hispanic or Latino,White,Male,25-34,97.0,Loan originated
1,855000.0,41,1325000.0,213.0,1,Hispanic or Latino,White,Male,45-54,64.15,Loan originated
1,205000.0,20%-<30%,245000.0,91.0,1,Not Hispanic or Latino,Black or African American,Female,65-74,83.333,Loan originated
1,885000.0,49,1905000.0,341.0,1,Not Hispanic or Latino,Asian,Male,25-34,46.32,Loan originated
1,385000.0,43,585000.0,190.0,1,Hispanic or Latino,White,Male,35-44,65.606,Loan originated
1,415000.0,48,525000.0,87.0,1,Not Hispanic or Latino,White,Male,35-44,78.0,Loan originated
1,535000.0,30%-<36%,565000.0,212.0,1,Not Hispanic or Latino,Asian,Female,35-44,94.154,Loan originated
1,465000.0,<20%,625000.0,903.0,1,Hispanic or Latino,White,Male,35-44,75.0,Application denied
1,595000.0,46,635000.0,201.0,1,Not Hispanic or Latino,White,Male,35-44,95.0,Loan originated
1,585000.0,45,615000.0,143.0,1,Not Hispanic or Latino,White,Male,25-34,95.0,Loan originated
1,465000.0,47,475000.0,116.0,1,Hispanic or Latino,White,Male,45-54,96.425,Loan originated
1,795000.0,46,1005000.0,170.0,1,Not Hispanic or Latino,Asian,Male,25-34,79.0,Loan originated
1,405000.0,47,505000.0,90.0,1,Not Hispanic or Latino,Asian,Female,35-44,80.0,Loan originated
1,485000.0,<20%,1275000.0,331.0,1,Not Hispanic or Latino,Asian,Female,45-54,37.648,Loan originated
1,275000.0,37,355000.0,76.0,1,Not Hispanic or Latino,White,Female,>74,79.714,Application denied
1,465000.0,39,585000.0,159.0,1,Hispanic or Latino,White,Male,25-34,80.0,Loan originated
1,765000.0,47,955000.0,192.0,1,Not Hispanic or Latino,Asian,Male,25-34,80.0,Loan originated
1,605000.0,45,765000.0,145.0,1,Not Hispanic or Latino,White,Male,25-34,80.0,Loan originated
1,425000.0,44,445000.0,125.0,1,Not Hispanic or Latino,Asian,Male,65-74,95.0,Loan originated
1,945000.0,41,1175000.0,282.0,1,Not Hispanic or Latino,White,Female,65-74,80.0,Loan originated
1,925000.0,41,1155000.0,235.0,1,Not Hispanic or Latino,White,Male,35-44,80.0,Loan originated
1,565000.0,47,635000.0,137.0,1,Hispanic or Latino,White,Male,25-34,90.0,Loan originated
1,585000.0,43,725000.0,177.0,1,Not Hispanic or Latino,White,Male,25-34,80.0,Loan originated
1,775000.0,38,2085000.0,251.0,1,Not Hispanic or Latino,White,Female,35-44,36.877,Loan originated
1,645000.0,49,925000.0,150.0,1,Not Hispanic or Latino,White,Male,55-64,70.0,Loan originated
1,495000.0,46,525000.0,107.0,1,Not Hispanic or Latino,Black or African American,Male,<25,100.769,Loan originated
1,605000.0,49,2155000.0,154.0,1,Not Hispanic or Latino,White,Male,35-44,27.787,Loan originated
1,765000.0,20%-<30%,855000.0,300.0,1,Not Hispanic or Latino,White,Female,25-34,89.99,Loan originated
1,505000.0,48,655000.0,105.0,1,Not Hispanic or Latino,Asian,Female,25-34,76.923,Loan originated
1,335000.0,42,355000.0,78.0,1,Hispanic or Latino,White,Female,55-64,95.0,Loan originated
1,195000.0,41,355000.0,78.0,1,Not Hispanic or Latino,White,Male,35-44,55.432,Loan originated
1,355000.0,30%-<36%,745000.0,131.0,1,Not Hispanic or Latino,White,Male,65-74,46.859,Loan originated
1,685000.0,41,865000.0,156.0,1,Not Hispanic or Latino,White,Male,45-54,80.0,Loan originated
1,775000.0,46,1125000.0,209.0,1,Not Hispanic or Latino,White,Male,35-44,68.889,Loan originated
1,305000.0,48,865000.0,75.0,1,Not Hispanic or Latino,Asian,Female,55-64,34.639,Loan originated
1,365000.0,49,455000.0,73.0,1,Not Hispanic or Latino,Asian,Male,25-34,80.0,Loan originated
1,225000.0,40,385000.0,63.0,1,Not Hispanic or Latino,Asian,Female,45-54,58.193,Loan originated
1,1025000.0,42,1825000.0,245.0,1,Not Hispanic or Latino,Asian,Male,35-44,56.092,Loan originated
1,545000.0,49,725000.0,112.0,1,Not Hispanic or Latino,White,Female,65-74,75.0,Loan originated
1,135000.0,50%-60%,155000.0,83.0,1,Not Hispanic or Latino,Asian,Male,55-64,85.0,Loan originated
1,955000.0,30%-<36%,1285000.0,463.0,1,Not Hispanic or Latino,White,Male,45-54,74.219,Loan originated
1,325000.0,44,365000.0,89.0,1,Not Hispanic or Latino,White,Male,25-34,87.67,Loan originated
1,495000.0,45,625000.0,112.0,1,Hispanic or Latino,White,Male,45-54,80.0,Loan originated
1,625000.0,45,645000.0,180.0,1,Not Hispanic or Latino,Asian,Female,45-54,97.0,Application denied
1,385000.0,46,1135000.0,134.0,1,Not Hispanic or Latino,White,Female,45-54,33.544,Application denied
1,815000.0,37,905000.0,292.0,1,Not Hispanic or Latino,White,Male,25-34,90.0,Loan originated
1,875000.0,39,1745000.0,247.0,1,Not Hispanic or Latino,White,Male,55-64,50.0,Loan originated
1,645000.0,46,845000.0,174.0,1,Not Hispanic or Latino,Asian,Male,35-44,95.0,Loan originated
1,445000.0,41,555000.0,104.0,1,Not Hispanic or Latino,White,Male,45-54,80.0,Loan originated
1,515000.0,44,635000.0,228.0,1,Not Hispanic or Latino,Black or African American,Female,65-74,79.689,Loan originated
1,485000.0,30%-<36%,615000.0,157.0,1,Not Hispanic or Latino,White,Male,25-34,80.0,Loan originated
1,885000.0,44,1105000.0,198.0,1,Not Hispanic or Latino,White,Male,25-34,80.0,Loan originated
1,615000.0,46,775000.0,133.0,1,Hispanic or Latino,White,Male,35-44,80.0,Loan originated
1,315000.0,49,505000.0,65.0,1,Not Hispanic or Latino,White,Female,45-54,62.4,Loan originated
1,885000.0,42,1105000.0,299.0,1,Not Hispanic or Latino,Asian,Male,45-54,80.0,Loan originated
1,115000.0,20%-<30%,125000.0,287.0,1,Not Hispanic or Latino,White,Male,55-64,91.69,Loan originated
1,675000.0,45,715000.0,173.0,1,Not Hispanic or Latino,Black or African American,Male,35-44,95.0,Loan originated
1,705000.0,49,695000.0,122.0,1,Hispanic or Latino,White,Male,45-54,101.75,Loan originated
1,535000.0,49,635000.0,131.0,1,Hispanic or Latino,White,Male,35-44,85.0,Loan originated
1,485000.0,30%-<36%,655000.0,207.0,1,Not Hispanic or Latino,White,Male,55-64,75.0,Application denied
1,905000.0,20%-<30%,1555000.0,449.0,1,Not Hispanic or Latino,White,Male,45-54,58.065,Loan originated
1,1055000.0,30%-<36%,1655000.0,388.0,1,Not Hispanic or Latino,White,Male,55-64,63.444,Loan originated
1,275000.0,41,365000.0,114.0,1,Not Hispanic or Latino,White,Female,65-74,75.0,Loan originated
1,405000.0,<20%,755000.0,1246.0,1,Not Hispanic or Latino,White,Female,25-34,53.33,Loan originated
1,485000.0,37,615000.0,313.0,1,Hispanic or Latino,White,Male,45-54,80.0,Loan originated
1,455000.0,30%-<36%,565000.0,128.0,1,Hispanic or Latino,American Indian or Alaska Native,Male,25-34,80.0,Loan originated
1,975000.0,49,1305000.0,200.0,1,Not Hispanic or Latino,Asian,Male,35-44,75.0,Loan originated
1,245000.0,30%-<36%,1175000.0,150.0,1,Not Hispanic or Latino,Asian,Female,25-34,21.12,Loan originated
1,465000.0,20%-<30%,625000.0,1138.0,1,Not Hispanic or Latino,Asian,Male,<25,75.0,Loan originated
1,525000.0,40,585000.0,130.0,1,Hispanic or Latino,White,Male,45-54,90.0,Loan originated
1,575000.0,49,845000.0,120.0,1,Not Hispanic or Latino,White,Female,25-34,68.0,Loan originated
1,425000.0,49,795000.0,86.0,1,Hispanic or Latino,White,Male,45-54,53.0,Loan originated
1,455000.0,49,475000.0,93.0,1,Not Hispanic or Latino,White,Female,25-34,95.0,Loan originated
1,435000.0,20%-<30%,465000.0,159.0,1,Not Hispanic or Latino,Black or African American,Female,25-34,95.0,Loan originated
1,665000.0,44,1175000.0,290.0,1,Not Hispanic or Latino,White,Female,35-44,56.29,Loan originated
1,945000.0,30%-<36%,1945000.0,315.0,1,Not Hispanic or Latino,White,Female,55-64,48.507,Loan originated
1,605000.0,38,1115000.0,218.0,1,Not Hispanic or Latino,Asian,Female,25-34,53.96,Loan originated
1,675000.0,40,745000.0,170.0,1,Not Hispanic or Latino,Asian,Male,55-64,90.0,Loan originated
1,455000.0,40,475000.0,115.0,1,Not Hispanic or Latino,White,Female,25-34,95.0,Loan originated
1,405000.0,20%-<30%,425000.0,182.0,1,Not Hispanic or Latino,White,Female,35-44,95.0,Loan originated
1,195000.0,20%-<30%,295000.0,100.0,1,Not Hispanic or Latino,White,Female,55-64,66.0,Application denied
1,695000.0,36,875000.0,201.0,1,Not Hispanic or Latino,Asian,Male,25-34,80.0,Loan originated
1,835000.0,43,1045000.0,219.0,1,Not Hispanic or Latino,White,Male,<25,80.0,Application denied
1,1085000.0,49,1145000.0,250.0,1,Not Hispanic or Latino,Asian,Female,25-34,95.0,Loan originated
1,245000.0,38,445000.0,70.0,1,Hispanic or Latino,Asian,Female,55-64,54.955,Loan originated
1,295000.0,30%-<36%,365000.0,123.0,1,Not Hispanic or Latino,White,Male,35-44,80.0,Loan originated
1,995000.0,45,1105000.0,200.0,1,Not Hispanic or Latino,Asian,Female,45-54,90.0,Loan originated
1,975000.0,20%-<30%,1155000.0,360.0,1,Not Hispanic or Latino,White,Male,45-54,85.0,Loan originated
1,755000.0,47,1265000.0,354.0,1,Not Hispanic or Latino,Asian,Male,35-44,59.289,Loan originated
1,835000.0,49,875000.0,177.0,1,Not Hispanic or Latino,White,Female,35-44,95.0,Loan originated
1,655000.0,44,685000.0,232.0,1,Not Hispanic or Latino,Black or African American,Female,45-54,94.999,Loan originated
1,795000.0,47,1095000.0,175.0,1,Not Hispanic or Latino,Asian,Male,25-34,73.0,Loan originated
1,675000.0,49,845000.0,274.0,1,Not Hispanic or Latino,White,Male,55-64,80.0,Loan originated
1,355000.0,20%-<30%,685000.0,155.0,1,Not Hispanic or Latino,Asian,Male,35-44,53.0,Loan originated
1,275000.0,30%-<36%,695000.0,155.0,1,Not Hispanic or Latino,White,Female,35-44,40.14,Loan originated
1,575000.0,44,605000.0,122.0,1,Not Hispanic or Latino,White,Female,65-74,95.0,Loan originated
1,605000.0,30%-<36%,685000.0,181.0,1,Not Hispanic or Latino,Asian,Female,25-34,88.0,Loan originated
1,485000.0,30%-<36%,885000.0,158.0,1,Not Hispanic or Latino,White,Male,45-54,55.0,Loan originated
1,565000.0,30%-<36%,705000.0,175.0,1,Hispanic or Latino,American Indian or Alaska Native,Female,35-44,80.0,Loan originated
1,235000.0,42,295000.0,66.0,1,Hispanic or Latino,White,Male,25-34,80.0,Loan originated
1,445000.0,46,595000.0,94.0,1,Not Hispanic or Latino,Asian,Female,55-64,95.0,Loan originated
1,765000.0,37,1165000.0,265.0,1,Not Hispanic or Latino,White,Male,35-44,65.536,Loan originated
1,465000.0,30%-<36%,525000.0,302.0,1,Not Hispanic or Latino,White,Female,25-34,90.0,Loan originated
1,765000.0,46,845000.0,249.0,1,Not Hispanic or Latino,Black or African American,Female,45-54,89.588,Loan originated
1,555000.0,49,695000.0,105.0,1,Not Hispanic or Latino,White,Male,45-54,80.0,Application denied
1,345000.0,44,435000.0,81.0,1,Hispanic or Latino,White,Female,45-54,93.0,Loan originated
1,615000.0,49,635000.0,161.0,1,Not Hispanic or Latino,White,Female,55-64,97.0,Loan originated
1,265000.0,20%-<30%,465000.0,157.0,1,Not Hispanic or Latino,Black or African American,Female,55-64,56.9,Loan originated
1,535000.0,42,555000.0,155.0,1,Not Hispanic or Latino,Asian,Male,25-34,100.0,Loan originated
1,715000.0,<20%,915000.0,378.0,1,Not Hispanic or Latino,Asian,Male,35-44,78.072,Loan originated
1,475000.0,47,775000.0,124.0,1,Hispanic or Latino,White,Female,35-44,61.29,Loan originated
1,515000.0,49,645000.0,124.0,1,Hispanic or Latino,White,Female,25-34,80.0,Loan originated
1,405000.0,48,455000.0,86.0,1,Not Hispanic or Latino,American Indian or Alaska Native,Male,45-54,90.0,Loan originated
1,655000.0,20%-<30%,875000.0,320.0,1,Hispanic or Latino,White,Female,55-64,75.0,Loan originated
1,855000.0,39,1215000.0,247.0,1,Not Hispanic or Latino,Asian,Male,45-54,70.24,Loan originated
1,655000.0,49,685000.0,269.0,1,Not Hispanic or Latino,White,Male,35-44,95.0,Loan originated
1,555000.0,46,695000.0,150.0,1,Not Hispanic or Latino,White,Male,25-34,80.0,Loan originated
1,685000.0,49,685000.0,147.0,1,Not Hispanic or Latino,Black or African American,Male,35-44,100.0,Loan originated
1,575000.0,<20%,765000.0,487.0,1,Not Hispanic or Latino,White,Male,45-54,75.0,Loan originated
1,365000.0,43,375000.0,82.0,1,Hispanic or Latino,White,Male,35-44,97.0,Loan originated
1,475000.0,<20%,785000.0,710.0,1,Not Hispanic or Latino,Asian,Female,35-44,60.0,Loan originated
1,1005000.0,44,1825000.0,285.0,1,Not Hispanic or Latino,White,Female,55-64,54.79,Application denied
1,175000.0,44,345000.0,56.0,1,Hispanic or Latino,White,Female,35-44,49.93,Loan originated
1,945000.0,37,1155000.0,241.0,1,Not Hispanic or Latino,White,Male,25-34,95.0,Loan originated
1,675000.0,49,835000.0,174.0,1,Hispanic or Latino,White,Male,<25,80.0,Loan originated
1,345000.0,47,385000.0,107.0,1,Hispanic or Latino,White,Female,25-34,89.474,Loan originated
1,695000.0,20%-<30%,875000.0,282.0,1,Not Hispanic or Latino,White,Female,25-34,80.0,Loan originated
1,155000.0,39,305000.0,50.0,1,Not Hispanic or Latino,White,Male,25-34,50.82,Loan originated
1,305000.0,20%-<30%,605000.0,139.0,1,Not Hispanic or Latino,White,Female,25-34,50.413,Loan originated
1,345000.0,20%-<30%,355000.0,122.0,1,Not Hispanic or Latino,White,Female,<25,97.0,Loan originated
1,425000.0,20%-<30%,525000.0,191.0,1,Not Hispanic or Latino,White,Female,25-34,80.0,Loan originated
1,255000.0,42,295000.0,168.0,1,Not Hispanic or Latino,White,Female,65-74,83.91,Loan originated
1,345000.0,44,435000.0,82.0,1,Hispanic or Latino,White,Male,55-64,80.0,Loan originated
1,435000.0,45,735000.0,338.0,1,Not Hispanic or Latino,White,Male,55-64,60.0,Loan originated
1,295000.0,49,375000.0,100.0,1,Hispanic or Latino,White,Male,35-44,80.0,Loan originated
1,1005000.0,>60%,1345000.0,722.0,1,Not Hispanic or Latino,White,Male,45-54,75.0,Application denied
1,1135000.0,30%-<36%,1425000.0,324.0,1,Not Hispanic or Latino,Asian,Male,45-54,80.0,Loan originated
1,1145000.0,45,1355000.0,282.0,1,Not Hispanic or Latino,White,Female,65-74,85.0,Loan originated
1,595000.0,38,705000.0,222.0,1,Not Hispanic or Latino,White,Female,35-44,85.0,Loan originated
1,555000.0,37,695000.0,185.0,1,Not Hispanic or Latino,Asian,Male,45-54,80.0,Loan originated
1,395000.0,47,525000.0,258.0,1,Not Hispanic or Latino,Asian,Male,35-44,75.0,Loan originated
1,425000.0,37,575000.0,123.0,1,Hispanic or Latino,White,Female,25-34,75.0,Loan originated
1,425000.0,42,435000.0,141.0,1,Hispanic or Latino,White,Male,45-54,100.0,Loan originated
1,675000.0,38,905000.0,172.0,1,Not Hispanic or Latino,Asian,Female,25-34,75.0,Loan originated
1,455000.0,48,505000.0,98.0,1,Not Hispanic or Latino,Asian,Male,25-34,90.0,Loan originated
1,355000.0,38,755000.0,127.0,1,Not Hispanic or Latino,Asian,Female,35-44,46.67,Loan originated
1,525000.0,39,585000.0,139.0,1,Hispanic or Latino,White,Female,35-44,90.0,Loan originated
1,535000.0,42,565000.0,135.0,1,Not Hispanic or Latino,White,Female,55-64,95.0,Loan originated
1,525000.0,43,1005000.0,129.0,1,Not Hispanic or Latino,White,Male,45-54,52.0,Loan originated
1,905000.0,<20%,1135000.0,1166.0,1,Hispanic or Latino,Asian,Male,25-34,80.0,Loan originated
1,235000.0,41,605000.0,68.0,1,Not Hispanic or Latino,White,Female,45-54,38.322,Loan originated
1,385000.0,50%-60%,405000.0,68.0,1,Hispanic or Latino,White,Male,35-44,97.0,Loan originated
1,525000.0,38,745000.0,201.0,1,Not Hispanic or Latino,Asian,Female,35-44,75.0,Loan originated
1,505000.0,42,1895000.0,290.0,1,Not Hispanic or Latino,White,Female,55-64,41.69,Loan originated
1,305000.0,47,315000.0,94.0,1,Hispanic or Latino,White,Male,65-74,95.0,Loan originated
1,1025000.0,39,1205000.0,271.0,1,Not Hispanic or Latino,Asian,Male,35-44,85.0,Loan originated
1,375000.0,42,955000.0,108.0,1,Hispanic or Latino,White,Male,65-74,38.97,Loan originated
1,785000.0,30%-<36%,1285000.0,315.0,1,Not Hispanic or Latino,Asian,Male,35-44,60.938,Loan originated
1,605000.0,39,755000.0,145.0,1,Not Hispanic or Latino,Asian,Male,65-74,80.0,Loan originated
1,1125000.0,42,2205000.0,282.0,1,Not Hispanic or Latino,Asian,Male,45-54,50.91,Loan originated
1,495000.0,41,615000.0,128.0,1,Not Hispanic or Latino,Asian,Female,35-44,80.0,Loan originated
1,545000.0,36,635000.0,135.0,1,Not Hispanic or Latino,White,Male,25-34,85.0,Loan originated
1,715000.0,42,755000.0,235.0,1,Not Hispanic or Latino,White,Female,45-54,95.0,Loan originated
1,1015000.0,>60%,1125000.0,189.0,1,Hispanic or Latino,White,Female,25-34,90.0,Application denied
1,625000.0,46,835000.0,309.0,1,Not Hispanic or Latino,White,Female,25-34,75.0,Loan originated
1,805000.0,37,1205000.0,255.0,1,Not Hispanic or Latino,Asian,Male,35-44,66.67,Loan originated
1,565000.0,20%-<30%,705000.0,250.0,1,Not Hispanic or Latino,White,Female,25-34,80.0,Loan originated
1,505000.0,<20%,2605000.0,1158.0,1,Hispanic or Latino,White,Male,55-64,20.0,Loan originated
1,725000.0,30%-<36%,1155000.0,231.0,1,Not Hispanic or Latino,Asian,Female,35-44,63.157,Loan originated
1,715000.0,36,795000.0,240.0,1,Not Hispanic or Latino,Asian,Male,35-44,89.99,Loan originated
1,625000.0,42,785000.0,227.0,1,Not Hispanic or Latino,White,Female,45-54,80.0,Loan originated
1,305000.0,48,505000.0,78.0,1,Not Hispanic or Latino,White,Female,25-34,60.0,Loan originated
1,445000.0,47,885000.0,118.0,1,Not Hispanic or Latino,Asian,Male,45-54,50.0,Loan originated
1,385000.0,47,435000.0,80.0,1,Hispanic or Latino,American Indian or Alaska Native,Female,45-54,89.99,Loan originated
1,875000.0,49,1465000.0,237.0,1,Not Hispanic or Latino,White,Female,25-34,60.274,Loan originated
1,655000.0,40,1135000.0,193.0,1,Not Hispanic or Latino,Asian,Female,35-44,57.269,Loan originated
1,1305000.0,30%-<36%,1635000.0,348.0,1,Not Hispanic or Latino,White,Male,25-34,80.0,Loan originated
1,645000.0,48,805000.0,148.0,1,Hispanic or Latino,White,Male,25-34,83.0,Loan originated
1,655000.0,45,775000.0,165.0,1,Not Hispanic or Latino,Asian,Female,35-44,85.0,Loan originated
1,535000.0,49,555000.0,118.0,1,Not Hispanic or Latino,Black or African American,Female,25-34,97.0,Loan originated
1,575000.0,41,595000.0,142.0,1,Not Hispanic or Latino,Asian,Female,35-44,97.0,Loan originated
1,205000.0,20%-<30%,275000.0,94.0,1,Not Hispanic or Latino,Asian,Female,25-34,75.0,Loan originated
1,645000.0,48,805000.0,174.0,1,Not Hispanic or Latino,Asian,Female,45-54,79.99,Loan originated
1,335000.0,37,355000.0,85.0,1,Hispanic or Latino,White,Male,35-44,95.0,Loan originated
1,385000.0,48,405000.0,95.0,1,Hispanic or Latino,White,Female,35-44,95.0,Loan originated
1,365000.0,36,405000.0,108.0,1,Not Hispanic or Latino,White,Male,25-34,90.0,Loan originated
1,105000.0,36,415000.0,77.0,1,Not Hispanic or Latino,White,Male,65-74,24.094,Loan originated
1,255000.0,48,705000.0,89.0,1,Not Hispanic or Latino,White,Female,55-64,35.714,Loan originated
1,945000.0,44,1185000.0,188.0,1,Not Hispanic or Latino,Asian,Male,35-44,80.0,Loan originated
1,405000.0,50%-60%,515000.0,110.0,1,Not Hispanic or Latino,White,Male,45-54,80.0,Loan originated
1,335000.0,49,565000.0,113.0,1,Not Hispanic or Latino,Asian,Male,45-54,58.93,Loan originated
1,1025000.0,41,1285000.0,241.0,1,Not Hispanic or Latino,White,Male,55-64,80.0,Loan originated
1,1425000.0,50%-60%,1905000.0,269.0,1,Hispanic or Latino,White,Male,25-34,75.0,Loan originated
1,675000.0,40,1105000.0,375.0,1,Not Hispanic or Latino,White,Female,55-64,61.35,Loan originated
1,645000.0,49,685000.0,141.0,1,Not Hispanic or Latino,White,Female,45-54,95.0,Loan originated
1,305000.0,50%-60%,905000.0,100.0,1,Hispanic or Latino,Asian,Male,55-64,33.333,Application denied
1,655000.0,30%-<36%,825000.0,258.0,1,Hispanic or Latino,White,Male,45-54,80.0,Loan originated
1,465000.0,49,585000.0,103.0,1,Not Hispanic or Latino,White,Female,25-34,80.0,Loan originated
1,725000.0,50%-60%,755000.0,144.0,1,Not Hispanic or Latino,Asian,Male,35-44,95.0,Application denied
1,1285000.0,48,1445000.0,308.0,1,Not Hispanic or Latino,White,Male,35-44,89.0,Loan originated
1,375000.0,45,595000.0,106.0,1,Not Hispanic or Latino,White,Female,>74,62.193,Loan originated
1,455000.0,39,675000.0,124.0,1,Not Hispanic or Latino,White,Male,35-44,67.407,Loan originated
1,705000.0,49,835000.0,145.0,1,Not Hispanic or Latino,Black or African American,Male,45-54,84.91,Loan originated
1,665000.0,37,705000.0,192.0,1,Not Hispanic or Latino,White,Male,25-34,95.0,Loan originated
1,445000.0,<20%,555000.0,1281.0,1,Hispanic or Latino,White,Male,25-34,80.0,Loan originated
1,1145000.0,38,1345000.0,389.0,1,Not Hispanic or Latino,White,Male,45-54,85.0,Loan originated
1,515000.0,38,645000.0,136.0,1,Not Hispanic or Latino,White,Female,45-54,80.0,Loan originated
1,645000.0,43,755000.0,144.0,1,Not Hispanic or Latino,White,Male,25-34,85.0,Loan originated
1,775000.0,42,975000.0,196.0,1,Not Hispanic or Latino,Asian,Male,25-34,80.0,Loan originated
1,435000.0,48,855000.0,175.0,1,Not Hispanic or Latino,Asian,Male,55-64,50.955,Loan originated
1,645000.0,41,725000.0,175.0,1,Hispanic or Latino,White,Male,65-74,90.0,Loan originated
1,635000.0,41,795000.0,161.0,1,Not Hispanic or Latino,White,Male,55-64,80.0,Loan originated
1,765000.0,<20%,1105000.0,1354.0,1,Not Hispanic or Latino,Asian,Male,35-44,69.687,Loan originated
1,245000.0,49,245000.0,56.0,1,Not Hispanic or Latino,Black or African American,Female,65-74,97.0,Loan originated
1,385000.0,<20%,1335000.0,380.0,1,Not Hispanic or Latino,Asian,Female,35-44,28.69,Loan originated
1,445000.0,47,465000.0,94.0,1,Hispanic or Latino,White,Female,25-34,97.0,Loan originated
1,475000.0,48,535000.0,112.0,1,Not Hispanic or Latino,Asian,Female,25-34,89.623,Loan originated
1,655000.0,48,875000.0,207.0,1,Not Hispanic or Latino,Asian,Female,>74,75.0,Loan originated
1,395000.0,<20%,565000.0,765.0,1,Not Hispanic or Latino,Asian,Male,25-34,70.0,Loan originated
1,445000.0,37,645000.0,116.0,1,Not Hispanic or Latino,Asian,Male,45-54,70.0,Loan originated
1,635000.0,47,795000.0,173.0,1,Not Hispanic or Latino,Asian,Male,55-64,80.0,Loan originated
1,505000.0,48,515000.0,140.0,1,Hispanic or Latino,White,Male,25-34,97.0,Loan originated
1,975000.0,46,1035000.0,265.0,1,Not Hispanic or Latino,White,Female,35-44,95.0,Loan originated
1,665000.0,46,825000.0,171.0,1,Not Hispanic or Latino,Asian,Male,45-54,80.0,Application denied
1,805000.0,30%-<36%,1155000.0,308.0,1,Not Hispanic or Latino,White,Male,65-74,70.0,Loan originated
1,615000.0,44,645000.0,168.0,1,Hispanic or Latino,White,Female,45-54,95.0,Loan originated
1,615000.0,47,725000.0,129.0,1,Not Hispanic or Latino,Asian,Male,<25,85.0,Loan originated
1,545000.0,45,605000.0,106.0,1,Hispanic or Latino,White,Male,<25,90.0,Loan originated
1,15000.0,47,555000.0,160.0,1,Not Hispanic or Latino,Black or African American,Female,35-44,101.689,Loan originated
1,885000.0,47,955000.0,223.0,1,Not Hispanic or Latino,White,Male,35-44,93.0,Loan originated
1,315000.0,48,325000.0,66.0,1,Not Hispanic or Latino,Asian,Male,35-44,97.0,Loan originated
1,295000.0,36,305000.0,92.0,1,Not Hispanic or Latino,White,Male,25-34,100.0,Loan originated
1,385000.0,49,495000.0,89.0,1,Not Hispanic or Latino,White,Female,65-74,77.867,Loan originated
1,535000.0,48,675000.0,238.0,1,Not Hispanic or Latino,Asian,Female,65-74,80.0,Loan originated
1,745000.0,50%-60%,835000.0,140.0,1,Not Hispanic or Latino,White,Female,25-34,90.0,Loan originated
1,625000.0,30%-<36%,1655000.0,215.0,1,Not Hispanic or Latino,White,Male,35-44,37.76,Loan originated
1,475000.0,43,1025000.0,122.0,1,Not Hispanic or Latino,Asian,Female,45-54,46.74,Loan originated
1,665000.0,48,1175000.0,146.0,1,Not Hispanic or Latino,White,Male,55-64,56.17,Loan originated
1,515000.0,48,575000.0,175.0,1,Not Hispanic or Latino,Native Hawaiian or Other Pacific Islander,Female,45-54,90.0,Loan originated
1,505000.0,48,625000.0,104.0,1,Not Hispanic or Latino,Asian,Male,35-44,80.0,Loan originated
1,375000.0,30%-<36%,395000.0,126.0,1,Not Hispanic or Latino,White,Male,55-64,97.0,Loan originated
1,355000.0,37,1375000.0,612.0,1,Not Hispanic or Latino,White,Male,55-64,80.0,Loan originated
1,505000.0,49,565000.0,100.0,1,Hispanic or Latino,White,Female,25-34,90.0,Loan originated
1,545000.0,45,605000.0,123.0,1,Not Hispanic or Latino,Asian,Male,55-64,90.0,Loan originated
1,925000.0,42,1235000.0,259.0,1,Not Hispanic or Latino,White,Male,25-34,76.667,Loan originated
1,315000.0,30%-<36%,395000.0,99.0,1,Not Hispanic or Latino,Asian,Male,45-54,80.0,Loan originated
1,765000.0,46,815000.0,218.0,1,Not Hispanic or Latino,Black or African American,Male,25-34,99.522,Loan originated
1,425000.0,20%-<30%,525000.0,141.0,1,Not Hispanic or Latino,Asian,Male,45-54,80.0,Loan originated
1,115000.0,46,755000.0,59.0,1,Not Hispanic or Latino,White,Male,45-54,25.46,Loan originated
1,345000.0,46,525000.0,123.0,1,Not Hispanic or Latino,Black or African American,Female,25-34,64.272,Loan originated
1,215000.0,44,555000.0,64.0,1,Not Hispanic or Latino,Asian,Male,25-34,38.74,Loan originated
1,495000.0,46,515000.0,103.0,1,Not Hispanic or Latino,White,Female,25-34,97.0,Loan originated
1,765000.0,46,1925000.0,173.0,1,Not Hispanic or Latino,Asian,Male,25-34,39.924,Loan originated
1,325000.0,41,405000.0,236.0,1,Not Hispanic or Latino,White,Male,45-54,80.0,Loan originated
1,1045000.0,<20%,1305000.0,1735.0,1,Not Hispanic or Latino,White,Male,45-54,80.0,Loan originated
1,205000.0,47,865000.0,70.0,1,Not Hispanic or Latino,Asian,Male,65-74,23.175,Loan originated
1,495000.0,20%-<30%,995000.0,230.0,1,Not Hispanic or Latino,Asian,Male,45-54,49.727,Loan originated
1,495000.0,49,605000.0,96.0,1,Not Hispanic or Latino,White,Male,45-54,84.76,Loan originated
1,575000.0,40,1175000.0,152.0,1,Not Hispanic or Latino,Asian,Male,25-34,49.0,Loan originated
1,275000.0,42,355000.0,86.0,1,Hispanic or Latino,White,Male,35-44,105.0,Loan originated
1,715000.0,50%-60%,965000.0,152.0,1,Not Hispanic or Latino,White,Male,35-44,75.0,Loan originated
1,605000.0,46,835000.0,180.0,1,Not Hispanic or Latino,Asian,Female,25-34,71.984,Loan originated
1,765000.0,48,865000.0,224.0,1,Hispanic or Latino,White,Male,25-34,88.44,Loan originated
1,395000.0,49,755000.0,89.0,1,Not Hispanic or Latino,Black or African American,Male,25-34,102.17,Loan originated
1,1125000.0,46,1405000.0,257.0,1,Not Hispanic or Latino,White,Male,45-54,80.0,Loan originated
1,925000.0,20%-<30%,1425000.0,387.0,1,Not Hispanic or Latino,Asian,Male,25-34,64.561,Loan originated
1,545000.0,48,745000.0,116.0,1,Not Hispanic or Latino,Asian,Female,25-34,73.333,Loan originated
1,285000.0,30%-<36%,295000.0,112.0,1,Not Hispanic or Latino,White,Female,45-54,96.56,Loan originated
1,385000.0,49,475000.0,171.0,1,Not Hispanic or Latino,White,Female,35-44,80.0,Loan originated
1,65000.0,20%-<30%,85000.0,90.0,1,Hispanic or Latino,American Indian or Alaska Native,Female,65-74,75.0,Loan originated
1,615000.0,48,645000.0,155.0,1,Not Hispanic or Latino,Asian,Male,25-34,95.0,Loan originated
1,805000.0,44,1005000.0,223.0,1,Not Hispanic or Latino,Asian,Male,35-44,80.0,Loan originated
1,355000.0,49,395000.0,71.0,1,Hispanic or Latino,White,Male,65-74,90.0,Loan originated
1,135000.0,20%-<30%,465000.0,94.0,1,Not Hispanic or Latino,Black or African American,Female,45-54,52.0,Loan originated
1,675000.0,40,945000.0,162.0,1,Not Hispanic or Latino,Asian,Male,45-54,71.0,Loan originated
1,625000.0,20%-<30%,785000.0,237.0,1,Not Hispanic or Latino,White,Female,35-44,80.0,Loan originated
1,395000.0,48,545000.0,78.0,1,Not Hispanic or Latino,Asian,Male,35-44,72.54,Loan originated
1,105000.0,20%-<30%,715000.0,60.0,1,Not Hispanic or Latino,White,Female,25-34,14.08,Application denied
1,455000.0,49,565000.0,131.0,1,Not Hispanic or Latino,White,Male,>74,80.0,Loan originated
1,225000.0,48,325000.0,54.0,1,Hispanic or Latino,American Indian or Alaska Native,Female,65-74,69.0,Loan originated
1,205000.0,36,375000.0,120.0,1,Not Hispanic or Latino,White,Male,65-74,53.333,Loan originated
1,705000.0,45,745000.0,190.0,1,Not Hispanic or Latino,Asian,Male,25-34,94.966,Loan originated
1,405000.0,37,805000.0,123.0,1,Not Hispanic or Latino,Asian,Female,65-74,80.0,Application denied
1,525000.0,47,555000.0,112.0,1,Not Hispanic or Latino,Asian,Male,35-44,95.0,Loan originated
1,765000.0,>60%,805000.0,179.0,1,Not Hispanic or Latino,White,Female,35-44,94.99,Application denied
1,535000.0,40,635000.0,145.0,1,Not Hispanic or Latino,Asian,Male,25-34,84.127,Loan originated
1,505000.0,44,625000.0,157.0,1,Hispanic or Latino,White,Male,35-44,80.0,Loan originated
1,435000.0,37,535000.0,220.0,1,Not Hispanic or Latino,White,Female,45-54,80.0,Loan originated
1,305000.0,45,325000.0,67.0,1,Not Hispanic or Latino,Asian,Male,25-34,95.0,Loan originated
1,465000.0,38,475000.0,144.0,1,Hispanic or Latino,White,Female,25-34,96.85,Loan originated
1,415000.0,30%-<36%,795000.0,223.0,1,Hispanic or Latino,American Indian or Alaska Native,Female,35-44,52.579,Loan originated
1,95000.0,41,135000.0,48.0,1,Not Hispanic or Latino,Black or African American,Male,25-34,75.0,Application denied
1,405000.0,30%-<36%,515000.0,230.0,1,Not Hispanic or Latino,White,Male,25-34,80.0,Application denied
1,405000.0,20%-<30%,505000.0,342.0,1,Hispanic or Latino,White,Female,35-44,80.0,Loan originated
1,485000.0,41,615000.0,127.0,1,Not Hispanic or Latino,White,Male,35-44,80.0,Loan originated
1,135000.0,30%-<36%,385000.0,120.0,1,Hispanic or Latino,White,Male,35-44,34.21,Loan originated
1,485000.0,41,535000.0,163.0,1,Hispanic or Latino,White,Male,45-54,90.0,Loan originated
1,525000.0,50%-60%,525000.0,112.0,1,Hispanic or Latino,White,Male,25-34,101.75,Application denied
1,645000.0,44,715000.0,161.0,1,Hispanic or Latino,White,Female,45-54,89.99,Loan originated
1,615000.0,49,775000.0,170.0,1,Not Hispanic or Latino,Asian,Female,25-34,80.0,Loan originated
1,305000.0,30%-<36%,375000.0,100.0,1,Not Hispanic or Latino,White,Female,45-54,80.0,Loan originated
1,315000.0,30%-<36%,375000.0,104.0,1,Not Hispanic or Latino,White,Female,25-34,85.0,Loan originated
1,435000.0,20%-<30%,545000.0,170.0,1,Not Hispanic or Latino,White,Female,25-34,80.0,Application denied
1,385000.0,45,455000.0,93.0,1,Not Hispanic or Latino,White,Female,35-44,85.0,Loan originated
1,585000.0,50%-60%,625000.0,111.0,1,Hispanic or Latino,White,Male,35-44,95.0,Loan originated
1,1145000.0,41,2155000.0,705.0,1,Not Hispanic or Latino,Asian,Male,45-54,52.9,Loan originated
1,315000.0,46,1525000.0,93.0,1,Not Hispanic or Latino,Asian,Male,35-44,20.9,Loan originated
1,325000.0,44,405000.0,81.0,1,Hispanic or Latino,White,Male,25-34,80.0,Loan originated
1,885000.0,38,935000.0,276.0,1,Not Hispanic or Latino,White,Male,25-34,95.0,Loan originated
1,695000.0,30%-<36%,875000.0,200.0,1,Hispanic or Latino,White,Male,35-44,80.0,Loan originated
1,615000.0,30%-<36%,825000.0,190.0,1,Not Hispanic or Latino,Asian,Female,25-34,75.0,Loan originated
1,365000.0,39,455000.0,107.0,1,Not Hispanic or Latino,Black or African American,Female,55-64,80.0,Loan originated
1,345000.0,41,365000.0,121.0,1,Not Hispanic or Latino,White,Male,45-54,94.99,Loan originated
1,325000.0,49,405000.0,189.0,1,Hispanic or Latino,White,Male,55-64,80.0,Loan originated
1,645000.0,49,815000.0,119.0,1,Not Hispanic or Latino,Asian,Male,55-64,80.0,Loan originated
1,565000.0,30%-<36%,1125000.0,195.0,1,Not Hispanic or Latino,Black or African American,Female,65-74,50.0,Loan originated
1,575000.0,20%-<30%,715000.0,236.0,1,Not Hispanic or Latino,White,Male,35-44,80.0,Loan originated
1,175000.0,36,205000.0,86.0,1,Not Hispanic or Latino,White,Female,65-74,85.88,Application denied
1,325000.0,20%-<30%,595000.0,169.0,1,Not Hispanic or Latino,White,Female,35-44,55.0,Loan originated
1,575000.0,46,725000.0,220.0,1,Hispanic or Latino,White,Male,25-34,80.0,Loan originated
1,305000.0,36,495000.0,79.0,1,Not Hispanic or Latino,White,Male,25-34,60.302,Loan originated
1,565000.0,40,665000.0,236.0,1,Not Hispanic or Latino,White,Male,45-54,85.0,Application denied
1,165000.0,47,175000.0,45.0,1,Not Hispanic or Latino,White,Male,<25,103.765,Loan originated
1,785000.0,37,875000.0,579.0,1,Not Hispanic or Latino,White,Male,45-54,90.0,Loan originated
1,285000.0,50%-60%,305000.0,65.0,1,Not Hispanic or Latino,White,Male,45-54,95.0,Application denied
1,495000.0,40,515000.0,130.0,1,Not Hispanic or Latino,2 or more minority races,Male,35-44,97.0,Loan originated
1,915000.0,46,1025000.0,211.0,1,Not Hispanic or Latino,Asian,Female,25-34,90.0,Loan originated
1,405000.0,39,505000.0,206.0,1,Not Hispanic or Latino,American Indian or Alaska Native,Male,35-44,80.0,Loan originated
1,1145000.0,48,1605000.0,303.0,1,Not Hispanic or Latino,Asian,Male,45-54,71.864,Loan originated
1,705000.0,48,2265000.0,229.0,1,Not Hispanic or Latino,Asian,Male,35-44,31.2,Loan originated
1,285000.0,47,365000.0,65.0,1,Not Hispanic or Latino,White,Male,55-64,80.0,Loan originated
1,975000.0,30%-<36%,1305000.0,292.0,1,Not Hispanic or Latino,White,Male,45-54,75.0,Loan originated
1,475000.0,49,655000.0,108.0,1,Hispanic or Latino,White,Male,55-64,72.0,Loan originated
1,605000.0,36,1405000.0,233.0,1,Not Hispanic or Latino,Asian,Female,35-44,42.857,Loan originated
1,315000.0,30%-<36%,565000.0,101.0,1,Not Hispanic or Latino,Asian,Male,35-44,55.508,Application denied
1,525000.0,48,755000.0,124.0,1,Not Hispanic or Latino,Asian,Male,25-34,70.0,Loan originated
1,505000.0,43,525000.0,116.0,1,Not Hispanic or Latino,White,Female,35-44,96.923,Loan originated
1,625000.0,48,775000.0,142.0,1,Not Hispanic or Latino,White,Male,25-34,80.0,Loan originated
1,265000.0,46,345000.0,51.0,1,Hispanic or Latino,White,Male,35-44,76.76,Loan originated
1,1145000.0,47,1455000.0,269.0,1,Not Hispanic or Latino,White,Female,25-34,79.172,Loan originated
1,365000.0,46,465000.0,86.0,1,Hispanic or Latino,White,Female,25-34,100.0,Loan originated
1,605000.0,45,675000.0,137.0,1,Not Hispanic or Latino,Asian,Male,35-44,89.99,Loan originated
1,865000.0,46,1265000.0,246.0,1,Not Hispanic or Latino,White,Male,45-54,68.085,Loan originated
1,105000.0,30%-<36%,905000.0,66.0,1,Not Hispanic or Latino,White,Female,55-64,11.05,Loan originated
1,365000.0,<20%,715000.0,363.0,1,Not Hispanic or Latino,White,Male,35-44,51.049,Loan originated
1,465000.0,40,575000.0,186.0,1,Not Hispanic or Latino,Asian,Female,25-34,80.0,Loan originated
1,565000.0,20%-<30%,745000.0,268.0,1,Not Hispanic or Latino,White,Male,35-44,75.0,Loan originated
1,285000.0,<20%,485000.0,217.0,1,Not Hispanic or Latino,White,Male,55-64,58.333,Loan originated
1,195000.0,<20%,395000.0,225.0,1,Hispanic or Latino,White,Male,35-44,50.513,Loan originated
1,715000.0,48,745000.0,160.0,1,Not Hispanic or Latino,Black or African American,Male,25-34,95.0,Loan originated
1,555000.0,45,845000.0,113.0,1,Not Hispanic or Latino,Asian,Female,35-44,65.09,Loan originated
1,505000.0,45,755000.0,102.0,1,Hispanic or Latino,White,Male,55-64,66.667,Loan originated
1,395000.0,36,415000.0,136.0,1,Hispanic or Latino,White,Female,25-34,95.0,Loan originated
1,915000.0,44,1145000.0,236.0,1,Not Hispanic or Latino,White,Male,35-44,80.0,Loan originated
1,1125000.0,42,1465000.0,247.0,1,Not Hispanic or Latino,Asian,Male,25-34,76.32,Loan originated
1,535000.0,47,675000.0,102.0,1,Not Hispanic or Latino,Asian,Male,35-44,80.0,Loan originated
1,465000.0,47,485000.0,107.0,1,Hispanic or Latino,White,Male,35-44,95.0,Loan originated
1,585000.0,45,735000.0,125.0,1,Not Hispanic or Latino,Asian,Female,25-34,80.0,Loan originated
1,665000.0,40,865000.0,168.0,1,Not Hispanic or Latino,Asian,Male,35-44,77.0,Loan originated
1,405000.0,36,505000.0,142.0,1,Not Hispanic or Latino,Asian,Male,25-34,80.0,Loan originated
1,115000.0,39,165000.0,48.0,1,Not Hispanic or Latino,White,Male,65-74,68.75,Application denied
1,305000.0,46,545000.0,101.0,1,Hispanic or Latino,White,Male,35-44,55.963,Loan originated
1,735000.0,36,865000.0,33.0,1,Hispanic or Latino,White,Male,25-34,85.0,Loan originated
1,125000.0,20%-<30%,745000.0,118.0,1,Hispanic or Latino,White,Male,35-44,16.048,Loan originated
1,465000.0,<20%,575000.0,436.0,1,Hispanic or Latino,White,Female,45-54,80.0,Loan originated
1,905000.0,47,1205000.0,200.0,1,Not Hispanic or Latino,Asian,Female,35-44,75.0,Loan originated
1,465000.0,41,495000.0,150.0,1,Hispanic or Latino,American Indian or Alaska Native,Male,25-34,98.0,Loan originated
1,535000.0,>60%,555000.0,48.0,1,Not Hispanic or Latino,Black or African American,Female,35-44,98.802,Application denied
1,205000.0,>60%,1355000.0,29.0,1,Not Hispanic or Latino,White,Female,55-64,14.815,Application denied
1,385000.0,39,475000.0,167.0,1,Not Hispanic or Latino,Black or African American,Female,45-54,80.0,Loan originated
1,595000.0,45,635000.0,223.0,1,Not Hispanic or Latino,White,Female,35-44,95.0,Loan originated
1,425000.0,47,1175000.0,124.0,1,Not Hispanic or Latino,White,Female,65-74,37.0,Loan originated
1,415000.0,41,465000.0,149.0,1,Not Hispanic or Latino,Asian,Male,35-44,89.50959,Loan originated
1,505000.0,38,635000.0,141.0,1,Not Hispanic or Latino,Asian,Male,45-54,79.488,Loan originated
1,595000.0,>60%,665000.0,110.0,1,Not Hispanic or Latino,White,Female,35-44,90.0,Application denied
1,55000.0,<20%,65000.0,79.0,1,Not Hispanic or Latino,White,Female,<25,75.0,Application denied
1,405000.0,47,415000.0,153.0,1,Hispanic or Latino,White,Female,25-34,97.0,Loan originated
1,245000.0,20%-<30%,395000.0,147.0,1,Not Hispanic or Latino,White,Female,55-64,62.025,Loan originated
1,395000.0,<20%,415000.0,0.0,1,Hispanic or Latino,White,Male,45-54,95.0,Application denied
1,805000.0,45,855000.0,173.0,1,Not Hispanic or Latino,Black or African American,Male,25-34,94.941,Loan originated
1,465000.0,42,585000.0,107.0,1,Not Hispanic or Latino,Asian,Male,25-34,80.0,Loan originated
1,345000.0,<20%,435000.0,1901.0,1,Not Hispanic or Latino,White,Male,25-34,80.0,Loan originated
1,395000.0,48,495000.0,125.0,1,Hispanic or Latino,White,Male,45-54,80.0,Loan originated
1,715000.0,48,795000.0,218.0,1,Not Hispanic or Latino,White,Female,35-44,89.99,Loan originated
1,555000.0,45,615000.0,144.0,1,Not Hispanic or Latino,White,Female,25-34,90.0,Loan originated
1,955000.0,49,1285000.0,208.0,1,Not Hispanic or Latino,Asian,Female,55-64,74.57,Loan originated
1,1115000.0,30%-<36%,1535000.0,374.0,1,Not Hispanic or Latino,White,Male,35-44,72.44,Loan originated
1,685000.0,30%-<36%,865000.0,212.0,1,Not Hispanic or Latino,Asian,Male,35-44,80.0,Loan originated
1,435000.0,20%-<30%,545000.0,177.0,1,Not Hispanic or Latino,White,Male,25-34,80.0,Loan originated
1,665000.0,20%-<30%,825000.0,264.0,1,Not Hispanic or Latino,Asian,Male,55-64,80.0,Loan originated
1,765000.0,43,805000.0,167.0,1,Not Hispanic or Latino,White,Female,25-34,95.0,Loan originated
1,395000.0,42,685000.0,115.0,1,Not Hispanic or Latino,White,Male,25-34,57.353,Loan originated
1,475000.0,43,595000.0,139.0,1,Hispanic or Latino,White,Male,55-64,80.0,Loan originated
1,195000.0,46,595000.0,60.0,1,Not Hispanic or Latino,Asian,Male,35-44,32.0,Loan originated
1,485000.0,42,655000.0,119.0,1,Hispanic or Latino,White,Female,25-34,73.381,Loan originated
1,505000.0,30%-<36%,1905000.0,205.0,1,Not Hispanic or Latino,Asian,Female,25-34,26.32,Loan originated
1,575000.0,41,625000.0,166.0,1,Not Hispanic or Latino,White,Female,25-34,91.935,Loan originated
1,425000.0,48,495000.0,83.0,1,Not Hispanic or Latino,Asian,Male,<25,85.0,Loan originated
1,455000.0,49,505000.0,98.0,1,Hispanic or Latino,White,Female,25-34,90.0,Loan originated
1,425000.0,49,545000.0,104.0,1,Not Hispanic or Latino,Asian,Male,35-44,77.248,Loan originated
1,295000.0,37,415000.0,77.0,1,Not Hispanic or Latino,White,Male,65-74,71.2,Loan originated
1,555000.0,41,585000.0,152.0,1,Hispanic or Latino,White,Female,55-64,95.0,Loan originated
1,325000.0,41,475000.0,111.0,1,Hispanic or Latino,White,Male,25-34,68.42,Loan originated
1,465000.0,47,505000.0,165.0,1,Not Hispanic or Latino,Black or African American,Male,45-54,93.0,Loan originated
1,605000.0,44,665000.0,173.0,1,Not Hispanic or Latino,White,Male,45-54,90.0,Loan originated
1,395000.0,49,635000.0,76.0,1,Not Hispanic or Latino,Asian,Male,<25,61.03,Loan originated
1,365000.0,44,455000.0,96.0,1,Not Hispanic or Latino,White,Male,35-44,80.0,Loan originated
1,555000.0,42,615000.0,322.0,1,Not Hispanic or Latino,White,Male,45-54,89.98,Loan originated
1,605000.0,42,1165000.0,150.0,1,Not Hispanic or Latino,Asian,Male,25-34,51.724,Loan originated
1,415000.0,43,515000.0,97.0,1,Not Hispanic or Latino,White,Male,25-34,80.0,Loan originated
1,765000.0,30%-<36%,955000.0,236.0,1,Not Hispanic or Latino,Asian,Female,25-34,80.0,Loan originated
1,395000.0,38,575000.0,213.0,1,Not Hispanic or Latino,White,Female,35-44,69.298,Loan originated
1,425000.0,47,525000.0,108.0,1,Hispanic or Latino,White,Female,35-44,80.0,Loan originated
1,225000.0,49,235000.0,78.0,1,Not Hispanic or Latino,White,Male,<25,95.0,Loan originated
1,425000.0,49,575000.0,127.0,1,Hispanic or Latino,White,Male,45-54,75.0,Loan originated
1,165000.0,50%-60%,165000.0,60.0,1,Hispanic or Latino,White,Female,25-34,95.0,Application denied
1,725000.0,42,905000.0,178.0,1,Not Hispanic or Latino,White,Female,25-34,80.0,Loan originated
1,275000.0,<20%,555000.0,560.0,1,Hispanic or Latino,White,Female,65-74,50.0,Loan originated
1,875000.0,47,1255000.0,488.0,1,Not Hispanic or Latino,White,Male,45-54,70.0,Loan originated
1,475000.0,44,685000.0,115.0,1,Not Hispanic or Latino,White,Male,25-34,70.0,Loan originated
1,325000.0,30%-<36%,565000.0,1067.0,1,Hispanic or Latino,White,Male,45-54,57.54,Loan originated
1,235000.0,20%-<30%,335000.0,138.0,1,Hispanic or Latino,White,Female,45-54,67.65,Loan originated
1,355000.0,20%-<30%,445000.0,190.0,1,Not Hispanic or Latino,White,Male,35-44,80.0,Loan originated
1,445000.0,36,595000.0,116.0,1,Hispanic or Latino,White,Female,25-34,74.768,Loan originated
1,345000.0,47,385000.0,99.0,1,Hispanic or Latino,White,Female,35-44,90.0,Loan originated
1,1005000.0,45,1255000.0,304.0,1,Hispanic or Latino,White,Female,35-44,80.0,Loan originated
1,435000.0,41,815000.0,119.0,1,Not Hispanic or Latino,White,Male,55-64,53.849,Loan originated
1,455000.0,46,575000.0,122.0,1,Hispanic or Latino,White,Male,45-54,79.993,Loan originated
1,715000.0,30%-<36%,795000.0,230.0,1,Not Hispanic or Latino,Asian,Male,35-44,89.995,Loan originated
1,505000.0,20%-<30%,625000.0,240.0,1,Not Hispanic or Latino,White,Male,35-44,80.0,Loan originated
1,565000.0,43,705000.0,176.0,1,Not Hispanic or Latino,White,Male,35-44,80.0,Loan originated
1,275000.0,42,315000.0,64.0,1,Not Hispanic or Latino,American Indian or Alaska Native,Female,45-54,87.3,Loan originated
1,385000.0,46,405000.0,85.0,1,Hispanic or Latino,White,Male,45-54,95.0,Loan originated
1,345000.0,40,865000.0,165.0,1,Not Hispanic or Latino,White,Male,25-34,40.0,Loan originated
1,365000.0,20%-<30%,465000.0,146.0,1,Not Hispanic or Latino,White,Male,35-44,80.0,Loan originated
1,115000.0,30%-<36%,115000.0,121.0,1,Not Hispanic or Latino,White,Male,45-54,95.0,Loan originated
1,545000.0,50%-60%,685000.0,113.0,1,Not Hispanic or Latino,White,Female,25-34,80.0,Application denied
1,255000.0,46,265000.0,116.0,1,Hispanic or Latino,White,Female,55-64,95.0,Application denied
1,915000.0,47,965000.0,230.0,1,Hispanic or Latino,White,Male,35-44,95.0,Application denied
1,785000.0,>60%,825000.0,202.0,1,Not Hispanic or Latino,Asian,Female,35-44,95.0,Application denied
1,565000.0,49,605000.0,112.0,1,Not Hispanic or Latino,White,Male,25-34,93.0,Loan originated
1,245000.0,20%-<30%,635000.0,156.0,1,Not Hispanic or Latino,Asian,Male,35-44,38.197,Loan originated
1,565000.0,38,715000.0,130.0,1,Not Hispanic or Latino,Asian,Female,25-34,80.0,Loan originated
1,915000.0,38,1175000.0,253.0,1,Not Hispanic or Latino,Asian,Male,35-44,77.778,Loan originated
1,465000.0,20%-<30%,585000.0,265.0,1,Not Hispanic or Latino,White,Female,35-44,80.0,Loan originated
1,355000.0,>60%,375000.0,60.0,1,Hispanic or Latino,White,Male,35-44,95.0,Application denied
1,615000.0,<20%,685000.0,420.0,1,Not Hispanic or Latino,White,Female,35-44,89.99,Loan originated
1,345000.0,43,685000.0,176.0,1,Not Hispanic or Latino,Asian,Male,25-34,50.0,Loan originated
1,625000.0,39,775000.0,289.0,1,Not Hispanic or Latino,White,Male,35-44,80.0,Loan originated
1,395000.0,40,445000.0,115.0,1,Not Hispanic or Latino,White,Male,35-44,90.0,Loan originated
1,595000.0,20%-<30%,625000.0,194.0,1,Not Hispanic or Latino,White,Female,35-44,95.0,Loan originated
1,105000.0,44,705000.0,42.0,1,Not Hispanic or Latino,Asian,Female,45-54,16.0,Loan originated
1,685000.0,49,885000.0,175.0,1,Not Hispanic or Latino,Black or African American,Female,35-44,77.27,Loan originated
1,155000.0,47,525000.0,40.0,1,Hispanic or Latino,White,Female,45-54,28.846,Loan originated
1,735000.0,40,1055000.0,257.0,1,Not Hispanic or Latino,Asian,Male,55-64,70.0,Loan originated
1,605000.0,38,715000.0,166.0,1,Not Hispanic or Latino,White,Male,35-44,85.0,Application denied
1,505000.0,45,835000.0,144.0,1,Not Hispanic or Latino,White,Female,45-54,60.0,Loan originated
1,395000.0,30%-<36%,775000.0,374.0,1,Hispanic or Latino,White,Male,55-64,50.84,Loan originated
1,405000.0,42,455000.0,93.0,1,Not Hispanic or Latino,Asian,Female,65-74,89.0,Loan originated
1,885000.0,41,1085000.0,278.0,1,Not Hispanic or Latino,White,Female,35-44,81.567,Loan originated
1,525000.0,46,995000.0,139.0,1,Not Hispanic or Latino,White,Female,55-64,52.716,Loan originated
1,595000.0,36,635000.0,180.0,1,Not Hispanic or Latino,Black or African American,Female,45-54,95.0,Loan originated
1,525000.0,40,555000.0,145.0,1,Hispanic or Latino,White,Female,55-64,95.0,Loan originated
1,825000.0,43,1025000.0,200.0,1,Not Hispanic or Latino,White,Female,35-44,80.0,Loan originated
1,405000.0,48,415000.0,102.0,1,Not Hispanic or Latino,Asian,Male,55-64,100.0,Loan originated
1,475000.0,30%-<36%,775000.0,163.0,1,Not Hispanic or Latino,White,Female,35-44,61.39,Loan originated
1,165000.0,49,325000.0,55.0,1,Not Hispanic or Latino,White,Female,55-64,49.231,Loan originated
1,835000.0,47,985000.0,199.0,1,Not Hispanic or Latino,White,Female,35-44,85.0,Loan originated
1,615000.0,>60%,745000.0,195.0,1,Not Hispanic or Latino,Asian,Male,25-34,82.923,Loan originated
1,345000.0,30%-<36%,435000.0,120.0,1,Not Hispanic or Latino,Black or African American,Male,25-34,80.0,Application denied
1,605000.0,30%-<36%,1405000.0,203.0,1,Not Hispanic or Latino,White,Female,55-64,42.857,Loan originated
1,365000.0,20%-<30%,455000.0,122.0,1,Hispanic or Latino,White,Male,35-44,80.0,Loan originated
1,695000.0,45,725000.0,162.0,1,Not Hispanic or Latino,Asian,Female,25-34,95.0,Loan originated
1,585000.0,30%-<36%,925000.0,209.0,1,Not Hispanic or Latino,Asian,Female,35-44,65.0,Loan originated
1,585000.0,42,775000.0,151.0,1,Not Hispanic or Latino,White,Male,25-34,75.0,Loan originated
1,415000.0,47,465000.0,109.0,1,Not Hispanic or Latino,White,Female,45-54,90.0,Loan originated
1,515000.0,<20%,685000.0,349.0,1,Not Hispanic or Latino,Asian,Male,45-54,75.0,Loan originated
1,465000.0,20%-<30%,625000.0,183.0,1,Not Hispanic or Latino,White,Female,55-64,75.0,Loan originated
1,325000.0,49,345000.0,66.0,1,Hispanic or Latino,White,Female,25-34,95.0,Loan originated
1,565000.0,43,615000.0,142.0,1,Hispanic or Latino,White,Male,25-34,91.997,Loan originated
1,1115000.0,41,1855000.0,278.0,1,Not Hispanic or Latino,Asian,Male,35-44,60.0,Loan originated
1,565000.0,49,815000.0,102.0,1,Not Hispanic or Latino,Asian,Male,35-44,69.512,Loan originated
1,365000.0,50%-60%,455000.0,82.0,1,Not Hispanic or Latino,White,Male,<25,80.0,Application denied
1,555000.0,43,745000.0,124.0,1,Not Hispanic or Latino,White,Male,35-44,75.0,Loan originated
1,535000.0,46,765000.0,120.0,1,Not Hispanic or Latino,Asian,Female,25-34,70.0,Loan originated
1,325000.0,20%-<30%,445000.0,134.0,1,Not Hispanic or Latino,White,Male,25-34,74.5,Loan originated
1,655000.0,42,785000.0,244.0,1,Not Hispanic or Latino,White,Female,35-44,83.139,Loan originated
1,265000.0,46,285000.0,88.0,1,Hispanic or Latino,White,Female,35-44,95.0,Loan originated
1,595000.0,30%-<36%,735000.0,225.0,1,Hispanic or Latino,White,Male,35-44,80.0,Loan originated
1,355000.0,42,675000.0,106.0,1,Not Hispanic or Latino,Native Hawaiian or Other Pacific Islander,Female,55-64,52.0,Loan originated
1,425000.0,20%-<30%,565000.0,231.0,1,Not Hispanic or Latino,Asian,Male,25-34,75.0,Loan originated
1,395000.0,30%-<36%,415000.0,143.0,1,Not Hispanic or Latino,Asian,Male,25-34,95.0,Loan originated
1,555000.0,49,1265000.0,137.0,1,Not Hispanic or Latino,White,Female,55-64,44.08,Loan originated
1,785000.0,38,975000.0,347.0,1,Not Hispanic or Latino,White,Male,35-44,80.0,Loan originated
1,345000.0,43,645000.0,162.0,1,Not Hispanic or Latino,Asian,Male,65-74,53.48,Loan originated
1,125000.0,39,955000.0,87.0,1,Not Hispanic or Latino,White,Female,55-64,12.64,Loan originated
1,255000.0,42,365000.0,83.0,1,Hispanic or Latino,White,Female,35-44,100.0,Loan originated
1,515000.0,47,545000.0,133.0,1,Not Hispanic or Latino,White,Male,55-64,95.0,Loan originated
1,365000.0,42,455000.0,125.0,1,Not Hispanic or Latino,Asian,Male,55-64,80.0,Application denied
1,645000.0,48,805000.0,161.0,1,Hispanic or Latino,White,Female,25-34,80.0,Loan originated
1,575000.0,49,725000.0,159.0,1,Not Hispanic or Latino,Asian,Male,35-44,79.75,Loan originated
1,375000.0,40,385000.0,99.0,1,Not Hispanic or Latino,Asian,Male,55-64,97.96,Application denied
1,635000.0,>60%,665000.0,150.0,1,Not Hispanic or Latino,Black or African American,Female,45-54,95.0,Application denied
1,485000.0,49,785000.0,105.0,1,Not Hispanic or Latino,White,Female,45-54,61.538,Loan originated
1,595000.0,49,665000.0,155.0,1,Hispanic or Latino,White,Male,35-44,89.998,Loan originated
1,445000.0,30%-<36%,555000.0,144.0,1,Not Hispanic or Latino,Asian,Male,35-44,80.0,Loan originated
1,965000.0,39,1205000.0,594.0,1,Not Hispanic or Latino,White,Male,35-44,80.0,Loan originated
1,645000.0,45,805000.0,204.0,1,Not Hispanic or Latino,White,Female,45-54,80.0,Loan originated
1,685000.0,44,855000.0,198.0,1,Not Hispanic or Latino,White,Female,35-44,80.0,Loan originated
1,475000.0,42,595000.0,122.0,1,Not Hispanic or Latino,White,Female,35-44,79.16,Loan originated
1,335000.0,40,425000.0,216.0,1,Not Hispanic or Latino,White,Male,25-34,80.0,Loan originated
1,315000.0,>60%,245000.0,63.0,1,Hispanic or Latino,White,Male,35-44,131.481,Application denied
1,675000.0,36,715000.0,174.0,1,Hispanic or Latino,White,Male,25-34,95.0,Loan originated
1,175000.0,40,245000.0,89.0,1,Hispanic or Latino,White,Male,45-54,72.92,Loan originated
1,765000.0,48,835000.0,256.0,1,Not Hispanic or Latino,White,Female,35-44,92.0,Loan originated
1,295000.0,43,375000.0,90.0,1,Not Hispanic or Latino,Asian,Female,25-34,100.0,Loan originated
1,505000.0,49,695000.0,100.0,1,Not Hispanic or Latino,Asian,Male,35-44,71.512,Loan originated
1,705000.0,44,1055000.0,188.0,1,Not Hispanic or Latino,White,Male,25-34,66.54,Loan originated
1,405000.0,<20%,1165000.0,786.0,1,Not Hispanic or Latino,White,Male,55-64,34.34,Loan originated
1,485000.0,46,515000.0,109.0,1,Hispanic or Latino,White,Female,25-34,95.0,Loan originated
1,535000.0,49,755000.0,141.0,1,Hispanic or Latino,White,Male,55-64,71.33,Loan originated
1,565000.0,30%-<36%,865000.0,160.0,1,Not Hispanic or Latino,White,Male,25-34,65.116,Loan originated
1,215000.0,20%-<30%,255000.0,90.0,1,Hispanic or Latino,White,Male,25-34,83.333,Loan originated
1,305000.0,30%-<36%,605000.0,115.0,1,Not Hispanic or Latino,Asian,Male,25-34,49.587,Loan originated
1,595000.0,45,635000.0,142.0,1,Not Hispanic or Latino,Asian,Male,35-44,95.0,Loan originated
1,625000.0,41,785000.0,166.0,1,Not Hispanic or Latino,Asian,Female,35-44,80.0,Loan originated
1,75000.0,36,255000.0,43.0,1,Not Hispanic or Latino,White,Female,65-74,28.76,Loan originated
1,695000.0,37,745000.0,238.0,1,Not Hispanic or Latino,Asian,Male,35-44,93.324,Loan originated
1,585000.0,46,735000.0,333.0,1,Not Hispanic or Latino,White,Male,>74,80.0,Loan originated
1,685000.0,<20%,855000.0,760.0,1,Not Hispanic or Latino,White,Male,45-54,89.99,Loan originated
1,285000.0,44,355000.0,88.0,1,Not Hispanic or Latino,Asian,Male,25-34,79.999,Loan originated
1,655000.0,46,875000.0,177.0,1,Not Hispanic or Latino,Asian,Male,25-34,75.0,Loan originated
1,1125000.0,48,1405000.0,234.0,1,Not Hispanic or Latino,White,Male,55-64,80.0,Application denied
1,495000.0,48,615000.0,156.0,1,Not Hispanic or Latino,White,Male,35-44,80.0,Loan originated
1,985000.0,48,1235000.0,249.0,1,Not Hispanic or Latino,White,Male,35-44,80.0,Loan originated
1,545000.0,30%-<36%,685000.0,346.0,1,Not Hispanic or Latino,Asian,Female,35-44,80.0,Loan originated
1,795000.0,40,995000.0,224.0,1,Not Hispanic or Latino,Asian,Male,25-34,80.0,Loan originated
1,485000.0,30%-<36%,615000.0,200.0,1,Not Hispanic or Latino,Asian,Male,45-54,97.0,Loan originated
1,625000.0,47,785000.0,182.0,1,Not Hispanic or Latino,White,Female,45-54,80.0,Loan originated
1,255000.0,44,585000.0,72.0,1,Not Hispanic or Latino,White,Female,35-44,103.448,Loan originated
1,885000.0,36,1105000.0,279.0,1,Not Hispanic or Latino,White,Female,35-44,80.0,Loan originated
1,365000.0,42,1135000.0,267.0,1,Not Hispanic or Latino,White,Male,65-74,32.301,Loan originated
1,915000.0,46,1145000.0,223.0,1,Not Hispanic or Latino,White,Male,35-44,80.0,Loan originated
1,355000.0,49,575000.0,75.0,1,Not Hispanic or Latino,Asian,Female,<25,62.0,Loan originated
1,485000.0,47,605000.0,163.0,1,Hispanic or Latino,White,Male,25-34,80.0,Loan originated
1,685000.0,<20%,865000.0,3227.0,1,Not Hispanic or Latino,White,Female,25-34,80.0,Loan originated
1,255000.0,48,615000.0,78.0,1,Not Hispanic or Latino,White,Female,55-64,40.65,Loan originated
1,155000.0,30%-<36%,605000.0,105.0,1,Not Hispanic or Latino,Asian,Male,65-74,24.635,Loan originated
1,665000.0,49,825000.0,237.0,1,Not Hispanic or Latino,White,Female,55-64,80.0,Loan originated
1,865000.0,38,1155000.0,229.0,1,Not Hispanic or Latino,Asian,Female,55-64,75.0,Loan originated
1,765000.0,30%-<36%,865000.0,401.0,1,Not Hispanic or Latino,Asian,Male,25-34,88.9,Loan originated
1,335000.0,41,425000.0,85.0,1,Not Hispanic or Latino,White,Male,35-44,80.0,Loan originated
1,965000.0,42,1205000.0,243.0,1,Not Hispanic or Latino,Asian,Male,45-54,80.0,Loan originated
1,785000.0,37,1055000.0,26.0,1,Not Hispanic or Latino,Asian,Male,35-44,75.0,Loan originated
1,145000.0,41,155000.0,54.0,1,Hispanic or Latino,American Indian or Alaska Native,Female,45-54,97.0,Loan originated
1,295000.0,39,315000.0,75.0,1,Hispanic or Latino,White,Male,45-54,95.0,Loan originated
1,335000.0,48,355000.0,68.0,1,Hispanic or Latino,White,Female,45-54,95.0,Loan originated
1,1015000.0,47,1265000.0,203.0,1,Not Hispanic or Latino,Asian,Male,25-34,80.0,Loan originated
1,765000.0,49,805000.0,199.0,1,Hispanic or Latino,White,Male,25-34,95.0,Loan originated
1,505000.0,44,505000.0,149.0,1,Not Hispanic or Latino,Black or African American,Female,25-34,100.0,Loan originated
1,355000.0,48,615000.0,81.0,1,Not Hispanic or Latino,Asian,Male,35-44,57.0,Loan originated
1,425000.0,48,475000.0,88.0,1,Not Hispanic or Latino,Black or African American,Female,45-54,90.0,Loan originated
1,1085000.0,47,1435000.0,255.0,1,Not Hispanic or Latino,Asian,Male,35-44,75.26,Loan originated
1,315000.0,45,325000.0,94.0,1,Not Hispanic or Latino,White,Female,35-44,95.0,Loan originated
1,535000.0,47,555000.0,110.0,1,Not Hispanic or Latino,White,Male,25-34,97.0,Loan originated
1,255000.0,30%-<36%,435000.0,91.0,1,Not Hispanic or Latino,White,Female,45-54,57.471,Loan originated
1,355000.0,30%-<36%,375000.0,139.0,1,Not Hispanic or Latino,White,Female,55-64,95.0,Loan originated
1,885000.0,49,1805000.0,258.0,1,Not Hispanic or Latino,Asian,Male,45-54,49.083,Loan originated
1,405000.0,45,505000.0,92.0,1,Not Hispanic or Latino,Black or African American,Female,35-44,80.0,Loan originated
1,335000.0,<20%,415000.0,203.0,1,Not Hispanic or Latino,White,Male,45-54,80.0,Loan originated
1,425000.0,40,475000.0,167.0,1,Not Hispanic or Latino,White,Male,25-34,90.0,Loan originated
1,235000.0,38,285000.0,72.0,1,Not Hispanic or Latino,White,Male,35-44,85.0,Loan originated
1,345000.0,48,365000.0,66.0,1,Not Hispanic or Latino,Asian,Female,45-54,95.0,Loan originated
1,1125000.0,44,1405000.0,249.0,1,Not Hispanic or Latino,White,Female,25-34,80.0,Loan originated
1,335000.0,48,525000.0,80.0,1,Not Hispanic or Latino,Asian,Male,35-44,64.381,Loan originated
1,545000.0,49,725000.0,201.0,1,Not Hispanic or Latino,White,Male,35-44,75.0,Loan originated
1,965000.0,20%-<30%,1375000.0,945.0,1,Not Hispanic or Latino,Asian,Male,25-34,69.99,Loan originated
1,905000.0,36,1005000.0,285.0,1,Not Hispanic or Latino,Asian,Male,35-44,90.0,Loan originated
1,525000.0,20%-<30%,585000.0,357.0,1,Hispanic or Latino,White,Male,35-44,89.9,Loan originated
1,735000.0,43,815000.0,216.0,1,Not Hispanic or Latino,White,Male,55-64,90.0,Loan originated
1,365000.0,46,455000.0,174.0,1,Not Hispanic or Latino,White,Male,35-44,80.0,Loan originated
1,415000.0,40,445000.0,92.0,1,Not Hispanic or Latino,White,Male,25-34,92.0,Loan originated
1,755000.0,50%-60%,1325000.0,149.0,1,Not Hispanic or Latino,White,Female,35-44,56.604,Application denied
1,835000.0,48,1845000.0,354.0,1,Not Hispanic or Latino,White,Male,45-54,45.341,Loan originated
1,455000.0,41,805000.0,324.0,1,Not Hispanic or Latino,White,Female,35-44,56.25,Loan originated
1,505000.0,49,895000.0,236.0,1,Not Hispanic or Latino,Asian,Female,25-34,57.0,Application denied
1,605000.0,30%-<36%,755000.0,220.0,1,Not Hispanic or Latino,White,Male,35-44,79.31,Loan originated
1,465000.0,47,645000.0,129.0,1,Not Hispanic or Latino,White,Male,35-44,73.297,Loan originated
1,475000.0,41,565000.0,183.0,1,Not Hispanic or Latino,Black or African American,Male,25-34,85.0,Loan originated
1,255000.0,46,375000.0,63.0,1,Not Hispanic or Latino,White,Female,55-64,66.67,Loan originated
1,475000.0,41,675000.0,156.0,1,Not Hispanic or Latino,Asian,Male,35-44,70.37,Loan originated
1,375000.0,30%-<36%,535000.0,154.0,1,Not Hispanic or Latino,White,Male,25-34,70.0,Loan originated
1,1055000.0,45,1325000.0,369.0,1,Not Hispanic or Latino,White,Male,55-64,80.0,Loan originated
1,965000.0,44,1385000.0,214.0,1,Not Hispanic or Latino,White,Male,35-44,70.0,Application denied
1,565000.0,20%-<30%,515000.0,225.0,1,Hispanic or Latino,White,Male,35-44,108.89,Loan originated
1,555000.0,50%-60%,615000.0,130.0,1,Not Hispanic or Latino,Asian,Female,25-34,90.0,Loan originated
1,545000.0,39,745000.0,236.0,1,Not Hispanic or Latino,White,Male,35-44,73.298,Loan originated
1,425000.0,42,615000.0,159.0,1,Not Hispanic or Latino,Asian,Female,45-54,70.0,Loan originated
1,405000.0,38,515000.0,155.0,1,Not Hispanic or Latino,White,Female,45-54,80.0,Loan originated
1,825000.0,46,1185000.0,187.0,1,Not Hispanic or Latino,Asian,Female,35-44,70.0,Loan originated
1,315000.0,37,335000.0,125.0,1,Not Hispanic or Latino,White,Male,35-44,95.0,Loan originated
1,325000.0,36,355000.0,117.0,1,Not Hispanic or Latino,Asian,Male,25-34,95.0,Loan originated
1,385000.0,30%-<36%,485000.0,108.0,1,Hispanic or Latino,White,Male,<25,80.0,Loan originated
1,585000.0,30%-<36%,905000.0,189.0,1,Not Hispanic or Latino,White,Male,45-54,64.831,Loan originated
1,305000.0,41,885000.0,102.0,1,Not Hispanic or Latino,Asian,Male,45-54,66.74,Loan originated
1,765000.0,20%-<30%,955000.0,585.0,1,Not Hispanic or Latino,White,Male,45-54,80.0,Loan originated
1,915000.0,41,1145000.0,283.0,1,Hispanic or Latino,White,Male,45-54,80.0,Loan originated
1,495000.0,49,1205000.0,131.0,1,Not Hispanic or Latino,Asian,Female,45-54,42.0,Loan originated
1,505000.0,46,535000.0,127.0,1,Hispanic or Latino,White,Female,55-64,95.0,Loan originated
1,705000.0,47,1145000.0,160.0,1,Hispanic or Latino,White,Male,45-54,61.404,Loan originated
1,355000.0,50%-60%,705000.0,87.0,1,Not Hispanic or Latino,White,Female,55-64,50.36,Loan originated
1,275000.0,41,675000.0,73.0,1,Not Hispanic or Latino,White,Male,35-44,40.299,Loan originated
1,975000.0,20%-<30%,1085000.0,455.0,1,Not Hispanic or Latino,White,Female,45-54,90.0,Loan originated
1,345000.0,20%-<30%,685000.0,314.0,1,Not Hispanic or Latino,Asian,Male,<25,50.0,Loan originated
1,305000.0,37,785000.0,112.0,1,Hispanic or Latino,White,Female,55-64,38.981,Loan originated
1,505000.0,46,625000.0,206.0,1,Not Hispanic or Latino,Black or African American,Female,25-34,80.0,Loan originated
1,745000.0,49,785000.0,245.0,1,Hispanic or Latino,White,Male,25-34,95.0,Loan originated
1,465000.0,40,485000.0,140.0,1,Hispanic or Latino,White,Female,35-44,95.0,Loan originated
1,875000.0,20%-<30%,1425000.0,301.0,1,Not Hispanic or Latino,Asian,Male,35-44,61.26,Loan originated
1,675000.0,48,695000.0,164.0,1,Not Hispanic or Latino,Asian,Male,35-44,100.0,Loan originated
1,465000.0,44,985000.0,120.0,1,Not Hispanic or Latino,Asian,Male,65-74,47.245,Loan originated
1,825000.0,41,1195000.0,205.0,1,Not Hispanic or Latino,Asian,Male,25-34,68.75,Loan originated
1,455000.0,30%-<36%,705000.0,418.0,1,Not Hispanic or Latino,White,Female,35-44,65.0,Application denied
1,535000.0,45,765000.0,158.0,1,Not Hispanic or Latino,Asian,Male,35-44,70.0,Loan originated
1,445000.0,47,555000.0,102.0,1,Not Hispanic or Latino,Asian,Female,35-44,100.0,Loan originated
1,695000.0,49,895000.0,133.0,1,Not Hispanic or Latino,White,Female,55-64,78.0,Loan originated
1,485000.0,20%-<30%,505000.0,199.0,1,Not Hispanic or Latino,Asian,Male,35-44,97.0,Loan originated
1,395000.0,50%-60%,485000.0,100.0,1,Hispanic or Latino,White,Male,35-44,80.0,Loan originated
1,505000.0,36,555000.0,204.0,1,Not Hispanic or Latino,White,Male,35-44,91.532,Loan originated
1,605000.0,44,635000.0,130.0,1,Not Hispanic or Latino,Asian,Female,35-44,95.0,Loan originated
1,305000.0,20%-<30%,345000.0,134.0,1,Not Hispanic or Latino,White,Male,25-34,90.0,Loan originated
1,465000.0,49,575000.0,130.0,1,Not Hispanic or Latino,Asian,Male,35-44,80.0,Loan originated
1,825000.0,49,1035000.0,185.0,1,Hispanic or Latino,American Indian or Alaska Native,Female,45-54,80.0,Loan originated
1,265000.0,48,375000.0,66.0,1,Not Hispanic or Latino,White,Female,35-44,97.0,Loan originated
1,305000.0,20%-<30%,555000.0,132.0,1,Not Hispanic or Latino,Black or African American,Female,25-34,54.545,Loan originated
1,595000.0,45,625000.0,318.0,1,Hispanic or Latino,White,Male,35-44,94.88,Loan originated
1,445000.0,46,565000.0,103.0,1,Not Hispanic or Latino,Black or African American,Female,55-64,83.0,Loan originated
1,585000.0,44,805000.0,125.0,1,Not Hispanic or Latino,Asian,Female,25-34,72.481,Loan originated
1,775000.0,37,975000.0,251.0,1,Not Hispanic or Latino,White,Male,45-54,80.0,Loan originated
1,285000.0,45,295000.0,89.0,1,Not Hispanic or Latino,Black or African American,Female,25-34,97.0,Loan originated
1,595000.0,38,735000.0,164.0,1,Not Hispanic or Latino,Native Hawaiian or Other Pacific Islander,Female,55-64,80.0,Loan originated
1,745000.0,48,925000.0,145.0,1,Not Hispanic or Latino,White,Male,35-44,80.0,Loan originated
1,185000.0,20%-<30%,285000.0,95.0,1,Hispanic or Latino,White,Female,35-44,65.157,Loan originated
1,435000.0,39,615000.0,125.0,1,Not Hispanic or Latino,White,Female,45-54,71.311,Loan originated
1,125000.0,42,925000.0,122.0,1,Hispanic or Latino,White,Male,25-34,13.514,Loan originated
1,545000.0,41,605000.0,303.0,1,Not Hispanic or Latino,White,Male,35-44,90.0,Loan originated
1,875000.0,48,1085000.0,200.0,1,Not Hispanic or Latino,White,Male,45-54,80.0,Loan originated
1,675000.0,50%-60%,895000.0,120.0,1,Hispanic or Latino,White,Male,45-54,75.843,Loan originated
1,525000.0,30%-<36%,665000.0,150.0,1,Not Hispanic or Latino,Asian,Male,45-54,80.0,Loan originated
1,465000.0,>60%,515000.0,125.0,1,Not Hispanic or Latino,Asian,Female,25-34,90.0,Application denied
1,445000.0,30%-<36%,495000.0,157.0,1,Hispanic or Latino,2 or more minority races,Male,55-64,89.962,Loan originated
1,585000.0,44,725000.0,131.0,1,Hispanic or Latino,White,Female,35-44,80.0,Loan originated
1,535000.0,39,595000.0,140.0,1,Not Hispanic or Latino,White,Female,45-54,89.99,Loan originated
1,275000.0,30%-<36%,285000.0,106.0,1,Not Hispanic or Latino,White,Female,25-34,97.0,Loan originated
1,455000.0,43,475000.0,126.0,1,Hispanic or Latino,Asian,Female,25-34,95.0,Loan originated
1,255000.0,20%-<30%,265000.0,119.0,1,Hispanic or Latino,White,Female,35-44,96.23,Application denied
1,575000.0,<20%,1155000.0,1324.0,1,Not Hispanic or Latino,White,Female,45-54,50.0,Loan originated
1,805000.0,43,1025000.0,404.0,1,Not Hispanic or Latino,Asian,Male,45-54,78.43,Loan originated
1,785000.0,49,985000.0,156.0,1,Hispanic or Latino,White,Female,35-44,80.0,Loan originated
1,505000.0,20%-<30%,905000.0,259.0,1,Not Hispanic or Latino,White,Female,25-34,55.8,Loan originated
1,275000.0,41,575000.0,102.0,1,Hispanic or Latino,White,Male,45-54,48.21,Loan originated
1,765000.0,41,955000.0,168.0,1,Not Hispanic or Latino,Asian,Female,25-34,80.0,Loan originated
1,495000.0,30%-<36%,705000.0,156.0,1,Not Hispanic or Latino,Asian,Male,45-54,70.0,Loan originated
1,505000.0,42,525000.0,171.0,1,Not Hispanic or Latino,White,Male,25-34,97.0,Loan originated
1,415000.0,48,525000.0,290.0,1,Not Hispanic or Latino,White,Male,35-44,80.0,Loan originated
1,295000.0,47,365000.0,234.0,1,Not Hispanic or Latino,White,Female,55-64,80.0,Loan originated
1,205000.0,49,1935000.0,144.0,1,Not Hispanic or Latino,2 or more minority races,Male,25-34,10.33,Loan originated
1,635000.0,30%-<36%,745000.0,359.0,1,Not Hispanic or Latino,White,Male,35-44,85.0,Loan originated
1,435000.0,50%-60%,485000.0,131.0,1,Not Hispanic or Latino,Asian,Male,35-44,90.0,Application denied
1,615000.0,39,825000.0,220.0,1,Hispanic or Latino,Black or African American,Female,45-54,75.0,Loan originated
1,305000.0,44,315000.0,119.0,1,Not Hispanic or Latino,White,Male,65-74,95.0,Loan originated
1,745000.0,49,835000.0,180.0,1,Not Hispanic or Latino,White,Male,55-64,89.88,Loan originated
1,185000.0,20%-<30%,535000.0,104.0,1,Not Hispanic or Latino,White,Female,25-34,34.58,Loan originated
1,455000.0,>60%,505000.0,75.0,1,Hispanic or Latino,White,Male,35-44,90.0,Application denied
1,375000.0,36,395000.0,120.0,1,Not Hispanic or Latino,American Indian or Alaska Native,Female,65-74,95.0,Loan originated
1,825000.0,47,915000.0,164.0,1,Hispanic or Latino,White,Male,35-44,93.98,Loan originated
1,305000.0,30%-<36%,435000.0,120.0,1,Not Hispanic or Latino,White,Male,55-64,70.01,Loan originated
1,805000.0,49,855000.0,186.0,1,Not Hispanic or Latino,White,Male,35-44,94.529,Loan originated
1,405000.0,40,1755000.0,223.0,1,Not Hispanic or Latino,White,Male,35-44,22.857,Loan originated
1,755000.0,47,1255000.0,243.0,1,Not Hispanic or Latino,White,Male,55-64,60.0,Loan originated
1,435000.0,20%-<30%,755000.0,240.0,1,Hispanic or Latino,White,Female,45-54,58.223,Loan originated
1,265000.0,20%-<30%,465000.0,141.0,1,Not Hispanic or Latino,White,Female,65-74,56.989,Loan originated
1,305000.0,20%-<30%,505000.0,123.0,1,Hispanic or Latino,White,Female,25-34,60.0,Loan originated
1,405000.0,20%-<30%,505000.0,174.0,1,Not Hispanic or Latino,White,Female,35-44,80.0,Loan originated
1,525000.0,42,545000.0,171.0,1,Hispanic or Latino,White,Male,45-54,95.0,Loan originated
1,875000.0,39,1175000.0,249.0,1,Not Hispanic or Latino,Asian,Male,35-44,75.0,Loan originated
1,565000.0,49,615000.0,166.0,1,Not Hispanic or Latino,White,Male,45-54,91.91,Loan originated
1,645000.0,46,765000.0,151.0,1,Not Hispanic or Latino,Asian,Female,25-34,85.0,Loan originated
1,255000.0,38,265000.0,88.0,1,Not Hispanic or Latino,Black or African American,Female,45-54,97.0,Loan originated
1,475000.0,42,655000.0,121.0,1,Not Hispanic or Latino,White,Female,35-44,73.08,Loan originated
1,1095000.0,30%-<36%,1155000.0,428.0,1,Not Hispanic or Latino,White,Male,35-44,95.0,Loan originated
1,495000.0,42,565000.0,136.0,1,Not Hispanic or Latino,White,Female,45-54,86.726,Loan originated
1,355000.0,47,395000.0,138.0,1,Not Hispanic or Latino,Asian,Male,35-44,90.0,Loan originated
1,275000.0,46,725000.0,107.0,1,Not Hispanic or Latino,White,Male,55-64,37.5,Loan originated
1,555000.0,44,615000.0,127.0,1,Hispanic or Latino,White,Female,25-34,90.0,Loan originated
1,405000.0,38,505000.0,98.0,1,Not Hispanic or Latino,2 or more minority races,Female,35-44,83.0,Loan originated
1,305000.0,20%-<30%,595000.0,128.0,1,Not Hispanic or Latino,White,Female,65-74,50.787,Loan originated
1,545000.0,30%-<36%,685000.0,186.0,1,Not Hispanic or Latino,White,Female,25-34,80.0,Loan originated
1,765000.0,30%-<36%,855000.0,251.0,1,Not Hispanic or Latino,White,Female,55-64,90.0,Loan originated
1,305000.0,48,775000.0,72.0,1,Not Hispanic or Latino,White,Female,65-74,39.0,Loan originated
1,535000.0,44,945000.0,161.0,1,Not Hispanic or Latino,White,Male,35-44,56.405,Loan originated
1,735000.0,30%-<36%,985000.0,299.0,1,Not Hispanic or Latino,Asian,Female,45-54,75.0,Loan originated
1,295000.0,49,355000.0,135.0,1,Hispanic or Latino,American Indian or Alaska Native,Male,25-34,85.0,Application denied
1,485000.0,46,515000.0,93.0,1,Hispanic or Latino,White,Female,55-64,94.0,Loan originated
1,405000.0,42,615000.0,203.0,1,Not Hispanic or Latino,White,Female,35-44,66.335,Loan originated
1,615000.0,49,765000.0,115.0,1,Not Hispanic or Latino,White,Male,25-34,79.739,Loan originated
1,575000.0,41,725000.0,148.0,1,Not Hispanic or Latino,Asian,Female,35-44,80.0,Loan originated
1,175000.0,41,185000.0,46.0,1,Hispanic or Latino,White,Female,<25,100.0,Loan originated
1,515000.0,36,645000.0,432.0,1,Not Hispanic or Latino,Asian,Male,35-44,80.0,Application denied
1,405000.0,49,435000.0,116.0,1,Not Hispanic or Latino,White,Male,45-54,93.33,Loan originated
1,515000.0,49,575000.0,101.0,1,Not Hispanic or Latino,White,Female,35-44,90.0,Loan originated
1,555000.0,36,855000.0,144.0,1,Not Hispanic or Latino,Asian,Male,35-44,64.706,Loan originated
1,1025000.0,40,1625000.0,256.0,1,Not Hispanic or Latino,White,Female,55-64,63.08,Loan originated
1,605000.0,30%-<36%,1155000.0,192.0,1,Not Hispanic or Latino,White,Male,35-44,52.174,Loan originated
1,365000.0,47,415000.0,96.0,1,Not Hispanic or Latino,Black or African American,Male,65-74,95.0,Loan originated
1,195000.0,44,205000.0,47.0,1,Hispanic or Latino,White,Female,<25,97.0,Loan originated
1,845000.0,41,1775000.0,112.0,1,Not Hispanic or Latino,White,Female,55-64,47.324,Loan originated
1,1095000.0,36,1285000.0,288.0,1,Hispanic or Latino,White,Male,35-44,85.0,Loan originated
1,475000.0,49,555000.0,103.0,1,Not Hispanic or Latino,Asian,Male,25-34,85.0,Loan originated
1,415000.0,<20%,1585000.0,335.0,1,Not Hispanic or Latino,Asian,Male,35-44,25.87,Loan originated
1,575000.0,41,1155000.0,179.0,1,Not Hispanic or Latino,Asian,Male,25-34,50.0,Loan originated
1,975000.0,39,1455000.0,447.0,1,Not Hispanic or Latino,Asian,Female,25-34,67.241,Loan originated
1,525000.0,37,695000.0,177.0,1,Not Hispanic or Latino,Asian,Female,25-34,75.0,Loan originated
1,685000.0,>60%,915000.0,68.0,1,Hispanic or Latino,White,Male,55-64,75.0,Application denied
1,345000.0,49,385000.0,59.0,1,Not Hispanic or Latino,Asian,Male,25-34,89.9,Loan originated
1,505000.0,47,535000.0,99.0,1,Hispanic or Latino,White,Female,35-44,94.0,Loan originated
1,995000.0,49,1105000.0,196.0,1,Hispanic or Latino,White,Male,35-44,90.0,Loan originated
1,275000.0,30%-<36%,455000.0,84.0,1,Not Hispanic or Latino,White,Male,35-44,61.197,Loan originated
1,1085000.0,44,1275000.0,233.0,1,Not Hispanic or Latino,Asian,Male,25-34,85.0,Loan originated
1,425000.0,43,645000.0,97.0,1,Not Hispanic or Latino,White,Male,25-34,66.406,Loan originated
1,1145000.0,44,2005000.0,292.0,1,Not Hispanic or Latino,White,Female,45-54,58.0,Loan originated
1,435000.0,20%-<30%,535000.0,382.0,1,Not Hispanic or Latino,White,Female,25-34,80.0,Loan originated
1,1045000.0,30%-<36%,1305000.0,242.0,1,Not Hispanic or Latino,White,Male,35-44,80.0,Loan originated
1,495000.0,43,665000.0,152.0,1,Not Hispanic or Latino,White,Female,55-64,75.0,Loan originated
1,1035000.0,49,2205000.0,240.0,1,Not Hispanic or Latino,White,Female,55-64,46.864,Loan originated
1,695000.0,44,765000.0,187.0,1,Not Hispanic or Latino,White,Female,35-44,90.0,Loan originated
1,505000.0,44,625000.0,130.0,1,Not Hispanic or Latino,Asian,Male,25-34,80.0,Loan originated
1,605000.0,30%-<36%,635000.0,230.0,1,Not Hispanic or Latino,Asian,Female,25-34,95.0,Loan originated
1,655000.0,42,755000.0,196.0,1,Not Hispanic or Latino,Asian,Male,35-44,86.0,Loan originated
1,355000.0,48,415000.0,82.0,1,Hispanic or Latino,White,Female,25-34,85.0,Loan originated
1,505000.0,49,625000.0,119.0,1,Not Hispanic or Latino,Asian,Female,35-44,79.672,Loan originated
1,765000.0,49,795000.0,166.0,1,Not Hispanic or Latino,Black or African American,Female,35-44,96.662,Loan originated
1,585000.0,49,735000.0,179.0,1,Not Hispanic or Latino,White,Male,35-44,80.0,Loan originated
1,705000.0,44,1005000.0,147.0,1,Not Hispanic or Latino,Asian,Female,45-54,70.0,Loan originated
1,375000.0,39,395000.0,130.0,1,Not Hispanic or Latino,White,Male,55-64,95.0,Loan originated
1,505000.0,37,635000.0,130.0,1,Not Hispanic or Latino,Asian,Male,25-34,80.0,Loan originated
1,425000.0,42,625000.0,100.0,1,Not Hispanic or Latino,White,Male,45-54,67.74,Loan originated
1,605000.0,30%-<36%,885000.0,173.0,1,Not Hispanic or Latino,Asian,Male,35-44,67.8,Loan originated
1,335000.0,30%-<36%,1065000.0,157.0,1,Not Hispanic or Latino,White,Male,55-64,31.46,Loan originated
1,575000.0,49,605000.0,132.0,1,Hispanic or Latino,White,Male,45-54,95.0,Loan originated
1,1145000.0,44,1625000.0,325.0,1,Not Hispanic or Latino,White,Female,25-34,70.973,Loan originated
1,495000.0,47,525000.0,109.0,1,Not Hispanic or Latino,American Indian or Alaska Native,Male,<25,95.0,Loan originated
1,745000.0,30%-<36%,875000.0,283.0,1,Not Hispanic or Latino,Black or African American,Female,25-34,85.0,Loan originated
1,195000.0,46,445000.0,58.0,1,Not Hispanic or Latino,White,Male,>74,43.388,Loan originated
1,395000.0,48,475000.0,101.0,1,Not Hispanic or Latino,Black or African American,Female,55-64,102.6,Loan originated
1,505000.0,49,535000.0,238.0,1,Not Hispanic or Latino,White,Male,45-54,95.0,Loan originated
1,665000.0,20%-<30%,2255000.0,340.0,1,Not Hispanic or Latino,White,Male,45-54,29.55,Loan originated
1,335000.0,42,515000.0,89.0,1,Not Hispanic or Latino,White,Female,55-64,102.745,Loan originated
1,805000.0,49,855000.0,219.0,1,Not Hispanic or Latino,White,Male,25-34,95.0,Loan originated
1,755000.0,49,1485000.0,189.0,1,Not Hispanic or Latino,White,Male,55-64,50.743,Loan originated
1,775000.0,47,965000.0,266.0,1,Not Hispanic or Latino,Asian,Male,45-54,80.0,Loan originated
1,805000.0,38,1555000.0,260.0,1,Not Hispanic or Latino,Asian,Male,25-34,51.62,Loan originated
1,495000.0,30%-<36%,665000.0,161.0,1,Not Hispanic or Latino,White,Female,25-34,75.0,Loan originated
1,855000.0,50%-60%,895000.0,170.0,1,Hispanic or Latino,White,Male,35-44,95.0,Application denied
1,675000.0,49,845000.0,210.0,1,Not Hispanic or Latino,White,Male,35-44,80.0,Loan originated
1,1055000.0,30%-<36%,1505000.0,354.0,1,Not Hispanic or Latino,Asian,Male,35-44,70.0,Loan originated
1,745000.0,37,955000.0,220.0,1,Not Hispanic or Latino,Asian,Male,25-34,80.0,Loan originated
1,535000.0,30%-<36%,675000.0,190.0,1,Not Hispanic or Latino,White,Male,65-74,79.997,Loan originated
1,555000.0,42,695000.0,138.0,1,Not Hispanic or Latino,Asian,Female,<25,80.0,Loan originated
1,565000.0,46,735000.0,134.0,1,Not Hispanic or Latino,White,Male,25-34,77.397,Loan originated
1,425000.0,43,545000.0,146.0,1,Not Hispanic or Latino,Asian,Male,25-34,79.0,Loan originated
1,295000.0,<20%,1165000.0,313.0,1,Not Hispanic or Latino,White,Male,45-54,25.0,Loan originated
1,535000.0,45,835000.0,192.0,1,Not Hispanic or Latino,Asian,Female,25-34,65.0,Loan originated
1,405000.0,49,545000.0,91.0,1,Not Hispanic or Latino,Asian,Male,25-34,95.0,Loan originated
1,665000.0,20%-<30%,835000.0,250.0,1,Not Hispanic or Latino,White,Female,25-34,80.0,Loan originated
1,405000.0,20%-<30%,445000.0,168.0,1,Not Hispanic or Latino,White,Male,25-34,90.0,Loan originated
1,575000.0,39,635000.0,141.0,1,Hispanic or Latino,White,Male,25-34,90.0,Loan originated
1,565000.0,47,715000.0,115.0,1,Not Hispanic or Latino,Asian,Male,25-34,80.0,Loan originated
1,625000.0,45,825000.0,147.0,1,Not Hispanic or Latino,Black or African American,Female,45-54,75.901,Loan originated
1,595000.0,39,635000.0,200.0,1,Hispanic or Latino,White,Male,35-44,95.0,Loan originated
1,335000.0,49,435000.0,82.0,1,Not Hispanic or Latino,White,Female,55-64,77.471,Loan originated
1,185000.0,20%-<30%,485000.0,87.0,1,Not Hispanic or Latino,White,Female,45-54,38.75,Loan originated
1,245000.0,40,345000.0,77.0,1,Not Hispanic or Latino,White,Male,35-44,71.01,Loan originated
1,385000.0,20%-<30%,485000.0,180.0,1,Not Hispanic or Latino,White,Female,25-34,80.0,Loan originated
1,605000.0,30%-<36%,1055000.0,201.0,1,Not Hispanic or Latino,Asian,Female,35-44,75.0,Loan originated
1,215000.0,42,775000.0,103.0,1,Hispanic or Latino,White,Female,65-74,27.922,Loan originated
1,395000.0,39,495000.0,171.0,1,Not Hispanic or Latino,Asian,Female,35-44,80.0,Loan originated
1,955000.0,39,1195000.0,279.0,1,Not Hispanic or Latino,White,Male,65-74,80.0,Loan originated
1,325000.0,20%-<30%,625000.0,115.0,1,Not Hispanic or Latino,White,Male,25-34,51.613,Loan originated
1,665000.0,46,825000.0,162.0,1,Not Hispanic or Latino,White,Male,25-34,80.0,Loan originated
1,445000.0,20%-<30%,895000.0,251.0,1,Not Hispanic or Latino,Asian,Male,45-54,50.0,Loan originated
1,815000.0,47,1015000.0,213.0,1,Hispanic or Latino,White,Male,25-34,80.0,Loan originated
1,145000.0,49,1015000.0,99.0,1,Not Hispanic or Latino,White,Female,55-64,14.222,Loan originated
1,345000.0,20%-<30%,435000.0,153.0,1,Hispanic or Latino,Native Hawaiian or Other Pacific Islander,Male,25-34,80.0,Loan originated
1,345000.0,49,585000.0,73.0,1,Not Hispanic or Latino,White,Male,25-34,60.0,Loan originated
1,725000.0,47,805000.0,149.0,1,Not Hispanic or Latino,Asian,Female,45-54,90.0,Loan originated
1,615000.0,45,645000.0,132.0,1,Not Hispanic or Latino,White,Female,>74,95.0,Loan originated
1,805000.0,30%-<36%,955000.0,447.0,1,Not Hispanic or Latino,Asian,Female,35-44,85.0,Loan originated
1,615000.0,39,875000.0,323.0,1,Not Hispanic or Latino,White,Female,65-74,70.629,Loan originated
1,515000.0,45,645000.0,162.0,1,Hispanic or Latino,White,Male,35-44,79.988,Loan originated
1,1125000.0,<20%,1325000.0,634.0,1,Not Hispanic or Latino,White,Female,35-44,84.848,Loan originated
1,575000.0,43,605000.0,417.0,1,Not Hispanic or Latino,White,Male,55-64,95.0,Loan originated
1,585000.0,30%-<36%,725000.0,160.0,1,Not Hispanic or Latino,Asian,Female,45-54,80.0,Loan originated
1,475000.0,48,495000.0,137.0,1,Hispanic or Latino,White,Female,35-44,96.0,Application denied
1,295000.0,49,495000.0,198.0,1,Not Hispanic or Latino,White,Female,35-44,60.0,Loan originated
1,485000.0,49,605000.0,105.0,1,Hispanic or Latino,White,Female,25-34,80.0,Loan originated
1,625000.0,49,785000.0,189.0,1,Not Hispanic or Latino,Asian,Male,35-44,80.0,Loan originated
1,315000.0,44,325000.0,80.0,1,Not Hispanic or Latino,White,Female,35-44,41.8,Loan originated
1,945000.0,46,1275000.0,206.0,1,Not Hispanic or Latino,White,Male,35-44,75.0,Loan originated
1,665000.0,44,825000.0,153.0,1,Hispanic or Latino,White,Female,25-34,80.0,Loan originated
1,305000.0,48,1155000.0,142.0,1,Not Hispanic or Latino,White,Male,45-54,54.348,Loan originated
1,475000.0,49,535000.0,86.0,1,Not Hispanic or Latino,Asian,Male,25-34,88.88,Loan originated
1,535000.0,44,555000.0,150.0,1,Not Hispanic or Latino,White,Male,25-34,97.0,Loan originated
1,1135000.0,49,1565000.0,287.0,1,Not Hispanic or Latino,White,Female,45-54,73.0,Loan originated
1,365000.0,44,455000.0,86.0,1,Hispanic or Latino,White,Male,25-34,80.0,Loan originated
1,905000.0,40,1405000.0,225.0,1,Not Hispanic or Latino,White,Female,45-54,64.117,Loan originated
1,415000.0,39,925000.0,119.0,1,Not Hispanic or Latino,White,Male,55-64,45.277,Loan originated
1,565000.0,40,965000.0,192.0,1,Not Hispanic or Latino,Asian,Female,35-44,58.377,Loan originated
1,465000.0,41,585000.0,117.0,1,Not Hispanic or Latino,White,Male,25-34,80.0,Loan originated
1,65000.0,30%-<36%,65000.0,64.0,1,Not Hispanic or Latino,White,Male,45-54,95.0,Loan originated
1,145000.0,20%-<30%,205000.0,225.0,1,Not Hispanic or Latino,White,Male,35-44,70.0,Loan originated
1,765000.0,38,925000.0,195.0,1,Not Hispanic or Latino,Asian,Female,35-44,83.321,Loan originated
1,565000.0,46,645000.0,121.0,1,Hispanic or Latino,White,Female,25-34,87.0,Loan originated
1,545000.0,44,805000.0,356.0,1,Hispanic or Latino,White,Female,35-44,68.125,Loan originated
1,745000.0,44,1235000.0,165.0,1,Hispanic or Latino,White,Female,25-34,59.92,Loan originated
1,925000.0,20%-<30%,1315000.0,505.0,1,Not Hispanic or Latino,White,Female,35-44,69.962,Loan originated
1,825000.0,48,1115000.0,280.0,1,Hispanic or Latino,White,Male,45-54,73.595,Loan originated
1,825000.0,48,1105000.0,197.0,1,Hispanic or Latino,White,Male,45-54,75.0,Loan originated
1,595000.0,40,1195000.0,405.0,1,Not Hispanic or Latino,White,Male,>74,49.707,Loan originated
1,1095000.0,48,1155000.0,222.0,1,Hispanic or Latino,White,Male,25-34,95.0,Loan originated
1,665000.0,48,705000.0,150.0,1,Not Hispanic or Latino,Black or African American,Male,25-34,95.0,Loan originated
1,535000.0,48,545000.0,120.0,1,Hispanic or Latino,White,Male,35-44,100.0,Loan originated
1,1105000.0,20%-<30%,1495000.0,435.0,1,Not Hispanic or Latino,Asian,Male,35-44,74.278,Loan originated
1,755000.0,45,1125000.0,195.0,1,Not Hispanic or Latino,White,Female,35-44,66.964,Loan originated
1,385000.0,39,475000.0,100.0,1,Not Hispanic or Latino,Asian,Male,25-34,80.0,Loan originated
1,825000.0,30%-<36%,1035000.0,369.0,1,Not Hispanic or Latino,Asian,Female,35-44,80.0,Loan originated
1,105000.0,40,525000.0,65.0,1,Hispanic or Latino,White,Female,65-74,19.048,Loan originated
1,105000.0,45,185000.0,45.0,1,Hispanic or Latino,White,Male,<25,53.387,Application denied
1,315000.0,50%-60%,385000.0,68.0,1,Not Hispanic or Latino,Asian,Female,25-34,83.16,Application denied
1,175000.0,37,185000.0,90.0,1,Hispanic or Latino,White,Male,<25,95.0,Loan originated
1,315000.0,40,345000.0,144.0,1,Hispanic or Latino,White,Female,35-44,90.0,Loan originated
1,305000.0,46,315000.0,90.0,1,Hispanic or Latino,White,Male,25-34,100.0,Loan originated
1,215000.0,38,265000.0,107.0,1,Hispanic or Latino,White,Female,55-64,80.0,Loan originated
1,965000.0,30%-<36%,1205000.0,438.0,1,Not Hispanic or Latino,Asian,Male,55-64,80.0,Loan originated
1,475000.0,20%-<30%,955000.0,270.0,1,Not Hispanic or Latino,White,Male,35-44,49.215,Loan originated
1,475000.0,40,525000.0,166.0,1,Not Hispanic or Latino,White,Female,35-44,90.0,Loan originated
1,215000.0,47,245000.0,54.0,1,Hispanic or Latino,White,Female,25-34,90.0,Loan originated
1,395000.0,36,495000.0,145.0,1,Not Hispanic or Latino,White,Male,35-44,80.0,Loan originated
1,425000.0,42,835000.0,122.0,1,Not Hispanic or Latino,White,Female,25-34,50.68,Loan originated
1,285000.0,44,335000.0,74.0,1,Not Hispanic or Latino,White,Male,45-54,85.0,Loan originated
1,385000.0,44,405000.0,82.0,1,Not Hispanic or Latino,White,Female,35-44,95.0,Loan originated
1,475000.0,48,675000.0,105.0,1,Not Hispanic or Latino,Asian,Male,25-34,70.37,Loan originated
1,355000.0,49,445000.0,88.0,1,Hispanic or Latino,White,Male,25-34,80.0,Loan originated
1,1005000.0,38,1275000.0,251.0,1,Not Hispanic or Latino,White,Male,25-34,78.431,Loan originated
1,555000.0,43,955000.0,125.0,1,Hispanic or Latino,White,Male,25-34,57.895,Loan originated
1,305000.0,20%-<30%,325000.0,452.0,1,Hispanic or Latino,American Indian or Alaska Native,Male,55-64,95.0,Loan originated
1,915000.0,49,965000.0,194.0,1,Not Hispanic or Latino,White,Female,25-34,95.0,Loan originated
1,1135000.0,49,1205000.0,215.0,1,Not Hispanic or Latino,Asian,Male,25-34,94.33,Loan originated
1,285000.0,20%-<30%,705000.0,187.0,1,Not Hispanic or Latino,White,Male,45-54,40.714,Loan originated
1,765000.0,39,945000.0,226.0,1,Not Hispanic or Latino,Asian,Female,35-44,81.058,Loan originated
1,695000.0,37,865000.0,572.0,1,Hispanic or Latino,White,Female,45-54,80.0,Loan originated
1,945000.0,46,1355000.0,225.0,1,Not Hispanic or Latino,White,Male,25-34,70.0,Loan originated
1,265000.0,43,525000.0,116.0,1,Not Hispanic or Latino,White,Male,45-54,50.473,Loan originated
1,745000.0,48,1085000.0,160.0,1,Not Hispanic or Latino,White,Female,55-64,67.971,Loan originated
1,125000.0,>60%,285000.0,2.0,1,Not Hispanic or Latino,White,Male,65-74,43.706,Application denied
1,965000.0,48,1205000.0,222.0,1,Not Hispanic or Latino,Asian,Female,45-54,80.0,Loan originated
1,575000.0,49,595000.0,113.0,1,Hispanic or Latino,White,Female,25-34,97.0,Loan originated
1,585000.0,20%-<30%,1105000.0,247.0,1,Not Hispanic or Latino,Asian,Female,45-54,52.727,Loan originated
1,305000.0,50%-60%,2005000.0,133.0,1,Not Hispanic or Latino,Asian,Female,55-64,15.0,Application denied
1,755000.0,46,885000.0,283.0,1,Not Hispanic or Latino,White,Female,45-54,85.0,Loan originated
1,375000.0,>60%,465000.0,65.0,1,Hispanic or Latino,White,Female,45-54,80.0,Application denied
1,755000.0,30%-<36%,895000.0,372.0,1,Not Hispanic or Latino,Black or African American,Male,35-44,89.989,Loan originated
1,655000.0,36,875000.0,179.0,1,Not Hispanic or Latino,Asian,Male,25-34,75.0,Loan originated
1,765000.0,30%-<36%,855000.0,215.0,1,Not Hispanic or Latino,Asian,Male,45-54,90.0,Loan originated
1,825000.0,40,875000.0,228.0,1,Not Hispanic or Latino,Asian,Female,35-44,95.0,Loan originated
1,545000.0,20%-<30%,725000.0,238.0,1,Not Hispanic or Latino,White,Male,45-54,75.0,Loan originated
1,55000.0,47,85000.0,47.0,1,Not Hispanic or Latino,Asian,Male,55-64,65.0,Application denied
1,635000.0,20%-<30%,795000.0,290.0,1,Not Hispanic or Latino,White,Male,35-44,80.0,Loan originated
1,865000.0,43,935000.0,300.0,1,Not Hispanic or Latino,White,Male,25-34,93.0,Loan originated
1,165000.0,48,375000.0,38.0,1,Hispanic or Latino,White,Male,55-64,44.9,Loan originated
1,575000.0,42,815000.0,296.0,1,Not Hispanic or Latino,Asian,Male,25-34,70.0,Loan originated
1,575000.0,41,645000.0,159.0,1,Not Hispanic or Latino,Asian,Female,25-34,90.0,Loan originated
1,385000.0,36,475000.0,154.0,1,Not Hispanic or Latino,White,Female,35-44,80.0,Loan originated
1,745000.0,43,995000.0,195.0,1,Not Hispanic or Latino,White,Female,35-44,75.0,Loan originated
1,445000.0,50%-60%,465000.0,102.0,1,Not Hispanic or Latino,Black or African American,Male,35-44,95.0,Application denied
1,415000.0,30%-<36%,515000.0,205.0,1,Not Hispanic or Latino,White,Male,35-44,80.0,Loan originated
1,755000.0,45,795000.0,177.0,1,Not Hispanic or Latino,Asian,Male,35-44,95.0,Loan originated
1,35000.0,<20%,65000.0,129.0,1,Not Hispanic or Latino,White,Female,55-64,63.71,Loan originated
1,285000.0,20%-<30%,685000.0,134.0,1,Not Hispanic or Latino,White,Female,55-64,41.606,Loan originated
1,425000.0,41,525000.0,104.0,1,Not Hispanic or Latino,White,Female,25-34,80.0,Loan originated
1,735000.0,37,915000.0,205.0,1,Not Hispanic or Latino,Asian,Female,25-34,80.0,Loan originated
1,485000.0,30%-<36%,575000.0,157.0,1,Not Hispanic or Latino,White,Male,45-54,85.0,Loan originated
1,915000.0,30%-<36%,2715000.0,210.0,1,Not Hispanic or Latino,Asian,Female,25-34,34.0,Loan originated
1,965000.0,40,1215000.0,248.0,1,Not Hispanic or Latino,White,Male,35-44,80.0,Loan originated
1,445000.0,43,775000.0,144.0,1,Not Hispanic or Latino,Asian,Male,25-34,57.419,Loan originated
1,725000.0,45,1415000.0,253.0,1,Not Hispanic or Latino,Asian,Male,45-54,52.0,Loan originated
1,415000.0,46,455000.0,95.0,1,Hispanic or Latino,White,Male,35-44,92.0,Loan originated
1,325000.0,46,335000.0,94.0,1,Not Hispanic or Latino,White,Male,25-34,97.0,Loan originated
1,885000.0,43,1265000.0,294.0,1,Not Hispanic or Latino,Asian,Female,55-64,70.0,Loan originated
1,365000.0,47,1165000.0,344.0,1,Hispanic or Latino,Native Hawaiian or Other Pacific Islander,Female,35-44,31.03,Application denied
1,505000.0,20%-<30%,595000.0,341.0,1,Not Hispanic or Latino,White,Male,45-54,85.0,Loan originated
1,455000.0,30%-<36%,955000.0,150.0,1,Hispanic or Latino,White,Male,45-54,47.368,Loan originated
1,505000.0,45,625000.0,124.0,1,Not Hispanic or Latino,White,Female,25-34,80.0,Loan originated
1,435000.0,20%-<30%,565000.0,172.0,1,Hispanic or Latino,White,Male,55-64,78.214,Loan originated
1,255000.0,50%-60%,675000.0,59.0,1,Hispanic or Latino,White,Female,45-54,37.778,Application denied
1,415000.0,41,515000.0,86.0,1,Not Hispanic or Latino,Asian,Male,35-44,80.0,Loan originated
1,405000.0,48,505000.0,217.0,1,Not Hispanic or Latino,White,Male,25-34,80.0,Loan originated
1,155000.0,47,625000.0,95.0,1,Not Hispanic or Latino,White,Female,65-74,24.0,Loan originated
1,715000.0,48,845000.0,140.0,1,Not Hispanic or Latino,Asian,Female,25-34,85.0,Loan originated
1,325000.0,20%-<30%,415000.0,153.0,1,Not Hispanic or Latino,Asian,Male,25-34,80.0,Application denied
1,525000.0,47,665000.0,136.0,1,Not Hispanic or Latino,White,Female,45-54,80.0,Loan originated
1,685000.0,45,885000.0,159.0,1,Not Hispanic or Latino,Asian,Male,25-34,77.401,Loan originated
1,1145000.0,30%-<36%,1425000.0,424.0,1,Not Hispanic or Latino,White,Male,25-34,79.944,Loan originated
1,485000.0,39,615000.0,145.0,1,Not Hispanic or Latino,White,Female,35-44,80.0,Application denied
1,415000.0,30%-<36%,815000.0,139.0,1,Not Hispanic or Latino,White,Female,25-34,50.92,Loan originated
1,565000.0,43,595000.0,143.0,1,Not Hispanic or Latino,White,Male,25-34,95.0,Loan originated
1,315000.0,37,555000.0,254.0,1,Not Hispanic or Latino,White,Male,35-44,57.007,Loan originated
1,785000.0,46,985000.0,187.0,1,Not Hispanic or Latino,Asian,Male,25-34,80.0,Loan originated
1,1145000.0,49,1345000.0,376.0,1,Not Hispanic or Latino,White,Male,35-44,85.0,Loan originated
1,325000.0,47,455000.0,72.0,1,Not Hispanic or Latino,Asian,Male,55-64,71.739,Loan originated
1,295000.0,45,475000.0,80.0,1,Not Hispanic or Latino,Black or African American,Female,55-64,63.0,Loan originated
1,685000.0,20%-<30%,855000.0,278.0,1,Not Hispanic or Latino,Asian,Male,25-34,80.0,Loan originated
1,415000.0,20%-<30%,515000.0,176.0,1,Not Hispanic or Latino,Asian,Male,35-44,80.0,Loan originated
1,175000.0,30%-<36%,185000.0,104.0,1,Hispanic or Latino,White,Male,<25,96.34,Application denied
1,445000.0,49,485000.0,106.0,1,Hispanic or Latino,American Indian or Alaska Native,Female,<25,90.0,Application denied
1,765000.0,48,975000.0,397.0,1,Not Hispanic or Latino,Asian,Male,45-54,78.375,Loan originated
1,895000.0,30%-<36%,1485000.0,1997.0,1,Not Hispanic or Latino,Asian,Female,35-44,64.96,Loan originated
1,385000.0,49,415000.0,131.0,1,Hispanic or Latino,White,Male,45-54,99.75,Loan originated
1,185000.0,42,275000.0,79.0,1,Not Hispanic or Latino,White,Female,45-54,66.67,Loan originated
1,295000.0,48,605000.0,88.0,1,Hispanic or Latino,Asian,Female,35-44,48.249,Loan originated
1,1065000.0,44,1335000.0,279.0,1,Not Hispanic or Latino,White,Male,25-34,80.0,Loan originated
1,165000.0,49,205000.0,39.0,1,Hispanic or Latino,White,Male,45-54,80.0,Loan originated
1,435000.0,43,455000.0,117.0,1,Hispanic or Latino,White,Female,25-34,97.0,Loan originated
1,705000.0,43,745000.0,210.0,1,Not Hispanic or Latino,White,Male,55-64,95.0,Loan originated
1,495000.0,45,705000.0,116.0,1,Not Hispanic or Latino,Asian,Female,35-44,70.0,Loan originated
1,865000.0,49,1395000.0,180.0,1,Not Hispanic or Latino,Asian,Male,25-34,61.64,Loan originated
1,525000.0,<20%,655000.0,779.0,1,Not Hispanic or Latino,Asian,Female,45-54,79.99994,Loan originated
1,655000.0,49,775000.0,181.0,1,Not Hispanic or Latino,White,Female,45-54,85.0,Loan originated
1,465000.0,43,515000.0,112.0,1,Hispanic or Latino,White,Male,45-54,90.28,Loan originated
1,695000.0,30%-<36%,995000.0,432.0,1,Not Hispanic or Latino,White,Female,>74,70.0,Loan originated
1,775000.0,44,815000.0,418.0,1,Not Hispanic or Latino,Asian,Female,25-34,95.0,Loan originated
1,755000.0,44,945000.0,312.0,1,Not Hispanic or Latino,Black or African American,Female,45-54,80.0,Loan originated
1,155000.0,36,185000.0,48.0,1,Not Hispanic or Latino,White,Female,35-44,85.0,Loan originated
1,755000.0,44,1055000.0,200.0,1,Not Hispanic or Latino,Asian,Male,55-64,71.467,Loan originated
1,345000.0,49,515000.0,80.0,1,Not Hispanic or Latino,White,Female,65-74,66.019,Loan originated
1,1005000.0,41,1345000.0,831.0,1,Not Hispanic or Latino,Asian,Female,35-44,75.0,Loan originated
1,765000.0,45,1355000.0,14.0,1,Not Hispanic or Latino,Asian,Male,35-44,56.09,Loan originated
1,745000.0,49,875000.0,166.0,1,Not Hispanic or Latino,Asian,Female,35-44,86.0,Loan originated
1,505000.0,30%-<36%,555000.0,261.0,1,Not Hispanic or Latino,Asian,Male,45-54,90.0,Loan originated
1,505000.0,37,635000.0,161.0,1,Not Hispanic or Latino,White,Female,25-34,79.912,Loan originated
1,565000.0,37,755000.0,162.0,1,Not Hispanic or Latino,Asian,Male,35-44,75.0,Loan originated
1,685000.0,>60%,765000.0,116.0,1,Not Hispanic or Latino,Asian,Male,35-44,89.474,Application denied
1,505000.0,42,705000.0,132.0,1,Not Hispanic or Latino,Asian,Female,35-44,75.0,Loan originated
1,275000.0,49,415000.0,70.0,1,Not Hispanic or Latino,Asian,Female,25-34,66.427,Loan originated
1,665000.0,49,705000.0,129.0,1,Hispanic or Latino,White,Female,25-34,95.0,Loan originated
1,725000.0,38,1175000.0,200.0,1,Not Hispanic or Latino,Asian,Male,25-34,62.0,Loan originated
1,575000.0,44,735000.0,131.0,1,Not Hispanic or Latino,Black or African American,Female,65-74,77.578,Loan originated
1,735000.0,46,775000.0,152.0,1,Not Hispanic or Latino,Asian,Male,35-44,95.0,Application denied
1,645000.0,49,675000.0,151.0,1,Not Hispanic or Latino,Asian,Male,35-44,95.0,Loan originated
1,565000.0,50%-60%,595000.0,110.0,1,Hispanic or Latino,White,Male,45-54,95.0,Loan originated
1,505000.0,45,1265000.0,184.0,1,Not Hispanic or Latino,White,Male,55-64,39.68,Loan originated
1,865000.0,49,965000.0,212.0,1,Not Hispanic or Latino,White,Female,35-44,89.9,Loan originated
1,1085000.0,<20%,1455000.0,720.0,1,Not Hispanic or Latino,White,Male,35-44,75.0,Loan originated
1,615000.0,>60%,715000.0,187.0,1,Not Hispanic or Latino,Asian,Female,45-54,86.07,Application denied
1,515000.0,45,575000.0,131.0,1,Not Hispanic or Latino,Asian,Female,35-44,90.0,Loan originated
1,785000.0,44,975000.0,179.0,1,Not Hispanic or Latino,White,Female,25-34,80.0,Loan originated
1,765000.0,43,915000.0,197.0,1,Not Hispanic or Latino,White,Female,55-64,83.716,Loan originated
1,395000.0,>60%,495000.0,64.0,1,Hispanic or Latino,White,Female,45-54,80.0,Application denied
1,395000.0,49,435000.0,76.0,1,Hispanic or Latino,White,Male,45-54,90.0,Loan originated
1,765000.0,47,955000.0,181.0,1,Hispanic or Latino,White,Male,25-34,80.0,Loan originated
1,305000.0,46,415000.0,75.0,1,Not Hispanic or Latino,Asian,Male,25-34,75.0,Loan originated
1,615000.0,48,685000.0,120.0,1,Hispanic or Latino,White,Male,25-34,90.0,Loan originated
1,605000.0,50%-60%,645000.0,155.0,1,Not Hispanic or Latino,White,Male,25-34,95.0,Loan originated
1,765000.0,47,815000.0,397.0,1,Not Hispanic or Latino,Asian,Male,45-54,93.97,Loan originated
1,275000.0,49,335000.0,68.0,1,Hispanic or Latino,Asian,Female,25-34,80.0,Loan originated
1,685000.0,<20%,855000.0,3302.0,1,Not Hispanic or Latino,White,Male,45-54,80.0,Loan originated
1,345000.0,30%-<36%,435000.0,96.0,1,Not Hispanic or Latino,White,Female,25-34,80.0,Loan originated
1,675000.0,36,745000.0,187.0,1,Not Hispanic or Latino,Asian,Male,35-44,90.0,Loan originated
1,655000.0,>60%,855000.0,101.0,1,Hispanic or Latino,White,Female,35-44,76.471,Loan originated
1,945000.0,37,1455000.0,361.0,1,Not Hispanic or Latino,Asian,Male,45-54,65.145,Loan originated
1,1015000.0,<20%,1275000.0,1999.0,1,Not Hispanic or Latino,Asian,Male,25-34,80.0,Loan originated
1,475000.0,48,595000.0,163.0,1,Not Hispanic or Latino,Asian,Female,45-54,80.0,Loan originated
1,715000.0,43,755000.0,246.0,1,Not Hispanic or Latino,White,Male,35-44,95.0,Loan originated
1,515000.0,43,535000.0,170.0,1,Not Hispanic or Latino,Asian,Male,35-44,95.0,Loan originated
1,465000.0,47,585000.0,101.0,1,Hispanic or Latino,White,Male,45-54,80.0,Loan originated
1,375000.0,45,465000.0,92.0,1,Hispanic or Latino,White,Female,35-44,80.0,Loan originated
1,465000.0,46,495000.0,111.0,1,Not Hispanic or Latino,Asian,Male,25-34,92.558,Loan originated
1,195000.0,20%-<30%,205000.0,78.0,1,Hispanic or Latino,White,Male,25-34,95.0,Loan originated
1,285000.0,41,295000.0,82.0,1,Not Hispanic or Latino,White,Male,65-74,97.0,Loan originated
1,235000.0,39,925000.0,106.0,1,Not Hispanic or Latino,White,Female,35-44,71.48,Loan originated
1,65000.0,49,605000.0,38.0,1,Not Hispanic or Latino,White,Female,>74,12.0,Loan originated
1,685000.0,43,755000.0,155.0,1,Not Hispanic or Latino,Asian,Female,35-44,90.0,Loan originated
1,245000.0,>60%,345000.0,24.0,1,Not Hispanic or Latino,Asian,Female,65-74,95.0,Application denied
1,975000.0,47,1215000.0,208.0,1,Hispanic or Latino,White,Male,35-44,80.0,Loan originated
1,425000.0,44,525000.0,120.0,1,Not Hispanic or Latino,Asian,Female,65-74,80.0,Loan originated
1,615000.0,49,655000.0,126.0,1,Not Hispanic or Latino,White,Male,25-34,95.0,Loan originated
1,465000.0,41,735000.0,141.0,1,Hispanic or Latino,White,Male,45-54,64.0,Loan originated
1,785000.0,30%-<36%,985000.0,570.0,1,Not Hispanic or Latino,Asian,Female,25-34,80.0,Loan originated
1,415000.0,49,425000.0,113.0,1,Not Hispanic or Latino,Black or African American,Female,25-34,100.0,Loan originated
1,675000.0,44,795000.0,146.0,1,Not Hispanic or Latino,Asian,Male,35-44,84.989,Loan originated
1,495000.0,42,625000.0,223.0,1,Not Hispanic or Latino,Asian,Female,25-34,82.667,Loan originated
1,685000.0,44,725000.0,193.0,1,Not Hispanic or Latino,White,Male,35-44,95.0,Loan originated
1,455000.0,49,505000.0,114.0,1,Not Hispanic or Latino,White,Female,25-34,90.0,Loan originated
1,505000.0,30%-<36%,635000.0,153.0,1,Not Hispanic or Latino,Asian,Male,35-44,80.0,Loan originated
1,385000.0,30%-<36%,405000.0,164.0,1,Not Hispanic or Latino,White,Male,45-54,95.0,Loan originated
1,285000.0,38,375000.0,73.0,1,Not Hispanic or Latino,White,Male,25-34,75.99,Loan originated
1,385000.0,43,425000.0,94.0,1,Hispanic or Latino,White,Female,25-34,90.0,Loan originated
1,765000.0,46,965000.0,225.0,1,Not Hispanic or Latino,White,Male,35-44,79.84,Loan originated
1,425000.0,41,495000.0,150.0,1,Not Hispanic or Latino,White,Female,25-34,85.0,Loan originated
1,295000.0,39,355000.0,86.0,1,Hispanic or Latino,White,Female,25-34,83.803,Loan originated
1,935000.0,20%-<30%,1335000.0,425.0,1,Not Hispanic or Latino,Asian,Female,35-44,70.0,Loan originated
1,785000.0,48,915000.0,169.0,1,Not Hispanic or Latino,Asian,Male,35-44,85.0,Loan originated
1,795000.0,46,885000.0,188.0,1,Not Hispanic or Latino,White,Female,55-64,90.0,Loan originated
1,655000.0,43,1355000.0,239.0,1,Not Hispanic or Latino,White,Male,>74,48.148,Loan originated
1,615000.0,46,765000.0,142.0,1,Not Hispanic or Latino,White,Male,35-44,80.0,Loan originated
1,295000.0,46,395000.0,80.0,1,Not Hispanic or Latino,White,Male,<25,75.0,Loan originated
1,595000.0,39,745000.0,155.0,1,Not Hispanic or Latino,Asian,Female,25-34,80.0,Loan originated
1,565000.0,20%-<30%,1165000.0,419.0,1,Not Hispanic or Latino,White,Female,55-64,48.276,Loan originated
1,285000.0,45,295000.0,58.0,1,Hispanic or Latino,White,Male,25-34,95.0,Loan originated
1,505000.0,30%-<36%,1025000.0,214.0,1,Not Hispanic or Latino,Asian,Female,55-64,48.78,Loan originated
1,385000.0,40,405000.0,91.0,1,Not Hispanic or Latino,White,Male,35-44,95.0,Loan originated
1,215000.0,30%-<36%,225000.0,91.0,1,Not Hispanic or Latino,Black or African American,Female,65-74,95.0,Loan originated
1,185000.0,48,235000.0,41.0,1,Hispanic or Latino,White,Female,55-64,80.0,Loan originated
1,535000.0,43,635000.0,163.0,1,Not Hispanic or Latino,White,Male,35-44,84.882,Loan originated
1,575000.0,48,605000.0,189.0,1,Not Hispanic or Latino,White,Female,45-54,95.0,Loan originated
1,525000.0,37,555000.0,150.0,1,Not Hispanic or Latino,White,Female,35-44,95.0,Loan originated
1,465000.0,44,525000.0,99.0,1,Hispanic or Latino,White,Female,65-74,92.7,Loan originated
1,455000.0,30%-<36%,475000.0,187.0,1,Not Hispanic or Latino,Asian,Female,45-54,95.0,Loan originated
1,655000.0,43,825000.0,178.0,1,Hispanic or Latino,White,Male,25-34,80.0,Loan originated
1,275000.0,44,325000.0,84.0,1,Not Hispanic or Latino,White,Female,45-54,85.0,Loan originated
1,1115000.0,20%-<30%,1405000.0,390.0,1,Not Hispanic or Latino,Asian,Male,25-34,80.0,Loan originated
1,635000.0,42,795000.0,155.0,1,Not Hispanic or Latino,Asian,Male,25-34,80.0,Loan originated
1,395000.0,30%-<36%,495000.0,153.0,1,Hispanic or Latino,American Indian or Alaska Native,Female,45-54,81.0,Loan originated
1,365000.0,48,395000.0,69.0,1,Not Hispanic or Latino,White,Female,55-64,92.308,Loan originated
1,595000.0,49,745000.0,116.0,1,Not Hispanic or Latino,Asian,Male,<25,80.0,Loan originated
1,195000.0,38,915000.0,96.0,1,Not Hispanic or Latino,White,Male,45-54,21.311,Loan originated
1,725000.0,20%-<30%,855000.0,415.0,1,Not Hispanic or Latino,White,Male,25-34,85.0,Loan originated
1,475000.0,42,535000.0,120.0,1,Hispanic or Latino,White,Male,25-34,93.0,Loan originated
1,575000.0,46,595000.0,148.0,1,Hispanic or Latino,White,Male,25-34,97.0,Loan originated
1,515000.0,20%-<30%,815000.0,230.0,1,Not Hispanic or Latino,Asian,Female,35-44,63.19,Loan originated
1,665000.0,30%-<36%,835000.0,184.0,1,Hispanic or Latino,White,Male,25-34,80.0,Loan originated
1,605000.0,30%-<36%,805000.0,444.0,1,Not Hispanic or Latino,White,Male,25-34,75.0,Loan originated
1,855000.0,38,1005000.0,223.0,1,Not Hispanic or Latino,Asian,Male,35-44,85.0,Application denied
1,635000.0,42,795000.0,147.0,1,Not Hispanic or Latino,Asian,Male,25-34,80.0,Loan originated
1,535000.0,47,785000.0,127.0,1,Not Hispanic or Latino,Asian,Male,25-34,67.99,Loan originated
1,395000.0,50%-60%,445000.0,71.0,1,Not Hispanic or Latino,White,Female,35-44,90.0,Application denied
1,765000.0,41,815000.0,215.0,1,Not Hispanic or Latino,White,Male,25-34,94.0,Loan originated
1,755000.0,45,1255000.0,251.0,1,Not Hispanic or Latino,Asian,Male,35-44,60.0,Loan originated
1,475000.0,41,595000.0,157.0,1,Not Hispanic or Latino,Asian,Male,25-34,80.0,Loan originated
1,215000.0,30%-<36%,855000.0,111.0,1,Not Hispanic or Latino,White,Male,65-74,25.176,Loan originated
1,645000.0,46,665000.0,142.0,1,Hispanic or Latino,White,Male,25-34,97.0,Loan originated
1,355000.0,30%-<36%,375000.0,191.0,1,Not Hispanic or Latino,Asian,Female,25-34,95.0,Loan originated
1,405000.0,<20%,515000.0,1176.0,1,Not Hispanic or Latino,White,Male,35-44,80.0,Loan originated
1,565000.0,46,1065000.0,128.0,1,Not Hispanic or Latino,Asian,Male,45-54,53.0,Loan originated
1,755000.0,37,805000.0,215.0,1,Not Hispanic or Latino,Asian,Male,25-34,95.0,Loan originated
1,455000.0,44,535000.0,97.0,1,Hispanic or Latino,White,Female,25-34,85.0,Loan originated
1,1065000.0,20%-<30%,1335000.0,575.0,1,Not Hispanic or Latino,White,Male,55-64,80.0,Loan originated
1,195000.0,46,335000.0,56.0,1,Not Hispanic or Latino,Asian,Female,65-74,58.823,Loan originated
1,215000.0,44,365000.0,55.0,1,Hispanic or Latino,White,Female,>74,59.178,Loan originated
1,455000.0,38,795000.0,124.0,1,Not Hispanic or Latino,Asian,Female,25-34,56.962,Loan originated
1,965000.0,20%-<30%,1205000.0,401.0,1,Not Hispanic or Latino,White,Female,25-34,80.0,Loan originated
1,765000.0,20%-<30%,975000.0,266.0,1,Hispanic or Latino,White,Female,25-34,78.62,Loan originated
1,595000.0,49,745000.0,199.0,1,Not Hispanic or Latino,Asian,Male,45-54,80.0,Loan originated
1,895000.0,46,1195000.0,204.0,1,Not Hispanic or Latino,Asian,Male,25-34,75.0,Loan originated
1,695000.0,30%-<36%,875000.0,197.0,1,Not Hispanic or Latino,White,Male,25-34,80.0,Loan originated
1,545000.0,<20%,845000.0,-25.0,1,Not Hispanic or Latino,Asian,Male,55-64,65.0,Application denied
1,525000.0,36,575000.0,132.0,1,Not Hispanic or Latino,Asian,Female,25-34,89.99,Loan originated
1,255000.0,44,505000.0,73.0,1,Not Hispanic or Latino,Asian,Male,25-34,50.495,Loan originated
1,755000.0,38,875000.0,221.0,1,Not Hispanic or Latino,White,Male,45-54,86.363,Loan originated
1,175000.0,30%-<36%,255000.0,101.0,1,Not Hispanic or Latino,Native Hawaiian or Other Pacific Islander,Female,65-74,70.0,Loan originated
1,545000.0,20%-<30%,825000.0,322.0,1,Hispanic or Latino,White,Male,45-54,66.056,Loan originated
1,615000.0,46,635000.0,148.0,1,Not Hispanic or Latino,White,Male,25-34,97.0,Loan originated
1,275000.0,39,335000.0,76.0,1,Hispanic or Latino,Black or African American,Female,55-64,100.0,Loan originated
1,1075000.0,44,1135000.0,256.0,1,Not Hispanic or Latino,Black or African American,Female,45-54,95.0,Loan originated
1,645000.0,49,665000.0,188.0,1,Hispanic or Latino,White,Female,25-34,97.0,Loan originated
1,475000.0,43,595000.0,106.0,1,Not Hispanic or Latino,Asian,Male,<25,80.0,Loan originated
1,1135000.0,20%-<30%,1515000.0,606.0,1,Not Hispanic or Latino,White,Female,55-64,89.933,Loan originated
1,315000.0,48,335000.0,80.0,1,Hispanic or Latino,White,Male,35-44,95.0,Loan originated
1,205000.0,>60%,815000.0,33.0,1,Not Hispanic or Latino,Asian,Male,55-64,24.579,Application denied
1,805000.0,20%-<30%,1575000.0,443.0,1,Not Hispanic or Latino,Asian,Female,55-64,51.0,Loan originated
1,885000.0,45,985000.0,195.0,1,Not Hispanic or Latino,White,Female,25-34,90.0,Loan originated
1,345000.0,48,435000.0,169.0,1,Not Hispanic or Latino,White,Female,25-34,80.0,Loan originated
1,665000.0,47,835000.0,134.0,1,Not Hispanic or Latino,White,Male,25-34,80.0,Loan originated
1,705000.0,41,1505000.0,243.0,1,Hispanic or Latino,White,Male,35-44,46.67,Loan originated
1,695000.0,42,775000.0,447.0,1,Not Hispanic or Latino,Asian,Female,65-74,90.0,Loan originated
1,225000.0,37,495000.0,106.0,1,Not Hispanic or Latino,Black or African American,Male,45-54,44.444,Loan originated
1,515000.0,45,575000.0,115.0,1,Not Hispanic or Latino,White,Female,35-44,89.78,Loan originated
1,175000.0,49,195000.0,59.0,1,Not Hispanic or Latino,Black or African American,Female,45-54,93.684,Loan originated
1,665000.0,30%-<36%,705000.0,188.0,1,Not Hispanic or Latino,Asian,Male,35-44,95.0,Loan originated
1,755000.0,36,775000.0,360.0,1,Not Hispanic or Latino,White,Male,35-44,97.0,Loan originated
1,895000.0,43,935000.0,272.0,1,Not Hispanic or Latino,White,Male,25-34,95.0,Loan originated
1,675000.0,20%-<30%,715000.0,285.0,1,Hispanic or Latino,White,Male,35-44,95.0,Loan originated
1,345000.0,30%-<36%,385000.0,128.0,1,Not Hispanic or Latino,Asian,Male,25-34,90.0,Loan originated
1,315000.0,39,395000.0,131.0,1,Not Hispanic or Latino,White,Male,35-44,80.0,Loan originated
1,595000.0,30%-<36%,665000.0,175.0,1,Not Hispanic or Latino,White,Male,25-34,89.94,Loan originated
1,315000.0,44,375000.0,79.0,1,Not Hispanic or Latino,Black or African American,Male,35-44,84.8,Loan originated
1,255000.0,46,1255000.0,78.0,1,Not Hispanic or Latino,White,Female,55-64,28.0,Loan originated
1,765000.0,45,805000.0,158.0,1,Hispanic or Latino,White,Male,45-54,95.0,Application denied
1,505000.0,49,525000.0,120.0,1,Hispanic or Latino,White,Male,25-34,97.0,Loan originated
1,405000.0,37,905000.0,175.0,1,Not Hispanic or Latino,White,Male,>74,44.751,Loan originated
1,845000.0,49,1255000.0,154.0,1,Not Hispanic or Latino,Asian,Female,25-34,67.61,Loan originated
1,505000.0,50%-60%,535000.0,144.0,1,Hispanic or Latino,Asian,Male,35-44,95.0,Loan originated
1,265000.0,45,295000.0,90.0,1,Not Hispanic or Latino,Black or African American,Male,45-54,90.0,Loan originated
1,405000.0,30%-<36%,515000.0,149.0,1,Not Hispanic or Latino,Asian,Female,35-44,80.0,Loan originated
1,225000.0,49,285000.0,47.0,1,Hispanic or Latino,White,Female,35-44,80.0,Loan originated
1,5000.0,49,275000.0,73.0,1,Not Hispanic or Latino,White,Female,35-44,101.93,Loan originated
1,665000.0,47,705000.0,184.0,1,Not Hispanic or Latino,White,Male,45-54,95.0,Loan originated
1,825000.0,>60%,1325000.0,902.0,1,Not Hispanic or Latino,White,Male,25-34,62.26,Loan originated
1,555000.0,30%-<36%,745000.0,182.0,1,Not Hispanic or Latino,White,Female,35-44,75.0,Loan originated
1,495000.0,20%-<30%,615000.0,415.0,1,Not Hispanic or Latino,White,Male,45-54,80.0,Loan originated
1,1065000.0,44,1125000.0,260.0,1,Not Hispanic or Latino,Asian,Male,35-44,95.0,Loan originated
1,525000.0,47,545000.0,120.0,1,Not Hispanic or Latino,Asian,Male,35-44,95.0,Loan originated
1,665000.0,41,705000.0,330.0,1,Not Hispanic or Latino,Asian,Female,25-34,95.0,Loan originated
1,465000.0,48,775000.0,103.0,1,Not Hispanic or Latino,Asian,Female,35-44,59.611,Loan originated
1,915000.0,49,1325000.0,218.0,1,Not Hispanic or Latino,White,Female,35-44,70.0,Loan originated
1,485000.0,49,515000.0,127.0,1,Hispanic or Latino,Black or African American,Female,35-44,95.0,Loan originated
1,635000.0,41,955000.0,157.0,1,Not Hispanic or Latino,White,Female,55-64,66.25,Loan originated
1,425000.0,47,815000.0,312.0,1,Not Hispanic or Latino,White,Male,45-54,52.18,Loan originated
1,265000.0,46,715000.0,73.0,1,Not Hispanic or Latino,White,Female,55-64,43.089,Loan originated
1,355000.0,20%-<30%,555000.0,207.0,1,Not Hispanic or Latino,White,Male,35-44,63.64,Loan originated
1,55000.0,20%-<30%,115000.0,85.0,1,Hispanic or Latino,White,Female,65-74,51.03,Loan originated
1,485000.0,48,885000.0,118.0,1,Not Hispanic or Latino,White,Female,>74,54.546,Loan originated
1,485000.0,41,515000.0,145.0,1,Not Hispanic or Latino,White,Male,45-54,94.951,Loan originated
1,315000.0,44,335000.0,72.0,1,Hispanic or Latino,White,Male,25-34,95.0,Loan originated
1,715000.0,30%-<36%,785000.0,211.0,1,Not Hispanic or Latino,White,Female,25-34,90.0,Loan originated
1,1115000.0,49,1725000.0,246.0,1,Not Hispanic or Latino,Asian,Female,35-44,65.0,Loan originated
1,645000.0,46,745000.0,138.0,1,Not Hispanic or Latino,Asian,Male,35-44,86.486,Loan originated
1,595000.0,20%-<30%,745000.0,321.0,1,Not Hispanic or Latino,White,Male,25-34,80.0,Loan originated
1,445000.0,44,495000.0,106.0,1,Hispanic or Latino,White,Female,25-34,90.0,Loan originated
1,625000.0,30%-<36%,735000.0,391.0,1,Not Hispanic or Latino,Asian,Female,45-54,85.0,Loan originated
1,395000.0,40,415000.0,106.0,1,Not Hispanic or Latino,2 or more minority races,Male,25-34,97.0,Loan originated
1,605000.0,42,1915000.0,224.0,1,Not Hispanic or Latino,Asian,Female,55-64,31.37,Loan originated
1,505000.0,<20%,635000.0,401.0,1,Hispanic or Latino,White,Male,45-54,80.0,Loan originated
1,465000.0,38,715000.0,153.0,1,Not Hispanic or Latino,Asian,Female,35-44,64.819,Loan originated
1,695000.0,47,1195000.0,168.0,1,Not Hispanic or Latino,White,Female,55-64,58.159,Loan originated
1,285000.0,20%-<30%,325000.0,154.0,1,Hispanic or Latino,White,Male,55-64,90.0,Loan originated
1,495000.0,45,525000.0,140.0,1,Not Hispanic or Latino,Asian,Male,35-44,95.0,Loan originated
1,485000.0,46,605000.0,118.0,1,Not Hispanic or Latino,White,Male,35-44,80.0,Loan originated
1,595000.0,30%-<36%,745000.0,200.0,1,Not Hispanic or Latino,Black or African American,Male,55-64,80.0,Loan originated
1,1005000.0,37,1425000.0,432.0,1,Not Hispanic or Latino,Asian,Male,25-34,70.274,Loan originated
1,435000.0,48,545000.0,100.0,1,Not Hispanic or Latino,White,Male,25-34,80.0,Loan originated
1,705000.0,36,1005000.0,347.0,1,Not Hispanic or Latino,White,Female,45-54,70.0,Loan originated
1,845000.0,<20%,1055000.0,2010.0,1,Not Hispanic or Latino,White,Male,35-44,80.0,Loan originated
1,365000.0,40,405000.0,89.0,1,Hispanic or Latino,White,Female,25-34,89.88,Loan originated
1,465000.0,40,575000.0,177.0,1,Not Hispanic or Latino,White,Male,35-44,80.0,Loan originated
1,685000.0,46,805000.0,135.0,1,Hispanic or Latino,White,Male,55-64,85.0,Loan originated
1,685000.0,49,855000.0,151.0,1,Hispanic or Latino,White,Male,35-44,80.0,Application denied
1,795000.0,30%-<36%,995000.0,237.0,1,Not Hispanic or Latino,White,Male,55-64,80.0,Loan originated
1,625000.0,30%-<36%,655000.0,378.0,1,Not Hispanic or Latino,Black or African American,Male,35-44,94.65,Loan originated
1,405000.0,45,505000.0,99.0,1,Not Hispanic or Latino,Black or African American,Female,55-64,80.0,Loan originated
1,385000.0,42,395000.0,128.0,1,Not Hispanic or Latino,White,Male,35-44,97.0,Loan originated
1,385000.0,30%-<36%,605000.0,165.0,1,Not Hispanic or Latino,White,Male,45-54,63.33,Loan originated
1,705000.0,37,875000.0,210.0,1,Not Hispanic or Latino,2 or more minority races,Male,35-44,80.0,Loan originated
1,655000.0,46,815000.0,290.0,1,Not Hispanic or Latino,White,Male,25-34,80.0,Loan originated
1,765000.0,<20%,955000.0,2204.0,1,Not Hispanic or Latino,Asian,Male,45-54,80.0,Loan originated
1,445000.0,45,555000.0,102.0,1,Not Hispanic or Latino,White,Female,35-44,80.0,Loan originated
1,505000.0,20%-<30%,1075000.0,235.0,1,Not Hispanic or Latino,Asian,Male,55-64,46.378,Loan originated
1,575000.0,42,715000.0,15.0,1,Not Hispanic or Latino,Asian,Female,35-44,80.0,Loan originated
1,645000.0,43,925000.0,143.0,1,Not Hispanic or Latino,White,Male,25-34,70.0,Loan originated
1,475000.0,47,535000.0,125.0,1,Not Hispanic or Latino,Asian,Female,25-34,89.0,Loan originated
1,695000.0,44,775000.0,151.0,1,Not Hispanic or Latino,White,Female,35-44,90.0,Loan originated
1,385000.0,49,405000.0,76.0,1,Hispanic or Latino,White,Male,25-34,95.0,Loan originated
1,515000.0,45,715000.0,112.0,1,Not Hispanic or Latino,White,Male,25-34,72.095,Loan originated
1,115000.0,20%-<30%,225000.0,72.0,1,Not Hispanic or Latino,White,Female,>74,50.0,Loan originated
1,325000.0,49,405000.0,75.0,1,Not Hispanic or Latino,White,Female,<25,79.984,Loan originated
1,735000.0,37,985000.0,194.0,1,Not Hispanic or Latino,Asian,Male,45-54,75.0,Loan originated
1,475000.0,48,635000.0,148.0,1,Hispanic or Latino,Black or African American,Male,25-34,75.0,Loan originated
1,445000.0,40,675000.0,184.0,1,Not Hispanic or Latino,Asian,Male,35-44,66.0,Loan originated
1,175000.0,43,315000.0,55.0,1,Not Hispanic or Latino,White,Female,>74,56.0,Loan originated
1,505000.0,<20%,1055000.0,311.0,1,Not Hispanic or Latino,White,Male,65-74,47.62,Loan originated
1,695000.0,41,865000.0,164.0,1,Not Hispanic or Latino,Asian,Male,45-54,80.0,Loan originated
1,275000.0,41,545000.0,94.0,1,Not Hispanic or Latino,White,Male,65-74,55.556,Application denied
1,445000.0,30%-<36%,555000.0,147.0,1,Not Hispanic or Latino,Black or African American,Male,25-34,80.0,Loan originated
1,675000.0,44,905000.0,250.0,1,Not Hispanic or Latino,Asian,Female,35-44,75.0,Loan originated
1,235000.0,20%-<30%,315000.0,132.0,1,Not Hispanic or Latino,White,Male,25-34,76.0,Loan originated
1,1105000.0,49,1185000.0,229.0,1,Not Hispanic or Latino,White,Female,25-34,92.827,Loan originated
1,435000.0,47,455000.0,171.0,1,Not Hispanic or Latino,White,Male,35-44,95.0,Loan originated
1,455000.0,48,475000.0,145.0,1,Hispanic or Latino,White,Female,35-44,95.0,Loan originated
1,165000.0,46,235000.0,76.0,1,Hispanic or Latino,White,Female,35-44,66.95,Application denied
1,405000.0,30%-<36%,445000.0,99.0,1,Hispanic or Latino,White,Male,25-34,90.0,Loan originated
1,395000.0,48,495000.0,105.0,1,Hispanic or Latino,White,Male,35-44,100.0,Application denied
1,975000.0,20%-<30%,1215000.0,390.0,1,Not Hispanic or Latino,White,Male,25-34,80.0,Loan originated
1,505000.0,50%-60%,855000.0,117.0,1,Not Hispanic or Latino,Asian,Female,55-64,58.82,Application denied
1,505000.0,48,1105000.0,121.0,1,Not Hispanic or Latino,White,Female,55-64,45.455,Loan originated
1,365000.0,41,625000.0,102.0,1,Not Hispanic or Latino,Asian,Female,55-64,58.88,Loan originated
1,315000.0,44,335000.0,70.0,1,Not Hispanic or Latino,White,Female,<25,95.0,Loan originated
1,445000.0,46,495000.0,102.0,1,Hispanic or Latino,White,Male,25-34,90.0,Loan originated
1,455000.0,44,835000.0,120.0,1,Not Hispanic or Latino,White,Female,55-64,55.0,Loan originated
1,515000.0,45,645000.0,119.0,1,Not Hispanic or Latino,Asian,Female,45-54,80.0,Loan originated
1,715000.0,49,1035000.0,130.0,1,Hispanic or Latino,White,Male,25-34,70.0,Loan originated
1,65000.0,48,75000.0,34.0,1,Hispanic or Latino,White,Male,35-44,90.0,Application denied
1,765000.0,42,795000.0,193.0,1,Not Hispanic or Latino,White,Female,25-34,96.5,Loan originated
1,685000.0,30%-<36%,915000.0,272.0,1,Not Hispanic or Latino,White,Male,35-44,75.0,Loan originated
1,495000.0,39,695000.0,121.0,1,Not Hispanic or Latino,Asian,Male,25-34,71.01,Loan originated
1,845000.0,40,935000.0,212.0,1,Not Hispanic or Latino,Asian,Male,35-44,90.0,Application denied
1,265000.0,42,285000.0,96.0,1,Not Hispanic or Latino,White,Female,45-54,95.0,Loan originated
1,655000.0,46,765000.0,209.0,1,Not Hispanic or Latino,White,Male,35-44,85.0,Loan originated
1,215000.0,36,485000.0,65.0,1,Not Hispanic or Latino,White,Female,25-34,44.33,Loan originated
1,125000.0,30%-<36%,325000.0,68.0,1,Not Hispanic or Latino,White,Male,55-64,38.0,Loan originated
1,1145000.0,42,1705000.0,287.0,1,Not Hispanic or Latino,Asian,Male,25-34,67.589,Loan originated
1,405000.0,30%-<36%,505000.0,110.0,1,Not Hispanic or Latino,White,Female,25-34,80.0,Loan originated
1,665000.0,47,835000.0,144.0,1,Not Hispanic or Latino,Asian,Female,55-64,80.0,Loan originated
1,555000.0,48,1155000.0,128.0,1,Not Hispanic or Latino,Asian,Male,45-54,47.826,Loan originated
1,495000.0,38,845000.0,132.0,1,Not Hispanic or Latino,Asian,Male,45-54,64.67,Loan originated
1,515000.0,30%-<36%,635000.0,165.0,1,Not Hispanic or Latino,White,Male,35-44,80.47,Loan originated
1,565000.0,20%-<30%,755000.0,298.0,1,Not Hispanic or Latino,White,Male,65-74,75.0,Loan originated
1,1105000.0,49,1815000.0,264.0,1,Not Hispanic or Latino,Asian,Male,25-34,60.669,Loan originated
1,325000.0,30%-<36%,405000.0,100.0,1,Not Hispanic or Latino,Asian,Male,25-34,80.0,Application denied
1,645000.0,49,715000.0,199.0,1,Not Hispanic or Latino,Asian,Female,55-64,90.0,Loan originated
1,655000.0,37,725000.0,218.0,1,Hispanic or Latino,White,Male,<25,90.0,Loan originated
1,485000.0,43,605000.0,149.0,1,Not Hispanic or Latino,Asian,Male,<25,80.0,Loan originated
1,1055000.0,45,1405000.0,209.0,1,Not Hispanic or Latino,White,Female,25-34,75.0,Loan originated
1,1005000.0,>60%,1455000.0,39.0,1,Not Hispanic or Latino,White,Female,65-74,68.67,Application denied
1,275000.0,49,635000.0,66.0,1,Not Hispanic or Latino,Asian,Male,25-34,42.94,Loan originated
1,515000.0,49,835000.0,116.0,1,Not Hispanic or Latino,White,Male,25-34,62.0,Loan originated
1,365000.0,49,455000.0,82.0,1,Not Hispanic or Latino,White,Female,25-34,80.0,Loan originated
1,105000.0,47,135000.0,61.0,1,Not Hispanic or Latino,White,Female,45-54,80.0,Loan originated
1,485000.0,43,745000.0,109.0,1,Not Hispanic or Latino,Asian,Male,25-34,65.0,Loan originated
1,765000.0,<20%,805000.0,0.0,1,Not Hispanic or Latino,White,Female,25-34,94.99,Application denied
1,1125000.0,47,1605000.0,366.0,1,Not Hispanic or Latino,White,Male,35-44,85.0,Loan originated
1,585000.0,36,735000.0,159.0,1,Hispanic or Latino,White,Female,45-54,80.0,Loan originated
1,475000.0,47,595000.0,143.0,1,Not Hispanic or Latino,Asian,Female,35-44,83.0,Loan originated
1,365000.0,44,535000.0,87.0,1,Not Hispanic or Latino,White,Female,45-54,68.22,Loan originated
1,845000.0,20%-<30%,1065000.0,423.0,1,Not Hispanic or Latino,White,Male,35-44,80.0,Loan originated
1,655000.0,45,715000.0,162.0,1,Not Hispanic or Latino,Asian,Male,35-44,91.0,Loan originated
1,665000.0,48,825000.0,148.0,1,Not Hispanic or Latino,Asian,Female,45-54,80.0,Loan originated
1,975000.0,49,1775000.0,197.0,1,Not Hispanic or Latino,Asian,Male,35-44,54.86,Loan originated
1,795000.0,37,1205000.0,300.0,1,Not Hispanic or Latino,White,Male,45-54,89.99,Loan originated
1,465000.0,44,495000.0,135.0,1,Hispanic or Latino,White,Female,35-44,95.0,Loan originated
1,395000.0,39,475000.0,104.0,1,Not Hispanic or Latino,White,Female,25-34,104.0,Loan originated
1,265000.0,49,275000.0,88.0,1,Not Hispanic or Latino,White,Female,25-34,97.0,Loan originated
1,655000.0,49,865000.0,138.0,1,Not Hispanic or Latino,Asian,Female,45-54,74.985,Loan originated
1,685000.0,30%-<36%,805000.0,194.0,1,Hispanic or Latino,White,Female,25-34,85.0,Loan originated
1,435000.0,49,465000.0,125.0,1,Not Hispanic or Latino,Asian,Female,55-64,95.0,Loan originated
1,775000.0,30%-<36%,1075000.0,226.0,1,Not Hispanic or Latino,Asian,Male,45-54,71.963,Loan originated
1,485000.0,20%-<30%,515000.0,269.0,1,Not Hispanic or Latino,White,Female,45-54,95.0,Loan originated
1,555000.0,39,705000.0,142.0,1,Hispanic or Latino,White,Female,35-44,78.839,Loan originated
1,635000.0,40,705000.0,162.0,1,Not Hispanic or Latino,Asian,Male,25-34,90.0,Loan originated
1,615000.0,<20%,775000.0,594.0,1,Hispanic or Latino,White,Male,45-54,80.0,Loan originated
1,605000.0,<20%,755000.0,510.0,1,Hispanic or Latino,White,Male,35-44,80.0,Loan originated
1,805000.0,44,1075000.0,167.0,1,Not Hispanic or Latino,White,Male,25-34,75.0,Loan originated
1,575000.0,50%-60%,615000.0,159.0,1,Hispanic or Latino,White,Male,<25,95.0,Application denied
1,695000.0,<20%,925000.0,446.0,1,Not Hispanic or Latino,White,Female,>74,74.919,Loan originated
1,515000.0,37,545000.0,163.0,1,Not Hispanic or Latino,Black or African American,Male,25-34,95.0,Loan originated
1,505000.0,39,685000.0,150.0,1,Not Hispanic or Latino,White,Male,>74,72.714,Loan originated
1,505000.0,37,645000.0,128.0,1,Not Hispanic or Latino,Asian,Female,55-64,80.0,Loan originated
1,405000.0,48,455000.0,118.0,1,Not Hispanic or Latino,Black or African American,Male,35-44,90.0,Loan originated
1,425000.0,49,465000.0,150.0,1,Not Hispanic or Latino,Native Hawaiian or Other Pacific Islander,Male,45-54,90.0,Loan originated
1,985000.0,20%-<30%,1235000.0,379.0,1,Not Hispanic or Latino,White,Male,35-44,80.0,Loan originated
1,535000.0,20%-<30%,665000.0,250.0,1,Not Hispanic or Latino,Asian,Male,25-34,80.0,Loan originated
1,535000.0,44,675000.0,138.0,1,Not Hispanic or Latino,2 or more minority races,Female,45-54,80.0,Loan originated
1,305000.0,<20%,505000.0,287.0,1,Not Hispanic or Latino,Asian,Male,65-74,60.0,Loan originated
1,525000.0,48,655000.0,120.0,1,Not Hispanic or Latino,Asian,Female,45-54,80.0,Loan originated
1,755000.0,47,1475000.0,174.0,1,Not Hispanic or Latino,Asian,Male,35-44,51.02,Loan originated
1,1165000.0,20%-<30%,1945000.0,611.0,1,Not Hispanic or Latino,White,Male,35-44,60.0,Loan originated
1,695000.0,20%-<30%,865000.0,253.0,1,Hispanic or Latino,White,Male,45-54,80.0,Loan originated
1,485000.0,49,555000.0,164.0,1,Not Hispanic or Latino,White,Female,45-54,86.84,Loan originated
1,445000.0,44,465000.0,116.0,1,Hispanic or Latino,White,Female,45-54,95.0,Loan originated
1,385000.0,45,405000.0,118.0,1,Not Hispanic or Latino,White,Male,25-34,97.0,Loan originated
1,115000.0,43,215000.0,69.0,1,Hispanic or Latino,White,Male,45-54,54.34,Loan originated
1,925000.0,<20%,1155000.0,674.0,1,Hispanic or Latino,White,Female,35-44,80.0,Loan originated
1,285000.0,20%-<30%,355000.0,152.0,1,Not Hispanic or Latino,White,Female,25-34,80.0,Loan originated
1,355000.0,49,585000.0,79.0,1,Not Hispanic or Latino,White,Female,65-74,60.684,Loan originated
1,385000.0,40,405000.0,102.0,1,Not Hispanic or Latino,White,Male,45-54,95.0,Loan originated
1,705000.0,49,1305000.0,157.0,1,Hispanic or Latino,White,Male,25-34,53.92,Loan originated
1,755000.0,42,835000.0,201.0,1,Not Hispanic or Latino,Asian,Female,25-34,89.99,Loan originated
1,375000.0,20%-<30%,715000.0,251.0,1,Not Hispanic or Latino,White,Male,35-44,52.448,Loan originated
1,245000.0,43,275000.0,198.0,1,Not Hispanic or Latino,Asian,Female,35-44,90.0,Loan originated
1,265000.0,20%-<30%,385000.0,52.0,1,Hispanic or Latino,White,Male,55-64,70.0,Application denied
1,925000.0,38,1155000.0,232.0,1,Not Hispanic or Latino,Asian,Female,35-44,80.0,Loan originated
1,315000.0,46,515000.0,89.0,1,Not Hispanic or Latino,White,Male,25-34,61.94,Loan originated
1,235000.0,36,415000.0,99.0,1,Not Hispanic or Latino,Asian,Male,45-54,57.349,Loan originated
1,625000.0,44,665000.0,169.0,1,Hispanic or Latino,White,Female,45-54,95.0,Loan originated
1,535000.0,45,565000.0,117.0,1,Not Hispanic or Latino,White,Male,55-64,95.0,Loan originated
1,665000.0,>60%,1285000.0,219.0,1,Not Hispanic or Latino,Asian,Female,25-34,52.71,Loan originated
1,285000.0,20%-<30%,355000.0,117.0,1,Not Hispanic or Latino,White,Male,25-34,80.0,Loan originated
1,435000.0,36,475000.0,160.0,1,Not Hispanic or Latino,White,Female,45-54,91.649,Loan originated
1,755000.0,20%-<30%,945000.0,311.0,1,Hispanic or Latino,White,Male,35-44,80.0,Loan originated
1,165000.0,39,865000.0,92.0,1,Hispanic or Latino,White,Male,55-64,20.0,Loan originated
1,745000.0,20%-<30%,785000.0,647.0,1,Not Hispanic or Latino,White,Female,25-34,95.0,Loan originated
1,275000.0,48,455000.0,99.0,1,Hispanic or Latino,White,Male,45-54,59.56,Application denied
1,205000.0,30%-<36%,385000.0,67.0,1,Hispanic or Latino,White,Female,45-54,52.632,Loan originated
1,985000.0,48,1145000.0,203.0,1,Hispanic or Latino,White,Male,45-54,87.0,Loan originated
1,445000.0,36,745000.0,148.0,1,Not Hispanic or Latino,Asian,Female,35-44,59.459,Loan originated
1,365000.0,47,865000.0,94.0,1,Not Hispanic or Latino,Asian,Female,35-44,42.528,Loan originated
1,335000.0,30%-<36%,635000.0,104.0,1,Not Hispanic or Latino,White,Female,55-64,52.76,Loan originated
1,535000.0,50%-60%,1275000.0,134.0,1,Not Hispanic or Latino,White,Male,45-54,41.732,Loan originated
1,485000.0,30%-<36%,535000.0,185.0,1,Not Hispanic or Latino,White,Female,25-34,90.0,Loan originated
1,435000.0,38,945000.0,119.0,1,Not Hispanic or Latino,Asian,Male,25-34,45.82,Loan originated
1,735000.0,47,1085000.0,179.0,1,Not Hispanic or Latino,White,Male,55-64,67.593,Loan originated
1,435000.0,<20%,545000.0,817.0,1,Not Hispanic or Latino,White,Female,65-74,80.0,Loan originated
1,1005000.0,43,1415000.0,251.0,1,Not Hispanic or Latino,White,Female,65-74,71.332,Loan originated
1,715000.0,>60%,1025000.0,198.0,1,Not Hispanic or Latino,Asian,Male,35-44,60.0,Application denied
1,395000.0,44,615000.0,128.0,1,Not Hispanic or Latino,Asian,Male,55-64,64.28,Loan originated
1,495000.0,20%-<30%,585000.0,190.0,1,Not Hispanic or Latino,Asian,Female,35-44,85.0,Loan originated
1,955000.0,41,1405000.0,247.0,1,Not Hispanic or Latino,Asian,Male,25-34,67.86,Loan originated
1,715000.0,30%-<36%,845000.0,205.0,1,Not Hispanic or Latino,Asian,Male,25-34,85.0,Loan originated
1,605000.0,47,765000.0,271.0,1,Not Hispanic or Latino,White,Male,25-34,80.0,Loan originated
1,665000.0,47,765000.0,197.0,1,Not Hispanic or Latino,Asian,Female,45-54,86.942,Loan originated
1,235000.0,46,435000.0,55.0,1,Hispanic or Latino,Asian,Female,55-64,54.39,Loan originated
1,235000.0,>60%,245000.0,29.0,1,Hispanic or Latino,American Indian or Alaska Native,Male,45-54,98.89,Application denied
1,605000.0,30%-<36%,765000.0,190.0,1,Not Hispanic or Latino,White,Male,25-34,80.0,Loan originated
1,275000.0,47,375000.0,72.0,1,Not Hispanic or Latino,White,Female,>74,73.333,Loan originated
1,635000.0,37,665000.0,184.0,1,Not Hispanic or Latino,Asian,Male,35-44,95.0,Loan originated
1,595000.0,46,685000.0,277.0,1,Not Hispanic or Latino,Asian,Male,35-44,86.364,Loan originated
1,985000.0,38,1225000.0,254.0,1,Not Hispanic or Latino,White,Male,35-44,80.0,Loan originated
1,395000.0,44,515000.0,95.0,1,Hispanic or Latino,White,Female,25-34,80.0,Loan originated
1,705000.0,49,835000.0,182.0,1,Hispanic or Latino,White,Male,45-54,85.0,Loan originated
1,505000.0,49,1525000.0,127.0,1,Not Hispanic or Latino,Asian,Female,55-64,32.895,Loan originated
1,765000.0,30%-<36%,1405000.0,270.0,1,Not Hispanic or Latino,Asian,Male,35-44,54.754,Loan originated
1,665000.0,>60%,695000.0,140.0,1,Hispanic or Latino,2 or more minority races,Male,25-34,95.0,Application denied
1,155000.0,47,1715000.0,59.0,1,Not Hispanic or Latino,Asian,Female,35-44,9.07,Loan originated
1,605000.0,38,635000.0,232.0,1,Not Hispanic or Latino,White,Male,65-74,95.0,Loan originated
1,605000.0,30%-<36%,925000.0,286.0,1,Not Hispanic or Latino,Asian,Male,35-44,64.87,Loan originated
1,615000.0,30%-<36%,645000.0,208.0,1,Not Hispanic or Latino,Asian,Male,35-44,95.0,Loan originated
1,225000.0,30%-<36%,285000.0,77.0,1,Hispanic or Latino,White,Male,45-54,80.0,Loan originated
1,325000.0,48,355000.0,76.0,1,Not Hispanic or Latino,White,Male,35-44,94.135,Loan originated
1,735000.0,36,865000.0,208.0,1,Not Hispanic or Latino,White,Male,35-44,85.0,Loan originated
1,495000.0,<20%,615000.0,299.0,1,Not Hispanic or Latino,White,Male,<25,80.0,Loan originated
1,325000.0,20%-<30%,405000.0,287.0,1,Not Hispanic or Latino,Asian,Female,25-34,80.0,Loan originated
1,295000.0,49,315000.0,87.0,1,Not Hispanic or Latino,White,Female,25-34,95.0,Loan originated
1,815000.0,41,1085000.0,428.0,1,Not Hispanic or Latino,Asian,Male,35-44,75.0,Loan originated
1,805000.0,38,1005000.0,259.0,1,Not Hispanic or Latino,White,Female,35-44,80.0,Loan originated
1,715000.0,<20%,895000.0,590.0,1,Not Hispanic or Latino,White,Female,35-44,80.0,Loan originated
1,595000.0,>60%,595000.0,104.0,1,Not Hispanic or Latino,Asian,Male,35-44,100.0,Application denied
1,755000.0,37,795000.0,235.0,1,Hispanic or Latino,White,Male,25-34,95.0,Loan originated
1,105000.0,<20%,215000.0,95.0,1,Hispanic or Latino,White,Male,65-74,47.17,Application denied
1,245000.0,43,265000.0,70.0,1,Hispanic or Latino,White,Female,25-34,92.31,Loan originated
1,505000.0,30%-<36%,1045000.0,265.0,1,Not Hispanic or Latino,Asian,Female,35-44,48.78,Loan originated
1,665000.0,48,855000.0,132.0,1,Hispanic or Latino,White,Male,35-44,77.647,Loan originated
1,175000.0,43,375000.0,56.0,1,Hispanic or Latino,White,Male,35-44,46.667,Loan originated
1,285000.0,45,305000.0,71.0,1,Hispanic or Latino,White,Female,65-74,95.0,Loan originated
1,745000.0,42,1345000.0,181.0,1,Not Hispanic or Latino,Asian,Male,35-44,56.0,Loan originated
1,735000.0,47,865000.0,167.0,1,Not Hispanic or Latino,Asian,Female,25-34,85.0,Loan originated
1,445000.0,46,475000.0,116.0,1,Hispanic or Latino,White,Male,25-34,95.0,Loan originated
1,755000.0,40,795000.0,233.0,1,Not Hispanic or Latino,Asian,Male,35-44,95.0,Loan originated
1,265000.0,30%-<36%,625000.0,85.0,1,Not Hispanic or Latino,White,Male,35-44,43.16,Loan originated
1,305000.0,45,845000.0,119.0,1,Not Hispanic or Latino,White,Female,65-74,35.43,Loan originated
1,375000.0,46,505000.0,83.0,1,Hispanic or Latino,White,Female,35-44,74.0,Loan originated
1,425000.0,45,535000.0,111.0,1,Hispanic or Latino,White,Male,25-34,100.0,Loan originated
1,475000.0,20%-<30%,635000.0,201.0,1,Not Hispanic or Latino,White,Female,55-64,75.0,Loan originated
1,285000.0,46,365000.0,87.0,1,Not Hispanic or Latino,Asian,Male,45-54,80.0,Loan originated
1,255000.0,43,405000.0,269.0,1,Not Hispanic or Latino,White,Male,35-44,64.103,Loan originated
1,715000.0,45,745000.0,176.0,1,Not Hispanic or Latino,Asian,Male,25-34,95.01,Loan originated
1,455000.0,39,845000.0,116.0,1,Not Hispanic or Latino,White,Male,25-34,90.0,Loan originated
1,455000.0,45,475000.0,108.0,1,Hispanic or Latino,White,Male,25-34,95.0,Loan originated
1,615000.0,42,655000.0,165.0,1,Hispanic or Latino,White,Male,<25,95.0,Loan originated
1,415000.0,44,515000.0,131.0,1,Hispanic or Latino,American Indian or Alaska Native,Female,25-34,80.0,Application denied
1,495000.0,48,575000.0,97.0,1,Not Hispanic or Latino,Asian,Male,25-34,86.518,Loan originated
1,275000.0,38,345000.0,145.0,1,Not Hispanic or Latino,White,Male,55-64,80.0,Loan originated
1,335000.0,44,405000.0,74.0,1,Hispanic or Latino,White,Male,25-34,104.5,Loan originated
1,675000.0,49,715000.0,127.0,1,Hispanic or Latino,White,Female,35-44,95.0,Loan originated
1,75000.0,<20%,155000.0,94.0,1,Not Hispanic or Latino,White,Male,55-64,50.0,Loan originated
1,175000.0,30%-<36%,235000.0,58.0,1,Not Hispanic or Latino,White,Male,35-44,75.819,Loan originated
1,425000.0,30%-<36%,455000.0,122.0,1,Not Hispanic or Latino,Asian,Male,35-44,95.0,Application denied
1,755000.0,47,1415000.0,152.0,1,Not Hispanic or Latino,Asian,Male,45-54,53.191,Loan originated
1,695000.0,48,865000.0,134.0,1,Not Hispanic or Latino,White,Male,25-34,80.0,Loan originated
1,1005000.0,44,1255000.0,246.0,1,Not Hispanic or Latino,White,Male,35-44,80.0,Loan originated
1,605000.0,30%-<36%,1725000.0,360.0,1,Not Hispanic or Latino,White,Male,35-44,35.0,Loan originated
1,195000.0,46,205000.0,96.0,1,Hispanic or Latino,White,Female,25-34,95.0,Loan originated
1,625000.0,40,785000.0,391.0,1,Not Hispanic or Latino,Asian,Male,<25,80.0,Loan originated
1,645000.0,49,1065000.0,138.0,1,Not Hispanic or Latino,Asian,Female,35-44,59.814,Loan originated
1,685000.0,38,755000.0,228.0,1,Not Hispanic or Latino,White,Female,35-44,90.0,Application denied
1,475000.0,20%-<30%,525000.0,140.0,1,Not Hispanic or Latino,White,Female,45-54,90.0,Loan originated
1,605000.0,42,2135000.0,181.0,1,Not Hispanic or Latino,Asian,Male,45-54,28.103,Loan originated
1,485000.0,49,505000.0,175.0,1,Hispanic or Latino,Black or African American,Male,25-34,95.0,Loan originated
1,675000.0,38,845000.0,184.0,1,Not Hispanic or Latino,Asian,Male,55-64,80.0,Loan originated
1,365000.0,49,385000.0,74.0,1,Hispanic or Latino,White,Female,<25,95.0,Loan originated
1,715000.0,47,805000.0,169.0,1,Not Hispanic or Latino,Asian,Male,45-54,89.99,Loan originated
1,495000.0,37,705000.0,185.0,1,Not Hispanic or Latino,Asian,Male,35-44,70.0,Application denied
1,65000.0,50%-60%,85000.0,94.0,1,Not Hispanic or Latino,White,Male,>74,75.0,Loan originated
1,385000.0,36,415000.0,128.0,1,Not Hispanic or Latino,Black or African American,Female,<25,95.0,Loan originated
1,825000.0,43,1025000.0,194.0,1,Not Hispanic or Latino,White,Male,25-34,80.0,Loan originated
1,275000.0,47,275000.0,55.0,1,Hispanic or Latino,White,Female,25-34,100.0,Loan originated
1,805000.0,47,1105000.0,208.0,1,Not Hispanic or Latino,White,Female,55-64,72.727,Loan originated
1,265000.0,44,285000.0,98.0,1,Hispanic or Latino,White,Female,45-54,95.0,Loan originated
1,355000.0,44,395000.0,96.0,1,Not Hispanic or Latino,White,Male,55-64,89.95,Loan originated
1,765000.0,40,815000.0,190.0,1,Hispanic or Latino,White,Male,45-54,93.819,Loan originated
1,685000.0,30%-<36%,855000.0,300.0,1,Not Hispanic or Latino,White,Female,25-34,79.35,Loan originated
1,305000.0,20%-<30%,425000.0,98.0,1,Not Hispanic or Latino,White,Male,25-34,71.765,Application denied
1,1005000.0,40,1275000.0,737.0,1,Not Hispanic or Latino,White,Female,65-74,78.431,Loan originated
1,485000.0,49,515000.0,205.0,1,Hispanic or Latino,White,Female,45-54,95.0,Loan originated
1,705000.0,39,905000.0,248.0,1,Hispanic or Latino,White,Male,45-54,77.778,Loan originated
1,455000.0,<20%,915000.0,340.0,1,Not Hispanic or Latino,Asian,Male,25-34,50.0,Loan originated
1,935000.0,44,1165000.0,195.0,1,Hispanic or Latino,White,Male,25-34,80.0,Loan originated
1,395000.0,45,485000.0,85.0,1,Hispanic or Latino,White,Female,35-44,80.0,Loan originated
1,705000.0,49,875000.0,174.0,1,Not Hispanic or Latino,White,Male,65-74,80.0,Loan originated
1,615000.0,20%-<30%,755000.0,226.0,1,Hispanic or Latino,White,Male,45-54,81.4,Application denied
1,655000.0,48,725000.0,179.0,1,Not Hispanic or Latino,White,Female,45-54,90.0,Loan originated
1,465000.0,40,775000.0,130.0,1,Not Hispanic or Latino,White,Female,25-34,60.0,Loan originated
1,345000.0,<20%,795000.0,0.0,1,Not Hispanic or Latino,Asian,Female,55-64,43.04,Loan originated
1,765000.0,30%-<36%,895000.0,472.0,1,Not Hispanic or Latino,White,Male,55-64,85.0,Loan originated
1,655000.0,44,1655000.0,163.0,1,Not Hispanic or Latino,White,Female,55-64,39.39,Loan originated
1,205000.0,48,265000.0,40.0,1,Hispanic or Latino,White,Male,<25,81.0,Loan originated
1,825000.0,49,925000.0,211.0,1,Not Hispanic or Latino,White,Female,35-44,89.13,Loan originated
1,585000.0,44,785000.0,193.0,1,Hispanic or Latino,White,Female,55-64,75.0,Loan originated
1,545000.0,39,785000.0,145.0,1,Not Hispanic or Latino,White,Male,35-44,70.0,Loan originated
1,315000.0,30%-<36%,335000.0,120.0,1,Hispanic or Latino,White,Female,35-44,94.776,Loan originated
1,1095000.0,42,1215000.0,277.0,1,Not Hispanic or Latino,Asian,Male,25-34,89.99,Loan originated
1,315000.0,46,445000.0,84.0,1,Not Hispanic or Latino,Asian,Female,45-54,70.0,Loan originated
1,755000.0,38,885000.0,236.0,1,Not Hispanic or Latino,White,Male,55-64,85.03,Loan originated
1,405000.0,20%-<30%,515000.0,189.0,1,Not Hispanic or Latino,Asian,Male,25-34,80.0,Loan originated
1,185000.0,48,195000.0,115.0,1,Not Hispanic or Latino,White,Female,<25,95.0,Loan originated
1,495000.0,50%-60%,525000.0,119.0,1,Hispanic or Latino,White,Male,25-34,95.0,Application denied
1,325000.0,39,415000.0,93.0,1,Hispanic or Latino,White,Male,35-44,80.0,Loan originated
1,635000.0,39,845000.0,246.0,1,Not Hispanic or Latino,Asian,Female,25-34,79.75,Loan originated
1,435000.0,48,465000.0,104.0,1,Not Hispanic or Latino,2 or more minority races,Female,25-34,95.0,Loan originated
1,305000.0,43,555000.0,128.0,1,Not Hispanic or Latino,White,Male,35-44,55.24,Loan originated
1,95000.0,44,125000.0,50.0,1,Not Hispanic or Latino,White,Female,35-44,73.48,Application denied
1,705000.0,45,745000.0,235.0,1,Not Hispanic or Latino,Asian,Male,25-34,95.0,Loan originated
1,625000.0,20%-<30%,745000.0,229.0,1,Hispanic or Latino,White,Male,45-54,85.0,Loan originated
1,515000.0,38,645000.0,128.0,1,Not Hispanic or Latino,White,Female,45-54,80.0,Loan originated
1,105000.0,37,255000.0,68.0,1,Not Hispanic or Latino,Asian,Male,35-44,40.0,Application denied
1,155000.0,47,755000.0,94.0,1,Not Hispanic or Latino,White,Female,55-64,20.0,Loan originated
1,105000.0,42,325000.0,46.0,1,Not Hispanic or Latino,White,Female,65-74,31.0,Loan originated
1,675000.0,49,755000.0,133.0,1,Hispanic or Latino,White,Male,35-44,89.99,Loan originated
1,295000.0,49,315000.0,63.0,1,Not Hispanic or Latino,White,Male,45-54,95.0,Loan originated
1,405000.0,30%-<36%,745000.0,131.0,1,Not Hispanic or Latino,Asian,Male,25-34,54.03,Loan originated
1,475000.0,49,525000.0,87.0,1,Hispanic or Latino,White,Female,25-34,90.0,Loan originated
1,725000.0,49,805000.0,171.0,1,Not Hispanic or Latino,Asian,Male,35-44,89.645,Loan originated
1,335000.0,47,605000.0,82.0,1,Hispanic or Latino,White,Female,45-54,55.833,Application denied
1,405000.0,38,425000.0,140.0,1,Hispanic or Latino,American Indian or Alaska Native,Male,25-34,95.0,Loan originated
1,415000.0,43,525000.0,90.0,1,Not Hispanic or Latino,Asian,Male,25-34,80.0,Loan originated
1,255000.0,40,325000.0,101.0,1,Not Hispanic or Latino,Asian,Female,45-54,80.0,Application denied
1,715000.0,43,1105000.0,150.0,1,Not Hispanic or Latino,Asian,Male,35-44,65.0,Loan originated
1,765000.0,41,1415000.0,220.0,1,Not Hispanic or Latino,Asian,Male,35-44,55.0,Loan originated
1,245000.0,49,305000.0,113.0,1,Not Hispanic or Latino,Asian,Female,55-64,77.59,Loan originated
1,1065000.0,38,1325000.0,290.0,1,Not Hispanic or Latino,Asian,Male,25-34,80.0,Loan originated
1,405000.0,46,505000.0,134.0,1,Not Hispanic or Latino,White,Female,25-34,100.0,Loan originated
1,335000.0,49,425000.0,166.0,1,Hispanic or Latino,White,Male,35-44,80.0,Application denied
1,1055000.0,48,1345000.0,244.0,1,Not Hispanic or Latino,Asian,Female,25-34,78.358,Loan originated
1,345000.0,49,435000.0,100.0,1,Not Hispanic or Latino,White,Female,35-44,80.0,Loan originated
1,645000.0,20%-<30%,805000.0,297.0,1,Not Hispanic or Latino,White,Male,25-34,80.0,Loan originated
1,1045000.0,38,1305000.0,264.0,1,Not Hispanic or Latino,Asian,Male,45-54,80.0,Loan originated
1,625000.0,40,695000.0,207.0,1,Not Hispanic or Latino,White,Male,35-44,89.899,Loan originated
1,595000.0,48,745000.0,141.0,1,Hispanic or Latino,White,Male,35-44,80.0,Loan originated
1,305000.0,46,785000.0,79.0,1,Hispanic or Latino,American Indian or Alaska Native,Female,55-64,38.657,Loan originated
1,455000.0,45,615000.0,139.0,1,Not Hispanic or Latino,Asian,Male,25-34,75.0,Loan originated
1,305000.0,49,355000.0,142.0,1,Not Hispanic or Latino,White,Male,65-74,87.714,Loan originated
1,555000.0,49,585000.0,124.0,1,Hispanic or Latino,White,Male,45-54,95.0,Loan originated
1,285000.0,>60%,355000.0,0.0,1,Hispanic or Latino,White,Female,55-64,80.0,Application denied
1,1005000.0,20%-<30%,1905000.0,1056.0,1,Not Hispanic or Latino,White,Male,25-34,52.632,Loan originated
1,795000.0,30%-<36%,1295000.0,223.0,1,Not Hispanic or Latino,Asian,Male,25-34,61.38,Loan originated
1,765000.0,30%-<36%,865000.0,231.0,1,Not Hispanic or Latino,Black or African American,Male,35-44,89.128,Loan originated
1,785000.0,20%-<30%,985000.0,297.0,1,Not Hispanic or Latino,White,Female,25-34,80.0,Loan originated
1,545000.0,49,675000.0,128.0,1,Hispanic or Latino,White,Female,25-34,80.0,Loan originated
1,1015000.0,44,1325000.0,316.0,1,Not Hispanic or Latino,White,Male,45-54,76.604,Loan originated
1,425000.0,47,535000.0,104.0,1,Not Hispanic or Latino,White,Female,35-44,80.0,Loan originated
1,415000.0,38,715000.0,128.0,1,Not Hispanic or Latino,White,Female,55-64,58.0,Loan originated
1,395000.0,41,555000.0,121.0,1,Not Hispanic or Latino,White,Female,25-34,70.874,Loan originated
1,705000.0,20%-<30%,875000.0,600.0,1,Not Hispanic or Latino,White,Male,45-54,80.0,Loan originated
1,565000.0,49,595000.0,147.0,1,Hispanic or Latino,White,Female,35-44,95.0,Loan originated
1,515000.0,48,655000.0,102.0,1,Hispanic or Latino,White,Male,25-34,79.0,Loan originated
1,595000.0,20%-<30%,745000.0,242.0,1,Not Hispanic or Latino,White,Male,35-44,80.0,Loan originated
1,395000.0,30%-<36%,525000.0,128.0,1,Not Hispanic or Latino,White,Male,35-44,75.0,Loan originated
1,485000.0,49,605000.0,148.0,1,Not Hispanic or Latino,White,Male,25-34,80.0,Loan originated
1,325000.0,30%-<36%,405000.0,101.0,1,Not Hispanic or Latino,White,Female,25-34,80.0,Loan originated
1,255000.0,30%-<36%,855000.0,122.0,1,Not Hispanic or Latino,White,Male,25-34,29.825,Loan originated
1,705000.0,45,1055000.0,181.0,1,Not Hispanic or Latino,Asian,Male,35-44,66.351,Loan originated
1,695000.0,45,865000.0,185.0,1,Not Hispanic or Latino,Asian,Male,45-54,79.99,Loan originated
1,655000.0,30%-<36%,725000.0,250.0,1,Not Hispanic or Latino,Asian,Male,45-54,90.0,Loan originated
1,335000.0,46,355000.0,72.0,1,Hispanic or Latino,White,Male,35-44,100.0,Loan originated
1,1045000.0,40,1305000.0,335.0,1,Not Hispanic or Latino,Black or African American,Female,45-54,80.0,Application denied
1,365000.0,48,435000.0,117.0,1,Not Hispanic or Latino,White,Female,45-54,85.0,Loan originated
1,265000.0,42,495000.0,95.0,1,Not Hispanic or Latino,White,Male,25-34,56.522,Loan originated
1,445000.0,39,495000.0,171.0,1,Not Hispanic or Latino,Black or African American,Male,25-34,90.0,Loan originated
1,685000.0,38,805000.0,179.0,1,Hispanic or Latino,White,Male,25-34,85.0,Loan originated
1,75000.0,40,655000.0,50.0,1,Hispanic or Latino,White,Female,65-74,11.503,Loan originated
1,525000.0,49,565000.0,121.0,1,Not Hispanic or Latino,White,Female,25-34,94.286,Loan originated
1,975000.0,>60%,1265000.0,224.0,1,Not Hispanic or Latino,Black or African American,Female,55-64,76.98,Application denied
1,355000.0,38,2355000.0,250.0,1,Not Hispanic or Latino,White,Female,55-64,15.0,Loan originated
1,685000.0,30%-<36%,915000.0,242.0,1,Not Hispanic or Latino,White,Female,25-34,75.0,Loan originated
1,755000.0,42,3195000.0,278.0,1,Not Hispanic or Latino,White,Female,65-74,23.47,Loan originated
1,1045000.0,30%-<36%,1305000.0,393.0,1,Not Hispanic or Latino,Asian,Female,35-44,80.0,Loan originated
1,545000.0,30%-<36%,845000.0,196.0,1,Not Hispanic or Latino,Asian,Male,25-34,64.497,Loan originated
1,585000.0,43,655000.0,136.0,1,Not Hispanic or Latino,White,Male,45-54,89.99,Loan originated
1,385000.0,46,585000.0,117.0,1,Not Hispanic or Latino,White,Female,55-64,65.517,Loan originated
1,765000.0,40,875000.0,195.0,1,Not Hispanic or Latino,Asian,Female,25-34,87.606,Loan originated
1,245000.0,44,435000.0,61.0,1,Hispanic or Latino,White,Male,45-54,55.814,Loan originated
1,1045000.0,49,1225000.0,365.0,1,Not Hispanic or Latino,White,Female,25-34,85.0,Loan originated
1,305000.0,43,505000.0,73.0,1,Not Hispanic or Latino,Asian,Female,35-44,60.0,Loan originated
1,785000.0,<20%,975000.0,573.0,1,Not Hispanic or Latino,White,Male,25-34,80.0,Loan originated
1,305000.0,20%-<30%,655000.0,120.0,1,Not Hispanic or Latino,White,Female,25-34,46.15,Loan originated
1,375000.0,36,385000.0,119.0,1,Not Hispanic or Latino,Asian,Male,45-54,101.94,Loan originated
1,445000.0,30%-<36%,465000.0,116.0,1,Not Hispanic or Latino,Asian,Male,25-34,94.027,Loan originated
1,585000.0,20%-<30%,985000.0,34.0,1,Not Hispanic or Latino,Asian,Female,35-44,60.0,Loan originated
1,255000.0,37,325000.0,100.0,1,Not Hispanic or Latino,White,Female,35-44,77.0,Loan originated
1,195000.0,20%-<30%,335000.0,90.0,1,Not Hispanic or Latino,White,Male,55-64,57.576,Loan originated
1,165000.0,40,175000.0,55.0,1,Hispanic or Latino,White,Female,25-34,95.0,Application denied
1,585000.0,37,735000.0,156.0,1,Not Hispanic or Latino,White,Female,35-44,79.452,Loan originated
1,795000.0,30%-<36%,995000.0,257.0,1,Not Hispanic or Latino,White,Female,45-54,79.56,Loan originated
1,225000.0,42,325000.0,57.0,1,Hispanic or Latino,White,Female,25-34,69.231,Loan originated
1,165000.0,20%-<30%,485000.0,72.0,1,Not Hispanic or Latino,White,Male,35-44,34.536,Loan originated
1,605000.0,48,1335000.0,150.0,1,Hispanic or Latino,White,Female,35-44,45.113,Loan originated
1,615000.0,42,825000.0,156.0,1,Not Hispanic or Latino,White,Female,>74,75.0,Loan originated
1,435000.0,36,585000.0,180.0,1,Not Hispanic or Latino,Asian,Male,55-64,75.0,Application denied
1,205000.0,30%-<36%,455000.0,74.0,1,Not Hispanic or Latino,White,Female,35-44,48.0,Loan originated
1,985000.0,48,1855000.0,293.0,1,Not Hispanic or Latino,White,Male,25-34,52.91,Loan originated
1,525000.0,40,1055000.0,176.0,1,Not Hispanic or Latino,Asian,Male,35-44,50.0,Loan originated
1,585000.0,47,785000.0,134.0,1,Not Hispanic or Latino,Asian,Female,35-44,75.0,Loan originated
1,515000.0,20%-<30%,645000.0,206.0,1,Not Hispanic or Latino,White,Male,25-34,80.0,Loan originated
1,485000.0,49,505000.0,225.0,1,Not Hispanic or Latino,Asian,Male,55-64,95.0,Loan originated
1,485000.0,39,615000.0,123.0,1,Not Hispanic or Latino,White,Male,55-64,80.0,Loan originated
1,245000.0,49,795000.0,64.0,1,Not Hispanic or Latino,White,Male,25-34,30.818,Loan originated
1,425000.0,43,535000.0,126.0,1,Not Hispanic or Latino,Black or African American,Male,35-44,80.0,Loan originated
1,355000.0,30%-<36%,385000.0,115.0,1,Hispanic or Latino,White,Male,35-44,90.0,Loan originated
1,405000.0,49,455000.0,251.0,1,Not Hispanic or Latino,White,Male,25-34,90.0,Loan originated
1,435000.0,42,485000.0,111.0,1,Hispanic or Latino,White,Female,35-44,89.9,Loan originated
1,465000.0,45,485000.0,122.0,1,Not Hispanic or Latino,White,Male,25-34,95.0,Loan originated
1,1085000.0,39,1355000.0,301.0,1,Not Hispanic or Latino,Asian,Male,35-44,80.0,Loan originated
1,525000.0,39,655000.0,183.0,1,Not Hispanic or Latino,White,Male,35-44,80.0,Loan originated
1,705000.0,47,885000.0,254.0,1,Not Hispanic or Latino,Asian,Male,45-54,80.0,Loan originated
1,365000.0,20%-<30%,405000.0,166.0,1,Not Hispanic or Latino,White,Male,45-54,89.999,Loan originated
1,485000.0,20%-<30%,965000.0,191.0,1,Not Hispanic or Latino,Asian,Male,55-64,50.0,Loan originated
1,635000.0,48,855000.0,122.0,1,Not Hispanic or Latino,White,Male,>74,75.0,Loan originated
1,645000.0,30%-<36%,865000.0,179.0,1,Not Hispanic or Latino,White,Male,65-74,75.0,Loan originated
1,305000.0,39,555000.0,99.0,1,Hispanic or Latino,White,Female,25-34,54.545,Loan originated
1,385000.0,20%-<30%,545000.0,151.0,1,Not Hispanic or Latino,White,Female,25-34,70.0,Loan originated
1,635000.0,49,795000.0,213.0,1,Not Hispanic or Latino,White,Male,25-34,80.0,Loan originated
1,515000.0,20%-<30%,645000.0,489.0,1,Not Hispanic or Latino,White,Male,35-44,80.0,Loan originated
1,1015000.0,42,1285000.0,261.0,1,Not Hispanic or Latino,Asian,Male,35-44,80.0,Loan originated
1,825000.0,47,875000.0,199.0,1,Not Hispanic or Latino,White,Male,25-34,95.0,Loan originated
1,1005000.0,43,2715000.0,278.0,1,Not Hispanic or Latino,Asian,Female,25-34,36.83,Loan originated
1,335000.0,50%-60%,355000.0,80.0,1,Hispanic or Latino,White,Female,25-34,97.0,Application denied
1,515000.0,42,685000.0,256.0,1,Not Hispanic or Latino,Asian,Male,25-34,75.0,Loan originated
1,105000.0,30%-<36%,125000.0,121.0,1,Not Hispanic or Latino,Native Hawaiian or Other Pacific Islander,Male,45-54,85.0,Application denied
1,555000.0,45,695000.0,144.0,1,Not Hispanic or Latino,White,Male,35-44,80.0,Loan originated
1,615000.0,40,655000.0,177.0,1,Hispanic or Latino,White,Female,>74,94.275,Loan originated
1,355000.0,42,555000.0,118.0,1,Hispanic or Latino,White,Male,25-34,63.636,Application denied
1,235000.0,50%-60%,325000.0,73.0,1,Hispanic or Latino,White,Female,35-44,74.65,Loan originated
1,565000.0,36,595000.0,147.0,1,Not Hispanic or Latino,White,Male,25-34,95.0,Loan originated
1,445000.0,47,565000.0,95.0,1,Not Hispanic or Latino,White,Female,35-44,80.0,Loan originated
1,695000.0,50%-60%,875000.0,137.0,1,Not Hispanic or Latino,Asian,Male,35-44,80.0,Loan originated
1,495000.0,45,525000.0,120.0,1,Hispanic or Latino,White,Female,25-34,95.0,Loan originated
1,875000.0,39,925000.0,276.0,1,Not Hispanic or Latino,White,Female,25-34,95.0,Application denied
1,605000.0,48,1425000.0,186.0,1,Not Hispanic or Latino,2 or more minority races,Female,25-34,41.98,Loan originated
1,825000.0,49,1085000.0,325.0,1,Not Hispanic or Latino,White,Male,45-54,75.495,Loan originated
1,415000.0,40,455000.0,125.0,1,Not Hispanic or Latino,Asian,Male,35-44,90.0,Loan originated
1,555000.0,49,585000.0,121.0,1,Hispanic or Latino,White,Female,35-44,90.0,Application denied
1,775000.0,44,865000.0,240.0,1,Not Hispanic or Latino,White,Male,35-44,90.0,Loan originated
1,485000.0,45,505000.0,114.0,1,Hispanic or Latino,White,Male,<25,95.0,Loan originated
1,1005000.0,41,1255000.0,283.0,1,Not Hispanic or Latino,White,Male,55-64,80.0,Loan originated
1,455000.0,<20%,1455000.0,578.0,1,Hispanic or Latino,White,Male,55-64,31.035,Loan originated
1,655000.0,20%-<30%,725000.0,310.0,1,Hispanic or Latino,White,Male,35-44,90.0,Loan originated
1,195000.0,20%-<30%,225000.0,95.0,1,Not Hispanic or Latino,White,Male,25-34,90.0,Loan originated
1,1035000.0,44,1375000.0,285.0,1,Not Hispanic or Latino,Asian,Female,45-54,75.0,Loan originated
1,555000.0,30%-<36%,575000.0,166.0,1,Hispanic or Latino,White,Male,35-44,100.4,Loan originated
1,765000.0,45,805000.0,168.0,1,Not Hispanic or Latino,Asian,Male,35-44,94.735,Loan originated
1,565000.0,49,595000.0,162.0,1,Hispanic or Latino,White,Female,25-34,95.0,Loan originated
1,285000.0,37,305000.0,89.0,1,Hispanic or Latino,White,Female,35-44,95.0,Loan originated
1,445000.0,<20%,525000.0,591.0,1,Not Hispanic or Latino,Asian,Female,25-34,84.762,Loan originated
1,475000.0,48,595000.0,99.0,1,Hispanic or Latino,White,Male,<25,80.0,Loan originated
1,585000.0,41,685000.0,159.0,1,Not Hispanic or Latino,Asian,Female,35-44,85.294,Loan originated
1,765000.0,20%-<30%,965000.0,323.0,1,Not Hispanic or Latino,White,Male,25-34,79.38,Loan originated
1,525000.0,42,555000.0,164.0,1,Not Hispanic or Latino,White,Female,35-44,95.0,Loan originated
1,465000.0,30%-<36%,485000.0,162.0,1,Hispanic or Latino,Asian,Male,35-44,96.5,Loan originated
1,225000.0,39,655000.0,70.0,1,Not Hispanic or Latino,Asian,Male,25-34,35.0,Loan originated
1,285000.0,41,525000.0,106.0,1,Not Hispanic or Latino,White,Female,65-74,54.476,Loan originated
1,715000.0,45,785000.0,156.0,1,Not Hispanic or Latino,Asian,Female,65-74,90.0,Loan originated
1,465000.0,48,585000.0,106.0,1,Not Hispanic or Latino,White,Male,25-34,80.0,Loan originated
1,615000.0,20%-<30%,685000.0,273.0,1,Not Hispanic or Latino,White,Female,25-34,90.0,Loan originated
1,235000.0,>60%,865000.0,32.0,1,Not Hispanic or Latino,Asian,Male,35-44,27.209,Application denied
1,505000.0,41,725000.0,154.0,1,Not Hispanic or Latino,Asian,Female,25-34,69.92,Loan originated
1,455000.0,39,565000.0,144.0,1,Not Hispanic or Latino,Asian,Male,25-34,100.0,Loan originated
1,375000.0,42,695000.0,123.0,1,Not Hispanic or Latino,Asian,Female,25-34,54.93,Loan originated
1,305000.0,41,385000.0,73.0,1,Hispanic or Latino,Asian,Male,35-44,80.0,Loan originated
1,695000.0,30%-<36%,865000.0,230.0,1,Not Hispanic or Latino,Asian,Female,35-44,80.0,Loan originated
1,295000.0,47,315000.0,98.0,1,Not Hispanic or Latino,White,Male,55-64,94.895,Loan originated
1,375000.0,48,395000.0,104.0,1,Hispanic or Latino,White,Male,25-34,95.0,Loan originated
1,495000.0,43,625000.0,118.0,1,Not Hispanic or Latino,Black or African American,Male,35-44,80.0,Loan originated
1,765000.0,30%-<36%,985000.0,339.0,1,Not Hispanic or Latino,White,Male,45-54,78.163,Loan originated
1,275000.0,<20%,675000.0,181.0,1,Not Hispanic or Latino,White,Female,55-64,40.48,Loan originated
1,625000.0,47,785000.0,125.0,1,Not Hispanic or Latino,Asian,Male,55-64,80.0,Loan originated
1,405000.0,45,425000.0,86.0,1,Hispanic or Latino,White,Male,25-34,95.0,Loan originated
1,535000.0,30%-<36%,555000.0,151.0,1,Not Hispanic or Latino,Asian,Female,35-44,95.0,Loan originated
1,425000.0,47,535000.0,115.0,1,Not Hispanic or Latino,White,Male,45-54,80.0,Loan originated
1,755000.0,30%-<36%,875000.0,215.0,1,Not Hispanic or Latino,Black or African American,Male,35-44,86.66,Loan originated
1,245000.0,39,795000.0,91.0,1,Not Hispanic or Latino,White,Female,45-54,30.66,Loan originated
1,335000.0,44,395000.0,79.0,1,Not Hispanic or Latino,White,Male,35-44,85.0,Loan originated
1,335000.0,45,425000.0,74.0,1,Not Hispanic or Latino,White,Male,25-34,80.0,Loan originated
1,685000.0,20%-<30%,855000.0,262.0,1,Not Hispanic or Latino,Asian,Male,25-34,80.0,Loan originated
1,635000.0,30%-<36%,905000.0,285.0,1,Hispanic or Latino,White,Male,35-44,70.0,Loan originated
1,535000.0,47,675000.0,117.0,1,Not Hispanic or Latino,Asian,Male,35-44,80.0,Loan originated
1,325000.0,47,365000.0,111.0,1,Hispanic or Latino,White,Male,25-34,90.0,Loan originated
1,635000.0,30%-<36%,795000.0,232.0,1,Not Hispanic or Latino,White,Female,45-54,80.0,Loan originated
1,845000.0,30%-<36%,1055000.0,273.0,1,Not Hispanic or Latino,White,Male,55-64,80.0,Loan originated
1,1685000.0,44,2115000.0,373.0,1,Not Hispanic or Latino,White,Female,45-54,80.0,Loan originated
1,835000.0,44,875000.0,191.0,1,Not Hispanic or Latino,White,Male,45-54,95.0,Loan originated
1,375000.0,39,595000.0,115.0,1,Hispanic or Latino,White,Female,<25,63.0,Loan originated
1,815000.0,39,855000.0,275.0,1,Not Hispanic or Latino,Black or African American,Female,45-54,95.29,Loan originated
1,725000.0,49,905000.0,155.0,1,Not Hispanic or Latino,Asian,Male,35-44,80.0,Loan originated
1,345000.0,49,435000.0,77.0,1,Not Hispanic or Latino,White,Male,25-34,83.0,Loan originated
1,695000.0,49,725000.0,140.0,1,Hispanic or Latino,White,Male,35-44,96.0,Loan originated
1,495000.0,46,555000.0,148.0,1,Not Hispanic or Latino,Black or African American,Female,45-54,90.0,Loan originated
1,465000.0,43,665000.0,139.0,1,Hispanic or Latino,White,Female,65-74,69.37,Loan originated
1,505000.0,46,595000.0,135.0,1,Not Hispanic or Latino,White,Female,35-44,85.0,Loan originated
1,615000.0,44,655000.0,142.0,1,Hispanic or Latino,White,Male,25-34,95.0,Loan originated
1,495000.0,44,525000.0,117.0,1,Not Hispanic or Latino,White,Female,45-54,94.0,Loan originated
1,85000.0,30%-<36%,585000.0,67.0,1,Not Hispanic or Latino,White,Female,65-74,14.53,Loan originated
1,595000.0,49,855000.0,118.0,1,Not Hispanic or Latino,White,Male,25-34,70.0,Loan originated
1,675000.0,<20%,845000.0,0.0,1,Not Hispanic or Latino,Asian,Male,25-34,80.0,Application denied
1,455000.0,40,565000.0,106.0,1,Not Hispanic or Latino,White,Male,25-34,80.0,Loan originated
1,155000.0,30%-<36%,475000.0,111.0,1,Not Hispanic or Latino,Asian,Female,35-44,31.579,Loan originated
1,495000.0,41,535000.0,125.0,1,Not Hispanic or Latino,White,Male,<25,92.0,Loan originated
1,565000.0,49,705000.0,121.0,1,Not Hispanic or Latino,Asian,Female,35-44,79.999,Loan originated
1,435000.0,46,545000.0,96.0,1,Not Hispanic or Latino,White,Male,45-54,80.0,Loan originated
1,635000.0,30%-<36%,675000.0,225.0,1,Not Hispanic or Latino,Black or African American,Male,25-34,94.997,Loan originated
1,695000.0,30%-<36%,765000.0,279.0,1,Not Hispanic or Latino,White,Female,35-44,90.235,Loan originated
1,335000.0,41,425000.0,73.0,1,Not Hispanic or Latino,Black or African American,Female,25-34,80.0,Loan originated
1,1035000.0,42,1345000.0,281.0,1,Not Hispanic or Latino,Asian,Male,35-44,76.96,Loan originated
1,755000.0,38,835000.0,185.0,1,Not Hispanic or Latino,Asian,Male,35-44,90.0,Loan originated
1,595000.0,42,745000.0,149.0,1,Not Hispanic or Latino,Asian,Male,25-34,80.0,Loan originated
1,315000.0,38,395000.0,168.0,1,Hispanic or Latino,White,Female,25-34,80.0,Loan originated
1,385000.0,38,815000.0,134.0,1,Not Hispanic or Latino,White,Male,45-54,47.531,Loan originated
1,925000.0,48,975000.0,499.0,1,Hispanic or Latino,White,Female,35-44,95.0,Loan originated
1,715000.0,44,805000.0,206.0,1,Not Hispanic or Latino,Asian,Male,25-34,89.9,Loan originated
1,455000.0,47,855000.0,107.0,1,Not Hispanic or Latino,White,Male,55-64,52.941,Loan originated
1,765000.0,42,925000.0,246.0,1,Not Hispanic or Latino,White,Male,35-44,83.33,Loan originated
1,505000.0,30%-<36%,935000.0,246.0,1,Not Hispanic or Latino,Asian,Female,55-64,54.203,Loan originated
1,265000.0,49,365000.0,56.0,1,Not Hispanic or Latino,White,Male,45-54,73.64,Loan originated
1,285000.0,48,325000.0,72.0,1,Not Hispanic or Latino,White,Male,25-34,88.0,Loan originated
1,525000.0,46,655000.0,220.0,1,Not Hispanic or Latino,White,Male,45-54,80.0,Loan originated
1,425000.0,41,485000.0,132.0,1,Not Hispanic or Latino,White,Male,25-34,87.0,Loan originated
1,545000.0,48,575000.0,153.0,1,Not Hispanic or Latino,White,Female,65-74,95.0,Loan originated
1,555000.0,46,695000.0,126.0,1,Not Hispanic or Latino,White,Male,45-54,80.0,Loan originated
1,315000.0,43,335000.0,84.0,1,Hispanic or Latino,White,Female,35-44,100.0,Loan originated
1,295000.0,43,395000.0,80.0,1,Not Hispanic or Latino,White,Female,25-34,74.684,Loan originated
1,575000.0,49,725000.0,195.0,1,Not Hispanic or Latino,Asian,Female,<25,80.0,Loan originated
1,705000.0,38,885000.0,303.0,1,Not Hispanic or Latino,White,Female,<25,80.0,Loan originated
1,315000.0,30%-<36%,395000.0,95.0,1,Not Hispanic or Latino,Asian,Female,45-54,80.0,Loan originated
1,595000.0,40,745000.0,152.0,1,Not Hispanic or Latino,White,Female,65-74,80.0,Loan originated
1,325000.0,20%-<30%,615000.0,295.0,1,Not Hispanic or Latino,White,Male,45-54,53.0,Loan originated
1,565000.0,42,705000.0,71.0,1,Not Hispanic or Latino,Asian,Male,25-34,80.0,Application denied
1,635000.0,20%-<30%,785000.0,285.0,1,Not Hispanic or Latino,Asian,Female,<25,80.0,Application denied
1,765000.0,42,865000.0,217.0,1,Not Hispanic or Latino,White,Male,35-44,88.555,Loan originated
1,375000.0,20%-<30%,395000.0,146.0,1,Not Hispanic or Latino,Asian,Male,55-64,97.0,Loan originated
1,565000.0,46,715000.0,121.0,1,Hispanic or Latino,White,Male,45-54,80.0,Loan originated
1,415000.0,49,525000.0,102.0,1,Not Hispanic or Latino,White,Female,45-54,80.0,Loan originated
1,505000.0,48,535000.0,121.0,1,Hispanic or Latino,American Indian or Alaska Native,Female,45-54,96.0,Loan originated
1,275000.0,30%-<36%,285000.0,120.0,1,Not Hispanic or Latino,Asian,Male,25-34,97.0,Loan originated
1,265000.0,30%-<36%,555000.0,97.0,1,Not Hispanic or Latino,White,Female,25-34,48.182,Loan originated
1,755000.0,45,785000.0,183.0,1,Not Hispanic or Latino,Asian,Male,25-34,95.0,Loan originated
1,425000.0,43,445000.0,103.0,1,Not Hispanic or Latino,White,Male,35-44,95.0,Loan originated
1,95000.0,41,425000.0,35.0,1,Not Hispanic or Latino,White,Female,65-74,21.615,Loan originated
1,325000.0,49,345000.0,92.0,1,Hispanic or Latino,White,Female,65-74,95.0,Application denied
1,265000.0,46,335000.0,76.0,1,Not Hispanic or Latino,White,Male,55-64,80.0,Loan originated
1,585000.0,45,615000.0,135.0,1,Not Hispanic or Latino,White,Male,25-34,95.0,Loan originated
1,435000.0,43,435000.0,101.0,1,Hispanic or Latino,White,Female,25-34,100.0,Loan originated
1,585000.0,49,765000.0,133.0,1,Hispanic or Latino,White,Male,25-34,77.0,Loan originated
1,485000.0,49,605000.0,94.0,1,Hispanic or Latino,White,Male,35-44,80.0,Loan originated
1,385000.0,49,585000.0,99.0,1,Not Hispanic or Latino,White,Male,35-44,64.857,Loan originated
1,605000.0,36,755000.0,157.0,1,Not Hispanic or Latino,White,Male,35-44,80.0,Loan originated
1,665000.0,42,885000.0,159.0,1,Not Hispanic or Latino,Asian,Male,<25,75.0,Loan originated
1,455000.0,47,475000.0,337.0,1,Not Hispanic or Latino,Asian,Male,>74,95.0,Loan originated
1,665000.0,50%-60%,715000.0,163.0,1,Not Hispanic or Latino,White,Female,35-44,92.998,Loan originated
1,655000.0,20%-<30%,825000.0,386.0,1,Hispanic or Latino,White,Male,<25,80.0,Loan originated
1,535000.0,20%-<30%,665000.0,215.0,1,Not Hispanic or Latino,Asian,Female,25-34,80.0,Loan originated
1,415000.0,47,435000.0,100.0,1,Not Hispanic or Latino,Asian,Male,25-34,95.0,Loan originated
1,355000.0,39,515000.0,104.0,1,Not Hispanic or Latino,Asian,Female,25-34,70.0,Loan originated
1,315000.0,36,395000.0,96.0,1,Not Hispanic or Latino,White,Male,35-44,80.0,Loan originated
1,565000.0,20%-<30%,705000.0,257.0,1,Not Hispanic or Latino,White,Male,45-54,80.0,Loan originated
1,645000.0,39,685000.0,270.0,1,Hispanic or Latino,White,Male,25-34,95.0,Loan originated
1,635000.0,47,905000.0,172.0,1,Not Hispanic or Latino,Asian,Male,55-64,70.0,Loan originated
1,375000.0,50%-60%,395000.0,72.0,1,Not Hispanic or Latino,Black or African American,Female,55-64,100.0,Loan originated
1,775000.0,30%-<36%,1425000.0,251.0,1,Not Hispanic or Latino,White,Male,55-64,54.225,Loan originated
1,375000.0,41,385000.0,98.0,1,Not Hispanic or Latino,White,Female,25-34,97.0,Loan originated
1,465000.0,36,675000.0,322.0,1,Hispanic or Latino,White,Male,45-54,70.0,Loan originated
1,275000.0,46,285000.0,75.0,1,Not Hispanic or Latino,White,Female,25-34,97.0,Application denied
1,355000.0,20%-<30%,395000.0,311.0,1,Not Hispanic or Latino,White,Female,35-44,89.9,Loan originated
1,605000.0,40,805000.0,286.0,1,Not Hispanic or Latino,Asian,Male,55-64,75.0,Loan originated
1,695000.0,44,735000.0,162.0,1,Not Hispanic or Latino,White,Male,25-34,95.0,Loan originated
1,785000.0,30%-<36%,975000.0,226.0,1,Not Hispanic or Latino,Asian,Male,35-44,80.0,Loan originated
1,295000.0,43,315000.0,109.0,1,Not Hispanic or Latino,Asian,Male,25-34,95.0,Loan originated
1,335000.0,49,345000.0,100.0,1,Hispanic or Latino,White,Female,25-34,101.94,Loan originated
1,365000.0,20%-<30%,385000.0,175.0,1,Not Hispanic or Latino,White,Male,45-54,95.0,Loan originated
1,465000.0,40,495000.0,111.0,1,Hispanic or Latino,White,Male,25-34,95.0,Loan originated
1,1145000.0,47,1285000.0,292.0,1,Not Hispanic or Latino,Black or African American,Female,35-44,89.481,Loan originated
1,495000.0,20%-<30%,515000.0,198.0,1,Not Hispanic or Latino,Asian,Male,25-34,97.0,Loan originated
1,575000.0,39,685000.0,253.0,1,Hispanic or Latino,White,Female,55-64,85.0,Loan originated
1,165000.0,44,645000.0,72.0,1,Not Hispanic or Latino,White,Male,65-74,25.94,Loan originated
1,1005000.0,30%-<36%,1765000.0,457.0,1,Not Hispanic or Latino,Asian,Male,35-44,56.795,Loan originated
1,665000.0,30%-<36%,1465000.0,276.0,1,Not Hispanic or Latino,White,Female,55-64,45.205,Loan originated
1,425000.0,49,485000.0,79.0,1,Not Hispanic or Latino,Black or African American,Female,45-54,88.557,Loan originated
1,675000.0,48,755000.0,180.0,1,Not Hispanic or Latino,Black or African American,Female,55-64,90.0,Loan originated
1,235000.0,47,295000.0,79.0,1,Not Hispanic or Latino,White,Male,35-44,80.0,Application denied
1,545000.0,45,685000.0,135.0,1,Not Hispanic or Latino,Asian,Male,25-34,80.0,Loan originated
1,1065000.0,43,1295000.0,240.0,1,Not Hispanic or Latino,White,Male,25-34,82.008,Loan originated
1,345000.0,49,435000.0,107.0,1,Not Hispanic or Latino,White,Male,55-64,80.0,Loan originated
1,705000.0,30%-<36%,745000.0,199.0,1,Not Hispanic or Latino,White,Male,25-34,95.0,Loan originated
1,755000.0,49,1035000.0,227.0,1,Not Hispanic or Latino,White,Female,35-44,73.398,Loan originated
