loan_purpose,loan_amount,debt_to_income_ratio,property_value,income,occupancy_type,derived_ethnicity,derived_race,derived_sex,applicant_age,loan_to_value_ratio,action_taken
1,745000.0,43,995000.0,201.0,1,Not Hispanic or Latino,White,Male,55-64,74.85,Loan originated
1,975000.0,20%-<30%,1085000.0,379.0,1,Not Hispanic or Latino,White,Male,35-44,90.0,Loan originated
1,115000.0,37,285000.0,31.0,1,Not Hispanic or Latino,White,Male,<25,102.0,Loan originated
1,305000.0,30%-<36%,625000.0,111.0,1,Not Hispanic or Latino,White,Female,35-44,48.0,Loan originated
1,305000.0,20%-<30%,405000.0,132.0,1,Not Hispanic or Latino,Asian,Female,25-34,75.124,Loan originated
1,465000.0,47,545000.0,149.0,1,Hispanic or Latino,White,Male,35-44,85.0,Loan originated
1,95000.0,44,105000.0,72.0,1,Hispanic or Latino,White,Female,55-64,91.58,Loan originated
1,665000.0,45,705000.0,139.0,1,Not Hispanic or Latino,Asian,Male,35-44,95.0,Loan originated
1,665000.0,30%-<36%,885000.0,209.0,1,Not Hispanic or Latino,White,Female,45-54,75.0,Loan originated
1,825000.0,38,875000.0,355.0,1,Not Hispanic or Latino,Asian,Female,25-34,95.0,Loan originated
1,535000.0,20%-<30%,625000.0,326.0,1,Hispanic or Latino,White,Male,45-54,85.0,Loan originated
1,605000.0,42,765000.0,160.0,1,Not Hispanic or Latino,Asian,Female,35-44,80.0,Loan originated
1,1015000.0,41,1155000.0,255.0,1,Not Hispanic or Latino,White,Female,25-34,89.99,Loan originated
1,515000.0,44,645000.0,115.0,1,Hispanic or Latino,White,Male,35-44,100.0,Loan originated
1,465000.0,>60%,595000.0,70.0,1,Not Hispanic or Latino,White,Male,25-34,80.0,Application denied
1,255000.0,45,305000.0,70.0,1,Hispanic or Latino,White,Male,25-34,89.167,Application denied
1,395000.0,39,525000.0,126.0,1,Not Hispanic or Latino,Asian,Male,25-34,75.227,Loan originated
1,1065000.0,49,1325000.0,214.0,1,Not Hispanic or Latino,Asian,Female,25-34,84.646,Loan originated
1,415000.0,46,1315000.0,105.0,1,Not Hispanic or Latino,White,Female,45-54,32.0,Loan originated
1,305000.0,37,1535000.0,175.0,1,Not Hispanic or Latino,White,Female,65-74,19.544,Loan originated
1,395000.0,46,495000.0,95.0,1,Not Hispanic or Latino,White,Female,35-44,80.0,Loan originated
1,565000.0,42,915000.0,150.0,1,Not Hispanic or Latino,Asian,Male,35-44,61.672,Loan originated
1,605000.0,45,1565000.0,190.0,1,Not Hispanic or Latino,Asian,Female,55-64,38.417,Loan originated
1,565000.0,43,705000.0,130.0,1,Not Hispanic or Latino,White,Male,25-34,80.0,Loan originated
1,115000.0,30%-<36%,535000.0,87.0,1,Not Hispanic or Latino,Asian,Male,65-74,22.0,Loan originated
1,435000.0,49,545000.0,111.0,1,Hispanic or Latino,White,Female,25-34,80.0,Loan originated
1,955000.0,49,1335000.0,182.0,1,Hispanic or Latino,White,Male,35-44,71.5,Loan originated
1,685000.0,<20%,855000.0,1299.0,1,Hispanic or Latino,White,Male,25-34,80.0,Loan originated
1,425000.0,43,565000.0,102.0,1,Not Hispanic or Latino,Asian,Male,35-44,75.0,Loan originated
1,1005000.0,46,1255000.0,230.0,1,Not Hispanic or Latino,White,Male,35-44,80.0,Loan originated
1,405000.0,43,505000.0,258.0,1,Not Hispanic or Latino,Asian,Female,45-54,80.0,Loan originated
1,595000.0,41,695000.0,146.0,1,Not Hispanic or Latino,White,Male,35-44,85.636,Loan originated
1,335000.0,40,375000.0,174.0,1,Not Hispanic or Latino,White,Female,35-44,89.333,Loan originated
1,735000.0,39,915000.0,221.0,1,Hispanic or Latino,White,Male,45-54,80.0,Loan originated
1,435000.0,45,455000.0,95.0,1,Not Hispanic or Latino,White,Female,35-44,97.0,Loan originated
1,675000.0,49,715000.0,181.0,1,Not Hispanic or Latino,White,Female,65-74,96.9,Application denied
1,695000.0,49,935000.0,143.0,1,Not Hispanic or Latino,White,Male,55-64,74.73,Loan originated
1,555000.0,39,585000.0,217.0,1,Not Hispanic or Latino,Black or African American,Male,35-44,95.0,Loan originated
1,485000.0,48,605000.0,115.0,1,Hispanic or Latino,White,Female,35-44,80.0,Loan originated
1,845000.0,30%-<36%,1685000.0,257.0,1,Not Hispanic or Latino,Asian,Male,35-44,50.0,Loan originated
1,865000.0,30%-<36%,1085000.0,285.0,1,Not Hispanic or Latino,Asian,Female,35-44,80.0,Loan originated
1,545000.0,30%-<36%,605000.0,173.0,1,Not Hispanic or Latino,Asian,Female,35-44,90.0,Loan originated
1,1005000.0,20%-<30%,1255000.0,460.0,1,Not Hispanic or Latino,White,Male,65-74,80.0,Loan originated
1,515000.0,42,535000.0,108.0,1,Hispanic or Latino,Asian,Female,25-34,95.0,Loan originated
1,165000.0,42,325000.0,51.0,1,Hispanic or Latino,White,Male,45-54,96.865,Application denied
1,385000.0,40,425000.0,109.0,1,Not Hispanic or Latino,White,Female,55-64,89.41,Loan originated
1,275000.0,45,335000.0,186.0,1,Not Hispanic or Latino,White,Female,45-54,80.6,Application denied
1,425000.0,30%-<36%,445000.0,141.0,1,Not Hispanic or Latino,White,Male,35-44,95.0,Loan originated
1,665000.0,30%-<36%,835000.0,246.0,1,Not Hispanic or Latino,White,Female,25-34,80.0,Loan originated
1,485000.0,37,665000.0,130.0,1,Not Hispanic or Latino,Asian,Male,<25,73.292,Loan originated
1,655000.0,44,685000.0,162.0,1,Hispanic or Latino,American Indian or Alaska Native,Female,25-34,94.99,Loan originated
1,945000.0,49,1255000.0,200.0,1,Not Hispanic or Latino,White,Female,65-74,74.82,Loan originated
1,755000.0,47,835000.0,175.0,1,Not Hispanic or Latino,White,Female,35-44,90.0,Loan originated
1,565000.0,41,585000.0,146.0,1,Hispanic or Latino,White,Male,25-34,97.0,Loan originated
1,285000.0,49,355000.0,62.0,1,Not Hispanic or Latino,Asian,Female,<25,80.0,Loan originated
1,965000.0,36,1295000.0,322.0,1,Not Hispanic or Latino,Asian,Male,25-34,74.488,Loan originated
1,305000.0,39,515000.0,121.0,1,Not Hispanic or Latino,Black or African American,Male,55-64,59.0,Loan originated
1,415000.0,43,515000.0,336.0,1,Not Hispanic or Latino,White,Female,35-44,80.0,Loan originated
1,325000.0,41,605000.0,90.0,1,Not Hispanic or Latino,American Indian or Alaska Native,Female,65-74,52.919,Loan originated
1,995000.0,>60%,1235000.0,160.0,1,Not Hispanic or Latino,White,Male,<25,62.63,Application denied
1,1055000.0,42,1685000.0,245.0,1,Not Hispanic or Latino,White,Female,55-64,62.25,Loan originated
1,275000.0,43,555000.0,48.0,1,Not Hispanic or Latino,Asian,Female,55-64,50.0,Loan originated
1,685000.0,49,715000.0,162.0,1,Hispanic or Latino,White,Male,25-34,95.0,Loan originated
1,415000.0,37,435000.0,141.0,1,Hispanic or Latino,White,Male,25-34,95.0,Loan originated
1,555000.0,45,585000.0,133.0,1,Hispanic or Latino,White,Female,25-34,95.0,Loan originated
1,415000.0,36,475000.0,164.0,1,Not Hispanic or Latino,Asian,Male,25-34,87.392,Loan originated
1,605000.0,37,755000.0,165.0,1,Hispanic or Latino,White,Male,35-44,80.0,Loan originated
1,735000.0,49,855000.0,147.0,1,Hispanic or Latino,White,Female,55-64,85.882,Loan originated
1,395000.0,43,415000.0,116.0,1,Hispanic or Latino,White,Female,<25,97.0,Application denied
1,375000.0,43,395000.0,131.0,1,Hispanic or Latino,White,Male,25-34,95.0,Loan originated
1,525000.0,<20%,655000.0,706.0,1,Not Hispanic or Latino,Asian,Male,55-64,80.0,Application denied
1,655000.0,40,825000.0,258.0,1,Hispanic or Latino,White,Male,<25,78.79,Loan originated
1,485000.0,30%-<36%,605000.0,200.0,1,Not Hispanic or Latino,Asian,Male,45-54,80.0,Loan originated
1,455000.0,49,705000.0,94.0,1,Not Hispanic or Latino,White,Female,35-44,64.49,Loan originated
1,245000.0,49,305000.0,71.0,1,Not Hispanic or Latino,White,Male,45-54,80.0,Loan originated
1,545000.0,50%-60%,955000.0,107.0,1,Not Hispanic or Latino,White,Male,45-54,56.843,Loan originated
1,635000.0,48,655000.0,160.0,1,Not Hispanic or Latino,Black or African American,Female,35-44,100.0,Loan originated
1,305000.0,48,955000.0,9.0,1,Not Hispanic or Latino,Asian,Female,55-64,31.58,Loan originated
1,75000.0,20%-<30%,185000.0,35.0,1,Not Hispanic or Latino,White,Female,25-34,41.67,Loan originated
1,385000.0,44,735000.0,164.0,1,Not Hispanic or Latino,Black or African American,Female,45-54,102.41,Loan originated
1,145000.0,49,495000.0,53.0,1,Hispanic or Latino,White,Male,<25,30.232,Loan originated
1,285000.0,41,585000.0,417.0,1,Not Hispanic or Latino,White,Male,45-54,48.276,Loan originated
1,535000.0,20%-<30%,765000.0,233.0,1,Not Hispanic or Latino,Asian,Female,35-44,70.0,Loan originated
1,725000.0,30%-<36%,1025000.0,286.0,1,Not Hispanic or Latino,White,Male,<25,70.203,Loan originated
1,235000.0,30%-<36%,255000.0,104.0,1,Hispanic or Latino,White,Male,45-54,95.0,Loan originated
1,455000.0,36,1405000.0,155.0,1,Not Hispanic or Latino,White,Female,35-44,32.14,Loan originated
1,635000.0,39,845000.0,188.0,1,Not Hispanic or Latino,White,Female,35-44,75.0,Loan originated
1,185000.0,20%-<30%,225000.0,70.0,1,Not Hispanic or Latino,Asian,Male,55-64,80.0,Loan originated
1,735000.0,30%-<36%,925000.0,232.0,1,Hispanic or Latino,White,Female,<25,80.0,Loan originated
1,705000.0,39,1095000.0,168.0,1,Not Hispanic or Latino,White,Male,25-34,64.0,Loan originated
1,555000.0,38,695000.0,137.0,1,Not Hispanic or Latino,Asian,Female,35-44,80.0,Loan originated
1,415000.0,44,465000.0,103.0,1,Not Hispanic or Latino,Black or African American,Male,45-54,99.07,Loan originated
1,645000.0,40,865000.0,178.0,1,Not Hispanic or Latino,White,Male,25-34,74.711,Loan originated
1,985000.0,20%-<30%,1285000.0,473.0,1,Not Hispanic or Latino,White,Male,25-34,76.863,Loan originated
1,1005000.0,<20%,2655000.0,0.0,1,Not Hispanic or Latino,White,Male,35-44,38.1,Application denied
1,235000.0,>60%,295000.0,129.0,1,Not Hispanic or Latino,White,Male,55-64,80.0,Application denied
1,565000.0,49,915000.0,122.0,1,Hispanic or Latino,White,Male,25-34,61.749,Loan originated
1,445000.0,43,555000.0,9.0,1,Not Hispanic or Latino,White,Female,35-44,80.0,Loan originated
1,685000.0,44,855000.0,198.0,1,Not Hispanic or Latino,White,Female,35-44,80.0,Loan originated
1,235000.0,50%-60%,245000.0,168.0,1,Not Hispanic or Latino,Black or African American,Female,55-64,95.0,Application denied
1,725000.0,37,905000.0,175.0,1,Not Hispanic or Latino,White,Male,25-34,80.0,Loan originated
1,675000.0,46,905000.0,261.0,1,Not Hispanic or Latino,White,Male,35-44,75.0,Loan originated
1,715000.0,30%-<36%,1215000.0,842.0,1,Not Hispanic or Latino,Asian,Male,35-44,58.85,Loan originated
1,745000.0,42,845000.0,165.0,1,Not Hispanic or Latino,Asian,Male,35-44,88.189,Loan originated
1,525000.0,30%-<36%,675000.0,151.0,1,Not Hispanic or Latino,Asian,Female,25-34,77.71,Loan originated
1,705000.0,46,885000.0,218.0,1,Not Hispanic or Latino,Asian,Male,35-44,79.998,Loan originated
1,915000.0,45,1665000.0,241.0,1,Not Hispanic or Latino,Asian,Female,35-44,55.0,Loan originated
1,335000.0,46,345000.0,72.0,1,Hispanic or Latino,White,Female,25-34,97.0,Loan originated
1,855000.0,<20%,1755000.0,1141.0,1,Not Hispanic or Latino,White,Female,45-54,49.0,Loan originated
1,545000.0,50%-60%,945000.0,141.0,1,Hispanic or Latino,White,Female,35-44,58.0,Loan originated
1,375000.0,36,465000.0,180.0,1,Not Hispanic or Latino,White,Male,25-34,80.0,Loan originated
1,435000.0,37,455000.0,135.0,1,Not Hispanic or Latino,Asian,Female,35-44,97.0,Loan originated
1,855000.0,36,1075000.0,237.0,1,Not Hispanic or Latino,White,Female,25-34,80.0,Loan originated
1,265000.0,20%-<30%,515000.0,105.0,1,Not Hispanic or Latino,Asian,Male,25-34,51.46,Loan originated
1,295000.0,37,405000.0,80.0,1,Not Hispanic or Latino,White,Female,25-34,72.293,Loan originated
1,675000.0,48,755000.0,142.0,1,Not Hispanic or Latino,Asian,Male,35-44,89.948,Loan originated
1,335000.0,20%-<30%,355000.0,174.0,1,Hispanic or Latino,White,Male,45-54,95.0,Loan originated
1,575000.0,48,605000.0,113.0,1,Not Hispanic or Latino,Asian,Male,35-44,95.0,Loan originated
1,385000.0,36,395000.0,111.0,1,Hispanic or Latino,American Indian or Alaska Native,Female,45-54,100.0,Loan originated
1,385000.0,46,515000.0,118.0,1,Not Hispanic or Latino,White,Male,35-44,75.0,Loan originated
1,295000.0,48,305000.0,58.0,1,Not Hispanic or Latino,White,Male,<25,100.0,Loan originated
1,195000.0,30%-<36%,245000.0,77.0,1,Hispanic or Latino,White,Female,45-54,80.0,Loan originated
1,795000.0,30%-<36%,995000.0,225.0,1,Not Hispanic or Latino,White,Female,25-34,80.0,Loan originated
1,285000.0,36,525000.0,185.0,1,Not Hispanic or Latino,Asian,Female,55-64,53.33,Loan originated
1,1125000.0,41,1405000.0,289.0,1,Not Hispanic or Latino,Asian,Male,55-64,80.0,Loan originated
1,665000.0,48,855000.0,150.0,1,Not Hispanic or Latino,White,Male,35-44,78.0,Loan originated
1,335000.0,30%-<36%,985000.0,179.0,1,Not Hispanic or Latino,White,Female,65-74,34.343,Loan originated
1,675000.0,41,835000.0,198.0,1,Not Hispanic or Latino,Asian,Male,25-34,80.0,Loan originated
1,415000.0,49,965000.0,92.0,1,Not Hispanic or Latino,Asian,Female,45-54,43.54,Loan originated
1,555000.0,40,905000.0,149.0,1,Not Hispanic or Latino,Asian,Female,35-44,79.71,Loan originated
1,255000.0,30%-<36%,325000.0,87.0,1,Not Hispanic or Latino,Asian,Female,<25,80.0,Loan originated
1,505000.0,47,975000.0,190.0,1,Not Hispanic or Latino,Asian,Male,45-54,51.546,Loan originated
1,215000.0,48,405000.0,49.0,1,Not Hispanic or Latino,White,Female,65-74,53.75,Loan originated
1,1145000.0,30%-<36%,1355000.0,363.0,1,Not Hispanic or Latino,Asian,Male,35-44,85.0,Loan originated
1,975000.0,47,1225000.0,246.0,1,Not Hispanic or Latino,White,Male,65-74,80.0,Loan originated
1,425000.0,46,445000.0,153.0,1,Not Hispanic or Latino,Native Hawaiian or Other Pacific Islander,Female,35-44,95.0,Loan originated
1,375000.0,47,395000.0,125.0,1,Not Hispanic or Latino,Asian,Male,35-44,94.987,Loan originated
1,285000.0,41,305000.0,72.0,1,Not Hispanic or Latino,White,Female,55-64,95.0,Loan originated
1,125000.0,<20%,155000.0,98.0,1,Hispanic or Latino,White,Male,55-64,80.0,Loan originated
1,205000.0,43,715000.0,69.0,1,Not Hispanic or Latino,White,Male,45-54,28.16,Loan originated
1,495000.0,47,575000.0,175.0,1,Not Hispanic or Latino,Black or African American,Male,45-54,86.729,Loan originated
1,515000.0,44,545000.0,276.0,1,Not Hispanic or Latino,White,Male,25-34,95.0,Loan originated
1,175000.0,42,195000.0,54.0,1,Not Hispanic or Latino,White,Female,25-34,90.0,Loan originated
1,15000.0,30%-<36%,325000.0,81.0,1,Not Hispanic or Latino,American Indian or Alaska Native,Female,55-64,101.5,Loan originated
1,335000.0,42,485000.0,89.0,1,Hispanic or Latino,White,Male,35-44,69.072,Loan originated
1,15000.0,<20%,15000.0,1972.0,1,Hispanic or Latino,American Indian or Alaska Native,Female,35-44,454.545,Application denied
1,585000.0,40,625000.0,141.0,1,Hispanic or Latino,White,Female,25-34,95.0,Loan originated
1,355000.0,44,505000.0,97.0,1,Not Hispanic or Latino,White,Female,55-64,70.0,Loan originated
1,375000.0,50%-60%,645000.0,125.0,1,Not Hispanic or Latino,White,Male,65-74,57.364,Loan originated
1,685000.0,37,1035000.0,362.0,1,Not Hispanic or Latino,Asian,Female,45-54,66.328,Loan originated
1,585000.0,20%-<30%,975000.0,256.0,1,Not Hispanic or Latino,White,Male,55-64,60.0,Loan originated
1,515000.0,40,685000.0,236.0,1,Not Hispanic or Latino,White,Female,55-64,75.0,Loan originated
1,945000.0,40,1255000.0,297.0,1,Not Hispanic or Latino,White,Female,35-44,75.0,Loan originated
1,225000.0,43,235000.0,67.0,1,Hispanic or Latino,White,Male,55-64,95.0,Loan originated
1,705000.0,30%-<36%,1555000.0,224.0,1,Not Hispanic or Latino,White,Male,55-64,45.128,Loan originated
1,745000.0,38,785000.0,187.0,1,Hispanic or Latino,White,Male,25-34,94.687,Loan originated
1,585000.0,46,655000.0,146.0,1,Not Hispanic or Latino,Asian,Male,25-34,90.0,Loan originated
1,645000.0,39,685000.0,270.0,1,Hispanic or Latino,White,Male,25-34,95.0,Loan originated
1,1045000.0,47,1305000.0,292.0,1,Not Hispanic or Latino,White,Male,65-74,80.0,Loan originated
1,505000.0,30%-<36%,1315000.0,240.0,1,Not Hispanic or Latino,White,Female,45-54,38.168,Loan originated
1,435000.0,30%-<36%,535000.0,188.0,1,Not Hispanic or Latino,White,Male,55-64,80.0,Loan originated
1,565000.0,36,705000.0,179.0,1,Not Hispanic or Latino,Asian,Male,25-34,80.0,Loan originated
1,675000.0,44,805000.0,161.0,1,Not Hispanic or Latino,White,Male,45-54,83.75,Loan originated
1,255000.0,45,255000.0,55.0,1,Hispanic or Latino,White,Female,35-44,100.0,Loan originated
1,145000.0,<20%,335000.0,83.0,1,Hispanic or Latino,White,Female,45-54,44.0,Loan originated
1,565000.0,49,595000.0,162.0,1,Hispanic or Latino,White,Female,25-34,95.0,Loan originated
1,345000.0,41,595000.0,103.0,1,Hispanic or Latino,White,Male,45-54,59.0,Loan originated
1,285000.0,48,745000.0,76.0,1,Not Hispanic or Latino,Asian,Male,>74,37.584,Loan originated
1,665000.0,49,1735000.0,189.0,1,Not Hispanic or Latino,White,Male,35-44,37.997,Loan originated
1,515000.0,20%-<30%,645000.0,323.0,1,Not Hispanic or Latino,Asian,Male,35-44,80.0,Loan originated
1,685000.0,42,855000.0,211.0,1,Not Hispanic or Latino,Asian,Male,35-44,80.0,Loan originated
1,1145000.0,20%-<30%,1535000.0,406.0,1,Not Hispanic or Latino,White,Female,35-44,74.76,Loan originated
1,575000.0,41,745000.0,139.0,1,Not Hispanic or Latino,White,Male,25-34,78.0,Loan originated
1,125000.0,30%-<36%,165000.0,112.0,1,Hispanic or Latino,White,Female,35-44,80.0,Loan originated
1,565000.0,42,665000.0,152.0,1,Not Hispanic or Latino,White,Male,45-54,85.0,Loan originated
1,495000.0,30%-<36%,845000.0,151.0,1,Not Hispanic or Latino,White,Female,35-44,58.775,Loan originated
1,355000.0,30%-<36%,615000.0,142.0,1,Hispanic or Latino,White,Male,45-54,56.54,Loan originated
1,395000.0,49,505000.0,101.0,1,Not Hispanic or Latino,White,Female,45-54,77.044,Loan originated
1,505000.0,50%-60%,625000.0,395.0,1,Not Hispanic or Latino,Black or African American,Male,65-74,80.0,Application denied
1,575000.0,45,935000.0,133.0,1,Not Hispanic or Latino,Asian,Female,35-44,62.0,Loan originated
1,465000.0,45,475000.0,171.0,1,Not Hispanic or Latino,White,Female,35-44,101.85,Loan originated
1,95000.0,47,145000.0,24.0,1,Not Hispanic or Latino,White,Male,65-74,62.069,Loan originated
1,525000.0,40,655000.0,157.0,1,Hispanic or Latino,White,Male,55-64,80.0,Loan originated
1,815000.0,20%-<30%,1035000.0,465.0,1,Not Hispanic or Latino,White,Female,55-64,80.0,Loan originated
1,1085000.0,39,1365000.0,300.0,1,Not Hispanic or Latino,White,Male,35-44,79.41,Loan originated
1,375000.0,48,395000.0,83.0,1,Hispanic or Latino,White,Female,25-34,98.0,Loan originated
1,525000.0,48,1355000.0,203.0,1,Not Hispanic or Latino,Asian,Female,45-54,38.52,Loan originated
1,765000.0,30%-<36%,825000.0,339.0,1,Not Hispanic or Latino,Black or African American,Female,45-54,92.5,Loan originated
1,325000.0,30%-<36%,415000.0,106.0,1,Not Hispanic or Latino,Asian,Male,25-34,80.0,Loan originated
1,295000.0,45,375000.0,67.0,1,Hispanic or Latino,White,Male,35-44,78.667,Application denied
1,955000.0,48,1415000.0,199.0,1,Not Hispanic or Latino,White,Male,35-44,67.544,Loan originated
1,395000.0,30%-<36%,495000.0,116.0,1,Not Hispanic or Latino,White,Female,25-34,80.0,Loan originated
1,245000.0,30%-<36%,315000.0,244.0,1,Not Hispanic or Latino,White,Male,35-44,80.0,Loan originated
1,665000.0,40,695000.0,161.0,1,Hispanic or Latino,White,Male,25-34,97.0,Loan originated
1,505000.0,37,1655000.0,187.0,1,Not Hispanic or Latino,Asian,Male,25-34,30.303,Loan originated
1,355000.0,47,365000.0,80.0,1,Hispanic or Latino,White,Male,25-34,100.0,Loan originated
1,545000.0,49,685000.0,161.0,1,Not Hispanic or Latino,Asian,Female,35-44,80.0,Loan originated
1,105000.0,49,465000.0,40.0,1,Not Hispanic or Latino,White,Male,65-74,22.814,Loan originated
1,755000.0,30%-<36%,845000.0,297.0,1,Hispanic or Latino,White,Male,25-34,90.0,Loan originated
1,425000.0,45,525000.0,111.0,1,Not Hispanic or Latino,White,Female,25-34,82.0,Loan originated
1,765000.0,38,1055000.0,256.0,1,Hispanic or Latino,White,Male,25-34,73.0,Loan originated
1,385000.0,46,405000.0,97.0,1,Hispanic or Latino,White,Male,35-44,100.0,Loan originated
1,405000.0,41,455000.0,144.0,1,Not Hispanic or Latino,White,Male,<25,89.035,Loan originated
1,445000.0,45,555000.0,123.0,1,Not Hispanic or Latino,White,Male,35-44,100.0,Loan originated
1,385000.0,50%-60%,405000.0,113.0,1,Hispanic or Latino,White,Female,55-64,95.53,Application denied
1,615000.0,49,1415000.0,153.0,1,Not Hispanic or Latino,White,Female,65-74,43.622,Loan originated
1,555000.0,44,735000.0,122.0,1,Not Hispanic or Latino,White,Male,35-44,75.0,Loan originated
1,235000.0,<20%,435000.0,162.0,1,Not Hispanic or Latino,White,Male,45-54,53.48,Loan originated
1,615000.0,30%-<36%,685000.0,185.0,1,Not Hispanic or Latino,Asian,Male,35-44,89.077,Loan originated
1,345000.0,47,385000.0,107.0,1,Hispanic or Latino,White,Female,25-34,89.474,Loan originated
1,805000.0,48,895000.0,163.0,1,Not Hispanic or Latino,White,Female,45-54,89.99,Loan originated
1,395000.0,30%-<36%,495000.0,120.0,1,Hispanic or Latino,White,Male,35-44,80.0,Loan originated
1,365000.0,46,425000.0,83.0,1,Not Hispanic or Latino,Asian,Male,35-44,84.941,Loan originated
1,395000.0,50%-60%,485000.0,93.0,1,Not Hispanic or Latino,White,Female,35-44,81.5,Loan originated
1,405000.0,46,505000.0,90.0,1,Hispanic or Latino,White,Female,35-44,80.0,Loan originated
1,725000.0,38,815000.0,174.0,1,Hispanic or Latino,White,Male,35-44,88.889,Loan originated
1,295000.0,40,305000.0,73.0,1,Hispanic or Latino,White,Female,25-34,97.0,Loan originated
1,645000.0,44,925000.0,197.0,1,Not Hispanic or Latino,Asian,Female,<25,70.0,Loan originated
1,485000.0,42,605000.0,185.0,1,Not Hispanic or Latino,White,Female,45-54,80.0,Loan originated
1,1035000.0,30%-<36%,1285000.0,391.0,1,Not Hispanic or Latino,Asian,Male,35-44,79.989,Loan originated
1,465000.0,37,495000.0,141.0,1,Hispanic or Latino,White,Male,25-34,95.0,Loan originated
1,795000.0,44,985000.0,217.0,1,Hispanic or Latino,White,Female,45-54,79.879,Loan originated
1,335000.0,40,415000.0,102.0,1,Hispanic or Latino,American Indian or Alaska Native,Male,25-34,80.0,Loan originated
1,405000.0,42,705000.0,115.0,1,Not Hispanic or Latino,White,Female,55-64,56.738,Loan originated
1,695000.0,30%-<36%,875000.0,213.0,1,Not Hispanic or Latino,White,Male,35-44,80.0,Loan originated
1,405000.0,20%-<30%,935000.0,242.0,1,Not Hispanic or Latino,Asian,Male,25-34,43.01,Loan originated
1,685000.0,30%-<36%,745000.0,180.0,1,Not Hispanic or Latino,Asian,Male,45-54,92.5,Loan originated
1,715000.0,<20%,795000.0,1730.0,1,Not Hispanic or Latino,White,Male,45-54,90.0,Application denied
1,535000.0,30%-<36%,675000.0,301.0,1,Not Hispanic or Latino,Asian,Male,45-54,80.0,Loan originated
1,925000.0,49,1325000.0,218.0,1,Not Hispanic or Latino,White,Male,35-44,69.811,Loan originated
1,455000.0,20%-<30%,575000.0,193.0,1,Not Hispanic or Latino,White,Female,35-44,80.0,Loan originated
1,565000.0,20%-<30%,705000.0,139.0,1,Not Hispanic or Latino,Asian,Male,<25,80.0,Loan originated
1,815000.0,41,1085000.0,258.0,1,Not Hispanic or Latino,White,Male,25-34,75.0,Loan originated
1,245000.0,49,305000.0,64.0,1,Hispanic or Latino,White,Male,35-44,80.0,Loan originated
1,325000.0,<20%,465000.0,304.0,1,Not Hispanic or Latino,White,Female,25-34,70.0,Loan originated
1,565000.0,49,705000.0,125.0,1,Hispanic or Latino,White,Female,45-54,80.0,Loan originated
1,1075000.0,<20%,1335000.0,1123.0,1,Not Hispanic or Latino,White,Male,35-44,80.0,Loan originated
1,215000.0,20%-<30%,275000.0,78.0,1,Not Hispanic or Latino,White,Male,25-34,80.0,Loan originated
1,825000.0,49,975000.0,173.0,1,Not Hispanic or Latino,White,Female,25-34,85.0,Loan originated
1,685000.0,20%-<30%,865000.0,249.0,1,Not Hispanic or Latino,Asian,Male,25-34,80.0,Loan originated
1,85000.0,46,145000.0,26.0,1,Not Hispanic or Latino,White,Female,>74,60.0,Loan originated
1,685000.0,20%-<30%,765000.0,420.0,1,Hispanic or Latino,White,Female,45-54,90.0,Loan originated
1,985000.0,48,1155000.0,287.0,1,Not Hispanic or Latino,White,Male,>74,85.0,Loan originated
1,535000.0,49,815000.0,100.0,1,Not Hispanic or Latino,White,Female,25-34,65.751,Loan originated
1,305000.0,49,385000.0,100.0,1,Hispanic or Latino,White,Male,25-34,80.0,Loan originated
1,345000.0,37,435000.0,119.0,1,Not Hispanic or Latino,Asian,Female,35-44,80.0,Loan originated
1,295000.0,42,595000.0,76.0,1,Not Hispanic or Latino,White,Female,45-54,49.58,Loan originated
1,745000.0,48,885000.0,207.0,1,Not Hispanic or Latino,Black or African American,Female,35-44,84.66,Application denied
1,65000.0,20%-<30%,85000.0,90.0,1,Hispanic or Latino,American Indian or Alaska Native,Female,65-74,75.0,Loan originated
1,375000.0,38,385000.0,94.0,1,Hispanic or Latino,White,Male,25-34,100.0,Loan originated
1,95000.0,30%-<36%,105000.0,84.0,1,Not Hispanic or Latino,Asian,Female,25-34,95.0,Loan originated
1,385000.0,20%-<30%,405000.0,166.0,1,Not Hispanic or Latino,White,Female,35-44,95.0,Loan originated
1,735000.0,45,825000.0,150.0,1,Hispanic or Latino,White,Female,45-54,90.0,Loan originated
1,335000.0,45,355000.0,101.0,1,Hispanic or Latino,White,Male,25-34,95.0,Loan originated
1,265000.0,46,275000.0,59.0,1,Hispanic or Latino,White,Female,25-34,95.0,Loan originated
1,275000.0,45,305000.0,72.0,1,Not Hispanic or Latino,Asian,Female,35-44,93.0,Loan originated
1,505000.0,30%-<36%,625000.0,173.0,1,Not Hispanic or Latino,White,Female,45-54,80.0,Loan originated
1,135000.0,40,165000.0,84.0,1,Hispanic or Latino,White,Male,55-64,82.85,Loan originated
1,655000.0,48,685000.0,142.0,1,Hispanic or Latino,White,Male,35-44,95.0,Loan originated
1,685000.0,44,905000.0,192.0,1,Not Hispanic or Latino,White,Female,25-34,75.0,Loan originated
1,845000.0,46,1055000.0,176.0,1,Not Hispanic or Latino,Asian,Female,25-34,80.0,Loan originated
1,305000.0,20%-<30%,595000.0,144.0,1,Not Hispanic or Latino,Asian,Female,45-54,50.42,Loan originated
1,325000.0,37,335000.0,100.0,1,Hispanic or Latino,White,Male,25-34,97.0,Loan originated
1,375000.0,50%-60%,525000.0,88.0,1,Not Hispanic or Latino,White,Female,55-64,72.0,Application denied
1,865000.0,44,1085000.0,199.0,1,Not Hispanic or Latino,Asian,Male,25-34,80.0,Loan originated
1,355000.0,49,395000.0,99.0,1,Hispanic or Latino,White,Male,35-44,90.0,Loan originated
1,285000.0,46,615000.0,68.0,1,Hispanic or Latino,White,Male,35-44,45.528,Loan originated
1,115000.0,42,295000.0,61.0,1,Not Hispanic or Latino,White,Female,65-74,37.6,Loan originated
1,905000.0,48,1315000.0,290.0,1,Not Hispanic or Latino,Asian,Male,55-64,68.702,Loan originated
1,255000.0,30%-<36%,585000.0,90.0,1,Not Hispanic or Latino,White,Male,25-34,42.735,Loan originated
1,575000.0,45,715000.0,208.0,1,Not Hispanic or Latino,White,Male,<25,80.0,Loan originated
1,475000.0,47,785000.0,132.0,1,Not Hispanic or Latino,Asian,Male,45-54,67.14,Loan originated
1,375000.0,45,645000.0,113.0,1,Not Hispanic or Latino,White,Female,45-54,57.62,Loan originated
1,335000.0,49,355000.0,95.0,1,Not Hispanic or Latino,Asian,Male,35-44,95.0,Loan originated
1,475000.0,50%-60%,755000.0,181.0,1,Not Hispanic or Latino,White,Female,45-54,63.333,Loan originated
1,885000.0,30%-<36%,1105000.0,371.0,1,Not Hispanic or Latino,White,Female,35-44,80.0,Loan originated
1,725000.0,44,845000.0,164.0,1,Not Hispanic or Latino,Asian,Male,25-34,85.0,Loan originated
1,805000.0,37,1005000.0,197.0,1,Not Hispanic or Latino,Asian,Female,25-34,95.0,Loan originated
1,405000.0,49,645000.0,95.0,1,Not Hispanic or Latino,White,Female,55-64,63.0,Loan originated
1,405000.0,<20%,705000.0,246.0,1,Not Hispanic or Latino,Asian,Female,35-44,58.0,Loan originated
1,245000.0,49,315000.0,62.0,1,Hispanic or Latino,White,Male,25-34,78.0,Loan originated
1,745000.0,37,935000.0,200.0,1,Not Hispanic or Latino,White,Female,45-54,80.0,Loan originated
1,315000.0,41,625000.0,105.0,1,Not Hispanic or Latino,Asian,Female,45-54,102.0,Loan originated
1,675000.0,47,905000.0,303.0,1,Not Hispanic or Latino,Asian,Female,35-44,75.0,Loan originated
1,835000.0,40,1385000.0,189.0,1,Not Hispanic or Latino,Asian,Female,25-34,60.0,Loan originated
1,115000.0,45,175000.0,61.0,1,Not Hispanic or Latino,Asian,Male,45-54,64.0,Application denied
1,475000.0,49,525000.0,142.0,1,Hispanic or Latino,White,Female,35-44,90.0,Loan originated
1,735000.0,30%-<36%,925000.0,497.0,1,Not Hispanic or Latino,White,Female,55-64,79.459,Loan originated
1,715000.0,20%-<30%,915000.0,303.0,1,Not Hispanic or Latino,Black or African American,Female,35-44,78.77,Loan originated
1,1115000.0,49,1595000.0,248.0,1,Not Hispanic or Latino,Asian,Male,25-34,70.0,Loan originated
1,255000.0,49,435000.0,47.0,1,Hispanic or Latino,White,Male,35-44,59.0,Loan originated
1,545000.0,44,565000.0,147.0,1,Not Hispanic or Latino,White,Male,45-54,96.46,Loan originated
1,785000.0,49,1075000.0,144.0,1,Not Hispanic or Latino,White,Male,35-44,74.0,Loan originated
1,525000.0,30%-<36%,825000.0,172.0,1,Not Hispanic or Latino,White,Female,45-54,64.0,Loan originated
1,535000.0,43,665000.0,110.0,1,Hispanic or Latino,White,Male,25-34,80.0,Loan originated
1,355000.0,30%-<36%,775000.0,200.0,1,Not Hispanic or Latino,White,Male,55-64,45.249,Loan originated
1,315000.0,40,535000.0,135.0,1,Hispanic or Latino,White,Male,35-44,58.879,Loan originated
1,445000.0,44,455000.0,108.0,1,Hispanic or Latino,White,Female,45-54,101.366,Loan originated
1,535000.0,39,595000.0,150.0,1,Not Hispanic or Latino,White,Male,35-44,89.99,Loan originated
1,265000.0,20%-<30%,525000.0,171.0,1,Not Hispanic or Latino,White,Male,65-74,50.0,Loan originated
1,805000.0,40,1005000.0,283.0,1,Not Hispanic or Latino,White,Female,55-64,80.0,Application denied
1,425000.0,49,445000.0,104.0,1,Hispanic or Latino,White,Male,<25,95.0,Loan originated
1,445000.0,41,525000.0,165.0,1,Not Hispanic or Latino,Asian,Male,35-44,85.0,Loan originated
1,845000.0,47,1055000.0,185.0,1,Not Hispanic or Latino,Asian,Male,35-44,80.0,Loan originated
1,605000.0,30%-<36%,765000.0,190.0,1,Not Hispanic or Latino,White,Male,25-34,80.0,Loan originated
1,255000.0,46,505000.0,71.0,1,Not Hispanic or Latino,Asian,Male,55-64,50.0,Loan originated
1,675000.0,36,715000.0,184.0,1,Not Hispanic or Latino,White,Female,35-44,95.0,Loan originated
1,205000.0,46,395000.0,59.0,1,Not Hispanic or Latino,White,Male,45-54,51.0,Loan originated
1,1005000.0,49,1145000.0,187.0,1,Not Hispanic or Latino,Asian,Male,35-44,88.33,Loan originated
1,325000.0,30%-<36%,525000.0,107.0,1,Not Hispanic or Latino,Asian,Male,25-34,61.539,Loan originated
1,175000.0,<20%,225000.0,170.0,1,Not Hispanic or Latino,White,Male,45-54,80.0,Loan originated
1,1105000.0,36,1565000.0,417.0,1,Not Hispanic or Latino,White,Male,45-54,70.288,Loan originated
1,355000.0,40,365000.0,111.0,1,Not Hispanic or Latino,White,Female,55-64,95.0,Loan originated
1,485000.0,44,565000.0,169.0,1,Not Hispanic or Latino,White,Female,35-44,85.0,Loan originated
1,1045000.0,43,1305000.0,217.0,1,Not Hispanic or Latino,Asian,Male,35-44,80.0,Loan originated
1,425000.0,20%-<30%,565000.0,158.0,1,Not Hispanic or Latino,White,Female,25-34,75.0,Loan originated
1,445000.0,42,565000.0,150.0,1,Not Hispanic or Latino,White,Female,45-54,80.0,Loan originated
1,665000.0,>60%,665000.0,76.0,1,Hispanic or Latino,White,Female,55-64,99.863,Application denied
1,395000.0,45,565000.0,130.0,1,Not Hispanic or Latino,Asian,Female,25-34,70.0,Loan originated
1,415000.0,37,465000.0,141.0,1,Hispanic or Latino,White,Male,45-54,90.0,Loan originated
1,595000.0,49,665000.0,125.0,1,Not Hispanic or Latino,Asian,Male,55-64,90.0,Loan originated
1,975000.0,41,1225000.0,215.0,1,Not Hispanic or Latino,Asian,Female,25-34,80.0,Loan originated
1,155000.0,20%-<30%,485000.0,90.0,1,Hispanic or Latino,White,Male,45-54,31.95,Loan originated
1,385000.0,48,425000.0,80.0,1,Hispanic or Latino,White,Female,35-44,92.19,Loan originated
1,715000.0,36,755000.0,194.0,1,Not Hispanic or Latino,Native Hawaiian or Other Pacific Islander,Male,25-34,95.0,Loan originated
1,1055000.0,45,1315000.0,371.0,1,Not Hispanic or Latino,White,Male,55-64,80.0,Loan originated
1,295000.0,37,645000.0,134.0,1,Not Hispanic or Latino,Asian,Female,>74,46.071,Application denied
1,395000.0,47,595000.0,91.0,1,Not Hispanic or Latino,2 or more minority races,Female,35-44,66.102,Loan originated
1,545000.0,41,685000.0,180.0,1,Hispanic or Latino,White,Male,25-34,80.0,Loan originated
1,545000.0,41,605000.0,136.0,1,Hispanic or Latino,White,Male,25-34,90.0,Loan originated
1,595000.0,36,665000.0,161.0,1,Not Hispanic or Latino,White,Female,35-44,90.0,Loan originated
1,425000.0,43,955000.0,109.0,1,Not Hispanic or Latino,White,Female,55-64,44.737,Loan originated
1,415000.0,44,515000.0,113.0,1,Not Hispanic or Latino,White,Male,65-74,80.0,Loan originated
1,355000.0,20%-<30%,755000.0,175.0,1,Not Hispanic or Latino,White,Female,65-74,46.725,Loan originated
1,405000.0,<20%,1555000.0,466.0,1,Not Hispanic or Latino,White,Male,35-44,25.723,Loan originated
1,505000.0,44,505000.0,149.0,1,Not Hispanic or Latino,Black or African American,Female,25-34,100.0,Loan originated
1,645000.0,30%-<36%,945000.0,362.0,1,Not Hispanic or Latino,White,Male,25-34,68.418,Loan originated
1,935000.0,30%-<36%,1105000.0,300.0,1,Not Hispanic or Latino,White,Male,35-44,85.0,Application denied
1,445000.0,30%-<36%,555000.0,119.0,1,Hispanic or Latino,White,Male,25-34,80.0,Loan originated
1,565000.0,41,755000.0,144.0,1,Not Hispanic or Latino,White,Female,>74,75.0,Loan originated
1,645000.0,39,805000.0,252.0,1,Not Hispanic or Latino,Asian,Male,35-44,80.0,Loan originated
1,695000.0,36,775000.0,202.0,1,Hispanic or Latino,White,Male,35-44,89.968,Loan originated
1,295000.0,49,305000.0,83.0,1,Not Hispanic or Latino,White,Male,35-44,100.0,Loan originated
1,665000.0,49,835000.0,155.0,1,Not Hispanic or Latino,White,Male,45-54,79.976,Loan originated
1,505000.0,42,995000.0,150.0,1,Not Hispanic or Latino,Asian,Female,45-54,51.0,Loan originated
1,765000.0,30%-<36%,1485000.0,220.0,1,Not Hispanic or Latino,Asian,Male,25-34,51.351,Loan originated
1,645000.0,45,725000.0,163.0,1,Not Hispanic or Latino,Asian,Female,25-34,90.0,Loan originated
1,485000.0,20%-<30%,605000.0,232.0,1,Hispanic or Latino,White,Male,35-44,80.0,Loan originated
1,585000.0,20%-<30%,735000.0,257.0,1,Not Hispanic or Latino,Asian,Female,25-34,80.0,Loan originated
1,665000.0,44,825000.0,179.0,1,Not Hispanic or Latino,Asian,Female,35-44,80.0,Application denied
1,675000.0,45,755000.0,144.0,1,Not Hispanic or Latino,White,Male,25-34,90.0,Application denied
1,545000.0,49,585000.0,120.0,1,Not Hispanic or Latino,White,Female,25-34,94.31,Loan originated
1,735000.0,47,925000.0,260.0,1,Not Hispanic or Latino,Asian,Female,25-34,80.0,Loan originated
1,895000.0,>60%,1045000.0,95.0,1,Hispanic or Latino,White,Male,45-54,86.0,Application denied
1,625000.0,49,775000.0,138.0,1,Not Hispanic or Latino,White,Female,55-64,80.0,Loan originated
1,465000.0,49,665000.0,118.0,1,Hispanic or Latino,White,Male,45-54,70.0,Loan originated
1,295000.0,49,315000.0,55.0,1,Not Hispanic or Latino,White,Male,25-34,95.0,Loan originated
1,245000.0,37,325000.0,238.0,1,Hispanic or Latino,White,Female,25-34,75.0,Loan originated
1,1075000.0,47,1225000.0,321.0,1,Not Hispanic or Latino,Asian,Male,25-34,87.755,Loan originated
1,245000.0,48,305000.0,51.0,1,Not Hispanic or Latino,Asian,Male,35-44,80.0,Loan originated
1,455000.0,30%-<36%,1805000.0,221.0,1,Not Hispanic or Latino,Asian,Female,45-54,25.0,Loan originated
1,375000.0,20%-<30%,525000.0,114.0,1,Not Hispanic or Latino,Black or African American,Male,55-64,71.154,Loan originated
1,615000.0,44,815000.0,151.0,1,Hispanic or Latino,White,Male,35-44,75.0,Loan originated
1,595000.0,40,785000.0,186.0,1,Not Hispanic or Latino,White,Female,25-34,75.0,Loan originated
1,755000.0,42,945000.0,183.0,1,Not Hispanic or Latino,White,Female,35-44,80.0,Loan originated
1,645000.0,30%-<36%,665000.0,209.0,1,Not Hispanic or Latino,White,Female,35-44,97.0,Loan originated
1,665000.0,44,825000.0,225.0,1,Not Hispanic or Latino,White,Female,35-44,80.0,Loan originated
1,925000.0,37,1345000.0,252.0,1,Not Hispanic or Latino,Asian,Male,45-54,69.13,Loan originated
1,535000.0,20%-<30%,785000.0,306.0,1,Not Hispanic or Latino,White,Male,25-34,69.0,Loan originated
1,365000.0,48,385000.0,108.0,1,Hispanic or Latino,White,Male,25-34,95.0,Loan originated
1,915000.0,47,1145000.0,225.0,1,Not Hispanic or Latino,White,Female,35-44,80.0,Loan originated
1,1125000.0,20%-<30%,1405000.0,450.0,1,Not Hispanic or Latino,Black or African American,Female,35-44,80.0,Loan originated
1,705000.0,40,885000.0,202.0,1,Not Hispanic or Latino,Asian,Female,25-34,80.0,Loan originated
1,545000.0,36,565000.0,194.0,1,Not Hispanic or Latino,Asian,Female,35-44,97.0,Loan originated
1,395000.0,48,435000.0,99.0,1,Not Hispanic or Latino,Black or African American,Male,35-44,90.805,Loan originated
1,765000.0,20%-<30%,855000.0,433.0,1,Not Hispanic or Latino,White,Female,25-34,90.0,Loan originated
1,735000.0,20%-<30%,1135000.0,300.0,1,Not Hispanic or Latino,White,Male,25-34,65.0,Application denied
1,305000.0,<20%,1475000.0,581.0,1,Not Hispanic or Latino,White,Male,25-34,67.81,Loan originated
1,285000.0,46,845000.0,90.0,1,Not Hispanic or Latino,Asian,Female,65-74,32.96,Loan originated
1,1125000.0,42,1465000.0,247.0,1,Not Hispanic or Latino,Asian,Male,25-34,76.32,Loan originated
1,445000.0,49,475000.0,114.0,1,Hispanic or Latino,White,Male,35-44,95.0,Loan originated
1,235000.0,20%-<30%,635000.0,129.0,1,Not Hispanic or Latino,White,Female,65-74,38.0,Loan originated
1,515000.0,30%-<36%,645000.0,180.0,1,Not Hispanic or Latino,Black or African American,Female,55-64,80.0,Loan originated
1,365000.0,42,405000.0,99.0,1,Hispanic or Latino,White,Female,45-54,90.0,Loan originated
1,755000.0,45,1505000.0,174.0,1,Hispanic or Latino,White,Female,>74,49.983,Loan originated
1,515000.0,20%-<30%,545000.0,288.0,1,Not Hispanic or Latino,White,Female,45-54,95.0,Loan originated
1,725000.0,45,905000.0,179.0,1,Not Hispanic or Latino,Asian,Male,35-44,80.0,Loan originated
1,505000.0,49,525000.0,121.0,1,Hispanic or Latino,American Indian or Alaska Native,Male,25-34,95.0,Loan originated
1,565000.0,20%-<30%,805000.0,300.0,1,Not Hispanic or Latino,Asian,Female,25-34,70.0,Loan originated
1,845000.0,40,1295000.0,205.0,1,Not Hispanic or Latino,Asian,Male,35-44,65.251,Loan originated
1,555000.0,40,695000.0,302.0,1,Not Hispanic or Latino,White,Female,35-44,80.0,Loan originated
1,695000.0,49,925000.0,280.0,1,Not Hispanic or Latino,White,Male,35-44,89.989,Loan originated
1,235000.0,41,435000.0,109.0,1,Hispanic or Latino,White,Male,35-44,54.55,Loan originated
1,305000.0,48,705000.0,103.0,1,Not Hispanic or Latino,Asian,Female,55-64,43.636,Loan originated
1,385000.0,49,395000.0,69.0,1,Hispanic or Latino,White,Male,25-34,100.0,Loan originated
1,485000.0,43,685000.0,116.0,1,Hispanic or Latino,White,Male,35-44,70.186,Loan originated
1,545000.0,<20%,775000.0,455.0,1,Not Hispanic or Latino,White,Female,35-44,70.0,Loan originated
1,525000.0,49,665000.0,105.0,1,Not Hispanic or Latino,Asian,Female,35-44,79.0,Loan originated
1,595000.0,30%-<36%,705000.0,226.0,1,Hispanic or Latino,White,Female,55-64,85.0,Loan originated
1,925000.0,50%-60%,1155000.0,207.0,1,Not Hispanic or Latino,White,Male,35-44,80.0,Application denied
1,1105000.0,41,2155000.0,324.0,1,Not Hispanic or Latino,Asian,Male,35-44,51.044,Loan originated
1,175000.0,44,385000.0,81.0,1,Not Hispanic or Latino,White,Female,45-54,43.7,Loan originated
1,585000.0,49,695000.0,130.0,1,Not Hispanic or Latino,Asian,Female,65-74,85.0,Loan originated
1,495000.0,45,555000.0,127.0,1,Hispanic or Latino,White,Female,45-54,90.0,Loan originated
1,765000.0,38,1365000.0,252.0,1,Not Hispanic or Latino,Asian,Male,35-44,55.962,Loan originated
1,365000.0,30%-<36%,375000.0,159.0,1,Not Hispanic or Latino,White,Female,25-34,100.0,Loan originated
1,275000.0,20%-<30%,995000.0,300.0,1,Not Hispanic or Latino,Asian,Male,35-44,27.136,Loan originated
1,155000.0,38,295000.0,90.0,1,Hispanic or Latino,White,Female,55-64,51.724,Loan originated
1,495000.0,46,615000.0,129.0,1,Not Hispanic or Latino,White,Male,25-34,80.0,Loan originated
1,305000.0,46,395000.0,62.0,1,Not Hispanic or Latino,White,Male,25-34,76.73,Loan originated
1,415000.0,39,515000.0,101.0,1,Hispanic or Latino,White,Female,55-64,80.0,Loan originated
1,385000.0,42,555000.0,91.0,1,Not Hispanic or Latino,White,Female,65-74,69.344,Loan originated
1,555000.0,20%-<30%,585000.0,263.0,1,Not Hispanic or Latino,White,Male,25-34,95.0,Loan originated
1,625000.0,39,1025000.0,159.0,1,Not Hispanic or Latino,Asian,Male,35-44,60.976,Loan originated
1,755000.0,40,1505000.0,286.0,1,Not Hispanic or Latino,White,Female,65-74,50.0,Loan originated
1,165000.0,20%-<30%,385000.0,65.0,1,Hispanic or Latino,White,Male,25-34,91.351,Loan originated
1,325000.0,47,405000.0,72.0,1,Not Hispanic or Latino,White,Male,55-64,83.0,Loan originated
1,385000.0,44,405000.0,82.0,1,Not Hispanic or Latino,White,Female,35-44,95.0,Loan originated
1,485000.0,44,705000.0,127.0,1,Not Hispanic or Latino,White,Female,45-54,68.571,Application denied
1,325000.0,48,365000.0,80.0,1,Hispanic or Latino,White,Female,25-34,93.0,Loan originated
1,1135000.0,49,1505000.0,280.0,1,Not Hispanic or Latino,Asian,Female,35-44,75.333,Loan originated
1,105000.0,20%-<30%,1105000.0,126.0,1,Not Hispanic or Latino,White,Female,>74,9.09,Loan originated
1,225000.0,40,275000.0,95.0,1,Not Hispanic or Latino,White,Male,35-44,80.0,Application denied
1,705000.0,30%-<36%,1205000.0,262.0,1,Not Hispanic or Latino,White,Male,55-64,58.333,Loan originated
1,615000.0,39,685000.0,148.0,1,Not Hispanic or Latino,White,Male,35-44,90.0,Loan originated
1,625000.0,48,925000.0,134.0,1,Not Hispanic or Latino,Asian,Male,45-54,68.0,Loan originated
1,555000.0,39,745000.0,140.0,1,Not Hispanic or Latino,White,Male,45-54,75.0,Loan originated
1,525000.0,44,615000.0,170.0,1,Not Hispanic or Latino,White,Female,55-64,84.999,Loan originated
1,505000.0,20%-<30%,635000.0,210.0,1,Hispanic or Latino,White,Female,55-64,80.0,Loan originated
1,925000.0,48,1165000.0,333.0,1,Hispanic or Latino,White,Male,25-34,80.0,Loan originated
1,545000.0,47,725000.0,323.0,1,Not Hispanic or Latino,White,Male,35-44,75.0,Loan originated
1,905000.0,45,1205000.0,282.0,1,Not Hispanic or Latino,White,Male,35-44,90.0,Loan originated
1,135000.0,36,145000.0,84.0,1,Hispanic or Latino,White,Male,<25,95.0,Application denied
1,645000.0,37,675000.0,170.0,1,Hispanic or Latino,White,Female,25-34,95.0,Loan originated
1,655000.0,20%-<30%,775000.0,209.0,1,Not Hispanic or Latino,White,Male,45-54,85.0,Loan originated
1,335000.0,47,425000.0,77.0,1,Not Hispanic or Latino,White,Male,25-34,80.0,Application denied
1,475000.0,<20%,855000.0,309.0,1,Not Hispanic or Latino,White,Female,65-74,56.0,Loan originated
1,675000.0,41,775000.0,281.0,1,Not Hispanic or Latino,Asian,Female,25-34,87.013,Loan originated
1,255000.0,20%-<30%,585000.0,119.0,1,Not Hispanic or Latino,Asian,Female,35-44,43.59,Loan originated
1,235000.0,48,445000.0,76.0,1,Not Hispanic or Latino,White,Female,35-44,51.339,Loan originated
1,545000.0,30%-<36%,1005000.0,183.0,1,Hispanic or Latino,White,Male,55-64,95.0,Loan originated
1,165000.0,45,325000.0,51.0,1,Hispanic or Latino,White,Female,35-44,50.0,Loan originated
1,435000.0,20%-<30%,985000.0,201.0,1,Not Hispanic or Latino,Asian,Male,25-34,44.162,Loan originated
1,755000.0,44,935000.0,275.0,1,Hispanic or Latino,White,Male,35-44,80.749,Loan originated
1,535000.0,42,625000.0,144.0,1,Not Hispanic or Latino,White,Female,25-34,85.0,Loan originated
1,535000.0,48,585000.0,158.0,1,Hispanic or Latino,White,Male,35-44,92.0,Loan originated
1,425000.0,41,495000.0,114.0,1,Hispanic or Latino,White,Male,25-34,85.0,Loan originated
1,325000.0,48,485000.0,140.0,1,Not Hispanic or Latino,White,Male,35-44,66.97,Loan originated
1,335000.0,44,535000.0,174.0,1,Not Hispanic or Latino,Asian,Female,35-44,63.0,Loan originated
1,335000.0,47,415000.0,83.0,1,Not Hispanic or Latino,White,Female,25-34,79.518,Loan originated
1,285000.0,48,435000.0,84.0,1,Not Hispanic or Latino,White,Female,55-64,100.0,Loan originated
1,365000.0,48,385000.0,75.0,1,Hispanic or Latino,White,Female,25-34,95.0,Loan originated
1,525000.0,48,655000.0,181.0,1,Not Hispanic or Latino,Asian,Male,35-44,80.0,Loan originated
1,945000.0,46,995000.0,203.0,1,Not Hispanic or Latino,Asian,Male,25-34,94.9999,Application denied
1,705000.0,>60%,1435000.0,155.0,1,Not Hispanic or Latino,Asian,Male,55-64,48.66,Application denied
1,755000.0,43,945000.0,510.0,1,Not Hispanic or Latino,White,Male,25-34,80.0,Loan originated
1,695000.0,47,865000.0,177.0,1,Not Hispanic or Latino,White,Male,25-34,79.81,Loan originated
1,155000.0,20%-<30%,895000.0,138.0,1,Not Hispanic or Latino,Asian,Female,25-34,16.76,Loan originated
1,745000.0,50%-60%,1535000.0,275.0,1,Not Hispanic or Latino,Asian,Male,55-64,49.0,Loan originated
1,615000.0,20%-<30%,765000.0,239.0,1,Not Hispanic or Latino,White,Female,35-44,80.0,Loan originated
1,605000.0,20%-<30%,895000.0,225.0,1,Not Hispanic or Latino,White,Female,35-44,66.815,Loan originated
1,565000.0,40,765000.0,163.0,1,Not Hispanic or Latino,Asian,Female,25-34,75.0,Loan originated
1,405000.0,30%-<36%,425000.0,193.0,1,Not Hispanic or Latino,White,Male,25-34,95.0,Loan originated
1,405000.0,38,585000.0,188.0,1,Not Hispanic or Latino,Asian,Male,25-34,70.0,Loan originated
1,565000.0,49,955000.0,132.0,1,Not Hispanic or Latino,Asian,Male,25-34,58.75,Loan originated
1,255000.0,39,435000.0,66.0,1,Not Hispanic or Latino,White,Male,55-64,59.19,Loan originated
1,465000.0,40,935000.0,223.0,1,Not Hispanic or Latino,Asian,Female,25-34,50.0,Loan originated
1,625000.0,47,695000.0,147.0,1,Not Hispanic or Latino,White,Male,35-44,90.0,Loan originated
1,505000.0,48,1845000.0,138.0,1,Not Hispanic or Latino,Asian,Male,25-34,27.03,Loan originated
1,205000.0,47,215000.0,67.0,1,Hispanic or Latino,White,Female,25-34,97.0,Loan originated
1,255000.0,30%-<36%,325000.0,109.0,1,Hispanic or Latino,White,Male,35-44,78.5,Loan originated
1,395000.0,49,795000.0,97.0,1,Not Hispanic or Latino,White,Female,55-64,49.999,Loan originated
1,735000.0,44,1435000.0,177.0,1,Not Hispanic or Latino,Asian,Female,25-34,51.049,Loan originated
1,445000.0,36,485000.0,141.0,1,Hispanic or Latino,White,Female,<25,90.0,Loan originated
1,655000.0,46,685000.0,133.0,1,Not Hispanic or Latino,Asian,Female,25-34,95.0,Loan originated
1,215000.0,49,475000.0,60.0,1,Not Hispanic or Latino,White,Female,45-54,45.607,Loan originated
1,615000.0,45,655000.0,126.0,1,Hispanic or Latino,White,Male,<25,95.0,Loan originated
1,395000.0,43,415000.0,120.0,1,Not Hispanic or Latino,White,Female,25-34,95.0,Loan originated
1,305000.0,46,415000.0,75.0,1,Not Hispanic or Latino,Asian,Male,25-34,75.0,Loan originated
1,755000.0,38,1495000.0,232.0,1,Not Hispanic or Latino,Asian,Male,55-64,50.057,Loan originated
1,375000.0,45,435000.0,82.0,1,Hispanic or Latino,White,Male,25-34,87.209,Loan originated
1,735000.0,45,915000.0,148.0,1,Not Hispanic or Latino,Asian,Male,25-34,80.0,Loan originated
1,795000.0,50%-60%,995000.0,218.0,1,Not Hispanic or Latino,Asian,Male,55-64,80.0,Loan originated
1,645000.0,>60%,805000.0,230.0,1,Hispanic or Latino,Black or African American,Male,35-44,80.0,Application denied
1,1575000.0,45,2105000.0,502.0,1,Hispanic or Latino,White,Male,25-34,75.0,Loan originated
1,335000.0,40,1215000.0,111.0,1,Not Hispanic or Latino,White,Female,45-54,27.273,Loan originated
1,575000.0,36,775000.0,138.0,1,Hispanic or Latino,White,Female,45-54,74.03,Loan originated
1,505000.0,49,695000.0,106.0,1,Not Hispanic or Latino,Asian,Male,35-44,73.11,Loan originated
1,265000.0,49,275000.0,68.0,1,Hispanic or Latino,White,Female,35-44,100.0,Loan originated
1,235000.0,46,255000.0,53.0,1,Hispanic or Latino,White,Male,<25,95.0,Loan originated
1,545000.0,44,675000.0,158.0,1,Not Hispanic or Latino,Asian,Male,35-44,80.0,Loan originated
1,255000.0,<20%,515000.0,454.0,1,Not Hispanic or Latino,White,Female,65-74,50.0,Loan originated
1,395000.0,42,695000.0,103.0,1,Not Hispanic or Latino,Asian,Male,25-34,56.52,Loan originated
1,755000.0,49,795000.0,157.0,1,Hispanic or Latino,White,Female,35-44,95.0,Loan originated
1,275000.0,20%-<30%,365000.0,296.0,1,Not Hispanic or Latino,White,Male,35-44,75.0,Loan originated
1,485000.0,38,515000.0,269.0,1,Not Hispanic or Latino,Asian,Male,45-54,95.0,Loan originated
1,725000.0,45,1125000.0,382.0,1,Not Hispanic or Latino,Asian,Male,55-64,65.0,Loan originated
1,945000.0,38,1185000.0,279.0,1,Not Hispanic or Latino,Asian,Male,35-44,80.0,Loan originated
1,315000.0,41,395000.0,224.0,1,Not Hispanic or Latino,Asian,Male,35-44,80.0,Loan originated
1,625000.0,45,1255000.0,167.0,1,Not Hispanic or Latino,White,Male,25-34,50.0,Loan originated
1,765000.0,39,855000.0,209.0,1,Not Hispanic or Latino,White,Male,65-74,89.0,Loan originated
1,555000.0,30%-<36%,695000.0,188.0,1,Not Hispanic or Latino,White,Male,35-44,80.0,Loan originated
1,495000.0,44,555000.0,144.0,1,Not Hispanic or Latino,White,Male,25-34,90.0,Loan originated
1,1025000.0,48,1205000.0,244.0,1,Not Hispanic or Latino,White,Male,35-44,85.0,Loan originated
1,155000.0,47,165000.0,83.0,1,Hispanic or Latino,White,Male,25-34,95.0,Loan originated
1,705000.0,42,875000.0,198.0,1,Hispanic or Latino,White,Female,35-44,80.0,Loan originated
1,225000.0,30%-<36%,445000.0,121.0,1,Hispanic or Latino,White,Male,25-34,50.0,Loan originated
1,305000.0,44,685000.0,100.0,1,Not Hispanic or Latino,White,Female,55-64,43.796,Loan originated
1,195000.0,30%-<36%,595000.0,86.0,1,Not Hispanic or Latino,Black or African American,Female,55-64,33.0,Loan originated
1,645000.0,45,725000.0,210.0,1,Not Hispanic or Latino,White,Male,25-34,90.0,Loan originated
1,695000.0,45,735000.0,157.0,1,Not Hispanic or Latino,White,Male,55-64,95.0,Loan originated
1,595000.0,44,635000.0,168.0,1,Not Hispanic or Latino,Asian,Male,55-64,92.914,Loan originated
1,455000.0,49,865000.0,97.0,1,Not Hispanic or Latino,Asian,Male,45-54,52.33,Loan originated
1,375000.0,30%-<36%,595000.0,140.0,1,Not Hispanic or Latino,Asian,Male,25-34,63.0,Loan originated
1,155000.0,20%-<30%,525000.0,96.0,1,Not Hispanic or Latino,Asian,Female,25-34,28.91,Loan originated
1,1145000.0,47,1515000.0,227.0,1,Not Hispanic or Latino,Asian,Male,25-34,76.09,Loan originated
1,335000.0,30%-<36%,445000.0,198.0,1,Not Hispanic or Latino,White,Female,55-64,75.0,Loan originated
1,665000.0,37,1165000.0,215.0,1,Not Hispanic or Latino,Asian,Male,35-44,75.54,Loan originated
1,15000.0,45,505000.0,135.0,1,Not Hispanic or Latino,White,Female,55-64,100.0,Loan originated
1,645000.0,38,815000.0,160.0,1,Not Hispanic or Latino,Asian,Male,35-44,80.0,Loan originated
1,285000.0,46,295000.0,61.0,1,Not Hispanic or Latino,Asian,Female,35-44,97.0,Loan originated
1,825000.0,30%-<36%,975000.0,247.0,1,Not Hispanic or Latino,Asian,Male,35-44,85.0,Loan originated
1,765000.0,49,1395000.0,162.0,1,Not Hispanic or Latino,Asian,Male,25-34,55.108,Loan originated
1,605000.0,40,765000.0,180.0,1,Not Hispanic or Latino,Asian,Female,25-34,80.0,Loan originated
1,515000.0,37,605000.0,167.0,1,Hispanic or Latino,White,Male,45-54,85.0,Loan originated
1,495000.0,38,545000.0,127.0,1,Not Hispanic or Latino,White,Male,25-34,92.0,Loan originated
1,485000.0,49,605000.0,148.0,1,Not Hispanic or Latino,White,Male,25-34,80.0,Loan originated
1,145000.0,20%-<30%,155000.0,55.0,1,Hispanic or Latino,White,Male,45-54,89.896,Loan originated
1,655000.0,39,815000.0,226.0,1,Not Hispanic or Latino,White,Male,35-44,80.0,Loan originated
1,675000.0,48,795000.0,222.0,1,Not Hispanic or Latino,Asian,Male,25-34,85.0,Loan originated
1,705000.0,44,1105000.0,103.0,1,Not Hispanic or Latino,Asian,Male,45-54,63.636,Loan originated
1,225000.0,44,765000.0,393.0,1,Not Hispanic or Latino,Asian,Male,35-44,29.41,Loan originated
1,265000.0,49,275000.0,58.0,1,Not Hispanic or Latino,White,Female,25-34,95.0,Loan originated
1,855000.0,45,1075000.0,258.0,1,Not Hispanic or Latino,White,Male,65-74,80.0,Loan originated
1,435000.0,38,485000.0,120.0,1,Hispanic or Latino,American Indian or Alaska Native,Male,55-64,89.691,Loan originated
1,755000.0,42,845000.0,305.0,1,Hispanic or Latino,Asian,Female,45-54,90.0,Loan originated
1,515000.0,30%-<36%,535000.0,170.0,1,Not Hispanic or Latino,Asian,Male,25-34,95.0,Loan originated
1,535000.0,37,715000.0,408.0,1,Not Hispanic or Latino,Asian,Male,25-34,75.0,Loan originated
1,965000.0,42,1375000.0,275.0,1,Not Hispanic or Latino,Asian,Male,65-74,70.0,Loan originated
1,455000.0,30%-<36%,475000.0,136.0,1,Hispanic or Latino,White,Male,25-34,97.0,Loan originated
1,525000.0,47,795000.0,145.0,1,Not Hispanic or Latino,White,Male,45-54,65.837,Loan originated
1,505000.0,49,525000.0,103.0,1,Not Hispanic or Latino,White,Female,25-34,100.0,Loan originated
1,355000.0,49,445000.0,84.0,1,Hispanic or Latino,White,Male,<25,80.0,Loan originated
1,155000.0,30%-<36%,205000.0,66.0,1,Not Hispanic or Latino,White,Female,35-44,75.0,Loan originated
1,565000.0,20%-<30%,675000.0,335.0,1,Hispanic or Latino,White,Male,25-34,85.0,Loan originated
1,1005000.0,43,2305000.0,246.0,1,Not Hispanic or Latino,White,Male,35-44,43.478,Loan originated
1,305000.0,50%-60%,1105000.0,75.0,1,Not Hispanic or Latino,Asian,Male,35-44,27.273,Application denied
1,175000.0,42,245000.0,100.0,1,Not Hispanic or Latino,White,Female,45-54,70.0,Loan originated
1,405000.0,48,475000.0,96.0,1,Not Hispanic or Latino,Asian,Female,55-64,84.399,Loan originated
1,365000.0,43,465000.0,109.0,1,Hispanic or Latino,White,Male,35-44,80.0,Loan originated
1,1075000.0,48,1225000.0,251.0,1,Not Hispanic or Latino,Asian,Female,25-34,87.76,Loan originated
1,595000.0,30%-<36%,775000.0,244.0,1,Not Hispanic or Latino,Asian,Male,35-44,89.976,Loan originated
1,415000.0,>60%,555000.0,75.0,1,Not Hispanic or Latino,White,Male,55-64,74.81,Application denied
1,485000.0,49,525000.0,138.0,1,Not Hispanic or Latino,White,Female,65-74,92.308,Loan originated
1,405000.0,49,455000.0,251.0,1,Not Hispanic or Latino,White,Male,25-34,90.0,Loan originated
1,415000.0,30%-<36%,555000.0,139.0,1,Not Hispanic or Latino,White,Female,55-64,75.0,Loan originated
1,1145000.0,47,1605000.0,299.0,1,Not Hispanic or Latino,Asian,Male,35-44,72.0,Loan originated
1,365000.0,46,485000.0,173.0,1,Not Hispanic or Latino,White,Male,25-34,74.689,Loan originated
1,905000.0,45,1305000.0,189.0,1,Not Hispanic or Latino,White,Male,35-44,69.231,Loan originated
1,345000.0,20%-<30%,385000.0,324.0,1,Hispanic or Latino,White,Female,25-34,89.9,Loan originated
1,905000.0,37,1705000.0,339.0,1,Not Hispanic or Latino,Asian,Male,35-44,52.941,Loan originated
1,575000.0,43,675000.0,176.0,1,Not Hispanic or Latino,Black or African American,Female,35-44,85.0,Loan originated
1,635000.0,44,735000.0,139.0,1,Not Hispanic or Latino,Asian,Male,25-34,86.575,Loan originated
1,595000.0,48,745000.0,130.0,1,Not Hispanic or Latino,White,Male,35-44,80.0,Loan originated
1,385000.0,30%-<36%,485000.0,178.0,1,Hispanic or Latino,White,Male,45-54,80.0,Loan originated
1,315000.0,44,335000.0,160.0,1,Hispanic or Latino,White,Female,<25,95.0,Loan originated
1,415000.0,48,425000.0,160.0,1,Not Hispanic or Latino,White,Male,35-44,97.0,Loan originated
1,735000.0,43,775000.0,201.0,1,Not Hispanic or Latino,Asian,Male,>74,94.81,Loan originated
1,345000.0,40,425000.0,84.0,1,Hispanic or Latino,White,Female,25-34,80.0,Loan originated
1,915000.0,48,1305000.0,190.0,1,Not Hispanic or Latino,White,Male,45-54,70.0,Loan originated
1,345000.0,>60%,365000.0,30.0,1,Hispanic or Latino,White,Female,45-54,97.0,Application denied
1,425000.0,43,535000.0,126.0,1,Not Hispanic or Latino,Black or African American,Male,35-44,80.0,Loan originated
1,345000.0,38,435000.0,106.0,1,Hispanic or Latino,American Indian or Alaska Native,Male,55-64,80.0,Loan originated
1,675000.0,50%-60%,845000.0,144.0,1,Hispanic or Latino,White,Male,25-34,80.0,Application denied
1,105000.0,48,105000.0,75.0,1,Not Hispanic or Latino,White,Male,35-44,100.31,Application denied
1,405000.0,43,955000.0,199.0,1,Not Hispanic or Latino,Asian,Male,45-54,42.149,Loan originated
1,365000.0,49,425000.0,81.0,1,Not Hispanic or Latino,Asian,Male,35-44,85.0,Loan originated
1,455000.0,49,465000.0,114.0,1,Hispanic or Latino,Black or African American,Male,25-34,97.0,Application denied
1,205000.0,47,365000.0,49.0,1,Hispanic or Latino,White,Male,45-54,56.403,Loan originated
1,525000.0,44,755000.0,293.0,1,Hispanic or Latino,White,Male,25-34,70.0,Loan originated
1,355000.0,30%-<36%,1155000.0,314.0,1,Not Hispanic or Latino,White,Male,45-54,31.0,Loan originated
1,565000.0,20%-<30%,705000.0,370.0,1,Hispanic or Latino,Asian,Male,25-34,80.0,Loan originated
1,395000.0,30%-<36%,935000.0,160.0,1,Not Hispanic or Latino,Asian,Female,25-34,42.1,Loan originated
1,805000.0,38,1155000.0,202.0,1,Not Hispanic or Latino,Asian,Male,35-44,69.06,Loan originated
1,595000.0,45,615000.0,148.0,1,Not Hispanic or Latino,Asian,Female,25-34,97.0,Loan originated
1,665000.0,43,985000.0,169.0,1,Not Hispanic or Latino,White,Male,35-44,67.857,Loan originated
1,325000.0,42,405000.0,86.0,1,Not Hispanic or Latino,White,Male,35-44,80.0,Loan originated
1,635000.0,44,635000.0,160.0,1,Not Hispanic or Latino,Black or African American,Female,35-44,99.921,Application denied
1,545000.0,37,685000.0,176.0,1,Not Hispanic or Latino,White,Female,25-34,80.0,Loan originated
1,305000.0,39,515000.0,104.0,1,Not Hispanic or Latino,White,Female,65-74,57.75,Loan originated
1,515000.0,49,595000.0,110.0,1,Not Hispanic or Latino,Asian,Male,25-34,87.499,Loan originated
1,265000.0,46,535000.0,72.0,1,Hispanic or Latino,White,Male,45-54,48.598,Loan originated
1,185000.0,<20%,205000.0,161.0,1,Not Hispanic or Latino,White,Female,55-64,90.0,Loan originated
1,725000.0,30%-<36%,1455000.0,215.0,1,Not Hispanic or Latino,White,Male,35-44,50.0,Loan originated
1,345000.0,37,365000.0,127.0,1,Hispanic or Latino,White,Male,35-44,95.0,Loan originated
1,275000.0,46,595000.0,66.0,1,Not Hispanic or Latino,White,Female,65-74,45.378,Loan originated
1,295000.0,49,305000.0,62.0,1,Not Hispanic or Latino,White,Male,45-54,97.0,Loan originated
1,545000.0,20%-<30%,645000.0,246.0,1,Not Hispanic or Latino,Asian,Female,45-54,85.0,Loan originated
1,885000.0,41,1335000.0,313.0,1,Not Hispanic or Latino,Asian,Male,35-44,66.3,Loan originated
1,765000.0,42,955000.0,331.0,1,Hispanic or Latino,White,Female,35-44,80.0,Loan originated
1,525000.0,49,655000.0,104.0,1,Hispanic or Latino,White,Female,55-64,80.0,Loan originated
1,785000.0,30%-<36%,1115000.0,250.0,1,Not Hispanic or Latino,Asian,Male,45-54,70.0,Loan originated
1,625000.0,45,825000.0,147.0,1,Not Hispanic or Latino,Black or African American,Female,45-54,75.901,Loan originated
1,305000.0,48,405000.0,82.0,1,Not Hispanic or Latino,Black or African American,Female,55-64,101.956,Loan originated
1,1105000.0,38,1305000.0,348.0,1,Not Hispanic or Latino,White,Male,35-44,85.0,Loan originated
1,1045000.0,38,1305000.0,565.0,1,Not Hispanic or Latino,Asian,Male,55-64,80.0,Loan originated
1,815000.0,49,1625000.0,181.0,1,Hispanic or Latino,White,Male,35-44,50.0,Loan originated
1,415000.0,30%-<36%,615000.0,115.0,1,Not Hispanic or Latino,White,Male,25-34,67.213,Loan originated
1,1075000.0,38,2045000.0,360.0,1,Not Hispanic or Latino,White,Male,65-74,52.593,Loan originated
1,165000.0,43,175000.0,59.0,1,Not Hispanic or Latino,White,Female,45-54,95.0,Loan originated
1,625000.0,30%-<36%,735000.0,391.0,1,Not Hispanic or Latino,Asian,Female,45-54,85.0,Loan originated
1,695000.0,42,735000.0,167.0,1,Hispanic or Latino,White,Male,25-34,95.0,Loan originated
1,445000.0,49,515000.0,112.0,1,Not Hispanic or Latino,White,Female,45-54,85.0,Loan originated
1,575000.0,30%-<36%,715000.0,19.0,1,Not Hispanic or Latino,Asian,Male,45-54,80.0,Loan originated
1,1025000.0,39,1275000.0,416.0,1,Hispanic or Latino,White,Male,35-44,80.0,Loan originated
1,625000.0,44,695000.0,130.0,1,Hispanic or Latino,White,Male,25-34,90.0,Loan originated
1,505000.0,38,705000.0,127.0,1,Not Hispanic or Latino,White,Male,25-34,71.429,Loan originated
1,465000.0,49,485000.0,124.0,1,Not Hispanic or Latino,White,Female,35-44,95.0,Loan originated
1,715000.0,49,835000.0,138.0,1,Not Hispanic or Latino,Asian,Female,55-64,85.988,Loan originated
1,635000.0,20%-<30%,785000.0,285.0,1,Not Hispanic or Latino,Asian,Female,<25,80.0,Application denied
1,125000.0,38,125000.0,65.0,1,Hispanic or Latino,White,Male,25-34,100.46,Application denied
1,565000.0,49,635000.0,143.0,1,Not Hispanic or Latino,Asian,Male,35-44,90.0,Loan originated
1,665000.0,40,1305000.0,200.0,1,Not Hispanic or Latino,White,Male,25-34,50.594,Loan originated
1,115000.0,48,325000.0,31.0,1,Not Hispanic or Latino,White,Male,65-74,35.494,Loan originated
1,685000.0,50%-60%,855000.0,172.0,1,Not Hispanic or Latino,Asian,Female,25-34,80.0,Loan originated
1,455000.0,48,615000.0,93.0,1,Not Hispanic or Latino,White,Male,<25,75.0,Loan originated
1,545000.0,46,685000.0,219.0,1,Not Hispanic or Latino,White,Male,25-34,80.0,Loan originated
1,365000.0,30%-<36%,765000.0,133.0,1,Not Hispanic or Latino,Black or African American,Female,55-64,47.406,Loan originated
1,985000.0,>60%,1845000.0,138.0,1,Not Hispanic or Latino,White,Male,35-44,64.62,Loan originated
1,325000.0,20%-<30%,725000.0,14.0,1,Not Hispanic or Latino,Asian,Male,45-54,44.83,Loan originated
1,865000.0,39,1705000.0,305.0,1,Not Hispanic or Latino,White,Male,35-44,90.0,Loan originated
1,265000.0,43,285000.0,60.0,1,Hispanic or Latino,White,Male,35-44,95.0,Loan originated
1,685000.0,30%-<36%,725000.0,178.0,1,Not Hispanic or Latino,Asian,Female,35-44,95.0,Loan originated
1,425000.0,49,555000.0,95.0,1,Not Hispanic or Latino,Asian,Male,25-34,80.0,Loan originated
1,285000.0,30%-<36%,305000.0,141.0,1,Not Hispanic or Latino,Black or African American,Female,55-64,95.0,Application denied
1,1065000.0,30%-<36%,1325000.0,348.0,1,Not Hispanic or Latino,White,Male,<25,80.0,Loan originated
1,365000.0,49,835000.0,91.0,1,Not Hispanic or Latino,White,Male,35-44,43.114,Loan originated
1,895000.0,42,1115000.0,310.0,1,Not Hispanic or Latino,White,Female,35-44,80.0,Loan originated
1,35000.0,20%-<30%,175000.0,62.0,1,Not Hispanic or Latino,White,Female,>74,19.46,Loan originated
1,665000.0,49,825000.0,243.0,1,Not Hispanic or Latino,Asian,Male,55-64,80.0,Loan originated
1,435000.0,49,485000.0,98.0,1,Not Hispanic or Latino,Asian,Female,25-34,90.0,Loan originated
1,625000.0,30%-<36%,695000.0,174.0,1,Not Hispanic or Latino,White,Male,25-34,90.0,Loan originated
1,675000.0,30%-<36%,2285000.0,350.0,1,Not Hispanic or Latino,Asian,Male,35-44,29.55,Loan originated
1,445000.0,30%-<36%,585000.0,130.0,1,Not Hispanic or Latino,White,Male,35-44,77.0,Loan originated
1,515000.0,20%-<30%,695000.0,193.0,1,Not Hispanic or Latino,White,Female,35-44,75.0,Loan originated
1,1135000.0,45,1345000.0,280.0,1,Not Hispanic or Latino,Asian,Male,35-44,85.0,Loan originated
1,505000.0,45,535000.0,210.0,1,Not Hispanic or Latino,Black or African American,Female,55-64,93.878,Loan originated
1,515000.0,42,575000.0,132.0,1,Not Hispanic or Latino,Asian,Male,45-54,90.0,Loan originated
1,405000.0,46,515000.0,206.0,1,Not Hispanic or Latino,White,Female,55-64,78.049,Loan originated
1,575000.0,47,695000.0,119.0,1,Not Hispanic or Latino,White,Male,35-44,83.333,Loan originated
1,195000.0,42,215000.0,101.0,1,Hispanic or Latino,White,Male,35-44,91.74,Application denied
1,885000.0,47,1185000.0,180.0,1,Not Hispanic or Latino,White,Male,25-34,75.0,Loan originated
1,455000.0,43,505000.0,161.0,1,Not Hispanic or Latino,Asian,Male,25-34,90.0,Application denied
1,475000.0,49,845000.0,113.0,1,Not Hispanic or Latino,Asian,Male,35-44,57.0,Loan originated
1,445000.0,37,565000.0,121.0,1,Not Hispanic or Latino,White,Female,25-34,78.03,Loan originated
1,565000.0,30%-<36%,745000.0,506.0,1,Not Hispanic or Latino,Asian,Male,25-34,75.0,Application denied
1,495000.0,44,555000.0,163.0,1,Hispanic or Latino,White,Male,25-34,89.27,Loan originated
1,875000.0,42,975000.0,404.0,1,Not Hispanic or Latino,White,Female,55-64,89.67,Loan originated
1,1065000.0,44,1335000.0,258.0,1,Not Hispanic or Latino,Asian,Male,35-44,80.0,Loan originated
1,925000.0,45,1315000.0,208.0,1,Not Hispanic or Latino,Asian,Male,35-44,70.001,Loan originated
1,765000.0,43,965000.0,245.0,1,Not Hispanic or Latino,White,Male,45-54,89.9,Loan originated
1,265000.0,20%-<30%,355000.0,157.0,1,Hispanic or Latino,White,Male,45-54,75.0,Loan originated
1,585000.0,43,605000.0,158.0,1,Not Hispanic or Latino,Asian,Male,35-44,97.0,Loan originated
1,365000.0,48,435000.0,73.0,1,Hispanic or Latino,White,Female,35-44,83.05,Loan originated
1,305000.0,38,495000.0,200.0,1,Hispanic or Latino,White,Male,65-74,62.0,Loan originated
1,345000.0,45,365000.0,72.0,1,Not Hispanic or Latino,White,Male,25-34,95.0,Loan originated
1,485000.0,43,605000.0,126.0,1,Not Hispanic or Latino,Black or African American,Male,45-54,80.0,Loan originated
1,485000.0,47,545000.0,104.0,1,Not Hispanic or Latino,White,Female,25-34,90.0,Loan originated
1,395000.0,30%-<36%,545000.0,149.0,1,Hispanic or Latino,White,Female,25-34,72.628,Loan originated
1,975000.0,48,1035000.0,251.0,1,Not Hispanic or Latino,Asian,Male,25-34,95.0,Loan originated
1,405000.0,45,455000.0,175.0,1,Not Hispanic or Latino,White,Male,35-44,90.0,Loan originated
1,115000.0,30%-<36%,135000.0,69.0,1,Not Hispanic or Latino,White,Female,55-64,80.0,Loan originated
1,425000.0,47,455000.0,99.0,1,Hispanic or Latino,White,Female,25-34,94.45,Application denied
1,465000.0,49,495000.0,105.0,1,Hispanic or Latino,Asian,Male,35-44,95.0,Loan originated
1,95000.0,20%-<30%,165000.0,105.0,1,Not Hispanic or Latino,White,Female,55-64,60.0,Loan originated
1,715000.0,30%-<36%,795000.0,219.0,1,Not Hispanic or Latino,Asian,Female,35-44,90.0,Loan originated
1,295000.0,48,305000.0,80.0,1,Not Hispanic or Latino,Black or African American,Female,25-34,100.4,Loan originated
1,305000.0,30%-<36%,765000.0,127.0,1,Hispanic or Latino,American Indian or Alaska Native,Male,45-54,39.21,Loan originated
1,435000.0,42,485000.0,154.0,1,Not Hispanic or Latino,White,Female,55-64,90.0,Loan originated
1,565000.0,44,595000.0,133.0,1,Hispanic or Latino,White,Male,45-54,98.0,Loan originated
1,325000.0,47,515000.0,89.0,1,Hispanic or Latino,White,Female,45-54,95.0,Loan originated
1,635000.0,49,705000.0,163.0,1,Not Hispanic or Latino,Asian,Male,35-44,93.0,Loan originated
1,315000.0,45,635000.0,95.0,1,Not Hispanic or Latino,White,Female,55-64,49.764,Loan originated
1,315000.0,46,355000.0,75.0,1,Hispanic or Latino,White,Female,25-34,90.0,Loan originated
1,695000.0,48,875000.0,174.0,1,Not Hispanic or Latino,White,Female,55-64,80.0,Loan originated
1,605000.0,43,955000.0,144.0,1,Not Hispanic or Latino,Asian,Female,25-34,64.0,Loan originated
1,895000.0,45,1195000.0,216.0,1,Not Hispanic or Latino,White,Male,35-44,75.0,Loan originated
1,1045000.0,30%-<36%,1305000.0,285.0,1,Not Hispanic or Latino,Asian,Female,25-34,80.0,Loan originated
1,255000.0,50%-60%,265000.0,49.0,1,Hispanic or Latino,White,Male,<25,97.0,Application denied
1,305000.0,30%-<36%,375000.0,90.0,1,Hispanic or Latino,White,Female,25-34,80.0,Loan originated
1,255000.0,41,305000.0,116.0,1,Not Hispanic or Latino,White,Female,45-54,86.866,Loan originated
1,395000.0,41,465000.0,87.0,1,Not Hispanic or Latino,Asian,Female,25-34,85.0,Loan originated
1,365000.0,48,425000.0,83.0,1,Hispanic or Latino,Black or African American,Female,45-54,84.706,Loan originated
1,215000.0,37,285000.0,73.0,1,Hispanic or Latino,White,Female,55-64,75.0,Loan originated
1,645000.0,39,805000.0,182.0,1,Not Hispanic or Latino,White,Male,45-54,80.0,Loan originated
1,1095000.0,40,1375000.0,283.0,1,Not Hispanic or Latino,Asian,Female,35-44,80.0,Loan originated
1,525000.0,47,655000.0,220.0,1,Not Hispanic or Latino,White,Male,45-54,80.0,Loan originated
1,435000.0,50%-60%,615000.0,91.0,1,Hispanic or Latino,White,Female,35-44,70.0,Loan originated
1,1125000.0,49,5175000.0,301.0,1,Not Hispanic or Latino,Asian,Female,55-64,21.739,Loan originated
1,225000.0,20%-<30%,575000.0,127.0,1,Not Hispanic or Latino,Asian,Female,35-44,38.26,Loan originated
1,545000.0,38,645000.0,160.0,1,Not Hispanic or Latino,White,Male,35-44,85.0,Application denied
1,585000.0,36,735000.0,213.0,1,Not Hispanic or Latino,Asian,Male,35-44,80.0,Loan originated
1,815000.0,30%-<36%,1175000.0,276.0,1,Not Hispanic or Latino,White,Female,>74,70.0,Loan originated
1,585000.0,43,665000.0,135.0,1,Not Hispanic or Latino,White,Female,35-44,87.87,Loan originated
1,405000.0,>60%,485000.0,83.0,1,Not Hispanic or Latino,White,Female,35-44,85.0,Application denied
1,535000.0,40,775000.0,144.0,1,Not Hispanic or Latino,White,Female,55-64,70.0,Loan originated
1,475000.0,20%-<30%,855000.0,240.0,1,Not Hispanic or Latino,White,Female,35-44,54.971,Loan originated
1,285000.0,37,295000.0,98.0,1,Not Hispanic or Latino,White,Male,25-34,95.0,Loan originated
1,595000.0,41,665000.0,151.0,1,Not Hispanic or Latino,White,Male,25-34,90.0,Loan originated
1,375000.0,50%-60%,455000.0,115.0,1,Hispanic or Latino,White,Female,35-44,84.0,Application denied
1,245000.0,20%-<30%,315000.0,113.0,1,Not Hispanic or Latino,White,Male,35-44,80.0,Loan originated
1,125000.0,41,225000.0,85.0,1,Not Hispanic or Latino,White,Male,25-34,55.56,Loan originated
1,395000.0,30%-<36%,655000.0,143.0,1,Not Hispanic or Latino,Asian,Female,55-64,60.0,Loan originated
1,535000.0,45,595000.0,116.0,1,Not Hispanic or Latino,Asian,Female,25-34,90.0,Loan originated
1,265000.0,20%-<30%,455000.0,123.0,1,Not Hispanic or Latino,White,Female,25-34,58.242,Loan originated
1,285000.0,47,345000.0,75.0,1,Hispanic or Latino,White,Male,45-54,85.0,Loan originated
1,625000.0,47,665000.0,135.0,1,Hispanic or Latino,White,Male,25-34,95.0,Loan originated
1,655000.0,30%-<36%,825000.0,149.0,1,Not Hispanic or Latino,Asian,Female,25-34,80.0,Loan originated
1,745000.0,49,845000.0,334.0,1,Not Hispanic or Latino,Asian,Male,55-64,89.0,Loan originated
1,635000.0,48,855000.0,145.0,1,Not Hispanic or Latino,White,Male,55-64,75.0,Loan originated
1,395000.0,43,495000.0,110.0,1,Not Hispanic or Latino,Black or African American,Female,25-34,80.0,Loan originated
1,645000.0,42,675000.0,189.0,1,Not Hispanic or Latino,Asian,Male,25-34,94.96,Loan originated
1,545000.0,49,585000.0,108.0,1,Not Hispanic or Latino,Asian,Female,25-34,93.103,Loan originated
1,305000.0,>60%,405000.0,57.0,1,Not Hispanic or Latino,White,Female,45-54,75.0,Application denied
1,545000.0,36,605000.0,125.0,1,Not Hispanic or Latino,Asian,Female,35-44,89.99,Loan originated
1,1005000.0,44,1255000.0,282.0,1,Not Hispanic or Latino,White,Female,55-64,80.0,Loan originated
1,565000.0,40,965000.0,192.0,1,Not Hispanic or Latino,Asian,Female,35-44,58.377,Loan originated
1,395000.0,41,445000.0,91.0,1,Not Hispanic or Latino,White,Female,25-34,90.0,Loan originated
1,515000.0,40,645000.0,136.0,1,Not Hispanic or Latino,White,Male,45-54,79.99,Loan originated
1,585000.0,43,815000.0,225.0,1,Not Hispanic or Latino,White,Female,45-54,71.166,Loan originated
1,665000.0,44,695000.0,156.0,1,Hispanic or Latino,White,Male,25-34,95.0,Loan originated
1,285000.0,40,305000.0,67.0,1,Hispanic or Latino,White,Female,25-34,95.0,Loan originated
1,155000.0,20%-<30%,455000.0,127.0,1,Not Hispanic or Latino,White,Female,55-64,33.694,Loan originated
1,335000.0,41,345000.0,124.0,1,Not Hispanic or Latino,White,Male,35-44,97.0,Loan originated
1,695000.0,30%-<36%,1155000.0,468.0,1,Not Hispanic or Latino,Asian,Female,35-44,60.0,Loan originated
1,405000.0,36,425000.0,112.0,1,Hispanic or Latino,White,Male,35-44,95.0,Loan originated
1,265000.0,30%-<36%,275000.0,113.0,1,Hispanic or Latino,White,Female,55-64,95.0,Loan originated
1,395000.0,42,495000.0,184.0,1,Not Hispanic or Latino,White,Female,>74,80.0,Loan originated
1,595000.0,44,625000.0,138.0,1,Hispanic or Latino,White,Male,35-44,94.987,Loan originated
1,415000.0,48,425000.0,122.0,1,Not Hispanic or Latino,Black or African American,Female,25-34,97.0,Loan originated
1,575000.0,43,605000.0,152.0,1,Hispanic or Latino,White,Male,25-34,95.0,Loan originated
1,525000.0,37,905000.0,160.0,1,Not Hispanic or Latino,White,Female,55-64,58.196,Loan originated
1,585000.0,48,995000.0,204.0,1,Not Hispanic or Latino,Asian,Male,35-44,60.0,Loan originated
1,15000.0,43,525000.0,146.0,1,Not Hispanic or Latino,Black or African American,Female,25-34,3.5,Loan originated
1,685000.0,46,855000.0,155.0,1,Not Hispanic or Latino,White,Male,35-44,80.0,Loan originated
1,175000.0,49,675000.0,53.0,1,Not Hispanic or Latino,White,Male,55-64,25.893,Loan originated
1,375000.0,30%-<36%,525000.0,137.0,1,Not Hispanic or Latino,White,Female,65-74,73.067,Loan originated
1,375000.0,40,385000.0,98.0,1,Not Hispanic or Latino,White,Female,25-34,97.0,Loan originated
1,385000.0,43,465000.0,96.0,1,Not Hispanic or Latino,White,Female,45-54,83.696,Loan originated
1,585000.0,49,755000.0,181.0,1,Not Hispanic or Latino,White,Female,45-54,78.4,Loan originated
1,225000.0,20%-<30%,825000.0,169.0,1,Not Hispanic or Latino,White,Male,65-74,27.45,Loan originated
1,665000.0,30%-<36%,705000.0,284.0,1,Hispanic or Latino,Black or African American,Male,35-44,95.0,Loan originated
1,475000.0,30%-<36%,505000.0,137.0,1,Not Hispanic or Latino,White,Female,25-34,94.07,Loan originated
1,575000.0,40,605000.0,187.0,1,Not Hispanic or Latino,Black or African American,Male,25-34,95.0,Loan originated
1,35000.0,30%-<36%,45000.0,72.0,1,Hispanic or Latino,White,Female,25-34,75.0,Loan originated
1,695000.0,49,1255000.0,260.0,1,Not Hispanic or Latino,White,Male,25-34,55.2,Loan originated
1,725000.0,30%-<36%,1155000.0,231.0,1,Not Hispanic or Latino,Asian,Female,35-44,63.157,Loan originated
1,475000.0,39,555000.0,118.0,1,Not Hispanic or Latino,White,Female,35-44,86.364,Loan originated
1,415000.0,49,555000.0,154.0,1,Not Hispanic or Latino,White,Female,45-54,74.91,Loan originated
1,435000.0,49,855000.0,110.0,1,Not Hispanic or Latino,Asian,Male,35-44,51.0,Loan originated
1,455000.0,45,475000.0,108.0,1,Hispanic or Latino,White,Male,25-34,95.0,Loan originated
1,435000.0,47,575000.0,115.0,1,Not Hispanic or Latino,Asian,Female,45-54,75.0,Loan originated
1,555000.0,46,695000.0,127.0,1,Not Hispanic or Latino,White,Male,25-34,80.0,Loan originated
1,395000.0,49,695000.0,85.0,1,Not Hispanic or Latino,Asian,Female,25-34,56.142,Loan originated
1,525000.0,30%-<36%,655000.0,218.0,1,Not Hispanic or Latino,White,Male,65-74,80.0,Loan originated
1,605000.0,48,765000.0,117.0,1,Hispanic or Latino,White,Male,35-44,89.958,Application denied
1,485000.0,39,615000.0,240.0,1,Not Hispanic or Latino,White,Female,35-44,80.0,Loan originated
1,1075000.0,49,1405000.0,209.0,1,Not Hispanic or Latino,Black or African American,Female,25-34,76.157,Loan originated
1,695000.0,<20%,1195000.0,395.0,1,Not Hispanic or Latino,White,Male,45-54,58.299,Loan originated
1,685000.0,48,755000.0,137.0,1,Hispanic or Latino,White,Female,35-44,90.667,Loan originated
1,485000.0,30%-<36%,885000.0,169.0,1,Not Hispanic or Latino,White,Male,25-34,54.802,Loan originated
1,405000.0,41,585000.0,139.0,1,Hispanic or Latino,White,Male,45-54,70.0,Loan originated
1,385000.0,47,405000.0,97.0,1,Hispanic or Latino,White,Female,35-44,95.0,Loan originated
1,425000.0,49,535000.0,106.0,1,Hispanic or Latino,White,Male,35-44,80.0,Loan originated
1,675000.0,45,1105000.0,177.0,1,Not Hispanic or Latino,White,Male,65-74,61.36,Loan originated
1,775000.0,<20%,975000.0,854.0,1,Not Hispanic or Latino,White,Male,25-34,80.0,Loan originated
1,325000.0,43,335000.0,66.0,1,Hispanic or Latino,White,Female,<25,97.0,Loan originated
1,725000.0,39,905000.0,165.0,1,Hispanic or Latino,White,Male,45-54,80.0,Loan originated
1,635000.0,20%-<30%,885000.0,397.0,1,Not Hispanic or Latino,White,Male,35-44,71.591,Loan originated
1,725000.0,47,805000.0,154.0,1,Hispanic or Latino,White,Male,35-44,90.0,Loan originated
1,435000.0,41,585000.0,104.0,1,Not Hispanic or Latino,Asian,Male,55-64,75.0,Loan originated
1,465000.0,49,765000.0,101.0,1,Not Hispanic or Latino,White,Female,35-44,60.86,Loan originated
1,795000.0,45,1105000.0,184.0,1,Not Hispanic or Latino,White,Male,25-34,72.64,Loan originated
1,435000.0,45,465000.0,95.0,1,Hispanic or Latino,White,Male,45-54,95.0,Loan originated
1,645000.0,45,675000.0,146.0,1,Hispanic or Latino,White,Female,<25,95.0,Loan originated
1,285000.0,48,515000.0,69.0,1,Not Hispanic or Latino,White,Female,35-44,55.34,Loan originated
1,695000.0,36,735000.0,278.0,1,Hispanic or Latino,White,Male,25-34,95.0,Loan originated
1,755000.0,39,2655000.0,537.0,1,Not Hispanic or Latino,White,Female,65-74,28.302,Loan originated
1,575000.0,48,815000.0,180.0,1,Not Hispanic or Latino,Asian,Male,45-54,70.0,Loan originated
1,475000.0,46,775000.0,134.0,1,Not Hispanic or Latino,Asian,Female,65-74,61.166,Loan originated
1,265000.0,20%-<30%,355000.0,167.0,1,Hispanic or Latino,White,Male,45-54,75.0,Application denied
1,635000.0,30%-<36%,1185000.0,298.0,1,Not Hispanic or Latino,Asian,Male,25-34,53.49,Loan originated
1,655000.0,42,695000.0,149.0,1,Not Hispanic or Latino,White,Male,25-34,95.0,Loan originated
1,585000.0,39,735000.0,139.0,1,Not Hispanic or Latino,White,Male,35-44,79.94,Loan originated
1,695000.0,43,735000.0,180.0,1,Hispanic or Latino,White,Male,25-34,94.97,Loan originated
1,765000.0,40,845000.0,178.0,1,Hispanic or Latino,White,Female,25-34,91.256,Loan originated
1,705000.0,37,875000.0,228.0,1,Not Hispanic or Latino,Asian,Male,55-64,80.0,Loan originated
1,575000.0,39,715000.0,175.0,1,Not Hispanic or Latino,Asian,Male,35-44,80.0,Loan originated
1,55000.0,42,505000.0,40.0,1,Not Hispanic or Latino,White,Female,>74,20.0,Loan originated
1,955000.0,42,1195000.0,256.0,1,Not Hispanic or Latino,Asian,Male,45-54,80.0,Loan originated
1,735000.0,41,1225000.0,289.0,1,Not Hispanic or Latino,Asian,Female,35-44,60.0,Loan originated
1,435000.0,20%-<30%,475000.0,195.0,1,Not Hispanic or Latino,White,Male,25-34,90.0,Loan originated
1,545000.0,30%-<36%,875000.0,157.0,1,Hispanic or Latino,White,Male,35-44,62.242,Application denied
1,545000.0,20%-<30%,675000.0,313.0,1,Hispanic or Latino,White,Male,25-34,80.0,Loan originated
1,885000.0,44,985000.0,228.0,1,Not Hispanic or Latino,White,Male,35-44,90.0,Loan originated
1,705000.0,45,1605000.0,213.0,1,Not Hispanic or Latino,Asian,Female,35-44,43.614,Loan originated
1,605000.0,49,1195000.0,157.0,1,Not Hispanic or Latino,Asian,Male,35-44,51.0,Loan originated
1,745000.0,44,855000.0,183.0,1,Not Hispanic or Latino,Asian,Male,35-44,88.0,Loan originated
1,855000.0,46,1355000.0,192.0,1,Not Hispanic or Latino,White,Male,35-44,62.963,Loan originated
1,485000.0,40,695000.0,140.0,1,Not Hispanic or Latino,White,Male,25-34,70.0,Loan originated
1,625000.0,37,645000.0,172.0,1,Not Hispanic or Latino,Asian,Male,35-44,96.999,Loan originated
1,225000.0,>60%,285000.0,0.0,1,Not Hispanic or Latino,White,Male,25-34,80.0,Application denied
1,695000.0,39,1115000.0,167.0,1,Not Hispanic or Latino,White,Male,25-34,61.883,Loan originated
1,365000.0,36,385000.0,96.0,1,Hispanic or Latino,White,Male,35-44,95.0,Loan originated
1,895000.0,39,1285000.0,292.0,1,Not Hispanic or Latino,White,Male,25-34,70.0,Loan originated
1,405000.0,41,445000.0,107.0,1,Hispanic or Latino,Asian,Female,25-34,89.89,Loan originated
1,695000.0,48,1015000.0,293.0,1,Not Hispanic or Latino,White,Male,55-64,67.98,Loan originated
1,465000.0,45,585000.0,105.0,1,Not Hispanic or Latino,Asian,Female,45-54,80.0,Loan originated
1,305000.0,20%-<30%,345000.0,118.0,1,Not Hispanic or Latino,White,Female,65-74,88.235,Loan originated
1,225000.0,49,575000.0,59.0,1,Not Hispanic or Latino,White,Female,55-64,40.0,Loan originated
1,465000.0,49,585000.0,96.0,1,Not Hispanic or Latino,Asian,Male,35-44,99.0,Loan originated
1,455000.0,49,505000.0,109.0,1,Hispanic or Latino,White,Female,45-54,90.0,Loan originated
1,415000.0,49,445000.0,98.0,1,Not Hispanic or Latino,White,Female,25-34,98.0,Loan originated
1,385000.0,49,905000.0,81.0,1,Not Hispanic or Latino,White,Male,45-54,42.33,Loan originated
1,1005000.0,43,1265000.0,231.0,1,Not Hispanic or Latino,Asian,Male,25-34,80.0,Loan originated
1,695000.0,>60%,735000.0,79.0,1,Not Hispanic or Latino,Asian,Female,35-44,94.53,Application denied
1,305000.0,20%-<30%,695000.0,112.0,1,Hispanic or Latino,White,Male,35-44,43.777,Loan originated
1,955000.0,42,1125000.0,225.0,1,Not Hispanic or Latino,Asian,Male,35-44,84.929,Loan originated
1,555000.0,42,625000.0,134.0,1,Not Hispanic or Latino,White,Male,45-54,89.516,Loan originated
1,495000.0,45,615000.0,90.0,1,Not Hispanic or Latino,White,Female,25-34,79.993,Loan originated
1,455000.0,49,655000.0,89.0,1,Not Hispanic or Latino,Asian,Male,25-34,69.23,Loan originated
1,845000.0,44,895000.0,236.0,1,Not Hispanic or Latino,White,Male,25-34,94.12,Loan originated
1,745000.0,30%-<36%,995000.0,540.0,1,Not Hispanic or Latino,American Indian or Alaska Native,Male,25-34,75.0,Loan originated
1,15000.0,40,365000.0,120.0,1,Not Hispanic or Latino,White,Female,35-44,100.0,Loan originated
1,285000.0,49,295000.0,56.0,1,Hispanic or Latino,American Indian or Alaska Native,Male,25-34,95.0,Loan originated
1,485000.0,49,535000.0,101.0,1,Hispanic or Latino,White,Male,25-34,93.478,Application denied
1,615000.0,39,655000.0,161.0,1,Not Hispanic or Latino,Asian,Male,45-54,95.0,Loan originated
1,215000.0,20%-<30%,755000.0,124.0,1,Not Hispanic or Latino,White,Male,25-34,28.341,Loan originated
1,455000.0,40,845000.0,126.0,1,Not Hispanic or Latino,Asian,Female,25-34,54.0,Loan originated
1,965000.0,40,1205000.0,272.0,1,Not Hispanic or Latino,Asian,Male,35-44,80.0,Loan originated
1,205000.0,49,315000.0,199.0,1,Not Hispanic or Latino,White,Female,55-64,62.893,Loan originated
1,655000.0,30%-<36%,1165000.0,347.0,1,Not Hispanic or Latino,Asian,Male,25-34,56.034,Loan originated
1,585000.0,41,615000.0,170.0,1,Not Hispanic or Latino,White,Male,55-64,95.0,Loan originated
1,365000.0,48,455000.0,83.0,1,Not Hispanic or Latino,Asian,Male,35-44,80.0,Loan originated
1,735000.0,50%-60%,775000.0,270.0,1,Not Hispanic or Latino,Black or African American,Female,35-44,95.0,Loan originated
1,405000.0,40,775000.0,159.0,1,Not Hispanic or Latino,Asian,Female,25-34,51.95,Loan originated
1,525000.0,30%-<36%,655000.0,163.0,1,Not Hispanic or Latino,Black or African American,Female,55-64,80.0,Loan originated
1,365000.0,40,385000.0,98.0,1,Hispanic or Latino,White,Female,25-34,97.0,Loan originated
1,675000.0,47,715000.0,156.0,1,Hispanic or Latino,White,Female,25-34,95.0,Loan originated
1,75000.0,43,235000.0,53.0,1,Not Hispanic or Latino,White,Male,65-74,29.64,Application denied
1,155000.0,44,205000.0,49.0,1,Not Hispanic or Latino,Black or African American,Male,65-74,78.0,Application denied
1,315000.0,>60%,725000.0,60.0,1,Not Hispanic or Latino,White,Female,55-64,43.056,Application denied
1,305000.0,47,625000.0,96.0,1,Not Hispanic or Latino,Asian,Female,35-44,48.137,Loan originated
1,485000.0,40,545000.0,111.0,1,Not Hispanic or Latino,Asian,Female,35-44,90.0,Loan originated
1,765000.0,41,915000.0,306.0,1,Not Hispanic or Latino,Asian,Male,35-44,83.208,Loan originated
1,205000.0,<20%,805000.0,297.0,1,Not Hispanic or Latino,Asian,Male,35-44,24.907,Loan originated
1,675000.0,45,705000.0,143.0,1,Not Hispanic or Latino,Asian,Male,35-44,96.0,Loan originated
1,505000.0,45,625000.0,124.0,1,Not Hispanic or Latino,White,Female,25-34,80.0,Loan originated
1,485000.0,20%-<30%,505000.0,178.0,1,Hispanic or Latino,White,Male,45-54,100.0,Loan originated
1,495000.0,47,525000.0,117.0,1,Not Hispanic or Latino,White,Female,35-44,95.0,Loan originated
1,525000.0,41,695000.0,204.0,1,Not Hispanic or Latino,White,Male,35-44,75.0,Loan originated
1,75000.0,41,585000.0,44.0,1,Not Hispanic or Latino,White,Female,65-74,11.885,Loan originated
1,355000.0,46,595000.0,94.0,1,Not Hispanic or Latino,White,Male,65-74,59.528,Loan originated
1,145000.0,30%-<36%,485000.0,81.0,1,Not Hispanic or Latino,White,Female,35-44,30.117,Loan originated
1,695000.0,49,775000.0,157.0,1,Not Hispanic or Latino,White,Female,65-74,90.0,Loan originated
1,425000.0,37,575000.0,120.0,1,Not Hispanic or Latino,Asian,Female,35-44,75.0,Loan originated
1,585000.0,45,615000.0,147.0,1,Hispanic or Latino,American Indian or Alaska Native,Male,55-64,95.0,Application denied
1,505000.0,48,635000.0,247.0,1,Not Hispanic or Latino,Asian,Female,25-34,80.0,Loan originated
1,1005000.0,46,1715000.0,249.0,1,Not Hispanic or Latino,White,Male,65-74,59.0,Loan originated
1,665000.0,37,815000.0,179.0,1,Not Hispanic or Latino,Asian,Female,25-34,82.094,Loan originated
1,505000.0,48,555000.0,102.0,1,Not Hispanic or Latino,Black or African American,Male,35-44,91.091,Loan originated
1,265000.0,30%-<36%,325000.0,331.0,1,Not Hispanic or Latino,White,Male,35-44,80.0,Loan originated
1,835000.0,40,1395000.0,243.0,1,Not Hispanic or Latino,White,Female,65-74,59.846,Loan originated
1,965000.0,44,1205000.0,389.0,1,Not Hispanic or Latino,Asian,Male,65-74,80.0,Loan originated
1,305000.0,42,385000.0,121.0,1,Not Hispanic or Latino,2 or more minority races,Male,35-44,80.0,Loan originated
1,575000.0,30%-<36%,715000.0,224.0,1,Not Hispanic or Latino,Asian,Female,35-44,80.0,Loan originated
1,295000.0,48,335000.0,85.0,1,Hispanic or Latino,White,Male,35-44,90.0,Loan originated
1,785000.0,30%-<36%,975000.0,226.0,1,Not Hispanic or Latino,Asian,Male,35-44,80.0,Loan originated
1,575000.0,50%-60%,605000.0,111.0,1,Hispanic or Latino,Asian,Female,25-34,95.0,Loan originated
1,1045000.0,50%-60%,1395000.0,208.0,1,Not Hispanic or Latino,Asian,Male,25-34,75.0,Application denied
1,665000.0,49,885000.0,132.0,1,Not Hispanic or Latino,Asian,Female,35-44,74.719,Loan originated
1,445000.0,39,475000.0,148.0,1,Not Hispanic or Latino,Asian,Male,35-44,95.0,Loan originated
1,345000.0,44,405000.0,85.0,1,Not Hispanic or Latino,American Indian or Alaska Native,Male,25-34,85.0,Loan originated
1,155000.0,44,505000.0,70.0,1,Hispanic or Latino,White,Female,35-44,31.251,Loan originated
1,305000.0,<20%,625000.0,188.0,1,Not Hispanic or Latino,White,Male,35-44,48.39,Loan originated
1,235000.0,40,295000.0,69.0,1,Hispanic or Latino,White,Female,25-34,80.0,Loan originated
1,765000.0,30%-<36%,1035000.0,225.0,1,Not Hispanic or Latino,Asian,Male,35-44,74.03,Loan originated
1,395000.0,48,495000.0,93.0,1,Not Hispanic or Latino,Asian,Male,25-34,80.0,Loan originated
1,825000.0,30%-<36%,865000.0,301.0,1,Not Hispanic or Latino,Asian,Male,25-34,94.72,Loan originated
1,535000.0,47,575000.0,156.0,1,Hispanic or Latino,White,Male,35-44,93.86,Loan originated
1,425000.0,40,475000.0,167.0,1,Not Hispanic or Latino,White,Male,25-34,90.0,Loan originated
1,595000.0,50%-60%,795000.0,331.0,1,Not Hispanic or Latino,White,Male,25-34,75.0,Loan originated
1,525000.0,36,885000.0,179.0,1,Not Hispanic or Latino,White,Female,55-64,60.0,Loan originated
1,285000.0,46,365000.0,70.0,1,Not Hispanic or Latino,White,Female,25-34,80.0,Loan originated
1,1105000.0,43,1375000.0,263.0,1,Not Hispanic or Latino,White,Male,45-54,80.0,Loan originated
1,395000.0,40,485000.0,108.0,1,Not Hispanic or Latino,Asian,Male,35-44,79.918,Loan originated
1,715000.0,48,755000.0,148.0,1,Not Hispanic or Latino,White,Male,25-34,95.0,Loan originated
1,415000.0,41,515000.0,86.0,1,Not Hispanic or Latino,Asian,Male,35-44,80.0,Loan originated
1,75000.0,30%-<36%,75000.0,170.0,1,Hispanic or Latino,White,Male,<25,95.0,Application denied
1,285000.0,>60%,325000.0,82.0,1,Hispanic or Latino,White,Female,35-44,87.5,Loan originated
1,525000.0,45,1175000.0,150.0,1,Not Hispanic or Latino,White,Male,55-64,44.681,Loan originated
1,595000.0,45,635000.0,223.0,1,Not Hispanic or Latino,White,Female,35-44,95.0,Loan originated
1,725000.0,45,915000.0,238.0,1,Not Hispanic or Latino,White,Male,45-54,80.0,Loan originated
1,325000.0,42,415000.0,101.0,1,Hispanic or Latino,White,Male,45-54,80.0,Loan originated
1,235000.0,42,735000.0,69.0,1,Not Hispanic or Latino,White,Male,55-64,32.297,Loan originated
1,765000.0,47,1105000.0,206.0,1,Hispanic or Latino,White,Female,25-34,69.367,Loan originated
1,355000.0,46,375000.0,66.0,1,Hispanic or Latino,White,Female,35-44,95.0,Loan originated
1,345000.0,30%-<36%,355000.0,119.0,1,Not Hispanic or Latino,White,Female,35-44,97.0,Loan originated
1,335000.0,30%-<36%,355000.0,136.0,1,Hispanic or Latino,White,Female,35-44,95.0,Loan originated
1,285000.0,49,365000.0,71.0,1,Hispanic or Latino,American Indian or Alaska Native,Male,<25,80.0,Loan originated
1,825000.0,48,865000.0,186.0,1,Not Hispanic or Latino,White,Female,35-44,95.0,Loan originated
1,855000.0,46,895000.0,181.0,1,Not Hispanic or Latino,Asian,Female,35-44,95.0,Loan originated
1,35000.0,38,45000.0,36.0,1,Hispanic or Latino,White,Female,35-44,95.0,Loan originated
1,735000.0,39,915000.0,230.0,1,Not Hispanic or Latino,Asian,Male,25-34,80.0,Loan originated
1,35000.0,48,55000.0,57.0,1,Hispanic or Latino,White,Male,55-64,70.59,Application denied
1,505000.0,20%-<30%,555000.0,170.0,1,Not Hispanic or Latino,Asian,Male,25-34,92.0,Loan originated
1,445000.0,30%-<36%,895000.0,346.0,1,Not Hispanic or Latino,Asian,Female,35-44,50.0,Loan originated
1,615000.0,20%-<30%,685000.0,273.0,1,Not Hispanic or Latino,White,Female,25-34,90.0,Loan originated
1,405000.0,30%-<36%,1525000.0,175.0,1,Not Hispanic or Latino,2 or more minority races,Male,25-34,26.91,Loan originated
1,645000.0,42,805000.0,147.0,1,Not Hispanic or Latino,Asian,Male,25-34,80.0,Loan originated
1,385000.0,47,475000.0,146.0,1,Not Hispanic or Latino,White,Female,65-74,80.0,Loan originated
1,755000.0,20%-<30%,1085000.0,376.0,1,Not Hispanic or Latino,White,Male,65-74,70.0,Loan originated
1,615000.0,37,765000.0,162.0,1,Not Hispanic or Latino,Asian,Male,25-34,80.0,Loan originated
1,545000.0,45,745000.0,119.0,1,Hispanic or Latino,White,Male,<25,73.154,Loan originated
1,1075000.0,42,1355000.0,260.0,1,Not Hispanic or Latino,Asian,Male,25-34,79.407,Loan originated
1,255000.0,46,325000.0,58.0,1,Hispanic or Latino,White,Male,35-44,80.0,Loan originated
1,425000.0,43,495000.0,132.0,1,Hispanic or Latino,White,Male,55-64,85.0,Loan originated
1,605000.0,30%-<36%,755000.0,210.0,1,Not Hispanic or Latino,White,Male,35-44,80.0,Loan originated
1,765000.0,20%-<30%,965000.0,319.0,1,Not Hispanic or Latino,White,Female,35-44,79.43,Loan originated
1,415000.0,36,815000.0,125.0,1,Hispanic or Latino,White,Female,45-54,50.769,Loan originated
1,455000.0,47,475000.0,337.0,1,Not Hispanic or Latino,Asian,Male,>74,95.0,Loan originated
1,315000.0,36,395000.0,89.0,1,Not Hispanic or Latino,White,Male,45-54,80.0,Loan originated
1,315000.0,20%-<30%,615000.0,153.0,1,Not Hispanic or Latino,Asian,Male,45-54,51.299,Loan originated
1,155000.0,39,305000.0,50.0,1,Not Hispanic or Latino,White,Male,25-34,50.82,Loan originated
1,455000.0,39,765000.0,124.0,1,Not Hispanic or Latino,White,Male,25-34,60.0,Loan originated
1,605000.0,46,715000.0,137.0,1,Not Hispanic or Latino,Asian,Male,25-34,85.0,Loan originated
1,685000.0,30%-<36%,855000.0,300.0,1,Not Hispanic or Latino,White,Female,25-34,79.35,Loan originated
1,665000.0,49,735000.0,137.0,1,Not Hispanic or Latino,Asian,Male,35-44,90.0,Application denied
1,925000.0,39,1485000.0,233.0,1,Not Hispanic or Latino,Asian,Female,25-34,62.218,Loan originated
1,425000.0,48,525000.0,142.0,1,Hispanic or Latino,White,Male,25-34,80.0,Loan originated
1,605000.0,41,755000.0,160.0,1,Hispanic or Latino,White,Male,35-44,80.0,Loan originated
1,675000.0,49,995000.0,140.0,1,Not Hispanic or Latino,White,Male,25-34,67.337,Loan originated
1,995000.0,36,1175000.0,321.0,1,Not Hispanic or Latino,Asian,Male,35-44,85.0,Loan originated
1,585000.0,30%-<36%,645000.0,281.0,1,Hispanic or Latino,White,Male,25-34,90.0,Loan originated
1,225000.0,42,275000.0,91.0,1,Hispanic or Latino,White,Male,45-54,80.0,Loan originated
1,445000.0,41,565000.0,106.0,1,Not Hispanic or Latino,Asian,Female,25-34,99.286,Application denied
1,205000.0,44,255000.0,52.0,1,Hispanic or Latino,White,Male,25-34,80.0,Loan originated
1,665000.0,46,835000.0,320.0,1,Not Hispanic or Latino,Asian,Female,35-44,80.0,Loan originated
1,685000.0,30%-<36%,855000.0,356.0,1,Not Hispanic or Latino,Asian,Male,35-44,80.0,Loan originated
1,125000.0,46,355000.0,46.0,1,Not Hispanic or Latino,White,Male,65-74,35.714,Loan originated
1,545000.0,48,645000.0,158.0,1,Not Hispanic or Latino,White,Male,25-34,85.0,Loan originated
1,425000.0,30%-<36%,535000.0,271.0,1,Hispanic or Latino,White,Female,35-44,80.0,Loan originated
1,945000.0,>60%,995000.0,223.0,1,Not Hispanic or Latino,White,Male,35-44,95.0,Application denied
1,935000.0,49,1535000.0,247.0,1,Not Hispanic or Latino,Asian,Male,35-44,60.912,Loan originated
1,565000.0,43,715000.0,129.0,1,Not Hispanic or Latino,White,Female,55-64,80.0,Loan originated
1,345000.0,39,355000.0,81.0,1,Not Hispanic or Latino,White,Male,25-34,96.97,Loan originated
1,405000.0,47,505000.0,93.0,1,Not Hispanic or Latino,Asian,Male,25-34,80.0,Loan originated
1,445000.0,41,645000.0,120.0,1,Not Hispanic or Latino,Asian,Female,55-64,69.038,Loan originated
1,325000.0,42,415000.0,84.0,1,Not Hispanic or Latino,White,Female,35-44,80.0,Loan originated
1,205000.0,43,665000.0,90.0,1,Not Hispanic or Latino,White,Female,25-34,31.0,Loan originated
1,935000.0,30%-<36%,1175000.0,390.0,1,Not Hispanic or Latino,White,Male,25-34,80.0,Loan originated
1,655000.0,46,765000.0,189.0,1,Not Hispanic or Latino,Asian,Male,25-34,85.0,Loan originated
1,535000.0,40,665000.0,143.0,1,Not Hispanic or Latino,White,Male,35-44,80.0,Loan originated
1,425000.0,20%-<30%,535000.0,208.0,1,Not Hispanic or Latino,Asian,Female,35-44,80.0,Loan originated
1,675000.0,43,845000.0,206.0,1,Not Hispanic or Latino,Asian,Male,25-34,80.0,Loan originated
1,175000.0,44,215000.0,71.0,1,Hispanic or Latino,White,Female,45-54,80.0,Loan originated
1,815000.0,49,1455000.0,333.0,1,Not Hispanic or Latino,White,Male,55-64,80.0,Loan originated
1,565000.0,42,705000.0,137.0,1,Not Hispanic or Latino,Asian,Male,25-34,80.0,Loan originated
1,305000.0,38,435000.0,96.0,1,Hispanic or Latino,White,Female,35-44,90.0,Loan originated
1,355000.0,44,695000.0,83.0,1,Not Hispanic or Latino,White,Female,65-74,51.852,Loan originated
1,685000.0,49,725000.0,132.0,1,Not Hispanic or Latino,White,Male,25-34,95.0,Loan originated
1,975000.0,46,1335000.0,330.0,1,Not Hispanic or Latino,Asian,Male,35-44,72.64,Loan originated
1,655000.0,46,825000.0,171.0,1,Not Hispanic or Latino,Asian,Male,25-34,79.99,Loan originated
1,345000.0,48,645000.0,83.0,1,Not Hispanic or Latino,Asian,Female,25-34,53.0,Loan originated
1,1005000.0,<20%,1125000.0,683.0,1,Not Hispanic or Latino,White,Male,35-44,89.84,Loan originated
1,305000.0,36,375000.0,81.0,1,Hispanic or Latino,White,Male,55-64,80.0,Loan originated
1,335000.0,44,345000.0,95.0,1,Hispanic or Latino,White,Male,55-64,97.0,Loan originated
1,385000.0,47,685000.0,90.0,1,Hispanic or Latino,White,Male,45-54,56.204,Loan originated
1,695000.0,49,725000.0,171.0,1,Not Hispanic or Latino,White,Female,55-64,95.0,Loan originated
1,855000.0,46,1265000.0,224.0,1,Not Hispanic or Latino,White,Male,25-34,67.46,Loan originated
1,805000.0,42,1505000.0,200.0,1,Not Hispanic or Latino,White,Male,35-44,53.333,Loan originated
1,695000.0,42,1155000.0,185.0,1,Not Hispanic or Latino,Asian,Male,25-34,60.0,Loan originated
1,1125000.0,40,1605000.0,251.0,1,Not Hispanic or Latino,Asian,Male,35-44,70.0,Loan originated
1,225000.0,30%-<36%,245000.0,73.0,1,Not Hispanic or Latino,White,Male,35-44,90.0,Loan originated
1,525000.0,30%-<36%,1125000.0,293.0,1,Not Hispanic or Latino,Asian,Female,25-34,46.429,Loan originated
1,1145000.0,41,1565000.0,494.0,1,Not Hispanic or Latino,Asian,Male,35-44,73.191,Loan originated
1,305000.0,44,605000.0,180.0,1,Not Hispanic or Latino,Asian,Female,45-54,50.0,Loan originated
1,475000.0,36,495000.0,192.0,1,Hispanic or Latino,White,Female,25-34,95.0,Loan originated
1,735000.0,47,865000.0,167.0,1,Not Hispanic or Latino,Asian,Female,25-34,85.0,Loan originated
1,685000.0,20%-<30%,865000.0,443.0,1,Not Hispanic or Latino,White,Male,35-44,80.0,Loan originated
1,535000.0,50%-60%,535000.0,174.0,1,Not Hispanic or Latino,Black or African American,Female,25-34,100.0,Application denied
1,185000.0,20%-<30%,255000.0,90.0,1,Hispanic or Latino,White,Male,35-44,75.0,Loan originated
1,405000.0,20%-<30%,505000.0,182.0,1,Not Hispanic or Latino,White,Male,<25,80.0,Loan originated
1,325000.0,49,735000.0,70.0,1,Not Hispanic or Latino,White,Male,35-44,44.205,Loan originated
1,185000.0,41,285000.0,146.0,1,Not Hispanic or Latino,White,Female,>74,65.0,Loan originated
1,765000.0,43,795000.0,214.0,1,Not Hispanic or Latino,Asian,Male,25-34,96.421,Loan originated
1,405000.0,30%-<36%,505000.0,109.0,1,Not Hispanic or Latino,Black or African American,Male,55-64,99.01,Loan originated
1,325000.0,20%-<30%,445000.0,134.0,1,Not Hispanic or Latino,White,Male,25-34,74.5,Loan originated
1,425000.0,45,445000.0,116.0,1,Not Hispanic or Latino,White,Male,45-54,96.37,Loan originated
1,595000.0,36,755000.0,165.0,1,Not Hispanic or Latino,Asian,Male,25-34,79.333,Loan originated
1,845000.0,42,945000.0,180.0,1,Not Hispanic or Latino,White,Male,35-44,89.84,Loan originated
1,515000.0,37,705000.0,213.0,1,Hispanic or Latino,White,Male,35-44,74.0,Loan originated
1,385000.0,20%-<30%,735000.0,299.0,1,Not Hispanic or Latino,Asian,Male,35-44,52.05,Loan originated
1,705000.0,49,885000.0,172.0,1,Not Hispanic or Latino,White,Female,35-44,80.0,Loan originated
1,1045000.0,41,1485000.0,215.0,1,Not Hispanic or Latino,Asian,Male,35-44,70.175,Loan originated
1,545000.0,42,685000.0,127.0,1,Not Hispanic or Latino,Black or African American,Male,45-54,80.0,Loan originated
1,555000.0,44,1255000.0,169.0,1,Not Hispanic or Latino,Asian,Male,55-64,44.0,Loan originated
1,435000.0,43,545000.0,113.0,1,Not Hispanic or Latino,Asian,Male,55-64,80.0,Loan originated
1,425000.0,20%-<30%,455000.0,145.0,1,Hispanic or Latino,Asian,Male,25-34,95.0,Loan originated
1,355000.0,30%-<36%,375000.0,123.0,1,Hispanic or Latino,White,Male,25-34,95.0,Loan originated
1,865000.0,30%-<36%,1075000.0,284.0,1,Not Hispanic or Latino,Asian,Male,35-44,80.0,Loan originated
1,385000.0,44,765000.0,100.0,1,Not Hispanic or Latino,White,Female,65-74,49.673,Loan originated
1,955000.0,30%-<36%,1285000.0,483.0,1,Not Hispanic or Latino,White,Female,45-54,89.99,Loan originated
1,605000.0,47,645000.0,169.0,1,Not Hispanic or Latino,White,Male,35-44,95.0,Application denied
1,605000.0,37,855000.0,166.0,1,Not Hispanic or Latino,Asian,Male,35-44,70.59,Loan originated
1,1025000.0,49,1225000.0,256.0,1,Not Hispanic or Latino,Asian,Female,35-44,83.1,Loan originated
1,165000.0,30%-<36%,625000.0,95.0,1,Hispanic or Latino,White,Male,45-54,25.847,Loan originated
1,295000.0,48,325000.0,73.0,1,Hispanic or Latino,American Indian or Alaska Native,Female,25-34,93.0,Loan originated
1,125000.0,20%-<30%,225000.0,59.0,1,Not Hispanic or Latino,White,Female,35-44,56.0,Loan originated
1,385000.0,30%-<36%,425000.0,123.0,1,Not Hispanic or Latino,White,Male,25-34,90.0,Loan originated
1,965000.0,41,1205000.0,244.0,1,Not Hispanic or Latino,White,Male,45-54,80.0,Loan originated
1,425000.0,20%-<30%,575000.0,171.0,1,Not Hispanic or Latino,White,Female,25-34,75.0,Loan originated
1,505000.0,49,755000.0,97.0,1,Not Hispanic or Latino,White,Female,35-44,66.667,Loan originated
1,465000.0,43,515000.0,112.0,1,Hispanic or Latino,White,Male,45-54,90.28,Loan originated
1,605000.0,45,1105000.0,292.0,1,Hispanic or Latino,White,Female,>74,54.25,Loan originated
1,565000.0,49,595000.0,147.0,1,Hispanic or Latino,White,Female,35-44,95.0,Loan originated
1,185000.0,50%-60%,185000.0,62.0,1,Hispanic or Latino,White,Female,45-54,97.0,Application denied
1,515000.0,48,1215000.0,125.0,1,Not Hispanic or Latino,Asian,Female,25-34,42.148,Loan originated
1,415000.0,30%-<36%,515000.0,121.0,1,Not Hispanic or Latino,White,Male,35-44,80.0,Loan originated
1,185000.0,30%-<36%,215000.0,113.0,1,Not Hispanic or Latino,White,Female,25-34,84.21,Loan originated
1,455000.0,40,685000.0,109.0,1,Not Hispanic or Latino,White,Female,35-44,67.0,Loan originated
1,1005000.0,38,1255000.0,371.0,1,Not Hispanic or Latino,Asian,Male,45-54,80.0,Loan originated
1,485000.0,47,515000.0,115.0,1,Hispanic or Latino,White,Female,25-34,95.0,Loan originated
1,435000.0,20%-<30%,465000.0,159.0,1,Not Hispanic or Latino,Black or African American,Female,25-34,95.0,Loan originated
1,535000.0,48,595000.0,276.0,1,Not Hispanic or Latino,Asian,Male,35-44,90.0,Loan originated
1,585000.0,39,645000.0,198.0,1,Not Hispanic or Latino,White,Male,35-44,90.0,Loan originated
1,375000.0,42,475000.0,101.0,1,Hispanic or Latino,White,Male,25-34,80.0,Loan originated
1,315000.0,30%-<36%,325000.0,146.0,1,Not Hispanic or Latino,White,Male,55-64,97.0,Loan originated
1,355000.0,46,685000.0,125.0,1,Not Hispanic or Latino,White,Female,55-64,51.471,Loan originated
1,935000.0,44,1255000.0,376.0,1,Hispanic or Latino,White,Male,45-54,75.0,Loan originated
1,845000.0,42,965000.0,196.0,1,Not Hispanic or Latino,Asian,Male,25-34,87.29,Loan originated
1,365000.0,47,385000.0,79.0,1,Hispanic or Latino,White,Male,25-34,95.0,Loan originated
1,375000.0,45,645000.0,86.0,1,Not Hispanic or Latino,Black or African American,Female,65-74,57.279,Loan originated
1,455000.0,47,535000.0,120.0,1,Not Hispanic or Latino,Asian,Female,35-44,84.76,Application denied
1,525000.0,49,555000.0,101.0,1,Hispanic or Latino,White,Female,25-34,95.0,Loan originated
1,215000.0,43,535000.0,68.0,1,Hispanic or Latino,Asian,Male,25-34,39.14,Loan originated
1,655000.0,47,1005000.0,169.0,1,Not Hispanic or Latino,Asian,Female,35-44,65.0,Loan originated
1,495000.0,<20%,625000.0,504.0,1,Hispanic or Latino,White,Female,45-54,80.0,Application denied
1,155000.0,48,165000.0,48.0,1,Not Hispanic or Latino,White,Male,35-44,96.99,Loan originated
1,245000.0,30%-<36%,255000.0,100.0,1,Hispanic or Latino,White,Male,25-34,97.0,Loan originated
1,395000.0,30%-<36%,445000.0,181.0,1,Hispanic or Latino,White,Male,25-34,90.0,Loan originated
1,605000.0,47,1505000.0,183.0,1,Not Hispanic or Latino,White,Male,35-44,40.0,Loan originated
1,205000.0,30%-<36%,295000.0,81.0,1,Not Hispanic or Latino,Asian,Female,45-54,70.0,Loan originated
1,635000.0,49,795000.0,191.0,1,Not Hispanic or Latino,Asian,Male,25-34,80.0,Loan originated
1,615000.0,<20%,685000.0,0.0,1,Not Hispanic or Latino,Asian,Male,55-64,90.0,Application denied
1,365000.0,43,385000.0,130.0,1,Not Hispanic or Latino,Asian,Male,25-34,95.0,Loan originated
1,755000.0,37,1205000.0,221.0,1,Not Hispanic or Latino,White,Female,25-34,62.5,Loan originated
1,275000.0,41,355000.0,75.0,1,Not Hispanic or Latino,White,Male,25-34,77.279,Loan originated
1,495000.0,43,555000.0,168.0,1,Not Hispanic or Latino,White,Male,25-34,90.0,Loan originated
1,715000.0,41,795000.0,253.0,1,Hispanic or Latino,White,Female,65-74,90.0,Loan originated
1,705000.0,48,885000.0,137.0,1,Not Hispanic or Latino,White,Male,25-34,80.0,Loan originated
1,195000.0,46,445000.0,58.0,1,Not Hispanic or Latino,White,Male,>74,43.388,Loan originated
1,1055000.0,48,1315000.0,258.0,1,Hispanic or Latino,White,Male,45-54,80.0,Loan originated
1,165000.0,49,515000.0,64.0,1,Hispanic or Latino,Black or African American,Female,>74,32.157,Loan originated
1,215000.0,49,605000.0,66.0,1,Hispanic or Latino,White,Male,45-54,35.833,Loan originated
1,545000.0,45,605000.0,123.0,1,Not Hispanic or Latino,Asian,Male,55-64,90.0,Loan originated
1,515000.0,50%-60%,605000.0,107.0,1,Hispanic or Latino,White,Female,45-54,85.0,Application denied
1,305000.0,41,325000.0,110.0,1,Not Hispanic or Latino,Asian,Female,35-44,95.0,Loan originated
1,995000.0,44,1325000.0,251.0,1,Not Hispanic or Latino,Asian,Male,45-54,75.0,Loan originated
1,965000.0,44,1495000.0,309.0,1,Not Hispanic or Latino,Asian,Female,35-44,65.0,Loan originated
1,925000.0,<20%,1155000.0,77.0,1,Hispanic or Latino,White,Female,25-34,80.0,Loan originated
1,235000.0,50%-60%,245000.0,65.0,1,Not Hispanic or Latino,White,Male,25-34,95.0,Loan originated
1,275000.0,36,525000.0,182.0,1,Not Hispanic or Latino,White,Male,45-54,53.0,Loan originated
1,945000.0,44,1055000.0,252.0,1,Not Hispanic or Latino,White,Male,55-64,90.0,Loan originated
1,425000.0,30%-<36%,455000.0,165.0,1,Hispanic or Latino,White,Female,35-44,95.0,Loan originated
1,655000.0,20%-<30%,735000.0,363.0,1,Not Hispanic or Latino,White,Female,35-44,89.0,Loan originated
1,585000.0,20%-<30%,775000.0,260.0,1,Not Hispanic or Latino,White,Male,55-64,75.0,Loan originated
1,785000.0,42,985000.0,203.0,1,Not Hispanic or Latino,White,Male,55-64,80.0,Loan originated
1,425000.0,44,525000.0,120.0,1,Not Hispanic or Latino,Asian,Male,<25,80.0,Loan originated
1,385000.0,39,405000.0,112.0,1,Hispanic or Latino,White,Female,25-34,95.0,Loan originated
1,725000.0,30%-<36%,915000.0,215.0,1,Not Hispanic or Latino,Asian,Female,45-54,80.0,Loan originated
1,945000.0,49,1055000.0,242.0,1,Not Hispanic or Latino,Asian,Female,45-54,90.0,Loan originated
1,485000.0,39,605000.0,195.0,1,Hispanic or Latino,White,Female,<25,80.0,Loan originated
1,375000.0,20%-<30%,575000.0,149.0,1,Not Hispanic or Latino,White,Female,55-64,64.987,Loan originated
1,375000.0,38,435000.0,258.0,1,Not Hispanic or Latino,White,Male,>74,87.0,Loan originated
1,405000.0,30%-<36%,445000.0,99.0,1,Hispanic or Latino,White,Male,25-34,90.0,Loan originated
1,895000.0,37,995000.0,257.0,1,Not Hispanic or Latino,White,Female,35-44,90.0,Loan originated
1,405000.0,46,535000.0,101.0,1,Hispanic or Latino,White,Female,25-34,75.0,Loan originated
1,555000.0,37,675000.0,152.0,1,Not Hispanic or Latino,White,Female,45-54,81.778,Application denied
1,335000.0,41,415000.0,91.0,1,Not Hispanic or Latino,Asian,Male,45-54,80.0,Loan originated
1,665000.0,30%-<36%,825000.0,202.0,1,Not Hispanic or Latino,Asian,Female,25-34,80.0,Loan originated
1,655000.0,49,825000.0,130.0,1,Not Hispanic or Latino,Black or African American,Male,25-34,78.788,Loan originated
1,355000.0,48,785000.0,88.0,1,Not Hispanic or Latino,White,Male,65-74,45.223,Loan originated
1,445000.0,30%-<36%,555000.0,146.0,1,Hispanic or Latino,White,Female,25-34,80.0,Loan originated
1,255000.0,43,265000.0,87.0,1,Not Hispanic or Latino,Black or African American,Male,55-64,100.0,Application denied
1,195000.0,45,545000.0,58.0,1,Not Hispanic or Latino,Asian,Male,35-44,65.0,Application denied
1,545000.0,43,675000.0,126.0,1,Not Hispanic or Latino,White,Female,45-54,80.0,Loan originated
1,695000.0,38,925000.0,229.0,1,Not Hispanic or Latino,White,Male,25-34,75.0,Loan originated
1,245000.0,30%-<36%,255000.0,79.0,1,Not Hispanic or Latino,White,Female,45-54,97.0,Loan originated
1,325000.0,20%-<30%,1495000.0,213.0,1,Not Hispanic or Latino,Asian,Male,35-44,21.82,Loan originated
1,485000.0,41,615000.0,157.0,1,Not Hispanic or Latino,Asian,Female,35-44,80.0,Loan originated
1,705000.0,48,875000.0,158.0,1,Not Hispanic or Latino,White,Female,65-74,80.0,Loan originated
1,465000.0,46,585000.0,200.0,1,Not Hispanic or Latino,Asian,Female,45-54,80.0,Loan originated
1,95000.0,47,135000.0,76.0,1,Hispanic or Latino,White,Female,25-34,75.0,Loan originated
1,305000.0,43,895000.0,106.0,1,Not Hispanic or Latino,Asian,Female,35-44,34.0,Loan originated
1,1075000.0,>60%,1195000.0,195.0,1,Not Hispanic or Latino,White,Male,35-44,89.979,Application denied
1,545000.0,43,895000.0,131.0,1,Not Hispanic or Latino,Asian,Male,35-44,61.415,Loan originated
1,815000.0,47,1025000.0,159.0,1,Not Hispanic or Latino,White,Male,35-44,80.0,Loan originated
1,145000.0,20%-<30%,155000.0,88.0,1,Hispanic or Latino,White,Male,55-64,95.0,Application denied
1,305000.0,36,1025000.0,202.0,1,Not Hispanic or Latino,Asian,Male,45-54,90.0,Loan originated
1,265000.0,36,295000.0,82.0,1,Not Hispanic or Latino,White,Male,35-44,93.0,Loan originated
1,875000.0,48,1175000.0,190.0,1,Hispanic or Latino,White,Male,65-74,75.0,Loan originated
1,765000.0,41,1055000.0,245.0,1,Not Hispanic or Latino,White,Male,25-34,72.482,Loan originated
1,535000.0,30%-<36%,665000.0,182.0,1,Not Hispanic or Latino,Asian,Male,35-44,80.0,Loan originated
1,705000.0,48,875000.0,138.0,1,Not Hispanic or Latino,White,Male,35-44,80.0,Loan originated
1,725000.0,36,995000.0,265.0,1,Hispanic or Latino,White,Male,35-44,72.0,Loan originated
1,1065000.0,30%-<36%,1185000.0,298.0,1,Not Hispanic or Latino,White,Male,65-74,90.0,Loan originated
1,705000.0,45,785000.0,165.0,1,Not Hispanic or Latino,White,Female,55-64,89.9,Loan originated
1,665000.0,42,885000.0,159.0,1,Not Hispanic or Latino,Asian,Male,<25,75.0,Loan originated
1,345000.0,43,605000.0,80.0,1,Not Hispanic or Latino,Asian,Male,25-34,72.7,Loan originated
1,425000.0,44,435000.0,129.0,1,Not Hispanic or Latino,Asian,Male,25-34,100.0,Loan originated
1,505000.0,20%-<30%,525000.0,164.0,1,Hispanic or Latino,White,Male,25-34,97.0,Loan originated
1,405000.0,45,425000.0,110.0,1,Not Hispanic or Latino,White,Female,65-74,101.94,Loan originated
1,415000.0,49,555000.0,85.0,1,Not Hispanic or Latino,White,Male,35-44,95.0,Loan originated
1,535000.0,47,675000.0,102.0,1,Not Hispanic or Latino,Asian,Male,35-44,80.0,Loan originated
1,305000.0,30%-<36%,465000.0,112.0,1,Not Hispanic or Latino,Asian,Male,25-34,65.0,Loan originated
1,365000.0,41,515000.0,100.0,1,Not Hispanic or Latino,White,Male,45-54,70.987,Loan originated
1,425000.0,20%-<30%,495000.0,128.0,1,Not Hispanic or Latino,Black or African American,Male,55-64,85.84,Loan originated
1,435000.0,45,615000.0,118.0,1,Hispanic or Latino,White,Female,55-64,70.0,Loan originated
1,545000.0,20%-<30%,685000.0,312.0,1,Not Hispanic or Latino,White,Male,25-34,80.0,Loan originated
1,155000.0,46,685000.0,66.0,1,Not Hispanic or Latino,Asian,Female,55-64,21.898,Loan originated
1,415000.0,45,465000.0,175.0,1,Hispanic or Latino,White,Female,25-34,95.0,Loan originated
1,355000.0,40,365000.0,97.0,1,Hispanic or Latino,White,Male,35-44,97.0,Loan originated
1,785000.0,49,875000.0,287.0,1,Not Hispanic or Latino,Asian,Female,25-34,90.0,Loan originated
1,505000.0,49,905000.0,142.0,1,Hispanic or Latino,White,Female,45-54,55.556,Loan originated
1,415000.0,48,825000.0,92.0,1,Not Hispanic or Latino,Asian,Male,25-34,50.548,Loan originated
1,505000.0,46,925000.0,111.0,1,Hispanic or Latino,White,Female,45-54,55.0,Loan originated
1,255000.0,30%-<36%,415000.0,74.0,1,Hispanic or Latino,White,Male,45-54,60.976,Loan originated
1,725000.0,47,1245000.0,167.0,1,Not Hispanic or Latino,Asian,Male,25-34,58.159,Loan originated
1,255000.0,39,325000.0,78.0,1,Not Hispanic or Latino,White,Male,<25,80.0,Loan originated
1,405000.0,41,805000.0,109.0,1,Not Hispanic or Latino,White,Female,25-34,50.0,Loan originated
1,215000.0,36,855000.0,129.0,1,Not Hispanic or Latino,Asian,Male,<25,25.0,Loan originated
1,245000.0,46,755000.0,134.0,1,Not Hispanic or Latino,White,Male,35-44,32.58,Loan originated
1,485000.0,47,505000.0,106.0,1,Not Hispanic or Latino,Asian,Male,45-54,97.0,Loan originated
1,585000.0,48,735000.0,142.0,1,Hispanic or Latino,White,Female,35-44,80.0,Loan originated
1,665000.0,41,925000.0,149.0,1,Not Hispanic or Latino,White,Female,35-44,72.041,Loan originated
1,255000.0,49,825000.0,61.0,1,Not Hispanic or Latino,White,Female,45-54,30.303,Loan originated
1,605000.0,46,755000.0,205.0,1,Not Hispanic or Latino,White,Female,35-44,80.0,Loan originated
1,455000.0,37,465000.0,163.0,1,Not Hispanic or Latino,White,Female,25-34,97.0,Loan originated
1,525000.0,49,655000.0,128.0,1,Not Hispanic or Latino,White,Male,35-44,80.0,Loan originated
1,465000.0,44,495000.0,135.0,1,Hispanic or Latino,White,Female,35-44,95.0,Loan originated
1,535000.0,49,675000.0,123.0,1,Hispanic or Latino,White,Male,45-54,80.0,Loan originated
1,855000.0,43,955000.0,194.0,1,Not Hispanic or Latino,Asian,Male,35-44,89.99,Loan originated
1,225000.0,30%-<36%,345000.0,85.0,1,Hispanic or Latino,White,Male,45-54,65.0,Loan originated
1,105000.0,<20%,815000.0,177.0,1,Not Hispanic or Latino,White,Female,55-64,13.0,Loan originated
1,145000.0,49,205000.0,70.0,1,Hispanic or Latino,White,Male,45-54,70.0,Loan originated
1,445000.0,43,495000.0,89.0,1,Hispanic or Latino,White,Male,35-44,90.0,Loan originated
1,875000.0,30%-<36%,1455000.0,281.0,1,Not Hispanic or Latino,Asian,Female,35-44,60.345,Loan originated
1,425000.0,37,535000.0,127.0,1,Hispanic or Latino,White,Male,25-34,80.0,Loan originated
1,915000.0,30%-<36%,2715000.0,210.0,1,Not Hispanic or Latino,Asian,Female,25-34,34.0,Loan originated
1,1145000.0,30%-<36%,1325000.0,609.0,1,Not Hispanic or Latino,White,Female,35-44,86.78,Loan originated
1,505000.0,39,905000.0,144.0,1,Hispanic or Latino,White,Male,45-54,55.573,Loan originated
1,235000.0,41,235000.0,63.0,1,Not Hispanic or Latino,White,Male,65-74,97.0,Loan originated
1,1145000.0,49,1695000.0,300.0,1,Not Hispanic or Latino,Asian,Male,45-54,82.83,Loan originated
1,475000.0,20%-<30%,525000.0,225.0,1,Hispanic or Latino,White,Male,35-44,90.0,Loan originated
1,505000.0,44,1635000.0,109.0,1,Not Hispanic or Latino,Asian,Female,65-74,31.0,Loan originated
1,1105000.0,20%-<30%,1385000.0,468.0,1,Not Hispanic or Latino,Asian,Male,25-34,80.0,Loan originated
1,585000.0,47,615000.0,159.0,1,Hispanic or Latino,White,Female,35-44,95.0,Loan originated
1,515000.0,20%-<30%,745000.0,466.0,1,Not Hispanic or Latino,White,Male,35-44,70.0,Loan originated
1,1125000.0,42,1405000.0,232.0,1,Not Hispanic or Latino,Asian,Male,35-44,80.0,Loan originated
1,645000.0,30%-<36%,805000.0,375.0,1,Not Hispanic or Latino,White,Male,25-34,80.0,Loan originated
1,385000.0,41,415000.0,92.0,1,Not Hispanic or Latino,White,Female,25-34,95.0,Loan originated
1,465000.0,40,495000.0,163.0,1,Hispanic or Latino,White,Male,45-54,95.0,Loan originated
1,785000.0,43,1055000.0,268.0,1,Not Hispanic or Latino,Asian,Female,45-54,74.99995,Loan originated
1,1145000.0,44,1685000.0,404.0,1,Not Hispanic or Latino,Asian,Male,45-54,89.99,Loan originated
1,145000.0,30%-<36%,415000.0,65.0,1,Not Hispanic or Latino,White,Female,55-64,34.37,Loan originated
1,1145000.0,46,1495000.0,303.0,1,Not Hispanic or Latino,White,Male,25-34,77.0,Loan originated
1,715000.0,48,1195000.0,169.0,1,Not Hispanic or Latino,White,Male,35-44,60.0,Loan originated
1,1085000.0,20%-<30%,1545000.0,408.0,1,Not Hispanic or Latino,Asian,Male,25-34,69.933,Loan originated
1,525000.0,30%-<36%,655000.0,155.0,1,Not Hispanic or Latino,White,Male,25-34,80.0,Loan originated
1,1125000.0,30%-<36%,1605000.0,493.0,1,Not Hispanic or Latino,Asian,Male,35-44,70.0,Loan originated
1,535000.0,45,835000.0,192.0,1,Not Hispanic or Latino,Asian,Female,25-34,65.0,Loan originated
1,215000.0,49,815000.0,70.0,1,Not Hispanic or Latino,Native Hawaiian or Other Pacific Islander,Female,45-54,26.537,Loan originated
1,705000.0,46,945000.0,335.0,1,Not Hispanic or Latino,White,Male,35-44,75.0,Loan originated
1,205000.0,49,335000.0,79.0,1,Not Hispanic or Latino,White,Male,35-44,60.177,Loan originated
1,665000.0,20%-<30%,735000.0,303.0,1,Hispanic or Latino,White,Male,65-74,89.989,Loan originated
1,515000.0,49,765000.0,156.0,1,Not Hispanic or Latino,White,Male,35-44,66.58,Loan originated
1,285000.0,30%-<36%,355000.0,98.0,1,Not Hispanic or Latino,White,Female,25-34,80.0,Loan originated
1,255000.0,44,635000.0,122.0,1,Not Hispanic or Latino,White,Female,55-64,39.69,Loan originated
1,325000.0,43,345000.0,100.0,1,Not Hispanic or Latino,White,Male,35-44,95.0,Loan originated
1,505000.0,43,785000.0,124.0,1,Not Hispanic or Latino,White,Female,25-34,64.0,Loan originated
1,205000.0,50%-60%,635000.0,56.0,1,Not Hispanic or Latino,White,Male,65-74,31.447,Application denied
1,825000.0,41,1035000.0,186.0,1,Hispanic or Latino,White,Female,55-64,80.0,Loan originated
1,255000.0,30%-<36%,365000.0,85.0,1,Hispanic or Latino,White,Female,25-34,71.0,Loan originated
1,645000.0,36,965000.0,344.0,1,Hispanic or Latino,White,Male,45-54,67.282,Loan originated
1,905000.0,46,955000.0,493.0,1,Not Hispanic or Latino,White,Male,25-34,95.0,Loan originated
1,495000.0,30%-<36%,795000.0,153.0,1,Not Hispanic or Latino,White,Male,55-64,62.025,Loan originated
1,985000.0,49,1165000.0,191.0,1,Not Hispanic or Latino,Asian,Male,25-34,85.0,Loan originated
1,925000.0,49,1165000.0,198.0,1,Not Hispanic or Latino,White,Female,55-64,80.0,Loan originated
1,415000.0,46,425000.0,140.0,1,Not Hispanic or Latino,Black or African American,Female,25-34,100.395,Application denied
1,345000.0,42,365000.0,91.0,1,Hispanic or Latino,White,Female,45-54,95.0,Loan originated
1,365000.0,20%-<30%,425000.0,521.0,1,Hispanic or Latino,White,Female,35-44,85.0,Loan originated
1,855000.0,39,1025000.0,212.0,1,Not Hispanic or Latino,Asian,Male,25-34,83.82,Loan originated
1,835000.0,20%-<30%,875000.0,291.0,1,Not Hispanic or Latino,White,Male,25-34,95.0,Loan originated
1,765000.0,47,945000.0,161.0,1,Not Hispanic or Latino,Asian,Female,55-64,80.851,Application denied
1,445000.0,<20%,575000.0,277.0,1,Hispanic or Latino,White,Male,25-34,80.0,Loan originated
1,365000.0,39,405000.0,96.0,1,Hispanic or Latino,White,Female,45-54,90.0,Loan originated
1,635000.0,49,795000.0,192.0,1,Hispanic or Latino,White,Male,35-44,80.0,Loan originated
1,305000.0,44,355000.0,109.0,1,Not Hispanic or Latino,White,Male,35-44,85.0,Loan originated
1,195000.0,<20%,265000.0,175.0,1,Not Hispanic or Latino,Asian,Male,35-44,75.0,Loan originated
1,315000.0,<20%,515000.0,158.0,1,Hispanic or Latino,White,Male,25-34,61.08,Loan originated
1,1055000.0,41,1325000.0,340.0,1,Not Hispanic or Latino,Asian,Male,35-44,80.0,Loan originated
1,355000.0,41,535000.0,95.0,1,Hispanic or Latino,White,Male,65-74,65.485,Loan originated
1,855000.0,45,1505000.0,178.0,1,Not Hispanic or Latino,White,Male,55-64,56.667,Loan originated
1,345000.0,40,465000.0,83.0,1,Not Hispanic or Latino,White,Female,25-34,75.162,Loan originated
1,765000.0,49,815000.0,156.0,1,Not Hispanic or Latino,Black or African American,Male,55-64,94.636,Loan originated
1,345000.0,47,435000.0,67.0,1,Hispanic or Latino,White,Male,35-44,100.0,Loan originated
1,595000.0,39,655000.0,140.0,1,Not Hispanic or Latino,Asian,Male,25-34,89.99,Loan originated
1,575000.0,37,675000.0,188.0,1,Not Hispanic or Latino,White,Female,45-54,85.0,Loan originated
1,375000.0,30%-<36%,625000.0,280.0,1,Not Hispanic or Latino,White,Male,65-74,60.0,Loan originated
1,395000.0,42,435000.0,109.0,1,Hispanic or Latino,White,Female,45-54,90.0,Loan originated
1,365000.0,48,455000.0,74.0,1,Hispanic or Latino,White,Male,55-64,80.0,Loan originated
1,355000.0,49,855000.0,82.0,1,Not Hispanic or Latino,White,Female,55-64,41.52,Loan originated
1,905000.0,47,1295000.0,207.0,1,Not Hispanic or Latino,Asian,Male,35-44,70.0,Loan originated
1,695000.0,30%-<36%,875000.0,308.0,1,Not Hispanic or Latino,White,Female,55-64,80.0,Loan originated
1,485000.0,30%-<36%,615000.0,225.0,1,Not Hispanic or Latino,Asian,Female,35-44,80.0,Loan originated
1,355000.0,44,375000.0,139.0,1,Not Hispanic or Latino,White,Female,45-54,95.0,Application denied
1,695000.0,40,875000.0,192.0,1,Not Hispanic or Latino,White,Male,25-34,80.0,Loan originated
1,385000.0,36,485000.0,145.0,1,Not Hispanic or Latino,Asian,Female,25-34,80.0,Loan originated
1,445000.0,43,565000.0,169.0,1,Not Hispanic or Latino,Asian,Male,25-34,80.0,Loan originated
1,885000.0,37,1105000.0,577.0,1,Not Hispanic or Latino,Black or African American,Male,55-64,80.0,Loan originated
1,795000.0,<20%,995000.0,762.0,1,Not Hispanic or Latino,Asian,Male,25-34,80.0,Loan originated
1,395000.0,38,435000.0,145.0,1,Not Hispanic or Latino,White,Male,45-54,90.0,Loan originated
1,885000.0,30%-<36%,1105000.0,311.0,1,Not Hispanic or Latino,White,Male,45-54,80.0,Loan originated
1,1005000.0,46,1105000.0,490.0,1,Not Hispanic or Latino,Asian,Male,55-64,91.003,Loan originated
1,445000.0,39,465000.0,114.0,1,Not Hispanic or Latino,Asian,Male,55-64,95.0,Loan originated
1,405000.0,40,805000.0,138.0,1,Not Hispanic or Latino,Asian,Male,25-34,50.215,Loan originated
1,725000.0,41,905000.0,165.0,1,Not Hispanic or Latino,Asian,Male,35-44,80.0,Loan originated
1,585000.0,44,1125000.0,166.0,1,Not Hispanic or Latino,Asian,Male,65-74,51.464,Loan originated
1,335000.0,20%-<30%,635000.0,133.0,1,Not Hispanic or Latino,White,Male,35-44,52.381,Loan originated
1,665000.0,20%-<30%,745000.0,303.0,1,Hispanic or Latino,White,Male,45-54,89.99,Loan originated
1,365000.0,48,385000.0,115.0,1,Hispanic or Latino,White,Female,45-54,95.0,Loan originated
1,365000.0,49,515000.0,80.0,1,Not Hispanic or Latino,White,Female,35-44,70.0,Loan originated
1,315000.0,30%-<36%,395000.0,107.0,1,Not Hispanic or Latino,White,Female,55-64,80.0,Loan originated
1,1085000.0,30%-<36%,1365000.0,340.0,1,Not Hispanic or Latino,Asian,Male,25-34,79.3,Loan originated
1,555000.0,38,1045000.0,177.0,1,Hispanic or Latino,White,Female,45-54,53.558,Loan originated
1,85000.0,<20%,465000.0,112.0,1,Not Hispanic or Latino,White,Female,45-54,18.398,Loan originated
1,235000.0,20%-<30%,315000.0,132.0,1,Not Hispanic or Latino,White,Male,25-34,76.0,Loan originated
1,145000.0,47,295000.0,96.0,1,Not Hispanic or Latino,White,Male,45-54,49.833,Loan originated
1,525000.0,48,555000.0,199.0,1,Not Hispanic or Latino,White,Male,35-44,95.0,Loan originated
1,275000.0,42,675000.0,105.0,1,Not Hispanic or Latino,White,Female,55-64,41.176,Loan originated
1,465000.0,49,565000.0,97.0,1,Not Hispanic or Latino,White,Female,45-54,83.48,Loan originated
1,1005000.0,38,2015000.0,321.0,1,Not Hispanic or Latino,Asian,Female,45-54,49.75,Loan originated
1,475000.0,30%-<36%,525000.0,201.0,1,Hispanic or Latino,White,Male,35-44,90.0,Loan originated
1,385000.0,48,415000.0,95.0,1,Hispanic or Latino,White,Male,25-34,93.0,Loan originated
1,385000.0,37,555000.0,130.0,1,Not Hispanic or Latino,White,Female,45-54,70.226,Loan originated
1,985000.0,42,1235000.0,480.0,1,Hispanic or Latino,White,Male,35-44,80.0,Loan originated
1,455000.0,46,505000.0,130.0,1,Not Hispanic or Latino,White,Female,35-44,90.0,Loan originated
1,565000.0,39,755000.0,271.0,1,Not Hispanic or Latino,White,Female,25-34,75.0,Loan originated
1,565000.0,45,705000.0,116.0,1,Hispanic or Latino,Asian,Male,35-44,80.0,Loan originated
1,395000.0,44,495000.0,171.0,1,Not Hispanic or Latino,White,Male,55-64,79.798,Loan originated
1,295000.0,41,595000.0,142.0,1,Not Hispanic or Latino,White,Male,25-34,49.58,Loan originated
1,355000.0,47,535000.0,81.0,1,Hispanic or Latino,White,Female,25-34,66.853,Loan originated
1,915000.0,41,1205000.0,211.0,1,Not Hispanic or Latino,White,Female,35-44,75.833,Loan originated
1,365000.0,48,665000.0,82.0,1,Not Hispanic or Latino,Asian,Female,35-44,55.046,Loan originated
1,75000.0,43,95000.0,41.0,1,Not Hispanic or Latino,Asian,Female,45-54,83.71,Application denied
1,395000.0,49,805000.0,142.0,1,Not Hispanic or Latino,White,Male,25-34,48.745,Loan originated
1,395000.0,30%-<36%,515000.0,130.0,1,Not Hispanic or Latino,White,Female,35-44,76.471,Loan originated
1,775000.0,39,1295000.0,235.0,1,Not Hispanic or Latino,Asian,Male,45-54,59.69,Loan originated
1,1125000.0,<20%,1405000.0,709.0,1,Not Hispanic or Latino,Asian,Male,35-44,80.0,Loan originated
1,805000.0,44,1005000.0,180.0,1,Not Hispanic or Latino,White,Male,25-34,80.0,Loan originated
1,395000.0,49,415000.0,103.0,1,Not Hispanic or Latino,Asian,Female,35-44,95.0,Loan originated
1,625000.0,45,1125000.0,166.0,1,Not Hispanic or Latino,Asian,Male,25-34,55.0,Application denied
1,315000.0,39,385000.0,76.0,1,Hispanic or Latino,White,Female,35-44,82.789,Loan originated
1,775000.0,41,1295000.0,221.0,1,Not Hispanic or Latino,Asian,Female,35-44,59.689,Loan originated
1,715000.0,36,975000.0,208.0,1,Not Hispanic or Latino,Asian,Male,35-44,74.0,Loan originated
1,1565000.0,30%-<36%,1955000.0,423.0,1,Not Hispanic or Latino,White,Male,25-34,80.0,Loan originated
1,395000.0,42,415000.0,112.0,1,Not Hispanic or Latino,White,Male,45-54,100.0,Loan originated
1,405000.0,47,585000.0,106.0,1,Hispanic or Latino,White,Female,35-44,70.0,Loan originated
1,245000.0,46,305000.0,55.0,1,Not Hispanic or Latino,White,Female,45-54,80.0,Loan originated
1,355000.0,48,515000.0,93.0,1,Not Hispanic or Latino,Asian,Male,45-54,68.63,Loan originated
1,505000.0,44,525000.0,169.0,1,Not Hispanic or Latino,White,Female,35-44,97.0,Loan originated
1,475000.0,20%-<30%,595000.0,240.0,1,Hispanic or Latino,White,Male,45-54,80.0,Loan originated
1,755000.0,45,1105000.0,166.0,1,Not Hispanic or Latino,Asian,Female,25-34,68.326,Loan originated
1,605000.0,30%-<36%,755000.0,332.0,1,Not Hispanic or Latino,White,Male,55-64,80.0,Loan originated
1,705000.0,44,785000.0,198.0,1,Hispanic or Latino,White,Male,35-44,89.74,Loan originated
1,105000.0,20%-<30%,485000.0,105.0,1,Not Hispanic or Latino,White,Female,65-74,20.619,Loan originated
1,455000.0,30%-<36%,655000.0,144.0,1,Not Hispanic or Latino,White,Female,45-54,68.849,Loan originated
1,475000.0,40,975000.0,135.0,1,Not Hispanic or Latino,White,Male,35-44,48.93,Loan originated
1,265000.0,49,265000.0,57.0,1,Not Hispanic or Latino,Black or African American,Female,55-64,97.0,Loan originated
1,865000.0,20%-<30%,1855000.0,406.0,1,Not Hispanic or Latino,White,Female,55-64,46.903,Loan originated
1,615000.0,>60%,715000.0,187.0,1,Not Hispanic or Latino,Asian,Female,45-54,86.07,Application denied
1,125000.0,37,155000.0,52.0,1,Hispanic or Latino,White,Female,45-54,80.0,Loan originated
1,1125000.0,42,1405000.0,324.0,1,Not Hispanic or Latino,Asian,Male,25-34,80.0,Loan originated
1,165000.0,38,185000.0,91.0,1,Hispanic or Latino,White,Female,45-54,92.0,Loan originated
1,405000.0,30%-<36%,605000.0,140.0,1,Not Hispanic or Latino,White,Female,45-54,67.144,Loan originated
1,825000.0,44,1025000.0,275.0,1,Not Hispanic or Latino,White,Male,35-44,80.0,Loan originated
1,515000.0,39,545000.0,129.0,1,Hispanic or Latino,White,Male,25-34,95.0,Loan originated
1,485000.0,43,615000.0,129.0,1,Not Hispanic or Latino,Native Hawaiian or Other Pacific Islander,Male,45-54,80.0,Loan originated
1,525000.0,48,655000.0,142.0,1,Not Hispanic or Latino,White,Female,>74,79.992,Loan originated
1,325000.0,40,405000.0,85.0,1,Not Hispanic or Latino,White,Male,25-34,80.0,Loan originated
1,985000.0,20%-<30%,1235000.0,373.0,1,Not Hispanic or Latino,Asian,Male,25-34,80.0,Loan originated
1,425000.0,48,465000.0,98.0,1,Hispanic or Latino,White,Female,65-74,95.0,Loan originated
1,265000.0,45,325000.0,90.0,1,Not Hispanic or Latino,Asian,Female,35-44,80.0,Loan originated
1,225000.0,41,725000.0,111.0,1,Not Hispanic or Latino,White,Male,45-54,31.0,Loan originated
1,545000.0,20%-<30%,685000.0,166.0,1,Not Hispanic or Latino,Asian,Female,35-44,80.0,Loan originated
1,755000.0,48,785000.0,189.0,1,Not Hispanic or Latino,White,Male,25-34,95.0,Loan originated
1,535000.0,49,1915000.0,132.0,1,Not Hispanic or Latino,Asian,Male,25-34,28.06,Loan originated
1,805000.0,49,1265000.0,160.0,1,Not Hispanic or Latino,White,Male,25-34,63.571,Loan originated
1,125000.0,20%-<30%,355000.0,66.0,1,Not Hispanic or Latino,White,Male,25-34,34.286,Loan originated
1,595000.0,49,655000.0,216.0,1,Not Hispanic or Latino,White,Female,25-34,90.0,Loan originated
1,555000.0,36,905000.0,153.0,1,Not Hispanic or Latino,White,Male,55-64,61.453,Loan originated
1,995000.0,43,1105000.0,271.0,1,Not Hispanic or Latino,Asian,Male,25-34,89.994,Loan originated
1,485000.0,40,615000.0,274.0,1,Not Hispanic or Latino,White,Male,55-64,78.69,Loan originated
1,325000.0,48,445000.0,66.0,1,Hispanic or Latino,Asian,Female,25-34,74.0,Loan originated
1,445000.0,38,555000.0,108.0,1,Not Hispanic or Latino,Asian,Female,45-54,80.0,Loan originated
1,925000.0,20%-<30%,1155000.0,389.0,1,Hispanic or Latino,White,Male,35-44,80.0,Loan originated
1,765000.0,43,1025000.0,205.0,1,Not Hispanic or Latino,Asian,Female,25-34,74.562,Loan originated
1,255000.0,<20%,395000.0,188.0,1,Not Hispanic or Latino,Asian,Female,35-44,65.0,Loan originated
1,325000.0,44,365000.0,125.0,1,Not Hispanic or Latino,White,Female,65-74,90.0,Loan originated
1,1145000.0,40,1425000.0,285.0,1,Not Hispanic or Latino,White,Male,35-44,80.0,Loan originated
1,805000.0,30%-<36%,1185000.0,292.0,1,Not Hispanic or Latino,White,Female,45-54,67.797,Loan originated
1,455000.0,49,505000.0,114.0,1,Not Hispanic or Latino,White,Female,25-34,90.0,Loan originated
1,585000.0,47,715000.0,142.0,1,Not Hispanic or Latino,White,Male,35-44,102.556,Loan originated
1,105000.0,20%-<30%,195000.0,56.0,1,Not Hispanic or Latino,White,Female,65-74,53.03,Loan originated
1,345000.0,30%-<36%,595000.0,125.0,1,Not Hispanic or Latino,White,Female,35-44,57.699,Loan originated
1,375000.0,36,465000.0,161.0,1,Hispanic or Latino,White,Male,45-54,80.0,Loan originated
1,385000.0,44,555000.0,86.0,1,Not Hispanic or Latino,White,Male,25-34,88.0,Loan originated
1,455000.0,30%-<36%,655000.0,140.0,1,Not Hispanic or Latino,Asian,Female,25-34,70.0,Loan originated
1,385000.0,41,545000.0,89.0,1,Not Hispanic or Latino,Asian,Male,35-44,70.0,Loan originated
1,1005000.0,37,1575000.0,405.0,1,Not Hispanic or Latino,White,Male,45-54,63.49,Loan originated
1,475000.0,48,1325000.0,220.0,1,Not Hispanic or Latino,Asian,Male,35-44,36.54,Loan originated
1,975000.0,20%-<30%,1225000.0,516.0,1,Hispanic or Latino,Asian,Female,45-54,80.0,Loan originated
1,205000.0,49,315000.0,497.0,1,Not Hispanic or Latino,White,Male,35-44,64.516,Loan originated
1,525000.0,30%-<36%,545000.0,151.0,1,Hispanic or Latino,White,Male,25-34,100.0,Loan originated
1,705000.0,49,1345000.0,141.0,1,Not Hispanic or Latino,Asian,Male,45-54,51.928,Loan originated
1,395000.0,40,485000.0,102.0,1,Not Hispanic or Latino,White,Female,45-54,80.0,Loan originated
1,655000.0,46,1025000.0,206.0,1,Hispanic or Latino,White,Male,55-64,63.415,Loan originated
1,365000.0,45,465000.0,172.0,1,Hispanic or Latino,White,Female,25-34,80.0,Loan originated
1,715000.0,30%-<36%,795000.0,206.0,1,Not Hispanic or Latino,Asian,Male,25-34,89.989,Loan originated
1,495000.0,45,555000.0,107.0,1,Hispanic or Latino,White,Male,25-34,90.0,Loan originated
1,385000.0,20%-<30%,475000.0,159.0,1,Not Hispanic or Latino,White,Male,25-34,80.0,Loan originated
1,285000.0,36,785000.0,220.0,1,Not Hispanic or Latino,Asian,Male,55-64,35.95,Loan originated
1,495000.0,47,655000.0,154.0,1,Hispanic or Latino,Asian,Female,45-54,75.0,Loan originated
1,705000.0,30%-<36%,905000.0,225.0,1,Not Hispanic or Latino,Asian,Female,35-44,78.0,Loan originated
1,355000.0,20%-<30%,1605000.0,209.0,1,Not Hispanic or Latino,Asian,Female,35-44,21.875,Loan originated
1,855000.0,40,1005000.0,204.0,1,Not Hispanic or Latino,White,Female,35-44,85.0,Loan originated
1,755000.0,<20%,885000.0,1349.0,1,Not Hispanic or Latino,Asian,Female,45-54,85.0,Loan originated
1,485000.0,20%-<30%,615000.0,247.0,1,Not Hispanic or Latino,White,Female,45-54,80.0,Loan originated
1,305000.0,30%-<36%,1935000.0,275.0,1,Not Hispanic or Latino,Asian,Female,35-44,15.544,Loan originated
1,395000.0,39,565000.0,152.0,1,Hispanic or Latino,White,Male,45-54,70.0,Loan originated
1,455000.0,30%-<36%,505000.0,135.0,1,Hispanic or Latino,White,Male,35-44,90.0,Loan originated
1,425000.0,41,535000.0,164.0,1,Not Hispanic or Latino,Asian,Male,35-44,80.0,Loan originated
1,725000.0,47,905000.0,150.0,1,Not Hispanic or Latino,White,Male,35-44,80.0,Loan originated
1,375000.0,20%-<30%,1625000.0,247.0,1,Not Hispanic or Latino,White,Male,25-34,24.0,Loan originated
1,995000.0,43,1255000.0,241.0,1,Not Hispanic or Latino,Asian,Male,55-64,79.857,Loan originated
1,315000.0,30%-<36%,585000.0,195.0,1,Not Hispanic or Latino,White,Male,25-34,53.846,Loan originated
1,605000.0,30%-<36%,765000.0,300.0,1,Not Hispanic or Latino,Asian,Male,45-54,80.0,Loan originated
1,675000.0,49,1155000.0,232.0,1,Not Hispanic or Latino,White,Female,55-64,58.26,Application denied
1,245000.0,<20%,745000.0,476.0,1,Not Hispanic or Latino,Asian,Male,35-44,32.89,Loan originated
1,325000.0,48,405000.0,90.0,1,Hispanic or Latino,White,Male,25-34,80.0,Loan originated
1,285000.0,44,325000.0,76.0,1,Not Hispanic or Latino,White,Female,65-74,88.75,Loan originated
1,305000.0,39,385000.0,175.0,1,Hispanic or Latino,White,Male,55-64,80.0,Loan originated
1,1005000.0,48,2705000.0,225.0,1,Not Hispanic or Latino,White,Male,35-44,37.037,Loan originated
1,665000.0,48,735000.0,157.0,1,Not Hispanic or Latino,White,Male,45-54,90.0,Loan originated
1,305000.0,20%-<30%,655000.0,150.0,1,Not Hispanic or Latino,Asian,Male,35-44,46.646,Loan originated
1,725000.0,30%-<36%,865000.0,196.0,1,Not Hispanic or Latino,Asian,Male,35-44,83.537,Loan originated
1,1125000.0,49,1405000.0,224.0,1,Not Hispanic or Latino,Asian,Male,35-44,80.0,Loan originated
1,665000.0,30%-<36%,695000.0,324.0,1,Not Hispanic or Latino,Asian,Male,45-54,95.0,Loan originated
1,765000.0,41,1115000.0,247.0,1,Not Hispanic or Latino,Black or African American,Male,35-44,69.045,Loan originated
1,845000.0,20%-<30%,1215000.0,374.0,1,Not Hispanic or Latino,White,Female,45-54,70.0,Loan originated
1,655000.0,48,1055000.0,217.0,1,Not Hispanic or Latino,White,Female,35-44,61.905,Loan originated
1,785000.0,50%-60%,1045000.0,166.0,1,Not Hispanic or Latino,Asian,Male,45-54,75.0,Application denied
1,745000.0,39,835000.0,285.0,1,Not Hispanic or Latino,Asian,Male,45-54,89.9,Loan originated
1,345000.0,30%-<36%,365000.0,166.0,1,Not Hispanic or Latino,Asian,Male,25-34,95.0,Loan originated
1,1015000.0,39,1455000.0,34.0,1,Not Hispanic or Latino,White,Male,65-74,70.0,Loan originated
1,1145000.0,30%-<36%,1425000.0,424.0,1,Not Hispanic or Latino,White,Male,25-34,79.944,Loan originated
1,625000.0,36,1045000.0,183.0,1,Hispanic or Latino,White,Female,35-44,60.0,Loan originated
1,585000.0,<20%,655000.0,1655.0,1,Hispanic or Latino,White,Female,35-44,90.0,Loan originated
1,205000.0,49,675000.0,54.0,1,Not Hispanic or Latino,White,Male,45-54,30.102,Loan originated
1,745000.0,46,935000.0,205.0,1,Not Hispanic or Latino,Asian,Female,45-54,80.0,Loan originated
1,225000.0,46,625000.0,72.0,1,Not Hispanic or Latino,Asian,Male,55-64,35.2,Loan originated
1,375000.0,44,395000.0,79.0,1,Hispanic or Latino,White,Male,35-44,97.0,Loan originated
1,1045000.0,38,1305000.0,261.0,1,Not Hispanic or Latino,Asian,Female,25-34,79.93,Loan originated
1,595000.0,<20%,665000.0,616.0,1,Hispanic or Latino,White,Male,35-44,90.0,Loan originated
1,335000.0,48,375000.0,114.0,1,Hispanic or Latino,White,Male,35-44,90.0,Loan originated
1,885000.0,30%-<36%,1105000.0,326.0,1,Not Hispanic or Latino,White,Male,45-54,80.0,Loan originated
1,155000.0,20%-<30%,665000.0,111.0,1,Not Hispanic or Latino,White,Female,55-64,22.727,Loan originated
1,515000.0,49,935000.0,212.0,1,Not Hispanic or Latino,White,Female,55-64,54.66,Loan originated
1,995000.0,20%-<30%,1105000.0,505.0,1,Not Hispanic or Latino,White,Male,45-54,90.0,Loan originated
1,955000.0,30%-<36%,1195000.0,339.0,1,Not Hispanic or Latino,Asian,Male,25-34,80.0,Loan originated
1,175000.0,<20%,255000.0,135.0,1,Hispanic or Latino,White,Male,35-44,70.0,Loan originated
1,1145000.0,39,1685000.0,526.0,1,Hispanic or Latino,White,Male,55-64,89.99,Loan originated
1,105000.0,<20%,385000.0,99.0,1,Hispanic or Latino,White,Male,35-44,26.25,Loan originated
1,605000.0,46,755000.0,126.0,1,Not Hispanic or Latino,White,Female,35-44,80.0,Loan originated
1,205000.0,30%-<36%,335000.0,127.0,1,Not Hispanic or Latino,White,Female,55-64,60.606,Loan originated
1,955000.0,50%-60%,1275000.0,264.0,1,Not Hispanic or Latino,Black or African American,Female,45-54,74.765,Loan originated
1,995000.0,30%-<36%,1175000.0,293.0,1,Not Hispanic or Latino,Asian,Male,35-44,85.0,Loan originated
1,715000.0,37,955000.0,204.0,1,Not Hispanic or Latino,White,Male,65-74,75.0,Loan originated
1,815000.0,42,1365000.0,225.0,1,Not Hispanic or Latino,Asian,Female,45-54,60.0,Loan originated
1,675000.0,39,975000.0,208.0,1,Not Hispanic or Latino,Asian,Female,25-34,70.0,Loan originated
1,755000.0,30%-<36%,1505000.0,233.0,1,Not Hispanic or Latino,Asian,Male,25-34,50.0,Loan originated
1,485000.0,20%-<30%,1025000.0,208.0,1,Hispanic or Latino,American Indian or Alaska Native,Male,35-44,47.317,Loan originated
1,605000.0,45,755000.0,12.0,1,Not Hispanic or Latino,Asian,Female,55-64,80.0,Loan originated
1,425000.0,20%-<30%,565000.0,180.0,1,Not Hispanic or Latino,Asian,Female,25-34,75.0,Loan originated
1,275000.0,42,455000.0,69.0,1,Not Hispanic or Latino,White,Male,35-44,59.934,Loan originated
1,405000.0,49,645000.0,98.0,1,Hispanic or Latino,White,Female,25-34,63.371,Loan originated
1,305000.0,20%-<30%,595000.0,128.0,1,Not Hispanic or Latino,White,Female,65-74,50.787,Loan originated
1,155000.0,41,265000.0,44.0,1,Not Hispanic or Latino,White,Male,65-74,60.0,Loan originated
1,565000.0,20%-<30%,715000.0,207.0,1,Not Hispanic or Latino,White,Male,35-44,80.0,Loan originated
1,355000.0,49,755000.0,77.0,1,Not Hispanic or Latino,Asian,Male,65-74,46.667,Loan originated
1,735000.0,42,1685000.0,200.0,1,Not Hispanic or Latino,White,Male,25-34,43.452,Loan originated
1,885000.0,42,1105000.0,216.0,1,Not Hispanic or Latino,White,Female,45-54,80.0,Loan originated
1,355000.0,20%-<30%,375000.0,223.0,1,Not Hispanic or Latino,White,Male,45-54,95.0,Loan originated
1,675000.0,48,905000.0,194.0,1,Not Hispanic or Latino,Asian,Male,45-54,75.0,Loan originated
1,535000.0,49,775000.0,130.0,1,Not Hispanic or Latino,White,Male,25-34,68.387,Loan originated
1,585000.0,48,625000.0,121.0,1,Not Hispanic or Latino,Black or African American,Female,35-44,95.0,Loan originated
1,565000.0,43,1075000.0,128.0,1,Not Hispanic or Latino,Asian,Male,35-44,53.15,Loan originated
1,505000.0,40,1085000.0,204.0,1,Not Hispanic or Latino,Black or African American,Female,65-74,47.0,Loan originated
1,725000.0,42,1255000.0,201.0,1,Not Hispanic or Latino,Asian,Female,25-34,58.24,Loan originated
1,225000.0,30%-<36%,1955000.0,245.0,1,Not Hispanic or Latino,Asian,Female,45-54,90.0,Loan originated
1,645000.0,44,765000.0,153.0,1,Not Hispanic or Latino,White,Female,35-44,83.66,Loan originated
1,655000.0,47,725000.0,232.0,1,Not Hispanic or Latino,Asian,Male,35-44,90.0,Loan originated
1,765000.0,49,865000.0,297.0,1,Not Hispanic or Latino,White,Male,55-64,89.11,Loan originated
1,395000.0,38,665000.0,122.0,1,Not Hispanic or Latino,Asian,Female,55-64,60.0,Loan originated
1,675000.0,20%-<30%,1355000.0,300.0,1,Not Hispanic or Latino,Asian,Male,35-44,50.0,Loan originated
1,425000.0,30%-<36%,535000.0,235.0,1,Hispanic or Latino,White,Male,45-54,80.0,Loan originated
1,145000.0,20%-<30%,185000.0,116.0,1,Not Hispanic or Latino,White,Male,35-44,80.0,Loan originated
1,435000.0,49,585000.0,110.0,1,Not Hispanic or Latino,White,Female,45-54,75.0,Loan originated
1,955000.0,30%-<36%,1585000.0,508.0,1,Not Hispanic or Latino,Asian,Male,35-44,60.0,Loan originated
1,735000.0,20%-<30%,915000.0,429.0,1,Not Hispanic or Latino,White,Male,25-34,80.0,Loan originated
1,765000.0,43,875000.0,185.0,1,Not Hispanic or Latino,White,Male,25-34,87.17,Loan originated
1,615000.0,49,655000.0,127.0,1,Hispanic or Latino,White,Male,25-34,95.0,Loan originated
1,605000.0,43,635000.0,311.0,1,Not Hispanic or Latino,White,Female,>74,95.0,Loan originated
1,645000.0,46,915000.0,178.0,1,Not Hispanic or Latino,White,Female,35-44,70.0,Application denied
1,925000.0,43,1185000.0,195.0,1,Hispanic or Latino,White,Male,45-54,78.0,Loan originated
1,605000.0,43,765000.0,170.0,1,Not Hispanic or Latino,Asian,Male,35-44,80.0,Loan originated
1,125000.0,50%-60%,155000.0,291.0,1,Not Hispanic or Latino,White,Male,55-64,80.0,Loan originated
1,685000.0,30%-<36%,975000.0,221.0,1,Not Hispanic or Latino,Asian,Female,25-34,70.0,Loan originated
1,255000.0,30%-<36%,365000.0,103.0,1,Not Hispanic or Latino,White,Male,55-64,70.0,Loan originated
1,565000.0,45,595000.0,143.0,1,Not Hispanic or Latino,Asian,Male,25-34,95.0,Application denied
1,145000.0,20%-<30%,185000.0,90.0,1,Hispanic or Latino,White,Male,35-44,80.0,Loan originated
1,655000.0,30%-<36%,735000.0,254.0,1,Not Hispanic or Latino,Black or African American,Male,35-44,89.9,Loan originated
1,365000.0,49,465000.0,114.0,1,Not Hispanic or Latino,Asian,Female,25-34,78.0,Loan originated
1,635000.0,42,795000.0,132.0,1,Not Hispanic or Latino,White,Male,35-44,80.0,Loan originated
1,415000.0,30%-<36%,715000.0,190.0,1,Not Hispanic or Latino,Asian,Female,35-44,57.75,Loan originated
1,775000.0,40,965000.0,225.0,1,Not Hispanic or Latino,White,Female,45-54,80.0,Loan originated
1,185000.0,47,395000.0,52.0,1,Hispanic or Latino,White,Female,65-74,47.436,Loan originated
1,545000.0,36,785000.0,219.0,1,Not Hispanic or Latino,Asian,Male,35-44,70.0,Loan originated
1,305000.0,41,325000.0,86.0,1,Not Hispanic or Latino,Asian,Female,25-34,92.0,Loan originated
1,755000.0,<20%,1505000.0,908.0,1,Hispanic or Latino,White,Female,35-44,50.0,Loan originated
1,325000.0,20%-<30%,675000.0,124.0,1,Hispanic or Latino,White,Male,35-44,47.761,Loan originated
1,115000.0,49,1315000.0,54.0,1,Not Hispanic or Latino,Asian,Female,55-64,8.38,Loan originated
1,705000.0,20%-<30%,875000.0,249.0,1,Not Hispanic or Latino,White,Female,25-34,80.0,Loan originated
1,165000.0,30%-<36%,175000.0,110.0,1,Hispanic or Latino,White,Female,25-34,95.0,Loan originated
1,725000.0,44,815000.0,230.0,1,Hispanic or Latino,White,Female,45-54,89.0,Application denied
1,635000.0,49,795000.0,134.0,1,Not Hispanic or Latino,Asian,Male,25-34,80.0,Loan originated
1,605000.0,47,765000.0,198.0,1,Not Hispanic or Latino,Asian,Male,35-44,80.0,Loan originated
1,755000.0,42,1185000.0,189.0,1,Not Hispanic or Latino,White,Male,45-54,64.0,Loan originated
1,1005000.0,30%-<36%,1665000.0,225.0,1,Not Hispanic or Latino,Asian,Male,45-54,60.083,Loan originated
1,735000.0,49,915000.0,148.0,1,Not Hispanic or Latino,Asian,Male,35-44,79.855,Loan originated
1,295000.0,49,365000.0,82.0,1,Hispanic or Latino,White,Male,35-44,81.57,Loan originated
1,985000.0,20%-<30%,1225000.0,710.0,1,Not Hispanic or Latino,White,Male,45-54,80.0,Loan originated
1,375000.0,46,415000.0,111.0,1,Not Hispanic or Latino,White,Female,35-44,90.0,Loan originated
1,445000.0,47,595000.0,131.0,1,Not Hispanic or Latino,Asian,Male,25-34,75.0,Loan originated
1,405000.0,49,555000.0,80.0,1,Not Hispanic or Latino,White,Male,55-64,72.727,Loan originated
1,685000.0,30%-<36%,1735000.0,353.0,1,Not Hispanic or Latino,White,Female,55-64,40.0,Loan originated
1,365000.0,49,745000.0,83.0,1,Not Hispanic or Latino,White,Female,55-64,48.583,Loan originated
1,535000.0,37,715000.0,163.0,1,Not Hispanic or Latino,Asian,Female,25-34,75.0,Loan originated
1,825000.0,49,875000.0,221.0,1,Hispanic or Latino,White,Male,35-44,95.0,Loan originated
1,425000.0,49,475000.0,117.0,1,Hispanic or Latino,Asian,Female,25-34,90.0,Loan originated
1,585000.0,42,645000.0,143.0,1,Not Hispanic or Latino,2 or more minority races,Male,35-44,90.0,Loan originated
1,525000.0,20%-<30%,655000.0,279.0,1,Not Hispanic or Latino,White,Female,55-64,80.0,Loan originated
1,595000.0,48,705000.0,131.0,1,Hispanic or Latino,White,Female,35-44,85.0,Loan originated
1,585000.0,47,735000.0,147.0,1,Not Hispanic or Latino,Asian,Male,25-34,80.0,Loan originated
1,405000.0,30%-<36%,725000.0,157.0,1,Not Hispanic or Latino,White,Male,>74,55.621,Application denied
1,665000.0,49,705000.0,186.0,1,Hispanic or Latino,White,Female,55-64,95.0,Loan originated
1,495000.0,48,615000.0,225.0,1,Hispanic or Latino,White,Male,<25,80.0,Loan originated
1,535000.0,48,675000.0,145.0,1,Not Hispanic or Latino,White,Male,25-34,80.0,Loan originated
1,1005000.0,49,1745000.0,220.0,1,Not Hispanic or Latino,Asian,Male,35-44,57.471,Loan originated
1,395000.0,40,785000.0,163.0,1,Not Hispanic or Latino,White,Male,25-34,50.0,Loan originated
1,755000.0,41,885000.0,265.0,1,Not Hispanic or Latino,White,Male,45-54,85.0,Loan originated
1,505000.0,45,715000.0,240.0,1,Not Hispanic or Latino,White,Male,35-44,70.05,Application denied
1,605000.0,49,1385000.0,147.0,1,Not Hispanic or Latino,White,Female,25-34,43.841,Loan originated
1,635000.0,30%-<36%,705000.0,241.0,1,Not Hispanic or Latino,White,Male,45-54,90.0,Application denied
1,935000.0,43,1285000.0,222.0,1,Not Hispanic or Latino,Asian,Male,35-44,72.684,Loan originated
1,665000.0,41,725000.0,174.0,1,Not Hispanic or Latino,Asian,Female,25-34,92.0,Loan originated
1,445000.0,45,645000.0,189.0,1,Not Hispanic or Latino,White,Male,55-64,69.183,Loan originated
1,755000.0,30%-<36%,845000.0,260.0,1,Hispanic or Latino,White,Male,25-34,90.0,Loan originated
1,495000.0,42,515000.0,120.0,1,Hispanic or Latino,White,Female,25-34,97.0,Loan originated
1,765000.0,43,915000.0,272.0,1,Not Hispanic or Latino,White,Male,55-64,83.683,Loan originated
1,545000.0,40,685000.0,129.0,1,Hispanic or Latino,White,Female,35-44,80.0,Loan originated
1,1145000.0,49,1355000.0,390.0,1,Not Hispanic or Latino,White,Male,45-54,85.0,Loan originated
1,675000.0,42,745000.0,312.0,1,Not Hispanic or Latino,White,Male,45-54,90.0,Loan originated
1,275000.0,30%-<36%,645000.0,97.0,1,Not Hispanic or Latino,Black or African American,Female,65-74,42.807,Application denied
1,595000.0,48,795000.0,258.0,1,Not Hispanic or Latino,White,Male,35-44,75.0,Loan originated
1,755000.0,30%-<36%,3405000.0,439.0,1,Not Hispanic or Latino,White,Male,65-74,22.06,Loan originated
1,485000.0,47,515000.0,137.0,1,Hispanic or Latino,White,Male,25-34,95.0,Loan originated
1,485000.0,49,785000.0,105.0,1,Not Hispanic or Latino,White,Female,45-54,61.538,Loan originated
1,765000.0,41,905000.0,400.0,1,Not Hispanic or Latino,White,Male,45-54,84.66,Loan originated
1,325000.0,46,335000.0,94.0,1,Not Hispanic or Latino,White,Male,25-34,97.0,Loan originated
1,355000.0,43,455000.0,97.0,1,Not Hispanic or Latino,White,Male,35-44,77.778,Loan originated
1,555000.0,40,705000.0,160.0,1,Not Hispanic or Latino,White,Male,45-54,78.613,Loan originated
1,745000.0,48,935000.0,240.0,1,Not Hispanic or Latino,Asian,Male,35-44,79.99,Loan originated
1,405000.0,45,505000.0,141.0,1,Hispanic or Latino,White,Male,45-54,80.0,Loan originated
1,555000.0,44,735000.0,139.0,1,Not Hispanic or Latino,Asian,Male,35-44,75.0,Loan originated
1,1105000.0,30%-<36%,1295000.0,463.0,1,Not Hispanic or Latino,White,Male,45-54,85.0,Loan originated
1,535000.0,50%-60%,595000.0,104.0,1,Not Hispanic or Latino,Asian,Male,35-44,89.983,Loan originated
1,335000.0,20%-<30%,535000.0,137.0,1,Not Hispanic or Latino,White,Male,35-44,63.276,Loan originated
1,425000.0,50%-60%,435000.0,82.0,1,Hispanic or Latino,White,Female,25-34,97.0,Application denied
1,585000.0,43,615000.0,218.0,1,Not Hispanic or Latino,White,Female,25-34,95.0,Loan originated
1,605000.0,42,865000.0,336.0,1,Not Hispanic or Latino,Asian,Male,35-44,70.0,Loan originated
1,765000.0,46,1035000.0,179.0,1,Not Hispanic or Latino,White,Male,35-44,74.209,Loan originated
1,995000.0,42,1055000.0,244.0,1,Not Hispanic or Latino,Asian,Male,35-44,95.0,Loan originated
1,1145000.0,44,2155000.0,422.0,1,Not Hispanic or Latino,Asian,Male,45-54,54.0,Loan originated
1,1055000.0,<20%,2265000.0,0.0,1,Not Hispanic or Latino,Black or African American,Female,55-64,46.6,Application denied
1,485000.0,48,1175000.0,169.0,1,Not Hispanic or Latino,White,Male,35-44,41.316,Loan originated
1,415000.0,<20%,1585000.0,335.0,1,Not Hispanic or Latino,Asian,Male,35-44,25.87,Loan originated
1,1075000.0,20%-<30%,1345000.0,487.0,1,Not Hispanic or Latino,American Indian or Alaska Native,Female,25-34,80.0,Loan originated
1,385000.0,44,425000.0,85.0,1,Not Hispanic or Latino,White,Female,25-34,89.99,Loan originated
1,1075000.0,30%-<36%,1345000.0,419.0,1,Not Hispanic or Latino,Asian,Male,35-44,80.0,Loan originated
1,995000.0,46,1245000.0,220.0,1,Not Hispanic or Latino,Asian,Male,35-44,80.0,Loan originated
1,735000.0,30%-<36%,865000.0,270.0,1,Not Hispanic or Latino,Asian,Female,25-34,85.0,Loan originated
1,405000.0,49,735000.0,146.0,1,Not Hispanic or Latino,Asian,Male,35-44,54.795,Loan originated
1,495000.0,30%-<36%,615000.0,233.0,1,Not Hispanic or Latino,Asian,Male,25-34,80.0,Loan originated
1,355000.0,30%-<36%,505000.0,98.0,1,Hispanic or Latino,White,Male,35-44,70.0,Loan originated
1,775000.0,42,975000.0,270.0,1,Hispanic or Latino,White,Male,55-64,80.0,Loan originated
1,155000.0,20%-<30%,705000.0,123.0,1,Not Hispanic or Latino,Asian,Female,45-54,21.43,Loan originated
1,135000.0,30%-<36%,635000.0,92.0,1,Not Hispanic or Latino,White,Male,25-34,21.26,Loan originated
1,105000.0,>60%,305000.0,59.0,1,Not Hispanic or Latino,White,Female,>74,33.33,Loan originated
1,795000.0,20%-<30%,1145000.0,343.0,1,Not Hispanic or Latino,Asian,Male,45-54,70.0,Loan originated
1,1105000.0,30%-<36%,1385000.0,412.0,1,Not Hispanic or Latino,White,Male,45-54,80.0,Loan originated
1,435000.0,50%-60%,555000.0,92.0,1,Not Hispanic or Latino,Asian,Male,25-34,80.0,Application denied
1,335000.0,49,355000.0,91.0,1,Hispanic or Latino,White,Female,35-44,95.0,Loan originated
1,245000.0,44,305000.0,63.0,1,Not Hispanic or Latino,2 or more minority races,Female,<25,80.0,Loan originated
1,655000.0,46,825000.0,444.0,1,Not Hispanic or Latino,Asian,Female,35-44,80.0,Loan originated
1,715000.0,38,1105000.0,262.0,1,Hispanic or Latino,White,Male,45-54,65.227,Loan originated
1,1015000.0,42,1275000.0,255.0,1,Not Hispanic or Latino,Asian,Male,35-44,79.69,Loan originated
1,45000.0,39,125000.0,47.0,1,Not Hispanic or Latino,Asian,Male,25-34,35.38,Application denied
1,505000.0,30%-<36%,985000.0,156.0,1,Not Hispanic or Latino,White,Male,25-34,50.761,Loan originated
1,495000.0,47,905000.0,17.0,1,Not Hispanic or Latino,Asian,Female,65-74,55.0,Loan originated
1,225000.0,30%-<36%,545000.0,71.0,1,Hispanic or Latino,White,Male,55-64,40.709,Loan originated
1,435000.0,45,725000.0,123.0,1,Not Hispanic or Latino,White,Male,65-74,60.42,Loan originated
1,395000.0,30%-<36%,685000.0,138.0,1,Not Hispanic or Latino,White,Female,25-34,77.51,Loan originated
1,145000.0,50%-60%,155000.0,84.0,1,Hispanic or Latino,White,Male,45-54,95.0,Application denied
1,395000.0,49,495000.0,74.0,1,Hispanic or Latino,White,Male,35-44,79.4,Loan originated
1,565000.0,30%-<36%,595000.0,224.0,1,Not Hispanic or Latino,White,Male,35-44,95.0,Loan originated
1,295000.0,30%-<36%,475000.0,118.0,1,Not Hispanic or Latino,Asian,Female,35-44,62.243,Loan originated
1,1145000.0,47,1855000.0,264.0,1,Not Hispanic or Latino,White,Male,35-44,62.1,Loan originated
1,295000.0,20%-<30%,595000.0,120.0,1,Not Hispanic or Latino,White,Female,55-64,49.424,Loan originated
1,935000.0,30%-<36%,1435000.0,467.0,1,Not Hispanic or Latino,White,Female,35-44,64.994,Loan originated
1,215000.0,50%-60%,555000.0,54.0,1,Hispanic or Latino,White,Male,55-64,37.838,Application denied
1,815000.0,20%-<30%,1165000.0,383.0,1,Hispanic or Latino,White,Male,25-34,70.095,Loan originated
1,1145000.0,30%-<36%,1435000.0,510.0,1,Not Hispanic or Latino,White,Female,25-34,80.0,Loan originated
1,555000.0,45,575000.0,120.0,1,Not Hispanic or Latino,White,Male,35-44,97.0,Loan originated
1,765000.0,43,995000.0,185.0,1,Not Hispanic or Latino,White,Male,35-44,76.9,Loan originated
1,555000.0,41,955000.0,153.0,1,Not Hispanic or Latino,Asian,Male,25-34,58.18,Loan originated
1,595000.0,<20%,1605000.0,648.0,1,Not Hispanic or Latino,Asian,Male,35-44,36.88,Loan originated
1,605000.0,39,755000.0,177.0,1,Not Hispanic or Latino,Asian,Male,45-54,80.0,Loan originated
1,145000.0,38,225000.0,66.0,1,Not Hispanic or Latino,White,Female,35-44,65.86,Loan originated
1,485000.0,30%-<36%,505000.0,148.0,1,Hispanic or Latino,White,Male,55-64,97.0,Loan originated
1,845000.0,39,1055000.0,275.0,1,Not Hispanic or Latino,White,Male,25-34,80.0,Loan originated
1,755000.0,43,835000.0,151.0,1,Not Hispanic or Latino,Asian,Male,35-44,90.0,Loan originated
1,645000.0,38,805000.0,162.0,1,Not Hispanic or Latino,Asian,Male,25-34,80.0,Loan originated
1,765000.0,30%-<36%,1305000.0,257.0,1,Not Hispanic or Latino,Asian,Female,65-74,59.0,Loan originated
1,655000.0,49,875000.0,202.0,1,Not Hispanic or Latino,Asian,Male,45-54,74.371,Loan originated
1,995000.0,40,1225000.0,359.0,1,Not Hispanic or Latino,White,Female,35-44,89.99,Application denied
1,675000.0,>60%,745000.0,224.0,1,Not Hispanic or Latino,Asian,Male,35-44,90.0,Application denied
1,475000.0,44,905000.0,104.0,1,Not Hispanic or Latino,Asian,Female,25-34,52.56,Application denied
1,475000.0,43,595000.0,128.0,1,Hispanic or Latino,White,Male,25-34,80.0,Loan originated
1,355000.0,39,485000.0,99.0,1,Hispanic or Latino,White,Female,35-44,75.0,Loan originated
1,355000.0,47,555000.0,176.0,1,Not Hispanic or Latino,White,Female,45-54,63.64,Loan originated
1,305000.0,>60%,505000.0,6.0,1,Not Hispanic or Latino,Asian,Female,<25,60.396,Application denied
1,215000.0,20%-<30%,255000.0,90.0,1,Hispanic or Latino,White,Male,25-34,83.333,Loan originated
1,25000.0,<20%,775000.0,198.0,1,Not Hispanic or Latino,White,Female,25-34,98.0,Loan originated
1,455000.0,47,485000.0,88.0,1,Not Hispanic or Latino,White,Male,35-44,94.0,Loan originated
1,245000.0,42,245000.0,62.0,1,Not Hispanic or Latino,Black or African American,Female,>74,100.0,Loan originated
1,785000.0,41,1785000.0,238.0,1,Not Hispanic or Latino,White,Male,55-64,43.83,Loan originated
1,185000.0,30%-<36%,195000.0,58.0,1,Not Hispanic or Latino,White,Male,25-34,95.0,Application denied
1,825000.0,44,1105000.0,228.0,1,Not Hispanic or Latino,Asian,Female,25-34,75.0,Loan originated
1,555000.0,44,695000.0,160.0,1,Not Hispanic or Latino,Asian,Female,25-34,80.0,Loan originated
1,455000.0,30%-<36%,475000.0,205.0,1,Not Hispanic or Latino,White,Female,35-44,95.0,Loan originated
1,135000.0,30%-<36%,165000.0,83.0,1,Not Hispanic or Latino,White,Female,25-34,100.0,Loan originated
1,765000.0,39,965000.0,189.0,1,Not Hispanic or Latino,Asian,Female,35-44,79.849,Loan originated
1,585000.0,47,965000.0,200.0,1,Not Hispanic or Latino,White,Female,55-64,60.938,Application denied
1,385000.0,>60%,425000.0,4.0,1,Not Hispanic or Latino,White,Female,25-34,90.0,Application denied
1,255000.0,45,1055000.0,93.0,1,Not Hispanic or Latino,White,Female,65-74,24.0,Loan originated
1,315000.0,48,335000.0,79.0,1,Not Hispanic or Latino,Black or African American,Female,25-34,100.994,Loan originated
1,545000.0,37,575000.0,157.0,1,Hispanic or Latino,White,Male,35-44,95.0,Loan originated
1,715000.0,42,845000.0,225.0,1,Not Hispanic or Latino,White,Female,35-44,85.0,Loan originated
1,185000.0,41,585000.0,60.0,1,Not Hispanic or Latino,Asian,Male,35-44,32.112,Loan originated
1,765000.0,39,955000.0,274.0,1,Not Hispanic or Latino,White,Male,25-34,80.0,Loan originated
1,705000.0,38,965000.0,256.0,1,Not Hispanic or Latino,Asian,Female,35-44,72.59,Loan originated
1,465000.0,45,515000.0,105.0,1,Not Hispanic or Latino,Asian,Male,35-44,89.99,Loan originated
1,1025000.0,>60%,1285000.0,232.0,1,Not Hispanic or Latino,White,Female,55-64,80.0,Application denied
1,245000.0,20%-<30%,485000.0,125.0,1,Not Hispanic or Latino,White,Male,55-64,50.0,Loan originated
1,535000.0,49,595000.0,111.0,1,Not Hispanic or Latino,White,Male,<25,90.0,Loan originated
1,295000.0,41,345000.0,78.0,1,Hispanic or Latino,White,Male,65-74,85.92,Loan originated
1,455000.0,30%-<36%,575000.0,133.0,1,Not Hispanic or Latino,White,Male,25-34,80.0,Loan originated
1,1115000.0,48,2235000.0,288.0,1,Not Hispanic or Latino,Asian,Male,35-44,49.664,Loan originated
1,1125000.0,49,1415000.0,211.0,1,Not Hispanic or Latino,Asian,Male,35-44,79.32,Loan originated
1,505000.0,37,855000.0,137.0,1,Not Hispanic or Latino,White,Male,35-44,58.824,Loan originated
1,335000.0,<20%,905000.0,249.0,1,Not Hispanic or Latino,White,Male,45-54,36.679,Loan originated
1,295000.0,37,955000.0,114.0,1,Not Hispanic or Latino,White,Female,65-74,30.24,Loan originated
1,235000.0,42,245000.0,88.0,1,Hispanic or Latino,White,Male,35-44,100.4,Loan originated
1,135000.0,30%-<36%,385000.0,120.0,1,Hispanic or Latino,White,Male,35-44,34.21,Loan originated
1,635000.0,20%-<30%,705000.0,268.0,1,Not Hispanic or Latino,Asian,Female,25-34,90.0,Loan originated
1,525000.0,41,655000.0,136.0,1,Not Hispanic or Latino,Asian,Male,25-34,80.0,Loan originated
1,495000.0,39,705000.0,186.0,1,Not Hispanic or Latino,Asian,Male,35-44,70.0,Loan originated
1,325000.0,30%-<36%,565000.0,1067.0,1,Hispanic or Latino,White,Male,45-54,57.54,Loan originated
1,155000.0,30%-<36%,285000.0,44.0,1,Hispanic or Latino,White,Female,45-54,89.29,Loan originated
1,525000.0,49,665000.0,144.0,1,Not Hispanic or Latino,Asian,Female,35-44,100.0,Loan originated
1,605000.0,43,1185000.0,171.0,1,Not Hispanic or Latino,Asian,Female,25-34,50.847,Loan originated
1,525000.0,30%-<36%,655000.0,155.0,1,Not Hispanic or Latino,White,Male,55-64,80.0,Loan originated
1,605000.0,39,955000.0,172.0,1,Not Hispanic or Latino,Asian,Male,25-34,63.16,Loan originated
1,595000.0,41,745000.0,171.0,1,Not Hispanic or Latino,Asian,Male,<25,80.0,Loan originated
1,905000.0,49,2405000.0,420.0,1,Not Hispanic or Latino,Asian,Male,65-74,37.5,Loan originated
1,435000.0,49,465000.0,90.0,1,Hispanic or Latino,White,Male,25-34,95.0,Loan originated
1,315000.0,48,435000.0,62.0,1,Not Hispanic or Latino,Asian,Male,45-54,72.09,Loan originated
1,275000.0,20%-<30%,345000.0,168.0,1,Hispanic or Latino,White,Female,25-34,80.0,Loan originated
1,945000.0,50%-60%,995000.0,205.0,1,Not Hispanic or Latino,Asian,Male,35-44,95.0,Application denied
1,605000.0,44,1205000.0,169.0,1,Not Hispanic or Latino,White,Male,25-34,50.0,Loan originated
1,495000.0,42,615000.0,140.0,1,Hispanic or Latino,White,Female,45-54,80.0,Loan originated
1,345000.0,49,975000.0,279.0,1,Not Hispanic or Latino,White,Female,65-74,34.872,Loan originated
1,465000.0,45,525000.0,103.0,1,Hispanic or Latino,White,Male,25-34,88.626,Loan originated
1,425000.0,20%-<30%,925000.0,218.0,1,Not Hispanic or Latino,Asian,Female,25-34,45.652,Loan originated
1,225000.0,36,645000.0,79.0,1,Not Hispanic or Latino,White,Male,45-54,34.375,Loan originated
1,365000.0,44,375000.0,92.0,1,Hispanic or Latino,White,Male,35-44,97.0,Loan originated
1,735000.0,36,825000.0,383.0,1,Not Hispanic or Latino,Asian,Male,45-54,90.0,Loan originated
1,255000.0,30%-<36%,655000.0,95.0,1,Not Hispanic or Latino,White,Female,45-54,39.0,Loan originated
1,275000.0,41,575000.0,102.0,1,Hispanic or Latino,White,Male,45-54,48.21,Loan originated
1,875000.0,42,1505000.0,229.0,1,Not Hispanic or Latino,Asian,Female,25-34,58.21,Loan originated
1,455000.0,45,465000.0,109.0,1,Hispanic or Latino,White,Male,25-34,97.0,Loan originated
1,535000.0,48,835000.0,222.0,1,Not Hispanic or Latino,White,Male,25-34,64.072,Loan originated
1,605000.0,>60%,645000.0,108.0,1,Hispanic or Latino,White,Male,45-54,95.0,Application denied
1,1005000.0,20%-<30%,1715000.0,395.0,1,Not Hispanic or Latino,Asian,Male,35-44,58.48,Loan originated
1,675000.0,48,845000.0,126.0,1,Not Hispanic or Latino,White,Male,35-44,80.0,Loan originated
1,425000.0,46,565000.0,150.0,1,Not Hispanic or Latino,Asian,Female,45-54,75.0,Loan originated
1,675000.0,49,715000.0,155.0,1,Not Hispanic or Latino,Black or African American,Male,25-34,95.0,Loan originated
1,285000.0,20%-<30%,355000.0,117.0,1,Not Hispanic or Latino,White,Male,25-34,80.0,Loan originated
1,655000.0,42,825000.0,142.0,1,Not Hispanic or Latino,Asian,Female,45-54,80.0,Loan originated
1,585000.0,30%-<36%,925000.0,209.0,1,Not Hispanic or Latino,Asian,Female,35-44,65.0,Loan originated
1,405000.0,30%-<36%,415000.0,132.0,1,Not Hispanic or Latino,Asian,Male,<25,97.0,Loan originated
1,525000.0,39,655000.0,117.0,1,Not Hispanic or Latino,White,Female,35-44,80.0,Loan originated
1,1015000.0,42,1265000.0,259.0,1,Hispanic or Latino,White,Male,45-54,80.0,Loan originated
1,355000.0,49,945000.0,83.0,1,Not Hispanic or Latino,White,Female,45-54,37.632,Loan originated
1,655000.0,42,825000.0,185.0,1,Not Hispanic or Latino,White,Male,25-34,80.0,Loan originated
1,435000.0,43,1135000.0,195.0,1,Not Hispanic or Latino,White,Female,25-34,38.05,Loan originated
1,1015000.0,>60%,1135000.0,247.0,1,Not Hispanic or Latino,Asian,Male,45-54,90.0,Application denied
1,535000.0,38,635000.0,149.0,1,Hispanic or Latino,White,Female,25-34,85.0,Loan originated
1,295000.0,43,305000.0,72.0,1,Hispanic or Latino,White,Male,65-74,100.0,Loan originated
1,455000.0,36,615000.0,141.0,1,Not Hispanic or Latino,Black or African American,Male,25-34,75.0,Loan originated
1,885000.0,42,1105000.0,299.0,1,Not Hispanic or Latino,Asian,Male,45-54,80.0,Loan originated
1,455000.0,41,655000.0,132.0,1,Not Hispanic or Latino,White,Male,25-34,70.0,Loan originated
1,505000.0,43,535000.0,125.0,1,Not Hispanic or Latino,Black or African American,Female,25-34,95.0,Loan originated
1,495000.0,48,705000.0,166.0,1,Not Hispanic or Latino,White,Female,45-54,70.0,Application denied
1,385000.0,50%-60%,405000.0,68.0,1,Hispanic or Latino,White,Male,35-44,97.0,Loan originated
1,405000.0,30%-<36%,505000.0,268.0,1,Not Hispanic or Latino,Asian,Male,35-44,80.0,Loan originated
1,275000.0,41,325000.0,96.0,1,Hispanic or Latino,White,Male,35-44,85.0,Loan originated
1,675000.0,48,795000.0,154.0,1,Hispanic or Latino,White,Female,45-54,85.0,Loan originated
1,605000.0,49,805000.0,159.0,1,Not Hispanic or Latino,White,Male,35-44,75.0,Loan originated
1,335000.0,20%-<30%,375000.0,198.0,1,Not Hispanic or Latino,White,Male,65-74,90.0,Loan originated
1,665000.0,46,835000.0,201.0,1,Hispanic or Latino,White,Female,35-44,80.0,Loan originated
1,255000.0,20%-<30%,275000.0,184.0,1,Not Hispanic or Latino,White,Female,45-54,95.79,Application denied
1,525000.0,<20%,675000.0,362.0,1,Not Hispanic or Latino,White,Male,35-44,77.778,Loan originated
1,465000.0,47,1175000.0,166.0,1,Not Hispanic or Latino,White,Male,>74,40.0,Loan originated
1,815000.0,42,1265000.0,200.0,1,Not Hispanic or Latino,Asian,Female,35-44,65.0,Loan originated
1,475000.0,38,505000.0,125.0,1,Hispanic or Latino,White,Male,25-34,95.0,Loan originated
1,225000.0,49,275000.0,249.0,1,Hispanic or Latino,White,Male,45-54,80.0,Loan originated
1,245000.0,30%-<36%,275000.0,85.0,1,Hispanic or Latino,White,Female,25-34,88.889,Loan originated
1,1015000.0,44,1135000.0,314.0,1,Not Hispanic or Latino,Asian,Female,25-34,90.0,Loan originated
1,285000.0,44,305000.0,60.0,1,Hispanic or Latino,White,Male,25-34,94.8,Loan originated
1,365000.0,49,385000.0,101.0,1,Not Hispanic or Latino,Black or African American,Male,<25,95.0,Loan originated
1,345000.0,48,425000.0,125.0,1,Not Hispanic or Latino,White,Female,65-74,80.0,Loan originated
1,415000.0,36,475000.0,165.0,1,Not Hispanic or Latino,White,Male,25-34,86.065,Loan originated
1,385000.0,38,475000.0,98.0,1,Hispanic or Latino,White,Female,35-44,80.0,Loan originated
1,965000.0,20%-<30%,1205000.0,343.0,1,Not Hispanic or Latino,Asian,Male,25-34,80.0,Loan originated
1,335000.0,20%-<30%,435000.0,81.0,1,Not Hispanic or Latino,White,Male,65-74,76.852,Loan originated
1,245000.0,46,335000.0,67.0,1,Hispanic or Latino,White,Male,25-34,97.0,Loan originated
1,1045000.0,40,1305000.0,335.0,1,Not Hispanic or Latino,Black or African American,Female,45-54,80.0,Application denied
1,445000.0,48,595000.0,228.0,1,Not Hispanic or Latino,White,Male,35-44,75.0,Loan originated
1,265000.0,44,275000.0,73.0,1,Hispanic or Latino,Black or African American,Female,35-44,97.0,Application denied
1,155000.0,20%-<30%,565000.0,94.0,1,Hispanic or Latino,White,Female,35-44,26.786,Loan originated
1,365000.0,42,385000.0,149.0,1,Not Hispanic or Latino,Asian,Male,<25,95.0,Loan originated
1,255000.0,49,655000.0,80.0,1,Hispanic or Latino,White,Male,35-44,56.0,Loan originated
1,105000.0,47,455000.0,34.0,1,Not Hispanic or Latino,White,Female,65-74,22.0,Loan originated
1,395000.0,49,415000.0,130.0,1,Not Hispanic or Latino,Native Hawaiian or Other Pacific Islander,Male,25-34,95.0,Loan originated
1,695000.0,42,715000.0,165.0,1,Not Hispanic or Latino,Black or African American,Male,25-34,97.0,Loan originated
1,505000.0,30%-<36%,565000.0,496.0,1,Not Hispanic or Latino,Asian,Male,25-34,90.0,Loan originated
1,555000.0,44,1755000.0,150.0,1,Not Hispanic or Latino,Asian,Male,35-44,31.429,Loan originated
1,565000.0,44,755000.0,146.0,1,Not Hispanic or Latino,Asian,Male,35-44,95.014,Loan originated
1,805000.0,47,1005000.0,285.0,1,Not Hispanic or Latino,White,Female,45-54,80.0,Loan originated
1,405000.0,43,575000.0,139.0,1,Hispanic or Latino,White,Male,35-44,70.0,Loan originated
1,445000.0,49,475000.0,102.0,1,Not Hispanic or Latino,Asian,Male,35-44,95.0,Loan originated
1,885000.0,44,1105000.0,284.0,1,Not Hispanic or Latino,White,Male,45-54,80.0,Loan originated
1,505000.0,45,1015000.0,140.0,1,Not Hispanic or Latino,White,Female,65-74,49.06,Application denied
1,325000.0,30%-<36%,345000.0,101.0,1,Not Hispanic or Latino,White,Male,25-34,95.0,Loan originated
1,565000.0,47,755000.0,123.0,1,Hispanic or Latino,White,Female,35-44,75.0,Loan originated
1,255000.0,38,485000.0,76.0,1,Not Hispanic or Latino,White,Female,65-74,52.268,Loan originated
1,765000.0,45,1235000.0,173.0,1,Not Hispanic or Latino,Asian,Female,25-34,62.005,Loan originated
1,205000.0,30%-<36%,755000.0,93.0,1,Not Hispanic or Latino,White,Female,>74,26.49,Loan originated
1,305000.0,49,365000.0,59.0,1,Not Hispanic or Latino,White,Female,25-34,85.0,Loan originated
1,405000.0,20%-<30%,505000.0,141.0,1,Not Hispanic or Latino,Asian,Female,55-64,80.0,Loan originated
1,205000.0,39,255000.0,56.0,1,Not Hispanic or Latino,White,Male,<25,80.0,Loan originated
1,705000.0,30%-<36%,1205000.0,375.0,1,Not Hispanic or Latino,White,Male,35-44,59.0,Loan originated
1,505000.0,49,595000.0,118.0,1,Not Hispanic or Latino,White,Male,25-34,84.975,Loan originated
1,275000.0,42,345000.0,84.0,1,Not Hispanic or Latino,White,Male,25-34,80.0,Loan originated
1,685000.0,30%-<36%,915000.0,206.0,1,Not Hispanic or Latino,Asian,Male,35-44,75.0,Loan originated
1,495000.0,42,625000.0,136.0,1,Hispanic or Latino,White,Male,35-44,80.0,Loan originated
1,655000.0,39,815000.0,168.0,1,Not Hispanic or Latino,Asian,Male,45-54,80.0,Loan originated
1,645000.0,48,755000.0,280.0,1,Not Hispanic or Latino,White,Female,35-44,85.0,Loan originated
1,385000.0,>60%,405000.0,131.0,1,Hispanic or Latino,White,Male,25-34,95.0,Application denied
1,665000.0,36,825000.0,202.0,1,Not Hispanic or Latino,Asian,Female,35-44,79.884,Loan originated
1,545000.0,49,635000.0,97.0,1,Not Hispanic or Latino,Asian,Female,25-34,84.99,Loan originated
1,775000.0,47,1275000.0,205.0,1,Not Hispanic or Latino,Asian,Male,45-54,60.392,Application denied
1,615000.0,30%-<36%,765000.0,305.0,1,Not Hispanic or Latino,Asian,Male,35-44,80.0,Loan originated
1,865000.0,50%-60%,1155000.0,221.0,1,Not Hispanic or Latino,White,Female,45-54,75.0,Application denied
1,225000.0,48,405000.0,70.0,1,Not Hispanic or Latino,White,Female,45-54,57.0,Loan originated
1,835000.0,20%-<30%,1115000.0,437.0,1,Hispanic or Latino,White,Male,35-44,75.0,Loan originated
1,235000.0,49,785000.0,81.0,1,Not Hispanic or Latino,White,Female,65-74,29.493,Loan originated
1,295000.0,20%-<30%,315000.0,140.0,1,Hispanic or Latino,White,Male,35-44,95.0,Loan originated
1,625000.0,30%-<36%,785000.0,200.0,1,Not Hispanic or Latino,Black or African American,Female,35-44,80.0,Loan originated
1,985000.0,49,1165000.0,230.0,1,Not Hispanic or Latino,Asian,Male,25-34,85.0,Loan originated
1,355000.0,36,1425000.0,150.0,1,Not Hispanic or Latino,White,Male,55-64,24.561,Loan originated
1,755000.0,39,1135000.0,189.0,1,Not Hispanic or Latino,White,Male,65-74,65.85,Loan originated
1,245000.0,20%-<30%,335000.0,95.0,1,Not Hispanic or Latino,White,Female,35-44,74.0,Loan originated
1,605000.0,48,765000.0,314.0,1,Not Hispanic or Latino,White,Female,65-74,80.0,Loan originated
1,575000.0,49,725000.0,159.0,1,Not Hispanic or Latino,Asian,Male,35-44,79.75,Loan originated
1,645000.0,43,685000.0,158.0,1,Not Hispanic or Latino,Asian,Female,35-44,95.0,Loan originated
1,655000.0,48,695000.0,140.0,1,Not Hispanic or Latino,White,Male,<25,95.0,Loan originated
1,165000.0,49,205000.0,48.0,1,Hispanic or Latino,White,Female,55-64,80.0,Loan originated
1,925000.0,46,1155000.0,244.0,1,Not Hispanic or Latino,Asian,Female,35-44,80.0,Loan originated
1,285000.0,42,355000.0,75.0,1,Not Hispanic or Latino,Asian,Male,55-64,80.0,Loan originated
1,95000.0,42,105000.0,78.0,1,Not Hispanic or Latino,Asian,Male,45-54,95.0,Loan originated
1,805000.0,36,1325000.0,324.0,1,Not Hispanic or Latino,Asian,Male,45-54,61.0,Loan originated
1,425000.0,49,525000.0,119.0,1,Not Hispanic or Latino,Asian,Female,25-34,80.0,Loan originated
1,405000.0,20%-<30%,455000.0,324.0,1,Not Hispanic or Latino,Asian,Male,25-34,88.83,Loan originated
1,545000.0,48,565000.0,154.0,1,Not Hispanic or Latino,Asian,Female,25-34,95.0,Loan originated
1,255000.0,50%-60%,265000.0,115.0,1,Not Hispanic or Latino,White,Female,35-44,95.0,Application denied
1,565000.0,39,615000.0,156.0,1,Not Hispanic or Latino,Asian,Female,25-34,91.803,Loan originated
1,495000.0,44,655000.0,174.0,1,Not Hispanic or Latino,Asian,Female,25-34,75.0,Loan originated
1,575000.0,30%-<36%,605000.0,275.0,1,Not Hispanic or Latino,Asian,Male,35-44,95.0,Loan originated
1,585000.0,38,615000.0,187.0,1,Hispanic or Latino,White,Male,35-44,95.0,Loan originated
1,495000.0,43,585000.0,170.0,1,Not Hispanic or Latino,White,Female,55-64,85.012,Loan originated
1,445000.0,40,505000.0,113.0,1,Not Hispanic or Latino,White,Female,25-34,87.878,Loan originated
1,485000.0,44,645000.0,367.0,1,Hispanic or Latino,White,Male,45-54,75.0,Loan originated
1,155000.0,46,305000.0,35.0,1,Not Hispanic or Latino,White,Female,25-34,50.0,Loan originated
1,665000.0,20%-<30%,825000.0,205.0,1,Not Hispanic or Latino,White,Female,25-34,80.0,Loan originated
1,765000.0,36,975000.0,243.0,1,Not Hispanic or Latino,Asian,Male,35-44,78.969,Loan originated
1,115000.0,<20%,445000.0,83.0,1,Not Hispanic or Latino,White,Male,65-74,26.136,Loan originated
1,1105000.0,48,1575000.0,374.0,1,Not Hispanic or Latino,White,Male,45-54,69.841,Loan originated
1,545000.0,49,675000.0,207.0,1,Not Hispanic or Latino,Asian,Male,25-34,80.0,Loan originated
1,205000.0,47,625000.0,62.0,1,Hispanic or Latino,Asian,Female,35-44,31.837,Loan originated
1,1005000.0,48,1405000.0,263.0,1,Hispanic or Latino,White,Male,45-54,71.429,Loan originated
1,525000.0,<20%,655000.0,456.0,1,Not Hispanic or Latino,White,Female,45-54,80.0,Loan originated
1,505000.0,30%-<36%,985000.0,378.0,1,Not Hispanic or Latino,White,Female,55-64,50.754,Loan originated
1,365000.0,47,455000.0,103.0,1,Not Hispanic or Latino,White,Female,35-44,100.0,Loan originated
1,935000.0,20%-<30%,1165000.0,422.0,1,Not Hispanic or Latino,White,Male,35-44,80.0,Loan originated
1,765000.0,48,955000.0,266.0,1,Not Hispanic or Latino,White,Male,65-74,80.0,Loan originated
1,675000.0,46,845000.0,172.0,1,Hispanic or Latino,White,Male,55-64,80.0,Loan originated
1,385000.0,42,405000.0,87.0,1,Hispanic or Latino,White,Female,25-34,95.0,Loan originated
1,565000.0,47,705000.0,140.0,1,Not Hispanic or Latino,Asian,Male,35-44,80.0,Loan originated
1,205000.0,30%-<36%,565000.0,128.0,1,Not Hispanic or Latino,White,Female,45-54,35.714,Loan originated
1,1055000.0,30%-<36%,1165000.0,453.0,1,Hispanic or Latino,White,Male,25-34,90.0,Loan originated
1,125000.0,37,155000.0,72.0,1,Hispanic or Latino,White,Male,25-34,80.0,Application denied
1,795000.0,47,885000.0,191.0,1,Hispanic or Latino,White,Male,55-64,90.0,Application denied
1,485000.0,20%-<30%,645000.0,152.0,1,Hispanic or Latino,White,Male,25-34,75.0,Loan originated
1,695000.0,36,775000.0,310.0,1,Hispanic or Latino,White,Female,45-54,90.0,Loan originated
1,175000.0,30%-<36%,425000.0,168.0,1,Hispanic or Latino,American Indian or Alaska Native,Male,45-54,40.476,Loan originated
1,15000.0,>60%,385000.0,61.0,1,Hispanic or Latino,White,Male,45-54,100.0,Application denied
1,525000.0,48,555000.0,123.0,1,Hispanic or Latino,White,Female,35-44,95.0,Loan originated
1,1055000.0,30%-<36%,1525000.0,626.0,1,Not Hispanic or Latino,White,Male,45-54,70.0,Loan originated
1,235000.0,39,925000.0,106.0,1,Not Hispanic or Latino,White,Female,35-44,71.48,Loan originated
1,865000.0,44,915000.0,189.0,1,Hispanic or Latino,White,Male,35-44,95.0,Loan originated
1,495000.0,37,555000.0,140.0,1,Hispanic or Latino,White,Male,25-34,89.982,Application denied
1,555000.0,42,585000.0,123.0,1,Not Hispanic or Latino,White,Female,35-44,95.0,Loan originated
1,285000.0,38,605000.0,90.0,1,Not Hispanic or Latino,Asian,Male,25-34,46.67,Loan originated
1,625000.0,47,735000.0,140.0,1,Not Hispanic or Latino,White,Female,25-34,85.0,Application denied
1,765000.0,40,1275000.0,200.0,1,Not Hispanic or Latino,White,Male,45-54,60.0,Loan originated
1,205000.0,30%-<36%,805000.0,112.0,1,Not Hispanic or Latino,White,Female,65-74,25.186,Loan originated
1,495000.0,42,545000.0,109.0,1,Hispanic or Latino,Asian,Female,25-34,90.0,Loan originated
1,765000.0,36,855000.0,201.0,1,Not Hispanic or Latino,White,Male,25-34,90.18,Loan originated
1,285000.0,44,355000.0,83.0,1,Not Hispanic or Latino,White,Male,25-34,80.0,Loan originated
1,185000.0,20%-<30%,305000.0,195.0,1,Hispanic or Latino,White,Female,45-54,61.0,Loan originated
1,655000.0,43,815000.0,155.0,1,Not Hispanic or Latino,White,Male,35-44,80.0,Application denied
1,585000.0,40,835000.0,333.0,1,Not Hispanic or Latino,Asian,Female,<25,70.167,Loan originated
1,85000.0,44,95000.0,49.0,1,Not Hispanic or Latino,White,Female,35-44,95.0,Loan originated
1,285000.0,48,295000.0,67.0,1,Not Hispanic or Latino,Black or African American,Male,<25,97.0,Loan originated
1,265000.0,<20%,765000.0,296.0,1,Not Hispanic or Latino,White,Male,55-64,34.211,Loan originated
1,565000.0,45,595000.0,130.0,1,Hispanic or Latino,White,Male,25-34,95.0,Loan originated
1,645000.0,49,805000.0,162.0,1,Hispanic or Latino,White,Male,35-44,80.0,Loan originated
1,415000.0,45,515000.0,208.0,1,Not Hispanic or Latino,Asian,Male,45-54,80.0,Loan originated
1,355000.0,40,415000.0,111.0,1,Not Hispanic or Latino,White,Male,35-44,85.0,Loan originated
1,515000.0,44,595000.0,203.0,1,Not Hispanic or Latino,Asian,Male,35-44,86.555,Loan originated
1,415000.0,20%-<30%,955000.0,302.0,1,Not Hispanic or Latino,White,Male,55-64,43.16,Loan originated
1,515000.0,49,905000.0,118.0,1,Not Hispanic or Latino,Asian,Male,35-44,56.889,Loan originated
1,445000.0,41,525000.0,255.0,1,Not Hispanic or Latino,Black or African American,Female,35-44,85.0,Loan originated
1,595000.0,46,745000.0,159.0,1,Not Hispanic or Latino,White,Female,25-34,80.0,Loan originated
1,355000.0,42,515000.0,137.0,1,Hispanic or Latino,White,Male,35-44,70.0,Loan originated
1,405000.0,20%-<30%,1705000.0,288.0,1,Not Hispanic or Latino,White,Male,55-64,24.0,Loan originated
1,595000.0,30%-<36%,625000.0,183.0,1,Not Hispanic or Latino,White,Male,35-44,95.0,Loan originated
1,485000.0,39,635000.0,134.0,1,Not Hispanic or Latino,Black or African American,Female,35-44,76.0,Loan originated
1,1015000.0,43,1265000.0,268.0,1,Not Hispanic or Latino,Asian,Male,35-44,80.0,Loan originated
1,275000.0,38,395000.0,79.0,1,Not Hispanic or Latino,White,Female,35-44,70.0,Loan originated
1,575000.0,40,715000.0,158.0,1,Hispanic or Latino,White,Male,25-34,80.0,Application denied
1,755000.0,46,1105000.0,154.0,1,Not Hispanic or Latino,Asian,Female,55-64,68.0,Loan originated
1,315000.0,46,365000.0,70.0,1,Not Hispanic or Latino,2 or more minority races,Male,25-34,86.301,Loan originated
1,205000.0,>60%,815000.0,33.0,1,Not Hispanic or Latino,Asian,Male,55-64,24.579,Application denied
1,485000.0,44,505000.0,140.0,1,Hispanic or Latino,White,Male,45-54,99.97,Loan originated
1,765000.0,48,1005000.0,165.0,1,Not Hispanic or Latino,White,Male,25-34,77.0,Loan originated
1,405000.0,48,505000.0,85.0,1,Not Hispanic or Latino,Asian,Female,25-34,80.0,Loan originated
1,595000.0,45,735000.0,121.0,1,Not Hispanic or Latino,Asian,Male,25-34,80.0,Loan originated
1,975000.0,47,1855000.0,210.0,1,Not Hispanic or Latino,Asian,Male,25-34,52.43,Loan originated
1,1105000.0,30%-<36%,1235000.0,305.0,1,Not Hispanic or Latino,Asian,Male,25-34,90.0,Loan originated
1,845000.0,40,1305000.0,289.0,1,Hispanic or Latino,Asian,Male,55-64,65.0,Loan originated
1,345000.0,50%-60%,435000.0,116.0,1,Not Hispanic or Latino,White,Male,25-34,80.0,Loan originated
1,245000.0,42,255000.0,71.0,1,Not Hispanic or Latino,White,Female,25-34,100.0,Loan originated
1,805000.0,36,1075000.0,255.0,1,Not Hispanic or Latino,White,Female,35-44,75.0,Loan originated
1,705000.0,48,775000.0,175.0,1,Not Hispanic or Latino,Black or African American,Male,45-54,90.0,Loan originated
1,355000.0,20%-<30%,445000.0,118.0,1,Not Hispanic or Latino,White,Male,25-34,80.0,Loan originated
1,505000.0,49,525000.0,102.0,1,Hispanic or Latino,White,Male,55-64,95.0,Loan originated
1,645000.0,44,675000.0,194.0,1,Not Hispanic or Latino,White,Male,35-44,95.0,Loan originated
1,665000.0,20%-<30%,835000.0,326.0,1,Not Hispanic or Latino,Black or African American,Female,25-34,80.0,Loan originated
1,805000.0,45,1255000.0,182.0,1,Not Hispanic or Latino,White,Male,25-34,63.745,Loan originated
1,1145000.0,38,1495000.0,549.0,1,Hispanic or Latino,White,Female,55-64,78.0,Loan originated
1,485000.0,45,535000.0,116.0,1,Hispanic or Latino,White,Male,25-34,93.0,Loan originated
1,425000.0,47,815000.0,312.0,1,Not Hispanic or Latino,White,Male,45-54,52.18,Loan originated
1,715000.0,20%-<30%,795000.0,310.0,1,Not Hispanic or Latino,Black or African American,Female,35-44,90.0,Loan originated
1,765000.0,49,1205000.0,341.0,1,Hispanic or Latino,White,Male,35-44,63.39,Loan originated
1,725000.0,39,915000.0,253.0,1,Not Hispanic or Latino,White,Male,45-54,80.0,Loan originated
1,585000.0,45,605000.0,126.0,1,Hispanic or Latino,White,Male,25-34,97.0,Loan originated
1,385000.0,48,455000.0,80.0,1,Not Hispanic or Latino,White,Female,35-44,85.0,Loan originated
1,435000.0,41,485000.0,236.0,1,Not Hispanic or Latino,Asian,Female,35-44,90.0,Loan originated
1,525000.0,49,655000.0,111.0,1,Hispanic or Latino,White,Male,25-34,80.0,Loan originated
1,105000.0,<20%,255000.0,131.0,1,Hispanic or Latino,White,Female,25-34,40.0,Application denied
1,455000.0,45,605000.0,115.0,1,Not Hispanic or Latino,Black or African American,Female,35-44,75.0,Loan originated
1,155000.0,>60%,195000.0,0.0,1,Not Hispanic or Latino,White,Female,35-44,80.0,Application denied
1,545000.0,45,735000.0,139.0,1,Not Hispanic or Latino,Asian,Male,55-64,75.0,Loan originated
1,115000.0,<20%,615000.0,109.0,1,Not Hispanic or Latino,Asian,Male,55-64,18.699,Loan originated
1,55000.0,36,75000.0,104.0,1,Hispanic or Latino,White,Female,65-74,74.81,Loan originated
1,1145000.0,49,1425000.0,243.0,1,Not Hispanic or Latino,Asian,Male,35-44,80.0,Loan originated
1,645000.0,49,675000.0,151.0,1,Not Hispanic or Latino,Asian,Male,35-44,95.0,Loan originated
1,185000.0,<20%,435000.0,167.0,1,Not Hispanic or Latino,White,Female,55-64,41.883,Loan originated
1,505000.0,49,1505000.0,125.0,1,Not Hispanic or Latino,Asian,Female,25-34,33.333,Loan originated
1,775000.0,36,1505000.0,349.0,1,Not Hispanic or Latino,Asian,Female,25-34,51.333,Application denied
1,345000.0,44,685000.0,8.0,1,Not Hispanic or Latino,Asian,Female,35-44,50.15,Loan originated
1,335000.0,41,545000.0,94.0,1,Hispanic or Latino,White,Male,25-34,61.65,Loan originated
1,275000.0,<20%,315000.0,226.0,1,Not Hispanic or Latino,Asian,Female,25-34,89.984,Loan originated
1,165000.0,20%-<30%,215000.0,59.0,1,Not Hispanic or Latino,White,Male,65-74,80.0,Loan originated
1,405000.0,30%-<36%,485000.0,160.0,1,Not Hispanic or Latino,White,Male,55-64,84.433,Loan originated
1,955000.0,48,1705000.0,370.0,1,Not Hispanic or Latino,White,Female,55-64,55.882,Loan originated
1,615000.0,42,825000.0,156.0,1,Not Hispanic or Latino,White,Female,>74,75.0,Loan originated
1,305000.0,39,385000.0,69.0,1,Hispanic or Latino,White,Female,25-34,80.0,Loan originated
1,595000.0,47,635000.0,162.0,1,Hispanic or Latino,White,Male,25-34,95.0,Loan originated
1,365000.0,48,735000.0,83.0,1,Not Hispanic or Latino,Asian,Male,25-34,49.66,Loan originated
1,705000.0,43,2225000.0,204.0,1,Not Hispanic or Latino,Asian,Male,25-34,31.54,Loan originated
1,245000.0,37,395000.0,70.0,1,Not Hispanic or Latino,American Indian or Alaska Native,Female,25-34,61.88,Loan originated
1,645000.0,30%-<36%,805000.0,179.0,1,Hispanic or Latino,White,Female,35-44,80.0,Loan originated
1,435000.0,43,445000.0,100.0,1,Hispanic or Latino,White,Male,25-34,97.0,Loan originated
1,1145000.0,30%-<36%,1635000.0,352.0,1,Not Hispanic or Latino,Asian,Male,35-44,70.306,Loan originated
1,465000.0,46,495000.0,111.0,1,Not Hispanic or Latino,Asian,Male,25-34,92.558,Loan originated
1,685000.0,46,1165000.0,157.0,1,Not Hispanic or Latino,White,Male,65-74,59.176,Loan originated
1,395000.0,20%-<30%,525000.0,145.0,1,Hispanic or Latino,White,Male,35-44,75.87,Loan originated
1,455000.0,50%-60%,485000.0,81.0,1,Hispanic or Latino,White,Male,25-34,95.0,Loan originated
1,85000.0,45,125000.0,67.0,1,Not Hispanic or Latino,White,Male,55-64,67.2,Application denied
1,375000.0,38,395000.0,104.0,1,Not Hispanic or Latino,White,Male,25-34,98.0,Loan originated
1,825000.0,39,1105000.0,428.0,1,Not Hispanic or Latino,Asian,Male,55-64,75.0,Loan originated
1,515000.0,49,785000.0,121.0,1,Not Hispanic or Latino,Black or African American,Male,>74,64.968,Loan originated
1,635000.0,49,795000.0,118.0,1,Not Hispanic or Latino,Asian,Male,55-64,80.0,Loan originated
1,35000.0,<20%,65000.0,129.0,1,Not Hispanic or Latino,White,Female,55-64,63.71,Loan originated
1,265000.0,49,275000.0,63.0,1,Hispanic or Latino,White,Male,25-34,97.0,Application denied
1,235000.0,30%-<36%,335000.0,85.0,1,Not Hispanic or Latino,White,Male,55-64,70.0,Loan originated
1,305000.0,45,1365000.0,154.0,1,Not Hispanic or Latino,White,Male,45-54,22.07,Loan originated
1,435000.0,37,475000.0,125.0,1,Not Hispanic or Latino,Black or African American,Male,25-34,90.0,Loan originated
1,215000.0,39,305000.0,57.0,1,Hispanic or Latino,White,Female,<25,74.11,Loan originated
1,425000.0,48,705000.0,139.0,1,Not Hispanic or Latino,Asian,Female,<25,60.0,Loan originated
1,415000.0,20%-<30%,515000.0,166.0,1,Hispanic or Latino,White,Female,45-54,80.0,Loan originated
1,855000.0,49,1195000.0,228.0,1,Not Hispanic or Latino,Asian,Female,25-34,71.904,Loan originated
1,555000.0,49,585000.0,128.0,1,Hispanic or Latino,White,Male,25-34,95.0,Loan originated
1,515000.0,49,605000.0,86.0,1,Not Hispanic or Latino,Asian,Male,35-44,85.0,Loan originated
1,725000.0,45,1525000.0,243.0,1,Not Hispanic or Latino,White,Male,35-44,48.0,Loan originated
1,315000.0,38,325000.0,99.0,1,Hispanic or Latino,White,Male,25-34,100.0,Loan originated
1,475000.0,48,505000.0,185.0,1,Not Hispanic or Latino,Black or African American,Male,45-54,95.0,Loan originated
1,355000.0,44,355000.0,94.0,1,Hispanic or Latino,White,Male,<25,101.75,Loan originated
1,495000.0,39,695000.0,288.0,1,Not Hispanic or Latino,Asian,Female,35-44,71.223,Loan originated
1,175000.0,20%-<30%,405000.0,104.0,1,Not Hispanic or Latino,White,Male,55-64,43.21,Loan originated
1,425000.0,44,355000.0,139.0,1,Not Hispanic or Latino,Asian,Male,35-44,97.0,Loan originated
1,515000.0,37,545000.0,155.0,1,Not Hispanic or Latino,White,Male,35-44,95.0,Loan originated
1,405000.0,50%-60%,505000.0,84.0,1,Hispanic or Latino,Black or African American,Female,35-44,83.0,Loan originated
1,625000.0,45,765000.0,217.0,1,Hispanic or Latino,White,Male,45-54,84.797,Loan originated
1,415000.0,42,445000.0,120.0,1,Not Hispanic or Latino,White,Female,45-54,95.0,Loan originated
1,115000.0,48,265000.0,80.0,1,Hispanic or Latino,White,Male,35-44,42.0,Loan originated
1,445000.0,46,565000.0,110.0,1,Not Hispanic or Latino,Asian,Female,25-34,80.0,Loan originated
1,255000.0,30%-<36%,585000.0,79.0,1,Not Hispanic or Latino,White,Female,65-74,44.067,Loan originated
1,405000.0,30%-<36%,505000.0,127.0,1,Hispanic or Latino,White,Female,25-34,80.0,Loan originated
1,1035000.0,47,1295000.0,236.0,1,Not Hispanic or Latino,Asian,Male,45-54,80.0,Loan originated
1,335000.0,42,255000.0,160.0,1,Not Hispanic or Latino,Asian,Female,45-54,135.412,Application denied
1,595000.0,39,665000.0,154.0,1,Not Hispanic or Latino,White,Male,35-44,90.0,Loan originated
1,255000.0,50%-60%,965000.0,74.0,1,Not Hispanic or Latino,White,Female,35-44,25.907,Application denied
1,305000.0,40,385000.0,74.0,1,Not Hispanic or Latino,White,Male,45-54,80.0,Loan originated
1,435000.0,49,605000.0,99.0,1,Not Hispanic or Latino,Asian,Male,45-54,79.6,Application denied
1,375000.0,36,465000.0,111.0,1,Not Hispanic or Latino,White,Female,65-74,80.0,Loan originated
1,595000.0,47,625000.0,131.0,1,Not Hispanic or Latino,Black or African American,Male,45-54,95.0,Loan originated
1,555000.0,<20%,835000.0,449.0,1,Not Hispanic or Latino,White,Male,55-64,65.632,Loan originated
1,595000.0,30%-<36%,995000.0,290.0,1,Not Hispanic or Latino,Asian,Male,35-44,60.0,Loan originated
1,375000.0,30%-<36%,465000.0,358.0,1,Not Hispanic or Latino,White,Male,45-54,80.0,Loan originated
1,405000.0,20%-<30%,435000.0,155.0,1,Not Hispanic or Latino,White,Male,25-34,93.023,Loan originated
1,695000.0,43,875000.0,167.0,1,Not Hispanic or Latino,Asian,Female,25-34,80.0,Loan originated
1,745000.0,30%-<36%,935000.0,241.0,1,Not Hispanic or Latino,White,Male,35-44,80.0,Loan originated
1,765000.0,44,1055000.0,191.0,1,Not Hispanic or Latino,Asian,Male,45-54,72.857,Loan originated
1,275000.0,30%-<36%,345000.0,78.0,1,Not Hispanic or Latino,White,Female,45-54,80.0,Loan originated
1,205000.0,20%-<30%,505000.0,110.0,1,Not Hispanic or Latino,White,Female,55-64,40.0,Loan originated
1,145000.0,20%-<30%,475000.0,160.0,1,Not Hispanic or Latino,White,Male,35-44,30.86,Loan originated
1,1055000.0,42,1265000.0,257.0,1,Not Hispanic or Latino,Asian,Male,45-54,83.333,Loan originated
1,245000.0,42,315000.0,79.0,1,Not Hispanic or Latino,White,Male,35-44,76.19,Loan originated
1,235000.0,30%-<36%,445000.0,85.0,1,Hispanic or Latino,White,Female,25-34,87.96,Loan originated
1,475000.0,40,605000.0,134.0,1,Hispanic or Latino,White,Male,45-54,102.0,Loan originated
1,185000.0,38,495000.0,77.0,1,Not Hispanic or Latino,White,Male,>74,37.374,Loan originated
1,615000.0,46,645000.0,140.0,1,Hispanic or Latino,White,Male,35-44,95.0,Loan originated
1,195000.0,30%-<36%,315000.0,88.0,1,Not Hispanic or Latino,White,Female,65-74,61.59,Loan originated
1,385000.0,41,475000.0,110.0,1,Not Hispanic or Latino,White,Female,45-54,80.0,Loan originated
1,415000.0,20%-<30%,1115000.0,235.0,1,Not Hispanic or Latino,Asian,Female,25-34,36.673,Loan originated
1,585000.0,30%-<36%,885000.0,195.0,1,Not Hispanic or Latino,Asian,Female,25-34,66.006,Loan originated
1,815000.0,41,1175000.0,538.0,1,Not Hispanic or Latino,White,Male,25-34,70.0,Loan originated
1,465000.0,40,745000.0,200.0,1,Not Hispanic or Latino,Asian,Male,45-54,62.513,Loan originated
1,705000.0,41,885000.0,205.0,1,Not Hispanic or Latino,Asian,Female,35-44,80.0,Loan originated
1,995000.0,46,1325000.0,224.0,1,Not Hispanic or Latino,Asian,Male,25-34,75.0,Loan originated
1,215000.0,49,225000.0,45.0,1,Hispanic or Latino,White,Male,45-54,95.0,Loan originated
1,495000.0,36,615000.0,141.0,1,Not Hispanic or Latino,White,Female,45-54,80.0,Loan originated
1,505000.0,30%-<36%,635000.0,224.0,1,Not Hispanic or Latino,White,Male,45-54,80.0,Loan originated
1,765000.0,49,865000.0,172.0,1,Not Hispanic or Latino,Asian,Male,25-34,88.134,Loan originated
1,245000.0,41,315000.0,63.0,1,Not Hispanic or Latino,White,Male,25-34,80.0,Loan originated
1,195000.0,40,205000.0,67.0,1,Hispanic or Latino,White,Male,35-44,97.0,Loan originated
1,575000.0,20%-<30%,725000.0,325.0,1,Not Hispanic or Latino,White,Female,45-54,80.0,Loan originated
1,715000.0,47,995000.0,261.0,1,Not Hispanic or Latino,Asian,Male,55-64,71.859,Loan originated
1,685000.0,42,765000.0,188.0,1,Not Hispanic or Latino,Asian,Male,35-44,90.0,Loan originated
1,355000.0,48,375000.0,78.0,1,Hispanic or Latino,White,Female,25-34,95.0,Loan originated
1,425000.0,30%-<36%,445000.0,120.0,1,Not Hispanic or Latino,American Indian or Alaska Native,Male,25-34,95.0,Loan originated
1,765000.0,49,885000.0,169.0,1,Not Hispanic or Latino,Asian,Male,35-44,86.534,Loan originated
1,815000.0,49,1025000.0,180.0,1,Not Hispanic or Latino,White,Male,45-54,80.0,Loan originated
1,505000.0,39,625000.0,124.0,1,Not Hispanic or Latino,White,Male,25-34,80.0,Loan originated
1,495000.0,42,615000.0,142.0,1,Not Hispanic or Latino,Asian,Male,35-44,80.0,Loan originated
1,695000.0,49,795000.0,159.0,1,Hispanic or Latino,White,Female,45-54,87.42,Loan originated
1,435000.0,20%-<30%,545000.0,193.0,1,Not Hispanic or Latino,Black or African American,Male,25-34,80.0,Loan originated
1,265000.0,30%-<36%,615000.0,89.0,1,Hispanic or Latino,White,Female,35-44,42.58,Loan originated
1,885000.0,49,985000.0,200.0,1,Not Hispanic or Latino,White,Male,25-34,90.0,Loan originated
1,265000.0,39,545000.0,81.0,1,Hispanic or Latino,White,Male,45-54,48.148,Loan originated
1,615000.0,39,825000.0,220.0,1,Hispanic or Latino,Black or African American,Female,45-54,75.0,Loan originated
1,245000.0,43,255000.0,121.0,1,Hispanic or Latino,White,Male,45-54,95.0,Loan originated
1,535000.0,38,675000.0,154.0,1,Not Hispanic or Latino,White,Female,25-34,80.0,Loan originated
1,375000.0,48,395000.0,109.0,1,Not Hispanic or Latino,White,Female,55-64,92.982,Loan originated
1,695000.0,46,1085000.0,161.0,1,Not Hispanic or Latino,White,Female,25-34,64.47,Loan originated
1,315000.0,30%-<36%,425000.0,141.0,1,Not Hispanic or Latino,White,Female,55-64,85.0,Loan originated
1,715000.0,46,895000.0,205.0,1,Hispanic or Latino,White,Male,35-44,80.0,Loan originated
1,505000.0,45,535000.0,151.0,1,Hispanic or Latino,White,Male,25-34,95.0,Loan originated
1,505000.0,43,535000.0,121.0,1,Not Hispanic or Latino,Black or African American,Male,35-44,95.0,Loan originated
1,655000.0,30%-<36%,1075000.0,214.0,1,Not Hispanic or Latino,Asian,Female,25-34,60.337,Loan originated
1,625000.0,47,775000.0,150.0,1,Not Hispanic or Latino,White,Female,55-64,80.0,Loan originated
1,375000.0,41,775000.0,154.0,1,Not Hispanic or Latino,White,Female,65-74,48.387,Loan originated
1,1145000.0,49,1465000.0,317.0,1,Not Hispanic or Latino,White,Male,45-54,69.5,Application denied
1,525000.0,50%-60%,555000.0,130.0,1,Hispanic or Latino,White,Male,45-54,95.0,Application denied
1,705000.0,50%-60%,825000.0,137.0,1,Not Hispanic or Latino,Black or African American,Female,45-54,85.0,Loan originated
1,525000.0,41,545000.0,177.0,1,Not Hispanic or Latino,White,Male,35-44,97.0,Loan originated
1,585000.0,30%-<36%,615000.0,193.0,1,Not Hispanic or Latino,Asian,Female,35-44,95.0,Loan originated
1,355000.0,48,435000.0,129.0,1,Not Hispanic or Latino,White,Female,25-34,80.0,Loan originated
1,655000.0,38,675000.0,164.0,1,Hispanic or Latino,White,Male,25-34,97.0,Loan originated
1,575000.0,40,605000.0,159.0,1,Not Hispanic or Latino,White,Female,35-44,95.0,Loan originated
1,605000.0,40,755000.0,189.0,1,Not Hispanic or Latino,White,Male,35-44,80.0,Loan originated
1,585000.0,>60%,715000.0,52.0,1,Not Hispanic or Latino,Asian,Male,25-34,80.0,Application denied
1,115000.0,>60%,595000.0,12.0,1,Hispanic or Latino,White,Male,55-64,19.529,Application denied
1,365000.0,48,385000.0,60.0,1,Not Hispanic or Latino,White,Male,55-64,95.0,Loan originated
1,245000.0,20%-<30%,395000.0,143.0,1,Not Hispanic or Latino,White,Male,55-64,61.055,Loan originated
1,1085000.0,45,1355000.0,220.0,1,Not Hispanic or Latino,Asian,Female,35-44,80.0,Loan originated
1,1145000.0,47,1685000.0,289.0,1,Not Hispanic or Latino,Asian,Male,35-44,68.393,Loan originated
1,455000.0,30%-<36%,915000.0,335.0,1,Not Hispanic or Latino,Asian,Male,25-34,50.0,Loan originated
1,345000.0,40,365000.0,110.0,1,Hispanic or Latino,White,Female,<25,95.0,Loan originated
1,515000.0,39,575000.0,134.0,1,Hispanic or Latino,White,Male,25-34,90.0,Application denied
1,1025000.0,30%-<36%,1285000.0,378.0,1,Not Hispanic or Latino,White,Male,25-34,80.0,Loan originated
1,715000.0,<20%,965000.0,786.0,1,Not Hispanic or Latino,White,Male,<25,73.96,Loan originated
1,395000.0,40,495000.0,108.0,1,Not Hispanic or Latino,White,Male,25-34,79.883,Loan originated
1,515000.0,49,665000.0,138.0,1,Hispanic or Latino,White,Male,25-34,78.6,Loan originated
1,1105000.0,40,1255000.0,328.0,1,Not Hispanic or Latino,White,Male,25-34,90.0,Loan originated
1,245000.0,46,265000.0,51.0,1,Hispanic or Latino,White,Male,25-34,90.0,Loan originated
1,1005000.0,36,2335000.0,294.0,1,Not Hispanic or Latino,Asian,Male,45-54,42.918,Loan originated
1,335000.0,20%-<30%,785000.0,157.0,1,Not Hispanic or Latino,White,Male,45-54,42.893,Loan originated
1,365000.0,37,465000.0,101.0,1,Not Hispanic or Latino,White,Male,65-74,80.0,Loan originated
1,635000.0,49,855000.0,199.0,1,Not Hispanic or Latino,White,Female,35-44,75.0,Loan originated
1,685000.0,39,915000.0,299.0,1,Hispanic or Latino,White,Male,35-44,80.0,Loan originated
1,355000.0,20%-<30%,445000.0,184.0,1,Not Hispanic or Latino,White,Male,45-54,80.0,Loan originated
1,435000.0,30%-<36%,535000.0,125.0,1,Not Hispanic or Latino,Asian,Female,35-44,80.0,Loan originated
1,765000.0,<20%,1305000.0,3468.0,1,Not Hispanic or Latino,Asian,Male,35-44,58.965,Loan originated
1,505000.0,38,515000.0,219.0,1,Not Hispanic or Latino,Asian,Female,25-34,97.0,Loan originated
1,995000.0,45,1335000.0,206.0,1,Not Hispanic or Latino,Asian,Male,35-44,75.0,Loan originated
1,625000.0,48,785000.0,182.0,1,Not Hispanic or Latino,Asian,Female,25-34,80.0,Loan originated
1,345000.0,44,375000.0,107.0,1,Hispanic or Latino,White,Female,35-44,90.67,Application denied
1,675000.0,48,1425000.0,149.0,1,Not Hispanic or Latino,Asian,Female,45-54,47.368,Loan originated
1,585000.0,41,645000.0,169.0,1,Not Hispanic or Latino,Asian,Male,35-44,93.0,Loan originated
1,695000.0,41,695000.0,197.0,1,Not Hispanic or Latino,White,Female,>74,100.0,Loan originated
1,315000.0,30%-<36%,385000.0,111.0,1,Hispanic or Latino,White,Female,35-44,80.0,Loan originated
1,925000.0,42,1235000.0,259.0,1,Not Hispanic or Latino,White,Male,25-34,76.667,Loan originated
