loan_purpose,loan_amount,debt_to_income_ratio,property_value,income,occupancy_type,derived_ethnicity,derived_race,derived_sex,applicant_age,loan_to_value_ratio,action_taken
1,795000.0,20%-<30%,995000.0,385.0,1,Not Hispanic or Latino,Asian,Male,35-44,80.0,Loan originated
1,625000.0,48,785000.0,183.0,1,Not Hispanic or Latino,Asian,Male,35-44,80.0,Loan originated
1,565000.0,43,595000.0,126.0,1,Hispanic or Latino,White,Male,25-34,95.0,Loan originated
1,745000.0,20%-<30%,995000.0,276.0,1,Not Hispanic or Latino,White,Male,35-44,75.0,Loan originated
1,655000.0,49,695000.0,135.0,1,Hispanic or Latino,White,Male,35-44,94.638,Loan originated
1,605000.0,45,645000.0,148.0,1,Hispanic or Latino,White,Female,25-34,95.0,Loan originated
1,425000.0,43,645000.0,97.0,1,Not Hispanic or Latino,White,Male,25-34,66.406,Loan originated
1,505000.0,40,715000.0,287.0,1,Not Hispanic or Latino,White,Female,45-54,70.0,Loan originated
1,505000.0,42,545000.0,118.0,1,Hispanic or Latino,White,Male,25-34,91.743,Loan originated
1,325000.0,30%-<36%,405000.0,134.0,1,Not Hispanic or Latino,White,Male,25-34,80.0,Loan originated
1,675000.0,>60%,705000.0,105.0,1,Not Hispanic or Latino,Asian,Male,35-44,95.0,Application denied
1,565000.0,>60%,715000.0,122.0,1,Hispanic or Latino,White,Female,45-54,80.0,Application denied
1,595000.0,30%-<36%,735000.0,197.0,1,Not Hispanic or Latino,Asian,Male,25-34,80.0,Loan originated
1,605000.0,45,585000.0,124.0,1,Not Hispanic or Latino,Asian,Male,<25,102.74,Application denied
1,955000.0,30%-<36%,1005000.0,294.0,1,Not Hispanic or Latino,Asian,Female,35-44,95.0,Loan originated
1,235000.0,49,325000.0,59.0,1,Not Hispanic or Latino,White,Male,>74,73.43,Loan originated
1,1095000.0,45,1155000.0,533.0,1,Not Hispanic or Latino,Black or African American,Male,45-54,95.0,Loan originated
1,355000.0,45,375000.0,97.0,1,Hispanic or Latino,White,Male,45-54,95.0,Loan originated
1,255000.0,20%-<30%,415000.0,115.0,1,Not Hispanic or Latino,Asian,Female,35-44,62.0,Loan originated
1,285000.0,37,355000.0,116.0,1,Not Hispanic or Latino,White,Female,45-54,80.0,Loan originated
1,245000.0,49,395000.0,46.0,1,Not Hispanic or Latino,Asian,Female,35-44,61.937,Loan originated
1,705000.0,30%-<36%,915000.0,278.0,1,Not Hispanic or Latino,White,Male,35-44,76.923,Loan originated
1,795000.0,49,1375000.0,170.0,1,Not Hispanic or Latino,Asian,Male,45-54,58.102,Loan originated
1,395000.0,36,745000.0,133.0,1,Not Hispanic or Latino,White,Male,45-54,53.333,Loan originated
1,675000.0,49,715000.0,175.0,1,Hispanic or Latino,White,Male,<25,95.0,Loan originated
1,475000.0,49,505000.0,149.0,1,Not Hispanic or Latino,Asian,Male,35-44,94.999,Loan originated
1,495000.0,20%-<30%,525000.0,285.0,1,Hispanic or Latino,White,Female,55-64,95.0,Loan originated
1,1145000.0,42,1435000.0,312.0,1,Not Hispanic or Latino,Asian,Male,25-34,79.98,Loan originated
1,505000.0,43,595000.0,118.0,1,Not Hispanic or Latino,White,Male,25-34,84.97,Loan originated
1,735000.0,37,985000.0,194.0,1,Not Hispanic or Latino,Asian,Male,45-54,75.0,Loan originated
1,405000.0,47,445000.0,89.0,1,Hispanic or Latino,White,Female,25-34,90.0,Loan originated
1,725000.0,38,905000.0,199.0,1,Not Hispanic or Latino,Asian,Female,45-54,80.0,Loan originated
1,725000.0,42,765000.0,176.0,1,Hispanic or Latino,White,Male,45-54,95.0,Loan originated
1,425000.0,49,515000.0,79.0,1,Not Hispanic or Latino,Black or African American,Male,55-64,84.75,Loan originated
1,485000.0,30%-<36%,655000.0,207.0,1,Not Hispanic or Latino,White,Male,55-64,75.0,Application denied
1,505000.0,20%-<30%,715000.0,177.0,1,Not Hispanic or Latino,Asian,Female,25-34,70.0,Loan originated
1,745000.0,39,825000.0,216.0,1,Not Hispanic or Latino,Asian,Male,35-44,90.0,Loan originated
1,465000.0,30%-<36%,525000.0,160.0,1,Hispanic or Latino,White,Female,25-34,88.0,Loan originated
1,415000.0,20%-<30%,555000.0,182.0,1,Not Hispanic or Latino,Black or African American,Male,25-34,95.0,Loan originated
1,295000.0,41,505000.0,95.0,1,Not Hispanic or Latino,Asian,Female,45-54,60.0,Loan originated
1,975000.0,30%-<36%,1225000.0,300.0,1,Not Hispanic or Latino,White,Male,55-64,80.0,Loan originated
1,45000.0,30%-<36%,325000.0,60.0,1,Hispanic or Latino,White,Female,35-44,15.35,Loan originated
1,545000.0,37,575000.0,155.0,1,Hispanic or Latino,White,Male,25-34,95.0,Loan originated
1,545000.0,30%-<36%,565000.0,162.0,1,Not Hispanic or Latino,White,Male,25-34,97.0,Loan originated
1,685000.0,50%-60%,725000.0,147.0,1,Hispanic or Latino,American Indian or Alaska Native,Male,25-34,95.0,Application denied
1,555000.0,20%-<30%,675000.0,312.0,1,Hispanic or Latino,White,Male,35-44,83.0,Loan originated
1,555000.0,48,695000.0,173.0,1,Not Hispanic or Latino,White,Male,35-44,80.0,Loan originated
1,405000.0,37,505000.0,125.0,1,Not Hispanic or Latino,Asian,Female,45-54,80.0,Loan originated
1,575000.0,42,815000.0,296.0,1,Not Hispanic or Latino,Asian,Male,25-34,70.0,Loan originated
1,675000.0,49,755000.0,186.0,1,Hispanic or Latino,White,Male,35-44,90.0,Loan originated
1,485000.0,47,615000.0,149.0,1,Hispanic or Latino,White,Male,<25,80.0,Loan originated
1,505000.0,49,595000.0,99.0,1,Hispanic or Latino,White,Male,25-34,85.0,Loan originated
1,1125000.0,49,1405000.0,224.0,1,Not Hispanic or Latino,Asian,Male,35-44,80.0,Loan originated
1,445000.0,40,555000.0,146.0,1,Hispanic or Latino,White,Male,25-34,80.0,Loan originated
1,425000.0,30%-<36%,505000.0,162.0,1,Not Hispanic or Latino,White,Female,35-44,85.0,Loan originated
1,975000.0,47,1365000.0,200.0,1,Not Hispanic or Latino,White,Male,45-54,71.575,Loan originated
1,985000.0,47,1555000.0,395.0,1,Not Hispanic or Latino,White,Female,35-44,70.0,Loan originated
1,575000.0,46,685000.0,119.0,1,Not Hispanic or Latino,Black or African American,Female,45-54,104.781,Loan originated
1,155000.0,>60%,415000.0,30.0,1,Not Hispanic or Latino,White,Female,55-64,36.145,Loan originated
1,715000.0,50%-60%,845000.0,139.0,1,Not Hispanic or Latino,White,Female,35-44,84.0,Loan originated
1,175000.0,49,825000.0,59.0,1,Not Hispanic or Latino,Asian,Female,25-34,21.45,Loan originated
1,495000.0,42,515000.0,148.0,1,Hispanic or Latino,White,Female,25-34,101.94,Loan originated
1,305000.0,48,855000.0,86.0,1,Not Hispanic or Latino,White,Female,45-54,35.088,Loan originated
1,305000.0,45,385000.0,106.0,1,Hispanic or Latino,White,Male,35-44,80.0,Loan originated
1,505000.0,46,675000.0,170.0,1,Not Hispanic or Latino,Asian,Male,65-74,75.0,Loan originated
1,795000.0,30%-<36%,985000.0,300.0,1,Not Hispanic or Latino,White,Male,25-34,80.0,Loan originated
1,615000.0,49,655000.0,126.0,1,Not Hispanic or Latino,White,Male,45-54,95.0,Loan originated
1,175000.0,49,325000.0,43.0,1,Hispanic or Latino,White,Male,45-54,54.255,Loan originated
1,175000.0,49,335000.0,37.0,1,Not Hispanic or Latino,Asian,Male,65-74,52.0,Loan originated
1,175000.0,30%-<36%,305000.0,84.0,1,Not Hispanic or Latino,White,Male,55-64,57.38,Loan originated
1,405000.0,20%-<30%,515000.0,137.0,1,Not Hispanic or Latino,Asian,Female,35-44,78.0,Loan originated
1,405000.0,46,655000.0,97.0,1,Not Hispanic or Latino,White,Male,35-44,61.656,Loan originated
1,415000.0,20%-<30%,465000.0,713.0,1,Not Hispanic or Latino,White,Male,25-34,90.0,Loan originated
1,525000.0,37,655000.0,146.0,1,Not Hispanic or Latino,White,Female,45-54,80.0,Loan originated
1,505000.0,48,635000.0,125.0,1,Not Hispanic or Latino,White,Male,45-54,80.0,Loan originated
1,765000.0,39,965000.0,204.0,1,Not Hispanic or Latino,American Indian or Alaska Native,Male,25-34,79.762,Loan originated
1,625000.0,30%-<36%,775000.0,210.0,1,Not Hispanic or Latino,Asian,Female,25-34,80.0,Loan originated
1,905000.0,20%-<30%,1215000.0,359.0,1,Not Hispanic or Latino,Asian,Male,25-34,75.0,Loan originated
1,645000.0,46,665000.0,142.0,1,Hispanic or Latino,White,Male,25-34,97.0,Loan originated
1,445000.0,42,555000.0,189.0,1,Not Hispanic or Latino,White,Female,55-64,80.0,Loan originated
1,1105000.0,47,1165000.0,257.0,1,Hispanic or Latino,White,Male,45-54,95.0,Loan originated
1,665000.0,20%-<30%,885000.0,283.0,1,Not Hispanic or Latino,White,Female,45-54,75.0,Loan originated
1,625000.0,30%-<36%,775000.0,239.0,1,Not Hispanic or Latino,American Indian or Alaska Native,Male,25-34,80.0,Loan originated
1,195000.0,49,205000.0,86.0,1,Hispanic or Latino,White,Male,45-54,95.0,Loan originated
1,605000.0,45,755000.0,146.0,1,Hispanic or Latino,White,Male,35-44,80.0,Loan originated
1,675000.0,43,975000.0,290.0,1,Not Hispanic or Latino,Asian,Male,25-34,70.0,Loan originated
1,905000.0,30%-<36%,1575000.0,307.0,1,Not Hispanic or Latino,Asian,Female,25-34,57.143,Loan originated
1,685000.0,30%-<36%,1405000.0,279.0,1,Not Hispanic or Latino,White,Male,25-34,48.929,Loan originated
1,1085000.0,38,1555000.0,406.0,1,Not Hispanic or Latino,White,Male,35-44,89.99,Loan originated
1,365000.0,20%-<30%,465000.0,223.0,1,Hispanic or Latino,American Indian or Alaska Native,Male,35-44,80.0,Loan originated
1,315000.0,47,415000.0,78.0,1,Hispanic or Latino,White,Male,45-54,100.0,Loan originated
1,205000.0,>60%,655000.0,85.0,1,Not Hispanic or Latino,White,Male,55-64,30.31,Application denied
1,605000.0,20%-<30%,645000.0,275.0,1,Not Hispanic or Latino,White,Male,35-44,95.0,Loan originated
1,635000.0,49,675000.0,132.0,1,Not Hispanic or Latino,Asian,Male,25-34,95.0,Loan originated
1,645000.0,40,855000.0,168.0,1,Not Hispanic or Latino,Asian,Male,45-54,75.0,Loan originated
1,395000.0,46,645000.0,129.0,1,Not Hispanic or Latino,White,Male,35-44,60.47,Loan originated
1,825000.0,43,915000.0,187.0,1,Not Hispanic or Latino,White,Male,35-44,90.0,Loan originated
1,335000.0,40,575000.0,95.0,1,Not Hispanic or Latino,Asian,Female,45-54,58.25,Loan originated
1,695000.0,48,865000.0,134.0,1,Not Hispanic or Latino,White,Male,25-34,80.0,Loan originated
1,465000.0,48,495000.0,113.0,1,Hispanic or Latino,White,Female,55-64,95.0,Loan originated
1,425000.0,49,465000.0,86.0,1,Not Hispanic or Latino,Asian,Male,35-44,92.091,Loan originated
1,555000.0,30%-<36%,695000.0,550.0,1,Hispanic or Latino,White,Male,55-64,80.0,Loan originated
1,765000.0,43,865000.0,234.0,1,Not Hispanic or Latino,White,Male,35-44,89.134,Loan originated
1,1075000.0,41,1345000.0,238.0,1,Not Hispanic or Latino,White,Male,25-34,80.0,Loan originated
1,635000.0,37,855000.0,444.0,1,Not Hispanic or Latino,Asian,Male,35-44,75.0,Loan originated
1,345000.0,37,455000.0,95.0,1,Not Hispanic or Latino,White,Female,65-74,75.0,Loan originated
1,255000.0,49,1615000.0,118.0,1,Not Hispanic or Latino,Asian,Female,35-44,15.83,Loan originated
1,165000.0,20%-<30%,205000.0,137.0,1,Hispanic or Latino,White,Male,25-34,80.0,Loan originated
1,805000.0,47,1075000.0,195.0,1,Not Hispanic or Latino,Asian,Male,25-34,75.0,Loan originated
1,605000.0,45,1245000.0,203.0,1,Not Hispanic or Latino,White,Male,>74,48.387,Loan originated
1,305000.0,30%-<36%,315000.0,108.0,1,Not Hispanic or Latino,White,Female,35-44,97.0,Loan originated
1,725000.0,<20%,1205000.0,2528.0,1,Not Hispanic or Latino,White,Male,45-54,80.0,Loan originated
1,265000.0,20%-<30%,275000.0,109.0,1,Not Hispanic or Latino,White,Male,25-34,96.5,Loan originated
1,295000.0,20%-<30%,495000.0,198.0,1,Not Hispanic or Latino,Asian,Male,45-54,60.0,Loan originated
1,325000.0,48,375000.0,66.0,1,Not Hispanic or Latino,White,Male,25-34,87.649,Loan originated
1,535000.0,38,595000.0,158.0,1,Hispanic or Latino,White,Female,25-34,90.0,Loan originated
1,825000.0,50%-60%,1715000.0,179.0,1,Not Hispanic or Latino,White,Male,35-44,48.246,Application denied
1,605000.0,44,755000.0,223.0,1,Not Hispanic or Latino,Asian,Female,35-44,80.0,Loan originated
1,585000.0,30%-<36%,835000.0,190.0,1,Not Hispanic or Latino,Asian,Female,35-44,70.056,Loan originated
1,805000.0,49,855000.0,154.0,1,Not Hispanic or Latino,White,Male,45-54,95.0,Loan originated
1,855000.0,49,1225000.0,219.0,1,Not Hispanic or Latino,Asian,Male,45-54,70.0,Loan originated
1,515000.0,20%-<30%,645000.0,194.0,1,Not Hispanic or Latino,Asian,Male,25-34,79.99,Loan originated
1,225000.0,30%-<36%,245000.0,73.0,1,Not Hispanic or Latino,White,Male,35-44,90.0,Loan originated
1,465000.0,48,585000.0,131.0,1,Not Hispanic or Latino,Asian,Female,35-44,80.0,Loan originated
1,655000.0,44,815000.0,178.0,1,Not Hispanic or Latino,White,Female,<25,80.0,Loan originated
1,395000.0,45,495000.0,101.0,1,Not Hispanic or Latino,White,Male,35-44,80.0,Loan originated
1,425000.0,30%-<36%,445000.0,118.0,1,Not Hispanic or Latino,Asian,Male,35-44,97.0,Loan originated
1,425000.0,39,775000.0,144.0,1,Not Hispanic or Latino,Asian,Female,35-44,54.838,Loan originated
1,595000.0,49,1405000.0,132.0,1,Not Hispanic or Latino,Asian,Male,45-54,43.0,Loan originated
1,735000.0,42,975000.0,212.0,1,Not Hispanic or Latino,Asian,Female,45-54,75.0,Loan originated
1,425000.0,49,435000.0,96.0,1,Hispanic or Latino,White,Male,35-44,100.0,Loan originated
1,745000.0,40,925000.0,358.0,1,Not Hispanic or Latino,Asian,Male,45-54,80.0,Loan originated
1,585000.0,30%-<36%,725000.0,412.0,1,Not Hispanic or Latino,White,Male,55-64,80.0,Loan originated
1,355000.0,47,1455000.0,187.0,1,Not Hispanic or Latino,White,Male,55-64,24.138,Loan originated
1,375000.0,47,415000.0,79.0,1,Not Hispanic or Latino,White,Male,35-44,90.0,Loan originated
1,335000.0,42,415000.0,115.0,1,Hispanic or Latino,White,Female,<25,80.0,Application denied
1,245000.0,49,255000.0,52.0,1,Hispanic or Latino,White,Male,25-34,97.0,Loan originated
1,265000.0,44,325000.0,5188.0,1,Not Hispanic or Latino,White,Male,35-44,80.0,Loan originated
1,525000.0,30%-<36%,555000.0,158.0,1,Not Hispanic or Latino,White,Female,45-54,95.0,Loan originated
1,405000.0,39,555000.0,98.0,1,Not Hispanic or Latino,Asian,Male,55-64,71.685,Loan originated
1,215000.0,37,375000.0,73.0,1,Not Hispanic or Latino,White,Female,45-54,58.081,Loan originated
1,545000.0,36,605000.0,125.0,1,Not Hispanic or Latino,Asian,Female,35-44,89.99,Loan originated
1,405000.0,47,805000.0,96.0,1,Hispanic or Latino,Asian,Male,35-44,50.0,Loan originated
1,395000.0,47,595000.0,91.0,1,Not Hispanic or Latino,2 or more minority races,Female,35-44,66.102,Loan originated
1,605000.0,44,645000.0,172.0,1,Hispanic or Latino,White,Male,25-34,95.0,Loan originated
1,575000.0,30%-<36%,1175000.0,172.0,1,Not Hispanic or Latino,White,Female,55-64,48.94,Loan originated
1,485000.0,46,605000.0,105.0,1,Not Hispanic or Latino,Asian,Female,35-44,80.0,Loan originated
1,445000.0,30%-<36%,665000.0,139.0,1,Not Hispanic or Latino,White,Male,35-44,66.92,Loan originated
1,325000.0,44,725000.0,82.0,1,Hispanic or Latino,White,Female,25-34,44.444,Loan originated
1,625000.0,44,695000.0,183.0,1,Not Hispanic or Latino,White,Female,45-54,89.99,Loan originated
1,1065000.0,30%-<36%,1425000.0,344.0,1,Not Hispanic or Latino,White,Female,35-44,75.0,Loan originated
1,475000.0,36,525000.0,142.0,1,Not Hispanic or Latino,White,Male,25-34,89.66,Loan originated
1,445000.0,48,565000.0,94.0,1,Hispanic or Latino,White,Female,65-74,79.0,Loan originated
1,435000.0,20%-<30%,545000.0,179.0,1,Hispanic or Latino,White,Male,25-34,80.0,Loan originated
1,405000.0,30%-<36%,1525000.0,130.0,1,Not Hispanic or Latino,Asian,Male,25-34,30.0,Loan originated
1,265000.0,44,405000.0,87.0,1,Hispanic or Latino,White,Female,55-64,65.0,Loan originated
1,475000.0,42,645000.0,135.0,1,Not Hispanic or Latino,Black or African American,Female,35-44,73.68,Loan originated
1,1005000.0,47,1265000.0,220.0,1,Not Hispanic or Latino,Asian,Male,45-54,79.687,Loan originated
1,635000.0,49,905000.0,239.0,1,Not Hispanic or Latino,Asian,Female,25-34,70.0,Loan originated
1,765000.0,30%-<36%,1025000.0,639.0,1,Not Hispanic or Latino,White,Male,<25,75.196,Loan originated
1,765000.0,42,975000.0,379.0,1,Not Hispanic or Latino,Asian,Male,45-54,78.65,Loan originated
1,1145000.0,46,1745000.0,259.0,1,Not Hispanic or Latino,Asian,Female,35-44,65.715,Loan originated
1,815000.0,41,1025000.0,290.0,1,Not Hispanic or Latino,White,Female,55-64,80.0,Loan originated
1,205000.0,20%-<30%,335000.0,79.0,1,Hispanic or Latino,White,Male,55-64,59.88,Application denied
1,735000.0,39,925000.0,276.0,1,Not Hispanic or Latino,Asian,Male,25-34,80.0,Loan originated
1,595000.0,<20%,745000.0,1620.0,1,Not Hispanic or Latino,Asian,Male,45-54,80.0,Loan originated
1,875000.0,30%-<36%,1455000.0,281.0,1,Not Hispanic or Latino,Asian,Female,35-44,60.345,Loan originated
1,115000.0,45,505000.0,50.0,1,Not Hispanic or Latino,White,Female,65-74,24.0,Loan originated
1,545000.0,47,565000.0,165.0,1,Not Hispanic or Latino,Black or African American,Male,55-64,95.0,Loan originated
1,305000.0,49,365000.0,65.0,1,Not Hispanic or Latino,White,Male,25-34,85.0,Loan originated
1,515000.0,48,805000.0,99.0,1,Hispanic or Latino,White,Female,35-44,63.75,Loan originated
1,355000.0,38,365000.0,114.0,1,Not Hispanic or Latino,White,Male,55-64,95.0,Loan originated
1,915000.0,47,1305000.0,202.0,1,Not Hispanic or Latino,Asian,Male,35-44,70.0,Loan originated
1,405000.0,40,435000.0,243.0,1,Hispanic or Latino,White,Female,45-54,95.0,Loan originated
1,765000.0,48,915000.0,148.0,1,Not Hispanic or Latino,Asian,Male,35-44,84.0,Loan originated
1,695000.0,49,935000.0,182.0,1,Not Hispanic or Latino,Black or African American,Female,55-64,75.0,Loan originated
1,765000.0,48,955000.0,266.0,1,Not Hispanic or Latino,White,Male,65-74,80.0,Loan originated
1,525000.0,>60%,545000.0,17.0,1,Hispanic or Latino,White,Female,45-54,100.0,Application denied
1,725000.0,43,765000.0,207.0,1,Hispanic or Latino,White,Male,35-44,95.0,Loan originated
1,465000.0,49,475000.0,89.0,1,Hispanic or Latino,White,Male,25-34,97.0,Loan originated
1,675000.0,20%-<30%,805000.0,441.0,1,Not Hispanic or Latino,White,Female,55-64,83.75,Loan originated
1,425000.0,46,555000.0,18.0,1,Not Hispanic or Latino,Asian,Female,35-44,80.0,Loan originated
1,675000.0,20%-<30%,845000.0,230.0,1,Not Hispanic or Latino,White,Female,65-74,80.0,Loan originated
1,225000.0,20%-<30%,395000.0,86.0,1,Not Hispanic or Latino,White,Male,25-34,57.692,Loan originated
1,475000.0,49,535000.0,122.0,1,Not Hispanic or Latino,White,Female,35-44,90.0,Loan originated
1,285000.0,<20%,355000.0,724.0,1,Hispanic or Latino,White,Male,35-44,80.0,Loan originated
1,585000.0,41,735000.0,242.0,1,Hispanic or Latino,White,Female,55-64,79.452,Loan originated
1,325000.0,47,465000.0,83.0,1,Not Hispanic or Latino,Asian,Female,45-54,70.0,Loan originated
1,395000.0,30%-<36%,445000.0,181.0,1,Hispanic or Latino,White,Male,25-34,90.0,Loan originated
1,125000.0,39,375000.0,50.0,1,Not Hispanic or Latino,White,Female,55-64,32.92,Loan originated
1,355000.0,47,655000.0,88.0,1,Not Hispanic or Latino,White,Female,35-44,53.846,Loan originated
1,715000.0,39,895000.0,210.0,1,Not Hispanic or Latino,Asian,Male,35-44,80.0,Application denied
1,335000.0,30%-<36%,355000.0,98.0,1,Hispanic or Latino,White,Male,25-34,95.0,Loan originated
1,385000.0,42,395000.0,86.0,1,Hispanic or Latino,White,Male,55-64,97.0,Loan originated
1,755000.0,30%-<36%,835000.0,303.0,1,Not Hispanic or Latino,White,Male,45-54,90.0,Loan originated
1,555000.0,30%-<36%,1555000.0,182.0,1,Not Hispanic or Latino,Asian,Female,25-34,35.484,Loan originated
1,765000.0,36,955000.0,210.0,1,Not Hispanic or Latino,Asian,Male,35-44,80.0,Loan originated
1,545000.0,49,685000.0,195.0,1,Not Hispanic or Latino,Asian,Female,45-54,80.0,Loan originated
1,1145000.0,30%-<36%,1555000.0,1397.0,1,Not Hispanic or Latino,Asian,Female,55-64,73.754,Loan originated
1,675000.0,44,705000.0,319.0,1,Not Hispanic or Latino,Asian,Male,35-44,95.0,Loan originated
1,755000.0,30%-<36%,1505000.0,284.0,1,Not Hispanic or Latino,White,Female,<25,50.0,Loan originated
1,375000.0,40,515000.0,75.0,1,Hispanic or Latino,White,Male,35-44,72.82,Loan originated
1,505000.0,30%-<36%,635000.0,280.0,1,Not Hispanic or Latino,White,Male,25-34,80.0,Loan originated
1,695000.0,49,735000.0,146.0,1,Not Hispanic or Latino,White,Male,25-34,95.0,Loan originated
1,465000.0,46,645000.0,112.0,1,Not Hispanic or Latino,White,Male,55-64,72.171,Loan originated
1,485000.0,38,1635000.0,216.0,1,Not Hispanic or Latino,White,Female,45-54,29.44,Loan originated
1,565000.0,<20%,705000.0,1014.0,1,Not Hispanic or Latino,White,Female,45-54,80.8,Loan originated
1,505000.0,47,595000.0,206.0,1,Not Hispanic or Latino,Black or African American,Male,55-64,85.0,Loan originated
1,235000.0,42,285000.0,72.0,1,Hispanic or Latino,White,Male,35-44,85.0,Application denied
1,755000.0,45,1085000.0,209.0,1,Not Hispanic or Latino,Asian,Male,35-44,70.0,Loan originated
1,655000.0,50%-60%,815000.0,124.0,1,Not Hispanic or Latino,Asian,Male,25-34,81.23,Application denied
1,715000.0,46,795000.0,152.0,1,Not Hispanic or Latino,Asian,Female,35-44,90.0,Loan originated
1,505000.0,48,1385000.0,10.0,1,Not Hispanic or Latino,Asian,Male,25-34,36.23,Loan originated
1,745000.0,<20%,995000.0,743.0,1,Not Hispanic or Latino,White,Male,55-64,75.0,Loan originated
1,405000.0,46,505000.0,81.0,1,Not Hispanic or Latino,Asian,Male,45-54,80.0,Loan originated
1,595000.0,20%-<30%,655000.0,228.0,1,Not Hispanic or Latino,White,Female,35-44,89.989,Loan originated
1,515000.0,20%-<30%,855000.0,372.0,1,Not Hispanic or Latino,Black or African American,Female,65-74,60.0,Application denied
1,655000.0,30%-<36%,825000.0,149.0,1,Not Hispanic or Latino,Asian,Female,25-34,80.0,Loan originated
1,235000.0,48,255000.0,47.0,1,Hispanic or Latino,White,Male,45-54,95.0,Loan originated
1,295000.0,38,335000.0,119.0,1,Hispanic or Latino,White,Male,<25,90.0,Loan originated
1,575000.0,47,645000.0,363.0,1,Not Hispanic or Latino,White,Male,45-54,89.99,Loan originated
1,1275000.0,43,1705000.0,387.0,1,Not Hispanic or Latino,White,Female,35-44,85.0,Loan originated
1,275000.0,40,375000.0,63.0,1,Hispanic or Latino,White,Male,45-54,73.51,Loan originated
1,715000.0,30%-<36%,785000.0,340.0,1,Not Hispanic or Latino,White,Female,55-64,90.0,Loan originated
1,635000.0,48,715000.0,164.0,1,Not Hispanic or Latino,Black or African American,Male,45-54,90.0,Loan originated
1,345000.0,49,425000.0,64.0,1,Not Hispanic or Latino,White,Female,25-34,80.0,Loan originated
1,425000.0,30%-<36%,535000.0,156.0,1,Hispanic or Latino,White,Female,35-44,80.0,Loan originated
1,485000.0,47,605000.0,131.0,1,Not Hispanic or Latino,Black or African American,Male,55-64,80.0,Loan originated
1,235000.0,44,635000.0,113.0,1,Not Hispanic or Latino,Asian,Female,35-44,37.028,Loan originated
1,275000.0,30%-<36%,285000.0,109.0,1,Not Hispanic or Latino,Black or African American,Male,45-54,94.81,Loan originated
1,255000.0,50%-60%,305000.0,88.0,1,Hispanic or Latino,White,Male,35-44,85.0,Loan originated
1,175000.0,36,725000.0,75.0,1,Not Hispanic or Latino,White,Female,25-34,23.611,Application denied
1,265000.0,42,325000.0,115.0,1,Not Hispanic or Latino,White,Female,35-44,80.0,Loan originated
1,545000.0,41,605000.0,303.0,1,Not Hispanic or Latino,White,Male,35-44,90.0,Loan originated
1,585000.0,48,615000.0,270.0,1,Hispanic or Latino,American Indian or Alaska Native,Female,35-44,95.0,Loan originated
1,755000.0,49,1485000.0,189.0,1,Not Hispanic or Latino,White,Male,55-64,50.743,Loan originated
1,1145000.0,36,1355000.0,498.0,1,Hispanic or Latino,White,Male,45-54,85.0,Loan originated
1,665000.0,49,705000.0,222.0,1,Hispanic or Latino,White,Female,35-44,95.0,Loan originated
1,715000.0,46,745000.0,262.0,1,Hispanic or Latino,White,Male,55-64,94.946,Loan originated
1,225000.0,39,985000.0,83.0,1,Not Hispanic or Latino,White,Female,25-34,22.84,Loan originated
1,795000.0,40,995000.0,224.0,1,Not Hispanic or Latino,Asian,Male,25-34,80.0,Loan originated
1,685000.0,48,735000.0,141.0,1,Not Hispanic or Latino,White,Female,35-44,93.493,Loan originated
1,465000.0,47,485000.0,89.0,1,Not Hispanic or Latino,Black or African American,Female,35-44,95.0,Loan originated
1,655000.0,<20%,675000.0,852.0,1,Not Hispanic or Latino,White,Male,35-44,97.0,Loan originated
1,725000.0,46,905000.0,168.0,1,Not Hispanic or Latino,White,Male,>74,80.0,Loan originated
1,685000.0,50%-60%,985000.0,303.0,1,Not Hispanic or Latino,Black or African American,Male,35-44,70.0,Application denied
1,505000.0,43,535000.0,121.0,1,Hispanic or Latino,White,Female,25-34,95.0,Loan originated
1,765000.0,20%-<30%,1185000.0,340.0,1,Not Hispanic or Latino,White,Male,25-34,64.688,Loan originated
1,285000.0,47,575000.0,81.0,1,Not Hispanic or Latino,Asian,Female,25-34,50.0,Loan originated
1,815000.0,49,905000.0,174.0,1,Not Hispanic or Latino,Asian,Male,45-54,90.0,Loan originated
1,175000.0,48,295000.0,59.0,1,Hispanic or Latino,White,Male,35-44,59.0,Loan originated
1,285000.0,45,355000.0,67.0,1,Not Hispanic or Latino,White,Female,35-44,100.0,Loan originated
1,345000.0,49,675000.0,72.0,1,Not Hispanic or Latino,White,Female,35-44,51.111,Loan originated
1,195000.0,39,205000.0,57.0,1,Not Hispanic or Latino,Asian,Female,55-64,95.0,Loan originated
1,585000.0,30%-<36%,655000.0,179.0,1,Not Hispanic or Latino,Asian,Male,35-44,89.9,Loan originated
1,565000.0,45,595000.0,183.0,1,Hispanic or Latino,Asian,Female,45-54,95.0,Loan originated
1,395000.0,20%-<30%,495000.0,156.0,1,Not Hispanic or Latino,White,Male,35-44,80.0,Loan originated
1,525000.0,30%-<36%,755000.0,217.0,1,Not Hispanic or Latino,White,Male,35-44,70.0,Loan originated
1,525000.0,49,775000.0,121.0,1,Not Hispanic or Latino,White,Female,35-44,68.0,Loan originated
1,695000.0,46,815000.0,209.0,1,Not Hispanic or Latino,Asian,Male,45-54,86.0,Application denied
1,665000.0,45,915000.0,187.0,1,Not Hispanic or Latino,Asian,Female,35-44,72.527,Loan originated
1,605000.0,40,905000.0,200.0,1,Not Hispanic or Latino,Asian,Male,55-64,66.66,Loan originated
1,445000.0,30%-<36%,495000.0,210.0,1,Not Hispanic or Latino,White,Male,55-64,88.176,Loan originated
1,705000.0,49,1455000.0,160.0,1,Not Hispanic or Latino,Asian,Female,25-34,48.276,Loan originated
1,1085000.0,30%-<36%,1805000.0,330.0,1,Not Hispanic or Latino,White,Female,45-54,60.0,Loan originated
1,505000.0,43,645000.0,202.0,1,Not Hispanic or Latino,White,Female,55-64,76.923,Loan originated
1,765000.0,49,955000.0,349.0,1,Not Hispanic or Latino,White,Female,35-44,80.0,Loan originated
1,965000.0,30%-<36%,1295000.0,305.0,1,Not Hispanic or Latino,Asian,Female,45-54,75.0,Loan originated
1,665000.0,30%-<36%,825000.0,348.0,1,Not Hispanic or Latino,Asian,Male,45-54,80.0,Loan originated
1,155000.0,42,305000.0,65.0,1,Not Hispanic or Latino,White,Female,65-74,50.33,Loan originated
1,785000.0,41,835000.0,518.0,1,Not Hispanic or Latino,Black or African American,Male,35-44,95.0,Loan originated
1,315000.0,20%-<30%,615000.0,175.0,1,Not Hispanic or Latino,Asian,Male,55-64,51.22,Loan originated
1,245000.0,49,305000.0,66.0,1,Hispanic or Latino,White,Female,45-54,80.0,Loan originated
1,1005000.0,41,1755000.0,230.0,1,Not Hispanic or Latino,Asian,Male,45-54,57.143,Loan originated
1,465000.0,38,625000.0,130.0,1,Not Hispanic or Latino,White,Male,35-44,75.0,Loan originated
1,755000.0,47,835000.0,175.0,1,Not Hispanic or Latino,White,Female,35-44,90.0,Loan originated
1,625000.0,41,785000.0,193.0,1,Not Hispanic or Latino,Asian,Male,35-44,80.0,Loan originated
1,795000.0,47,995000.0,175.0,1,Not Hispanic or Latino,Asian,Female,45-54,80.0,Loan originated
1,675000.0,47,845000.0,162.0,1,Not Hispanic or Latino,White,Female,25-34,80.0,Loan originated
1,1145000.0,41,1575000.0,315.0,1,Not Hispanic or Latino,Asian,Female,35-44,73.23,Loan originated
1,225000.0,49,525000.0,49.0,1,Not Hispanic or Latino,White,Female,55-64,42.682,Loan originated
1,435000.0,20%-<30%,875000.0,216.0,1,Not Hispanic or Latino,Asian,Male,45-54,50.0,Loan originated
1,195000.0,48,195000.0,63.0,1,Not Hispanic or Latino,White,Female,25-34,97.0,Loan originated
1,555000.0,46,905000.0,125.0,1,Not Hispanic or Latino,White,Female,25-34,60.77,Loan originated
1,525000.0,38,655000.0,140.0,1,Not Hispanic or Latino,Asian,Male,25-34,80.0,Loan originated
1,435000.0,47,535000.0,89.0,1,Not Hispanic or Latino,White,Male,25-34,80.0,Loan originated
1,415000.0,46,455000.0,211.0,1,Not Hispanic or Latino,White,Female,35-44,90.0,Loan originated
1,905000.0,37,1325000.0,282.0,1,Not Hispanic or Latino,Asian,Male,45-54,67.925,Loan originated
1,425000.0,37,535000.0,130.0,1,Not Hispanic or Latino,Asian,Male,25-34,80.0,Loan originated
1,485000.0,39,495000.0,136.0,1,Not Hispanic or Latino,Asian,Male,35-44,97.0,Loan originated
1,545000.0,37,575000.0,131.0,1,Not Hispanic or Latino,Black or African American,Male,35-44,95.0,Loan originated
1,385000.0,20%-<30%,475000.0,159.0,1,Not Hispanic or Latino,White,Male,25-34,80.0,Loan originated
1,765000.0,46,855000.0,338.0,1,Not Hispanic or Latino,White,Female,65-74,90.0,Loan originated
1,755000.0,45,815000.0,265.0,1,Not Hispanic or Latino,White,Male,35-44,91.519,Loan originated
1,645000.0,49,675000.0,147.0,1,Hispanic or Latino,White,Male,25-34,95.0,Loan originated
1,495000.0,48,515000.0,130.0,1,Hispanic or Latino,White,Female,35-44,97.0,Loan originated
1,235000.0,40,345000.0,70.0,1,Not Hispanic or Latino,White,Female,25-34,70.0,Loan originated
1,315000.0,41,325000.0,100.0,1,Hispanic or Latino,White,Female,35-44,95.0,Loan originated
1,535000.0,47,675000.0,133.0,1,Not Hispanic or Latino,Asian,Male,35-44,80.0,Loan originated
1,145000.0,<20%,685000.0,144.0,1,Not Hispanic or Latino,White,Male,25-34,82.206,Loan originated
1,725000.0,36,765000.0,189.0,1,Not Hispanic or Latino,White,Male,35-44,95.0,Loan originated
1,425000.0,30%-<36%,535000.0,172.0,1,Hispanic or Latino,White,Female,35-44,80.0,Application denied
1,795000.0,43,835000.0,184.0,1,Hispanic or Latino,White,Male,25-34,95.0,Loan originated
1,1005000.0,44,1495000.0,255.0,1,Not Hispanic or Latino,White,Female,35-44,66.89,Loan originated
1,375000.0,49,425000.0,95.0,1,Not Hispanic or Latino,White,Male,25-34,90.0,Loan originated
1,245000.0,39,355000.0,58.0,1,Not Hispanic or Latino,White,Female,>74,70.286,Loan originated
1,165000.0,20%-<30%,185000.0,84.0,1,Hispanic or Latino,White,Male,35-44,90.0,Loan originated
1,615000.0,30%-<36%,765000.0,340.0,1,Not Hispanic or Latino,Asian,Female,35-44,80.0,Application denied
1,565000.0,49,735000.0,100.0,1,Not Hispanic or Latino,Asian,Male,45-54,78.0,Loan originated
1,365000.0,38,615000.0,119.0,1,Not Hispanic or Latino,Black or African American,Female,25-34,58.3,Loan originated
1,475000.0,44,725000.0,104.0,1,Not Hispanic or Latino,Asian,Male,25-34,65.97,Loan originated
1,615000.0,45,655000.0,143.0,1,Hispanic or Latino,White,Male,35-44,96.323,Loan originated
1,475000.0,38,525000.0,153.0,1,Hispanic or Latino,White,Female,45-54,90.0,Loan originated
1,925000.0,49,975000.0,288.0,1,Hispanic or Latino,White,Male,25-34,95.0,Loan originated
1,385000.0,48,545000.0,93.0,1,Not Hispanic or Latino,White,Female,55-64,70.0,Loan originated
1,275000.0,48,465000.0,65.0,1,Not Hispanic or Latino,Black or African American,Female,35-44,93.95,Loan originated
1,685000.0,44,1495000.0,21.0,1,Not Hispanic or Latino,Asian,Male,35-44,45.52,Loan originated
1,475000.0,49,595000.0,110.0,1,Not Hispanic or Latino,White,Female,45-54,80.0,Loan originated
1,455000.0,43,565000.0,122.0,1,Not Hispanic or Latino,White,Male,35-44,80.0,Loan originated
1,355000.0,49,665000.0,78.0,1,Not Hispanic or Latino,White,Female,45-54,52.632,Loan originated
1,605000.0,30%-<36%,805000.0,488.0,1,Not Hispanic or Latino,White,Female,25-34,75.0,Loan originated
1,695000.0,30%-<36%,875000.0,339.0,1,Not Hispanic or Latino,Asian,Male,25-34,80.0,Loan originated
1,865000.0,46,1265000.0,246.0,1,Not Hispanic or Latino,White,Male,45-54,68.085,Loan originated
1,325000.0,<20%,525000.0,489.0,1,Not Hispanic or Latino,White,Female,45-54,62.0,Loan originated
1,405000.0,38,455000.0,113.0,1,Not Hispanic or Latino,Black or African American,Male,35-44,90.0,Loan originated
1,295000.0,49,445000.0,70.0,1,Not Hispanic or Latino,White,Female,25-34,66.037,Loan originated
1,265000.0,45,325000.0,91.0,1,Not Hispanic or Latino,White,Female,25-34,80.0,Loan originated
1,595000.0,45,635000.0,223.0,1,Not Hispanic or Latino,White,Female,35-44,95.0,Loan originated
1,285000.0,30%-<36%,315000.0,135.0,1,Not Hispanic or Latino,Asian,Male,25-34,89.746,Loan originated
1,325000.0,48,405000.0,70.0,1,Hispanic or Latino,White,Male,65-74,80.0,Loan originated
1,325000.0,49,345000.0,98.0,1,Hispanic or Latino,White,Female,35-44,95.0,Loan originated
1,685000.0,49,885000.0,175.0,1,Not Hispanic or Latino,Black or African American,Female,35-44,77.27,Loan originated
1,1005000.0,39,1425000.0,247.0,1,Not Hispanic or Latino,Asian,Female,35-44,69.984,Loan originated
1,555000.0,49,575000.0,231.0,1,Hispanic or Latino,White,Male,45-54,100.395,Loan originated
1,635000.0,30%-<36%,835000.0,219.0,1,Not Hispanic or Latino,White,Male,25-34,76.5,Loan originated
1,475000.0,30%-<36%,505000.0,176.0,1,Not Hispanic or Latino,Black or African American,Female,55-64,95.0,Loan originated
1,765000.0,49,1185000.0,263.0,1,Not Hispanic or Latino,White,Male,45-54,64.64,Loan originated
1,645000.0,37,715000.0,160.0,1,Hispanic or Latino,White,Male,25-34,90.0,Loan originated
1,765000.0,39,875000.0,209.0,1,Not Hispanic or Latino,White,Male,25-34,87.287,Loan originated
1,495000.0,46,685000.0,97.0,1,Hispanic or Latino,White,Female,35-44,71.533,Loan originated
1,785000.0,40,1125000.0,219.0,1,Not Hispanic or Latino,White,Male,55-64,70.0,Loan originated
1,475000.0,49,605000.0,98.0,1,Not Hispanic or Latino,Black or African American,Female,65-74,78.334,Loan originated
1,665000.0,45,1265000.0,164.0,1,Not Hispanic or Latino,Asian,Male,25-34,62.45,Loan originated
1,265000.0,46,715000.0,73.0,1,Not Hispanic or Latino,White,Female,55-64,43.089,Loan originated
1,725000.0,42,905000.0,170.0,1,Hispanic or Latino,White,Female,25-34,80.0,Loan originated
1,595000.0,40,1175000.0,444.0,1,Not Hispanic or Latino,White,Female,35-44,50.175,Loan originated
1,385000.0,42,485000.0,155.0,1,Not Hispanic or Latino,White,Female,45-54,80.0,Loan originated
1,305000.0,38,1005000.0,178.0,1,Not Hispanic or Latino,Asian,Female,35-44,30.0,Loan originated
1,675000.0,46,845000.0,169.0,1,Not Hispanic or Latino,Asian,Male,25-34,80.0,Loan originated
1,635000.0,30%-<36%,795000.0,468.0,1,Not Hispanic or Latino,White,Female,25-34,80.0,Loan originated
1,275000.0,46,345000.0,77.0,1,Not Hispanic or Latino,White,Female,55-64,100.0,Loan originated
1,705000.0,36,1005000.0,215.0,1,Not Hispanic or Latino,White,Female,45-54,70.0,Loan originated
1,925000.0,44,1075000.0,239.0,1,Not Hispanic or Latino,Asian,Female,55-64,100.0,Loan originated
1,665000.0,49,825000.0,189.0,1,Not Hispanic or Latino,Asian,Male,25-34,80.0,Loan originated
1,235000.0,45,515000.0,66.0,1,Not Hispanic or Latino,White,Female,55-64,48.0,Loan originated
1,305000.0,30%-<36%,365000.0,103.0,1,Hispanic or Latino,White,Male,35-44,84.72,Loan originated
1,705000.0,40,885000.0,202.0,1,Not Hispanic or Latino,Asian,Female,25-34,80.0,Loan originated
1,545000.0,42,685000.0,216.0,1,Not Hispanic or Latino,White,Female,35-44,80.0,Loan originated
1,575000.0,30%-<36%,725000.0,170.0,1,Not Hispanic or Latino,White,Male,35-44,80.0,Loan originated
1,465000.0,30%-<36%,515000.0,233.0,1,Not Hispanic or Latino,White,Male,25-34,90.0,Loan originated
1,515000.0,48,645000.0,114.0,1,Not Hispanic or Latino,Black or African American,Male,45-54,80.0,Loan originated
1,705000.0,36,805000.0,189.0,1,Not Hispanic or Latino,White,Male,25-34,87.58,Loan originated
1,445000.0,37,475000.0,147.0,1,Not Hispanic or Latino,Asian,Male,25-34,94.984,Loan originated
1,405000.0,44,685000.0,122.0,1,Hispanic or Latino,White,Female,25-34,58.824,Loan originated
1,745000.0,49,995000.0,161.0,1,Not Hispanic or Latino,White,Male,25-34,75.0,Loan originated
1,385000.0,44,555000.0,86.0,1,Not Hispanic or Latino,White,Male,25-34,88.0,Loan originated
1,1045000.0,43,1495000.0,227.0,1,Not Hispanic or Latino,Asian,Male,25-34,69.9,Loan originated
1,1135000.0,20%-<30%,1425000.0,545.0,1,Not Hispanic or Latino,Asian,Male,35-44,80.0,Loan originated
1,395000.0,42,495000.0,122.0,1,Not Hispanic or Latino,White,Male,45-54,80.0,Loan originated
1,365000.0,47,385000.0,128.0,1,Hispanic or Latino,White,Male,35-44,95.0,Loan originated
1,575000.0,20%-<30%,975000.0,16.0,1,Not Hispanic or Latino,Asian,Male,45-54,58.81,Loan originated
1,305000.0,>60%,435000.0,46.0,1,Not Hispanic or Latino,White,Male,35-44,68.49,Application denied
1,375000.0,38,395000.0,98.0,1,Not Hispanic or Latino,White,Male,<25,95.0,Loan originated
1,595000.0,49,705000.0,121.0,1,Hispanic or Latino,White,Female,45-54,85.714,Loan originated
1,365000.0,49,1205000.0,236.0,1,Not Hispanic or Latino,Asian,Male,35-44,30.0,Loan originated
1,405000.0,39,665000.0,115.0,1,Not Hispanic or Latino,White,Male,45-54,60.514,Loan originated
1,595000.0,49,625000.0,174.0,1,Not Hispanic or Latino,White,Male,25-34,95.0,Loan originated
1,1045000.0,47,1605000.0,277.0,1,Not Hispanic or Latino,Asian,Male,35-44,65.0,Loan originated
1,595000.0,49,745000.0,139.0,1,Hispanic or Latino,White,Female,65-74,80.0,Loan originated
1,615000.0,42,875000.0,160.0,1,Not Hispanic or Latino,Native Hawaiian or Other Pacific Islander,Male,<25,70.0,Loan originated
1,765000.0,50%-60%,1525000.0,306.0,1,Not Hispanic or Latino,White,Male,35-44,50.0,Application denied
1,745000.0,46,825000.0,148.0,1,Hispanic or Latino,White,Female,45-54,90.0,Loan originated
1,335000.0,30%-<36%,495000.0,190.0,1,Hispanic or Latino,American Indian or Alaska Native,Female,35-44,68.0,Loan originated
1,405000.0,38,425000.0,151.0,1,Not Hispanic or Latino,White,Male,55-64,95.0,Loan originated
1,705000.0,49,1135000.0,216.0,1,Not Hispanic or Latino,Asian,Male,45-54,62.54,Loan originated
1,525000.0,36,625000.0,149.0,1,Not Hispanic or Latino,White,Male,45-54,85.0,Loan originated
1,255000.0,49,515000.0,61.0,1,Not Hispanic or Latino,White,Female,65-74,51.0,Loan originated
1,625000.0,>60%,835000.0,87.0,1,Not Hispanic or Latino,White,Male,55-64,75.0,Application denied
1,765000.0,36,1765000.0,281.0,1,Not Hispanic or Latino,Asian,Male,25-34,43.326,Loan originated
1,245000.0,<20%,305000.0,151.0,1,Not Hispanic or Latino,Black or African American,Male,35-44,80.0,Application denied
1,465000.0,30%-<36%,575000.0,153.0,1,Not Hispanic or Latino,White,Male,25-34,80.0,Loan originated
1,925000.0,49,1165000.0,198.0,1,Not Hispanic or Latino,White,Female,55-64,80.0,Loan originated
1,445000.0,47,635000.0,95.0,1,Hispanic or Latino,White,Male,25-34,70.079,Loan originated
1,905000.0,42,955000.0,217.0,1,Not Hispanic or Latino,White,Male,55-64,95.0,Loan originated
1,685000.0,30%-<36%,855000.0,287.0,1,Not Hispanic or Latino,White,Female,55-64,80.0,Loan originated
1,595000.0,30%-<36%,665000.0,192.0,1,Not Hispanic or Latino,Asian,Male,35-44,90.0,Loan originated
1,275000.0,50%-60%,305000.0,90.0,1,Hispanic or Latino,White,Female,25-34,89.03,Application denied
1,535000.0,20%-<30%,665000.0,243.0,1,Not Hispanic or Latino,Asian,Male,35-44,80.0,Loan originated
1,205000.0,44,255000.0,60.0,1,Hispanic or Latino,White,Male,25-34,80.0,Loan originated
1,345000.0,49,845000.0,158.0,1,Not Hispanic or Latino,Native Hawaiian or Other Pacific Islander,Male,25-34,40.797,Loan originated
1,745000.0,44,1295000.0,170.0,1,Not Hispanic or Latino,Asian,Male,25-34,57.394,Loan originated
1,885000.0,20%-<30%,1805000.0,385.0,1,Not Hispanic or Latino,White,Female,35-44,48.889,Loan originated
1,575000.0,49,1225000.0,117.0,1,Not Hispanic or Latino,Asian,Male,35-44,46.939,Loan originated
1,95000.0,30%-<36%,845000.0,56.0,1,Not Hispanic or Latino,White,Male,65-74,10.714,Loan originated
1,965000.0,>60%,1655000.0,221.0,1,Not Hispanic or Latino,Asian,Male,25-34,58.485,Application denied
1,265000.0,44,275000.0,73.0,1,Hispanic or Latino,Black or African American,Female,35-44,97.0,Application denied
1,205000.0,30%-<36%,335000.0,264.0,1,Not Hispanic or Latino,White,Male,55-64,59.701,Loan originated
1,505000.0,49,2755000.0,368.0,1,Not Hispanic or Latino,White,Male,55-64,18.182,Loan originated
1,895000.0,43,1115000.0,349.0,1,Not Hispanic or Latino,White,Male,35-44,80.0,Loan originated
1,675000.0,43,755000.0,297.0,1,Hispanic or Latino,White,Male,25-34,90.0,Loan originated
1,535000.0,20%-<30%,725000.0,230.0,1,Not Hispanic or Latino,Asian,Female,45-54,73.62,Loan originated
1,505000.0,47,565000.0,132.0,1,Not Hispanic or Latino,Asian,Male,25-34,90.0,Loan originated
1,175000.0,30%-<36%,385000.0,84.0,1,Not Hispanic or Latino,White,Male,>74,47.026,Loan originated
1,145000.0,48,185000.0,46.0,1,Hispanic or Latino,White,Female,55-64,80.0,Loan originated
1,985000.0,43,1235000.0,230.0,1,Not Hispanic or Latino,Asian,Male,25-34,80.0,Loan originated
1,885000.0,46,935000.0,188.0,1,Not Hispanic or Latino,White,Male,25-34,95.0,Loan originated
1,305000.0,48,655000.0,91.0,1,Not Hispanic or Latino,White,Male,45-54,46.565,Loan originated
1,465000.0,40,485000.0,140.0,1,Hispanic or Latino,White,Female,35-44,95.0,Loan originated
1,455000.0,30%-<36%,655000.0,140.0,1,Not Hispanic or Latino,Asian,Female,25-34,70.0,Loan originated
1,285000.0,45,495000.0,75.0,1,Not Hispanic or Latino,Asian,Male,45-54,57.636,Loan originated
1,765000.0,43,1025000.0,205.0,1,Not Hispanic or Latino,Asian,Female,25-34,74.562,Loan originated
1,1055000.0,40,1315000.0,317.0,1,Not Hispanic or Latino,White,Female,35-44,80.0,Loan originated
1,755000.0,49,1325000.0,157.0,1,Not Hispanic or Latino,White,Female,35-44,56.604,Application denied
1,455000.0,47,565000.0,137.0,1,Hispanic or Latino,White,Female,35-44,80.0,Application denied
1,755000.0,38,1015000.0,190.0,1,Not Hispanic or Latino,White,Female,35-44,75.0,Loan originated
1,605000.0,30%-<36%,705000.0,189.0,1,Not Hispanic or Latino,Black or African American,Male,45-54,85.82,Loan originated
1,485000.0,49,645000.0,93.0,1,Hispanic or Latino,White,Male,25-34,75.0,Loan originated
1,405000.0,36,2255000.0,164.0,1,Not Hispanic or Latino,Asian,Female,35-44,17.778,Loan originated
1,565000.0,46,625000.0,125.0,1,Not Hispanic or Latino,American Indian or Alaska Native,Female,35-44,90.0,Loan originated
1,595000.0,48,615000.0,147.0,1,Not Hispanic or Latino,White,Male,25-34,97.0,Loan originated
1,215000.0,49,225000.0,57.0,1,Hispanic or Latino,White,Female,<25,97.0,Loan originated
1,725000.0,30%-<36%,905000.0,176.0,1,Not Hispanic or Latino,Asian,Female,45-54,80.0,Loan originated
1,415000.0,49,465000.0,105.0,1,Not Hispanic or Latino,White,Male,35-44,90.0,Loan originated
1,385000.0,48,935000.0,176.0,1,Not Hispanic or Latino,Asian,Female,35-44,40.86,Loan originated
1,835000.0,43,985000.0,190.0,1,Not Hispanic or Latino,White,Female,35-44,85.0,Loan originated
1,605000.0,45,645000.0,454.0,1,Not Hispanic or Latino,White,Male,35-44,95.0,Loan originated
1,725000.0,41,805000.0,180.0,1,Not Hispanic or Latino,Asian,Male,35-44,90.0,Loan originated
1,365000.0,40,455000.0,84.0,1,Not Hispanic or Latino,Asian,Male,25-34,80.0,Loan originated
1,145000.0,50%-60%,465000.0,34.0,1,Not Hispanic or Latino,Asian,Female,35-44,30.435,Application denied
1,515000.0,49,545000.0,119.0,1,Hispanic or Latino,White,Female,25-34,95.0,Loan originated
1,465000.0,46,515000.0,112.0,1,Hispanic or Latino,White,Female,55-64,90.0,Loan originated
1,45000.0,20%-<30%,295000.0,100.0,1,Hispanic or Latino,White,Male,65-74,14.38,Loan originated
1,105000.0,30%-<36%,125000.0,72.0,1,Not Hispanic or Latino,White,Male,25-34,90.0,Loan originated
1,1005000.0,>60%,2715000.0,323.0,1,Not Hispanic or Latino,Asian,Female,25-34,36.832,Application denied
1,1105000.0,>60%,2455000.0,238.0,1,Not Hispanic or Latino,Asian,Female,35-44,44.898,Loan originated
1,295000.0,37,405000.0,80.0,1,Not Hispanic or Latino,White,Female,25-34,72.293,Loan originated
1,325000.0,30%-<36%,405000.0,102.0,1,Not Hispanic or Latino,White,Male,35-44,80.0,Loan originated
1,275000.0,49,705000.0,78.0,1,Not Hispanic or Latino,Asian,Female,45-54,39.0,Loan originated
1,395000.0,30%-<36%,465000.0,124.0,1,Not Hispanic or Latino,White,Female,25-34,85.0,Loan originated
1,645000.0,30%-<36%,805000.0,203.0,1,Not Hispanic or Latino,White,Male,25-34,80.0,Loan originated
1,605000.0,36,865000.0,186.0,1,Not Hispanic or Latino,Asian,Female,45-54,70.0,Loan originated
1,155000.0,20%-<30%,915000.0,122.0,1,Hispanic or Latino,White,Female,55-64,16.393,Loan originated
1,515000.0,49,575000.0,120.0,1,Not Hispanic or Latino,Asian,Female,35-44,90.0,Loan originated
1,745000.0,44,1005000.0,279.0,1,Not Hispanic or Latino,Asian,Female,25-34,74.14,Loan originated
1,405000.0,45,435000.0,105.0,1,Not Hispanic or Latino,White,Male,25-34,95.0,Loan originated
1,655000.0,49,825000.0,208.0,1,Hispanic or Latino,White,Female,45-54,80.0,Loan originated
1,825000.0,39,1025000.0,196.0,1,Not Hispanic or Latino,Asian,Female,45-54,80.0,Loan originated
1,335000.0,46,415000.0,82.0,1,Hispanic or Latino,White,Female,25-34,80.0,Loan originated
1,535000.0,30%-<36%,675000.0,120.0,1,Not Hispanic or Latino,Asian,Female,25-34,95.0,Application denied
1,235000.0,47,255000.0,121.0,1,Not Hispanic or Latino,White,Female,55-64,95.0,Application denied
1,635000.0,48,795000.0,169.0,1,Hispanic or Latino,White,Female,45-54,80.0,Loan originated
1,305000.0,49,605000.0,65.0,1,Not Hispanic or Latino,Black or African American,Male,55-64,50.0,Loan originated
1,585000.0,46,735000.0,129.0,1,Not Hispanic or Latino,Asian,Male,25-34,80.0,Loan originated
1,485000.0,44,575000.0,121.0,1,Not Hispanic or Latino,White,Female,25-34,85.0,Loan originated
1,155000.0,30%-<36%,165000.0,77.0,1,Hispanic or Latino,White,Male,45-54,94.956,Loan originated
1,495000.0,44,555000.0,152.0,1,Not Hispanic or Latino,Asian,Female,45-54,90.0,Loan originated
1,525000.0,44,645000.0,134.0,1,Not Hispanic or Latino,Black or African American,Male,25-34,102.0,Loan originated
1,155000.0,41,295000.0,94.0,1,Not Hispanic or Latino,White,Female,65-74,53.448,Loan originated
1,725000.0,20%-<30%,905000.0,826.0,1,Not Hispanic or Latino,White,Male,25-34,80.0,Loan originated
1,1155000.0,39,1655000.0,507.0,1,Not Hispanic or Latino,White,Male,25-34,70.0,Loan originated
1,525000.0,<20%,655000.0,405.0,1,Not Hispanic or Latino,Asian,Female,55-64,80.0,Loan originated
1,305000.0,39,545000.0,128.0,1,Not Hispanic or Latino,White,Male,35-44,55.56,Loan originated
1,485000.0,45,555000.0,200.0,1,Not Hispanic or Latino,White,Female,35-44,95.0,Loan originated
1,625000.0,49,795000.0,143.0,1,Not Hispanic or Latino,White,Female,25-34,77.625,Loan originated
1,585000.0,20%-<30%,665000.0,346.0,1,Not Hispanic or Latino,White,Male,55-64,88.636,Loan originated
1,595000.0,36,635000.0,180.0,1,Not Hispanic or Latino,Black or African American,Female,45-54,95.0,Loan originated
1,575000.0,39,725000.0,151.0,1,Not Hispanic or Latino,White,Female,45-54,96.0,Loan originated
1,575000.0,30%-<36%,615000.0,234.0,1,Hispanic or Latino,White,Male,45-54,94.2,Loan originated
1,615000.0,>60%,1415000.0,37.0,1,Not Hispanic or Latino,White,Female,65-74,43.62,Application denied
1,415000.0,49,465000.0,85.0,1,Hispanic or Latino,White,Female,45-54,89.89,Loan originated
1,635000.0,30%-<36%,845000.0,240.0,1,Not Hispanic or Latino,2 or more minority races,Male,45-54,75.0,Loan originated
1,155000.0,36,255000.0,95.0,1,Not Hispanic or Latino,White,Female,65-74,62.66,Loan originated
1,1145000.0,48,1545000.0,327.0,1,Not Hispanic or Latino,Asian,Female,35-44,74.42,Loan originated
1,405000.0,40,475000.0,300.0,1,Not Hispanic or Latino,White,Female,35-44,83.85,Loan originated
1,445000.0,48,595000.0,228.0,1,Not Hispanic or Latino,White,Male,35-44,75.0,Loan originated
1,475000.0,41,525000.0,120.0,1,Hispanic or Latino,White,Male,25-34,90.0,Loan originated
1,945000.0,20%-<30%,1305000.0,393.0,1,Not Hispanic or Latino,Asian,Female,35-44,80.0,Loan originated
1,315000.0,49,335000.0,78.0,1,Hispanic or Latino,White,Male,55-64,95.0,Loan originated
1,665000.0,47,885000.0,176.0,1,Not Hispanic or Latino,Asian,Male,35-44,75.0,Application denied
1,665000.0,46,835000.0,161.0,1,Not Hispanic or Latino,White,Male,25-34,80.0,Loan originated
1,825000.0,46,1105000.0,250.0,1,Not Hispanic or Latino,White,Male,45-54,75.0,Loan originated
1,1075000.0,41,1375000.0,275.0,1,Not Hispanic or Latino,White,Male,45-54,78.182,Loan originated
1,1025000.0,49,1205000.0,241.0,1,Not Hispanic or Latino,White,Male,35-44,85.0,Loan originated
1,125000.0,47,215000.0,100.0,1,Hispanic or Latino,White,Male,25-34,58.716,Loan originated
1,605000.0,41,765000.0,192.0,1,Not Hispanic or Latino,Asian,Male,25-34,78.947,Loan originated
1,95000.0,<20%,185000.0,84.0,1,Not Hispanic or Latino,American Indian or Alaska Native,Male,65-74,50.0,Loan originated
1,195000.0,37,255000.0,68.0,1,Not Hispanic or Latino,White,Male,35-44,80.0,Loan originated
1,495000.0,44,565000.0,111.0,1,Not Hispanic or Latino,Asian,Male,25-34,87.5,Application denied
1,1005000.0,44,1385000.0,226.0,1,Not Hispanic or Latino,Asian,Female,35-44,72.05,Loan originated
1,565000.0,49,815000.0,132.0,1,Not Hispanic or Latino,Asian,Male,25-34,69.283,Loan originated
1,365000.0,37,465000.0,132.0,1,Not Hispanic or Latino,Asian,Male,25-34,80.0,Loan originated
1,355000.0,48,445000.0,84.0,1,Not Hispanic or Latino,White,Male,25-34,80.0,Loan originated
1,765000.0,30%-<36%,1325000.0,242.0,1,Not Hispanic or Latino,White,Male,45-54,57.85,Loan originated
1,435000.0,20%-<30%,655000.0,227.0,1,Not Hispanic or Latino,White,Male,25-34,66.154,Loan originated
1,565000.0,40,595000.0,183.0,1,Hispanic or Latino,Native Hawaiian or Other Pacific Islander,Male,25-34,95.0,Loan originated
1,555000.0,43,955000.0,125.0,1,Hispanic or Latino,White,Male,25-34,57.895,Loan originated
1,105000.0,30%-<36%,135000.0,46.0,1,Not Hispanic or Latino,White,Female,>74,72.99,Loan originated
1,445000.0,38,465000.0,172.0,1,Hispanic or Latino,White,Female,25-34,95.0,Loan originated
1,215000.0,20%-<30%,245000.0,263.0,1,Not Hispanic or Latino,White,Male,45-54,75.0,Application denied
1,965000.0,37,1205000.0,262.0,1,Not Hispanic or Latino,Asian,Female,35-44,80.0,Loan originated
1,365000.0,46,455000.0,79.0,1,Hispanic or Latino,White,Male,35-44,80.0,Loan originated
1,245000.0,37,725000.0,81.0,1,Hispanic or Latino,White,Female,65-74,33.793,Loan originated
1,755000.0,20%-<30%,1205000.0,210.0,1,Not Hispanic or Latino,Asian,Male,25-34,62.5,Loan originated
1,405000.0,49,925000.0,111.0,1,Hispanic or Latino,White,Male,>74,44.0,Loan originated
1,255000.0,30%-<36%,315000.0,130.0,1,Not Hispanic or Latino,White,Male,45-54,80.0,Loan originated
1,595000.0,49,675000.0,157.0,1,Hispanic or Latino,White,Female,45-54,88.06,Loan originated
1,255000.0,20%-<30%,455000.0,146.0,1,Not Hispanic or Latino,White,Male,55-64,55.067,Loan originated
1,285000.0,20%-<30%,355000.0,117.0,1,Not Hispanic or Latino,White,Male,25-34,80.0,Loan originated
1,295000.0,30%-<36%,795000.0,131.0,1,Not Hispanic or Latino,Asian,Male,25-34,36.71,Loan originated
1,625000.0,45,645000.0,155.0,1,Not Hispanic or Latino,White,Female,25-34,97.0,Loan originated
1,605000.0,42,765000.0,183.0,1,Hispanic or Latino,White,Female,25-34,80.0,Loan originated
1,385000.0,42,485000.0,119.0,1,Not Hispanic or Latino,White,Female,25-34,80.0,Loan originated
1,1305000.0,>60%,1955000.0,231.0,1,Not Hispanic or Latino,White,Male,45-54,66.67,Application denied
1,375000.0,36,775000.0,114.0,1,Not Hispanic or Latino,White,Female,55-64,48.052,Loan originated
1,245000.0,45,315000.0,55.0,1,Not Hispanic or Latino,Asian,Female,65-74,79.818,Loan originated
1,1125000.0,44,1405000.0,312.0,1,Not Hispanic or Latino,White,Female,65-74,80.0,Loan originated
1,495000.0,44,625000.0,127.0,1,Not Hispanic or Latino,White,Male,35-44,80.0,Loan originated
1,455000.0,20%-<30%,625000.0,212.0,1,Not Hispanic or Latino,Asian,Male,45-54,72.0,Loan originated
1,625000.0,44,775000.0,173.0,1,Not Hispanic or Latino,White,Female,25-34,80.0,Loan originated
1,355000.0,44,475000.0,84.0,1,Not Hispanic or Latino,Asian,Male,25-34,95.0,Loan originated
1,535000.0,30%-<36%,675000.0,190.0,1,Not Hispanic or Latino,White,Male,65-74,79.997,Loan originated
1,1045000.0,30%-<36%,1305000.0,339.0,1,Not Hispanic or Latino,White,Male,35-44,80.0,Loan originated
1,515000.0,44,645000.0,132.0,1,Not Hispanic or Latino,Asian,Male,35-44,80.0,Loan originated
1,555000.0,30%-<36%,695000.0,188.0,1,Not Hispanic or Latino,White,Male,35-44,80.0,Loan originated
1,585000.0,46,735000.0,191.0,1,Hispanic or Latino,White,Male,45-54,80.0,Loan originated
1,285000.0,20%-<30%,355000.0,180.0,1,Not Hispanic or Latino,White,Male,25-34,80.0,Loan originated
1,425000.0,41,445000.0,107.0,1,Not Hispanic or Latino,Black or African American,Male,45-54,96.14,Loan originated
1,345000.0,44,595000.0,129.0,1,Not Hispanic or Latino,Asian,Male,25-34,57.983,Loan originated
1,1145000.0,40,1525000.0,299.0,1,Not Hispanic or Latino,White,Male,45-54,75.0,Loan originated
1,665000.0,>60%,605000.0,52.0,1,Not Hispanic or Latino,White,Male,35-44,110.84,Application denied
1,695000.0,30%-<36%,775000.0,204.0,1,Not Hispanic or Latino,Asian,Male,35-44,90.0,Loan originated
1,665000.0,30%-<36%,735000.0,203.0,1,Not Hispanic or Latino,Asian,Male,25-34,90.0,Loan originated
1,565000.0,40,715000.0,168.0,1,Not Hispanic or Latino,White,Male,35-44,80.0,Loan originated
1,635000.0,49,675000.0,194.0,1,Hispanic or Latino,White,Female,35-44,95.0,Loan originated
1,1005000.0,20%-<30%,1685000.0,464.0,1,Not Hispanic or Latino,Asian,Male,35-44,59.524,Loan originated
1,405000.0,46,455000.0,130.0,1,Hispanic or Latino,White,Male,45-54,90.0,Loan originated
1,625000.0,30%-<36%,775000.0,340.0,1,Not Hispanic or Latino,White,Male,55-64,80.0,Loan originated
1,135000.0,45,255000.0,41.0,1,Not Hispanic or Latino,White,Female,65-74,53.38,Loan originated
1,365000.0,30%-<36%,585000.0,145.0,1,Not Hispanic or Latino,White,Male,35-44,62.372,Loan originated
1,135000.0,41,375000.0,79.0,1,Not Hispanic or Latino,White,Male,45-54,35.53,Loan originated
1,325000.0,41,345000.0,85.0,1,Not Hispanic or Latino,Asian,Male,35-44,100.0,Loan originated
1,705000.0,47,1865000.0,173.0,1,Not Hispanic or Latino,Asian,Female,35-44,37.635,Loan originated
1,565000.0,48,665000.0,113.0,1,Not Hispanic or Latino,Asian,Male,35-44,84.94,Loan originated
1,665000.0,36,735000.0,172.0,1,Not Hispanic or Latino,Asian,Female,35-44,90.91,Loan originated
1,425000.0,30%-<36%,455000.0,165.0,1,Hispanic or Latino,White,Female,35-44,95.0,Loan originated
1,695000.0,43,735000.0,190.0,1,Hispanic or Latino,White,Male,25-34,95.0,Loan originated
1,645000.0,41,1045000.0,185.0,1,Not Hispanic or Latino,White,Female,55-64,61.538,Loan originated
1,335000.0,49,425000.0,215.0,1,Not Hispanic or Latino,White,Male,>74,80.0,Loan originated
1,315000.0,40,535000.0,135.0,1,Hispanic or Latino,White,Male,35-44,58.879,Loan originated
1,765000.0,>60%,955000.0,18.0,1,Not Hispanic or Latino,Asian,Male,55-64,80.0,Application denied
1,695000.0,37,735000.0,181.0,1,Hispanic or Latino,White,Male,35-44,95.0,Loan originated
1,675000.0,40,805000.0,186.0,1,Not Hispanic or Latino,Asian,Female,45-54,83.024,Loan originated
1,935000.0,45,1165000.0,263.0,1,Not Hispanic or Latino,Asian,Male,35-44,80.0,Loan originated
1,545000.0,47,725000.0,266.0,1,Not Hispanic or Latino,White,Female,35-44,75.0,Loan originated
1,705000.0,46,1035000.0,147.0,1,Not Hispanic or Latino,Asian,Female,35-44,67.96,Loan originated
1,365000.0,38,385000.0,96.0,1,Hispanic or Latino,White,Male,35-44,100.0,Loan originated
1,165000.0,46,175000.0,42.0,1,Not Hispanic or Latino,White,Male,<25,100.0,Loan originated
1,935000.0,48,985000.0,279.0,1,Hispanic or Latino,White,Male,45-54,95.0,Loan originated
1,235000.0,47,245000.0,51.0,1,Hispanic or Latino,White,Female,45-54,97.0,Loan originated
1,385000.0,48,485000.0,73.0,1,Not Hispanic or Latino,White,Male,35-44,79.0,Loan originated
1,165000.0,<20%,355000.0,113.0,1,Not Hispanic or Latino,White,Male,35-44,46.479,Loan originated
1,905000.0,39,955000.0,242.0,1,Not Hispanic or Latino,White,Female,35-44,95.0,Loan originated
1,655000.0,30%-<36%,885000.0,214.0,1,Not Hispanic or Latino,Asian,Female,35-44,73.86,Loan originated
1,745000.0,20%-<30%,765000.0,382.0,1,Not Hispanic or Latino,Asian,Male,25-34,97.0,Loan originated
1,155000.0,45,1175000.0,114.0,1,Not Hispanic or Latino,Black or African American,Female,55-64,12.82,Loan originated
1,395000.0,30%-<36%,525000.0,135.0,1,Not Hispanic or Latino,Asian,Male,25-34,75.0,Loan originated
1,765000.0,49,805000.0,155.0,1,Hispanic or Latino,White,Male,35-44,95.0,Loan originated
1,345000.0,20%-<30%,365000.0,165.0,1,Not Hispanic or Latino,White,Female,35-44,95.0,Loan originated
1,165000.0,30%-<36%,175000.0,110.0,1,Hispanic or Latino,White,Female,25-34,95.0,Loan originated
1,715000.0,43,885000.0,220.0,1,Not Hispanic or Latino,White,Male,35-44,80.0,Loan originated
1,735000.0,50%-60%,765000.0,187.0,1,Not Hispanic or Latino,Asian,Male,25-34,95.0,Application denied
1,1005000.0,<20%,1345000.0,0.0,1,Not Hispanic or Latino,Asian,Male,25-34,75.0,Application denied
1,245000.0,30%-<36%,325000.0,96.0,1,Not Hispanic or Latino,White,Male,25-34,75.38,Loan originated
1,705000.0,50%-60%,825000.0,137.0,1,Not Hispanic or Latino,Black or African American,Female,45-54,85.0,Loan originated
1,455000.0,48,485000.0,102.0,1,Hispanic or Latino,White,Male,<25,95.0,Loan originated
1,335000.0,49,875000.0,79.0,1,Not Hispanic or Latino,White,Female,25-34,38.215,Loan originated
1,245000.0,46,305000.0,127.0,1,Hispanic or Latino,White,Female,35-44,80.0,Loan originated
1,425000.0,37,535000.0,182.0,1,Not Hispanic or Latino,White,Male,35-44,80.0,Loan originated
1,195000.0,<20%,265000.0,175.0,1,Not Hispanic or Latino,Asian,Male,35-44,75.0,Loan originated
1,585000.0,42,835000.0,146.0,1,Not Hispanic or Latino,White,Female,25-34,70.0,Loan originated
1,715000.0,47,755000.0,157.0,1,Hispanic or Latino,White,Female,55-64,95.0,Loan originated
1,415000.0,20%-<30%,715000.0,176.0,1,Hispanic or Latino,White,Male,25-34,57.92,Loan originated
1,715000.0,46,755000.0,187.0,1,Hispanic or Latino,White,Male,25-34,95.0,Loan originated
1,455000.0,39,765000.0,124.0,1,Not Hispanic or Latino,White,Male,25-34,60.0,Loan originated
1,705000.0,48,1395000.0,219.0,1,Not Hispanic or Latino,White,Male,65-74,51.0,Loan originated
1,725000.0,38,765000.0,210.0,1,Not Hispanic or Latino,Black or African American,Female,45-54,95.0,Loan originated
1,685000.0,48,725000.0,188.0,1,Not Hispanic or Latino,Asian,Female,25-34,95.0,Loan originated
1,175000.0,30%-<36%,605000.0,78.0,1,Not Hispanic or Latino,Black or African American,Female,55-64,28.333,Loan originated
1,585000.0,49,1005000.0,150.0,1,Not Hispanic or Latino,Asian,Male,65-74,58.5,Loan originated
1,495000.0,36,585000.0,129.0,1,Not Hispanic or Latino,Asian,Female,25-34,85.0,Loan originated
1,655000.0,42,825000.0,158.0,1,Not Hispanic or Latino,White,Female,35-44,80.0,Loan originated
1,395000.0,37,405000.0,119.0,1,Hispanic or Latino,White,Male,25-34,100.0,Loan originated
1,235000.0,47,465000.0,59.0,1,Not Hispanic or Latino,White,Female,>74,51.09,Loan originated
1,315000.0,20%-<30%,355000.0,116.0,1,Hispanic or Latino,White,Female,25-34,90.0,Loan originated
1,505000.0,47,535000.0,127.0,1,Hispanic or Latino,White,Male,25-34,95.0,Loan originated
1,1145000.0,43,1335000.0,300.0,1,Not Hispanic or Latino,Asian,Female,45-54,87.0,Loan originated
1,485000.0,42,545000.0,132.0,1,Hispanic or Latino,White,Male,<25,89.9,Loan originated
1,455000.0,40,475000.0,115.0,1,Not Hispanic or Latino,White,Female,25-34,95.0,Loan originated
1,425000.0,49,445000.0,142.0,1,Not Hispanic or Latino,Black or African American,Male,45-54,95.0,Loan originated
1,105000.0,49,175000.0,42.0,1,Not Hispanic or Latino,White,Male,45-54,59.0,Loan originated
1,485000.0,37,645000.0,120.0,1,Hispanic or Latino,White,Male,55-64,75.0,Loan originated
1,315000.0,43,615000.0,85.0,1,Not Hispanic or Latino,White,Male,25-34,50.82,Loan originated
1,595000.0,49,645000.0,221.0,1,Not Hispanic or Latino,White,Male,25-34,92.307,Loan originated
1,275000.0,40,475000.0,85.0,1,Not Hispanic or Latino,White,Male,35-44,58.06,Loan originated
1,655000.0,40,815000.0,157.0,1,Not Hispanic or Latino,Asian,Female,25-34,80.0,Loan originated
1,265000.0,47,275000.0,73.0,1,Not Hispanic or Latino,White,Female,65-74,100.0,Loan originated
1,975000.0,20%-<30%,1225000.0,346.0,1,Not Hispanic or Latino,Asian,Male,45-54,80.0,Loan originated
1,345000.0,48,645000.0,83.0,1,Not Hispanic or Latino,Asian,Female,25-34,53.0,Loan originated
1,355000.0,20%-<30%,375000.0,337.0,1,Not Hispanic or Latino,White,Male,25-34,95.0,Loan originated
1,255000.0,45,1305000.0,87.0,1,Not Hispanic or Latino,Asian,Female,45-54,19.231,Loan originated
1,1135000.0,30%-<36%,1895000.0,403.0,1,Not Hispanic or Latino,Asian,Male,35-44,60.0,Loan originated
1,695000.0,37,865000.0,265.0,1,Not Hispanic or Latino,White,Female,45-54,80.0,Loan originated
1,345000.0,49,505000.0,78.0,1,Not Hispanic or Latino,Asian,Female,<25,67.659,Loan originated
1,255000.0,20%-<30%,945000.0,136.0,1,Not Hispanic or Latino,Asian,Male,55-64,26.596,Loan originated
1,605000.0,47,755000.0,199.0,1,Hispanic or Latino,White,Male,45-54,80.0,Loan originated
1,655000.0,20%-<30%,935000.0,308.0,1,Not Hispanic or Latino,Asian,Male,45-54,89.99,Loan originated
1,695000.0,48,1895000.0,180.0,1,Not Hispanic or Latino,Asian,Male,35-44,36.675,Loan originated
1,675000.0,47,825000.0,174.0,1,Not Hispanic or Latino,White,Male,45-54,100.0,Loan originated
1,165000.0,43,175000.0,59.0,1,Not Hispanic or Latino,White,Female,45-54,95.0,Loan originated
1,155000.0,46,615000.0,59.0,1,Not Hispanic or Latino,White,Female,>74,24.359,Loan originated
1,585000.0,49,655000.0,156.0,1,Not Hispanic or Latino,Asian,Male,35-44,90.0,Loan originated
1,565000.0,>60%,715000.0,105.0,1,Not Hispanic or Latino,Asian,Male,25-34,80.0,Application denied
1,875000.0,45,1455000.0,248.0,1,Not Hispanic or Latino,White,Male,35-44,60.0,Loan originated
1,495000.0,44,565000.0,115.0,1,Not Hispanic or Latino,Asian,Male,25-34,87.698,Loan originated
1,115000.0,38,125000.0,73.0,1,Hispanic or Latino,White,Male,<25,95.0,Application denied
1,345000.0,20%-<30%,455000.0,121.0,1,Not Hispanic or Latino,White,Male,25-34,75.0,Loan originated
1,1005000.0,49,1505000.0,252.0,1,Not Hispanic or Latino,White,Male,45-54,67.0,Loan originated
1,705000.0,40,885000.0,219.0,1,Hispanic or Latino,White,Male,55-64,80.0,Loan originated
1,1065000.0,20%-<30%,1335000.0,626.0,1,Not Hispanic or Latino,White,Male,25-34,80.0,Loan originated
1,215000.0,48,555000.0,68.0,1,Not Hispanic or Latino,White,Male,35-44,38.182,Loan originated
1,555000.0,47,785000.0,134.0,1,Not Hispanic or Latino,Asian,Female,35-44,70.72,Loan originated
1,245000.0,43,255000.0,62.0,1,Not Hispanic or Latino,White,Female,55-64,97.0,Loan originated
1,405000.0,37,1265000.0,149.0,1,Not Hispanic or Latino,White,Female,55-64,31.696,Loan originated
1,525000.0,47,545000.0,120.0,1,Not Hispanic or Latino,Asian,Male,35-44,95.0,Loan originated
1,755000.0,50%-60%,995000.0,148.0,1,Not Hispanic or Latino,Asian,Male,25-34,76.0,Application denied
1,695000.0,<20%,865000.0,542.0,1,Not Hispanic or Latino,White,Male,25-34,80.0,Loan originated
1,835000.0,49,885000.0,167.0,1,Hispanic or Latino,White,Male,35-44,95.0,Loan originated
1,745000.0,42,935000.0,173.0,1,Hispanic or Latino,White,Male,45-54,80.0,Loan originated
1,445000.0,20%-<30%,465000.0,209.0,1,Not Hispanic or Latino,White,Male,35-44,95.0,Loan originated
1,425000.0,38,455000.0,109.0,1,Not Hispanic or Latino,White,Male,25-34,95.0,Loan originated
1,475000.0,46,1015000.0,109.0,1,Hispanic or Latino,White,Female,55-64,47.134,Loan originated
1,515000.0,30%-<36%,605000.0,214.0,1,Not Hispanic or Latino,White,Male,25-34,85.0,Loan originated
1,475000.0,41,595000.0,157.0,1,Not Hispanic or Latino,Asian,Male,25-34,80.0,Loan originated
1,335000.0,44,415000.0,104.0,1,Not Hispanic or Latino,Asian,Female,55-64,80.0,Loan originated
1,765000.0,30%-<36%,975000.0,228.0,1,Not Hispanic or Latino,Asian,Female,35-44,78.615,Loan originated
1,865000.0,42,1155000.0,233.0,1,Not Hispanic or Latino,White,Male,45-54,75.0,Loan originated
1,955000.0,>60%,1555000.0,184.0,1,Not Hispanic or Latino,Asian,Female,25-34,61.41,Application denied
1,555000.0,39,625000.0,197.0,1,Not Hispanic or Latino,Black or African American,Male,55-64,90.0,Application denied
1,755000.0,40,1075000.0,228.0,1,Not Hispanic or Latino,Asian,Male,35-44,70.0,Loan originated
1,675000.0,30%-<36%,835000.0,210.0,1,Hispanic or Latino,White,Male,55-64,80.0,Loan originated
1,615000.0,43,655000.0,188.0,1,Not Hispanic or Latino,White,Female,35-44,95.0,Loan originated
1,525000.0,46,675000.0,121.0,1,Hispanic or Latino,White,Male,25-34,100.0,Loan originated
1,735000.0,20%-<30%,825000.0,323.0,1,Not Hispanic or Latino,White,Male,25-34,89.0,Loan originated
1,805000.0,50%-60%,855000.0,168.0,1,Not Hispanic or Latino,Asian,Male,35-44,94.0,Loan originated
1,255000.0,48,655000.0,73.0,1,Not Hispanic or Latino,White,Female,>74,39.692,Loan originated
1,305000.0,<20%,415000.0,211.0,1,Not Hispanic or Latino,Asian,Male,25-34,75.0,Loan originated
1,965000.0,46,1215000.0,215.0,1,Not Hispanic or Latino,Asian,Male,25-34,80.0,Loan originated
1,465000.0,30%-<36%,495000.0,144.0,1,Not Hispanic or Latino,White,Female,55-64,95.0,Loan originated
1,865000.0,38,1095000.0,279.0,1,Hispanic or Latino,White,Male,45-54,79.13,Loan originated
1,735000.0,49,925000.0,173.0,1,Hispanic or Latino,White,Female,35-44,80.0,Loan originated
1,795000.0,20%-<30%,995000.0,319.0,1,Not Hispanic or Latino,Asian,Male,25-34,80.0,Loan originated
1,575000.0,47,605000.0,137.0,1,Hispanic or Latino,White,Male,35-44,95.0,Loan originated
1,805000.0,40,845000.0,185.0,1,Hispanic or Latino,White,Male,25-34,95.0,Loan originated
1,375000.0,>60%,475000.0,54.0,1,Not Hispanic or Latino,Black or African American,Male,25-34,80.0,Application denied
1,665000.0,49,885000.0,132.0,1,Not Hispanic or Latino,Asian,Female,35-44,74.719,Loan originated
1,125000.0,41,315000.0,121.0,1,Not Hispanic or Latino,Asian,Female,25-34,39.683,Loan originated
1,355000.0,40,365000.0,97.0,1,Hispanic or Latino,White,Female,25-34,97.0,Loan originated
1,335000.0,50%-60%,425000.0,75.0,1,Not Hispanic or Latino,Asian,Male,65-74,100.0,Application denied
1,545000.0,41,575000.0,127.0,1,Hispanic or Latino,White,Female,55-64,95.0,Loan originated
1,475000.0,38,485000.0,136.0,1,Not Hispanic or Latino,White,Female,45-54,99.558,Loan originated
1,215000.0,43,715000.0,68.0,1,Not Hispanic or Latino,White,Female,25-34,30.06,Loan originated
1,605000.0,45,755000.0,127.0,1,Not Hispanic or Latino,Asian,Male,25-34,80.0,Loan originated
1,305000.0,44,325000.0,63.0,1,Not Hispanic or Latino,White,Male,35-44,95.0,Loan originated
1,285000.0,48,465000.0,80.0,1,Hispanic or Latino,White,Male,25-34,62.93,Loan originated
1,545000.0,30%-<36%,685000.0,290.0,1,Not Hispanic or Latino,White,Female,45-54,80.0,Loan originated
1,455000.0,50%-60%,475000.0,96.0,1,Hispanic or Latino,White,Male,45-54,95.0,Application denied
1,625000.0,30%-<36%,715000.0,207.0,1,Not Hispanic or Latino,White,Female,45-54,87.5,Loan originated
1,325000.0,36,355000.0,100.0,1,Not Hispanic or Latino,White,Male,25-34,90.0,Application denied
1,765000.0,37,1035000.0,213.0,1,Not Hispanic or Latino,Asian,Male,45-54,74.213,Application denied
1,445000.0,<20%,645000.0,289.0,1,Not Hispanic or Latino,White,Female,25-34,69.23,Loan originated
1,355000.0,49,475000.0,127.0,1,Not Hispanic or Latino,Asian,Female,>74,75.0,Loan originated
1,275000.0,30%-<36%,465000.0,235.0,1,Not Hispanic or Latino,White,Male,25-34,59.46,Loan originated
1,495000.0,44,515000.0,112.0,1,Hispanic or Latino,White,Female,35-44,95.0,Loan originated
1,555000.0,46,685000.0,113.0,1,Not Hispanic or Latino,Asian,Male,45-54,80.0,Loan originated
1,55000.0,20%-<30%,185000.0,34.0,1,Not Hispanic or Latino,White,Female,>74,27.78,Loan originated
1,365000.0,30%-<36%,375000.0,159.0,1,Not Hispanic or Latino,White,Female,25-34,100.0,Loan originated
1,325000.0,49,475000.0,78.0,1,Not Hispanic or Latino,White,Female,55-64,67.79,Loan originated
1,505000.0,44,1205000.0,128.0,1,Not Hispanic or Latino,White,Female,35-44,43.67,Loan originated
1,495000.0,49,515000.0,122.0,1,Not Hispanic or Latino,Black or African American,Female,25-34,97.0,Loan originated
1,295000.0,50%-60%,385000.0,53.0,1,Hispanic or Latino,White,Male,35-44,76.623,Loan originated
1,515000.0,37,575000.0,167.0,1,Not Hispanic or Latino,White,Male,55-64,90.0,Loan originated
1,1145000.0,48,1215000.0,336.0,1,Hispanic or Latino,White,Male,35-44,95.0,Loan originated
1,5000.0,30%-<36%,305000.0,75.0,1,Hispanic or Latino,White,Female,55-64,101.964,Loan originated
1,575000.0,41,955000.0,332.0,1,Not Hispanic or Latino,White,Male,65-74,60.0,Loan originated
1,175000.0,20%-<30%,215000.0,68.0,1,Hispanic or Latino,White,Female,25-34,80.0,Loan originated
1,445000.0,<20%,475000.0,550.0,1,Not Hispanic or Latino,White,Male,<25,95.0,Loan originated
1,725000.0,44,845000.0,164.0,1,Not Hispanic or Latino,Asian,Male,25-34,85.0,Loan originated
1,635000.0,41,765000.0,159.0,1,Hispanic or Latino,White,Male,25-34,83.203,Loan originated
1,525000.0,30%-<36%,965000.0,171.0,1,Not Hispanic or Latino,White,Male,55-64,54.28,Loan originated
1,595000.0,37,895000.0,178.0,1,Not Hispanic or Latino,White,Female,45-54,66.366,Loan originated
1,875000.0,41,1255000.0,185.0,1,Not Hispanic or Latino,Asian,Male,25-34,69.6,Loan originated
1,255000.0,39,265000.0,101.0,1,Not Hispanic or Latino,White,Male,25-34,95.0,Loan originated
1,215000.0,30%-<36%,235000.0,128.0,1,Not Hispanic or Latino,White,Male,55-64,89.916,Loan originated
1,455000.0,37,735000.0,129.0,1,Hispanic or Latino,White,Male,25-34,61.64,Loan originated
1,365000.0,43,455000.0,73.0,1,Not Hispanic or Latino,Asian,Male,25-34,80.0,Loan originated
1,245000.0,45,255000.0,85.0,1,Hispanic or Latino,White,Male,35-44,95.0,Loan originated
1,155000.0,20%-<30%,895000.0,142.0,1,Not Hispanic or Latino,Asian,Male,45-54,16.705,Loan originated
1,595000.0,45,615000.0,148.0,1,Not Hispanic or Latino,Asian,Female,25-34,97.0,Loan originated
1,1125000.0,43,1405000.0,299.0,1,Hispanic or Latino,White,Male,35-44,80.0,Loan originated
1,475000.0,49,625000.0,111.0,1,Not Hispanic or Latino,White,Male,35-44,75.806,Loan originated
1,735000.0,49,1005000.0,152.0,1,Not Hispanic or Latino,Asian,Female,25-34,73.0,Loan originated
1,675000.0,20%-<30%,845000.0,277.0,1,Not Hispanic or Latino,Asian,Male,35-44,80.0,Loan originated
1,755000.0,43,1035000.0,208.0,1,Not Hispanic or Latino,White,Female,35-44,72.7,Loan originated
1,335000.0,45,355000.0,82.0,1,Not Hispanic or Latino,White,Female,55-64,95.0,Loan originated
1,325000.0,49,405000.0,67.0,1,Not Hispanic or Latino,White,Male,25-34,80.0,Loan originated
1,105000.0,36,665000.0,60.0,1,Not Hispanic or Latino,White,Female,>74,15.152,Loan originated
1,405000.0,<20%,2005000.0,661.0,1,Hispanic or Latino,White,Male,45-54,20.0,Loan originated
1,155000.0,30%-<36%,285000.0,44.0,1,Hispanic or Latino,White,Female,45-54,89.29,Loan originated
1,465000.0,30%-<36%,525000.0,212.0,1,Not Hispanic or Latino,American Indian or Alaska Native,Female,35-44,90.0,Loan originated
1,445000.0,45,875000.0,112.0,1,Not Hispanic or Latino,Asian,Male,25-34,52.66,Loan originated
1,385000.0,49,475000.0,79.0,1,Not Hispanic or Latino,Asian,Male,55-64,80.0,Loan originated
1,215000.0,20%-<30%,525000.0,132.0,1,Not Hispanic or Latino,Black or African American,Female,<25,40.385,Loan originated
1,1055000.0,43,1325000.0,359.0,1,Not Hispanic or Latino,Asian,Male,35-44,80.0,Loan originated
1,275000.0,44,625000.0,70.0,1,Not Hispanic or Latino,American Indian or Alaska Native,Female,55-64,44.0,Loan originated
1,935000.0,46,1255000.0,504.0,1,Hispanic or Latino,White,Female,35-44,75.0,Loan originated
1,495000.0,30%-<36%,625000.0,177.0,1,Not Hispanic or Latino,White,Male,25-34,80.0,Loan originated
1,335000.0,<20%,415000.0,203.0,1,Not Hispanic or Latino,White,Male,45-54,80.0,Loan originated
1,375000.0,45,555000.0,94.0,1,Hispanic or Latino,White,Male,35-44,67.568,Loan originated
1,625000.0,<20%,775000.0,2103.0,1,Not Hispanic or Latino,White,Female,45-54,80.0,Loan originated
1,495000.0,40,665000.0,191.0,1,Not Hispanic or Latino,Asian,Female,65-74,74.782,Loan originated
1,705000.0,38,755000.0,180.0,1,Not Hispanic or Latino,White,Male,25-34,93.333,Loan originated
1,455000.0,49,565000.0,107.0,1,Not Hispanic or Latino,Asian,Male,35-44,80.0,Loan originated
1,695000.0,30%-<36%,1025000.0,232.0,1,Not Hispanic or Latino,White,Female,45-54,67.81,Loan originated
1,225000.0,46,405000.0,60.0,1,Hispanic or Latino,White,Male,45-54,55.147,Loan originated
1,735000.0,36,775000.0,204.0,1,Hispanic or Latino,White,Male,<25,95.0,Loan originated
1,695000.0,42,775000.0,285.0,1,Not Hispanic or Latino,Asian,Male,35-44,89.99,Loan originated
1,325000.0,30%-<36%,345000.0,184.0,1,Hispanic or Latino,White,Female,55-64,95.0,Loan originated
1,1045000.0,50%-60%,1615000.0,197.0,1,Not Hispanic or Latino,Asian,Male,35-44,65.0,Loan originated
1,785000.0,37,1055000.0,227.0,1,Not Hispanic or Latino,Asian,Male,25-34,75.0,Loan originated
1,825000.0,42,1595000.0,203.0,1,Not Hispanic or Latino,White,Male,25-34,51.29,Loan originated
1,585000.0,48,975000.0,130.0,1,Not Hispanic or Latino,Black or African American,Female,65-74,60.0,Loan originated
1,1035000.0,42,1295000.0,360.0,1,Not Hispanic or Latino,White,Female,65-74,80.0,Loan originated
1,495000.0,44,665000.0,117.0,1,Not Hispanic or Latino,White,Female,35-44,75.0,Loan originated
1,1045000.0,30%-<36%,1745000.0,318.0,1,Not Hispanic or Latino,White,Female,35-44,59.771,Loan originated
1,455000.0,44,505000.0,91.0,1,Not Hispanic or Latino,Asian,Male,35-44,90.0,Loan originated
1,515000.0,48,865000.0,152.0,1,Not Hispanic or Latino,White,Male,65-74,59.538,Loan originated
1,355000.0,38,375000.0,126.0,1,Hispanic or Latino,White,Female,25-34,100.395,Loan originated
1,935000.0,37,1455000.0,307.0,1,Not Hispanic or Latino,White,Female,45-54,64.14,Application denied
1,545000.0,43,675000.0,110.0,1,Hispanic or Latino,White,Female,25-34,80.0,Loan originated
1,295000.0,49,325000.0,72.0,1,Hispanic or Latino,White,Male,25-34,90.0,Loan originated
1,365000.0,48,525000.0,148.0,1,Hispanic or Latino,White,Female,35-44,70.0,Application denied
1,855000.0,36,1705000.0,214.0,1,Not Hispanic or Latino,2 or more minority races,Female,45-54,50.0,Loan originated
1,765000.0,46,955000.0,168.0,1,Not Hispanic or Latino,White,Male,25-34,83.416,Loan originated
1,565000.0,>60%,775000.0,127.0,1,Hispanic or Latino,White,Female,45-54,72.26,Application denied
1,245000.0,20%-<30%,745000.0,180.0,1,Not Hispanic or Latino,Asian,Female,25-34,32.886,Loan originated
1,95000.0,20%-<30%,115000.0,78.0,1,Not Hispanic or Latino,Asian,Female,55-64,79.31,Loan originated
1,595000.0,30%-<36%,795000.0,213.0,1,Not Hispanic or Latino,Asian,Male,25-34,75.0,Loan originated
1,755000.0,47,1085000.0,149.0,1,Not Hispanic or Latino,Asian,Male,25-34,69.91,Loan originated
1,565000.0,50%-60%,635000.0,136.0,1,Not Hispanic or Latino,White,Female,45-54,90.0,Application denied
1,635000.0,30%-<36%,845000.0,205.0,1,Not Hispanic or Latino,Asian,Male,35-44,75.0,Application denied
1,185000.0,20%-<30%,195000.0,114.0,1,Not Hispanic or Latino,White,Male,25-34,95.0,Loan originated
1,595000.0,20%-<30%,745000.0,305.0,1,Not Hispanic or Latino,White,Female,45-54,80.0,Loan originated
1,755000.0,44,775000.0,202.0,1,Not Hispanic or Latino,Asian,Female,35-44,99.75,Loan originated
1,715000.0,>60%,755000.0,89.0,1,Hispanic or Latino,White,Male,25-34,95.0,Application denied
1,1005000.0,<20%,3155000.0,697.0,1,Not Hispanic or Latino,Asian,Male,25-34,31.746,Loan originated
1,425000.0,39,525000.0,134.0,1,Hispanic or Latino,White,Female,<25,80.0,Loan originated
1,555000.0,>60%,585000.0,161.0,1,Not Hispanic or Latino,Asian,Male,45-54,95.0,Application denied
1,215000.0,41,495000.0,61.0,1,Not Hispanic or Latino,White,Male,65-74,43.232,Loan originated
1,585000.0,43,655000.0,157.0,1,Not Hispanic or Latino,White,Female,35-44,90.0,Loan originated
1,845000.0,30%-<36%,1205000.0,264.0,1,Not Hispanic or Latino,Asian,Male,35-44,69.97,Loan originated
1,485000.0,41,515000.0,119.0,1,Hispanic or Latino,Asian,Female,25-34,95.0,Loan originated
1,595000.0,30%-<36%,745000.0,247.0,1,Not Hispanic or Latino,White,Male,55-64,80.0,Loan originated
1,1075000.0,49,1195000.0,229.0,1,Not Hispanic or Latino,Asian,Male,25-34,90.0,Application denied
1,435000.0,30%-<36%,545000.0,171.0,1,Not Hispanic or Latino,Asian,Female,55-64,80.0,Loan originated
1,285000.0,20%-<30%,305000.0,118.0,1,Not Hispanic or Latino,Asian,Male,25-34,95.0,Loan originated
1,815000.0,30%-<36%,1025000.0,295.0,1,Not Hispanic or Latino,White,Male,35-44,80.0,Loan originated
1,445000.0,39,595000.0,126.0,1,Hispanic or Latino,White,Male,45-54,75.0,Loan originated
1,685000.0,30%-<36%,975000.0,221.0,1,Not Hispanic or Latino,Asian,Female,25-34,70.0,Loan originated
1,905000.0,48,1405000.0,298.0,1,Not Hispanic or Latino,Asian,Male,<25,64.29,Loan originated
1,495000.0,50%-60%,525000.0,119.0,1,Hispanic or Latino,White,Male,25-34,95.0,Application denied
1,285000.0,49,495000.0,101.0,1,Hispanic or Latino,White,Female,35-44,57.91,Loan originated
1,605000.0,40,645000.0,160.0,1,Not Hispanic or Latino,Native Hawaiian or Other Pacific Islander,Female,35-44,93.023,Loan originated
1,475000.0,44,755000.0,114.0,1,Hispanic or Latino,White,Female,45-54,80.0,Loan originated
1,1005000.0,42,1415000.0,290.0,1,Not Hispanic or Latino,White,Male,45-54,71.0,Loan originated
1,365000.0,50%-60%,385000.0,78.0,1,Hispanic or Latino,White,Male,55-64,95.0,Loan originated
1,555000.0,49,625000.0,129.0,1,Not Hispanic or Latino,Asian,Female,25-34,90.0,Loan originated
1,75000.0,43,235000.0,53.0,1,Not Hispanic or Latino,White,Male,65-74,29.64,Application denied
1,465000.0,36,475000.0,139.0,1,Hispanic or Latino,White,Male,25-34,97.0,Loan originated
1,325000.0,20%-<30%,405000.0,115.0,1,Hispanic or Latino,American Indian or Alaska Native,Male,25-34,80.0,Loan originated
1,675000.0,39,965000.0,207.0,1,Not Hispanic or Latino,White,Male,35-44,70.0,Loan originated
1,625000.0,43,665000.0,170.0,1,Not Hispanic or Latino,White,Female,35-44,95.0,Loan originated
1,335000.0,30%-<36%,355000.0,271.0,1,Not Hispanic or Latino,White,Male,25-34,94.148,Loan originated
1,255000.0,43,335000.0,128.0,1,Hispanic or Latino,White,Female,25-34,74.702,Loan originated
1,945000.0,48,1185000.0,256.0,1,Not Hispanic or Latino,Black or African American,Female,35-44,80.0,Loan originated
1,715000.0,45,745000.0,176.0,1,Not Hispanic or Latino,Asian,Male,25-34,95.01,Loan originated
1,765000.0,42,955000.0,200.0,1,Not Hispanic or Latino,Asian,Female,35-44,80.0,Loan originated
1,345000.0,49,655000.0,83.0,1,Not Hispanic or Latino,Asian,Female,<25,51.91,Loan originated
1,375000.0,44,455000.0,121.0,1,Hispanic or Latino,White,Male,35-44,103.556,Loan originated
1,425000.0,<20%,455000.0,221.0,1,Hispanic or Latino,White,Male,35-44,95.0,Loan originated
1,225000.0,42,275000.0,91.0,1,Hispanic or Latino,White,Male,45-54,80.0,Loan originated
1,355000.0,39,435000.0,87.0,1,Not Hispanic or Latino,White,Male,35-44,80.0,Loan originated
1,125000.0,39,305000.0,83.0,1,Not Hispanic or Latino,Asian,Male,35-44,80.351,Loan originated
1,445000.0,20%-<30%,745000.0,551.0,1,Not Hispanic or Latino,Asian,Male,35-44,59.459,Loan originated
1,855000.0,50%-60%,1225000.0,246.0,1,Not Hispanic or Latino,Asian,Male,35-44,70.0,Loan originated
1,825000.0,44,1035000.0,360.0,1,Not Hispanic or Latino,White,Female,35-44,80.0,Loan originated
1,635000.0,43,1015000.0,259.0,1,Not Hispanic or Latino,White,Male,25-34,62.376,Loan originated
1,55000.0,50%-60%,75000.0,30.0,1,Not Hispanic or Latino,White,Female,65-74,67.05,Application denied
1,325000.0,44,335000.0,98.0,1,Hispanic or Latino,White,Male,25-34,97.0,Loan originated
1,285000.0,30%-<36%,785000.0,152.0,1,Not Hispanic or Latino,White,Male,65-74,36.629,Loan originated
1,625000.0,<20%,775000.0,1573.0,1,Not Hispanic or Latino,Asian,Male,45-54,80.0,Loan originated
1,735000.0,46,915000.0,252.0,1,Not Hispanic or Latino,Asian,Male,35-44,80.0,Loan originated
1,505000.0,43,635000.0,133.0,1,Not Hispanic or Latino,White,Female,35-44,79.874,Loan originated
1,345000.0,47,355000.0,76.0,1,Hispanic or Latino,White,Male,25-34,97.0,Loan originated
1,415000.0,38,465000.0,104.0,1,Not Hispanic or Latino,Asian,Female,25-34,90.0,Loan originated
1,545000.0,<20%,675000.0,619.0,1,Hispanic or Latino,White,Male,55-64,80.0,Loan originated
1,905000.0,49,1225000.0,271.0,1,Not Hispanic or Latino,Asian,Female,35-44,73.29,Loan originated
1,425000.0,48,455000.0,82.0,1,Not Hispanic or Latino,White,Male,45-54,95.0,Loan originated
1,615000.0,20%-<30%,875000.0,300.0,1,Not Hispanic or Latino,Asian,Male,35-44,70.0,Loan originated
1,665000.0,49,775000.0,160.0,1,Not Hispanic or Latino,White,Male,25-34,85.0,Loan originated
1,755000.0,41,835000.0,232.0,1,Not Hispanic or Latino,White,Female,25-34,89.99,Loan originated
1,265000.0,39,335000.0,154.0,1,Not Hispanic or Latino,White,Female,45-54,80.0,Loan originated
1,425000.0,40,875000.0,145.0,1,Not Hispanic or Latino,Asian,Female,25-34,49.0,Loan originated
1,965000.0,49,1205000.0,291.0,1,Not Hispanic or Latino,White,Male,45-54,80.0,Application denied
1,515000.0,39,535000.0,150.0,1,Not Hispanic or Latino,Black or African American,Female,35-44,97.0,Loan originated
1,905000.0,43,1205000.0,281.0,1,Not Hispanic or Latino,Asian,Female,35-44,75.0,Loan originated
1,395000.0,30%-<36%,695000.0,141.0,1,Not Hispanic or Latino,White,Male,45-54,57.082,Loan originated
1,405000.0,30%-<36%,775000.0,155.0,1,Not Hispanic or Latino,White,Female,55-64,52.987,Loan originated
1,585000.0,30%-<36%,735000.0,213.0,1,Not Hispanic or Latino,Asian,Male,35-44,80.0,Loan originated
1,265000.0,36,765000.0,147.0,1,Not Hispanic or Latino,White,Male,45-54,34.968,Loan originated
1,285000.0,30%-<36%,355000.0,96.0,1,Not Hispanic or Latino,Asian,Female,45-54,80.0,Loan originated
1,905000.0,40,1125000.0,276.0,1,Not Hispanic or Latino,Asian,Male,35-44,80.0,Loan originated
1,145000.0,36,385000.0,52.0,1,Not Hispanic or Latino,White,Female,65-74,38.954,Loan originated
1,585000.0,41,675000.0,149.0,1,Not Hispanic or Latino,Asian,Female,25-34,85.93,Loan originated
1,265000.0,48,285000.0,132.0,1,Not Hispanic or Latino,White,Female,25-34,95.0,Loan originated
1,395000.0,47,415000.0,87.0,1,Hispanic or Latino,White,Male,55-64,100.0,Loan originated
1,445000.0,43,465000.0,133.0,1,Hispanic or Latino,White,Male,35-44,95.0,Loan originated
1,385000.0,46,415000.0,102.0,1,Not Hispanic or Latino,Asian,Male,55-64,95.0,Loan originated
1,755000.0,48,945000.0,167.0,1,Hispanic or Latino,White,Female,55-64,80.0,Application denied
1,595000.0,46,715000.0,131.0,1,Not Hispanic or Latino,Asian,Female,55-64,86.803,Loan originated
1,535000.0,40,715000.0,268.0,1,Not Hispanic or Latino,Asian,Female,45-54,80.0,Loan originated
1,365000.0,48,435000.0,117.0,1,Not Hispanic or Latino,White,Female,45-54,85.0,Loan originated
1,505000.0,44,545000.0,113.0,1,Hispanic or Latino,White,Female,35-44,93.0,Loan originated
1,595000.0,20%-<30%,665000.0,546.0,1,Not Hispanic or Latino,White,Female,35-44,89.9,Loan originated
1,455000.0,47,475000.0,101.0,1,Hispanic or Latino,American Indian or Alaska Native,Female,35-44,95.0,Loan originated
1,325000.0,48,345000.0,67.0,1,Hispanic or Latino,White,Male,45-54,100.0,Loan originated
1,235000.0,20%-<30%,635000.0,116.0,1,Not Hispanic or Latino,White,Female,65-74,37.008,Loan originated
1,225000.0,50%-60%,245000.0,102.0,1,Not Hispanic or Latino,White,Male,65-74,90.65,Loan originated
1,295000.0,43,315000.0,109.0,1,Not Hispanic or Latino,Asian,Male,25-34,95.0,Loan originated
1,345000.0,42,375000.0,78.0,1,Not Hispanic or Latino,White,Female,45-54,89.974,Loan originated
1,1025000.0,47,1705000.0,211.0,1,Not Hispanic or Latino,White,Female,65-74,60.0,Loan originated
1,405000.0,48,505000.0,95.0,1,Hispanic or Latino,White,Male,25-34,80.0,Application denied
1,195000.0,38,245000.0,83.0,1,Hispanic or Latino,White,Female,35-44,80.0,Loan originated
1,245000.0,30%-<36%,935000.0,113.0,1,Not Hispanic or Latino,White,Female,35-44,26.355,Loan originated
1,515000.0,36,575000.0,139.0,1,Not Hispanic or Latino,Asian,Male,35-44,90.0,Loan originated
1,665000.0,30%-<36%,1465000.0,276.0,1,Not Hispanic or Latino,White,Female,55-64,45.205,Loan originated
1,475000.0,36,585000.0,198.0,1,Not Hispanic or Latino,Asian,Male,25-34,80.0,Loan originated
1,1145000.0,30%-<36%,1955000.0,305.0,1,Not Hispanic or Latino,Asian,Female,35-44,59.0,Loan originated
1,405000.0,40,515000.0,221.0,1,Not Hispanic or Latino,Asian,Male,35-44,80.0,Loan originated
1,725000.0,38,905000.0,350.0,1,Not Hispanic or Latino,White,Male,35-44,80.0,Loan originated
1,435000.0,46,465000.0,91.0,1,Hispanic or Latino,White,Male,45-54,95.0,Loan originated
1,625000.0,49,665000.0,147.0,1,Not Hispanic or Latino,White,Female,25-34,95.0,Loan originated
1,105000.0,<20%,505000.0,109.0,1,Not Hispanic or Latino,White,Female,>74,20.0,Application denied
1,325000.0,47,455000.0,72.0,1,Not Hispanic or Latino,Asian,Male,55-64,71.739,Loan originated
1,775000.0,47,815000.0,180.0,1,Not Hispanic or Latino,White,Male,35-44,95.0,Loan originated
1,725000.0,36,905000.0,282.0,1,Not Hispanic or Latino,White,Female,35-44,80.0,Loan originated
1,285000.0,20%-<30%,365000.0,178.0,1,Not Hispanic or Latino,Asian,Female,35-44,80.0,Loan originated
1,505000.0,41,725000.0,154.0,1,Not Hispanic or Latino,Asian,Female,25-34,69.92,Loan originated
1,355000.0,46,445000.0,115.0,1,Not Hispanic or Latino,White,Female,65-74,80.0,Loan originated
1,765000.0,20%-<30%,1265000.0,469.0,1,Not Hispanic or Latino,White,Male,45-54,61.0,Loan originated
1,535000.0,47,555000.0,113.0,1,Not Hispanic or Latino,Black or African American,Male,65-74,100.0,Loan originated
1,495000.0,42,555000.0,108.0,1,Not Hispanic or Latino,White,Male,35-44,89.189,Loan originated
1,585000.0,42,835000.0,150.0,1,Not Hispanic or Latino,Asian,Female,25-34,70.0,Loan originated
1,725000.0,40,805000.0,185.0,1,Not Hispanic or Latino,White,Male,25-34,90.0,Loan originated
1,1055000.0,49,2315000.0,236.0,1,Not Hispanic or Latino,Asian,Male,45-54,45.29,Loan originated
1,255000.0,<20%,475000.0,342.0,1,Not Hispanic or Latino,White,Male,45-54,55.0,Loan originated
1,755000.0,36,795000.0,238.0,1,Not Hispanic or Latino,White,Female,25-34,95.0,Loan originated
1,165000.0,30%-<36%,765000.0,119.0,1,Not Hispanic or Latino,Asian,Male,35-44,21.995,Loan originated
1,1005000.0,44,2135000.0,286.0,1,Not Hispanic or Latino,Asian,Male,45-54,46.8,Loan originated
1,755000.0,42,845000.0,305.0,1,Hispanic or Latino,Asian,Female,45-54,90.0,Loan originated
1,385000.0,50%-60%,485000.0,131.0,1,Not Hispanic or Latino,Asian,Female,<25,80.0,Application denied
1,555000.0,44,625000.0,145.0,1,Not Hispanic or Latino,White,Female,35-44,90.0,Loan originated
1,415000.0,20%-<30%,615000.0,140.0,1,Not Hispanic or Latino,2 or more minority races,Female,35-44,67.281,Application denied
1,985000.0,>60%,1235000.0,150.0,1,Not Hispanic or Latino,Asian,Male,25-34,80.0,Application denied
1,505000.0,45,925000.0,130.0,1,Not Hispanic or Latino,Asian,Male,25-34,54.17,Loan originated
1,405000.0,20%-<30%,805000.0,157.0,1,Hispanic or Latino,White,Female,45-54,50.0,Loan originated
1,855000.0,47,1005000.0,175.0,1,Hispanic or Latino,White,Female,35-44,85.0,Loan originated
1,335000.0,48,375000.0,85.0,1,Not Hispanic or Latino,White,Male,25-34,90.0,Loan originated
1,585000.0,38,835000.0,148.0,1,Not Hispanic or Latino,White,Female,25-34,70.0,Loan originated
1,1055000.0,42,1405000.0,254.0,1,Not Hispanic or Latino,Asian,Male,25-34,75.0,Loan originated
1,405000.0,44,455000.0,178.0,1,Not Hispanic or Latino,White,Female,55-64,90.0,Loan originated
1,785000.0,20%-<30%,1965000.0,475.0,1,Not Hispanic or Latino,Asian,Male,45-54,40.0,Loan originated
1,965000.0,30%-<36%,1205000.0,289.0,1,Not Hispanic or Latino,White,Female,35-44,80.0,Loan originated
1,535000.0,30%-<36%,725000.0,152.0,1,Not Hispanic or Latino,Asian,Female,25-34,73.103,Loan originated
1,665000.0,30%-<36%,885000.0,203.0,1,Not Hispanic or Latino,White,Male,45-54,75.0,Loan originated
1,545000.0,20%-<30%,735000.0,241.0,1,Not Hispanic or Latino,White,Male,45-54,75.0,Loan originated
1,555000.0,49,585000.0,149.0,1,Hispanic or Latino,White,Female,35-44,95.0,Loan originated
1,235000.0,37,285000.0,107.0,1,Not Hispanic or Latino,White,Male,65-74,85.0,Loan originated
1,125000.0,20%-<30%,305000.0,82.0,1,Hispanic or Latino,White,Male,55-64,40.0,Loan originated
1,705000.0,48,885000.0,144.0,1,Not Hispanic or Latino,Asian,Male,25-34,80.0,Loan originated
1,575000.0,47,765000.0,120.0,1,Not Hispanic or Latino,Asian,Male,35-44,75.0,Loan originated
1,115000.0,36,595000.0,51.0,1,Not Hispanic or Latino,White,Female,65-74,18.364,Loan originated
1,285000.0,43,585000.0,136.0,1,Not Hispanic or Latino,Asian,Male,45-54,48.46,Loan originated
1,435000.0,44,515000.0,101.0,1,Not Hispanic or Latino,White,Female,25-34,86.139,Loan originated
1,345000.0,43,425000.0,104.0,1,Not Hispanic or Latino,White,Male,25-34,80.0,Loan originated
1,205000.0,46,875000.0,60.0,1,Not Hispanic or Latino,White,Male,35-44,22.99,Loan originated
1,335000.0,48,365000.0,100.0,1,Not Hispanic or Latino,White,Male,25-34,90.0,Loan originated
1,455000.0,47,1825000.0,204.0,1,Not Hispanic or Latino,White,Male,45-54,25.0,Loan originated
1,505000.0,48,525000.0,108.0,1,Not Hispanic or Latino,Asian,Male,35-44,95.0,Loan originated
1,795000.0,45,885000.0,198.0,1,Not Hispanic or Latino,White,Male,45-54,90.0,Loan originated
1,595000.0,20%-<30%,745000.0,475.0,1,Not Hispanic or Latino,White,Male,25-34,80.0,Loan originated
1,225000.0,49,285000.0,42.0,1,Hispanic or Latino,White,Female,55-64,79.018,Loan originated
1,405000.0,42,675000.0,145.0,1,Not Hispanic or Latino,Asian,Male,35-44,59.172,Loan originated
1,475000.0,42,915000.0,125.0,1,Not Hispanic or Latino,White,Female,35-44,52.25,Loan originated
1,225000.0,40,295000.0,103.0,1,Not Hispanic or Latino,White,Female,45-54,76.712,Loan originated
1,365000.0,48,465000.0,78.0,1,Not Hispanic or Latino,Asian,Male,35-44,78.913,Loan originated
1,435000.0,40,465000.0,106.0,1,Not Hispanic or Latino,White,Male,45-54,95.0,Loan originated
1,415000.0,46,835000.0,106.0,1,Not Hispanic or Latino,Asian,Male,25-34,50.0,Loan originated
1,765000.0,46,865000.0,158.0,1,Not Hispanic or Latino,White,Male,25-34,88.966,Loan originated
1,195000.0,48,265000.0,42.0,1,Hispanic or Latino,White,Male,45-54,75.0,Loan originated
1,655000.0,46,1665000.0,183.0,1,Not Hispanic or Latino,Asian,Female,25-34,39.039,Loan originated
1,445000.0,49,575000.0,185.0,1,Not Hispanic or Latino,Asian,Male,<25,76.5,Loan originated
1,625000.0,45,1255000.0,167.0,1,Not Hispanic or Latino,White,Male,25-34,50.0,Loan originated
1,585000.0,49,695000.0,190.0,1,Not Hispanic or Latino,White,Male,25-34,84.7,Loan originated
1,665000.0,48,855000.0,150.0,1,Not Hispanic or Latino,White,Male,35-44,78.0,Loan originated
1,355000.0,30%-<36%,425000.0,140.0,1,Not Hispanic or Latino,White,Male,25-34,84.561,Loan originated
1,375000.0,39,425000.0,109.0,1,Not Hispanic or Latino,White,Male,25-34,88.12,Loan originated
1,645000.0,20%-<30%,805000.0,217.0,1,Hispanic or Latino,White,Male,45-54,80.0,Loan originated
1,465000.0,20%-<30%,575000.0,162.0,1,Not Hispanic or Latino,Asian,Male,35-44,80.0,Loan originated
1,195000.0,49,955000.0,56.0,1,Not Hispanic or Latino,Asian,Male,35-44,20.31,Loan originated
1,125000.0,30%-<36%,525000.0,70.0,1,Hispanic or Latino,White,Female,45-54,22.857,Loan originated
1,485000.0,49,605000.0,105.0,1,Hispanic or Latino,White,Female,25-34,80.0,Loan originated
1,855000.0,43,1325000.0,321.0,1,Not Hispanic or Latino,Asian,Male,35-44,70.0,Loan originated
1,285000.0,41,295000.0,78.0,1,Hispanic or Latino,American Indian or Alaska Native,Female,45-54,96.66,Loan originated
1,985000.0,48,1325000.0,434.0,1,Not Hispanic or Latino,Asian,Female,35-44,74.08,Loan originated
1,725000.0,48,1725000.0,220.0,1,Hispanic or Latino,White,Female,55-64,42.145,Loan originated
1,915000.0,48,1215000.0,198.0,1,Hispanic or Latino,White,Male,55-64,75.0,Loan originated
1,785000.0,43,985000.0,201.0,1,Not Hispanic or Latino,Asian,Female,25-34,80.0,Loan originated
1,755000.0,30%-<36%,945000.0,219.0,1,Not Hispanic or Latino,Asian,Male,35-44,80.0,Loan originated
1,455000.0,41,505000.0,163.0,1,Not Hispanic or Latino,Asian,Female,45-54,88.999,Loan originated
1,375000.0,49,595000.0,83.0,1,Not Hispanic or Latino,White,Male,55-64,63.069,Loan originated
1,165000.0,48,235000.0,43.0,1,Not Hispanic or Latino,Asian,Male,<25,70.0,Loan originated
1,1005000.0,38,1055000.0,337.0,1,Not Hispanic or Latino,White,Male,35-44,95.0,Loan originated
1,985000.0,44,1095000.0,222.0,1,Not Hispanic or Latino,Asian,Male,35-44,89.99,Loan originated
1,485000.0,20%-<30%,605000.0,226.0,1,Hispanic or Latino,White,Male,55-64,80.0,Loan originated
1,305000.0,47,405000.0,64.0,1,Hispanic or Latino,White,Female,25-34,75.0,Loan originated
1,605000.0,49,675000.0,133.0,1,Not Hispanic or Latino,Asian,Male,25-34,90.0,Loan originated
1,445000.0,42,565000.0,196.0,1,Not Hispanic or Latino,White,Female,55-64,80.0,Loan originated
1,765000.0,46,1695000.0,228.0,1,Not Hispanic or Latino,White,Female,45-54,45.224,Loan originated
1,685000.0,50%-60%,855000.0,172.0,1,Not Hispanic or Latino,Asian,Female,25-34,80.0,Loan originated
1,375000.0,30%-<36%,505000.0,202.0,1,Hispanic or Latino,White,Male,55-64,75.0,Loan originated
1,555000.0,41,695000.0,148.0,1,Not Hispanic or Latino,White,Male,35-44,80.0,Loan originated
1,1005000.0,30%-<36%,1295000.0,8022.0,1,Not Hispanic or Latino,White,Male,25-34,80.0,Loan originated
1,655000.0,48,745000.0,116.0,1,Not Hispanic or Latino,Asian,Male,35-44,87.876,Loan originated
1,415000.0,20%-<30%,485000.0,208.0,1,Hispanic or Latino,White,Female,65-74,86.05,Loan originated
1,125000.0,<20%,525000.0,102.0,1,Not Hispanic or Latino,White,Female,55-64,24.615,Loan originated
1,975000.0,42,1305000.0,221.0,1,Not Hispanic or Latino,White,Male,25-34,75.0,Loan originated
1,1005000.0,<20%,1965000.0,603.0,1,Not Hispanic or Latino,Asian,Male,25-34,51.02,Loan originated
1,495000.0,45,705000.0,118.0,1,Hispanic or Latino,White,Male,25-34,69.602,Loan originated
1,365000.0,<20%,455000.0,302.0,1,Not Hispanic or Latino,Asian,Male,25-34,80.0,Loan originated
1,355000.0,42,475000.0,139.0,1,Not Hispanic or Latino,White,Female,25-34,75.0,Loan originated
1,555000.0,47,575000.0,111.0,1,Not Hispanic or Latino,Asian,Male,45-54,95.0,Loan originated
1,175000.0,45,235000.0,45.0,1,Not Hispanic or Latino,White,Female,65-74,72.689,Loan originated
1,585000.0,49,695000.0,130.0,1,Not Hispanic or Latino,Asian,Female,65-74,85.0,Loan originated
1,385000.0,49,405000.0,76.0,1,Hispanic or Latino,White,Male,25-34,95.0,Loan originated
1,365000.0,37,405000.0,94.0,1,Not Hispanic or Latino,White,Male,35-44,88.889,Loan originated
1,375000.0,20%-<30%,625000.0,213.0,1,Not Hispanic or Latino,Asian,Female,45-54,60.484,Loan originated
1,595000.0,49,795000.0,242.0,1,Not Hispanic or Latino,Black or African American,Female,55-64,75.0,Loan originated
1,485000.0,38,825000.0,165.0,1,Not Hispanic or Latino,White,Female,55-64,59.51,Loan originated
1,805000.0,36,1065000.0,243.0,1,Not Hispanic or Latino,Asian,Male,45-54,75.0,Loan originated
1,565000.0,42,585000.0,143.0,1,Hispanic or Latino,White,Female,55-64,97.0,Loan originated
1,645000.0,45,715000.0,140.0,1,Hispanic or Latino,White,Male,25-34,89.99,Loan originated
1,685000.0,47,725000.0,164.0,1,Hispanic or Latino,White,Male,25-34,94.966,Loan originated
1,385000.0,44,405000.0,93.0,1,Hispanic or Latino,White,Female,35-44,95.0,Loan originated
1,505000.0,47,675000.0,110.0,1,Hispanic or Latino,White,Male,55-64,75.0,Loan originated
1,435000.0,47,485000.0,140.0,1,Not Hispanic or Latino,Asian,Female,35-44,90.0,Loan originated
1,215000.0,30%-<36%,225000.0,91.0,1,Not Hispanic or Latino,Black or African American,Female,65-74,95.0,Loan originated
1,445000.0,46,565000.0,119.0,1,Not Hispanic or Latino,Asian,Male,35-44,80.0,Loan originated
1,685000.0,45,855000.0,165.0,1,Not Hispanic or Latino,White,Female,45-54,80.0,Loan originated
1,1065000.0,44,1935000.0,665.0,1,Not Hispanic or Latino,Asian,Female,45-54,55.0,Application denied
1,715000.0,30%-<36%,735000.0,206.0,1,Not Hispanic or Latino,White,Female,35-44,97.0,Loan originated
1,335000.0,46,415000.0,96.0,1,Not Hispanic or Latino,White,Male,25-34,81.608,Loan originated
1,365000.0,20%-<30%,515000.0,291.0,1,Not Hispanic or Latino,White,Female,25-34,69.903,Loan originated
1,765000.0,20%-<30%,955000.0,422.0,1,Hispanic or Latino,White,Male,35-44,80.0,Loan originated
1,485000.0,49,515000.0,121.0,1,Hispanic or Latino,White,Male,25-34,95.0,Loan originated
1,415000.0,20%-<30%,555000.0,174.0,1,Not Hispanic or Latino,White,Female,25-34,75.0,Loan originated
1,955000.0,20%-<30%,1365000.0,419.0,1,Not Hispanic or Latino,White,Male,25-34,70.0,Loan originated
1,575000.0,49,725000.0,142.0,1,Hispanic or Latino,White,Male,45-54,80.0,Loan originated
1,235000.0,38,295000.0,65.0,1,Not Hispanic or Latino,White,Male,25-34,80.0,Loan originated
1,305000.0,47,415000.0,66.0,1,Not Hispanic or Latino,Asian,Female,>74,72.178,Loan originated
1,355000.0,30%-<36%,915000.0,130.0,1,Not Hispanic or Latino,White,Male,45-54,38.26,Loan originated
1,845000.0,37,1055000.0,206.0,1,Not Hispanic or Latino,Asian,Male,25-34,80.0,Loan originated
1,605000.0,40,755000.0,169.0,1,Not Hispanic or Latino,Asian,Male,35-44,80.0,Loan originated
1,535000.0,49,885000.0,130.0,1,Not Hispanic or Latino,Asian,Male,25-34,61.0,Loan originated
1,225000.0,39,235000.0,117.0,1,Not Hispanic or Latino,White,Female,25-34,95.0,Loan originated
1,295000.0,43,355000.0,84.0,1,Not Hispanic or Latino,Asian,Male,55-64,85.0,Application denied
1,305000.0,30%-<36%,665000.0,88.0,1,Not Hispanic or Latino,White,Male,25-34,45.15,Loan originated
1,395000.0,30%-<36%,425000.0,177.0,1,Hispanic or Latino,White,Male,35-44,95.0,Loan originated
1,625000.0,50%-60%,665000.0,141.0,1,Not Hispanic or Latino,Asian,Female,25-34,95.0,Application denied
1,215000.0,<20%,1355000.0,275.0,1,Not Hispanic or Latino,White,Male,55-64,15.741,Loan originated
1,395000.0,20%-<30%,715000.0,165.0,1,Not Hispanic or Latino,Asian,Female,35-44,55.0,Loan originated
1,475000.0,41,495000.0,127.0,1,Hispanic or Latino,White,Female,25-34,96.99,Loan originated
1,515000.0,45,645000.0,125.0,1,Not Hispanic or Latino,White,Male,25-34,80.0,Loan originated
1,565000.0,36,625000.0,163.0,1,Hispanic or Latino,White,Female,25-34,90.0,Loan originated
1,845000.0,30%-<36%,895000.0,273.0,1,Not Hispanic or Latino,Black or African American,Male,55-64,94.0,Loan originated
1,645000.0,43,1105000.0,183.0,1,Not Hispanic or Latino,White,Male,35-44,58.182,Loan originated
1,505000.0,30%-<36%,895000.0,302.0,1,Not Hispanic or Latino,Asian,Female,25-34,56.054,Loan originated
1,485000.0,45,515000.0,162.0,1,Not Hispanic or Latino,White,Male,25-34,95.0,Loan originated
1,385000.0,37,405000.0,109.0,1,Hispanic or Latino,White,Female,25-34,100.0,Loan originated
1,745000.0,47,745000.0,259.0,1,Hispanic or Latino,White,Male,25-34,100.0,Loan originated
1,805000.0,38,945000.0,183.0,1,Not Hispanic or Latino,Asian,Male,35-44,85.479,Loan originated
1,565000.0,44,1125000.0,158.0,1,Not Hispanic or Latino,Asian,Male,25-34,50.0,Loan originated
1,145000.0,<20%,645000.0,0.0,1,Not Hispanic or Latino,Asian,Male,55-64,22.533,Application denied
1,455000.0,50%-60%,485000.0,157.0,1,Not Hispanic or Latino,Black or African American,Female,25-34,90.0,Application denied
1,185000.0,50%-60%,205000.0,116.0,1,Not Hispanic or Latino,Asian,Female,65-74,93.18,Loan originated
1,205000.0,20%-<30%,235000.0,174.0,1,Not Hispanic or Latino,White,Female,<25,87.0,Loan originated
1,555000.0,30%-<36%,1145000.0,225.0,1,Not Hispanic or Latino,Asian,Male,35-44,48.061,Loan originated
1,325000.0,20%-<30%,625000.0,376.0,1,Not Hispanic or Latino,White,Female,>74,51.62,Loan originated
1,665000.0,30%-<36%,825000.0,308.0,1,Not Hispanic or Latino,White,Male,65-74,80.0,Loan originated
1,355000.0,49,485000.0,83.0,1,Not Hispanic or Latino,Asian,Female,45-54,97.0,Loan originated
1,355000.0,45,445000.0,122.0,1,Not Hispanic or Latino,White,Female,35-44,80.0,Loan originated
1,175000.0,30%-<36%,255000.0,56.0,1,Not Hispanic or Latino,American Indian or Alaska Native,Male,25-34,71.032,Loan originated
1,865000.0,20%-<30%,1165000.0,315.0,1,Not Hispanic or Latino,White,Male,25-34,74.29,Loan originated
1,485000.0,40,545000.0,190.0,1,Not Hispanic or Latino,Asian,Female,55-64,90.0,Loan originated
1,635000.0,50%-60%,685000.0,146.0,1,Hispanic or Latino,White,Male,35-44,97.5,Loan originated
1,405000.0,20%-<30%,665000.0,195.0,1,Hispanic or Latino,White,Male,45-54,60.606,Loan originated
1,405000.0,45,515000.0,182.0,1,Not Hispanic or Latino,White,Male,55-64,78.43,Loan originated
1,1055000.0,42,1265000.0,257.0,1,Not Hispanic or Latino,Asian,Male,45-54,83.333,Loan originated
1,475000.0,47,715000.0,101.0,1,Not Hispanic or Latino,Asian,Male,45-54,65.811,Loan originated
1,505000.0,46,565000.0,163.0,1,Not Hispanic or Latino,Asian,Male,25-34,90.0,Loan originated
1,635000.0,20%-<30%,795000.0,290.0,1,Not Hispanic or Latino,White,Male,35-44,80.0,Loan originated
1,465000.0,45,515000.0,160.0,1,Hispanic or Latino,White,Male,45-54,90.0,Loan originated
1,835000.0,40,905000.0,259.0,1,Not Hispanic or Latino,Black or African American,Female,55-64,92.0,Loan originated
1,795000.0,45,1065000.0,179.0,1,Not Hispanic or Latino,Asian,Female,35-44,75.0,Loan originated
1,505000.0,39,525000.0,121.0,1,Hispanic or Latino,White,Male,35-44,97.0,Loan originated
1,155000.0,45,455000.0,52.0,1,Not Hispanic or Latino,White,Female,55-64,33.04,Loan originated
1,485000.0,38,575000.0,157.0,1,Hispanic or Latino,White,Male,35-44,85.0,Application denied
1,255000.0,38,705000.0,78.0,1,Hispanic or Latino,White,Female,55-64,35.714,Loan originated
1,415000.0,30%-<36%,545000.0,300.0,1,Not Hispanic or Latino,Asian,Male,25-34,74.993,Loan originated
1,615000.0,41,645000.0,159.0,1,Hispanic or Latino,American Indian or Alaska Native,Female,45-54,95.0,Loan originated
1,735000.0,<20%,865000.0,561.0,1,Hispanic or Latino,White,Male,45-54,85.0,Loan originated
1,735000.0,44,775000.0,163.0,1,Not Hispanic or Latino,White,Male,35-44,95.0,Loan originated
1,865000.0,20%-<30%,1855000.0,406.0,1,Not Hispanic or Latino,White,Female,55-64,46.903,Loan originated
1,245000.0,49,255000.0,54.0,1,Hispanic or Latino,White,Male,<25,97.0,Loan originated
1,525000.0,>60%,585000.0,119.0,1,Not Hispanic or Latino,Asian,Male,45-54,90.0,Application denied
1,595000.0,44,895000.0,167.0,1,Not Hispanic or Latino,White,Female,35-44,66.292,Loan originated
1,595000.0,44,625000.0,148.0,1,Hispanic or Latino,White,Female,45-54,95.0,Loan originated
1,205000.0,30%-<36%,655000.0,102.0,1,Not Hispanic or Latino,Asian,Female,45-54,30.769,Loan originated
1,455000.0,46,1475000.0,156.0,1,Not Hispanic or Latino,White,Male,55-64,30.51,Loan originated
1,735000.0,37,1235000.0,208.0,1,Not Hispanic or Latino,Asian,Male,25-34,60.0,Loan originated
1,1135000.0,45,1425000.0,238.0,1,Not Hispanic or Latino,Asian,Male,35-44,80.0,Loan originated
1,325000.0,30%-<36%,405000.0,136.0,1,Not Hispanic or Latino,Asian,Male,25-34,80.0,Loan originated
1,435000.0,36,855000.0,144.0,1,Hispanic or Latino,American Indian or Alaska Native,Male,55-64,50.705,Loan originated
1,345000.0,20%-<30%,1045000.0,216.0,1,Not Hispanic or Latino,White,Male,35-44,34.0,Loan originated
1,425000.0,30%-<36%,535000.0,133.0,1,Not Hispanic or Latino,Asian,Male,25-34,80.0,Loan originated
1,445000.0,<20%,935000.0,284.0,1,Not Hispanic or Latino,White,Female,65-74,47.74,Loan originated
1,405000.0,49,775000.0,92.0,1,Not Hispanic or Latino,Asian,Male,25-34,51.613,Loan originated
1,295000.0,48,325000.0,62.0,1,Not Hispanic or Latino,Asian,Male,25-34,90.769,Loan originated
1,505000.0,30%-<36%,565000.0,156.0,1,Not Hispanic or Latino,White,Female,35-44,90.0,Loan originated
1,155000.0,20%-<30%,835000.0,114.0,1,Not Hispanic or Latino,Asian,Male,45-54,17.964,Loan originated
1,385000.0,46,605000.0,122.0,1,Hispanic or Latino,White,Female,45-54,63.675,Loan originated
1,815000.0,37,1015000.0,290.0,1,Not Hispanic or Latino,Asian,Male,35-44,80.0,Loan originated
1,715000.0,46,895000.0,205.0,1,Hispanic or Latino,White,Male,35-44,80.0,Loan originated
1,515000.0,45,535000.0,160.0,1,Not Hispanic or Latino,White,Male,35-44,95.0,Loan originated
1,625000.0,48,695000.0,186.0,1,Not Hispanic or Latino,Asian,Male,45-54,90.0,Loan originated
1,355000.0,36,935000.0,127.0,1,Not Hispanic or Latino,Asian,Male,35-44,37.634,Loan originated
1,615000.0,47,705000.0,244.0,1,Hispanic or Latino,White,Male,45-54,87.857,Loan originated
1,865000.0,38,1075000.0,215.0,1,Not Hispanic or Latino,Asian,Male,25-34,80.0,Loan originated
1,175000.0,45,725000.0,102.0,1,Not Hispanic or Latino,Asian,Female,55-64,24.138,Loan originated
1,1145000.0,42,1785000.0,236.0,1,Not Hispanic or Latino,White,Male,25-34,64.416,Loan originated
1,195000.0,20%-<30%,205000.0,78.0,1,Hispanic or Latino,White,Male,25-34,95.0,Loan originated
1,495000.0,46,615000.0,129.0,1,Not Hispanic or Latino,White,Male,25-34,80.0,Loan originated
1,455000.0,49,485000.0,117.0,1,Not Hispanic or Latino,Asian,Female,45-54,94.0,Loan originated
1,455000.0,40,675000.0,133.0,1,Not Hispanic or Latino,Asian,Male,55-64,67.37,Loan originated
1,425000.0,44,435000.0,148.0,1,Not Hispanic or Latino,White,Female,35-44,100.0,Loan originated
1,735000.0,30%-<36%,915000.0,209.0,1,Not Hispanic or Latino,White,Male,25-34,80.0,Loan originated
1,665000.0,43,835000.0,157.0,1,Not Hispanic or Latino,White,Female,65-74,80.0,Loan originated
1,555000.0,43,575000.0,134.0,1,Not Hispanic or Latino,White,Male,35-44,97.0,Loan originated
1,345000.0,20%-<30%,435000.0,204.0,1,Not Hispanic or Latino,Asian,Male,35-44,80.0,Loan originated
1,1095000.0,46,1365000.0,252.0,1,Not Hispanic or Latino,White,Male,25-34,80.0,Loan originated
1,435000.0,49,845000.0,87.0,1,Hispanic or Latino,White,Female,25-34,51.537,Loan originated
1,865000.0,46,915000.0,198.0,1,Not Hispanic or Latino,White,Male,55-64,95.0,Loan originated
1,285000.0,40,295000.0,84.0,1,Not Hispanic or Latino,White,Male,45-54,97.0,Loan originated
1,585000.0,20%-<30%,795000.0,257.0,1,Not Hispanic or Latino,White,Male,45-54,73.42,Loan originated
1,915000.0,46,1185000.0,280.0,1,Not Hispanic or Latino,White,Female,35-44,77.21,Loan originated
1,665000.0,30%-<36%,745000.0,344.0,1,Not Hispanic or Latino,Asian,Male,25-34,90.0,Loan originated
1,175000.0,46,525000.0,55.0,1,Not Hispanic or Latino,White,Female,35-44,32.983,Loan originated
1,235000.0,47,295000.0,107.0,1,Hispanic or Latino,White,Female,55-64,80.0,Loan originated
1,255000.0,38,1775000.0,141.0,1,Not Hispanic or Latino,Asian,Female,45-54,14.124,Loan originated
1,705000.0,44,785000.0,236.0,1,Not Hispanic or Latino,White,Male,45-54,90.0,Loan originated
1,295000.0,46,315000.0,73.0,1,Hispanic or Latino,White,Female,25-34,95.0,Loan originated
1,615000.0,47,865000.0,156.0,1,Not Hispanic or Latino,White,Male,25-34,71.098,Loan originated
1,335000.0,30%-<36%,445000.0,122.0,1,Not Hispanic or Latino,Asian,Female,35-44,75.0,Loan originated
1,445000.0,44,565000.0,118.0,1,Not Hispanic or Latino,Black or African American,Male,35-44,80.0,Loan originated
1,495000.0,47,525000.0,119.0,1,Not Hispanic or Latino,Black or African American,Female,45-54,94.0,Loan originated
1,405000.0,42,425000.0,96.0,1,Hispanic or Latino,White,Male,25-34,100.0,Loan originated
1,925000.0,47,1405000.0,276.0,1,Not Hispanic or Latino,White,Female,>74,67.0,Loan originated
1,685000.0,20%-<30%,855000.0,283.0,1,Hispanic or Latino,White,Male,25-34,80.0,Loan originated
1,525000.0,30%-<36%,725000.0,179.0,1,Not Hispanic or Latino,Asian,Male,25-34,72.222,Loan originated
1,205000.0,20%-<30%,265000.0,79.0,1,Not Hispanic or Latino,White,Male,25-34,80.0,Loan originated
1,375000.0,43,535000.0,138.0,1,Not Hispanic or Latino,Asian,Female,45-54,70.0,Loan originated
1,505000.0,20%-<30%,625000.0,224.0,1,Not Hispanic or Latino,Asian,Male,45-54,80.0,Loan originated
1,475000.0,44,595000.0,115.0,1,Not Hispanic or Latino,White,Female,25-34,80.0,Loan originated
1,505000.0,41,625000.0,129.0,1,Not Hispanic or Latino,Asian,Female,25-34,80.0,Loan originated
1,505000.0,>60%,675000.0,140.0,1,Not Hispanic or Latino,Asian,Female,35-44,75.0,Application denied
1,495000.0,40,1195000.0,150.0,1,Not Hispanic or Latino,Asian,Male,25-34,41.622,Loan originated
1,535000.0,49,605000.0,108.0,1,Hispanic or Latino,White,Male,45-54,88.5,Loan originated
1,1065000.0,30%-<36%,1865000.0,398.0,1,Hispanic or Latino,White,Female,35-44,57.173,Loan originated
1,625000.0,49,775000.0,130.0,1,Not Hispanic or Latino,White,Male,35-44,80.0,Loan originated
1,785000.0,45,825000.0,199.0,1,Not Hispanic or Latino,White,Male,35-44,95.0,Loan originated
1,925000.0,40,1365000.0,222.0,1,Not Hispanic or Latino,Asian,Male,45-54,68.0,Loan originated
1,475000.0,41,595000.0,204.0,1,Not Hispanic or Latino,Asian,Male,35-44,80.0,Loan originated
1,505000.0,45,565000.0,113.0,1,Not Hispanic or Latino,Asian,Female,45-54,88.029,Loan originated
1,85000.0,44,385000.0,29.0,1,Hispanic or Latino,White,Male,25-34,21.06,Loan originated
1,845000.0,41,995000.0,195.0,1,Not Hispanic or Latino,Asian,Male,35-44,85.0,Loan originated
1,625000.0,49,735000.0,140.0,1,Not Hispanic or Latino,White,Female,45-54,85.0,Loan originated
1,575000.0,41,815000.0,130.0,1,Not Hispanic or Latino,Asian,Male,25-34,71.0,Loan originated
1,85000.0,37,115000.0,70.0,1,Hispanic or Latino,White,Male,35-44,80.0,Loan originated
1,545000.0,40,575000.0,304.0,1,Not Hispanic or Latino,White,Male,25-34,95.0,Loan originated
1,625000.0,42,645000.0,197.0,1,Not Hispanic or Latino,Black or African American,Female,45-54,97.0,Loan originated
1,495000.0,30%-<36%,775000.0,164.0,1,Hispanic or Latino,White,Female,45-54,63.64,Loan originated
1,265000.0,20%-<30%,465000.0,107.0,1,Not Hispanic or Latino,White,Female,55-64,56.522,Loan originated
1,1005000.0,40,1865000.0,550.0,1,Not Hispanic or Latino,Asian,Male,35-44,53.77,Loan originated
1,465000.0,43,765000.0,139.0,1,Not Hispanic or Latino,White,Female,55-64,61.2,Loan originated
1,625000.0,48,775000.0,155.0,1,Not Hispanic or Latino,White,Female,25-34,80.0,Loan originated
1,1145000.0,30%-<36%,1405000.0,416.0,1,Hispanic or Latino,White,Male,35-44,82.101,Loan originated
1,455000.0,49,535000.0,105.0,1,Not Hispanic or Latino,White,Female,25-34,84.906,Loan originated
1,725000.0,36,855000.0,220.0,1,Not Hispanic or Latino,Asian,Female,25-34,85.0,Loan originated
1,485000.0,39,695000.0,144.0,1,Not Hispanic or Latino,White,Male,35-44,70.0,Loan originated
1,465000.0,46,585000.0,115.0,1,Hispanic or Latino,White,Female,45-54,80.0,Loan originated
1,365000.0,20%-<30%,385000.0,161.0,1,Hispanic or Latino,White,Female,35-44,95.0,Loan originated
1,625000.0,30%-<36%,745000.0,260.0,1,Hispanic or Latino,White,Male,45-54,85.0,Loan originated
1,345000.0,44,405000.0,85.0,1,Not Hispanic or Latino,American Indian or Alaska Native,Male,25-34,85.0,Loan originated
1,865000.0,46,1155000.0,195.0,1,Not Hispanic or Latino,Asian,Male,35-44,75.0,Loan originated
1,895000.0,49,1275000.0,202.0,1,Hispanic or Latino,Asian,Male,35-44,70.0,Loan originated
1,1015000.0,41,1315000.0,267.0,1,Not Hispanic or Latino,Asian,Male,35-44,77.238,Loan originated
1,575000.0,43,715000.0,260.0,1,Not Hispanic or Latino,White,Female,65-74,80.0,Loan originated
1,275000.0,49,575000.0,81.0,1,Not Hispanic or Latino,Asian,Female,>74,47.368,Loan originated
1,525000.0,46,555000.0,151.0,1,Hispanic or Latino,White,Female,35-44,95.0,Loan originated
1,645000.0,45,805000.0,201.0,1,Not Hispanic or Latino,Asian,Male,35-44,80.0,Loan originated
1,645000.0,43,805000.0,280.0,1,Not Hispanic or Latino,White,Male,35-44,80.0,Loan originated
1,625000.0,20%-<30%,835000.0,205.0,1,Not Hispanic or Latino,White,Male,35-44,75.0,Loan originated
1,875000.0,44,1095000.0,744.0,1,Hispanic or Latino,American Indian or Alaska Native,Female,35-44,80.0,Loan originated
1,545000.0,45,685000.0,146.0,1,Not Hispanic or Latino,White,Female,25-34,80.0,Loan originated
1,125000.0,49,455000.0,48.0,1,Not Hispanic or Latino,White,Male,>74,27.0,Loan originated
1,355000.0,48,1045000.0,127.0,1,Not Hispanic or Latino,Asian,Female,55-64,33.39,Loan originated
1,295000.0,20%-<30%,915000.0,148.0,1,Not Hispanic or Latino,White,Male,25-34,32.192,Loan originated
1,555000.0,36,855000.0,196.0,1,Not Hispanic or Latino,White,Female,55-64,65.0,Loan originated
1,165000.0,<20%,265000.0,90.0,1,Not Hispanic or Latino,Asian,Female,25-34,61.278,Loan originated
1,815000.0,36,1035000.0,238.0,1,Not Hispanic or Latino,Asian,Male,25-34,78.72,Loan originated
1,365000.0,48,385000.0,88.0,1,Not Hispanic or Latino,Black or African American,Female,35-44,95.0,Application denied
1,455000.0,43,575000.0,176.0,1,Hispanic or Latino,White,Male,25-34,80.0,Loan originated
1,405000.0,50%-60%,535000.0,122.0,1,Hispanic or Latino,White,Male,35-44,75.0,Loan originated
1,245000.0,50%-60%,255000.0,98.0,1,Hispanic or Latino,White,Male,45-54,95.0,Application denied
1,245000.0,37,265000.0,88.0,1,Not Hispanic or Latino,White,Female,35-44,95.0,Loan originated
1,475000.0,46,505000.0,105.0,1,Hispanic or Latino,White,Male,55-64,95.0,Loan originated
1,575000.0,38,645000.0,152.0,1,Not Hispanic or Latino,Asian,Male,35-44,90.0,Loan originated
1,505000.0,20%-<30%,725000.0,205.0,1,Not Hispanic or Latino,White,Female,35-44,70.0,Loan originated
1,415000.0,20%-<30%,435000.0,159.0,1,Not Hispanic or Latino,White,Male,25-34,96.0,Loan originated
1,325000.0,30%-<36%,365000.0,107.0,1,Not Hispanic or Latino,White,Male,55-64,90.0,Loan originated
1,515000.0,<20%,965000.0,270.0,1,Not Hispanic or Latino,Asian,Male,55-64,53.37,Loan originated
1,485000.0,50%-60%,495000.0,92.0,1,Not Hispanic or Latino,Black or African American,Female,35-44,99.004,Loan originated
1,655000.0,39,755000.0,284.0,1,Not Hispanic or Latino,Asian,Male,35-44,87.0,Loan originated
1,565000.0,44,755000.0,146.0,1,Not Hispanic or Latino,Asian,Male,35-44,95.014,Loan originated
1,355000.0,20%-<30%,395000.0,144.0,1,Not Hispanic or Latino,White,Male,35-44,90.0,Loan originated
1,395000.0,45,565000.0,130.0,1,Not Hispanic or Latino,Asian,Female,25-34,70.0,Loan originated
1,1065000.0,48,1325000.0,365.0,1,Hispanic or Latino,White,Female,25-34,80.0,Loan originated
1,425000.0,46,445000.0,120.0,1,Not Hispanic or Latino,White,Male,65-74,94.965,Loan originated
1,545000.0,49,575000.0,142.0,1,Not Hispanic or Latino,White,Male,55-64,95.0,Loan originated
1,275000.0,>60%,525000.0,38.0,1,Not Hispanic or Latino,Asian,Female,55-64,52.652,Application denied
1,735000.0,36,875000.0,270.0,1,Not Hispanic or Latino,Black or African American,Female,35-44,83.43,Loan originated
1,335000.0,41,405000.0,90.0,1,Not Hispanic or Latino,White,Female,55-64,87.5,Loan originated
1,565000.0,42,625000.0,242.0,1,Not Hispanic or Latino,Asian,Male,45-54,95.0,Application denied
1,695000.0,45,875000.0,327.0,1,Hispanic or Latino,White,Male,<25,80.0,Loan originated
1,445000.0,30%-<36%,645000.0,138.0,1,Not Hispanic or Latino,White,Female,35-44,70.0,Application denied
1,685000.0,47,765000.0,177.0,1,Not Hispanic or Latino,White,Male,55-64,89.99,Loan originated
1,755000.0,30%-<36%,2255000.0,301.0,1,Not Hispanic or Latino,White,Male,35-44,33.334,Loan originated
1,365000.0,30%-<36%,455000.0,117.0,1,Not Hispanic or Latino,White,Female,35-44,80.0,Loan originated
1,765000.0,46,855000.0,163.0,1,Hispanic or Latino,Black or African American,Male,35-44,90.0,Loan originated
1,655000.0,49,905000.0,151.0,1,Not Hispanic or Latino,Asian,Female,45-54,75.0,Loan originated
1,245000.0,46,575000.0,62.0,1,Not Hispanic or Latino,White,Male,65-74,42.982,Loan originated
1,145000.0,50%-60%,155000.0,93.0,1,Hispanic or Latino,White,Male,35-44,95.0,Application denied
1,415000.0,30%-<36%,835000.0,142.0,1,Not Hispanic or Latino,White,Female,35-44,50.0,Loan originated
1,105000.0,20%-<30%,585000.0,65.0,1,Not Hispanic or Latino,White,Female,65-74,17.09,Loan originated
1,625000.0,20%-<30%,775000.0,228.0,1,Not Hispanic or Latino,Asian,Male,35-44,80.0,Loan originated
1,625000.0,30%-<36%,785000.0,296.0,1,Hispanic or Latino,White,Male,45-54,80.0,Loan originated
1,125000.0,41,145000.0,91.0,1,Not Hispanic or Latino,White,Male,55-64,82.76,Loan originated
1,415000.0,49,475000.0,74.0,1,Not Hispanic or Latino,Asian,Male,25-34,89.0,Loan originated
1,245000.0,36,295000.0,106.0,1,Hispanic or Latino,White,Female,55-64,81.633,Application denied
1,475000.0,30%-<36%,635000.0,156.0,1,Not Hispanic or Latino,White,Female,35-44,75.0,Loan originated
1,285000.0,43,875000.0,95.0,1,Not Hispanic or Latino,White,Female,45-54,32.529,Loan originated
1,385000.0,46,395000.0,86.0,1,Hispanic or Latino,White,Female,25-34,100.0,Loan originated
1,555000.0,30%-<36%,855000.0,165.0,1,Not Hispanic or Latino,Asian,Male,45-54,64.91,Loan originated
1,275000.0,20%-<30%,345000.0,104.0,1,Not Hispanic or Latino,White,Female,45-54,80.0,Loan originated
1,225000.0,<20%,255000.0,750.0,1,Hispanic or Latino,White,Male,35-44,90.0,Loan originated
1,915000.0,41,1075000.0,258.0,1,Not Hispanic or Latino,White,Male,65-74,85.0,Loan originated
1,775000.0,43,1835000.0,213.0,1,Not Hispanic or Latino,Asian,Female,35-44,41.91,Loan originated
1,415000.0,30%-<36%,525000.0,157.0,1,Not Hispanic or Latino,Asian,Male,35-44,80.0,Loan originated
1,435000.0,41,485000.0,106.0,1,Not Hispanic or Latino,Asian,Male,45-54,89.981,Loan originated
1,485000.0,41,515000.0,191.0,1,Not Hispanic or Latino,White,Female,25-34,95.0,Loan originated
1,475000.0,43,505000.0,120.0,1,Not Hispanic or Latino,Asian,Male,25-34,95.0,Loan originated
1,325000.0,30%-<36%,405000.0,160.0,1,Not Hispanic or Latino,White,Male,45-54,80.0,Loan originated
1,445000.0,49,885000.0,86.0,1,Not Hispanic or Latino,White,Male,45-54,50.0,Loan originated
1,635000.0,20%-<30%,675000.0,257.0,1,Hispanic or Latino,White,Male,25-34,95.0,Loan originated
1,605000.0,<20%,755000.0,540.0,1,Not Hispanic or Latino,American Indian or Alaska Native,Female,25-34,80.0,Loan originated
1,845000.0,45,885000.0,166.0,1,Not Hispanic or Latino,Asian,Male,<25,95.0,Loan originated
1,525000.0,44,555000.0,116.0,1,Not Hispanic or Latino,White,Male,25-34,95.0,Loan originated
1,805000.0,38,1005000.0,354.0,1,Not Hispanic or Latino,Asian,Male,55-64,79.96,Loan originated
1,315000.0,49,455000.0,94.0,1,Hispanic or Latino,American Indian or Alaska Native,Male,65-74,70.0,Loan originated
1,295000.0,49,315000.0,87.0,1,Hispanic or Latino,White,Male,25-34,95.0,Loan originated
1,205000.0,50%-60%,905000.0,111.0,1,Not Hispanic or Latino,Black or African American,Female,45-54,46.51,Application denied
1,495000.0,43,515000.0,114.0,1,Hispanic or Latino,White,Male,35-44,100.0,Loan originated
1,425000.0,49,525000.0,84.0,1,Not Hispanic or Latino,Native Hawaiian or Other Pacific Islander,Female,55-64,100.0,Loan originated
1,425000.0,40,445000.0,102.0,1,Hispanic or Latino,White,Female,25-34,97.0,Loan originated
1,345000.0,43,365000.0,97.0,1,Not Hispanic or Latino,Black or African American,Female,65-74,97.0,Loan originated
1,325000.0,46,575000.0,72.0,1,Not Hispanic or Latino,White,Female,65-74,56.139,Loan originated
1,655000.0,49,725000.0,142.0,1,Not Hispanic or Latino,Asian,Female,25-34,90.0,Loan originated
1,455000.0,38,635000.0,118.0,1,Not Hispanic or Latino,Asian,Male,25-34,72.222,Loan originated
1,1125000.0,37,1605000.0,25.0,1,Not Hispanic or Latino,Asian,Female,35-44,71.34,Loan originated
1,585000.0,49,815000.0,134.0,1,Not Hispanic or Latino,White,Male,45-54,71.166,Loan originated
1,295000.0,48,605000.0,83.0,1,Not Hispanic or Latino,White,Female,35-44,49.421,Loan originated
1,355000.0,45,375000.0,71.0,1,Hispanic or Latino,White,Female,55-64,95.0,Loan originated
1,595000.0,42,745000.0,224.0,1,Not Hispanic or Latino,White,Male,35-44,80.0,Loan originated
1,305000.0,42,385000.0,71.0,1,Not Hispanic or Latino,Asian,Male,45-54,80.0,Loan originated
1,615000.0,38,885000.0,152.0,1,Not Hispanic or Latino,Asian,Female,25-34,70.0,Loan originated
1,905000.0,46,1435000.0,181.0,1,Not Hispanic or Latino,Asian,Male,25-34,62.548,Loan originated
1,435000.0,47,535000.0,105.0,1,Hispanic or Latino,White,Female,25-34,80.0,Loan originated
1,385000.0,44,425000.0,154.0,1,Not Hispanic or Latino,Asian,Female,25-34,90.0,Loan originated
1,315000.0,46,335000.0,150.0,1,Not Hispanic or Latino,White,Male,35-44,95.0,Loan originated
1,765000.0,44,1715000.0,193.0,1,Not Hispanic or Latino,White,Male,35-44,45.0,Loan originated
1,305000.0,44,685000.0,100.0,1,Not Hispanic or Latino,White,Female,55-64,43.796,Loan originated
1,115000.0,20%-<30%,775000.0,128.0,1,Not Hispanic or Latino,White,Female,45-54,14.839,Loan originated
1,505000.0,30%-<36%,715000.0,157.0,1,Not Hispanic or Latino,Asian,Male,35-44,70.629,Loan originated
1,35000.0,30%-<36%,95000.0,17.0,1,Hispanic or Latino,White,Male,55-64,97.98,Loan originated
1,85000.0,30%-<36%,365000.0,58.0,1,Not Hispanic or Latino,White,Male,45-54,23.913,Loan originated
1,465000.0,44,585000.0,225.0,1,Not Hispanic or Latino,White,Female,45-54,80.0,Loan originated
1,465000.0,45,475000.0,134.0,1,Hispanic or Latino,White,Male,25-34,100.0,Loan originated
1,755000.0,41,945000.0,165.0,1,Not Hispanic or Latino,Asian,Male,25-34,80.0,Loan originated
1,355000.0,49,485000.0,71.0,1,Hispanic or Latino,White,Male,25-34,72.92,Loan originated
1,545000.0,45,675000.0,182.0,1,Not Hispanic or Latino,Asian,Female,65-74,80.0,Loan originated
1,125000.0,43,135000.0,71.0,1,Not Hispanic or Latino,White,Female,35-44,95.0,Loan originated
1,765000.0,49,955000.0,213.0,1,Not Hispanic or Latino,Asian,Male,35-44,80.0,Loan originated
1,515000.0,30%-<36%,645000.0,176.0,1,Not Hispanic or Latino,Asian,Female,25-34,80.0,Loan originated
1,335000.0,30%-<36%,635000.0,128.0,1,Not Hispanic or Latino,White,Female,35-44,52.381,Loan originated
1,545000.0,30%-<36%,675000.0,219.0,1,Not Hispanic or Latino,Asian,Female,35-44,80.0,Loan originated
1,455000.0,48,575000.0,117.0,1,Not Hispanic or Latino,2 or more minority races,Female,45-54,80.0,Loan originated
1,545000.0,30%-<36%,685000.0,306.0,1,Not Hispanic or Latino,White,Male,25-34,80.0,Loan originated
1,555000.0,49,715000.0,130.0,1,Hispanic or Latino,White,Male,45-54,78.042,Loan originated
1,345000.0,20%-<30%,865000.0,242.0,1,Not Hispanic or Latino,Asian,Male,35-44,40.161,Loan originated
1,455000.0,39,535000.0,133.0,1,Not Hispanic or Latino,Asian,Male,35-44,85.0,Loan originated
1,515000.0,48,575000.0,175.0,1,Not Hispanic or Latino,Native Hawaiian or Other Pacific Islander,Female,45-54,90.0,Loan originated
1,365000.0,41,485000.0,106.0,1,Not Hispanic or Latino,White,Male,65-74,99.0,Application denied
1,475000.0,48,495000.0,121.0,1,Hispanic or Latino,White,Female,25-34,95.0,Loan originated
1,355000.0,20%-<30%,545000.0,141.0,1,Not Hispanic or Latino,White,Female,25-34,64.22,Loan originated
1,855000.0,30%-<36%,1075000.0,255.0,1,Not Hispanic or Latino,Asian,Male,25-34,80.0,Loan originated
1,285000.0,41,365000.0,84.0,1,Hispanic or Latino,White,Male,55-64,80.0,Loan originated
1,965000.0,50%-60%,1375000.0,237.0,1,Not Hispanic or Latino,White,Male,65-74,70.0,Loan originated
1,395000.0,37,765000.0,122.0,1,Not Hispanic or Latino,White,Female,65-74,51.32,Loan originated
1,15000.0,20%-<30%,655000.0,133.0,1,Not Hispanic or Latino,Asian,Female,45-54,83.0,Loan originated
1,355000.0,<20%,655000.0,234.0,1,Not Hispanic or Latino,White,Male,<25,53.846,Loan originated
1,665000.0,49,795000.0,136.0,1,Not Hispanic or Latino,White,Male,<25,84.156,Loan originated
1,515000.0,49,765000.0,102.0,1,Not Hispanic or Latino,Asian,Female,55-64,67.32,Loan originated
1,505000.0,42,725000.0,210.0,1,Not Hispanic or Latino,White,Male,45-54,70.0,Loan originated
1,1115000.0,46,1385000.0,227.0,1,Not Hispanic or Latino,Asian,Male,25-34,82.971,Loan originated
1,435000.0,45,445000.0,116.0,1,Hispanic or Latino,White,Male,35-44,96.63,Loan originated
1,545000.0,46,675000.0,120.0,1,Not Hispanic or Latino,Asian,Male,35-44,80.0,Loan originated
1,725000.0,49,765000.0,243.0,1,Not Hispanic or Latino,White,Female,45-54,95.0,Loan originated
1,445000.0,42,635000.0,106.0,1,Not Hispanic or Latino,White,Female,45-54,70.0,Loan originated
1,305000.0,38,505000.0,102.0,1,Not Hispanic or Latino,White,Female,35-44,60.0,Loan originated
1,575000.0,44,655000.0,257.0,1,Not Hispanic or Latino,Native Hawaiian or Other Pacific Islander,Male,35-44,89.0,Loan originated
1,265000.0,<20%,525000.0,77.0,1,Not Hispanic or Latino,Asian,Female,45-54,49.34,Loan originated
1,685000.0,20%-<30%,855000.0,554.0,1,Not Hispanic or Latino,Asian,Male,35-44,79.999,Loan originated
1,435000.0,37,575000.0,122.0,1,Not Hispanic or Latino,White,Female,35-44,75.0,Loan originated
1,355000.0,38,365000.0,87.0,1,Not Hispanic or Latino,Asian,Male,35-44,97.0,Loan originated
1,595000.0,48,635000.0,143.0,1,Not Hispanic or Latino,Black or African American,Female,35-44,92.92,Application denied
1,675000.0,30%-<36%,905000.0,225.0,1,Not Hispanic or Latino,Asian,Male,35-44,75.0,Loan originated
1,555000.0,49,585000.0,176.0,1,Hispanic or Latino,White,Male,45-54,95.0,Loan originated
1,535000.0,46,765000.0,119.0,1,Not Hispanic or Latino,White,Female,45-54,70.0,Loan originated
1,235000.0,40,405000.0,69.0,1,Hispanic or Latino,White,Male,55-64,57.5,Loan originated
1,995000.0,48,1245000.0,285.0,1,Not Hispanic or Latino,White,Male,55-64,80.0,Loan originated
1,655000.0,44,735000.0,130.0,1,Not Hispanic or Latino,White,Male,45-54,90.0,Loan originated
1,705000.0,49,835000.0,222.0,1,Not Hispanic or Latino,Asian,Female,55-64,85.0,Loan originated
1,655000.0,48,875000.0,147.0,1,Not Hispanic or Latino,Asian,Female,45-54,74.99991,Loan originated
1,425000.0,40,445000.0,140.0,1,Not Hispanic or Latino,White,Female,35-44,96.5,Loan originated
1,305000.0,36,375000.0,90.0,1,Hispanic or Latino,White,Female,25-34,80.0,Loan originated
1,305000.0,30%-<36%,385000.0,192.0,1,Not Hispanic or Latino,White,Male,25-34,80.0,Loan originated
1,445000.0,44,555000.0,115.0,1,Not Hispanic or Latino,White,Male,25-34,80.0,Loan originated
1,745000.0,43,925000.0,209.0,1,Not Hispanic or Latino,White,Male,<25,80.0,Application denied
1,765000.0,40,955000.0,314.0,1,Not Hispanic or Latino,Asian,Male,25-34,80.0,Loan originated
1,935000.0,41,985000.0,273.0,1,Not Hispanic or Latino,Black or African American,Female,45-54,94.949,Loan originated
1,665000.0,47,885000.0,136.0,1,Not Hispanic or Latino,White,Male,35-44,75.0,Application denied
1,765000.0,30%-<36%,955000.0,278.0,1,Not Hispanic or Latino,Asian,Male,35-44,80.0,Application denied
1,445000.0,42,495000.0,108.0,1,Not Hispanic or Latino,Asian,Female,25-34,90.0,Loan originated
1,765000.0,38,965000.0,245.0,1,Not Hispanic or Latino,Asian,Male,35-44,80.0,Loan originated
1,725000.0,46,915000.0,162.0,1,Not Hispanic or Latino,White,Male,25-34,80.0,Loan originated
1,565000.0,30%-<36%,705000.0,179.0,1,Not Hispanic or Latino,White,Male,25-34,80.0,Loan originated
1,145000.0,30%-<36%,415000.0,65.0,1,Not Hispanic or Latino,White,Female,55-64,34.37,Loan originated
1,915000.0,39,1305000.0,315.0,1,Not Hispanic or Latino,Asian,Female,35-44,70.0,Loan originated
1,825000.0,46,1025000.0,195.0,1,Not Hispanic or Latino,Asian,Male,45-54,80.0,Loan originated
1,145000.0,43,175000.0,78.0,1,Not Hispanic or Latino,Asian,Male,65-74,80.0,Loan originated
1,645000.0,47,775000.0,131.0,1,Hispanic or Latino,White,Female,25-34,103.25,Loan originated
1,1005000.0,37,1425000.0,276.0,1,Not Hispanic or Latino,Asian,Female,55-64,70.57,Loan originated
1,505000.0,40,1155000.0,402.0,1,Not Hispanic or Latino,Asian,Female,25-34,43.478,Loan originated
1,625000.0,42,665000.0,139.0,1,Hispanic or Latino,White,Male,35-44,95.0,Loan originated
1,495000.0,45,705000.0,116.0,1,Not Hispanic or Latino,Asian,Female,35-44,70.0,Loan originated
1,555000.0,42,925000.0,182.0,1,Not Hispanic or Latino,Asian,Male,45-54,60.0,Loan originated
1,335000.0,30%-<36%,395000.0,105.0,1,Not Hispanic or Latino,White,Female,55-64,85.0,Loan originated
1,725000.0,49,905000.0,246.0,1,Hispanic or Latino,White,Female,45-54,80.0,Loan originated
1,235000.0,45,895000.0,82.0,1,Not Hispanic or Latino,White,Female,45-54,26.257,Loan originated
1,345000.0,48,565000.0,89.0,1,Not Hispanic or Latino,White,Female,25-34,59.755,Loan originated
1,825000.0,40,1755000.0,270.0,1,Not Hispanic or Latino,White,Female,55-64,47.143,Loan originated
1,225000.0,49,265000.0,52.0,1,Hispanic or Latino,White,Male,25-34,86.538,Loan originated
1,1015000.0,36,1275000.0,254.0,1,Not Hispanic or Latino,Asian,Male,25-34,80.0,Loan originated
1,365000.0,20%-<30%,525000.0,154.0,1,Not Hispanic or Latino,White,Male,35-44,70.0,Loan originated
1,375000.0,38,415000.0,98.0,1,Not Hispanic or Latino,Asian,Female,25-34,89.99,Loan originated
1,625000.0,48,645000.0,144.0,1,Not Hispanic or Latino,Asian,Male,35-44,97.0,Loan originated
1,445000.0,43,475000.0,115.0,1,Hispanic or Latino,White,Female,25-34,95.0,Loan originated
1,755000.0,36,1005000.0,282.0,1,Not Hispanic or Latino,White,Male,35-44,75.0,Loan originated
1,875000.0,39,1025000.0,242.0,1,Not Hispanic or Latino,Native Hawaiian or Other Pacific Islander,Female,35-44,85.0,Loan originated
1,405000.0,37,715000.0,118.0,1,Hispanic or Latino,White,Male,35-44,56.64,Loan originated
1,455000.0,20%-<30%,565000.0,158.0,1,Hispanic or Latino,White,Male,35-44,80.0,Loan originated
1,445000.0,<20%,555000.0,339.0,1,Not Hispanic or Latino,White,Female,35-44,80.0,Loan originated
1,515000.0,48,735000.0,140.0,1,Not Hispanic or Latino,White,Male,25-34,70.0,Loan originated
1,725000.0,39,905000.0,180.0,1,Not Hispanic or Latino,White,Female,25-34,80.0,Loan originated
1,355000.0,39,375000.0,91.0,1,Not Hispanic or Latino,White,Female,55-64,95.0,Loan originated
1,345000.0,41,645000.0,96.0,1,Not Hispanic or Latino,Asian,Male,25-34,53.91,Loan originated
1,615000.0,30%-<36%,725000.0,205.0,1,Not Hispanic or Latino,Asian,Male,35-44,85.0,Loan originated
1,535000.0,44,675000.0,138.0,1,Not Hispanic or Latino,2 or more minority races,Female,45-54,80.0,Loan originated
1,925000.0,47,1175000.0,271.0,1,Not Hispanic or Latino,White,Female,<25,79.0,Loan originated
1,115000.0,46,755000.0,59.0,1,Not Hispanic or Latino,White,Male,45-54,25.46,Loan originated
1,305000.0,47,315000.0,94.0,1,Hispanic or Latino,White,Male,65-74,95.0,Loan originated
1,185000.0,30%-<36%,2535000.0,471.0,1,Not Hispanic or Latino,White,Male,45-54,89.98,Loan originated
1,535000.0,30%-<36%,595000.0,360.0,1,Not Hispanic or Latino,White,Male,35-44,90.0,Loan originated
1,315000.0,49,505000.0,65.0,1,Not Hispanic or Latino,White,Female,45-54,62.4,Loan originated
1,975000.0,40,1215000.0,251.0,1,Not Hispanic or Latino,Asian,Male,55-64,80.0,Loan originated
1,765000.0,49,2325000.0,170.0,1,Not Hispanic or Latino,Asian,Female,45-54,33.04,Loan originated
1,265000.0,43,335000.0,61.0,1,Not Hispanic or Latino,White,Male,25-34,78.788,Loan originated
1,565000.0,49,755000.0,130.0,1,Not Hispanic or Latino,White,Male,25-34,75.0,Loan originated
1,425000.0,30%-<36%,735000.0,121.0,1,Hispanic or Latino,White,Female,55-64,57.51,Loan originated
1,545000.0,47,775000.0,418.0,1,Not Hispanic or Latino,Asian,Female,<25,70.0,Loan originated
1,605000.0,43,675000.0,171.0,1,Hispanic or Latino,White,Male,35-44,90.0,Loan originated
1,705000.0,<20%,875000.0,790.0,1,Not Hispanic or Latino,Asian,Male,25-34,80.0,Loan originated
1,845000.0,50%-60%,1055000.0,218.0,1,Not Hispanic or Latino,Asian,Male,35-44,80.0,Application denied
1,435000.0,30%-<36%,535000.0,162.0,1,Hispanic or Latino,White,Female,<25,80.0,Application denied
1,385000.0,45,475000.0,95.0,1,Not Hispanic or Latino,White,Female,25-34,80.0,Loan originated
1,485000.0,30%-<36%,605000.0,145.0,1,Not Hispanic or Latino,White,Female,35-44,80.0,Loan originated
1,915000.0,30%-<36%,1145000.0,386.0,1,Not Hispanic or Latino,Black or African American,Female,45-54,80.0,Application denied
1,325000.0,20%-<30%,425000.0,132.0,1,Not Hispanic or Latino,White,Male,>74,75.0,Loan originated
1,555000.0,43,695000.0,158.0,1,Not Hispanic or Latino,Asian,Female,35-44,80.0,Loan originated
1,805000.0,40,1635000.0,249.0,1,Not Hispanic or Latino,White,Male,55-64,48.93,Loan originated
1,585000.0,40,785000.0,190.0,1,Not Hispanic or Latino,Asian,Female,35-44,74.522,Loan originated
1,285000.0,49,345000.0,50.0,1,Hispanic or Latino,White,Male,35-44,85.0,Loan originated
1,255000.0,49,275000.0,55.0,1,Hispanic or Latino,White,Male,25-34,90.91,Loan originated
1,885000.0,46,1115000.0,232.0,1,Not Hispanic or Latino,Black or African American,Male,45-54,80.0,Loan originated
1,1045000.0,20%-<30%,1305000.0,844.0,1,Not Hispanic or Latino,White,Male,25-34,80.0,Loan originated
1,1075000.0,42,1355000.0,260.0,1,Not Hispanic or Latino,Asian,Male,25-34,79.407,Loan originated
1,725000.0,39,765000.0,272.0,1,Not Hispanic or Latino,Asian,Male,25-34,95.0,Loan originated
1,355000.0,49,585000.0,79.0,1,Not Hispanic or Latino,White,Female,65-74,60.684,Loan originated
1,215000.0,39,685000.0,64.0,1,Hispanic or Latino,White,Male,45-54,31.0,Loan originated
1,305000.0,45,315000.0,75.0,1,Hispanic or Latino,White,Female,25-34,97.0,Loan originated
1,685000.0,30%-<36%,855000.0,237.0,1,Not Hispanic or Latino,White,Male,35-44,80.0,Loan originated
1,155000.0,40,355000.0,58.0,1,Hispanic or Latino,White,Male,35-44,43.71,Loan originated
1,255000.0,39,265000.0,86.0,1,Not Hispanic or Latino,White,Male,<25,95.0,Loan originated
1,1035000.0,30%-<36%,1375000.0,325.0,1,Not Hispanic or Latino,White,Male,25-34,75.0,Loan originated
1,425000.0,43,1025000.0,122.0,1,Not Hispanic or Latino,Asian,Female,25-34,41.46,Loan originated
1,675000.0,42,905000.0,173.0,1,Not Hispanic or Latino,White,Female,45-54,75.0,Loan originated
1,575000.0,39,1025000.0,199.0,1,Not Hispanic or Latino,White,Female,45-54,55.882,Loan originated
1,325000.0,49,505000.0,99.0,1,Not Hispanic or Latino,White,Female,35-44,64.0,Loan originated
1,305000.0,39,325000.0,102.0,1,Hispanic or Latino,White,Male,25-34,98.325,Loan originated
1,325000.0,49,335000.0,69.0,1,Not Hispanic or Latino,Native Hawaiian or Other Pacific Islander,Male,35-44,95.0,Loan originated
1,505000.0,45,625000.0,149.0,1,Not Hispanic or Latino,White,Female,45-54,80.0,Loan originated
1,595000.0,30%-<36%,735000.0,263.0,1,Not Hispanic or Latino,Asian,Female,45-54,80.0,Loan originated
1,945000.0,42,1365000.0,239.0,1,Not Hispanic or Latino,Asian,Male,25-34,69.485,Loan originated
1,585000.0,48,615000.0,243.0,1,Not Hispanic or Latino,White,Female,25-34,95.0,Loan originated
1,605000.0,30%-<36%,765000.0,158.0,1,Not Hispanic or Latino,White,Male,35-44,80.0,Loan originated
1,275000.0,37,925000.0,145.0,1,Not Hispanic or Latino,White,Male,55-64,29.73,Loan originated
1,515000.0,<20%,645000.0,257.0,1,Hispanic or Latino,White,Male,55-64,80.0,Loan originated
1,535000.0,43,665000.0,131.0,1,Not Hispanic or Latino,Black or African American,Male,35-44,80.0,Application denied
1,265000.0,43,525000.0,116.0,1,Not Hispanic or Latino,White,Male,45-54,50.473,Loan originated
1,355000.0,42,395000.0,83.0,1,Hispanic or Latino,White,Female,45-54,101.0,Loan originated
1,405000.0,47,475000.0,112.0,1,Not Hispanic or Latino,White,Male,<25,85.0,Loan originated
1,405000.0,38,425000.0,166.0,1,Hispanic or Latino,White,Female,35-44,95.0,Loan originated
1,695000.0,47,795000.0,154.0,1,Not Hispanic or Latino,White,Female,35-44,87.469,Loan originated
1,645000.0,50%-60%,685000.0,139.0,1,Not Hispanic or Latino,White,Female,45-54,95.0,Application denied
1,215000.0,45,615000.0,61.0,1,Not Hispanic or Latino,Asian,Female,>74,35.077,Loan originated
1,1095000.0,30%-<36%,1365000.0,365.0,1,Not Hispanic or Latino,Asian,Male,25-34,79.85,Loan originated
1,765000.0,30%-<36%,795000.0,285.0,1,Not Hispanic or Latino,White,Male,35-44,97.0,Loan originated
1,245000.0,20%-<30%,635000.0,156.0,1,Not Hispanic or Latino,Asian,Male,35-44,38.197,Loan originated
1,235000.0,46,295000.0,47.0,1,Not Hispanic or Latino,White,Female,35-44,80.0,Loan originated
1,505000.0,49,835000.0,100.0,1,Not Hispanic or Latino,White,Female,25-34,60.0,Loan originated
1,1005000.0,20%-<30%,1495000.0,421.0,1,Hispanic or Latino,White,Female,35-44,67.111,Loan originated
1,455000.0,37,485000.0,149.0,1,Hispanic or Latino,White,Male,45-54,94.997,Loan originated
1,265000.0,20%-<30%,335000.0,114.0,1,Not Hispanic or Latino,White,Female,25-34,80.0,Loan originated
1,495000.0,48,705000.0,166.0,1,Not Hispanic or Latino,White,Female,45-54,70.0,Application denied
1,975000.0,41,1175000.0,20.0,1,Not Hispanic or Latino,Asian,Male,25-34,82.91,Loan originated
1,705000.0,49,2045000.0,168.0,1,Not Hispanic or Latino,Asian,Male,35-44,34.18,Loan originated
1,655000.0,39,685000.0,204.0,1,Not Hispanic or Latino,Native Hawaiian or Other Pacific Islander,Female,25-34,100.0,Loan originated
1,615000.0,30%-<36%,775000.0,200.0,1,Not Hispanic or Latino,White,Male,35-44,80.0,Loan originated
1,345000.0,38,415000.0,127.0,1,Not Hispanic or Latino,Asian,Female,35-44,85.0,Loan originated
1,485000.0,39,565000.0,121.0,1,Not Hispanic or Latino,White,Male,35-44,85.451,Loan originated
1,515000.0,>60%,515000.0,64.0,1,Not Hispanic or Latino,Black or African American,Male,25-34,101.75,Application denied
1,925000.0,44,1165000.0,343.0,1,Not Hispanic or Latino,White,Male,25-34,80.0,Loan originated
1,645000.0,30%-<36%,805000.0,250.0,1,Not Hispanic or Latino,Asian,Male,35-44,80.0,Loan originated
1,475000.0,49,505000.0,101.0,1,Not Hispanic or Latino,White,Male,25-34,95.0,Loan originated
1,665000.0,44,915000.0,158.0,1,Hispanic or Latino,White,Male,25-34,72.598,Loan originated
1,335000.0,36,355000.0,114.0,1,Not Hispanic or Latino,Asian,Male,25-34,95.0,Application denied
1,765000.0,47,905000.0,178.0,1,Hispanic or Latino,White,Male,45-54,85.0,Loan originated
1,395000.0,36,495000.0,110.0,1,Not Hispanic or Latino,White,Female,45-54,80.0,Loan originated
1,225000.0,49,255000.0,51.0,1,Hispanic or Latino,White,Male,45-54,95.0,Loan originated
1,445000.0,47,485000.0,111.0,1,Hispanic or Latino,White,Female,45-54,92.0,Loan originated
1,625000.0,37,955000.0,180.0,1,Not Hispanic or Latino,Asian,Male,35-44,65.594,Loan originated
1,565000.0,39,605000.0,144.0,1,Not Hispanic or Latino,White,Male,25-34,94.792,Loan originated
1,1025000.0,30%-<36%,1275000.0,347.0,1,Not Hispanic or Latino,Asian,Female,45-54,80.0,Loan originated
1,355000.0,<20%,795000.0,275.0,1,Not Hispanic or Latino,White,Male,25-34,43.89,Loan originated
1,415000.0,48,515000.0,80.0,1,Not Hispanic or Latino,Asian,Male,25-34,80.0,Loan originated
1,365000.0,49,385000.0,82.0,1,Hispanic or Latino,White,Male,45-54,102.684,Loan originated
1,675000.0,36,1175000.0,320.0,1,Not Hispanic or Latino,Asian,Female,35-44,57.447,Loan originated
1,245000.0,49,365000.0,50.0,1,Hispanic or Latino,White,Male,25-34,66.667,Loan originated
1,865000.0,48,1255000.0,174.0,1,Not Hispanic or Latino,Asian,Male,25-34,68.8,Loan originated
1,225000.0,48,255000.0,55.0,1,Hispanic or Latino,White,Male,45-54,90.0,Loan originated
1,595000.0,37,635000.0,167.0,1,Not Hispanic or Latino,Asian,Female,25-34,95.0,Loan originated
1,895000.0,42,1005000.0,299.0,1,Not Hispanic or Latino,White,Female,55-64,90.0,Loan originated
1,65000.0,20%-<30%,295000.0,41.0,1,Not Hispanic or Latino,White,Female,55-64,20.69,Loan originated
1,585000.0,40,835000.0,333.0,1,Not Hispanic or Latino,Asian,Female,<25,70.167,Loan originated
1,1145000.0,42,2005000.0,307.0,1,Not Hispanic or Latino,White,Male,55-64,58.0,Loan originated
1,385000.0,48,395000.0,97.0,1,Hispanic or Latino,White,Male,45-54,97.0,Loan originated
1,495000.0,44,515000.0,113.0,1,Hispanic or Latino,White,Male,45-54,95.0,Loan originated
1,405000.0,30%-<36%,525000.0,161.0,1,Not Hispanic or Latino,White,Male,35-44,77.0,Loan originated
1,475000.0,47,505000.0,109.0,1,Hispanic or Latino,White,Male,45-54,95.0,Loan originated
1,745000.0,48,785000.0,134.0,1,Not Hispanic or Latino,White,Female,35-44,95.0,Loan originated
1,35000.0,30%-<36%,45000.0,46.0,1,Hispanic or Latino,American Indian or Alaska Native,Male,35-44,75.0,Application denied
1,295000.0,40,375000.0,94.0,1,Not Hispanic or Latino,Asian,Male,55-64,80.0,Loan originated
1,725000.0,45,905000.0,517.0,1,Hispanic or Latino,White,Female,55-64,80.0,Loan originated
1,955000.0,41,1195000.0,245.0,1,Not Hispanic or Latino,White,Male,35-44,80.0,Loan originated
1,615000.0,45,765000.0,144.0,1,Not Hispanic or Latino,Asian,Female,35-44,80.0,Loan originated
1,825000.0,42,1105000.0,489.0,1,Not Hispanic or Latino,Asian,Female,65-74,75.0,Loan originated
1,345000.0,49,435000.0,80.0,1,Not Hispanic or Latino,White,Female,35-44,80.0,Loan originated
1,375000.0,<20%,525000.0,-16.0,1,Not Hispanic or Latino,White,Male,35-44,71.429,Application denied
1,555000.0,42,585000.0,189.0,1,Not Hispanic or Latino,White,Male,35-44,95.0,Loan originated
1,255000.0,44,255000.0,60.0,1,Not Hispanic or Latino,White,Female,25-34,97.0,Loan originated
1,535000.0,41,675000.0,153.0,1,Not Hispanic or Latino,White,Male,25-34,89.93,Loan originated
1,1105000.0,<20%,1305000.0,891.0,1,Hispanic or Latino,White,Female,35-44,85.0,Loan originated
1,845000.0,49,885000.0,157.0,1,Not Hispanic or Latino,Asian,Male,35-44,95.0,Loan originated
1,905000.0,42,1305000.0,235.0,1,Not Hispanic or Latino,Asian,Male,35-44,70.0,Loan originated
1,205000.0,20%-<30%,485000.0,108.0,1,Hispanic or Latino,White,Male,35-44,41.24,Application denied
1,545000.0,30%-<36%,1205000.0,175.0,1,Not Hispanic or Latino,White,Female,35-44,45.0,Loan originated
1,805000.0,45,1155000.0,194.0,1,Not Hispanic or Latino,Asian,Male,45-54,70.13,Loan originated
1,885000.0,20%-<30%,1105000.0,431.0,1,Not Hispanic or Latino,Asian,Female,55-64,80.0,Loan originated
1,135000.0,36,275000.0,50.0,1,Not Hispanic or Latino,White,Female,65-74,48.33,Loan originated
1,335000.0,44,355000.0,72.0,1,Hispanic or Latino,White,Male,35-44,95.0,Loan originated
1,95000.0,30%-<36%,95000.0,52.0,1,Not Hispanic or Latino,White,Female,45-54,92.49,Loan originated
1,355000.0,48,475000.0,72.0,1,Not Hispanic or Latino,Asian,Female,35-44,75.0,Loan originated
1,585000.0,48,625000.0,121.0,1,Not Hispanic or Latino,Black or African American,Female,35-44,95.0,Loan originated
1,515000.0,47,635000.0,142.0,1,Not Hispanic or Latino,White,Male,65-74,80.0,Loan originated
1,455000.0,30%-<36%,605000.0,184.0,1,Hispanic or Latino,White,Male,25-34,75.0,Loan originated
1,455000.0,48,565000.0,91.0,1,Not Hispanic or Latino,White,Male,25-34,83.0,Loan originated
1,375000.0,47,475000.0,96.0,1,Not Hispanic or Latino,Asian,Male,35-44,80.0,Loan originated
1,905000.0,45,1205000.0,282.0,1,Not Hispanic or Latino,White,Male,35-44,90.0,Loan originated
1,245000.0,40,255000.0,70.0,1,Not Hispanic or Latino,White,Male,25-34,95.0,Loan originated
1,135000.0,30%-<36%,465000.0,149.0,1,Hispanic or Latino,White,Male,45-54,28.375,Loan originated
1,305000.0,49,385000.0,65.0,1,Not Hispanic or Latino,White,Female,45-54,80.0,Loan originated
1,915000.0,38,965000.0,247.0,1,Hispanic or Latino,White,Female,45-54,95.0,Loan originated
1,505000.0,36,635000.0,134.0,1,Not Hispanic or Latino,White,Male,35-44,80.0,Loan originated
1,145000.0,50%-60%,145000.0,64.0,1,Not Hispanic or Latino,White,Female,25-34,97.25,Application denied
1,515000.0,42,545000.0,338.0,1,Hispanic or Latino,White,Male,>74,95.0,Loan originated
1,225000.0,48,285000.0,49.0,1,Hispanic or Latino,White,Female,25-34,80.0,Loan originated
1,385000.0,20%-<30%,635000.0,167.0,1,Not Hispanic or Latino,White,Female,25-34,60.63,Application denied
1,1045000.0,49,1305000.0,228.0,1,Not Hispanic or Latino,Asian,Female,25-34,80.0,Loan originated
1,365000.0,48,505000.0,148.0,1,Hispanic or Latino,White,Female,55-64,72.8,Loan originated
1,315000.0,37,325000.0,98.0,1,Not Hispanic or Latino,White,Male,35-44,100.0,Loan originated
1,995000.0,49,1605000.0,205.0,1,Not Hispanic or Latino,White,Female,25-34,61.94,Loan originated
1,705000.0,30%-<36%,1055000.0,197.0,1,Not Hispanic or Latino,Asian,Male,35-44,66.041,Loan originated
1,215000.0,49,325000.0,43.0,1,Not Hispanic or Latino,Asian,Female,35-44,66.0,Loan originated
1,485000.0,30%-<36%,685000.0,200.0,1,Not Hispanic or Latino,White,Male,35-44,70.803,Loan originated
1,215000.0,44,265000.0,65.0,1,Hispanic or Latino,White,Male,35-44,81.13,Loan originated
1,385000.0,48,465000.0,101.0,1,Hispanic or Latino,White,Male,35-44,103.92,Loan originated
1,605000.0,41,755000.0,144.0,1,Not Hispanic or Latino,White,Male,25-34,80.0,Loan originated
1,565000.0,46,645000.0,166.0,1,Not Hispanic or Latino,Asian,Male,25-34,88.0,Loan originated
1,465000.0,20%-<30%,575000.0,174.0,1,Hispanic or Latino,White,Male,35-44,80.0,Loan originated
1,795000.0,30%-<36%,1495000.0,333.0,1,Not Hispanic or Latino,Asian,Male,35-44,53.05,Loan originated
1,575000.0,48,675000.0,139.0,1,Hispanic or Latino,White,Female,55-64,85.0,Loan originated
1,775000.0,47,1305000.0,180.0,1,Not Hispanic or Latino,Asian,Female,35-44,59.769,Loan originated
1,725000.0,42,755000.0,251.0,1,Not Hispanic or Latino,White,Female,55-64,97.0,Loan originated
1,1055000.0,44,2285000.0,295.0,1,Not Hispanic or Latino,Asian,Male,35-44,46.053,Loan originated
1,425000.0,46,595000.0,121.0,1,Hispanic or Latino,American Indian or Alaska Native,Male,35-44,71.447,Loan originated
1,345000.0,44,355000.0,86.0,1,Not Hispanic or Latino,White,Male,35-44,97.0,Loan originated
1,515000.0,20%-<30%,545000.0,231.0,1,Not Hispanic or Latino,Native Hawaiian or Other Pacific Islander,Male,45-54,95.0,Loan originated
1,285000.0,43,295000.0,129.0,1,Not Hispanic or Latino,White,Male,35-44,95.0,Loan originated
1,785000.0,46,875000.0,171.0,1,Hispanic or Latino,White,Male,25-34,90.0,Loan originated
1,375000.0,20%-<30%,1075000.0,198.0,1,Not Hispanic or Latino,White,Female,45-54,34.579,Loan originated
1,755000.0,20%-<30%,1505000.0,288.0,1,Not Hispanic or Latino,American Indian or Alaska Native,Female,45-54,50.0,Loan originated
1,245000.0,41,305000.0,55.0,1,Hispanic or Latino,White,Male,35-44,80.0,Loan originated
1,665000.0,45,955000.0,200.0,1,Not Hispanic or Latino,Asian,Male,45-54,70.0,Loan originated
1,565000.0,20%-<30%,715000.0,207.0,1,Not Hispanic or Latino,White,Male,35-44,80.0,Loan originated
1,345000.0,30%-<36%,405000.0,94.0,1,Hispanic or Latino,White,Male,25-34,85.0,Loan originated
1,135000.0,20%-<30%,155000.0,123.0,1,Hispanic or Latino,White,Male,25-34,91.467,Loan originated
1,245000.0,50%-60%,325000.0,50.0,1,Hispanic or Latino,White,Male,35-44,73.85,Loan originated
1,385000.0,37,545000.0,109.0,1,Not Hispanic or Latino,White,Female,65-74,70.559,Loan originated
1,355000.0,42,415000.0,202.0,1,Hispanic or Latino,White,Male,55-64,85.0,Loan originated
1,285000.0,20%-<30%,985000.0,113.0,1,Not Hispanic or Latino,White,Male,65-74,29.23,Loan originated
1,745000.0,50%-60%,775000.0,151.0,1,Hispanic or Latino,White,Male,35-44,97.0,Loan originated
1,855000.0,43,1145000.0,208.0,1,Not Hispanic or Latino,White,Female,35-44,75.0,Loan originated
1,1125000.0,30%-<36%,1405000.0,459.0,1,Not Hispanic or Latino,White,Male,45-54,80.0,Application denied
1,395000.0,45,525000.0,95.0,1,Not Hispanic or Latino,White,Female,25-34,75.0,Application denied
1,345000.0,49,695000.0,168.0,1,Hispanic or Latino,White,Male,35-44,50.217,Loan originated
1,385000.0,49,425000.0,76.0,1,Not Hispanic or Latino,White,Female,25-34,89.894,Loan originated
1,325000.0,30%-<36%,335000.0,113.0,1,Not Hispanic or Latino,White,Male,25-34,95.0,Loan originated
1,635000.0,20%-<30%,805000.0,308.0,1,Not Hispanic or Latino,Asian,Female,45-54,80.0,Loan originated
1,795000.0,36,995000.0,240.0,1,Not Hispanic or Latino,Asian,Male,25-34,80.0,Loan originated
1,685000.0,>60%,865000.0,220.0,1,Not Hispanic or Latino,White,Male,35-44,80.0,Application denied
1,395000.0,48,425000.0,107.0,1,Hispanic or Latino,White,Female,35-44,95.0,Loan originated
1,1085000.0,49,1235000.0,195.0,1,Not Hispanic or Latino,Asian,Male,25-34,88.58,Loan originated
1,425000.0,49,925000.0,136.0,1,Not Hispanic or Latino,Asian,Male,35-44,72.826,Loan originated
1,445000.0,20%-<30%,565000.0,184.0,1,Not Hispanic or Latino,Asian,Female,25-34,80.0,Loan originated
1,365000.0,20%-<30%,605000.0,250.0,1,Not Hispanic or Latino,Asian,Female,35-44,70.0,Loan originated
1,525000.0,39,585000.0,148.0,1,Not Hispanic or Latino,White,Male,25-34,90.0,Loan originated
1,1005000.0,42,1255000.0,351.0,1,Not Hispanic or Latino,White,Male,35-44,80.0,Loan originated
1,265000.0,43,315000.0,60.0,1,Hispanic or Latino,White,Male,<25,86.0,Loan originated
1,435000.0,20%-<30%,615000.0,273.0,1,Not Hispanic or Latino,Asian,Female,35-44,70.0,Loan originated
1,585000.0,49,665000.0,116.0,1,Not Hispanic or Latino,Black or African American,Male,55-64,87.306,Loan originated
1,45000.0,20%-<30%,55000.0,72.0,1,Not Hispanic or Latino,White,Male,55-64,75.0,Application denied
1,615000.0,20%-<30%,765000.0,344.0,1,Not Hispanic or Latino,White,Female,45-54,80.0,Loan originated
1,505000.0,49,635000.0,127.0,1,Hispanic or Latino,White,Male,35-44,80.0,Loan originated
1,495000.0,49,625000.0,118.0,1,Hispanic or Latino,White,Female,45-54,80.0,Loan originated
1,85000.0,47,95000.0,63.0,1,Hispanic or Latino,American Indian or Alaska Native,Male,<25,95.0,Application denied
1,195000.0,42,215000.0,42.0,1,Not Hispanic or Latino,White,Male,25-34,93.0,Loan originated
1,575000.0,41,595000.0,142.0,1,Not Hispanic or Latino,Asian,Female,35-44,97.0,Loan originated
1,1105000.0,40,1255000.0,328.0,1,Not Hispanic or Latino,White,Male,25-34,90.0,Loan originated
1,105000.0,20%-<30%,505000.0,80.0,1,Not Hispanic or Latino,White,Female,65-74,20.067,Loan originated
1,495000.0,30%-<36%,525000.0,139.0,1,Hispanic or Latino,White,Female,35-44,95.0,Loan originated
1,105000.0,30%-<36%,905000.0,66.0,1,Not Hispanic or Latino,White,Female,55-64,11.05,Loan originated
1,775000.0,42,1035000.0,268.0,1,Not Hispanic or Latino,Asian,Male,45-54,75.0,Loan originated
1,505000.0,47,645000.0,132.0,1,Not Hispanic or Latino,White,Female,35-44,78.75,Loan originated
1,725000.0,40,805000.0,247.0,1,Not Hispanic or Latino,Asian,Male,35-44,90.0,Loan originated
1,545000.0,40,675000.0,131.0,1,Not Hispanic or Latino,Asian,Male,25-34,80.0,Loan originated
1,805000.0,30%-<36%,1005000.0,318.0,1,Not Hispanic or Latino,White,Female,35-44,80.0,Loan originated
1,475000.0,38,505000.0,270.0,1,Not Hispanic or Latino,White,Male,35-44,95.0,Loan originated
1,105000.0,20%-<30%,135000.0,199.0,1,Not Hispanic or Latino,White,Female,55-64,80.0,Loan originated
1,215000.0,49,255000.0,47.0,1,Not Hispanic or Latino,White,Male,<25,85.0,Loan originated
1,205000.0,44,535000.0,76.0,1,Not Hispanic or Latino,White,Male,45-54,37.38,Loan originated
1,435000.0,42,465000.0,119.0,1,Not Hispanic or Latino,White,Male,25-34,95.0,Loan originated
1,295000.0,49,825000.0,68.0,1,Hispanic or Latino,White,Female,55-64,36.0,Loan originated
1,285000.0,44,325000.0,76.0,1,Not Hispanic or Latino,White,Female,65-74,88.75,Loan originated
1,765000.0,30%-<36%,1055000.0,208.0,1,Not Hispanic or Latino,Asian,Female,25-34,73.005,Loan originated
1,755000.0,30%-<36%,955000.0,304.0,1,Not Hispanic or Latino,White,Male,25-34,79.98,Loan originated
1,695000.0,42,925000.0,180.0,1,Not Hispanic or Latino,White,Male,45-54,75.0,Loan originated
1,385000.0,44,645000.0,96.0,1,Not Hispanic or Latino,Black or African American,Male,55-64,60.0,Application denied
1,1085000.0,46,1275000.0,264.0,1,Not Hispanic or Latino,Asian,Male,35-44,85.0,Loan originated
1,335000.0,44,425000.0,85.0,1,Not Hispanic or Latino,White,Female,35-44,80.0,Loan originated
1,955000.0,47,1055000.0,190.0,1,Not Hispanic or Latino,White,Male,25-34,89.999,Loan originated
1,305000.0,41,375000.0,73.0,1,Hispanic or Latino,White,Female,25-34,80.0,Loan originated
1,345000.0,47,845000.0,107.0,1,Not Hispanic or Latino,Asian,Male,45-54,40.899,Loan originated
1,305000.0,37,605000.0,165.0,1,Not Hispanic or Latino,White,Male,35-44,50.0,Application denied
1,295000.0,39,315000.0,134.0,1,Not Hispanic or Latino,Black or African American,Female,25-34,95.0,Application denied
1,805000.0,36,1005000.0,205.0,1,Not Hispanic or Latino,Asian,Male,25-34,80.0,Loan originated
1,335000.0,48,355000.0,107.0,1,Not Hispanic or Latino,White,Female,35-44,97.0,Loan originated
1,1005000.0,30%-<36%,2575000.0,387.0,1,Not Hispanic or Latino,White,Female,45-54,38.835,Loan originated
1,535000.0,30%-<36%,565000.0,141.0,1,Not Hispanic or Latino,Asian,Female,25-34,95.0,Loan originated
1,365000.0,41,385000.0,149.0,1,Not Hispanic or Latino,White,Male,25-34,95.0,Loan originated
1,575000.0,20%-<30%,715000.0,445.0,1,Hispanic or Latino,White,Male,45-54,80.0,Loan originated
1,665000.0,40,695000.0,284.0,1,Not Hispanic or Latino,Asian,Female,35-44,95.0,Loan originated
1,275000.0,36,545000.0,128.0,1,Not Hispanic or Latino,White,Male,35-44,50.46,Loan originated
1,365000.0,36,435000.0,158.0,1,Hispanic or Latino,White,Male,45-54,85.0,Loan originated
1,405000.0,47,755000.0,120.0,1,Hispanic or Latino,White,Male,25-34,53.333,Loan originated
1,965000.0,47,1205000.0,205.0,1,Not Hispanic or Latino,White,Female,35-44,80.0,Loan originated
1,395000.0,40,415000.0,106.0,1,Not Hispanic or Latino,2 or more minority races,Male,25-34,97.0,Loan originated
1,905000.0,44,1135000.0,217.0,1,Not Hispanic or Latino,White,Male,25-34,80.0,Loan originated
1,425000.0,49,675000.0,110.0,1,Not Hispanic or Latino,White,Female,55-64,63.233,Loan originated
1,725000.0,>60%,1455000.0,248.0,1,Not Hispanic or Latino,Black or African American,Female,45-54,50.0,Loan originated
1,645000.0,47,865000.0,141.0,1,Not Hispanic or Latino,White,Male,45-54,75.0,Loan originated
1,425000.0,30%-<36%,535000.0,172.0,1,Not Hispanic or Latino,White,Male,25-34,80.0,Loan originated
1,705000.0,46,1205000.0,207.0,1,Not Hispanic or Latino,Asian,Female,35-44,59.0,Loan originated
1,615000.0,49,655000.0,145.0,1,Not Hispanic or Latino,Asian,Male,25-34,94.0,Loan originated
1,315000.0,30%-<36%,755000.0,130.0,1,Not Hispanic or Latino,White,Female,25-34,43.0,Loan originated
1,1135000.0,20%-<30%,1515000.0,606.0,1,Not Hispanic or Latino,White,Female,55-64,89.933,Loan originated
1,265000.0,45,275000.0,87.0,1,Hispanic or Latino,White,Male,25-34,100.0,Loan originated
1,705000.0,30%-<36%,1555000.0,224.0,1,Not Hispanic or Latino,White,Male,55-64,45.128,Loan originated
1,855000.0,44,1555000.0,225.0,1,Not Hispanic or Latino,Asian,Male,25-34,55.282,Loan originated
1,505000.0,<20%,1705000.0,717.0,1,Not Hispanic or Latino,White,Male,65-74,29.41,Loan originated
1,705000.0,42,785000.0,165.0,1,Hispanic or Latino,White,Female,25-34,90.0,Loan originated
1,425000.0,41,905000.0,142.0,1,Not Hispanic or Latino,Asian,Male,45-54,47.0,Loan originated
1,685000.0,41,865000.0,264.0,1,Not Hispanic or Latino,Asian,Male,25-34,79.446,Loan originated
1,705000.0,43,905000.0,161.0,1,Not Hispanic or Latino,Asian,Female,35-44,77.899,Loan originated
1,565000.0,44,765000.0,201.0,1,Not Hispanic or Latino,White,Female,55-64,73.684,Loan originated
1,305000.0,47,455000.0,73.0,1,Not Hispanic or Latino,White,Male,25-34,66.667,Loan originated
1,485000.0,39,515000.0,120.0,1,Not Hispanic or Latino,White,Male,25-34,95.0,Loan originated
1,1035000.0,20%-<30%,1385000.0,502.0,1,Not Hispanic or Latino,White,Male,25-34,89.982,Loan originated
1,725000.0,20%-<30%,945000.0,240.0,1,Not Hispanic or Latino,White,Female,45-54,76.82,Loan originated
1,305000.0,39,1075000.0,117.0,1,Not Hispanic or Latino,White,Female,45-54,28.037,Loan originated
1,615000.0,30%-<36%,675000.0,186.0,1,Hispanic or Latino,Asian,Male,25-34,89.99,Loan originated
1,565000.0,30%-<36%,705000.0,169.0,1,Not Hispanic or Latino,Asian,Female,25-34,80.0,Loan originated
1,315000.0,49,355000.0,170.0,1,Not Hispanic or Latino,Asian,Female,45-54,90.0,Loan originated
1,745000.0,20%-<30%,785000.0,301.0,1,Hispanic or Latino,White,Female,25-34,95.0,Loan originated
1,505000.0,43,515000.0,146.0,1,Not Hispanic or Latino,White,Male,35-44,100.0,Loan originated
1,45000.0,36,55000.0,51.0,1,Not Hispanic or Latino,White,Female,65-74,75.0,Loan originated
1,415000.0,30%-<36%,435000.0,129.0,1,Not Hispanic or Latino,White,Female,25-34,97.0,Loan originated
1,605000.0,46,1105000.0,131.0,1,Not Hispanic or Latino,Asian,Female,25-34,55.0,Loan originated
1,435000.0,41,495000.0,171.0,1,Not Hispanic or Latino,White,Female,45-54,90.0,Loan originated
1,565000.0,48,705000.0,128.0,1,Not Hispanic or Latino,White,Female,35-44,80.0,Loan originated
1,465000.0,<20%,585000.0,300.0,1,Not Hispanic or Latino,Asian,Male,45-54,80.0,Loan originated
1,335000.0,49,385000.0,67.0,1,Hispanic or Latino,White,Male,45-54,88.0,Loan originated
1,415000.0,48,435000.0,86.0,1,Hispanic or Latino,Black or African American,Female,<25,95.0,Loan originated
1,425000.0,46,445000.0,114.0,1,Hispanic or Latino,White,Male,35-44,95.0,Loan originated
1,665000.0,47,845000.0,236.0,1,Not Hispanic or Latino,White,Male,55-64,79.7,Loan originated
1,375000.0,>60%,395000.0,48.0,1,Not Hispanic or Latino,Asian,Female,35-44,96.0,Application denied
1,365000.0,42,455000.0,99.0,1,Not Hispanic or Latino,White,Female,35-44,80.0,Loan originated
1,435000.0,37,455000.0,135.0,1,Not Hispanic or Latino,Asian,Female,35-44,97.0,Loan originated
1,465000.0,46,515000.0,107.0,1,Hispanic or Latino,Asian,Male,35-44,90.291,Loan originated
1,585000.0,36,995000.0,231.0,1,Not Hispanic or Latino,White,Male,65-74,59.0,Loan originated
1,595000.0,30%-<36%,625000.0,183.0,1,Not Hispanic or Latino,White,Male,35-44,95.0,Loan originated
1,335000.0,39,445000.0,192.0,1,Not Hispanic or Latino,Asian,Male,35-44,75.0,Loan originated
1,165000.0,45,385000.0,54.0,1,Hispanic or Latino,White,Male,45-54,98.805,Loan originated
1,1145000.0,40,1355000.0,322.0,1,Hispanic or Latino,White,Male,25-34,80.0,Application denied
1,575000.0,30%-<36%,635000.0,184.0,1,Hispanic or Latino,Asian,Male,25-34,90.0,Loan originated
1,475000.0,30%-<36%,595000.0,250.0,1,Not Hispanic or Latino,White,Male,25-34,80.0,Loan originated
1,645000.0,20%-<30%,805000.0,318.0,1,Hispanic or Latino,White,Male,35-44,80.0,Loan originated
1,315000.0,43,355000.0,101.0,1,Hispanic or Latino,White,Male,25-34,88.57,Loan originated
1,15000.0,40,335000.0,119.0,1,Not Hispanic or Latino,Black or African American,Female,55-64,98.5,Loan originated
1,405000.0,20%-<30%,565000.0,243.0,1,Not Hispanic or Latino,Asian,Female,25-34,70.547,Loan originated
1,405000.0,37,905000.0,126.0,1,Not Hispanic or Latino,Asian,Female,35-44,44.0,Loan originated
1,405000.0,43,955000.0,199.0,1,Not Hispanic or Latino,Asian,Male,45-54,42.149,Loan originated
1,805000.0,40,1155000.0,199.0,1,Not Hispanic or Latino,White,Male,35-44,69.697,Loan originated
1,685000.0,39,915000.0,299.0,1,Hispanic or Latino,White,Male,35-44,80.0,Loan originated
1,825000.0,45,875000.0,190.0,1,Not Hispanic or Latino,Asian,Male,35-44,93.857,Loan originated
1,385000.0,20%-<30%,395000.0,167.0,1,Not Hispanic or Latino,Asian,Female,<25,97.0,Loan originated
1,125000.0,30%-<36%,175000.0,91.0,1,Hispanic or Latino,White,Male,35-44,70.0,Loan originated
1,445000.0,49,465000.0,89.0,1,Not Hispanic or Latino,White,Female,55-64,100.0,Loan originated
1,525000.0,30%-<36%,655000.0,143.0,1,Not Hispanic or Latino,White,Female,45-54,80.0,Loan originated
1,515000.0,40,605000.0,153.0,1,Not Hispanic or Latino,White,Female,45-54,85.0,Loan originated
1,525000.0,42,695000.0,173.0,1,Not Hispanic or Latino,Asian,Male,45-54,75.0,Loan originated
1,385000.0,39,415000.0,97.0,1,Hispanic or Latino,White,Male,25-34,95.0,Loan originated
1,1055000.0,44,1515000.0,320.0,1,Not Hispanic or Latino,Asian,Male,35-44,70.0,Loan originated
1,275000.0,38,345000.0,93.0,1,Hispanic or Latino,White,Female,25-34,82.0,Loan originated
1,445000.0,49,665000.0,103.0,1,Not Hispanic or Latino,White,Female,65-74,66.917,Loan originated
1,505000.0,39,525000.0,109.0,1,Hispanic or Latino,White,Male,35-44,97.0,Loan originated
1,365000.0,20%-<30%,385000.0,162.0,1,Not Hispanic or Latino,Native Hawaiian or Other Pacific Islander,Female,35-44,95.0,Loan originated
1,435000.0,47,465000.0,148.0,1,Not Hispanic or Latino,Asian,Female,35-44,92.55,Loan originated
1,1105000.0,40,1575000.0,277.0,1,Not Hispanic or Latino,Asian,Male,45-54,70.0,Loan originated
1,625000.0,20%-<30%,735000.0,668.0,1,Not Hispanic or Latino,White,Male,35-44,85.0,Loan originated
1,385000.0,48,405000.0,77.0,1,Hispanic or Latino,White,Male,35-44,95.0,Loan originated
1,1005000.0,48,1685000.0,215.0,1,Not Hispanic or Latino,White,Female,55-64,59.44,Loan originated
1,575000.0,<20%,755000.0,491.0,1,Not Hispanic or Latino,White,Male,35-44,76.791,Loan originated
1,695000.0,39,875000.0,229.0,1,Not Hispanic or Latino,Asian,Female,45-54,79.992,Loan originated
1,575000.0,49,615000.0,110.0,1,Not Hispanic or Latino,White,Female,25-34,95.0,Loan originated
1,575000.0,20%-<30%,675000.0,210.0,1,Not Hispanic or Latino,White,Male,35-44,85.634,Loan originated
1,325000.0,30%-<36%,435000.0,115.0,1,Not Hispanic or Latino,White,Female,25-34,75.0,Loan originated
1,385000.0,42,395000.0,128.0,1,Not Hispanic or Latino,White,Male,35-44,97.0,Loan originated
1,565000.0,49,715000.0,119.0,1,Not Hispanic or Latino,Asian,Male,25-34,78.562,Loan originated
1,195000.0,45,225000.0,43.0,1,Hispanic or Latino,White,Female,45-54,89.0,Application denied
1,505000.0,20%-<30%,765000.0,227.0,1,Not Hispanic or Latino,White,Male,35-44,65.359,Application denied
1,635000.0,49,785000.0,134.0,1,Hispanic or Latino,Black or African American,Female,<25,80.0,Loan originated
1,665000.0,43,705000.0,169.0,1,Not Hispanic or Latino,Black or African American,Male,45-54,95.0,Loan originated
1,355000.0,43,395000.0,78.0,1,Not Hispanic or Latino,Asian,Male,25-34,90.0,Loan originated
1,745000.0,30%-<36%,855000.0,227.0,1,Not Hispanic or Latino,Asian,Male,45-54,87.647,Loan originated
1,635000.0,47,855000.0,174.0,1,Not Hispanic or Latino,White,Male,45-54,74.93,Loan originated
1,605000.0,38,695000.0,402.0,1,Not Hispanic or Latino,White,Female,35-44,86.96,Loan originated
1,765000.0,39,955000.0,187.0,1,Not Hispanic or Latino,Asian,Male,25-34,80.0,Loan originated
1,75000.0,42,175000.0,23.0,1,Not Hispanic or Latino,White,Male,<25,102.61,Loan originated
1,95000.0,20%-<30%,105000.0,83.0,1,Not Hispanic or Latino,White,Female,65-74,91.74,Loan originated
1,705000.0,30%-<36%,1205000.0,375.0,1,Not Hispanic or Latino,White,Male,35-44,59.0,Loan originated
1,315000.0,49,565000.0,67.0,1,Not Hispanic or Latino,White,Male,65-74,55.357,Loan originated
1,1035000.0,48,1135000.0,211.0,1,Not Hispanic or Latino,White,Female,25-34,90.99,Loan originated
1,835000.0,20%-<30%,1045000.0,388.0,1,Hispanic or Latino,White,Female,35-44,80.0,Loan originated
1,765000.0,36,1065000.0,240.0,1,Not Hispanic or Latino,Asian,Male,35-44,72.311,Loan originated
1,355000.0,40,445000.0,113.0,1,Not Hispanic or Latino,Asian,Female,>74,80.0,Loan originated
1,165000.0,50%-60%,195000.0,89.0,1,Hispanic or Latino,White,Male,45-54,81.51,Application denied
1,1015000.0,43,1455000.0,230.0,1,Not Hispanic or Latino,Asian,Female,35-44,70.0,Loan originated
1,705000.0,41,875000.0,166.0,1,Hispanic or Latino,White,Male,35-44,80.0,Loan originated
1,485000.0,39,505000.0,144.0,1,Hispanic or Latino,White,Female,35-44,97.0,Loan originated
1,1125000.0,30%-<36%,1325000.0,361.0,1,Not Hispanic or Latino,Asian,Male,35-44,85.0,Loan originated
1,905000.0,42,1515000.0,209.0,1,Not Hispanic or Latino,Asian,Male,45-54,60.0,Loan originated
1,165000.0,<20%,695000.0,178.0,1,Not Hispanic or Latino,White,Male,55-64,23.741,Loan originated
1,665000.0,46,1015000.0,134.0,1,Not Hispanic or Latino,Asian,Female,35-44,65.35,Loan originated
1,295000.0,39,305000.0,97.0,1,Not Hispanic or Latino,Black or African American,Female,45-54,97.0,Loan originated
1,275000.0,20%-<30%,345000.0,124.0,1,Not Hispanic or Latino,Asian,Female,55-64,80.0,Loan originated
1,725000.0,42,905000.0,310.0,1,Not Hispanic or Latino,White,Female,45-54,80.0,Loan originated
1,445000.0,20%-<30%,525000.0,164.0,1,Not Hispanic or Latino,White,Female,35-44,85.0,Loan originated
1,585000.0,42,1015000.0,212.0,1,Not Hispanic or Latino,Asian,Male,55-64,57.66,Loan originated
1,685000.0,<20%,865000.0,3227.0,1,Not Hispanic or Latino,White,Female,25-34,80.0,Loan originated
1,455000.0,36,575000.0,135.0,1,Not Hispanic or Latino,Asian,Male,55-64,80.0,Loan originated
1,515000.0,43,705000.0,140.0,1,Not Hispanic or Latino,Asian,Female,35-44,72.34,Loan originated
1,725000.0,49,935000.0,188.0,1,Not Hispanic or Latino,Asian,Female,45-54,77.01,Loan originated
1,495000.0,39,625000.0,129.0,1,Not Hispanic or Latino,Asian,Female,25-34,80.0,Loan originated
1,415000.0,49,435000.0,92.0,1,Not Hispanic or Latino,Native Hawaiian or Other Pacific Islander,Male,<25,97.0,Loan originated
1,725000.0,48,905000.0,160.0,1,Not Hispanic or Latino,Asian,Male,35-44,80.0,Loan originated
1,655000.0,44,725000.0,150.0,1,Not Hispanic or Latino,Asian,Female,35-44,89.903,Loan originated
1,345000.0,38,435000.0,118.0,1,Not Hispanic or Latino,White,Male,25-34,80.0,Loan originated
1,445000.0,49,695000.0,222.0,1,Not Hispanic or Latino,Asian,Male,25-34,64.262,Loan originated
1,585000.0,<20%,785000.0,444.0,1,Not Hispanic or Latino,White,Male,55-64,74.522,Loan originated
1,35000.0,30%-<36%,135000.0,53.0,1,Not Hispanic or Latino,White,Female,55-64,26.47,Loan originated
1,445000.0,45,465000.0,137.0,1,Not Hispanic or Latino,Asian,Male,35-44,95.0,Loan originated
1,305000.0,40,405000.0,85.0,1,Hispanic or Latino,White,Male,25-34,95.0,Loan originated
1,485000.0,50%-60%,615000.0,180.0,1,Not Hispanic or Latino,Asian,Male,25-34,80.0,Application denied
1,725000.0,40,905000.0,319.0,1,Not Hispanic or Latino,White,Male,25-34,80.0,Loan originated
1,525000.0,20%-<30%,745000.0,416.0,1,Not Hispanic or Latino,White,Female,45-54,70.0,Loan originated
1,665000.0,30%-<36%,835000.0,249.0,1,Not Hispanic or Latino,Asian,Female,35-44,80.0,Loan originated
1,245000.0,39,285000.0,119.0,1,Not Hispanic or Latino,Black or African American,Female,55-64,85.0,Application denied
1,515000.0,36,645000.0,145.0,1,Not Hispanic or Latino,White,Female,25-34,80.0,Loan originated
1,685000.0,48,765000.0,165.0,1,Not Hispanic or Latino,Asian,Male,35-44,89.999,Loan originated
1,565000.0,48,755000.0,107.0,1,Not Hispanic or Latino,Asian,Male,25-34,95.0,Loan originated
1,365000.0,47,1235000.0,101.0,1,Not Hispanic or Latino,White,Female,45-54,29.675,Loan originated
1,985000.0,49,1325000.0,229.0,1,Not Hispanic or Latino,White,Male,45-54,74.22,Loan originated
1,455000.0,42,475000.0,134.0,1,Not Hispanic or Latino,White,Female,25-34,95.0,Loan originated
1,835000.0,40,1045000.0,236.0,1,Not Hispanic or Latino,White,Male,35-44,80.0,Loan originated
1,515000.0,36,695000.0,178.0,1,Not Hispanic or Latino,Asian,Male,35-44,75.0,Loan originated
1,1135000.0,<20%,1415000.0,1564.0,1,Not Hispanic or Latino,White,Female,35-44,80.0,Loan originated
1,375000.0,37,475000.0,119.0,1,Not Hispanic or Latino,White,Female,45-54,80.0,Loan originated
1,375000.0,45,525000.0,101.0,1,Not Hispanic or Latino,White,Male,25-34,71.429,Loan originated
1,955000.0,47,1775000.0,242.0,1,Not Hispanic or Latino,Asian,Male,35-44,53.52,Loan originated
1,705000.0,41,1055000.0,169.0,1,Not Hispanic or Latino,Asian,Male,35-44,66.667,Loan originated
1,245000.0,47,255000.0,141.0,1,Hispanic or Latino,White,Male,35-44,95.0,Loan originated
1,305000.0,41,325000.0,84.0,1,Not Hispanic or Latino,White,Male,35-44,95.0,Loan originated
1,405000.0,40,485000.0,102.0,1,Hispanic or Latino,White,Female,25-34,85.0,Loan originated
1,665000.0,49,995000.0,141.0,1,Not Hispanic or Latino,White,Male,45-54,67.172,Loan originated
1,725000.0,20%-<30%,805000.0,234.0,1,Not Hispanic or Latino,Asian,Female,45-54,90.0,Loan originated
1,195000.0,38,445000.0,76.0,1,Not Hispanic or Latino,White,Female,>74,43.82,Loan originated
1,555000.0,40,955000.0,192.0,1,Not Hispanic or Latino,Asian,Female,25-34,58.006,Loan originated
1,555000.0,37,695000.0,185.0,1,Not Hispanic or Latino,Asian,Male,45-54,80.0,Loan originated
1,605000.0,48,865000.0,144.0,1,Not Hispanic or Latino,White,Male,<25,70.0,Loan originated
1,745000.0,49,875000.0,166.0,1,Not Hispanic or Latino,Asian,Female,35-44,86.0,Loan originated
1,705000.0,37,1055000.0,216.0,1,Not Hispanic or Latino,White,Female,45-54,66.95,Loan originated
1,895000.0,43,935000.0,221.0,1,Not Hispanic or Latino,White,Male,45-54,95.0,Loan originated
1,735000.0,45,1255000.0,179.0,1,Not Hispanic or Latino,White,Male,25-34,99.0,Loan originated
1,455000.0,41,855000.0,150.0,1,Not Hispanic or Latino,Asian,Male,25-34,53.434,Loan originated
1,595000.0,49,745000.0,125.0,1,Not Hispanic or Latino,White,Female,55-64,80.0,Loan originated
1,595000.0,45,1345000.0,235.0,1,Not Hispanic or Latino,White,Male,35-44,44.0,Loan originated
1,705000.0,30%-<36%,885000.0,235.0,1,Not Hispanic or Latino,Black or African American,Female,55-64,80.0,Loan originated
1,195000.0,47,205000.0,70.0,1,Not Hispanic or Latino,Black or African American,Male,35-44,95.0,Loan originated
1,745000.0,45,1065000.0,286.0,1,Not Hispanic or Latino,White,Male,65-74,69.953,Application denied
1,495000.0,48,525000.0,109.0,1,Not Hispanic or Latino,Black or African American,Male,65-74,95.0,Loan originated
1,975000.0,44,1155000.0,236.0,1,Not Hispanic or Latino,Asian,Male,25-34,85.0,Application denied
1,755000.0,43,1165000.0,240.0,1,Not Hispanic or Latino,Asian,Female,45-54,65.0,Loan originated
1,285000.0,44,305000.0,82.0,1,Hispanic or Latino,White,Male,55-64,98.0,Loan originated
1,755000.0,38,945000.0,218.0,1,Not Hispanic or Latino,Asian,Female,25-34,80.0,Loan originated
1,495000.0,46,715000.0,132.0,1,Not Hispanic or Latino,Asian,Male,<25,69.99992,Loan originated
1,425000.0,40,535000.0,119.0,1,Not Hispanic or Latino,White,Male,55-64,80.0,Loan originated
1,655000.0,20%-<30%,695000.0,240.0,1,Hispanic or Latino,White,Male,25-34,95.0,Loan originated
1,535000.0,45,1395000.0,177.0,1,Hispanic or Latino,American Indian or Alaska Native,Male,55-64,38.065,Loan originated
1,885000.0,49,1105000.0,173.0,1,Not Hispanic or Latino,White,Male,35-44,80.0,Loan originated
1,245000.0,48,485000.0,138.0,1,Not Hispanic or Latino,Asian,Female,45-54,50.0,Loan originated
1,185000.0,46,585000.0,69.0,1,Not Hispanic or Latino,Black or African American,Male,35-44,31.624,Loan originated
1,345000.0,47,355000.0,109.0,1,Hispanic or Latino,White,Female,35-44,99.0,Loan originated
1,885000.0,48,1855000.0,185.0,1,Not Hispanic or Latino,Asian,Female,35-44,47.838,Loan originated
1,455000.0,49,605000.0,92.0,1,Hispanic or Latino,White,Female,45-54,75.0,Loan originated
1,315000.0,42,395000.0,174.0,1,Hispanic or Latino,White,Female,35-44,80.55,Loan originated
1,345000.0,48,365000.0,100.0,1,Hispanic or Latino,White,Male,35-44,95.0,Loan originated
1,905000.0,20%-<30%,1135000.0,388.0,1,Not Hispanic or Latino,White,Male,35-44,80.0,Loan originated
1,615000.0,43,945000.0,158.0,1,Not Hispanic or Latino,White,Male,25-34,64.55,Loan originated
1,285000.0,45,735000.0,69.0,1,Hispanic or Latino,White,Female,55-64,38.356,Loan originated
1,755000.0,50%-60%,835000.0,166.0,1,Not Hispanic or Latino,Asian,Female,45-54,90.0,Application denied
1,285000.0,42,355000.0,66.0,1,Hispanic or Latino,White,Female,35-44,80.0,Loan originated
1,595000.0,30%-<36%,745000.0,180.0,1,Not Hispanic or Latino,White,Male,35-44,80.0,Loan originated
1,305000.0,20%-<30%,405000.0,185.0,1,Not Hispanic or Latino,Black or African American,Male,65-74,75.0,Loan originated
1,915000.0,40,1145000.0,256.0,1,Not Hispanic or Latino,White,Male,35-44,80.0,Loan originated
1,325000.0,44,345000.0,72.0,1,Hispanic or Latino,White,Female,35-44,95.0,Loan originated
1,595000.0,39,745000.0,160.0,1,Not Hispanic or Latino,Asian,Male,25-34,80.0,Loan originated
1,305000.0,49,325000.0,64.0,1,Hispanic or Latino,White,Male,45-54,95.0,Loan originated
1,965000.0,39,1215000.0,555.0,1,Not Hispanic or Latino,White,Male,45-54,80.0,Loan originated
1,685000.0,47,705000.0,141.0,1,Not Hispanic or Latino,White,Male,35-44,100.0,Application denied
1,505000.0,30%-<36%,1155000.0,148.0,1,Not Hispanic or Latino,Asian,Male,25-34,62.5,Loan originated
1,765000.0,37,805000.0,220.0,1,Not Hispanic or Latino,White,Male,35-44,95.0,Loan originated
1,305000.0,49,415000.0,60.0,1,Hispanic or Latino,White,Female,35-44,78.313,Application denied
1,585000.0,30%-<36%,1065000.0,191.0,1,Not Hispanic or Latino,White,Female,35-44,54.717,Loan originated
1,385000.0,49,395000.0,80.0,1,Hispanic or Latino,White,Female,35-44,97.0,Loan originated
1,495000.0,37,665000.0,138.0,1,Not Hispanic or Latino,White,Male,35-44,75.0,Loan originated
1,105000.0,50%-60%,115000.0,71.0,1,Hispanic or Latino,2 or more minority races,Female,25-34,95.45,Application denied
1,755000.0,30%-<36%,1225000.0,252.0,1,Not Hispanic or Latino,White,Male,45-54,62.0,Loan originated
1,755000.0,47,835000.0,184.0,1,Not Hispanic or Latino,Asian,Female,25-34,89.99,Loan originated
1,275000.0,45,745000.0,83.0,1,Not Hispanic or Latino,White,Female,25-34,37.162,Loan originated
1,665000.0,20%-<30%,845000.0,287.0,1,Hispanic or Latino,White,Male,55-64,80.0,Loan originated
1,265000.0,<20%,325000.0,174.0,1,Hispanic or Latino,White,Male,35-44,80.0,Loan originated
1,765000.0,49,815000.0,182.0,1,Not Hispanic or Latino,White,Male,25-34,94.049,Loan originated
1,705000.0,41,1135000.0,279.0,1,Not Hispanic or Latino,White,Male,65-74,61.538,Loan originated
1,405000.0,30%-<36%,615000.0,118.0,1,Not Hispanic or Latino,White,Male,25-34,66.074,Loan originated
1,525000.0,42,1125000.0,131.0,1,Not Hispanic or Latino,Black or African American,Female,45-54,46.67,Loan originated
1,425000.0,46,435000.0,103.0,1,Hispanic or Latino,White,Female,35-44,100.0,Loan originated
1,405000.0,<20%,705000.0,246.0,1,Not Hispanic or Latino,Asian,Female,35-44,58.0,Loan originated
1,665000.0,39,825000.0,191.0,1,Hispanic or Latino,White,Male,25-34,80.0,Loan originated
1,765000.0,45,1355000.0,165.0,1,Not Hispanic or Latino,White,Male,35-44,56.447,Loan originated
1,875000.0,49,1255000.0,197.0,1,Not Hispanic or Latino,White,Male,45-54,70.0,Loan originated
1,675000.0,49,835000.0,174.0,1,Hispanic or Latino,White,Male,<25,80.0,Loan originated
1,495000.0,20%-<30%,1095000.0,214.0,1,Not Hispanic or Latino,White,Female,35-44,44.96,Loan originated
1,325000.0,47,675000.0,88.0,1,Not Hispanic or Latino,White,Female,45-54,48.0,Loan originated
1,655000.0,46,765000.0,189.0,1,Not Hispanic or Latino,Asian,Male,25-34,85.0,Loan originated
1,775000.0,44,1065000.0,186.0,1,Not Hispanic or Latino,Asian,Male,45-54,75.0,Loan originated
1,685000.0,47,725000.0,183.0,1,Hispanic or Latino,White,Male,25-34,95.0,Loan originated
1,475000.0,40,615000.0,147.0,1,Not Hispanic or Latino,Asian,Male,25-34,77.143,Loan originated
1,465000.0,20%-<30%,545000.0,218.0,1,Hispanic or Latino,White,Male,35-44,85.0,Loan originated
1,505000.0,41,2445000.0,211.0,1,Not Hispanic or Latino,White,Female,>74,20.41,Loan originated
1,545000.0,48,845000.0,110.0,1,Not Hispanic or Latino,Asian,Male,45-54,64.636,Loan originated
1,355000.0,37,655000.0,121.0,1,Not Hispanic or Latino,White,Male,35-44,53.846,Loan originated
1,285000.0,30%-<36%,435000.0,90.0,1,Not Hispanic or Latino,White,Male,55-64,65.116,Loan originated
1,295000.0,37,305000.0,102.0,1,Not Hispanic or Latino,White,Female,35-44,95.0,Loan originated
1,255000.0,49,355000.0,80.0,1,Hispanic or Latino,White,Female,25-34,71.871,Loan originated
1,465000.0,45,485000.0,97.0,1,Hispanic or Latino,Native Hawaiian or Other Pacific Islander,Male,35-44,94.999,Loan originated
1,355000.0,44,545000.0,83.0,1,Not Hispanic or Latino,Asian,Male,25-34,65.0,Loan originated
1,405000.0,49,695000.0,239.0,1,Not Hispanic or Latino,White,Female,45-54,57.31,Loan originated
1,615000.0,38,765000.0,349.0,1,Not Hispanic or Latino,White,Female,45-54,80.0,Loan originated
1,205000.0,50%-60%,605000.0,56.0,1,Not Hispanic or Latino,Asian,Male,45-54,33.333,Application denied
1,395000.0,36,475000.0,139.0,1,Hispanic or Latino,American Indian or Alaska Native,Male,35-44,102.392,Loan originated
1,85000.0,20%-<30%,355000.0,52.0,1,Not Hispanic or Latino,Black or African American,Male,45-54,22.54,Loan originated
1,355000.0,44,445000.0,112.0,1,Not Hispanic or Latino,Asian,Female,45-54,80.0,Loan originated
1,505000.0,37,805000.0,156.0,1,Not Hispanic or Latino,Asian,Male,45-54,62.73,Loan originated
1,745000.0,50%-60%,785000.0,147.0,1,Hispanic or Latino,White,Female,35-44,95.0,Application denied
1,485000.0,36,815000.0,129.0,1,Not Hispanic or Latino,White,Male,45-54,60.0,Loan originated
1,435000.0,46,455000.0,107.0,1,Not Hispanic or Latino,Black or African American,Male,35-44,95.0,Loan originated
1,515000.0,49,605000.0,117.0,1,Not Hispanic or Latino,Asian,Male,35-44,85.0,Application denied
1,475000.0,48,1085000.0,110.0,1,Hispanic or Latino,White,Male,25-34,43.318,Loan originated
1,635000.0,38,1145000.0,209.0,1,Not Hispanic or Latino,White,Female,35-44,56.0,Loan originated
1,205000.0,30%-<36%,765000.0,124.0,1,Not Hispanic or Latino,White,Female,55-64,27.5,Loan originated
1,635000.0,20%-<30%,845000.0,295.0,1,Not Hispanic or Latino,Asian,Female,45-54,75.0,Loan originated
1,425000.0,44,535000.0,125.0,1,Not Hispanic or Latino,Asian,Male,55-64,80.0,Loan originated
1,215000.0,45,815000.0,68.0,1,Not Hispanic or Latino,White,Female,55-64,25.77,Loan originated
1,985000.0,38,1165000.0,293.0,1,Not Hispanic or Latino,Asian,Male,35-44,85.0,Loan originated
1,545000.0,46,575000.0,231.0,1,Hispanic or Latino,White,Male,35-44,95.0,Loan originated
1,145000.0,45,345000.0,55.0,1,Not Hispanic or Latino,White,Male,25-34,42.775,Loan originated
1,155000.0,<20%,485000.0,225.0,1,Not Hispanic or Latino,White,Female,55-64,31.088,Loan originated
1,405000.0,37,1225000.0,125.0,1,Not Hispanic or Latino,American Indian or Alaska Native,Female,45-54,32.66,Loan originated
1,745000.0,20%-<30%,935000.0,449.0,1,Not Hispanic or Latino,Asian,Male,35-44,80.0,Application denied
1,395000.0,41,675000.0,155.0,1,Hispanic or Latino,Asian,Female,65-74,57.78,Loan originated
1,725000.0,30%-<36%,905000.0,195.0,1,Not Hispanic or Latino,Asian,Female,35-44,80.0,Loan originated
1,595000.0,48,735000.0,259.0,1,Not Hispanic or Latino,Black or African American,Female,35-44,80.0,Loan originated
1,705000.0,49,875000.0,150.0,1,Not Hispanic or Latino,White,Male,25-34,80.0,Loan originated
1,975000.0,40,1685000.0,276.0,1,Not Hispanic or Latino,Asian,Male,35-44,67.5,Loan originated
1,325000.0,38,595000.0,176.0,1,Not Hispanic or Latino,White,Male,35-44,54.237,Loan originated
1,305000.0,20%-<30%,625000.0,168.0,1,Not Hispanic or Latino,Asian,Female,25-34,48.516,Loan originated
1,725000.0,41,765000.0,290.0,1,Hispanic or Latino,White,Male,35-44,95.0,Loan originated
1,45000.0,43,75000.0,36.0,1,Not Hispanic or Latino,White,Male,55-64,58.55,Application denied
1,625000.0,46,835000.0,223.0,1,Hispanic or Latino,White,Female,55-64,74.85,Loan originated
1,415000.0,43,445000.0,82.0,1,Hispanic or Latino,White,Male,25-34,94.34,Loan originated
1,305000.0,40,1215000.0,87.0,1,Not Hispanic or Latino,American Indian or Alaska Native,Male,55-64,24.793,Loan originated
1,455000.0,45,505000.0,100.0,1,Not Hispanic or Latino,White,Female,25-34,90.0,Loan originated
1,455000.0,39,1405000.0,140.0,1,Hispanic or Latino,White,Male,45-54,32.143,Loan originated
1,965000.0,30%-<36%,1215000.0,272.0,1,Not Hispanic or Latino,Asian,Male,35-44,80.0,Loan originated
1,175000.0,20%-<30%,675000.0,129.0,1,Not Hispanic or Latino,White,Male,35-44,25.926,Loan originated
1,745000.0,37,935000.0,191.0,1,Not Hispanic or Latino,White,Male,25-34,80.0,Loan originated
1,345000.0,42,395000.0,81.0,1,Not Hispanic or Latino,Asian,Male,25-34,87.179,Loan originated
1,65000.0,30%-<36%,165000.0,52.0,1,Not Hispanic or Latino,White,Female,65-74,37.5,Loan originated
1,805000.0,30%-<36%,1005000.0,379.0,1,Not Hispanic or Latino,Asian,Male,55-64,80.0,Loan originated
1,405000.0,20%-<30%,1005000.0,190.0,1,Not Hispanic or Latino,White,Male,35-44,40.0,Loan originated
1,455000.0,49,625000.0,104.0,1,Not Hispanic or Latino,Black or African American,Female,45-54,74.0,Loan originated
1,415000.0,48,515000.0,129.0,1,Not Hispanic or Latino,2 or more minority races,Female,55-64,80.0,Loan originated
1,155000.0,<20%,455000.0,95.0,1,Hispanic or Latino,White,Female,35-44,33.333,Loan originated
1,445000.0,48,565000.0,107.0,1,Not Hispanic or Latino,White,Male,35-44,80.0,Loan originated
1,655000.0,44,695000.0,226.0,1,Not Hispanic or Latino,White,Male,55-64,95.0,Loan originated
1,755000.0,45,945000.0,190.0,1,Not Hispanic or Latino,Asian,Male,25-34,80.0,Loan originated
1,355000.0,42,495000.0,91.0,1,Not Hispanic or Latino,White,Male,25-34,70.14,Loan originated
1,515000.0,30%-<36%,535000.0,203.0,1,Hispanic or Latino,White,Male,25-34,97.0,Loan originated
1,275000.0,30%-<36%,695000.0,155.0,1,Not Hispanic or Latino,White,Female,35-44,40.14,Loan originated
1,595000.0,39,655000.0,140.0,1,Not Hispanic or Latino,Asian,Male,25-34,89.99,Loan originated
1,325000.0,42,465000.0,117.0,1,Hispanic or Latino,Asian,Female,65-74,70.21,Loan originated
1,615000.0,48,945000.0,145.0,1,Not Hispanic or Latino,White,Male,25-34,64.55,Loan originated
1,385000.0,49,475000.0,132.0,1,Not Hispanic or Latino,Black or African American,Female,55-64,80.0,Loan originated
1,845000.0,30%-<36%,1125000.0,279.0,1,Not Hispanic or Latino,White,Male,35-44,75.0,Loan originated
1,345000.0,45,435000.0,110.0,1,Not Hispanic or Latino,White,Female,65-74,80.0,Loan originated
1,985000.0,20%-<30%,1225000.0,407.0,1,Not Hispanic or Latino,Asian,Male,25-34,80.0,Loan originated
1,525000.0,43,655000.0,145.0,1,Not Hispanic or Latino,Asian,Male,25-34,100.0,Loan originated
1,255000.0,38,325000.0,104.0,1,Hispanic or Latino,White,Female,35-44,80.0,Loan originated
1,365000.0,20%-<30%,385000.0,168.0,1,Not Hispanic or Latino,White,Male,35-44,95.0,Application denied
1,445000.0,44,555000.0,121.0,1,Not Hispanic or Latino,White,Male,25-34,80.0,Loan originated
1,425000.0,20%-<30%,565000.0,155.0,1,Not Hispanic or Latino,Asian,Male,35-44,75.0,Loan originated
1,1105000.0,38,1305000.0,326.0,1,Not Hispanic or Latino,Asian,Male,35-44,85.0,Loan originated
1,515000.0,47,725000.0,125.0,1,Hispanic or Latino,White,Female,45-54,72.0,Loan originated
1,105000.0,20%-<30%,105000.0,118.0,1,Not Hispanic or Latino,White,Female,45-54,95.0,Loan originated
1,305000.0,<20%,655000.0,180.0,1,Not Hispanic or Latino,Asian,Female,65-74,46.0,Loan originated
1,235000.0,43,995000.0,79.0,1,Not Hispanic or Latino,White,Male,<25,100.0,Loan originated
1,445000.0,46,765000.0,139.0,1,Hispanic or Latino,White,Female,45-54,80.0,Loan originated
1,185000.0,30%-<36%,225000.0,59.0,1,Hispanic or Latino,White,Male,25-34,80.0,Loan originated
1,405000.0,48,805000.0,80.0,1,Not Hispanic or Latino,White,Female,35-44,49.689,Loan originated
1,675000.0,40,1215000.0,199.0,1,Not Hispanic or Latino,Asian,Male,25-34,55.2,Loan originated
1,725000.0,47,905000.0,198.0,1,Not Hispanic or Latino,Asian,Female,45-54,79.8,Loan originated
1,555000.0,30%-<36%,715000.0,186.0,1,Not Hispanic or Latino,Asian,Female,25-34,77.635,Loan originated
1,965000.0,37,1205000.0,651.0,1,Not Hispanic or Latino,White,Male,25-34,80.0,Loan originated
1,635000.0,39,935000.0,212.0,1,Not Hispanic or Latino,White,Male,25-34,68.085,Loan originated
1,665000.0,49,705000.0,138.0,1,Hispanic or Latino,White,Male,45-54,95.0,Loan originated
1,635000.0,46,785000.0,320.0,1,Not Hispanic or Latino,White,Female,65-74,80.0,Loan originated
1,175000.0,30%-<36%,235000.0,58.0,1,Not Hispanic or Latino,White,Male,35-44,75.819,Loan originated
1,875000.0,48,2755000.0,195.0,1,Not Hispanic or Latino,White,Male,45-54,31.818,Loan originated
1,815000.0,>60%,1025000.0,301.0,1,Not Hispanic or Latino,White,Male,25-34,79.902,Application denied
1,545000.0,43,675000.0,234.0,1,Not Hispanic or Latino,White,Male,45-54,80.0,Loan originated
1,405000.0,30%-<36%,575000.0,263.0,1,Hispanic or Latino,White,Female,65-74,69.565,Loan originated
1,705000.0,49,745000.0,167.0,1,Hispanic or Latino,White,Female,35-44,95.0,Loan originated
1,425000.0,48,525000.0,366.0,1,Hispanic or Latino,White,Female,45-54,80.0,Loan originated
1,155000.0,30%-<36%,475000.0,111.0,1,Not Hispanic or Latino,Asian,Female,35-44,31.579,Loan originated
1,985000.0,<20%,1405000.0,1797.0,1,Not Hispanic or Latino,Asian,Male,55-64,70.0,Loan originated
1,755000.0,48,845000.0,223.0,1,Not Hispanic or Latino,White,Female,35-44,90.0,Loan originated
1,425000.0,46,525000.0,113.0,1,Hispanic or Latino,White,Male,35-44,80.0,Loan originated
1,615000.0,40,665000.0,149.0,1,Hispanic or Latino,White,Male,25-34,93.0,Loan originated
1,765000.0,41,2175000.0,228.0,1,Not Hispanic or Latino,White,Female,25-34,36.0,Loan originated
1,415000.0,39,555000.0,158.0,1,Not Hispanic or Latino,Asian,Female,45-54,75.0,Loan originated
1,615000.0,37,655000.0,187.0,1,Not Hispanic or Latino,Black or African American,Female,55-64,95.0,Loan originated
1,485000.0,49,665000.0,121.0,1,Not Hispanic or Latino,White,Female,45-54,72.782,Loan originated
1,735000.0,50%-60%,1475000.0,167.0,1,Not Hispanic or Latino,White,Male,35-44,49.83,Application denied
1,475000.0,50%-60%,595000.0,95.0,1,Not Hispanic or Latino,Asian,Male,35-44,80.0,Loan originated
1,335000.0,43,425000.0,85.0,1,Hispanic or Latino,White,Female,35-44,80.0,Loan originated
1,625000.0,30%-<36%,625000.0,220.0,1,Not Hispanic or Latino,White,Male,55-64,70.0,Loan originated
1,1125000.0,49,1415000.0,211.0,1,Not Hispanic or Latino,Asian,Male,35-44,79.32,Loan originated
1,495000.0,41,665000.0,127.0,1,Not Hispanic or Latino,Asian,Male,35-44,75.0,Loan originated
1,465000.0,46,815000.0,116.0,1,Not Hispanic or Latino,White,Male,35-44,56.235,Loan originated
1,975000.0,48,1295000.0,203.0,1,Not Hispanic or Latino,Asian,Male,45-54,74.97,Loan originated
1,355000.0,48,505000.0,92.0,1,Not Hispanic or Latino,Asian,Male,45-54,70.0,Loan originated
1,605000.0,30%-<36%,1155000.0,196.0,1,Not Hispanic or Latino,Asian,Female,35-44,53.0,Loan originated
1,915000.0,45,1395000.0,190.0,1,Not Hispanic or Latino,White,Male,25-34,65.739,Loan originated
1,745000.0,42,925000.0,207.0,1,Not Hispanic or Latino,White,Male,25-34,80.0,Loan originated
1,535000.0,45,765000.0,158.0,1,Not Hispanic or Latino,Asian,Male,35-44,70.0,Loan originated
1,665000.0,30%-<36%,885000.0,275.0,1,Not Hispanic or Latino,White,Male,25-34,75.0,Loan originated
1,785000.0,30%-<36%,875000.0,756.0,1,Not Hispanic or Latino,Asian,Male,35-44,90.0,Loan originated
1,775000.0,46,1125000.0,209.0,1,Not Hispanic or Latino,White,Male,35-44,68.889,Loan originated
1,345000.0,49,365000.0,70.0,1,Hispanic or Latino,White,Male,25-34,95.0,Loan originated
1,715000.0,39,795000.0,161.0,1,Not Hispanic or Latino,Asian,Male,35-44,89.99,Loan originated
1,315000.0,36,385000.0,106.0,1,Hispanic or Latino,White,Male,25-34,80.0,Loan originated
1,165000.0,>60%,315000.0,40.0,1,Not Hispanic or Latino,White,Female,45-54,53.226,Application denied
1,545000.0,44,605000.0,122.0,1,Not Hispanic or Latino,Black or African American,Female,25-34,89.99,Loan originated
1,695000.0,49,1255000.0,260.0,1,Not Hispanic or Latino,White,Male,25-34,55.2,Loan originated
1,605000.0,30%-<36%,685000.0,181.0,1,Not Hispanic or Latino,Asian,Female,25-34,88.0,Loan originated
1,455000.0,44,475000.0,125.0,1,Not Hispanic or Latino,White,Female,45-54,95.0,Loan originated
1,655000.0,48,725000.0,149.0,1,Not Hispanic or Latino,Asian,Male,45-54,90.0,Loan originated
1,505000.0,39,1405000.0,312.0,1,Not Hispanic or Latino,Asian,Male,35-44,35.714,Loan originated
1,595000.0,<20%,745000.0,829.0,1,Not Hispanic or Latino,White,Male,25-34,80.0,Loan originated
1,225000.0,40,235000.0,64.0,1,Hispanic or Latino,White,Female,25-34,100.0,Loan originated
1,445000.0,37,1115000.0,248.0,1,Not Hispanic or Latino,White,Female,55-64,40.27,Loan originated
1,475000.0,38,675000.0,180.0,1,Hispanic or Latino,White,Male,35-44,70.0,Loan originated
1,485000.0,47,695000.0,104.0,1,Hispanic or Latino,White,Male,<25,70.0,Loan originated
1,765000.0,42,2125000.0,201.0,1,Not Hispanic or Latino,Asian,Male,55-64,36.158,Loan originated
1,755000.0,<20%,945000.0,777.0,1,Not Hispanic or Latino,Asian,Male,25-34,80.0,Loan originated
1,405000.0,48,845000.0,124.0,1,Not Hispanic or Latino,White,Female,25-34,47.506,Loan originated
1,545000.0,48,685000.0,155.0,1,Not Hispanic or Latino,White,Male,35-44,80.0,Loan originated
1,1115000.0,37,1595000.0,339.0,1,Not Hispanic or Latino,Asian,Male,25-34,70.0,Loan originated
1,395000.0,48,595000.0,89.0,1,Not Hispanic or Latino,Asian,Male,25-34,66.664,Loan originated
1,455000.0,43,535000.0,132.0,1,Not Hispanic or Latino,White,Female,25-34,85.0,Loan originated
1,345000.0,50%-60%,425000.0,92.0,1,Not Hispanic or Latino,White,Female,35-44,82.252,Loan originated
1,955000.0,48,1005000.0,226.0,1,Not Hispanic or Latino,White,Female,45-54,98.0,Loan originated
1,765000.0,47,955000.0,176.0,1,Hispanic or Latino,White,Male,35-44,89.95,Loan originated
1,675000.0,42,905000.0,214.0,1,Not Hispanic or Latino,Asian,Male,45-54,75.0,Loan originated
1,225000.0,45,515000.0,65.0,1,Hispanic or Latino,Asian,Male,35-44,44.118,Loan originated
1,635000.0,39,795000.0,209.0,1,Not Hispanic or Latino,White,Male,25-34,80.0,Loan originated
1,465000.0,42,555000.0,122.0,1,Not Hispanic or Latino,White,Male,25-34,84.0,Loan originated
1,475000.0,47,565000.0,105.0,1,Hispanic or Latino,White,Male,25-34,104.5,Loan originated
1,185000.0,43,195000.0,67.0,1,Hispanic or Latino,White,Male,25-34,97.0,Loan originated
1,985000.0,39,1135000.0,256.0,1,Not Hispanic or Latino,Asian,Male,25-34,87.0,Loan originated
1,325000.0,30%-<36%,415000.0,92.0,1,Not Hispanic or Latino,White,Male,<25,80.0,Loan originated
1,625000.0,30%-<36%,785000.0,196.0,1,Not Hispanic or Latino,Asian,Female,25-34,80.0,Loan originated
1,755000.0,>60%,1555000.0,120.0,1,Not Hispanic or Latino,Asian,Male,25-34,48.387,Application denied
1,525000.0,37,665000.0,162.0,1,Not Hispanic or Latino,White,Male,35-44,80.0,Loan originated
1,505000.0,30%-<36%,715000.0,149.0,1,Not Hispanic or Latino,Asian,Female,45-54,70.486,Loan originated
1,465000.0,37,665000.0,238.0,1,Not Hispanic or Latino,White,Male,25-34,70.0,Loan originated
1,655000.0,45,685000.0,167.0,1,Hispanic or Latino,White,Female,25-34,95.0,Loan originated
1,575000.0,49,635000.0,110.0,1,Not Hispanic or Latino,Asian,Male,45-54,90.0,Loan originated
1,685000.0,49,855000.0,261.0,1,Not Hispanic or Latino,Asian,Male,35-44,80.0,Loan originated
1,265000.0,46,335000.0,174.0,1,Not Hispanic or Latino,White,Female,35-44,80.0,Loan originated
1,545000.0,49,735000.0,105.0,1,Not Hispanic or Latino,Asian,Female,25-34,74.11,Loan originated
1,335000.0,46,355000.0,101.0,1,Hispanic or Latino,White,Female,35-44,95.0,Loan originated
1,1095000.0,49,1375000.0,255.0,1,Hispanic or Latino,White,Female,35-44,80.0,Loan originated
1,975000.0,46,1305000.0,222.0,1,Not Hispanic or Latino,Asian,Female,25-34,74.615,Loan originated
1,735000.0,30%-<36%,835000.0,228.0,1,Not Hispanic or Latino,Asian,Male,35-44,88.611,Loan originated
1,495000.0,49,1385000.0,109.0,1,Not Hispanic or Latino,Asian,Female,55-64,35.888,Loan originated
1,575000.0,49,595000.0,113.0,1,Hispanic or Latino,White,Female,25-34,97.0,Loan originated
1,175000.0,36,185000.0,93.0,1,Hispanic or Latino,White,Male,35-44,95.0,Application denied
1,765000.0,45,1155000.0,473.0,1,Not Hispanic or Latino,Black or African American,Female,35-44,90.0,Loan originated
1,265000.0,43,715000.0,74.0,1,Not Hispanic or Latino,White,Female,35-44,36.886,Loan originated
1,275000.0,47,345000.0,99.0,1,Hispanic or Latino,White,Male,<25,80.0,Loan originated
1,365000.0,43,665000.0,85.0,1,Not Hispanic or Latino,Native Hawaiian or Other Pacific Islander,Male,35-44,54.887,Loan originated
1,295000.0,49,365000.0,107.0,1,Not Hispanic or Latino,White,Female,>74,80.0,Loan originated
1,445000.0,39,695000.0,151.0,1,Hispanic or Latino,White,Male,25-34,64.029,Loan originated
1,565000.0,30%-<36%,705000.0,140.0,1,Not Hispanic or Latino,Asian,Female,25-34,79.93,Loan originated
1,245000.0,41,485000.0,100.0,1,Hispanic or Latino,White,Male,35-44,50.516,Loan originated
1,335000.0,45,685000.0,125.0,1,Not Hispanic or Latino,White,Female,<25,48.529,Loan originated
1,645000.0,49,705000.0,160.0,1,Not Hispanic or Latino,White,Female,45-54,92.571,Loan originated
1,685000.0,44,685000.0,184.0,1,Not Hispanic or Latino,White,Male,35-44,100.0,Loan originated
1,775000.0,39,1295000.0,235.0,1,Not Hispanic or Latino,Asian,Male,45-54,59.69,Loan originated
1,255000.0,38,245000.0,80.0,1,Hispanic or Latino,White,Male,25-34,106.21,Application denied
1,215000.0,30%-<36%,395000.0,71.0,1,Not Hispanic or Latino,White,Female,>74,53.16,Loan originated
1,735000.0,20%-<30%,815000.0,323.0,1,Not Hispanic or Latino,White,Female,45-54,90.0,Loan originated
1,575000.0,<20%,775000.0,319.0,1,Not Hispanic or Latino,Asian,Male,65-74,75.0,Loan originated
1,645000.0,45,1325000.0,170.0,1,Not Hispanic or Latino,White,Female,45-54,49.92,Loan originated
1,905000.0,47,1585000.0,222.0,1,Not Hispanic or Latino,Asian,Male,25-34,56.747,Loan originated
1,605000.0,30%-<36%,825000.0,296.0,1,Not Hispanic or Latino,White,Male,35-44,74.0,Loan originated
1,725000.0,47,905000.0,194.0,1,Not Hispanic or Latino,Asian,Male,25-34,80.0,Loan originated
1,775000.0,41,965000.0,192.0,1,Not Hispanic or Latino,Asian,Male,25-34,80.0,Application denied
1,595000.0,49,745000.0,132.0,1,Not Hispanic or Latino,White,Male,35-44,83.0,Loan originated
1,1005000.0,30%-<36%,1425000.0,260.0,1,Not Hispanic or Latino,White,Male,35-44,70.18,Loan originated
1,715000.0,43,895000.0,191.0,1,Not Hispanic or Latino,Asian,Male,35-44,80.0,Loan originated
1,405000.0,49,435000.0,91.0,1,Hispanic or Latino,White,Male,55-64,92.68,Loan originated
1,645000.0,42,805000.0,192.0,1,Not Hispanic or Latino,Asian,Female,>74,80.0,Loan originated
1,255000.0,39,435000.0,66.0,1,Not Hispanic or Latino,White,Male,55-64,59.19,Loan originated
1,485000.0,48,1175000.0,169.0,1,Not Hispanic or Latino,White,Male,35-44,41.316,Loan originated
1,385000.0,45,1235000.0,10.0,1,Not Hispanic or Latino,Asian,Female,35-44,30.89,Loan originated
1,415000.0,41,945000.0,125.0,1,Not Hispanic or Latino,White,Male,25-34,43.61,Loan originated
1,1025000.0,46,1275000.0,242.0,1,Not Hispanic or Latino,White,Male,25-34,80.0,Loan originated
1,335000.0,45,415000.0,75.0,1,Not Hispanic or Latino,Asian,Female,55-64,80.0,Loan originated
1,825000.0,43,875000.0,267.0,1,Not Hispanic or Latino,Asian,Female,25-34,95.0,Loan originated
