loan_purpose,loan_amount,debt_to_income_ratio,property_value,income,occupancy_type,derived_ethnicity,derived_race,derived_sex,applicant_age,loan_to_value_ratio,action_taken
1,505000.0,48,525000.0,147.0,1,Hispanic or Latino,White,Male,45-54,97.0,Loan originated
1,735000.0,30%-<36%,825000.0,283.0,1,Not Hispanic or Latino,White,Male,25-34,90.0,Loan originated
1,465000.0,49,665000.0,125.0,1,Not Hispanic or Latino,Asian,Male,45-54,70.0,Loan originated
1,765000.0,49,865000.0,197.0,1,Not Hispanic or Latino,Asian,Female,65-74,89.13,Loan originated
1,685000.0,39,855000.0,179.0,1,Hispanic or Latino,White,Female,35-44,80.0,Loan originated
1,465000.0,20%-<30%,525000.0,175.0,1,Not Hispanic or Latino,White,Female,35-44,90.0,Loan originated
1,535000.0,<20%,675000.0,540.0,1,Hispanic or Latino,White,Male,25-34,80.0,Loan originated
1,405000.0,30%-<36%,435000.0,150.0,1,Hispanic or Latino,White,Male,45-54,95.0,Loan originated
1,1055000.0,47,1165000.0,235.0,1,Not Hispanic or Latino,White,Female,35-44,90.0,Loan originated
1,405000.0,41,455000.0,128.0,1,Hispanic or Latino,White,Female,45-54,90.0,Loan originated
1,665000.0,30%-<36%,835000.0,206.0,1,Not Hispanic or Latino,White,Female,45-54,80.0,Loan originated
1,705000.0,40,885000.0,202.0,1,Not Hispanic or Latino,Asian,Female,25-34,80.0,Loan originated
1,885000.0,<20%,1175000.0,929.0,1,Not Hispanic or Latino,White,Male,35-44,75.0,Loan originated
1,495000.0,49,525000.0,96.0,1,Not Hispanic or Latino,White,Male,35-44,95.0,Loan originated
1,505000.0,43,535000.0,121.0,1,Not Hispanic or Latino,Black or African American,Male,35-44,95.0,Loan originated
1,595000.0,46,815000.0,184.0,1,Not Hispanic or Latino,Asian,Male,45-54,72.546,Loan originated
1,465000.0,20%-<30%,715000.0,262.0,1,Not Hispanic or Latino,Asian,Male,45-54,65.0,Loan originated
1,735000.0,48,765000.0,171.0,1,Not Hispanic or Latino,Asian,Female,45-54,96.053,Loan originated
1,115000.0,45,205000.0,104.0,1,Not Hispanic or Latino,Asian,Female,25-34,54.63,Application denied
1,345000.0,48,435000.0,89.0,1,Not Hispanic or Latino,White,Male,35-44,79.31,Loan originated
1,195000.0,30%-<36%,225000.0,98.0,1,Hispanic or Latino,White,Male,45-54,90.0,Loan originated
1,435000.0,37,595000.0,243.0,1,Not Hispanic or Latino,Asian,Male,35-44,75.0,Loan originated
1,365000.0,45,385000.0,72.0,1,Hispanic or Latino,White,Female,<25,95.0,Loan originated
1,925000.0,48,1155000.0,180.0,1,Not Hispanic or Latino,White,Female,25-34,80.0,Loan originated
1,345000.0,44,405000.0,76.0,1,Hispanic or Latino,White,Male,55-64,85.0,Loan originated
1,455000.0,43,1025000.0,298.0,1,Not Hispanic or Latino,White,Male,45-54,44.118,Loan originated
1,325000.0,48,415000.0,72.0,1,Not Hispanic or Latino,Asian,Female,35-44,80.0,Loan originated
1,555000.0,41,955000.0,153.0,1,Not Hispanic or Latino,Asian,Male,25-34,58.18,Loan originated
1,565000.0,42,635000.0,161.0,1,Not Hispanic or Latino,Asian,Male,35-44,89.99,Loan originated
1,495000.0,49,695000.0,146.0,1,Not Hispanic or Latino,Asian,Male,35-44,71.014,Loan originated
1,765000.0,48,805000.0,163.0,1,Hispanic or Latino,White,Female,45-54,95.0,Loan originated
1,485000.0,20%-<30%,1395000.0,212.0,1,Not Hispanic or Latino,Asian,Male,45-54,34.48,Loan originated
1,455000.0,30%-<36%,1005000.0,140.0,1,Not Hispanic or Latino,White,Male,35-44,44.91,Loan originated
1,1145000.0,<20%,1435000.0,638.0,1,Not Hispanic or Latino,White,Male,25-34,80.0,Loan originated
1,425000.0,36,535000.0,372.0,1,Hispanic or Latino,White,Female,45-54,80.0,Loan originated
1,1115000.0,43,1635000.0,245.0,1,Not Hispanic or Latino,Asian,Male,25-34,68.098,Loan originated
1,755000.0,30%-<36%,875000.0,215.0,1,Not Hispanic or Latino,Black or African American,Male,35-44,86.66,Loan originated
1,755000.0,47,845000.0,160.0,1,Not Hispanic or Latino,Asian,Male,35-44,89.97,Loan originated
1,595000.0,43,675000.0,19.0,1,Not Hispanic or Latino,Asian,Male,35-44,90.0,Loan originated
1,1105000.0,47,1165000.0,257.0,1,Hispanic or Latino,White,Male,45-54,95.0,Loan originated
1,545000.0,49,565000.0,136.0,1,Hispanic or Latino,White,Female,45-54,97.35,Loan originated
1,485000.0,45,645000.0,167.0,1,Hispanic or Latino,White,Female,35-44,74.992,Loan originated
1,275000.0,20%-<30%,285000.0,110.0,1,Not Hispanic or Latino,White,Male,25-34,95.0,Loan originated
1,615000.0,39,775000.0,251.0,1,Not Hispanic or Latino,White,Male,<25,80.0,Loan originated
1,455000.0,42,765000.0,117.0,1,Not Hispanic or Latino,White,Male,35-44,60.0,Loan originated
1,315000.0,49,395000.0,68.0,1,Not Hispanic or Latino,White,Male,25-34,80.0,Loan originated
1,625000.0,44,775000.0,214.0,1,Not Hispanic or Latino,Asian,Male,35-44,80.0,Loan originated
1,685000.0,40,745000.0,240.0,1,Hispanic or Latino,White,Female,25-34,92.41,Loan originated
1,765000.0,44,1025000.0,219.0,1,Not Hispanic or Latino,White,Male,25-34,89.517,Loan originated
1,495000.0,36,625000.0,126.0,1,Not Hispanic or Latino,Asian,Female,<25,79.995,Loan originated
1,525000.0,20%-<30%,585000.0,400.0,1,Not Hispanic or Latino,Asian,Male,55-64,90.0,Loan originated
1,575000.0,47,605000.0,121.0,1,Hispanic or Latino,White,Male,25-34,95.0,Loan originated
1,305000.0,49,365000.0,57.0,1,Hispanic or Latino,White,Male,35-44,105.0,Loan originated
1,235000.0,47,435000.0,56.0,1,Not Hispanic or Latino,White,Female,>74,54.651,Loan originated
1,725000.0,41,765000.0,290.0,1,Hispanic or Latino,White,Male,35-44,95.0,Loan originated
1,395000.0,36,545000.0,114.0,1,Not Hispanic or Latino,Black or African American,Male,45-54,72.223,Loan originated
1,965000.0,43,1315000.0,270.0,1,Not Hispanic or Latino,White,Male,45-54,73.384,Loan originated
1,705000.0,49,745000.0,167.0,1,Hispanic or Latino,White,Female,35-44,95.0,Loan originated
1,825000.0,42,3265000.0,242.0,1,Not Hispanic or Latino,Asian,Female,25-34,25.085,Loan originated
1,435000.0,45,455000.0,150.0,1,Hispanic or Latino,White,Female,55-64,97.0,Loan originated
1,725000.0,30%-<36%,905000.0,216.0,1,Hispanic or Latino,White,Female,35-44,80.0,Loan originated
1,525000.0,44,675000.0,152.0,1,Not Hispanic or Latino,White,Male,25-34,77.04,Loan originated
1,665000.0,42,705000.0,186.0,1,Hispanic or Latino,White,Female,35-44,95.0,Application denied
1,45000.0,43,75000.0,36.0,1,Not Hispanic or Latino,White,Male,55-64,58.55,Application denied
1,615000.0,43,775000.0,141.0,1,Not Hispanic or Latino,Asian,Male,<25,80.0,Loan originated
1,645000.0,45,665000.0,158.0,1,Hispanic or Latino,White,Male,25-34,97.0,Loan originated
1,685000.0,47,765000.0,155.0,1,Hispanic or Latino,White,Female,35-44,90.0,Loan originated
1,285000.0,20%-<30%,365000.0,139.0,1,Not Hispanic or Latino,White,Male,25-34,80.0,Loan originated
1,235000.0,40,475000.0,95.0,1,Not Hispanic or Latino,White,Female,25-34,49.0,Loan originated
1,765000.0,49,1535000.0,399.0,1,Not Hispanic or Latino,Asian,Male,55-64,50.0,Loan originated
1,535000.0,41,635000.0,193.0,1,Hispanic or Latino,White,Male,35-44,85.0,Application denied
1,165000.0,47,225000.0,51.0,1,Not Hispanic or Latino,White,Female,25-34,75.0,Loan originated
1,265000.0,50%-60%,335000.0,64.0,1,Hispanic or Latino,White,Male,35-44,80.0,Loan originated
1,655000.0,43,735000.0,162.0,1,Not Hispanic or Latino,Asian,Male,25-34,90.0,Loan originated
1,915000.0,43,1025000.0,223.0,1,Not Hispanic or Latino,White,Male,45-54,90.0,Loan originated
1,765000.0,36,2075000.0,270.0,1,Not Hispanic or Latino,Asian,Male,55-64,36.87,Loan originated
1,445000.0,20%-<30%,635000.0,200.0,1,Not Hispanic or Latino,White,Female,45-54,70.0,Loan originated
1,325000.0,49,405000.0,56.0,1,Not Hispanic or Latino,White,Male,35-44,80.0,Loan originated
1,155000.0,45,205000.0,97.0,1,Not Hispanic or Latino,White,Female,65-74,75.96,Loan originated
1,305000.0,49,755000.0,90.0,1,Not Hispanic or Latino,White,Male,35-44,40.4,Loan originated
1,475000.0,45,975000.0,162.0,1,Hispanic or Latino,White,Male,35-44,48.72,Loan originated
1,955000.0,>60%,1195000.0,193.0,1,Not Hispanic or Latino,Asian,Male,35-44,80.0,Application denied
1,585000.0,48,615000.0,166.0,1,Not Hispanic or Latino,White,Male,35-44,95.0,Loan originated
1,215000.0,45,265000.0,69.0,1,Hispanic or Latino,White,Male,25-34,80.0,Loan originated
1,765000.0,43,955000.0,184.0,1,Not Hispanic or Latino,Asian,Male,25-34,80.0,Loan originated
1,425000.0,49,565000.0,89.0,1,Hispanic or Latino,White,Male,35-44,75.0,Loan originated
1,615000.0,47,775000.0,147.0,1,Not Hispanic or Latino,White,Female,45-54,99.48,Loan originated
1,525000.0,41,655000.0,150.0,1,Hispanic or Latino,White,Female,45-54,80.0,Loan originated
1,765000.0,20%-<30%,1105000.0,316.0,1,Not Hispanic or Latino,White,Male,45-54,70.0,Loan originated
1,895000.0,30%-<36%,995000.0,267.0,1,Not Hispanic or Latino,White,Female,35-44,90.0,Application denied
1,905000.0,37,1705000.0,339.0,1,Not Hispanic or Latino,Asian,Male,35-44,52.941,Loan originated
1,425000.0,43,525000.0,112.0,1,Hispanic or Latino,White,Female,45-54,80.0,Application denied
1,805000.0,41,1005000.0,236.0,1,Hispanic or Latino,White,Male,25-34,80.0,Loan originated
1,335000.0,44,425000.0,72.0,1,Not Hispanic or Latino,Asian,Male,25-34,80.0,Loan originated
1,365000.0,39,385000.0,128.0,1,Hispanic or Latino,White,Male,25-34,95.0,Loan originated
1,115000.0,30%-<36%,645000.0,69.0,1,Not Hispanic or Latino,White,Male,65-74,17.188,Loan originated
1,565000.0,43,585000.0,145.0,1,Not Hispanic or Latino,White,Male,35-44,97.0,Loan originated
1,555000.0,36,695000.0,199.0,1,Not Hispanic or Latino,Asian,Female,45-54,80.0,Loan originated
1,435000.0,47,535000.0,105.0,1,Hispanic or Latino,White,Female,25-34,80.0,Loan originated
1,505000.0,47,535000.0,99.0,1,Hispanic or Latino,White,Female,35-44,94.0,Loan originated
1,245000.0,30%-<36%,385000.0,250.0,1,Not Hispanic or Latino,White,Male,35-44,64.42,Loan originated
1,525000.0,42,875000.0,136.0,1,Not Hispanic or Latino,Asian,Male,>74,60.0,Loan originated
1,805000.0,39,1725000.0,277.0,1,Not Hispanic or Latino,White,Female,45-54,46.377,Loan originated
1,675000.0,20%-<30%,845000.0,251.0,1,Hispanic or Latino,White,Male,35-44,80.0,Loan originated
1,515000.0,48,645000.0,99.0,1,Hispanic or Latino,White,Male,25-34,83.852,Application denied
1,645000.0,41,835000.0,163.0,1,Hispanic or Latino,White,Male,45-54,77.11,Application denied
1,1025000.0,42,1225000.0,393.0,1,Not Hispanic or Latino,White,Male,35-44,83.633,Loan originated
1,665000.0,44,695000.0,156.0,1,Hispanic or Latino,White,Male,25-34,95.0,Loan originated
1,1005000.0,20%-<30%,1335000.0,450.0,1,Not Hispanic or Latino,White,Female,35-44,75.0,Loan originated
1,155000.0,40,205000.0,39.0,1,Not Hispanic or Latino,White,Female,55-64,75.0,Loan originated
1,335000.0,49,355000.0,92.0,1,Hispanic or Latino,White,Male,35-44,95.0,Loan originated
1,365000.0,47,735000.0,90.0,1,Not Hispanic or Latino,White,Female,35-44,48.98,Loan originated
1,195000.0,20%-<30%,205000.0,125.0,1,Not Hispanic or Latino,White,Female,55-64,95.0,Loan originated
1,685000.0,20%-<30%,855000.0,409.0,1,Not Hispanic or Latino,White,Male,45-54,80.0,Loan originated
1,265000.0,<20%,325000.0,231.0,1,Not Hispanic or Latino,Asian,Male,25-34,80.0,Loan originated
1,655000.0,48,745000.0,116.0,1,Not Hispanic or Latino,Asian,Male,35-44,87.876,Loan originated
1,445000.0,47,555000.0,92.0,1,Hispanic or Latino,White,Male,55-64,80.0,Loan originated
1,1145000.0,41,1445000.0,292.0,1,Not Hispanic or Latino,Asian,Male,25-34,79.282,Loan originated
1,255000.0,37,655000.0,90.0,1,Hispanic or Latino,White,Female,45-54,39.3,Loan originated
1,465000.0,49,785000.0,111.0,1,Not Hispanic or Latino,White,Male,35-44,59.746,Loan originated
1,365000.0,40,385000.0,118.0,1,Not Hispanic or Latino,Asian,Female,45-54,95.0,Loan originated
1,845000.0,49,895000.0,237.0,1,Not Hispanic or Latino,Asian,Female,65-74,95.0,Application denied
1,145000.0,30%-<36%,585000.0,84.0,1,Not Hispanic or Latino,White,Female,>74,24.138,Loan originated
1,495000.0,49,755000.0,160.0,1,Not Hispanic or Latino,White,Female,25-34,65.333,Loan originated
1,75000.0,42,115000.0,94.0,1,Not Hispanic or Latino,White,Female,55-64,65.217,Loan originated
1,725000.0,45,915000.0,238.0,1,Not Hispanic or Latino,White,Male,45-54,80.0,Loan originated
1,345000.0,42,375000.0,78.0,1,Not Hispanic or Latino,White,Female,45-54,89.974,Loan originated
1,595000.0,45,945000.0,187.0,1,Not Hispanic or Latino,White,Female,35-44,62.766,Loan originated
1,715000.0,48,895000.0,170.0,1,Not Hispanic or Latino,Asian,Male,25-34,80.0,Loan originated
1,625000.0,48,1005000.0,316.0,1,Not Hispanic or Latino,Asian,Male,35-44,62.5,Loan originated
1,365000.0,44,455000.0,105.0,1,Hispanic or Latino,White,Male,55-64,80.0,Loan originated
1,695000.0,41,765000.0,168.0,1,Not Hispanic or Latino,Asian,Male,45-54,90.0,Loan originated
1,555000.0,45,695000.0,173.0,1,Hispanic or Latino,White,Male,45-54,80.0,Application denied
1,945000.0,41,1405000.0,238.0,1,Not Hispanic or Latino,Asian,Female,25-34,67.15,Loan originated
1,425000.0,20%-<30%,525000.0,175.0,1,Not Hispanic or Latino,White,Male,35-44,80.0,Loan originated
1,265000.0,43,275000.0,69.0,1,Hispanic or Latino,White,Female,25-34,100.0,Loan originated
1,315000.0,48,415000.0,79.0,1,Hispanic or Latino,White,Male,35-44,76.829,Loan originated
1,495000.0,49,625000.0,120.0,1,Hispanic or Latino,White,Male,35-44,80.0,Loan originated
1,255000.0,>60%,755000.0,48.0,1,Not Hispanic or Latino,Asian,Male,>74,33.333,Application denied
1,375000.0,40,605000.0,131.0,1,Not Hispanic or Latino,Asian,Male,25-34,61.349,Loan originated
1,735000.0,36,925000.0,187.0,1,Hispanic or Latino,White,Male,55-64,80.0,Loan originated
1,675000.0,>60%,835000.0,234.0,1,Not Hispanic or Latino,Asian,Male,45-54,80.0,Application denied
1,425000.0,30%-<36%,1015000.0,152.0,1,Not Hispanic or Latino,White,Female,55-64,41.955,Loan originated
1,415000.0,41,555000.0,96.0,1,Not Hispanic or Latino,White,Male,25-34,75.0,Loan originated
1,275000.0,20%-<30%,895000.0,150.0,1,Not Hispanic or Latino,Asian,Male,55-64,30.503,Loan originated
1,805000.0,40,1635000.0,249.0,1,Not Hispanic or Latino,White,Male,55-64,48.93,Loan originated
1,765000.0,44,805000.0,169.0,1,Hispanic or Latino,White,Female,35-44,95.0,Loan originated
1,645000.0,44,715000.0,285.0,1,Not Hispanic or Latino,White,Male,65-74,89.99,Loan originated
1,865000.0,43,1025000.0,277.0,1,Not Hispanic or Latino,Asian,Male,35-44,85.0,Loan originated
1,605000.0,46,635000.0,237.0,1,Not Hispanic or Latino,White,Male,35-44,95.0,Loan originated
1,935000.0,<20%,1165000.0,521.0,1,Not Hispanic or Latino,Asian,Male,25-34,80.0,Loan originated
1,605000.0,48,765000.0,314.0,1,Not Hispanic or Latino,White,Female,65-74,80.0,Loan originated
1,515000.0,30%-<36%,655000.0,200.0,1,Not Hispanic or Latino,Asian,Male,45-54,78.0,Loan originated
1,595000.0,48,645000.0,125.0,1,Not Hispanic or Latino,Black or African American,Female,35-44,98.0,Loan originated
1,155000.0,38,615000.0,84.0,1,Not Hispanic or Latino,Black or African American,Female,55-64,24.39,Application denied
1,555000.0,44,625000.0,135.0,1,Hispanic or Latino,Asian,Female,45-54,89.99,Loan originated
1,765000.0,48,3925000.0,392.0,1,Not Hispanic or Latino,White,Male,45-54,20.0,Loan originated
1,495000.0,44,605000.0,101.0,1,Not Hispanic or Latino,2 or more minority races,Female,35-44,95.0,Application denied
1,465000.0,43,615000.0,250.0,1,Not Hispanic or Latino,White,Male,45-54,75.0,Loan originated
1,715000.0,45,1025000.0,157.0,1,Not Hispanic or Latino,White,Male,65-74,70.0,Loan originated
1,505000.0,39,635000.0,282.0,1,Not Hispanic or Latino,Asian,Male,35-44,80.0,Loan originated
1,715000.0,30%-<36%,895000.0,199.0,1,Not Hispanic or Latino,Asian,Male,35-44,80.0,Loan originated
1,1045000.0,40,1395000.0,230.0,1,Not Hispanic or Latino,Asian,Male,25-34,75.0,Loan originated
1,695000.0,49,815000.0,155.0,1,Not Hispanic or Latino,Asian,Male,35-44,84.91,Loan originated
1,835000.0,30%-<36%,1045000.0,288.0,1,Not Hispanic or Latino,Asian,Male,35-44,80.0,Loan originated
1,1125000.0,49,1405000.0,258.0,1,Not Hispanic or Latino,Asian,Male,35-44,80.0,Loan originated
1,865000.0,46,915000.0,198.0,1,Not Hispanic or Latino,White,Male,55-64,95.0,Loan originated
1,385000.0,47,405000.0,80.0,1,Hispanic or Latino,White,Male,55-64,95.0,Loan originated
1,415000.0,30%-<36%,455000.0,140.0,1,Not Hispanic or Latino,White,Female,35-44,90.0,Loan originated
1,815000.0,37,905000.0,292.0,1,Not Hispanic or Latino,White,Male,25-34,90.0,Loan originated
1,705000.0,44,745000.0,193.0,1,Hispanic or Latino,White,Male,35-44,95.0,Loan originated
1,765000.0,42,825000.0,177.0,1,Not Hispanic or Latino,Asian,Male,35-44,93.415,Loan originated
1,1125000.0,39,1415000.0,305.0,1,Hispanic or Latino,White,Female,25-34,80.0,Loan originated
1,1145000.0,30%-<36%,1425000.0,310.0,1,Not Hispanic or Latino,White,Male,35-44,79.93,Loan originated
1,1085000.0,48,1455000.0,211.0,1,Not Hispanic or Latino,White,Male,45-54,75.0,Loan originated
1,595000.0,39,615000.0,202.0,1,Hispanic or Latino,White,Male,35-44,97.0,Loan originated
1,365000.0,47,415000.0,96.0,1,Not Hispanic or Latino,White,Female,25-34,90.0,Loan originated
1,365000.0,47,375000.0,81.0,1,Not Hispanic or Latino,Asian,Female,25-34,97.0,Loan originated
1,395000.0,47,595000.0,97.0,1,Not Hispanic or Latino,White,Female,35-44,66.102,Loan originated
1,345000.0,49,655000.0,69.0,1,Not Hispanic or Latino,Asian,Male,65-74,52.308,Loan originated
1,725000.0,38,905000.0,227.0,1,Not Hispanic or Latino,White,Male,65-74,80.0,Loan originated
1,505000.0,20%-<30%,2075000.0,264.0,1,Not Hispanic or Latino,Asian,Male,55-64,24.096,Loan originated
1,355000.0,47,445000.0,85.0,1,Hispanic or Latino,White,Female,25-34,80.0,Loan originated
1,765000.0,30%-<36%,1385000.0,253.0,1,Not Hispanic or Latino,Asian,Female,55-64,54.948,Loan originated
1,455000.0,49,555000.0,94.0,1,Not Hispanic or Latino,White,Male,25-34,81.818,Loan originated
1,565000.0,30%-<36%,705000.0,196.0,1,Not Hispanic or Latino,White,Female,25-34,80.0,Loan originated
1,865000.0,49,1075000.0,172.0,1,Not Hispanic or Latino,Asian,Female,55-64,80.0,Loan originated
1,605000.0,48,765000.0,127.0,1,Not Hispanic or Latino,Asian,Male,25-34,100.0,Loan originated
1,955000.0,30%-<36%,1005000.0,328.0,1,Not Hispanic or Latino,Native Hawaiian or Other Pacific Islander,Male,45-54,95.0,Loan originated
1,255000.0,20%-<30%,285000.0,120.0,1,Not Hispanic or Latino,White,Female,25-34,90.0,Loan originated
1,385000.0,37,485000.0,162.0,1,Not Hispanic or Latino,Asian,Male,25-34,80.0,Application denied
1,385000.0,44,515000.0,117.0,1,Not Hispanic or Latino,Asian,Female,35-44,75.0,Loan originated
1,535000.0,41,565000.0,132.0,1,Not Hispanic or Latino,White,Female,35-44,95.0,Loan originated
1,455000.0,42,485000.0,196.0,1,Hispanic or Latino,White,Male,45-54,94.99,Loan originated
1,745000.0,49,825000.0,325.0,1,Hispanic or Latino,White,Female,35-44,90.0,Loan originated
1,425000.0,42,685000.0,144.0,1,Not Hispanic or Latino,Asian,Female,25-34,60.95,Loan originated
1,635000.0,45,705000.0,144.0,1,Not Hispanic or Latino,White,Male,25-34,90.0,Loan originated
1,445000.0,49,535000.0,136.0,1,Hispanic or Latino,White,Male,35-44,103.18,Loan originated
1,745000.0,44,1075000.0,202.0,1,Not Hispanic or Latino,Asian,Male,55-64,69.897,Loan originated
1,355000.0,44,445000.0,83.0,1,Hispanic or Latino,White,Female,35-44,80.0,Loan originated
1,455000.0,44,575000.0,136.0,1,Not Hispanic or Latino,White,Female,55-64,80.0,Loan originated
1,725000.0,30%-<36%,905000.0,231.0,1,Not Hispanic or Latino,White,Male,25-34,80.0,Loan originated
1,55000.0,30%-<36%,225000.0,29.0,1,Not Hispanic or Latino,White,Female,65-74,81.996,Loan originated
1,355000.0,>60%,365000.0,0.0,1,Not Hispanic or Latino,White,Male,25-34,97.222,Application denied
1,515000.0,49,525000.0,112.0,1,Hispanic or Latino,White,Female,25-34,97.0,Loan originated
1,295000.0,20%-<30%,915000.0,128.0,1,Not Hispanic or Latino,White,Male,55-64,32.406,Loan originated
1,575000.0,50%-60%,605000.0,130.0,1,Not Hispanic or Latino,White,Male,45-54,97.0,Application denied
1,545000.0,46,575000.0,138.0,1,Not Hispanic or Latino,White,Female,25-34,95.0,Loan originated
1,1025000.0,>60%,1285000.0,169.0,1,Not Hispanic or Latino,White,Male,35-44,80.0,Application denied
1,275000.0,47,295000.0,65.0,1,Hispanic or Latino,White,Male,25-34,95.0,Loan originated
1,445000.0,44,465000.0,116.0,1,Hispanic or Latino,White,Female,45-54,95.0,Loan originated
1,255000.0,43,1195000.0,104.0,1,Not Hispanic or Latino,White,Female,55-64,21.323,Loan originated
1,375000.0,47,475000.0,76.0,1,Not Hispanic or Latino,White,Male,45-54,80.0,Loan originated
1,765000.0,44,1065000.0,173.0,1,Not Hispanic or Latino,Asian,Female,25-34,72.317,Loan originated
1,625000.0,30%-<36%,695000.0,195.0,1,Not Hispanic or Latino,White,Male,55-64,90.0,Loan originated
1,355000.0,47,515000.0,77.0,1,Not Hispanic or Latino,White,Female,35-44,70.0,Loan originated
1,955000.0,30%-<36%,1005000.0,307.0,1,Not Hispanic or Latino,White,Male,25-34,95.0,Loan originated
1,375000.0,42,575000.0,101.0,1,Not Hispanic or Latino,Asian,Female,45-54,65.229,Loan originated
1,245000.0,30%-<36%,305000.0,228.0,1,Not Hispanic or Latino,White,Female,35-44,80.0,Loan originated
1,615000.0,30%-<36%,635000.0,223.0,1,Hispanic or Latino,White,Female,25-34,97.0,Loan originated
1,505000.0,40,715000.0,120.0,1,Not Hispanic or Latino,White,Male,45-54,71.23,Loan originated
1,575000.0,49,1025000.0,120.0,1,Not Hispanic or Latino,Asian,Male,<25,56.0,Loan originated
1,1005000.0,45,1505000.0,240.0,1,Not Hispanic or Latino,White,Female,55-64,67.0,Loan originated
1,635000.0,49,875000.0,135.0,1,Not Hispanic or Latino,Asian,Male,45-54,72.571,Loan originated
1,555000.0,20%-<30%,655000.0,200.0,1,Not Hispanic or Latino,White,Female,25-34,84.616,Loan originated
1,425000.0,48,605000.0,105.0,1,Not Hispanic or Latino,Asian,Male,25-34,70.0,Loan originated
1,355000.0,30%-<36%,365000.0,99.0,1,Not Hispanic or Latino,Asian,Male,35-44,95.0,Loan originated
1,825000.0,39,865000.0,337.0,1,Hispanic or Latino,White,Male,35-44,95.0,Loan originated
1,645000.0,30%-<36%,805000.0,210.0,1,Not Hispanic or Latino,Asian,Male,25-34,80.0,Loan originated
1,565000.0,36,595000.0,147.0,1,Not Hispanic or Latino,White,Male,25-34,95.0,Loan originated
1,385000.0,20%-<30%,435000.0,173.0,1,Not Hispanic or Latino,White,Female,25-34,90.0,Loan originated
1,425000.0,44,535000.0,105.0,1,Hispanic or Latino,White,Female,45-54,80.0,Loan originated
1,285000.0,30%-<36%,355000.0,105.0,1,Hispanic or Latino,White,Male,25-34,80.0,Loan originated
1,1005000.0,30%-<36%,1175000.0,374.0,1,Not Hispanic or Latino,White,Male,25-34,85.831,Loan originated
1,555000.0,45,695000.0,115.0,1,Not Hispanic or Latino,Asian,Male,25-34,80.0,Loan originated
1,195000.0,20%-<30%,415000.0,86.0,1,Not Hispanic or Latino,American Indian or Alaska Native,Female,65-74,46.988,Loan originated
1,595000.0,47,745000.0,147.0,1,Not Hispanic or Latino,White,Male,<25,80.0,Loan originated
1,455000.0,43,505000.0,112.0,1,Not Hispanic or Latino,Asian,Female,35-44,89.998,Loan originated
1,625000.0,48,775000.0,119.0,1,Not Hispanic or Latino,Asian,Male,35-44,80.0,Loan originated
1,545000.0,49,585000.0,108.0,1,Not Hispanic or Latino,Asian,Female,25-34,93.103,Loan originated
1,425000.0,47,565000.0,170.0,1,Hispanic or Latino,White,Female,<25,75.0,Loan originated
1,585000.0,41,645000.0,146.0,1,Not Hispanic or Latino,Black or African American,Female,55-64,89.99,Loan originated
1,905000.0,45,1495000.0,230.0,1,Not Hispanic or Latino,Asian,Male,25-34,60.16,Loan originated
1,165000.0,30%-<36%,205000.0,87.0,1,Not Hispanic or Latino,White,Female,55-64,80.0,Application denied
1,365000.0,37,495000.0,237.0,1,Not Hispanic or Latino,Asian,Male,35-44,75.0,Loan originated
1,765000.0,30%-<36%,855000.0,251.0,1,Not Hispanic or Latino,White,Female,55-64,90.0,Loan originated
1,455000.0,>60%,475000.0,64.0,1,Hispanic or Latino,White,Male,35-44,95.0,Loan originated
1,465000.0,30%-<36%,585000.0,171.0,1,Hispanic or Latino,White,Male,35-44,80.0,Loan originated
1,385000.0,49,455000.0,85.0,1,Hispanic or Latino,White,Female,25-34,85.0,Loan originated
1,975000.0,30%-<36%,1305000.0,279.0,1,Not Hispanic or Latino,Asian,Female,35-44,75.0,Loan originated
1,505000.0,49,635000.0,97.0,1,Not Hispanic or Latino,Asian,Male,45-54,80.0,Loan originated
1,345000.0,42,485000.0,231.0,1,Not Hispanic or Latino,White,Male,25-34,70.0,Loan originated
1,685000.0,40,725000.0,170.0,1,Not Hispanic or Latino,White,Male,35-44,95.0,Application denied
1,555000.0,37,695000.0,185.0,1,Not Hispanic or Latino,Asian,Male,45-54,80.0,Loan originated
1,405000.0,49,475000.0,114.0,1,Not Hispanic or Latino,White,Male,35-44,85.0,Loan originated
1,785000.0,20%-<30%,1965000.0,475.0,1,Not Hispanic or Latino,Asian,Male,45-54,40.0,Loan originated
1,425000.0,20%-<30%,525000.0,182.0,1,Not Hispanic or Latino,White,Male,55-64,80.0,Application denied
1,995000.0,43,1055000.0,279.0,1,Not Hispanic or Latino,White,Male,45-54,95.0,Loan originated
1,495000.0,30%-<36%,545000.0,200.0,1,Not Hispanic or Latino,Asian,Male,45-54,90.0,Loan originated
1,305000.0,43,525000.0,102.0,1,Not Hispanic or Latino,White,Male,65-74,57.692,Loan originated
1,355000.0,49,375000.0,123.0,1,Not Hispanic or Latino,White,Female,25-34,95.0,Loan originated
1,765000.0,48,1005000.0,166.0,1,Not Hispanic or Latino,Black or African American,Female,45-54,76.655,Loan originated
1,1125000.0,47,1665000.0,292.0,1,Not Hispanic or Latino,Asian,Male,35-44,67.47,Loan originated
1,585000.0,30%-<36%,1385000.0,231.0,1,Not Hispanic or Latino,White,Male,25-34,42.238,Loan originated
1,1015000.0,48,1275000.0,288.0,1,Not Hispanic or Latino,Asian,Male,35-44,80.0,Loan originated
1,465000.0,30%-<36%,625000.0,241.0,1,Not Hispanic or Latino,Asian,Male,35-44,75.0,Loan originated
1,205000.0,48,215000.0,47.0,1,Hispanic or Latino,White,Male,25-34,98.0,Loan originated
1,505000.0,49,565000.0,106.0,1,Not Hispanic or Latino,Asian,Female,35-44,90.0,Loan originated
1,295000.0,46,595000.0,89.0,1,Not Hispanic or Latino,Asian,Male,<25,50.0,Loan originated
1,155000.0,45,245000.0,45.0,1,Not Hispanic or Latino,White,Female,35-44,63.26,Loan originated
1,825000.0,46,1135000.0,266.0,1,Not Hispanic or Latino,White,Male,55-64,73.009,Loan originated
1,535000.0,20%-<30%,665000.0,434.0,1,Not Hispanic or Latino,White,Male,25-34,80.0,Loan originated
1,175000.0,37,405000.0,56.0,1,Not Hispanic or Latino,White,Female,35-44,41.769,Loan originated
1,105000.0,30%-<36%,195000.0,30.0,1,Not Hispanic or Latino,White,Male,35-44,51.35,Loan originated
1,655000.0,49,685000.0,161.0,1,Hispanic or Latino,White,Male,25-34,95.0,Loan originated
1,255000.0,20%-<30%,265000.0,104.0,1,Not Hispanic or Latino,White,Male,25-34,96.965,Loan originated
1,235000.0,42,475000.0,73.0,1,Not Hispanic or Latino,White,Female,65-74,50.0,Loan originated
1,255000.0,39,325000.0,78.0,1,Not Hispanic or Latino,White,Male,<25,80.0,Loan originated
1,595000.0,48,745000.0,142.0,1,Not Hispanic or Latino,Asian,Male,35-44,100.0,Loan originated
1,575000.0,49,725000.0,142.0,1,Hispanic or Latino,White,Male,45-54,80.0,Loan originated
1,205000.0,42,215000.0,96.0,1,Not Hispanic or Latino,White,Male,55-64,95.0,Application denied
1,225000.0,20%-<30%,395000.0,106.0,1,Hispanic or Latino,Asian,Female,55-64,58.04,Loan originated
1,205000.0,30%-<36%,455000.0,74.0,1,Not Hispanic or Latino,White,Female,35-44,48.0,Loan originated
1,505000.0,47,525000.0,132.0,1,Not Hispanic or Latino,American Indian or Alaska Native,Female,45-54,97.12,Loan originated
1,605000.0,20%-<30%,675000.0,204.0,1,Not Hispanic or Latino,White,Female,35-44,90.0,Loan originated
1,575000.0,45,815000.0,228.0,1,Not Hispanic or Latino,White,Male,65-74,69.99,Loan originated
1,565000.0,42,755000.0,130.0,1,Not Hispanic or Latino,White,Male,25-34,75.0,Loan originated
1,705000.0,30%-<36%,1505000.0,341.0,1,Not Hispanic or Latino,White,Male,55-64,46.667,Loan originated
1,1065000.0,38,1325000.0,266.0,1,Not Hispanic or Latino,Asian,Male,35-44,80.0,Loan originated
1,415000.0,49,465000.0,105.0,1,Not Hispanic or Latino,White,Male,35-44,90.0,Loan originated
1,655000.0,20%-<30%,835000.0,329.0,1,Not Hispanic or Latino,Asian,Male,25-34,78.76,Loan originated
1,635000.0,30%-<36%,705000.0,238.0,1,Not Hispanic or Latino,Asian,Female,25-34,90.0,Loan originated
1,195000.0,49,315000.0,53.0,1,Hispanic or Latino,White,Female,45-54,105.0,Loan originated
1,325000.0,44,455000.0,143.0,1,Hispanic or Latino,White,Male,65-74,70.0,Loan originated
1,385000.0,48,485000.0,135.0,1,Not Hispanic or Latino,White,Female,25-34,80.0,Loan originated
1,285000.0,48,375000.0,153.0,1,Not Hispanic or Latino,White,Female,55-64,74.44,Application denied
1,405000.0,20%-<30%,1105000.0,380.0,1,Not Hispanic or Latino,White,Male,45-54,36.19,Loan originated
1,445000.0,47,885000.0,118.0,1,Not Hispanic or Latino,Asian,Male,45-54,50.0,Loan originated
1,655000.0,41,825000.0,377.0,1,Hispanic or Latino,White,Male,25-34,80.0,Loan originated
1,945000.0,50%-60%,1175000.0,187.0,1,Not Hispanic or Latino,Asian,Male,25-34,80.0,Application denied
1,725000.0,36,2995000.0,275.0,1,Not Hispanic or Latino,Asian,Male,55-64,24.207,Loan originated
1,385000.0,<20%,485000.0,676.0,1,Hispanic or Latino,White,Female,65-74,80.0,Loan originated
1,825000.0,49,865000.0,206.0,1,Not Hispanic or Latino,Black or African American,Male,25-34,95.0,Loan originated
1,465000.0,47,555000.0,107.0,1,Hispanic or Latino,White,Female,55-64,85.0,Loan originated
1,375000.0,44,395000.0,112.0,1,Hispanic or Latino,White,Male,<25,95.0,Loan originated
1,355000.0,48,435000.0,129.0,1,Not Hispanic or Latino,White,Female,25-34,80.0,Loan originated
1,55000.0,47,285000.0,33.0,1,Not Hispanic or Latino,White,Female,55-64,18.0,Loan originated
1,35000.0,20%-<30%,125000.0,96.0,1,Not Hispanic or Latino,White,Female,55-64,26.94,Loan originated
1,495000.0,49,625000.0,123.0,1,Hispanic or Latino,White,Male,35-44,100.0,Loan originated
1,505000.0,30%-<36%,1135000.0,187.0,1,Hispanic or Latino,White,Female,45-54,44.69,Loan originated
1,595000.0,30%-<36%,645000.0,199.0,1,Hispanic or Latino,White,Male,55-64,93.06,Loan originated
1,765000.0,41,965000.0,214.0,1,Not Hispanic or Latino,White,Male,25-34,79.5431,Loan originated
1,675000.0,40,1105000.0,167.0,1,Not Hispanic or Latino,Asian,Female,25-34,60.909,Loan originated
1,485000.0,44,705000.0,127.0,1,Not Hispanic or Latino,White,Female,45-54,68.571,Application denied
1,655000.0,30%-<36%,1155000.0,397.0,1,Not Hispanic or Latino,Asian,Female,35-44,56.52,Loan originated
1,315000.0,48,555000.0,71.0,1,Not Hispanic or Latino,Asian,Male,45-54,82.273,Loan originated
1,705000.0,47,1325000.0,268.0,1,Not Hispanic or Latino,Asian,Female,45-54,53.03,Loan originated
1,585000.0,49,1385000.0,174.0,1,Not Hispanic or Latino,Asian,Female,35-44,42.029,Loan originated
1,705000.0,48,885000.0,137.0,1,Not Hispanic or Latino,White,Male,25-34,80.0,Loan originated
1,1125000.0,42,1535000.0,250.0,1,Not Hispanic or Latino,Asian,Male,35-44,73.29,Loan originated
1,845000.0,38,1055000.0,582.0,1,Hispanic or Latino,White,Male,45-54,80.0,Loan originated
1,405000.0,37,1205000.0,150.0,1,Not Hispanic or Latino,White,Female,35-44,33.33,Loan originated
1,305000.0,49,385000.0,60.0,1,Not Hispanic or Latino,White,Male,25-34,80.0,Loan originated
1,425000.0,45,555000.0,104.0,1,Hispanic or Latino,White,Male,65-74,76.364,Loan originated
1,635000.0,43,795000.0,157.0,1,Not Hispanic or Latino,Asian,Male,25-34,80.0,Loan originated
1,405000.0,20%-<30%,835000.0,183.0,1,Not Hispanic or Latino,Asian,Male,<25,47.904,Loan originated
1,55000.0,<20%,455000.0,81.0,1,Not Hispanic or Latino,White,Female,>74,12.0,Loan originated
1,755000.0,30%-<36%,2485000.0,273.0,1,Not Hispanic or Latino,White,Male,25-34,30.242,Loan originated
1,895000.0,44,1285000.0,196.0,1,Not Hispanic or Latino,White,Female,35-44,70.0,Loan originated
1,55000.0,20%-<30%,125000.0,64.0,1,Not Hispanic or Latino,White,Female,55-64,45.3,Loan originated
1,525000.0,45,655000.0,150.0,1,Not Hispanic or Latino,Asian,Female,35-44,80.0,Loan originated
1,805000.0,44,1005000.0,258.0,1,Not Hispanic or Latino,White,Male,65-74,80.0,Loan originated
1,1105000.0,48,1545000.0,266.0,1,Not Hispanic or Latino,White,Male,35-44,72.0,Loan originated
1,245000.0,48,535000.0,73.0,1,Not Hispanic or Latino,White,Female,45-54,46.226,Loan originated
1,705000.0,45,755000.0,149.0,1,Not Hispanic or Latino,Black or African American,Male,35-44,94.0,Loan originated
1,505000.0,30%-<36%,565000.0,215.0,1,Not Hispanic or Latino,White,Male,25-34,90.0,Loan originated
1,735000.0,20%-<30%,925000.0,485.0,1,Not Hispanic or Latino,White,Male,35-44,80.0,Loan originated
1,505000.0,49,535000.0,117.0,1,Hispanic or Latino,White,Male,25-34,95.0,Loan originated
1,555000.0,20%-<30%,585000.0,344.0,1,Not Hispanic or Latino,White,Male,35-44,95.0,Loan originated
1,525000.0,44,795000.0,191.0,1,Not Hispanic or Latino,White,Male,65-74,66.038,Loan originated
1,255000.0,49,575000.0,69.0,1,Not Hispanic or Latino,White,Female,35-44,45.025,Loan originated
1,195000.0,49,1155000.0,62.0,1,Not Hispanic or Latino,White,Male,35-44,17.13,Loan originated
1,405000.0,45,455000.0,105.0,1,Not Hispanic or Latino,White,Female,55-64,90.0,Loan originated
1,325000.0,36,1035000.0,93.0,1,Hispanic or Latino,Asian,Female,45-54,31.07,Loan originated
1,315000.0,40,515000.0,85.0,1,Not Hispanic or Latino,White,Female,45-54,61.39,Loan originated
1,545000.0,46,735000.0,201.0,1,Not Hispanic or Latino,Asian,Male,55-64,75.0,Loan originated
1,675000.0,20%-<30%,845000.0,201.0,1,Not Hispanic or Latino,White,Female,35-44,80.0,Loan originated
1,725000.0,47,905000.0,176.0,1,Not Hispanic or Latino,Asian,Female,45-54,80.0,Loan originated
1,675000.0,30%-<36%,745000.0,178.0,1,Not Hispanic or Latino,Asian,Female,25-34,89.96,Loan originated
1,445000.0,46,455000.0,103.0,1,Not Hispanic or Latino,Asian,Female,25-34,97.0,Loan originated
1,295000.0,48,505000.0,66.0,1,Not Hispanic or Latino,White,Male,35-44,58.335,Loan originated
1,765000.0,37,855000.0,235.0,1,Hispanic or Latino,White,Female,45-54,89.95,Loan originated
1,775000.0,30%-<36%,975000.0,219.0,1,Not Hispanic or Latino,Asian,Male,25-34,80.0,Loan originated
1,1685000.0,46,2105000.0,325.0,1,Not Hispanic or Latino,Asian,Male,35-44,80.0,Loan originated
1,775000.0,<20%,1195000.0,1827.0,1,Not Hispanic or Latino,Asian,Female,55-64,64.86,Loan originated
1,455000.0,37,755000.0,117.0,1,Not Hispanic or Latino,White,Male,25-34,60.0,Loan originated
1,215000.0,49,265000.0,52.0,1,Hispanic or Latino,White,Male,45-54,80.0,Loan originated
1,145000.0,45,195000.0,34.0,1,Not Hispanic or Latino,White,Female,<25,80.0,Application denied
1,625000.0,44,665000.0,238.0,1,Not Hispanic or Latino,Asian,Female,25-34,94.545,Loan originated
1,345000.0,49,1345000.0,86.0,1,Not Hispanic or Latino,Asian,Male,55-64,25.746,Loan originated
1,525000.0,20%-<30%,585000.0,357.0,1,Hispanic or Latino,White,Male,35-44,89.9,Loan originated
1,605000.0,41,755000.0,152.0,1,Not Hispanic or Latino,White,Female,55-64,80.0,Loan originated
1,695000.0,48,875000.0,145.0,1,Not Hispanic or Latino,White,Female,45-54,80.0,Loan originated
1,455000.0,40,565000.0,103.0,1,Not Hispanic or Latino,Asian,Male,55-64,80.0,Loan originated
1,45000.0,20%-<30%,295000.0,100.0,1,Hispanic or Latino,White,Male,65-74,14.38,Loan originated
1,235000.0,20%-<30%,365000.0,120.0,1,Not Hispanic or Latino,White,Female,>74,64.0,Loan originated
1,405000.0,40,505000.0,162.0,1,Not Hispanic or Latino,Asian,Male,25-34,80.0,Application denied
1,1045000.0,20%-<30%,1305000.0,418.0,1,Hispanic or Latino,White,Female,25-34,80.0,Loan originated
1,535000.0,48,675000.0,235.0,1,Not Hispanic or Latino,White,Female,>74,80.0,Loan originated
1,375000.0,20%-<30%,655000.0,149.0,1,Not Hispanic or Latino,Asian,Male,45-54,56.84,Loan originated
1,325000.0,30%-<36%,485000.0,91.0,1,Not Hispanic or Latino,White,Male,25-34,67.355,Loan originated
1,645000.0,49,815000.0,150.0,1,Hispanic or Latino,White,Male,45-54,80.0,Loan originated
1,325000.0,42,335000.0,79.0,1,Not Hispanic or Latino,White,Male,25-34,100.0,Loan originated
1,435000.0,50%-60%,715000.0,94.0,1,Not Hispanic or Latino,White,Male,55-64,60.56,Loan originated
1,185000.0,37,515000.0,73.0,1,Not Hispanic or Latino,White,Male,55-64,35.93,Application denied
1,415000.0,49,555000.0,106.0,1,Not Hispanic or Latino,White,Male,45-54,75.0,Application denied
1,725000.0,45,1525000.0,243.0,1,Not Hispanic or Latino,White,Male,35-44,48.0,Loan originated
1,535000.0,20%-<30%,665000.0,194.0,1,Not Hispanic or Latino,White,Male,25-34,80.0,Loan originated
1,155000.0,43,995000.0,74.0,1,Not Hispanic or Latino,Asian,Female,65-74,16.0,Loan originated
1,505000.0,44,955000.0,254.0,1,Not Hispanic or Latino,Asian,Male,35-44,52.632,Loan originated
1,255000.0,30%-<36%,285000.0,88.0,1,Hispanic or Latino,White,Male,25-34,91.8,Loan originated
1,735000.0,42,765000.0,202.0,1,Not Hispanic or Latino,Asian,Male,25-34,95.0,Loan originated
1,355000.0,48,865000.0,117.0,1,Hispanic or Latino,White,Female,65-74,40.388,Loan originated
1,535000.0,20%-<30%,665000.0,271.0,1,Not Hispanic or Latino,Asian,Female,25-34,80.0,Loan originated
1,425000.0,50%-60%,535000.0,227.0,1,Not Hispanic or Latino,American Indian or Alaska Native,Male,35-44,80.0,Application denied
1,265000.0,49,295000.0,55.0,1,Hispanic or Latino,White,Male,35-44,90.0,Loan originated
1,845000.0,41,1265000.0,205.0,1,Not Hispanic or Latino,Asian,Female,35-44,66.403,Loan originated
1,705000.0,43,1345000.0,159.0,1,Hispanic or Latino,Black or African American,Male,65-74,52.239,Loan originated
1,595000.0,49,855000.0,118.0,1,Not Hispanic or Latino,White,Male,25-34,70.0,Loan originated
1,485000.0,47,655000.0,115.0,1,Not Hispanic or Latino,Asian,Female,25-34,75.0,Loan originated
1,765000.0,46,855000.0,338.0,1,Not Hispanic or Latino,White,Female,65-74,90.0,Loan originated
1,635000.0,45,795000.0,134.0,1,Not Hispanic or Latino,Asian,Female,35-44,80.0,Loan originated
1,595000.0,20%-<30%,745000.0,282.0,1,Hispanic or Latino,White,Male,45-54,80.0,Loan originated
1,385000.0,49,405000.0,76.0,1,Hispanic or Latino,White,Male,25-34,95.0,Loan originated
1,225000.0,41,315000.0,112.0,1,Hispanic or Latino,White,Female,55-64,71.0,Loan originated
1,375000.0,49,395000.0,97.0,1,Hispanic or Latino,White,Male,35-44,95.0,Loan originated
1,735000.0,36,875000.0,270.0,1,Not Hispanic or Latino,Black or African American,Female,35-44,83.43,Loan originated
1,1005000.0,30%-<36%,1765000.0,457.0,1,Not Hispanic or Latino,Asian,Male,35-44,56.795,Loan originated
1,525000.0,49,665000.0,124.0,1,Not Hispanic or Latino,White,Male,25-34,80.0,Loan originated
1,105000.0,30%-<36%,365000.0,57.0,1,Not Hispanic or Latino,White,Female,>74,27.778,Loan originated
1,895000.0,44,1695000.0,278.0,1,Not Hispanic or Latino,White,Male,35-44,52.913,Loan originated
1,215000.0,44,245000.0,57.0,1,Hispanic or Latino,White,Male,45-54,90.0,Loan originated
1,625000.0,30%-<36%,775000.0,234.0,1,Not Hispanic or Latino,Asian,Male,45-54,80.0,Loan originated
1,725000.0,49,825000.0,230.0,1,Not Hispanic or Latino,White,Male,35-44,87.879,Loan originated
1,1125000.0,44,1405000.0,243.0,1,Not Hispanic or Latino,Asian,Male,35-44,80.0,Loan originated
1,345000.0,49,495000.0,77.0,1,Not Hispanic or Latino,Black or African American,Female,25-34,69.388,Loan originated
1,545000.0,30%-<36%,675000.0,192.0,1,Not Hispanic or Latino,White,Female,55-64,80.0,Loan originated
1,335000.0,49,365000.0,82.0,1,Not Hispanic or Latino,Asian,Female,25-34,93.0,Loan originated
1,585000.0,41,625000.0,130.0,1,Hispanic or Latino,White,Male,25-34,95.0,Loan originated
1,995000.0,42,1105000.0,373.0,1,Not Hispanic or Latino,Asian,Male,25-34,89.99,Loan originated
1,595000.0,39,615000.0,183.0,1,Hispanic or Latino,White,Female,35-44,97.0,Loan originated
1,705000.0,40,785000.0,214.0,1,Not Hispanic or Latino,White,Male,35-44,90.0,Loan originated
1,265000.0,42,275000.0,103.0,1,Hispanic or Latino,White,Male,45-54,95.0,Loan originated
1,585000.0,46,655000.0,122.0,1,Hispanic or Latino,White,Female,25-34,90.0,Loan originated
1,385000.0,44,435000.0,123.0,1,Not Hispanic or Latino,Asian,Female,35-44,90.0,Application denied
1,315000.0,48,395000.0,75.0,1,Not Hispanic or Latino,White,Female,55-64,80.0,Loan originated
1,395000.0,49,415000.0,81.0,1,Hispanic or Latino,White,Female,35-44,95.0,Application denied
1,375000.0,20%-<30%,645000.0,173.0,1,Not Hispanic or Latino,White,Male,55-64,58.489,Loan originated
1,365000.0,44,385000.0,77.0,1,Not Hispanic or Latino,Black or African American,Female,35-44,97.0,Loan originated
1,655000.0,49,755000.0,160.0,1,Not Hispanic or Latino,Asian,Female,25-34,86.714,Loan originated
1,585000.0,42,685000.0,125.0,1,Not Hispanic or Latino,Asian,Male,25-34,84.99,Loan originated
1,815000.0,39,1155000.0,217.0,1,Not Hispanic or Latino,White,Female,65-74,70.0,Loan originated
1,645000.0,30%-<36%,805000.0,229.0,1,Hispanic or Latino,White,Male,35-44,80.0,Loan originated
1,815000.0,47,875000.0,175.0,1,Not Hispanic or Latino,American Indian or Alaska Native,Male,25-34,93.812,Loan originated
1,355000.0,43,365000.0,150.0,1,Not Hispanic or Latino,White,Male,<25,97.0,Application denied
1,735000.0,20%-<30%,925000.0,502.0,1,Not Hispanic or Latino,White,Male,>74,80.0,Loan originated
1,1205000.0,49,1505000.0,255.0,1,Not Hispanic or Latino,Black or African American,Male,35-44,80.0,Loan originated
1,385000.0,46,415000.0,102.0,1,Not Hispanic or Latino,Asian,Male,55-64,95.0,Loan originated
1,555000.0,44,775000.0,122.0,1,Not Hispanic or Latino,White,Female,35-44,70.97,Loan originated
1,975000.0,49,1775000.0,197.0,1,Not Hispanic or Latino,Asian,Male,35-44,54.86,Loan originated
1,395000.0,49,445000.0,79.0,1,Not Hispanic or Latino,Asian,Male,45-54,90.0,Loan originated
1,655000.0,30%-<36%,985000.0,215.0,1,Not Hispanic or Latino,Asian,Male,35-44,66.33,Loan originated
1,145000.0,36,155000.0,112.0,1,Hispanic or Latino,White,Male,25-34,93.33,Application denied
1,675000.0,46,845000.0,172.0,1,Hispanic or Latino,White,Male,55-64,80.0,Loan originated
1,255000.0,30%-<36%,1025000.0,194.0,1,Not Hispanic or Latino,White,Male,35-44,24.805,Loan originated
1,685000.0,45,855000.0,198.0,1,Hispanic or Latino,White,Female,55-64,80.0,Loan originated
1,595000.0,48,625000.0,140.0,1,Not Hispanic or Latino,White,Female,45-54,94.995,Loan originated
1,305000.0,47,335000.0,109.0,1,Hispanic or Latino,White,Male,65-74,90.0,Loan originated
1,635000.0,46,745000.0,146.0,1,Not Hispanic or Latino,Asian,Male,25-34,85.0,Loan originated
1,385000.0,49,595000.0,84.0,1,Not Hispanic or Latino,Asian,Male,35-44,63.866,Loan originated
1,245000.0,40,645000.0,141.0,1,Not Hispanic or Latino,White,Male,55-64,38.367,Loan originated
1,1135000.0,38,1425000.0,268.0,1,Not Hispanic or Latino,White,Female,55-64,80.0,Loan originated
1,385000.0,42,485000.0,40.0,1,Not Hispanic or Latino,White,Male,25-34,80.0,Loan originated
1,785000.0,41,1125000.0,213.0,1,Not Hispanic or Latino,Asian,Male,25-34,70.0,Loan originated
1,435000.0,43,665000.0,96.0,1,Not Hispanic or Latino,White,Male,25-34,65.0,Loan originated
1,445000.0,37,1115000.0,248.0,1,Not Hispanic or Latino,White,Female,55-64,40.27,Loan originated
1,525000.0,41,545000.0,177.0,1,Not Hispanic or Latino,White,Male,35-44,97.0,Loan originated
1,275000.0,48,405000.0,56.0,1,Not Hispanic or Latino,White,Male,25-34,69.0,Loan originated
1,405000.0,20%-<30%,535000.0,150.0,1,Not Hispanic or Latino,Asian,Female,35-44,75.0,Loan originated
1,365000.0,49,455000.0,73.0,1,Not Hispanic or Latino,Asian,Male,25-34,80.0,Loan originated
1,455000.0,48,475000.0,134.0,1,Hispanic or Latino,Asian,Male,35-44,95.0,Loan originated
1,425000.0,45,655000.0,98.0,1,Hispanic or Latino,White,Female,65-74,64.615,Loan originated
1,655000.0,40,1705000.0,205.0,1,Hispanic or Latino,White,Female,35-44,38.235,Loan originated
1,135000.0,30%-<36%,135000.0,132.0,1,Not Hispanic or Latino,Asian,Male,45-54,95.0,Loan originated
1,255000.0,47,745000.0,74.0,1,Hispanic or Latino,White,Male,65-74,33.557,Loan originated
1,355000.0,<20%,1355000.0,351.0,1,Not Hispanic or Latino,Asian,Male,45-54,25.926,Loan originated
1,1025000.0,30%-<36%,1705000.0,896.0,1,Not Hispanic or Latino,Asian,Male,35-44,89.412,Loan originated
1,345000.0,46,365000.0,101.0,1,Hispanic or Latino,White,Female,25-34,97.0,Loan originated
1,395000.0,47,755000.0,90.0,1,Not Hispanic or Latino,White,Male,45-54,52.333,Loan originated
1,485000.0,49,615000.0,163.0,1,Not Hispanic or Latino,Asian,Male,25-34,80.0,Loan originated
1,415000.0,40,465000.0,119.0,1,Hispanic or Latino,White,Female,25-34,90.0,Loan originated
1,605000.0,37,765000.0,204.0,1,Not Hispanic or Latino,White,Male,35-44,80.0,Loan originated
1,1005000.0,>60%,2105000.0,166.0,1,Not Hispanic or Latino,Asian,Female,45-54,47.61,Application denied
1,225000.0,42,495000.0,61.0,1,Not Hispanic or Latino,White,Male,45-54,102.592,Loan originated
1,725000.0,30%-<36%,805000.0,205.0,1,Not Hispanic or Latino,White,Male,35-44,90.0,Loan originated
1,165000.0,30%-<36%,215000.0,138.0,1,Not Hispanic or Latino,Asian,Male,45-54,80.0,Loan originated
1,255000.0,30%-<36%,855000.0,122.0,1,Not Hispanic or Latino,White,Male,25-34,29.825,Loan originated
1,315000.0,30%-<36%,395000.0,130.0,1,Not Hispanic or Latino,White,Male,35-44,80.0,Loan originated
1,765000.0,44,955000.0,204.0,1,Not Hispanic or Latino,Asian,Female,25-34,80.0,Loan originated
1,565000.0,48,705000.0,115.0,1,Not Hispanic or Latino,Asian,Male,35-44,80.0,Loan originated
1,285000.0,47,355000.0,70.0,1,Hispanic or Latino,White,Female,45-54,80.0,Loan originated
1,505000.0,44,1705000.0,133.0,1,Not Hispanic or Latino,Black or African American,Female,55-64,29.412,Loan originated
1,175000.0,43,195000.0,46.0,1,Hispanic or Latino,White,Male,45-54,90.0,Loan originated
1,495000.0,39,705000.0,136.0,1,Not Hispanic or Latino,Black or African American,Female,65-74,70.0,Loan originated
1,495000.0,30%-<36%,705000.0,205.0,1,Not Hispanic or Latino,Asian,Female,35-44,70.0,Loan originated
1,1125000.0,50%-60%,1655000.0,244.0,1,Not Hispanic or Latino,White,Female,35-44,68.18,Loan originated
1,395000.0,48,415000.0,154.0,1,Not Hispanic or Latino,White,Female,35-44,95.0,Loan originated
1,765000.0,44,955000.0,421.0,1,Not Hispanic or Latino,White,Male,25-34,80.0,Loan originated
1,525000.0,49,655000.0,111.0,1,Hispanic or Latino,White,Male,25-34,80.0,Loan originated
1,395000.0,49,545000.0,85.0,1,Not Hispanic or Latino,Black or African American,Female,45-54,71.22,Loan originated
1,625000.0,50%-60%,665000.0,155.0,1,Hispanic or Latino,White,Female,<25,95.0,Application denied
1,595000.0,20%-<30%,745000.0,804.0,1,Not Hispanic or Latino,Asian,Male,65-74,80.0,Loan originated
1,415000.0,45,555000.0,101.0,1,Hispanic or Latino,White,Female,35-44,74.545,Loan originated
1,245000.0,30%-<36%,555000.0,83.0,1,Hispanic or Latino,White,Male,35-44,43.636,Loan originated
1,255000.0,44,1335000.0,105.0,1,Not Hispanic or Latino,Asian,Female,<25,18.797,Loan originated
1,455000.0,45,575000.0,101.0,1,Not Hispanic or Latino,Asian,Male,35-44,80.0,Loan originated
1,775000.0,>60%,965000.0,223.0,1,Not Hispanic or Latino,Asian,Male,35-44,80.0,Application denied
1,1025000.0,30%-<36%,1775000.0,387.0,1,Not Hispanic or Latino,White,Male,35-44,57.8,Loan originated
1,225000.0,20%-<30%,765000.0,121.0,1,Not Hispanic or Latino,Black or African American,Male,25-34,29.204,Loan originated
1,265000.0,48,335000.0,50.0,1,Not Hispanic or Latino,Asian,Male,45-54,80.0,Loan originated
1,845000.0,30%-<36%,845000.0,433.0,1,Hispanic or Latino,White,Male,35-44,100.0,Loan originated
1,635000.0,39,665000.0,193.0,1,Not Hispanic or Latino,Asian,Male,25-34,94.89,Application denied
1,575000.0,49,545000.0,120.0,1,Not Hispanic or Latino,Asian,Male,35-44,104.396,Application denied
1,965000.0,>60%,1655000.0,221.0,1,Not Hispanic or Latino,Asian,Male,25-34,58.485,Application denied
1,375000.0,50%-60%,425000.0,78.0,1,Hispanic or Latino,White,Male,35-44,90.0,Loan originated
1,1145000.0,44,1205000.0,258.0,1,Not Hispanic or Latino,White,Female,25-34,95.0,Loan originated
1,575000.0,48,615000.0,130.0,1,Not Hispanic or Latino,White,Female,55-64,94.0,Loan originated
1,345000.0,49,435000.0,80.0,1,Not Hispanic or Latino,White,Female,45-54,78.42,Loan originated
1,515000.0,44,995000.0,139.0,1,Not Hispanic or Latino,Asian,Male,35-44,52.0,Loan originated
1,65000.0,47,315000.0,26.0,1,Not Hispanic or Latino,White,Female,65-74,21.935,Loan originated
1,685000.0,45,975000.0,236.0,1,Hispanic or Latino,White,Female,35-44,70.0,Loan originated
1,395000.0,49,445000.0,95.0,1,Not Hispanic or Latino,White,Female,45-54,89.99,Loan originated
1,95000.0,30%-<36%,115000.0,43.0,1,Not Hispanic or Latino,White,Male,55-64,80.0,Application denied
1,1005000.0,20%-<30%,2525000.0,555.0,1,Not Hispanic or Latino,White,Female,45-54,39.6,Loan originated
1,505000.0,30%-<36%,2505000.0,728.0,1,Not Hispanic or Latino,White,Male,35-44,66.22,Loan originated
1,105000.0,<20%,645000.0,0.0,1,Not Hispanic or Latino,White,Male,55-64,15.63,Application denied
1,765000.0,37,855000.0,237.0,1,Not Hispanic or Latino,Asian,Male,35-44,89.83,Loan originated
1,295000.0,20%-<30%,395000.0,122.0,1,Not Hispanic or Latino,White,Male,>74,74.684,Loan originated
1,345000.0,38,365000.0,85.0,1,Hispanic or Latino,White,Female,25-34,95.0,Loan originated
1,385000.0,46,425000.0,107.0,1,Not Hispanic or Latino,White,Male,55-64,90.0,Loan originated
1,295000.0,44,315000.0,88.0,1,Hispanic or Latino,White,Male,25-34,95.0,Loan originated
1,765000.0,49,965000.0,138.0,1,Not Hispanic or Latino,White,Female,65-74,79.849,Loan originated
1,745000.0,37,825000.0,239.0,1,Not Hispanic or Latino,White,Male,25-34,90.0,Loan originated
1,325000.0,44,445000.0,83.0,1,Not Hispanic or Latino,White,Female,>74,72.0,Loan originated
1,715000.0,44,845000.0,149.0,1,Not Hispanic or Latino,White,Male,25-34,85.0,Loan originated
1,605000.0,44,685000.0,119.0,1,Not Hispanic or Latino,White,Male,35-44,88.35,Loan originated
1,645000.0,50%-60%,725000.0,86.0,1,Hispanic or Latino,White,Male,55-64,90.0,Loan originated
1,635000.0,46,855000.0,145.0,1,Not Hispanic or Latino,Asian,Female,35-44,75.0,Application denied
1,185000.0,44,275000.0,43.0,1,Hispanic or Latino,White,Female,>74,66.67,Loan originated
1,475000.0,47,635000.0,112.0,1,Not Hispanic or Latino,White,Male,35-44,74.975,Loan originated
1,635000.0,36,795000.0,253.0,1,Not Hispanic or Latino,White,Male,25-34,80.0,Loan originated
1,915000.0,38,1305000.0,501.0,1,Not Hispanic or Latino,Black or African American,Male,35-44,89.923,Loan originated
1,595000.0,47,795000.0,133.0,1,Not Hispanic or Latino,White,Male,<25,75.0,Loan originated
1,765000.0,45,1205000.0,170.0,1,Not Hispanic or Latino,White,Female,55-64,63.879,Loan originated
1,455000.0,43,855000.0,129.0,1,Not Hispanic or Latino,White,Male,25-34,53.404,Loan originated
1,365000.0,45,405000.0,81.0,1,Hispanic or Latino,White,Female,35-44,90.0,Loan originated
1,555000.0,38,695000.0,137.0,1,Not Hispanic or Latino,Asian,Female,35-44,80.0,Loan originated
1,595000.0,49,745000.0,155.0,1,Not Hispanic or Latino,Asian,Female,55-64,80.0,Loan originated
1,375000.0,43,385000.0,84.0,1,Not Hispanic or Latino,White,Male,35-44,100.0,Loan originated
1,345000.0,45,435000.0,110.0,1,Not Hispanic or Latino,White,Female,65-74,80.0,Loan originated
1,405000.0,20%-<30%,505000.0,184.0,1,Hispanic or Latino,American Indian or Alaska Native,Male,35-44,80.0,Loan originated
1,215000.0,36,855000.0,129.0,1,Not Hispanic or Latino,Asian,Male,<25,25.0,Loan originated
1,445000.0,44,525000.0,105.0,1,Hispanic or Latino,White,Female,45-54,85.0,Loan originated
1,255000.0,30%-<36%,445000.0,108.0,1,Not Hispanic or Latino,Asian,Female,35-44,56.819,Loan originated
1,735000.0,30%-<36%,1235000.0,238.0,1,Not Hispanic or Latino,White,Male,55-64,60.0,Loan originated
1,265000.0,37,295000.0,76.0,1,Not Hispanic or Latino,Asian,Female,25-34,90.0,Application denied
1,615000.0,42,625000.0,155.0,1,Hispanic or Latino,White,Male,25-34,97.0,Loan originated
1,455000.0,40,905000.0,170.0,1,Not Hispanic or Latino,White,Female,55-64,50.0,Loan originated
1,175000.0,20%-<30%,285000.0,73.0,1,Not Hispanic or Latino,Black or African American,Male,25-34,61.4,Loan originated
1,225000.0,48,925000.0,61.0,1,Not Hispanic or Latino,White,Female,>74,24.0,Loan originated
1,615000.0,30%-<36%,735000.0,186.0,1,Not Hispanic or Latino,White,Male,25-34,83.562,Loan originated
1,605000.0,41,755000.0,144.0,1,Not Hispanic or Latino,White,Male,25-34,80.0,Loan originated
1,1005000.0,42,1255000.0,397.0,1,Hispanic or Latino,White,Female,45-54,80.0,Loan originated
1,765000.0,44,1085000.0,222.0,1,Not Hispanic or Latino,Asian,Female,55-64,70.37,Loan originated
1,485000.0,30%-<36%,605000.0,184.0,1,Not Hispanic or Latino,White,Female,25-34,80.0,Loan originated
1,165000.0,40,505000.0,47.0,1,Hispanic or Latino,White,Male,<25,31.949,Loan originated
1,1105000.0,48,1155000.0,226.0,1,Not Hispanic or Latino,White,Male,35-44,95.0,Loan originated
1,605000.0,20%-<30%,1195000.0,225.0,1,Not Hispanic or Latino,White,Female,45-54,50.125,Loan originated
1,445000.0,40,465000.0,115.0,1,Hispanic or Latino,Black or African American,Male,45-54,97.0,Loan originated
1,595000.0,42,665000.0,135.0,1,Not Hispanic or Latino,White,Male,25-34,90.0,Loan originated
1,545000.0,48,665000.0,157.0,1,Hispanic or Latino,White,Male,25-34,82.0,Loan originated
1,485000.0,48,645000.0,117.0,1,Not Hispanic or Latino,Asian,Male,35-44,75.0,Loan originated
1,785000.0,49,825000.0,170.0,1,Hispanic or Latino,White,Male,45-54,95.0,Loan originated
1,425000.0,30%-<36%,525000.0,123.0,1,Not Hispanic or Latino,White,Male,25-34,80.0,Loan originated
1,545000.0,30%-<36%,945000.0,193.0,1,Not Hispanic or Latino,Asian,Male,35-44,57.447,Loan originated
1,145000.0,20%-<30%,215000.0,74.0,1,Not Hispanic or Latino,White,Male,55-64,66.0,Loan originated
1,765000.0,43,815000.0,171.0,1,Hispanic or Latino,White,Male,55-64,95.0,Loan originated
1,545000.0,40,725000.0,133.0,1,Not Hispanic or Latino,White,Male,25-34,75.0,Loan originated
1,665000.0,<20%,825000.0,0.0,1,Not Hispanic or Latino,Asian,Female,45-54,80.0,Application denied
1,475000.0,36,705000.0,144.0,1,Not Hispanic or Latino,White,Female,55-64,66.855,Loan originated
1,275000.0,30%-<36%,345000.0,84.0,1,Not Hispanic or Latino,White,Female,35-44,80.0,Loan originated
1,815000.0,36,1035000.0,238.0,1,Not Hispanic or Latino,Asian,Male,25-34,78.72,Loan originated
1,335000.0,48,355000.0,71.0,1,Hispanic or Latino,White,Male,35-44,100.0,Loan originated
1,505000.0,41,635000.0,127.0,1,Not Hispanic or Latino,Asian,Male,35-44,80.0,Loan originated
1,525000.0,44,555000.0,134.0,1,Not Hispanic or Latino,Asian,Female,25-34,95.0,Loan originated
1,565000.0,38,735000.0,148.0,1,Not Hispanic or Latino,Asian,Female,35-44,80.0,Loan originated
1,505000.0,44,625000.0,152.0,1,Hispanic or Latino,Asian,Male,35-44,80.0,Loan originated
1,375000.0,39,475000.0,95.0,1,Not Hispanic or Latino,White,Male,25-34,80.0,Loan originated
1,525000.0,47,545000.0,130.0,1,Hispanic or Latino,White,Female,45-54,97.0,Loan originated
1,535000.0,45,555000.0,165.0,1,Hispanic or Latino,White,Male,25-34,95.0,Loan originated
1,325000.0,37,405000.0,107.0,1,Not Hispanic or Latino,White,Female,45-54,80.0,Loan originated
1,355000.0,30%-<36%,655000.0,308.0,1,Not Hispanic or Latino,Asian,Male,35-44,55.0,Loan originated
1,375000.0,>60%,705000.0,108.0,1,Not Hispanic or Latino,White,Male,35-44,80.0,Application denied
1,475000.0,38,505000.0,125.0,1,Hispanic or Latino,White,Male,25-34,95.0,Loan originated
1,355000.0,<20%,855000.0,268.0,1,Not Hispanic or Latino,White,Female,45-54,42.0,Loan originated
1,645000.0,39,805000.0,182.0,1,Not Hispanic or Latino,White,Male,45-54,80.0,Loan originated
1,655000.0,49,1195000.0,130.0,1,Not Hispanic or Latino,Asian,Male,35-44,56.0,Loan originated
1,445000.0,42,485000.0,121.0,1,Not Hispanic or Latino,White,Female,45-54,90.0,Loan originated
1,655000.0,45,875000.0,139.0,1,Not Hispanic or Latino,White,Female,45-54,75.0,Loan originated
1,465000.0,38,585000.0,126.0,1,Hispanic or Latino,White,Male,35-44,80.0,Loan originated
1,1055000.0,48,1405000.0,209.0,1,Not Hispanic or Latino,Asian,Male,25-34,75.0,Loan originated
1,465000.0,45,715000.0,171.0,1,Not Hispanic or Latino,White,Male,25-34,65.229,Loan originated
1,455000.0,44,575000.0,107.0,1,Not Hispanic or Latino,White,Male,25-34,80.0,Loan originated
1,535000.0,>60%,595000.0,92.0,1,Not Hispanic or Latino,Asian,Female,55-64,90.0,Application denied
1,1065000.0,49,1385000.0,252.0,1,Not Hispanic or Latino,White,Male,45-54,77.174,Loan originated
1,335000.0,39,335000.0,87.0,1,Hispanic or Latino,White,Male,65-74,100.0,Loan originated
1,225000.0,<20%,385000.0,471.0,1,Hispanic or Latino,White,Female,45-54,56.555,Loan originated
1,255000.0,30%-<36%,755000.0,144.0,1,Not Hispanic or Latino,White,Female,>74,33.774,Loan originated
1,715000.0,49,765000.0,162.0,1,Not Hispanic or Latino,White,Female,65-74,93.43,Loan originated
1,305000.0,30%-<36%,325000.0,164.0,1,Not Hispanic or Latino,Black or African American,Male,55-64,95.0,Loan originated
1,255000.0,45,255000.0,108.0,1,Not Hispanic or Latino,Black or African American,Male,25-34,100.0,Loan originated
1,485000.0,50%-60%,505000.0,126.0,1,Not Hispanic or Latino,Black or African American,Female,35-44,95.0,Application denied
1,435000.0,30%-<36%,1205000.0,29.0,1,Not Hispanic or Latino,Asian,Male,35-44,35.65,Loan originated
1,555000.0,48,1355000.0,175.0,1,Not Hispanic or Latino,2 or more minority races,Female,>74,40.845,Loan originated
1,595000.0,30%-<36%,995000.0,176.0,1,Not Hispanic or Latino,Asian,Male,25-34,61.0,Loan originated
1,305000.0,30%-<36%,425000.0,123.0,1,Hispanic or Latino,White,Female,35-44,71.51,Loan originated
1,385000.0,30%-<36%,635000.0,149.0,1,Not Hispanic or Latino,Asian,Male,45-54,60.69,Loan originated
1,1025000.0,49,1315000.0,420.0,1,Not Hispanic or Latino,White,Male,55-64,78.0,Loan originated
1,765000.0,41,975000.0,175.0,1,Not Hispanic or Latino,Asian,Male,35-44,78.969,Loan originated
1,595000.0,47,665000.0,149.0,1,Not Hispanic or Latino,American Indian or Alaska Native,Female,35-44,90.0,Loan originated
1,605000.0,30%-<36%,755000.0,185.0,1,Not Hispanic or Latino,Native Hawaiian or Other Pacific Islander,Male,35-44,80.0,Loan originated
1,295000.0,40,595000.0,82.0,1,Not Hispanic or Latino,Asian,Male,35-44,82.86,Loan originated
1,335000.0,30%-<36%,415000.0,104.0,1,Not Hispanic or Latino,White,Male,35-44,80.0,Loan originated
1,245000.0,30%-<36%,545000.0,118.0,1,Not Hispanic or Latino,Asian,Male,45-54,44.444,Loan originated
1,285000.0,48,295000.0,69.0,1,Not Hispanic or Latino,White,Male,25-34,97.0,Loan originated
1,245000.0,44,325000.0,7373.0,1,Not Hispanic or Latino,Asian,Male,35-44,80.0,Loan originated
1,475000.0,48,495000.0,108.0,1,Hispanic or Latino,White,Female,>74,95.0,Loan originated
1,485000.0,20%-<30%,575000.0,175.0,1,Not Hispanic or Latino,White,Male,55-64,85.0,Loan originated
1,485000.0,45,505000.0,110.0,1,Hispanic or Latino,White,Male,45-54,99.97,Loan originated
1,245000.0,42,325000.0,74.0,1,Hispanic or Latino,White,Female,45-54,76.563,Loan originated
1,255000.0,43,705000.0,72.0,1,Not Hispanic or Latino,Asian,Male,55-64,35.716,Loan originated
1,515000.0,45,1465000.0,140.0,1,Not Hispanic or Latino,Asian,Male,45-54,35.16,Loan originated
1,675000.0,41,705000.0,202.0,1,Hispanic or Latino,White,Male,25-34,97.0,Loan originated
1,285000.0,45,295000.0,89.0,1,Not Hispanic or Latino,Black or African American,Female,25-34,97.0,Loan originated
1,345000.0,44,425000.0,94.0,1,Not Hispanic or Latino,Asian,Male,35-44,100.0,Application denied
1,335000.0,37,855000.0,111.0,1,Hispanic or Latino,White,Male,35-44,39.647,Loan originated
1,555000.0,42,695000.0,146.0,1,Not Hispanic or Latino,Asian,Female,25-34,80.0,Loan originated
1,435000.0,49,545000.0,164.0,1,Hispanic or Latino,White,Female,>74,79.45,Loan originated
1,545000.0,39,735000.0,145.0,1,Not Hispanic or Latino,Asian,Male,<25,75.0,Loan originated
1,455000.0,49,475000.0,104.0,1,Hispanic or Latino,White,Male,55-64,95.0,Loan originated
1,435000.0,20%-<30%,545000.0,165.0,1,Not Hispanic or Latino,White,Male,35-44,80.0,Loan originated
1,665000.0,50%-60%,785000.0,104.0,1,Hispanic or Latino,White,Male,35-44,85.0,Application denied
1,325000.0,30%-<36%,415000.0,116.0,1,Hispanic or Latino,White,Male,25-34,80.0,Loan originated
1,405000.0,42,425000.0,106.0,1,Hispanic or Latino,American Indian or Alaska Native,Female,45-54,95.0,Loan originated
1,545000.0,43,675000.0,132.0,1,Hispanic or Latino,White,Male,45-54,80.0,Loan originated
1,1065000.0,41,1555000.0,282.0,1,Not Hispanic or Latino,Asian,Male,25-34,68.0,Loan originated
1,845000.0,<20%,1055000.0,728.0,1,Not Hispanic or Latino,White,Male,45-54,80.0,Loan originated
1,765000.0,41,1465000.0,235.0,1,Not Hispanic or Latino,Asian,Female,45-54,52.355,Loan originated
1,265000.0,30%-<36%,725000.0,139.0,1,Not Hispanic or Latino,Native Hawaiian or Other Pacific Islander,Female,45-54,37.31,Loan originated
1,565000.0,44,635000.0,120.0,1,Not Hispanic or Latino,Asian,Male,35-44,90.0,Loan originated
1,415000.0,46,555000.0,105.0,1,Hispanic or Latino,White,Male,55-64,74.324,Loan originated
1,275000.0,45,425000.0,57.0,1,Hispanic or Latino,White,Male,55-64,64.953,Loan originated
1,285000.0,30%-<36%,325000.0,225.0,1,Not Hispanic or Latino,White,Female,55-64,90.0,Loan originated
1,515000.0,49,645000.0,157.0,1,Hispanic or Latino,White,Female,55-64,80.0,Loan originated
1,305000.0,30%-<36%,1185000.0,123.0,1,Not Hispanic or Latino,White,Male,55-64,25.424,Loan originated
1,615000.0,47,825000.0,149.0,1,Not Hispanic or Latino,Asian,Female,35-44,75.0,Loan originated
1,875000.0,49,1265000.0,168.0,1,Not Hispanic or Latino,Asian,Male,45-54,69.328,Loan originated
1,485000.0,42,605000.0,113.0,1,Not Hispanic or Latino,Asian,Female,25-34,80.0,Loan originated
1,355000.0,48,445000.0,75.0,1,Hispanic or Latino,Asian,Male,25-34,80.0,Loan originated
1,715000.0,48,905000.0,215.0,1,Not Hispanic or Latino,Asian,Female,45-54,79.444,Loan originated
1,675000.0,46,705000.0,157.0,1,Not Hispanic or Latino,White,Female,45-54,97.0,Loan originated
1,485000.0,30%-<36%,645000.0,166.0,1,Not Hispanic or Latino,Asian,Female,35-44,75.0,Loan originated
1,765000.0,40,875000.0,195.0,1,Not Hispanic or Latino,Asian,Female,25-34,87.606,Loan originated
1,75000.0,30%-<36%,95000.0,153.0,1,Not Hispanic or Latino,White,Male,55-64,79.98,Loan originated
1,305000.0,41,885000.0,102.0,1,Not Hispanic or Latino,Asian,Male,45-54,66.74,Loan originated
1,885000.0,47,1105000.0,198.0,1,Not Hispanic or Latino,White,Female,<25,80.0,Loan originated
1,675000.0,42,725000.0,200.0,1,Not Hispanic or Latino,White,Male,45-54,93.75,Loan originated
1,495000.0,45,525000.0,116.0,1,Not Hispanic or Latino,Asian,Female,25-34,95.0,Loan originated
1,405000.0,44,415000.0,169.0,1,Not Hispanic or Latino,White,Female,55-64,97.0,Loan originated
1,855000.0,30%-<36%,1255000.0,315.0,1,Not Hispanic or Latino,White,Male,65-74,68.0,Loan originated
1,765000.0,47,965000.0,166.0,1,Not Hispanic or Latino,Asian,Male,45-54,79.69,Loan originated
1,365000.0,<20%,655000.0,235.0,1,Not Hispanic or Latino,Asian,Male,55-64,55.0,Loan originated
1,575000.0,46,605000.0,127.0,1,Hispanic or Latino,White,Male,35-44,95.0,Loan originated
1,415000.0,38,715000.0,103.0,1,Not Hispanic or Latino,White,Female,35-44,57.746,Loan originated
1,925000.0,49,1185000.0,206.0,1,Not Hispanic or Latino,White,Female,35-44,77.637,Loan originated
1,505000.0,42,755000.0,146.0,1,Not Hispanic or Latino,Asian,Male,35-44,66.72,Loan originated
1,495000.0,47,1435000.0,312.0,1,Not Hispanic or Latino,White,Male,65-74,34.843,Loan originated
1,255000.0,48,1145000.0,100.0,1,Not Hispanic or Latino,White,Female,65-74,21.795,Loan originated
1,295000.0,30%-<36%,475000.0,118.0,1,Not Hispanic or Latino,Asian,Female,35-44,62.243,Loan originated
1,655000.0,50%-60%,725000.0,140.0,1,Hispanic or Latino,White,Male,35-44,90.6,Loan originated
1,535000.0,44,665000.0,139.0,1,Not Hispanic or Latino,White,Male,65-74,80.0,Loan originated
1,395000.0,37,485000.0,108.0,1,Not Hispanic or Latino,Asian,Female,55-64,80.0,Loan originated
1,915000.0,45,1195000.0,213.0,1,Not Hispanic or Latino,Asian,Male,25-34,76.46,Loan originated
1,365000.0,43,385000.0,91.0,1,Not Hispanic or Latino,White,Female,45-54,95.0,Loan originated
1,495000.0,20%-<30%,995000.0,221.0,1,Not Hispanic or Latino,White,Male,45-54,49.9,Loan originated
1,735000.0,41,795000.0,187.0,1,Not Hispanic or Latino,White,Male,35-44,92.405,Loan originated
1,765000.0,47,875000.0,194.0,1,Not Hispanic or Latino,White,Female,35-44,88.103,Application denied
1,315000.0,20%-<30%,505000.0,149.0,1,Not Hispanic or Latino,White,Female,35-44,61.69,Loan originated
1,985000.0,20%-<30%,1095000.0,581.0,1,Not Hispanic or Latino,White,Male,45-54,90.0,Application denied
1,375000.0,36,765000.0,106.0,1,Not Hispanic or Latino,White,Male,35-44,48.684,Loan originated
1,545000.0,48,715000.0,105.0,1,Not Hispanic or Latino,Asian,Female,25-34,75.734,Loan originated
1,445000.0,30%-<36%,555000.0,144.0,1,Hispanic or Latino,White,Female,45-54,80.0,Loan originated
1,315000.0,48,445000.0,66.0,1,Hispanic or Latino,White,Male,55-64,70.787,Loan originated
1,955000.0,44,1275000.0,210.0,1,Not Hispanic or Latino,Asian,Female,25-34,75.0,Application denied
1,325000.0,30%-<36%,505000.0,105.0,1,Not Hispanic or Latino,White,Female,55-64,63.241,Loan originated
1,655000.0,38,685000.0,213.0,1,Hispanic or Latino,White,Male,35-44,95.0,Loan originated
1,585000.0,47,735000.0,148.0,1,Not Hispanic or Latino,White,Male,25-34,80.0,Loan originated
1,885000.0,42,1105000.0,205.0,1,Not Hispanic or Latino,2 or more minority races,Male,35-44,80.0,Loan originated
1,695000.0,49,775000.0,157.0,1,Not Hispanic or Latino,White,Female,65-74,90.0,Loan originated
1,725000.0,49,755000.0,169.0,1,Not Hispanic or Latino,White,Female,55-64,95.0,Loan originated
1,305000.0,30%-<36%,375000.0,418.0,1,Not Hispanic or Latino,White,Male,45-54,80.0,Loan originated
1,655000.0,48,675000.0,139.0,1,Not Hispanic or Latino,White,Female,25-34,100.0,Loan originated
1,355000.0,30%-<36%,545000.0,372.0,1,Not Hispanic or Latino,White,Male,55-64,65.42,Loan originated
1,445000.0,30%-<36%,555000.0,188.0,1,Not Hispanic or Latino,White,Male,45-54,80.0,Loan originated
1,385000.0,43,1105000.0,103.0,1,Not Hispanic or Latino,White,Male,45-54,35.364,Loan originated
1,935000.0,41,1165000.0,236.0,1,Not Hispanic or Latino,White,Male,25-34,80.0,Loan originated
1,395000.0,44,445000.0,83.0,1,Not Hispanic or Latino,White,Male,25-34,90.0,Loan originated
1,505000.0,43,535000.0,123.0,1,Hispanic or Latino,White,Male,25-34,95.0,Loan originated
1,145000.0,44,155000.0,105.0,1,Hispanic or Latino,White,Male,35-44,97.0,Loan originated
1,705000.0,49,895000.0,261.0,1,Not Hispanic or Latino,White,Male,35-44,78.261,Loan originated
1,585000.0,42,725000.0,136.0,1,Not Hispanic or Latino,Asian,Male,35-44,100.0,Loan originated
1,485000.0,42,605000.0,258.0,1,Not Hispanic or Latino,Asian,Male,35-44,80.0,Loan originated
1,985000.0,30%-<36%,1235000.0,472.0,1,Not Hispanic or Latino,White,Male,35-44,80.0,Loan originated
1,485000.0,47,615000.0,149.0,1,Hispanic or Latino,White,Male,<25,80.0,Loan originated
1,265000.0,44,415000.0,58.0,1,Not Hispanic or Latino,White,Male,65-74,64.634,Loan originated
1,525000.0,47,555000.0,206.0,1,Not Hispanic or Latino,White,Male,45-54,95.0,Loan originated
1,575000.0,43,715000.0,260.0,1,Not Hispanic or Latino,White,Female,65-74,80.0,Loan originated
1,395000.0,47,695000.0,96.0,1,Not Hispanic or Latino,White,Female,45-54,56.551,Loan originated
1,395000.0,<20%,1595000.0,373.0,1,Not Hispanic or Latino,White,Female,55-64,24.76,Loan originated
1,365000.0,49,435000.0,79.0,1,Hispanic or Latino,White,Female,45-54,100.0,Loan originated
1,435000.0,39,465000.0,139.0,1,Hispanic or Latino,White,Male,55-64,95.0,Loan originated
1,145000.0,41,285000.0,45.0,1,Hispanic or Latino,White,Female,45-54,50.0,Loan originated
1,985000.0,30%-<36%,1995000.0,386.0,1,Hispanic or Latino,White,Female,45-54,49.246,Loan originated
1,395000.0,48,485000.0,96.0,1,Not Hispanic or Latino,White,Female,25-34,80.0,Loan originated
1,435000.0,45,455000.0,104.0,1,Hispanic or Latino,White,Male,<25,97.0,Loan originated
1,775000.0,41,965000.0,192.0,1,Not Hispanic or Latino,Asian,Male,25-34,80.0,Application denied
1,275000.0,30%-<36%,285000.0,139.0,1,Not Hispanic or Latino,White,Female,55-64,95.0,Loan originated
1,365000.0,48,405000.0,77.0,1,Not Hispanic or Latino,Asian,Female,45-54,90.0,Loan originated
1,565000.0,44,705000.0,145.0,1,Not Hispanic or Latino,White,Female,35-44,80.0,Loan originated
1,615000.0,39,875000.0,186.0,1,Not Hispanic or Latino,Asian,Female,35-44,70.0,Loan originated
1,285000.0,45,485000.0,82.0,1,Hispanic or Latino,White,Female,35-44,60.0,Loan originated
1,315000.0,37,555000.0,254.0,1,Not Hispanic or Latino,White,Male,35-44,57.007,Loan originated
1,745000.0,47,925000.0,162.0,1,Hispanic or Latino,White,Male,45-54,80.0,Loan originated
1,465000.0,46,815000.0,116.0,1,Not Hispanic or Latino,White,Male,35-44,56.235,Loan originated
1,215000.0,49,455000.0,54.0,1,Hispanic or Latino,White,Female,>74,47.04,Loan originated
1,595000.0,42,625000.0,130.0,1,Not Hispanic or Latino,Asian,Female,25-34,95.0,Loan originated
1,565000.0,41,705000.0,202.0,1,Not Hispanic or Latino,White,Male,35-44,80.0,Loan originated
1,345000.0,42,355000.0,103.0,1,Not Hispanic or Latino,White,Male,35-44,97.0,Loan originated
1,465000.0,49,495000.0,127.0,1,Not Hispanic or Latino,Asian,Female,35-44,95.0,Loan originated
1,405000.0,30%-<36%,425000.0,123.0,1,Hispanic or Latino,White,Male,45-54,100.0,Loan originated
1,405000.0,37,505000.0,126.0,1,Hispanic or Latino,White,Male,25-34,80.0,Loan originated
1,765000.0,43,915000.0,185.0,1,Not Hispanic or Latino,Asian,Male,45-54,84.066,Loan originated
1,275000.0,>60%,525000.0,38.0,1,Not Hispanic or Latino,Asian,Female,55-64,52.652,Application denied
1,375000.0,49,385000.0,79.0,1,Hispanic or Latino,White,Male,25-34,96.13,Loan originated
1,275000.0,45,745000.0,83.0,1,Not Hispanic or Latino,White,Female,25-34,37.162,Loan originated
1,745000.0,47,995000.0,142.0,1,Hispanic or Latino,White,Male,35-44,75.0,Loan originated
1,595000.0,39,625000.0,138.0,1,Not Hispanic or Latino,Asian,Male,25-34,95.0,Loan originated
1,405000.0,30%-<36%,505000.0,268.0,1,Not Hispanic or Latino,Asian,Male,35-44,80.0,Loan originated
1,365000.0,47,1265000.0,125.0,1,Not Hispanic or Latino,White,Female,35-44,29.0,Loan originated
1,655000.0,20%-<30%,855000.0,365.0,1,Not Hispanic or Latino,Asian,Male,25-34,76.471,Loan originated
1,355000.0,46,515000.0,83.0,1,Not Hispanic or Latino,White,Male,65-74,68.628,Loan originated
1,305000.0,47,385000.0,68.0,1,Not Hispanic or Latino,Asian,Male,35-44,80.0,Loan originated
1,305000.0,30%-<36%,395000.0,84.0,1,Not Hispanic or Latino,Black or African American,Female,35-44,78.323,Loan originated
1,365000.0,49,455000.0,82.0,1,Not Hispanic or Latino,White,Male,25-34,80.0,Loan originated
1,695000.0,<20%,865000.0,537.0,1,Hispanic or Latino,White,Male,35-44,80.0,Loan originated
1,685000.0,44,855000.0,198.0,1,Not Hispanic or Latino,White,Female,35-44,80.0,Loan originated
1,425000.0,20%-<30%,535000.0,498.0,1,Not Hispanic or Latino,White,Female,55-64,80.0,Loan originated
1,355000.0,48,575000.0,78.0,1,Hispanic or Latino,White,Male,25-34,61.4,Loan originated
1,325000.0,41,415000.0,80.0,1,Hispanic or Latino,Asian,Male,25-34,80.0,Loan originated
1,845000.0,42,955000.0,248.0,1,Not Hispanic or Latino,Asian,Male,35-44,88.287,Loan originated
1,765000.0,48,1205000.0,163.0,1,Hispanic or Latino,White,Female,35-44,64.0,Loan originated
1,455000.0,48,975000.0,97.0,1,Hispanic or Latino,White,Male,35-44,47.029,Loan originated
1,885000.0,47,1105000.0,210.0,1,Not Hispanic or Latino,Asian,Male,25-34,80.0,Loan originated
1,515000.0,50%-60%,605000.0,107.0,1,Hispanic or Latino,White,Female,45-54,85.0,Application denied
1,315000.0,49,325000.0,62.0,1,Hispanic or Latino,White,Female,45-54,97.0,Loan originated
1,505000.0,36,555000.0,204.0,1,Not Hispanic or Latino,White,Male,35-44,91.532,Loan originated
1,415000.0,20%-<30%,425000.0,150.0,1,Not Hispanic or Latino,White,Female,25-34,97.0,Loan originated
1,445000.0,49,555000.0,89.0,1,Not Hispanic or Latino,White,Female,25-34,80.0,Loan originated
1,265000.0,48,485000.0,75.0,1,Hispanic or Latino,White,Female,55-64,57.0,Loan originated
1,365000.0,41,455000.0,86.0,1,Not Hispanic or Latino,Asian,Female,55-64,80.0,Application denied
1,685000.0,43,985000.0,184.0,1,Not Hispanic or Latino,Asian,Male,45-54,70.0,Application denied
1,225000.0,49,235000.0,46.0,1,Hispanic or Latino,White,Female,25-34,95.0,Application denied
1,975000.0,40,1155000.0,239.0,1,Not Hispanic or Latino,Asian,Male,35-44,85.0,Loan originated
1,615000.0,30%-<36%,675000.0,186.0,1,Hispanic or Latino,Asian,Male,25-34,89.99,Loan originated
1,365000.0,40,425000.0,113.0,1,Not Hispanic or Latino,White,Male,35-44,85.0,Loan originated
1,575000.0,45,765000.0,125.0,1,Not Hispanic or Latino,Asian,Male,45-54,75.0,Loan originated
1,705000.0,<20%,1705000.0,775.0,1,Not Hispanic or Latino,White,Male,35-44,41.18,Loan originated
1,505000.0,43,785000.0,124.0,1,Not Hispanic or Latino,White,Female,25-34,64.0,Loan originated
1,675000.0,30%-<36%,835000.0,247.0,1,Not Hispanic or Latino,White,Female,35-44,80.0,Loan originated
1,665000.0,30%-<36%,835000.0,211.0,1,Hispanic or Latino,White,Male,25-34,80.0,Loan originated
1,405000.0,38,595000.0,152.0,1,Not Hispanic or Latino,White,Male,25-34,68.802,Loan originated
1,415000.0,43,515000.0,94.0,1,Not Hispanic or Latino,Asian,Male,25-34,100.0,Loan originated
1,575000.0,42,605000.0,156.0,1,Not Hispanic or Latino,White,Male,25-34,98.33,Loan originated
1,165000.0,20%-<30%,205000.0,99.0,1,Not Hispanic or Latino,White,Female,25-34,80.0,Loan originated
1,55000.0,43,685000.0,252.0,1,Not Hispanic or Latino,Asian,Male,35-44,7.35,Application denied
1,1105000.0,42,2755000.0,396.0,1,Not Hispanic or Latino,Asian,Male,45-54,40.0,Loan originated
1,605000.0,45,935000.0,231.0,1,Hispanic or Latino,White,Female,55-64,65.0,Loan originated
1,385000.0,39,435000.0,88.0,1,Not Hispanic or Latino,White,Male,35-44,90.0,Loan originated
1,405000.0,44,425000.0,112.0,1,Not Hispanic or Latino,Asian,Male,25-34,100.0,Loan originated
1,655000.0,37,1155000.0,231.0,1,Not Hispanic or Latino,White,Female,55-64,56.522,Loan originated
1,505000.0,48,605000.0,120.0,1,Not Hispanic or Latino,Asian,Male,25-34,82.374,Loan originated
1,245000.0,43,465000.0,80.0,1,Not Hispanic or Latino,White,Female,35-44,100.0,Loan originated
1,195000.0,44,495000.0,88.0,1,Not Hispanic or Latino,Asian,Female,35-44,80.0,Application denied
1,675000.0,47,845000.0,180.0,1,Not Hispanic or Latino,White,Male,25-34,80.0,Loan originated
1,275000.0,30%-<36%,635000.0,140.0,1,Not Hispanic or Latino,Asian,Female,25-34,43.0,Loan originated
1,505000.0,>60%,905000.0,169.0,1,Not Hispanic or Latino,Asian,Female,25-34,55.556,Application denied
1,335000.0,49,355000.0,109.0,1,Hispanic or Latino,White,Female,45-54,95.0,Loan originated
1,465000.0,41,495000.0,104.0,1,Hispanic or Latino,White,Male,<25,95.0,Loan originated
1,285000.0,42,355000.0,68.0,1,Not Hispanic or Latino,Black or African American,Female,45-54,100.0,Loan originated
1,405000.0,48,515000.0,107.0,1,Hispanic or Latino,White,Female,45-54,80.0,Loan originated
1,385000.0,49,485000.0,115.0,1,Hispanic or Latino,White,Female,45-54,81.0,Loan originated
1,275000.0,41,365000.0,85.0,1,Not Hispanic or Latino,Asian,Female,35-44,75.0,Loan originated
1,305000.0,30%-<36%,505000.0,120.0,1,Not Hispanic or Latino,White,Male,55-64,60.0,Application denied
1,285000.0,44,445000.0,75.0,1,Not Hispanic or Latino,Asian,Female,25-34,62.921,Loan originated
1,455000.0,40,1935000.0,450.0,1,Not Hispanic or Latino,White,Male,25-34,23.24,Loan originated
1,375000.0,49,675000.0,148.0,1,Not Hispanic or Latino,White,Female,65-74,55.605,Loan originated
1,165000.0,50%-60%,755000.0,45.0,1,Hispanic or Latino,White,Female,55-64,21.85,Loan originated
1,825000.0,30%-<36%,1105000.0,300.0,1,Not Hispanic or Latino,Asian,Male,25-34,75.0,Loan originated
1,645000.0,30%-<36%,805000.0,222.0,1,Not Hispanic or Latino,Asian,Female,35-44,80.0,Loan originated
1,175000.0,20%-<30%,675000.0,129.0,1,Not Hispanic or Latino,White,Male,35-44,25.926,Loan originated
1,455000.0,41,635000.0,266.0,1,Hispanic or Latino,White,Male,35-44,71.429,Loan originated
1,295000.0,49,325000.0,72.0,1,Hispanic or Latino,White,Male,25-34,90.0,Loan originated
1,535000.0,30%-<36%,675000.0,256.0,1,Not Hispanic or Latino,White,Female,55-64,80.0,Loan originated
1,555000.0,38,585000.0,143.0,1,Hispanic or Latino,White,Female,65-74,95.0,Loan originated
1,765000.0,<20%,885000.0,2527.0,1,Not Hispanic or Latino,White,Male,>74,86.519,Loan originated
1,515000.0,>60%,545000.0,80.0,1,Not Hispanic or Latino,Black or African American,Female,65-74,95.0,Application denied
1,435000.0,46,545000.0,96.0,1,Not Hispanic or Latino,White,Male,45-54,80.0,Loan originated
1,205000.0,30%-<36%,595000.0,92.0,1,Not Hispanic or Latino,White,Female,65-74,33.898,Loan originated
1,425000.0,36,535000.0,125.0,1,Hispanic or Latino,White,Male,45-54,80.0,Loan originated
1,325000.0,44,365000.0,125.0,1,Not Hispanic or Latino,White,Female,65-74,90.0,Loan originated
1,545000.0,41,1045000.0,252.0,1,Not Hispanic or Latino,Asian,Female,45-54,52.153,Loan originated
1,815000.0,43,1415000.0,194.0,1,Not Hispanic or Latino,Asian,Male,25-34,57.24,Loan originated
1,455000.0,40,515000.0,115.0,1,Hispanic or Latino,White,Male,25-34,89.98,Loan originated
1,395000.0,43,415000.0,108.0,1,Hispanic or Latino,White,Female,25-34,95.0,Loan originated
1,485000.0,47,615000.0,117.0,1,Hispanic or Latino,White,Female,55-64,80.0,Loan originated
1,1145000.0,48,1215000.0,336.0,1,Hispanic or Latino,White,Male,35-44,95.0,Loan originated
1,485000.0,20%-<30%,605000.0,190.0,1,Not Hispanic or Latino,White,Male,25-34,80.0,Loan originated
1,465000.0,20%-<30%,585000.0,265.0,1,Not Hispanic or Latino,White,Female,35-44,80.0,Loan originated
1,295000.0,47,345000.0,55.0,1,Hispanic or Latino,White,Male,25-34,85.0,Loan originated
1,305000.0,42,305000.0,73.0,1,Hispanic or Latino,White,Female,45-54,97.25,Loan originated
1,1075000.0,41,1375000.0,275.0,1,Not Hispanic or Latino,White,Male,45-54,78.182,Loan originated
1,715000.0,49,885000.0,145.0,1,Not Hispanic or Latino,White,Male,25-34,80.0,Loan originated
1,635000.0,20%-<30%,665000.0,221.0,1,Hispanic or Latino,White,Male,35-44,95.0,Application denied
1,635000.0,49,705000.0,128.0,1,Not Hispanic or Latino,Asian,Female,35-44,89.96,Loan originated
1,715000.0,48,765000.0,156.0,1,Hispanic or Latino,White,Male,25-34,93.27,Loan originated
1,365000.0,42,565000.0,92.0,1,Not Hispanic or Latino,Asian,Female,25-34,65.0,Loan originated
1,455000.0,45,505000.0,100.0,1,Not Hispanic or Latino,White,Female,25-34,90.0,Loan originated
1,545000.0,30%-<36%,675000.0,170.0,1,Not Hispanic or Latino,Native Hawaiian or Other Pacific Islander,Male,25-34,80.0,Loan originated
1,445000.0,49,555000.0,109.0,1,Not Hispanic or Latino,White,Male,25-34,80.0,Loan originated
1,835000.0,30%-<36%,1045000.0,361.0,1,Not Hispanic or Latino,Asian,Male,35-44,80.0,Loan originated
1,365000.0,42,495000.0,303.0,1,Not Hispanic or Latino,White,Female,35-44,75.0,Loan originated
1,585000.0,<20%,735000.0,0.0,1,Not Hispanic or Latino,Asian,Female,35-44,80.0,Application denied
1,395000.0,46,495000.0,86.0,1,Not Hispanic or Latino,White,Male,65-74,79.675,Loan originated
1,1045000.0,30%-<36%,1305000.0,283.0,1,Not Hispanic or Latino,Asian,Male,25-34,80.0,Loan originated
1,505000.0,30%-<36%,625000.0,171.0,1,Not Hispanic or Latino,White,Female,35-44,80.0,Loan originated
1,455000.0,49,1355000.0,160.0,1,Not Hispanic or Latino,Asian,Female,45-54,33.58,Loan originated
1,155000.0,50%-60%,175000.0,85.0,1,Hispanic or Latino,White,Male,35-44,90.0,Application denied
1,415000.0,48,445000.0,92.0,1,Not Hispanic or Latino,Black or African American,Female,55-64,98.0,Loan originated
1,485000.0,44,785000.0,129.0,1,Not Hispanic or Latino,White,Female,45-54,61.784,Loan originated
1,705000.0,44,745000.0,160.0,1,Hispanic or Latino,American Indian or Alaska Native,Female,25-34,95.0,Loan originated
1,465000.0,49,575000.0,114.0,1,Not Hispanic or Latino,Asian,Female,55-64,80.0,Loan originated
1,325000.0,20%-<30%,625000.0,155.0,1,Not Hispanic or Latino,Asian,Male,35-44,52.0,Loan originated
1,685000.0,47,705000.0,141.0,1,Not Hispanic or Latino,White,Male,35-44,100.0,Application denied
1,655000.0,41,875000.0,156.0,1,Not Hispanic or Latino,Asian,Male,35-44,75.0,Loan originated
1,745000.0,49,935000.0,203.0,1,Not Hispanic or Latino,Asian,Female,65-74,80.0,Application denied
1,405000.0,47,425000.0,88.0,1,Hispanic or Latino,White,Female,25-34,95.0,Loan originated
1,345000.0,45,425000.0,96.0,1,Not Hispanic or Latino,White,Female,35-44,80.0,Loan originated
1,415000.0,49,515000.0,118.0,1,Hispanic or Latino,White,Male,25-34,80.0,Loan originated
1,785000.0,47,1385000.0,280.0,1,Not Hispanic or Latino,White,Male,45-54,56.399,Loan originated
1,1075000.0,37,1535000.0,314.0,1,Not Hispanic or Latino,Asian,Female,35-44,70.0,Loan originated
1,985000.0,20%-<30%,1225000.0,710.0,1,Not Hispanic or Latino,White,Male,45-54,80.0,Loan originated
1,435000.0,37,495000.0,123.0,1,Not Hispanic or Latino,White,Female,25-34,87.959,Loan originated
1,525000.0,43,755000.0,144.0,1,Not Hispanic or Latino,Asian,Female,45-54,70.0,Loan originated
1,655000.0,20%-<30%,765000.0,263.0,1,Not Hispanic or Latino,White,Male,35-44,85.0,Loan originated
1,425000.0,49,455000.0,123.0,1,Not Hispanic or Latino,White,Female,25-34,95.0,Loan originated
1,515000.0,47,1055000.0,115.0,1,Not Hispanic or Latino,Asian,Male,<25,48.929,Loan originated
1,185000.0,41,285000.0,146.0,1,Not Hispanic or Latino,White,Female,>74,65.0,Loan originated
1,505000.0,49,645000.0,139.0,1,Not Hispanic or Latino,White,Male,55-64,80.0,Loan originated
1,995000.0,48,1525000.0,302.0,1,Not Hispanic or Latino,Asian,Female,25-34,64.99,Loan originated
1,415000.0,48,515000.0,80.0,1,Not Hispanic or Latino,Asian,Male,25-34,80.0,Loan originated
1,695000.0,38,725000.0,317.0,1,Not Hispanic or Latino,Asian,Female,25-34,96.5,Loan originated
1,695000.0,>60%,715000.0,13.0,1,Not Hispanic or Latino,Black or African American,Female,35-44,97.0,Application denied
1,355000.0,47,385000.0,89.0,1,Not Hispanic or Latino,White,Female,45-54,92.306,Loan originated
1,475000.0,20%-<30%,525000.0,140.0,1,Not Hispanic or Latino,White,Female,45-54,90.0,Loan originated
1,355000.0,41,825000.0,90.0,1,Not Hispanic or Latino,Asian,Male,35-44,42.271,Loan originated
1,725000.0,37,765000.0,218.0,1,Not Hispanic or Latino,Asian,Male,35-44,94.89,Loan originated
1,575000.0,36,775000.0,179.0,1,Not Hispanic or Latino,Asian,Male,25-34,75.0,Loan originated
1,305000.0,39,595000.0,92.0,1,Hispanic or Latino,White,Male,45-54,50.847,Loan originated
1,505000.0,44,2005000.0,190.0,1,Not Hispanic or Latino,White,Male,35-44,25.0,Loan originated
1,695000.0,40,745000.0,249.0,1,Not Hispanic or Latino,Black or African American,Male,55-64,95.0,Loan originated
1,575000.0,20%-<30%,1075000.0,515.0,1,Not Hispanic or Latino,Asian,Male,35-44,53.661,Loan originated
1,595000.0,<20%,745000.0,1620.0,1,Not Hispanic or Latino,Asian,Male,45-54,80.0,Loan originated
1,235000.0,38,415000.0,77.0,1,Not Hispanic or Latino,White,Female,35-44,55.156,Loan originated
1,425000.0,49,445000.0,128.0,1,Hispanic or Latino,White,Male,35-44,95.0,Loan originated
1,275000.0,45,335000.0,186.0,1,Not Hispanic or Latino,White,Female,45-54,80.6,Application denied
1,465000.0,36,585000.0,162.0,1,Not Hispanic or Latino,White,Male,65-74,80.0,Loan originated
1,725000.0,48,905000.0,216.0,1,Not Hispanic or Latino,White,Male,25-34,80.0,Loan originated
1,665000.0,45,865000.0,160.0,1,Not Hispanic or Latino,White,Male,25-34,76.78,Loan originated
1,615000.0,42,805000.0,140.0,1,Not Hispanic or Latino,White,Male,25-34,76.25,Loan originated
1,355000.0,44,375000.0,95.0,1,Hispanic or Latino,White,Male,35-44,93.33,Application denied
1,1095000.0,49,1155000.0,233.0,1,Not Hispanic or Latino,White,Male,45-54,94.783,Loan originated
1,345000.0,44,435000.0,81.0,1,Hispanic or Latino,White,Female,45-54,93.0,Loan originated
1,285000.0,45,375000.0,94.0,1,Not Hispanic or Latino,White,Male,35-44,75.0,Loan originated
1,665000.0,45,885000.0,148.0,1,Not Hispanic or Latino,Asian,Male,35-44,75.0,Loan originated
1,645000.0,37,735000.0,210.0,1,Not Hispanic or Latino,Asian,Male,35-44,90.0,Application denied
1,355000.0,30%-<36%,375000.0,191.0,1,Not Hispanic or Latino,Asian,Female,25-34,95.0,Loan originated
1,845000.0,44,1055000.0,193.0,1,Not Hispanic or Latino,Black or African American,Male,25-34,80.0,Loan originated
1,715000.0,20%-<30%,895000.0,712.0,1,Not Hispanic or Latino,White,Male,45-54,80.0,Loan originated
1,715000.0,36,795000.0,240.0,1,Not Hispanic or Latino,White,Male,25-34,90.0,Loan originated
1,425000.0,44,425000.0,102.0,1,Not Hispanic or Latino,Black or African American,Male,25-34,100.0,Loan originated
1,355000.0,48,525000.0,81.0,1,Not Hispanic or Latino,Asian,Female,35-44,68.269,Loan originated
1,245000.0,37,285000.0,90.0,1,Not Hispanic or Latino,White,Female,25-34,97.0,Loan originated
1,665000.0,49,945000.0,152.0,1,Not Hispanic or Latino,Asian,Male,35-44,70.0,Loan originated
1,525000.0,49,1375000.0,221.0,1,Not Hispanic or Latino,White,Male,35-44,37.981,Loan originated
1,635000.0,46,655000.0,150.0,1,Not Hispanic or Latino,Black or African American,Female,25-34,97.0,Loan originated
1,405000.0,42,645000.0,218.0,1,Not Hispanic or Latino,White,Female,65-74,62.02,Loan originated
1,475000.0,46,495000.0,170.0,1,Not Hispanic or Latino,White,Male,25-34,95.0,Loan originated
1,485000.0,48,515000.0,147.0,1,Not Hispanic or Latino,Asian,Female,25-34,95.0,Loan originated
1,525000.0,49,665000.0,134.0,1,Not Hispanic or Latino,Asian,Male,35-44,78.842,Loan originated
1,255000.0,>60%,935000.0,76.0,1,Not Hispanic or Latino,White,Male,>74,26.738,Application denied
1,1095000.0,48,1155000.0,234.0,1,Not Hispanic or Latino,White,Male,35-44,98.0,Loan originated
1,575000.0,40,605000.0,239.0,1,Not Hispanic or Latino,White,Female,35-44,95.0,Loan originated
1,415000.0,46,445000.0,100.0,1,Not Hispanic or Latino,White,Male,25-34,95.0,Loan originated
1,355000.0,48,795000.0,281.0,1,Not Hispanic or Latino,White,Male,45-54,44.94,Loan originated
1,715000.0,20%-<30%,895000.0,306.0,1,Hispanic or Latino,White,Male,55-64,80.0,Loan originated
1,315000.0,20%-<30%,415000.0,361.0,1,Hispanic or Latino,White,Male,55-64,75.0,Loan originated
1,375000.0,48,545000.0,74.0,1,Not Hispanic or Latino,White,Female,35-44,69.08,Loan originated
1,305000.0,41,505000.0,83.0,1,Not Hispanic or Latino,Asian,Female,55-64,60.0,Loan originated
1,625000.0,39,645000.0,205.0,1,Hispanic or Latino,White,Male,25-34,97.0,Loan originated
1,965000.0,47,1205000.0,238.0,1,Not Hispanic or Latino,White,Female,25-34,80.0,Loan originated
1,895000.0,20%-<30%,1175000.0,387.0,1,Hispanic or Latino,White,Male,25-34,76.58,Loan originated
1,525000.0,30%-<36%,555000.0,201.0,1,Hispanic or Latino,White,Female,55-64,95.0,Loan originated
1,735000.0,37,925000.0,269.0,1,Not Hispanic or Latino,Asian,Male,35-44,80.0,Loan originated
1,435000.0,30%-<36%,725000.0,216.0,1,Not Hispanic or Latino,Asian,Female,45-54,60.0,Loan originated
1,745000.0,41,1245000.0,422.0,1,Not Hispanic or Latino,Black or African American,Male,55-64,60.0,Loan originated
1,455000.0,43,725000.0,106.0,1,Not Hispanic or Latino,White,Male,25-34,62.069,Loan originated
1,595000.0,30%-<36%,745000.0,176.0,1,Not Hispanic or Latino,Asian,Female,55-64,80.0,Loan originated
1,435000.0,36,625000.0,122.0,1,Not Hispanic or Latino,White,Male,25-34,70.0,Loan originated
1,945000.0,44,1725000.0,280.0,1,Not Hispanic or Latino,Asian,Male,35-44,54.603,Loan originated
1,305000.0,43,485000.0,76.0,1,Not Hispanic or Latino,White,Female,>74,63.542,Loan originated
1,765000.0,48,1175000.0,174.0,1,Not Hispanic or Latino,White,Female,45-54,65.517,Loan originated
1,405000.0,<20%,1355000.0,345.0,1,Not Hispanic or Latino,White,Male,45-54,29.63,Loan originated
1,645000.0,45,825000.0,170.0,1,Not Hispanic or Latino,White,Female,35-44,78.66,Loan originated
1,675000.0,46,845000.0,169.0,1,Not Hispanic or Latino,Asian,Male,25-34,80.0,Loan originated
1,135000.0,30%-<36%,535000.0,70.0,1,Not Hispanic or Latino,White,Female,65-74,25.17,Loan originated
1,475000.0,43,595000.0,128.0,1,Hispanic or Latino,White,Male,25-34,80.0,Loan originated
1,485000.0,30%-<36%,535000.0,185.0,1,Not Hispanic or Latino,White,Female,25-34,90.0,Loan originated
1,765000.0,20%-<30%,1065000.0,284.0,1,Not Hispanic or Latino,Asian,Male,45-54,71.92,Loan originated
1,975000.0,36,1635000.0,273.0,1,Not Hispanic or Latino,White,Male,25-34,60.0,Loan originated
1,805000.0,49,905000.0,161.0,1,Not Hispanic or Latino,Asian,Male,45-54,90.0,Loan originated
1,625000.0,43,825000.0,166.0,1,Not Hispanic or Latino,White,Male,35-44,75.758,Loan originated
1,555000.0,30%-<36%,1495000.0,215.0,1,Not Hispanic or Latino,White,Female,55-64,36.91,Loan originated
1,305000.0,30%-<36%,465000.0,120.0,1,Not Hispanic or Latino,White,Female,45-54,56.52,Application denied
1,525000.0,42,745000.0,212.0,1,Not Hispanic or Latino,Asian,Female,45-54,70.0,Loan originated
1,175000.0,40,265000.0,54.0,1,Hispanic or Latino,White,Female,35-44,100.0,Loan originated
1,305000.0,41,395000.0,92.0,1,Not Hispanic or Latino,White,Female,45-54,80.0,Loan originated
1,225000.0,49,285000.0,54.0,1,Not Hispanic or Latino,Black or African American,Female,25-34,100.0,Loan originated
1,605000.0,<20%,865000.0,2004.0,1,Not Hispanic or Latino,Asian,Male,35-44,69.767,Loan originated
1,325000.0,50%-60%,405000.0,58.0,1,Not Hispanic or Latino,White,Male,65-74,100.0,Loan originated
1,1065000.0,38,1525000.0,315.0,1,Not Hispanic or Latino,Asian,Male,25-34,70.0,Loan originated
1,405000.0,38,1005000.0,131.0,1,Not Hispanic or Latino,Black or African American,Female,25-34,40.0,Loan originated
1,155000.0,30%-<36%,195000.0,67.0,1,Hispanic or Latino,White,Male,25-34,80.0,Loan originated
1,365000.0,48,485000.0,87.0,1,Not Hispanic or Latino,Asian,Female,35-44,75.0,Loan originated
1,495000.0,50%-60%,625000.0,107.0,1,Hispanic or Latino,White,Male,35-44,80.0,Application denied
1,895000.0,36,1125000.0,357.0,1,Not Hispanic or Latino,Asian,Male,45-54,80.0,Loan originated
1,395000.0,30%-<36%,435000.0,126.0,1,Not Hispanic or Latino,White,Female,45-54,90.0,Loan originated
1,845000.0,42,1055000.0,203.0,1,Not Hispanic or Latino,White,Female,35-44,80.0,Loan originated
1,385000.0,50%-60%,455000.0,79.0,1,Not Hispanic or Latino,White,Female,35-44,85.0,Loan originated
1,285000.0,49,315000.0,85.0,1,Not Hispanic or Latino,Asian,Female,45-54,90.0,Application denied
1,245000.0,43,275000.0,70.0,1,Hispanic or Latino,White,Female,45-54,89.11,Loan originated
1,605000.0,41,635000.0,155.0,1,Not Hispanic or Latino,White,Male,25-34,95.0,Loan originated
1,725000.0,47,855000.0,164.0,1,Not Hispanic or Latino,White,Female,25-34,85.0,Loan originated
1,685000.0,40,935000.0,150.0,1,Not Hispanic or Latino,Asian,Female,35-44,73.233,Loan originated
1,325000.0,<20%,435000.0,807.0,1,Not Hispanic or Latino,White,Male,25-34,74.999,Loan originated
1,315000.0,20%-<30%,395000.0,131.0,1,Hispanic or Latino,Asian,Male,45-54,80.0,Loan originated
1,205000.0,20%-<30%,545000.0,145.0,1,Hispanic or Latino,White,Male,55-64,37.04,Loan originated
1,1145000.0,30%-<36%,1635000.0,352.0,1,Not Hispanic or Latino,Asian,Male,35-44,70.306,Loan originated
1,615000.0,42,765000.0,134.0,1,Not Hispanic or Latino,White,Male,55-64,80.0,Loan originated
1,195000.0,30%-<36%,335000.0,58.0,1,Hispanic or Latino,White,Male,25-34,96.982,Loan originated
1,425000.0,48,535000.0,103.0,1,Hispanic or Latino,White,Male,25-34,100.0,Loan originated
1,675000.0,43,705000.0,151.0,1,Not Hispanic or Latino,Black or African American,Female,45-54,97.0,Loan originated
1,385000.0,46,475000.0,101.0,1,Not Hispanic or Latino,White,Male,25-34,80.0,Loan originated
1,375000.0,20%-<30%,475000.0,163.0,1,Not Hispanic or Latino,White,Female,25-34,80.0,Loan originated
1,505000.0,44,1405000.0,150.0,1,Not Hispanic or Latino,White,Male,55-64,35.71,Loan originated
1,895000.0,40,1125000.0,229.0,1,Hispanic or Latino,White,Male,65-74,80.0,Loan originated
1,655000.0,42,825000.0,142.0,1,Not Hispanic or Latino,Asian,Female,45-54,80.0,Loan originated
1,905000.0,48,1215000.0,193.0,1,Not Hispanic or Latino,Asian,Female,35-44,74.38,Loan originated
1,245000.0,30%-<36%,275000.0,122.0,1,Not Hispanic or Latino,White,Male,25-34,90.0,Loan originated
1,675000.0,49,855000.0,143.0,1,Not Hispanic or Latino,White,Male,65-74,79.666,Loan originated
1,405000.0,43,505000.0,122.0,1,Not Hispanic or Latino,White,Female,35-44,80.0,Loan originated
1,765000.0,41,2175000.0,228.0,1,Not Hispanic or Latino,White,Female,25-34,36.0,Loan originated
1,395000.0,30%-<36%,425000.0,114.0,1,Not Hispanic or Latino,White,Male,45-54,95.0,Loan originated
1,485000.0,44,505000.0,168.0,1,Not Hispanic or Latino,White,Male,25-34,97.0,Loan originated
1,555000.0,38,615000.0,194.0,1,Not Hispanic or Latino,White,Female,55-64,90.0,Loan originated
1,405000.0,47,425000.0,105.0,1,Not Hispanic or Latino,White,Male,<25,97.0,Loan originated
1,525000.0,39,655000.0,137.0,1,Not Hispanic or Latino,Asian,Female,45-54,80.0,Loan originated
1,175000.0,36,605000.0,57.0,1,Not Hispanic or Latino,White,Male,55-64,29.16,Loan originated
1,525000.0,20%-<30%,705000.0,247.0,1,Not Hispanic or Latino,White,Male,25-34,75.0,Loan originated
1,455000.0,<20%,655000.0,274.0,1,Not Hispanic or Latino,Asian,Male,65-74,70.0,Loan originated
1,465000.0,48,525000.0,102.0,1,Hispanic or Latino,White,Male,<25,88.462,Loan originated
1,605000.0,49,625000.0,131.0,1,Hispanic or Latino,White,Male,25-34,97.0,Loan originated
1,805000.0,41,1205000.0,193.0,1,Not Hispanic or Latino,White,Male,35-44,66.66,Loan originated
1,525000.0,48,755000.0,150.0,1,Not Hispanic or Latino,White,Male,35-44,70.0,Loan originated
1,515000.0,46,645000.0,100.0,1,Not Hispanic or Latino,Asian,Female,35-44,80.0,Loan originated
1,425000.0,41,525000.0,109.0,1,Hispanic or Latino,White,Female,45-54,80.0,Loan originated
1,455000.0,39,505000.0,112.0,1,Not Hispanic or Latino,White,Male,<25,90.0,Loan originated
1,365000.0,39,385000.0,88.0,1,Hispanic or Latino,White,Female,25-34,95.0,Loan originated
1,235000.0,30%-<36%,535000.0,85.0,1,Not Hispanic or Latino,White,Male,35-44,43.925,Loan originated
1,635000.0,38,795000.0,207.0,1,Not Hispanic or Latino,Black or African American,Female,65-74,80.0,Loan originated
1,425000.0,46,535000.0,112.0,1,Not Hispanic or Latino,White,Female,35-44,80.0,Loan originated
1,465000.0,30%-<36%,655000.0,149.0,1,Not Hispanic or Latino,Asian,Female,25-34,70.0,Loan originated
1,555000.0,<20%,685000.0,432.0,1,Not Hispanic or Latino,White,Male,<25,80.0,Loan originated
1,455000.0,46,575000.0,132.0,1,Not Hispanic or Latino,Asian,Male,25-34,80.0,Loan originated
1,905000.0,43,1205000.0,281.0,1,Not Hispanic or Latino,Asian,Female,35-44,75.0,Loan originated
1,875000.0,47,1805000.0,456.0,1,Not Hispanic or Latino,White,Female,55-64,48.747,Loan originated
1,135000.0,48,145000.0,139.0,1,Not Hispanic or Latino,White,Male,65-74,95.0,Application denied
1,45000.0,20%-<30%,65000.0,53.0,1,Not Hispanic or Latino,White,Male,>74,69.23,Loan originated
1,705000.0,47,755000.0,152.0,1,Not Hispanic or Latino,White,Female,25-34,93.0,Loan originated
1,435000.0,47,545000.0,93.0,1,Hispanic or Latino,White,Male,45-54,79.927,Loan originated
1,455000.0,49,615000.0,96.0,1,Not Hispanic or Latino,Asian,Male,25-34,73.47,Loan originated
1,505000.0,48,525000.0,107.0,1,Hispanic or Latino,White,Male,35-44,97.0,Loan originated
1,465000.0,47,755000.0,128.0,1,Not Hispanic or Latino,Asian,Male,25-34,61.35,Loan originated
1,1135000.0,45,1425000.0,273.0,1,Not Hispanic or Latino,White,Male,35-44,80.0,Loan originated
1,765000.0,40,1175000.0,200.0,1,Not Hispanic or Latino,Asian,Male,35-44,65.14,Loan originated
1,425000.0,48,625000.0,88.0,1,Hispanic or Latino,White,Male,35-44,68.0,Loan originated
1,405000.0,49,1405000.0,132.0,1,Not Hispanic or Latino,White,Male,65-74,28.571,Loan originated
1,685000.0,43,975000.0,223.0,1,Hispanic or Latino,White,Female,55-64,71.0,Loan originated
1,315000.0,45,665000.0,103.0,1,Hispanic or Latino,White,Female,45-54,48.146,Loan originated
1,405000.0,49,555000.0,84.0,1,Not Hispanic or Latino,Asian,Male,25-34,72.727,Application denied
1,485000.0,47,645000.0,201.0,1,Not Hispanic or Latino,Black or African American,Female,45-54,74.9,Loan originated
1,765000.0,37,785000.0,194.0,1,Hispanic or Latino,American Indian or Alaska Native,Male,35-44,97.0,Loan originated
1,365000.0,46,455000.0,162.0,1,Hispanic or Latino,Asian,Female,35-44,80.0,Loan originated
1,525000.0,42,655000.0,128.0,1,Hispanic or Latino,White,Male,35-44,80.0,Loan originated
1,405000.0,44,455000.0,100.0,1,Not Hispanic or Latino,Asian,Female,45-54,87.912,Loan originated
1,465000.0,43,595000.0,112.0,1,Hispanic or Latino,American Indian or Alaska Native,Female,45-54,78.151,Loan originated
1,455000.0,46,605000.0,90.0,1,Hispanic or Latino,White,Female,35-44,75.0,Loan originated
1,1125000.0,38,1405000.0,456.0,1,Not Hispanic or Latino,White,Female,35-44,80.0,Loan originated
1,435000.0,49,545000.0,91.0,1,Not Hispanic or Latino,Asian,Male,45-54,80.0,Loan originated
1,965000.0,40,1205000.0,239.0,1,Not Hispanic or Latino,White,Female,>74,80.0,Loan originated
1,535000.0,40,635000.0,145.0,1,Not Hispanic or Latino,Asian,Male,25-34,84.127,Loan originated
1,505000.0,45,1265000.0,184.0,1,Not Hispanic or Latino,White,Male,55-64,39.68,Loan originated
1,455000.0,46,565000.0,105.0,1,Not Hispanic or Latino,Asian,Female,35-44,100.0,Loan originated
1,665000.0,41,705000.0,153.0,1,Hispanic or Latino,White,Male,25-34,95.0,Loan originated
1,485000.0,42,495000.0,127.0,1,Not Hispanic or Latino,Asian,Female,35-44,96.5,Loan originated
1,605000.0,43,635000.0,159.0,1,Not Hispanic or Latino,Asian,Male,25-34,95.0,Loan originated
1,815000.0,40,1095000.0,190.0,1,Not Hispanic or Latino,Asian,Male,25-34,74.99,Loan originated
1,695000.0,46,735000.0,155.0,1,Not Hispanic or Latino,Black or African American,Male,25-34,95.0,Loan originated
1,425000.0,49,775000.0,107.0,1,Not Hispanic or Latino,White,Female,65-74,55.01,Loan originated
1,695000.0,20%-<30%,875000.0,398.0,1,Not Hispanic or Latino,Asian,Male,25-34,80.0,Loan originated
1,505000.0,44,555000.0,113.0,1,Not Hispanic or Latino,Black or African American,Female,45-54,90.909,Application denied
1,305000.0,41,1165000.0,396.0,1,Not Hispanic or Latino,White,Male,25-34,26.0,Loan originated
1,885000.0,49,985000.0,178.0,1,Not Hispanic or Latino,White,Female,25-34,90.0,Loan originated
1,725000.0,40,905000.0,15.0,1,Not Hispanic or Latino,Asian,Female,25-34,80.0,Loan originated
1,665000.0,47,705000.0,287.0,1,Not Hispanic or Latino,Asian,Male,55-64,95.0,Loan originated
1,1005000.0,41,1315000.0,248.0,1,Not Hispanic or Latino,White,Male,45-54,76.813,Loan originated
1,735000.0,41,1135000.0,198.0,1,Not Hispanic or Latino,White,Male,25-34,65.0,Loan originated
1,415000.0,30%-<36%,475000.0,130.0,1,Not Hispanic or Latino,White,Female,25-34,94.99,Loan originated
1,1125000.0,48,1455000.0,19.0,1,Not Hispanic or Latino,Asian,Female,35-44,80.0,Loan originated
1,1025000.0,49,1305000.0,208.0,1,Not Hispanic or Latino,Asian,Male,25-34,80.0,Loan originated
1,505000.0,41,525000.0,132.0,1,Hispanic or Latino,White,Female,25-34,97.0,Loan originated
1,395000.0,39,495000.0,337.0,1,Not Hispanic or Latino,Asian,Female,65-74,80.0,Loan originated
1,855000.0,20%-<30%,1655000.0,295.0,1,Not Hispanic or Latino,White,Male,25-34,51.515,Loan originated
1,455000.0,41,725000.0,108.0,1,Not Hispanic or Latino,Asian,Female,25-34,63.47,Loan originated
1,195000.0,30%-<36%,205000.0,85.0,1,Hispanic or Latino,White,Male,55-64,95.0,Loan originated
1,595000.0,48,745000.0,646.0,1,Not Hispanic or Latino,White,Male,>74,80.0,Loan originated
1,475000.0,20%-<30%,695000.0,300.0,1,Not Hispanic or Latino,White,Male,25-34,70.0,Loan originated
1,905000.0,39,955000.0,242.0,1,Not Hispanic or Latino,White,Female,35-44,95.0,Loan originated
1,725000.0,47,905000.0,194.0,1,Not Hispanic or Latino,Asian,Male,25-34,80.0,Loan originated
1,705000.0,40,875000.0,240.0,1,Not Hispanic or Latino,White,Male,25-34,80.0,Loan originated
1,975000.0,30%-<36%,1295000.0,427.0,1,Not Hispanic or Latino,White,Male,45-54,75.0,Loan originated
1,845000.0,40,1305000.0,289.0,1,Hispanic or Latino,Asian,Male,55-64,65.0,Loan originated
1,605000.0,30%-<36%,765000.0,206.0,1,Not Hispanic or Latino,Asian,Female,35-44,80.0,Application denied
1,445000.0,48,495000.0,94.0,1,Not Hispanic or Latino,Asian,Female,45-54,89.899,Loan originated
1,405000.0,20%-<30%,515000.0,139.0,1,Not Hispanic or Latino,White,Male,45-54,80.0,Loan originated
1,395000.0,20%-<30%,435000.0,230.0,1,Not Hispanic or Latino,Black or African American,Male,35-44,90.0,Loan originated
1,535000.0,38,595000.0,141.0,1,Not Hispanic or Latino,Asian,Male,35-44,90.0,Loan originated
1,535000.0,49,555000.0,239.0,1,Not Hispanic or Latino,White,Female,25-34,95.0,Application denied
1,365000.0,20%-<30%,1275000.0,250.0,1,Not Hispanic or Latino,White,Male,45-54,28.74,Loan originated
1,525000.0,43,665000.0,161.0,1,Not Hispanic or Latino,Asian,Female,35-44,100.0,Loan originated
1,575000.0,38,765000.0,164.0,1,Not Hispanic or Latino,Asian,Female,25-34,75.0,Application denied
1,335000.0,37,635000.0,109.0,1,Not Hispanic or Latino,White,Female,45-54,52.381,Loan originated
1,405000.0,20%-<30%,535000.0,146.0,1,Not Hispanic or Latino,Asian,Male,25-34,75.0,Loan originated
1,285000.0,36,505000.0,89.0,1,Hispanic or Latino,White,Male,45-54,58.0,Loan originated
1,765000.0,47,1095000.0,231.0,1,Not Hispanic or Latino,Asian,Male,35-44,70.0,Loan originated
1,695000.0,49,925000.0,135.0,1,Not Hispanic or Latino,White,Male,35-44,75.0,Loan originated
1,245000.0,44,255000.0,72.0,1,Not Hispanic or Latino,Black or African American,Female,45-54,97.0,Loan originated
1,365000.0,30%-<36%,425000.0,100.0,1,Not Hispanic or Latino,White,Male,25-34,85.0,Loan originated
1,415000.0,49,465000.0,110.0,1,Hispanic or Latino,White,Male,45-54,90.0,Loan originated
1,445000.0,20%-<30%,555000.0,250.0,1,Not Hispanic or Latino,Asian,Male,45-54,80.0,Loan originated
1,455000.0,43,455000.0,95.0,1,Hispanic or Latino,White,Female,35-44,101.75,Loan originated
1,705000.0,43,805000.0,172.0,1,Not Hispanic or Latino,Asian,Male,25-34,87.578,Loan originated
1,565000.0,44,595000.0,134.0,1,Hispanic or Latino,White,Male,25-34,95.0,Loan originated
1,625000.0,36,775000.0,181.0,1,Not Hispanic or Latino,White,Male,25-34,80.0,Loan originated
1,1005000.0,45,1535000.0,226.0,1,Not Hispanic or Latino,Asian,Female,45-54,65.36,Loan originated
1,725000.0,42,1255000.0,201.0,1,Not Hispanic or Latino,Asian,Female,25-34,58.24,Loan originated
1,655000.0,40,735000.0,198.0,1,Hispanic or Latino,White,Male,35-44,88.762,Loan originated
1,215000.0,47,395000.0,46.0,1,Not Hispanic or Latino,Black or African American,Female,65-74,54.431,Loan originated
1,525000.0,46,655000.0,236.0,1,Not Hispanic or Latino,White,Male,55-64,80.0,Loan originated
1,605000.0,20%-<30%,765000.0,302.0,1,Not Hispanic or Latino,White,Male,55-64,80.0,Loan originated
1,75000.0,36,75000.0,79.0,1,Not Hispanic or Latino,White,Female,25-34,95.0,Application denied
1,845000.0,42,1055000.0,289.0,1,Not Hispanic or Latino,White,Male,35-44,80.0,Loan originated
1,615000.0,49,635000.0,148.0,1,Hispanic or Latino,White,Female,<25,97.0,Application denied
1,165000.0,41,175000.0,58.0,1,Hispanic or Latino,White,Female,25-34,95.0,Loan originated
1,235000.0,43,255000.0,59.0,1,Hispanic or Latino,White,Male,45-54,98.819,Application denied
1,565000.0,38,705000.0,216.0,1,Hispanic or Latino,White,Male,65-74,80.0,Loan originated
1,235000.0,20%-<30%,435000.0,119.0,1,Not Hispanic or Latino,White,Male,35-44,53.488,Loan originated
1,755000.0,20%-<30%,1005000.0,324.0,1,Not Hispanic or Latino,White,Male,25-34,75.0,Loan originated
1,765000.0,30%-<36%,1185000.0,303.0,1,Not Hispanic or Latino,White,Male,45-54,64.91,Loan originated
1,245000.0,37,265000.0,88.0,1,Not Hispanic or Latino,White,Female,35-44,95.0,Loan originated
1,245000.0,42,475000.0,61.0,1,Not Hispanic or Latino,Black or African American,Female,>74,52.128,Loan originated
1,665000.0,<20%,965000.0,2189.0,1,Not Hispanic or Latino,Asian,Male,65-74,68.75,Loan originated
1,365000.0,30%-<36%,865000.0,346.0,1,Not Hispanic or Latino,Asian,Female,35-44,41.86,Loan originated
1,1045000.0,36,1305000.0,305.0,1,Not Hispanic or Latino,Asian,Male,35-44,80.0,Loan originated
1,275000.0,36,525000.0,182.0,1,Not Hispanic or Latino,White,Male,45-54,53.0,Loan originated
1,715000.0,46,745000.0,146.0,1,Not Hispanic or Latino,Asian,Male,45-54,94.987,Application denied
1,395000.0,48,535000.0,81.0,1,Not Hispanic or Latino,White,Male,45-54,75.0,Loan originated
1,405000.0,20%-<30%,1295000.0,249.0,1,Not Hispanic or Latino,Asian,Female,35-44,30.77,Loan originated
1,455000.0,30%-<36%,765000.0,164.0,1,Not Hispanic or Latino,Asian,Male,35-44,58.52,Loan originated
1,305000.0,44,975000.0,135.0,1,Not Hispanic or Latino,White,Female,25-34,30.76,Loan originated
1,475000.0,43,555000.0,123.0,1,Hispanic or Latino,White,Male,25-34,85.632,Loan originated
1,585000.0,43,695000.0,139.0,1,Not Hispanic or Latino,Asian,Male,25-34,85.0,Loan originated
1,515000.0,48,635000.0,116.0,1,Not Hispanic or Latino,Asian,Male,45-54,80.0,Loan originated
1,475000.0,38,1345000.0,180.0,1,Not Hispanic or Latino,White,Male,25-34,35.137,Loan originated
1,505000.0,<20%,625000.0,243.0,1,Not Hispanic or Latino,White,Male,45-54,80.0,Loan originated
1,505000.0,44,535000.0,198.0,1,Hispanic or Latino,White,Male,<25,95.0,Loan originated
1,605000.0,30%-<36%,3005000.0,301.0,1,Not Hispanic or Latino,Asian,Male,35-44,20.0,Loan originated
1,785000.0,48,985000.0,272.0,1,Not Hispanic or Latino,White,Male,55-64,80.0,Loan originated
1,715000.0,48,895000.0,159.0,1,Not Hispanic or Latino,White,Male,25-34,79.98,Loan originated
1,445000.0,49,555000.0,139.0,1,Not Hispanic or Latino,White,Female,55-64,80.0,Loan originated
1,515000.0,43,645000.0,148.0,1,Not Hispanic or Latino,Asian,Male,25-34,80.0,Loan originated
1,705000.0,48,955000.0,216.0,1,Not Hispanic or Latino,White,Male,45-54,73.684,Loan originated
1,475000.0,20%-<30%,1185000.0,295.0,1,Not Hispanic or Latino,White,Male,45-54,40.0,Loan originated
1,295000.0,44,315000.0,61.0,1,Not Hispanic or Latino,White,Male,25-34,95.0,Loan originated
1,405000.0,45,415000.0,90.0,1,Not Hispanic or Latino,White,Male,25-34,97.0,Application denied
1,595000.0,41,735000.0,136.0,1,Not Hispanic or Latino,White,Male,25-34,80.0,Loan originated
1,445000.0,20%-<30%,555000.0,219.0,1,Not Hispanic or Latino,Asian,Male,25-34,80.0,Application denied
1,555000.0,49,815000.0,143.0,1,Hispanic or Latino,White,Male,45-54,69.0,Loan originated
1,1005000.0,41,1205000.0,224.0,1,Not Hispanic or Latino,White,Male,25-34,83.333,Loan originated
1,705000.0,20%-<30%,775000.0,364.0,1,Not Hispanic or Latino,Asian,Male,45-54,89.99,Loan originated
1,435000.0,37,575000.0,122.0,1,Not Hispanic or Latino,White,Female,35-44,75.0,Loan originated
1,1055000.0,48,1315000.0,258.0,1,Hispanic or Latino,White,Male,45-54,80.0,Loan originated
1,435000.0,40,575000.0,119.0,1,Not Hispanic or Latino,Asian,Female,25-34,95.0,Loan originated
1,825000.0,49,1035000.0,185.0,1,Hispanic or Latino,American Indian or Alaska Native,Female,45-54,80.0,Loan originated
1,335000.0,20%-<30%,415000.0,140.0,1,Not Hispanic or Latino,White,Male,45-54,80.0,Loan originated
1,555000.0,46,655000.0,130.0,1,Hispanic or Latino,White,Male,25-34,85.0,Loan originated
1,305000.0,40,385000.0,78.0,1,Not Hispanic or Latino,White,Male,25-34,80.0,Loan originated
1,755000.0,47,1595000.0,165.0,1,Not Hispanic or Latino,Asian,Male,25-34,47.17,Loan originated
1,735000.0,49,855000.0,147.0,1,Hispanic or Latino,White,Female,55-64,85.882,Loan originated
1,765000.0,43,1315000.0,167.0,1,Not Hispanic or Latino,Asian,Male,55-64,58.137,Loan originated
1,535000.0,30%-<36%,555000.0,186.0,1,Not Hispanic or Latino,Asian,Female,35-44,97.0,Loan originated
1,1085000.0,39,1355000.0,266.0,1,Not Hispanic or Latino,Asian,Female,25-34,80.0,Loan originated
1,415000.0,30%-<36%,665000.0,143.0,1,Not Hispanic or Latino,Asian,Male,25-34,63.0,Loan originated
1,765000.0,20%-<30%,1375000.0,350.0,1,Not Hispanic or Latino,White,Female,25-34,57.85,Loan originated
1,1185000.0,45,1585000.0,257.0,1,Not Hispanic or Latino,Asian,Male,25-34,75.0,Loan originated
1,565000.0,20%-<30%,745000.0,268.0,1,Not Hispanic or Latino,White,Male,35-44,75.0,Loan originated
1,665000.0,36,705000.0,185.0,1,Not Hispanic or Latino,White,Female,45-54,95.0,Application denied
1,395000.0,45,445000.0,88.0,1,Not Hispanic or Latino,White,Male,45-54,90.0,Loan originated
1,355000.0,45,505000.0,104.0,1,Hispanic or Latino,White,Male,35-44,70.0,Loan originated
1,745000.0,46,875000.0,197.0,1,Not Hispanic or Latino,White,Female,35-44,85.0,Loan originated
1,345000.0,40,365000.0,87.0,1,Not Hispanic or Latino,White,Male,25-34,95.0,Loan originated
1,395000.0,37,455000.0,110.0,1,Not Hispanic or Latino,White,Female,35-44,86.667,Loan originated
1,405000.0,45,425000.0,82.0,1,Hispanic or Latino,White,Female,35-44,97.0,Loan originated
1,1135000.0,<20%,1415000.0,806.0,1,Not Hispanic or Latino,White,Male,25-34,80.0,Loan originated
1,645000.0,38,845000.0,169.0,1,Hispanic or Latino,White,Male,35-44,76.443,Loan originated
1,185000.0,20%-<30%,235000.0,166.0,1,Not Hispanic or Latino,White,Female,55-64,80.0,Loan originated
1,375000.0,20%-<30%,475000.0,171.0,1,Not Hispanic or Latino,White,Female,45-54,80.0,Loan originated
1,955000.0,48,1195000.0,201.0,1,Not Hispanic or Latino,White,Male,25-34,79.63,Application denied
1,415000.0,48,425000.0,114.0,1,Hispanic or Latino,White,Male,25-34,97.0,Loan originated
1,495000.0,46,555000.0,196.0,1,Not Hispanic or Latino,Black or African American,Female,45-54,90.0,Loan originated
1,355000.0,30%-<36%,365000.0,127.0,1,Not Hispanic or Latino,Asian,Female,25-34,97.0,Loan originated
1,745000.0,49,935000.0,203.0,1,Not Hispanic or Latino,White,Male,25-34,80.0,Loan originated
1,505000.0,30%-<36%,625000.0,137.0,1,Not Hispanic or Latino,Asian,Male,25-34,80.0,Loan originated
1,1185000.0,30%-<36%,1735000.0,653.0,1,Not Hispanic or Latino,White,Male,35-44,89.9,Loan originated
1,865000.0,47,915000.0,207.0,1,Not Hispanic or Latino,White,Male,35-44,95.0,Loan originated
1,435000.0,49,525000.0,148.0,1,Not Hispanic or Latino,Asian,Female,55-64,81.818,Loan originated
1,665000.0,39,705000.0,218.0,1,Not Hispanic or Latino,White,Male,35-44,95.0,Loan originated
1,335000.0,49,355000.0,119.0,1,Hispanic or Latino,White,Male,<25,95.0,Loan originated
1,1085000.0,>60%,1355000.0,192.0,1,Not Hispanic or Latino,White,Male,25-34,80.0,Application denied
1,765000.0,30%-<36%,815000.0,258.0,1,Not Hispanic or Latino,White,Female,55-64,93.87,Loan originated
1,235000.0,50%-60%,385000.0,76.0,1,Not Hispanic or Latino,White,Male,>74,62.5,Application denied
1,425000.0,39,495000.0,130.0,1,Not Hispanic or Latino,White,Male,35-44,86.667,Loan originated
1,585000.0,30%-<36%,735000.0,174.0,1,Not Hispanic or Latino,Asian,Female,25-34,80.0,Loan originated
1,355000.0,45,415000.0,69.0,1,Hispanic or Latino,White,Male,25-34,85.542,Loan originated
1,405000.0,38,425000.0,135.0,1,Not Hispanic or Latino,Asian,Female,45-54,100.0,Loan originated
1,655000.0,30%-<36%,775000.0,248.0,1,Hispanic or Latino,White,Male,35-44,85.0,Loan originated
1,495000.0,47,615000.0,131.0,1,Hispanic or Latino,Native Hawaiian or Other Pacific Islander,Female,35-44,80.0,Loan originated
1,605000.0,48,655000.0,163.0,1,Hispanic or Latino,White,Male,25-34,92.4,Loan originated
1,485000.0,46,605000.0,135.0,1,Not Hispanic or Latino,Black or African American,Female,25-34,100.0,Loan originated
1,865000.0,49,1305000.0,196.0,1,Not Hispanic or Latino,Asian,Female,55-64,66.231,Loan originated
1,555000.0,43,1005000.0,161.0,1,Not Hispanic or Latino,Asian,Female,55-64,55.329,Loan originated
1,295000.0,30%-<36%,325000.0,113.0,1,Not Hispanic or Latino,White,Male,55-64,90.0,Loan originated
1,725000.0,30%-<36%,1025000.0,286.0,1,Not Hispanic or Latino,White,Male,<25,70.203,Loan originated
1,595000.0,45,1345000.0,235.0,1,Not Hispanic or Latino,White,Male,35-44,44.0,Loan originated
1,225000.0,46,515000.0,69.0,1,Hispanic or Latino,White,Male,45-54,43.107,Loan originated
1,485000.0,43,605000.0,123.0,1,Not Hispanic or Latino,Asian,Male,35-44,80.0,Loan originated
1,265000.0,48,525000.0,59.0,1,Not Hispanic or Latino,White,Male,25-34,50.857,Loan originated
1,785000.0,44,975000.0,179.0,1,Not Hispanic or Latino,White,Female,25-34,80.0,Loan originated
1,335000.0,49,565000.0,75.0,1,Hispanic or Latino,White,Female,25-34,59.0,Loan originated
1,345000.0,20%-<30%,645000.0,164.0,1,Not Hispanic or Latino,White,Male,25-34,53.53,Loan originated
1,705000.0,30%-<36%,1105000.0,244.0,1,Not Hispanic or Latino,Asian,Male,35-44,63.42,Loan originated
1,675000.0,45,1045000.0,146.0,1,Not Hispanic or Latino,Asian,Male,35-44,65.0,Loan originated
1,805000.0,36,1595000.0,259.0,1,Not Hispanic or Latino,Asian,Female,25-34,50.28,Loan originated
1,225000.0,39,245000.0,72.0,1,Hispanic or Latino,White,Male,35-44,95.0,Loan originated
1,555000.0,44,695000.0,156.0,1,Hispanic or Latino,White,Female,55-64,80.0,Loan originated
1,265000.0,46,335000.0,72.0,1,Not Hispanic or Latino,Asian,Female,35-44,80.0,Loan originated
1,285000.0,47,295000.0,102.0,1,Not Hispanic or Latino,Native Hawaiian or Other Pacific Islander,Male,25-34,97.0,Loan originated
1,965000.0,45,1215000.0,213.0,1,Not Hispanic or Latino,Asian,Male,25-34,80.0,Loan originated
1,615000.0,46,765000.0,146.0,1,Hispanic or Latino,White,Male,35-44,99.608,Loan originated
1,525000.0,44,705000.0,258.0,1,Not Hispanic or Latino,White,Male,25-34,75.0,Loan originated
1,245000.0,<20%,615000.0,177.0,1,Not Hispanic or Latino,White,Female,65-74,39.181,Loan originated
1,545000.0,41,605000.0,141.0,1,Hispanic or Latino,American Indian or Alaska Native,Female,35-44,90.0,Loan originated
1,205000.0,47,385000.0,58.0,1,Not Hispanic or Latino,White,Female,25-34,52.632,Loan originated
1,465000.0,30%-<36%,675000.0,131.0,1,Not Hispanic or Latino,Asian,Male,35-44,70.0,Loan originated
1,335000.0,>60%,355000.0,55.0,1,Hispanic or Latino,White,Male,25-34,94.971,Application denied
1,275000.0,43,735000.0,90.0,1,Not Hispanic or Latino,Asian,Male,<25,98.122,Loan originated
1,235000.0,20%-<30%,535000.0,112.0,1,Hispanic or Latino,White,Male,45-54,44.186,Loan originated
1,535000.0,30%-<36%,665000.0,183.0,1,Not Hispanic or Latino,Asian,Female,45-54,80.0,Application denied
1,1105000.0,45,1325000.0,250.0,1,Not Hispanic or Latino,Asian,Male,35-44,95.0,Loan originated
1,405000.0,47,1535000.0,165.0,1,Not Hispanic or Latino,Asian,Male,55-64,25.97,Loan originated
1,425000.0,47,445000.0,109.0,1,Hispanic or Latino,White,Male,35-44,95.0,Loan originated
1,405000.0,49,515000.0,87.0,1,Hispanic or Latino,White,Male,65-74,80.0,Loan originated
1,795000.0,20%-<30%,935000.0,393.0,1,Not Hispanic or Latino,White,Male,25-34,85.0,Loan originated
1,475000.0,43,585000.0,146.0,1,Not Hispanic or Latino,White,Female,55-64,80.0,Loan originated
1,545000.0,49,635000.0,97.0,1,Not Hispanic or Latino,Asian,Female,25-34,84.99,Loan originated
1,485000.0,30%-<36%,705000.0,199.0,1,Not Hispanic or Latino,Black or African American,Female,35-44,70.0,Loan originated
1,215000.0,47,295000.0,50.0,1,Hispanic or Latino,White,Male,35-44,75.0,Loan originated
1,395000.0,49,805000.0,142.0,1,Not Hispanic or Latino,White,Male,25-34,48.745,Loan originated
1,365000.0,49,405000.0,90.0,1,Not Hispanic or Latino,White,Female,45-54,90.0,Loan originated
1,715000.0,47,765000.0,158.0,1,Not Hispanic or Latino,Asian,Female,25-34,93.421,Loan originated
1,345000.0,40,505000.0,101.0,1,Hispanic or Latino,White,Male,65-74,68.0,Loan originated
1,795000.0,20%-<30%,995000.0,381.0,1,Not Hispanic or Latino,White,Male,35-44,80.0,Loan originated
1,745000.0,49,935000.0,141.0,1,Not Hispanic or Latino,White,Female,35-44,79.893,Loan originated
1,895000.0,46,1015000.0,200.0,1,Not Hispanic or Latino,White,Male,35-44,88.0,Loan originated
1,635000.0,42,795000.0,147.0,1,Not Hispanic or Latino,Asian,Male,25-34,80.0,Loan originated
1,535000.0,37,555000.0,142.0,1,Hispanic or Latino,White,Female,35-44,100.0,Loan originated
1,465000.0,20%-<30%,585000.0,134.0,1,Not Hispanic or Latino,White,Male,25-34,80.0,Loan originated
1,315000.0,37,865000.0,103.0,1,Not Hispanic or Latino,Asian,Male,25-34,36.2,Loan originated
1,115000.0,44,125000.0,120.0,1,Not Hispanic or Latino,White,Female,35-44,95.0,Loan originated
1,725000.0,37,915000.0,203.0,1,Not Hispanic or Latino,White,Male,25-34,80.0,Loan originated
1,445000.0,>60%,505000.0,15.0,1,Not Hispanic or Latino,White,Male,45-54,88.0,Application denied
1,405000.0,20%-<30%,605000.0,163.0,1,Not Hispanic or Latino,White,Male,55-64,66.667,Loan originated
1,365000.0,46,385000.0,144.0,1,Hispanic or Latino,White,Male,25-34,95.0,Loan originated
1,415000.0,30%-<36%,545000.0,119.0,1,Not Hispanic or Latino,White,Male,25-34,75.0,Loan originated
1,995000.0,<20%,1415000.0,590.0,1,Hispanic or Latino,White,Male,35-44,70.0,Loan originated
1,205000.0,49,555000.0,65.0,1,Hispanic or Latino,White,Female,45-54,35.842,Loan originated
1,985000.0,44,1225000.0,235.0,1,Not Hispanic or Latino,White,Female,35-44,79.99,Loan originated
1,265000.0,30%-<36%,295000.0,91.0,1,Hispanic or Latino,White,Female,45-54,90.0,Loan originated
1,405000.0,44,425000.0,143.0,1,Not Hispanic or Latino,Asian,Male,55-64,95.0,Application denied
1,785000.0,>60%,1005000.0,89.0,1,Not Hispanic or Latino,White,Male,<25,78.416,Application denied
1,525000.0,30%-<36%,655000.0,155.0,1,Not Hispanic or Latino,White,Male,55-64,80.0,Loan originated
1,545000.0,30%-<36%,1065000.0,265.0,1,Not Hispanic or Latino,Asian,Male,35-44,50.69,Loan originated
1,385000.0,36,485000.0,379.0,1,Not Hispanic or Latino,Asian,Female,35-44,80.0,Loan originated
1,505000.0,48,555000.0,102.0,1,Not Hispanic or Latino,Black or African American,Male,35-44,91.091,Loan originated
1,1005000.0,49,1475000.0,236.0,1,Not Hispanic or Latino,White,Male,45-54,68.22,Loan originated
1,975000.0,39,1225000.0,230.0,1,Not Hispanic or Latino,Asian,Male,35-44,80.0,Loan originated
1,275000.0,30%-<36%,305000.0,213.0,1,Not Hispanic or Latino,White,Male,<25,90.0,Loan originated
1,505000.0,40,565000.0,141.0,1,Not Hispanic or Latino,White,Male,>74,90.0,Loan originated
1,855000.0,40,875000.0,242.0,1,Hispanic or Latino,White,Male,45-54,96.701,Loan originated
1,705000.0,47,1195000.0,304.0,1,Not Hispanic or Latino,White,Male,65-74,58.577,Loan originated
1,345000.0,49,425000.0,64.0,1,Not Hispanic or Latino,White,Female,25-34,80.0,Loan originated
1,165000.0,48,415000.0,72.0,1,Not Hispanic or Latino,White,Male,55-64,40.0,Loan originated
1,485000.0,39,495000.0,179.0,1,Not Hispanic or Latino,White,Female,45-54,96.998,Loan originated
1,555000.0,47,585000.0,126.0,1,Not Hispanic or Latino,White,Female,35-44,95.0,Loan originated
1,465000.0,49,495000.0,182.0,1,Not Hispanic or Latino,American Indian or Alaska Native,Female,55-64,95.0,Loan originated
1,735000.0,43,825000.0,177.0,1,Hispanic or Latino,White,Female,25-34,90.0,Loan originated
1,395000.0,37,525000.0,107.0,1,Not Hispanic or Latino,Asian,Female,25-34,75.0,Loan originated
1,215000.0,42,545000.0,68.0,1,Hispanic or Latino,White,Male,45-54,40.0,Loan originated
1,455000.0,<20%,565000.0,241.0,1,Not Hispanic or Latino,White,Female,45-54,80.0,Loan originated
1,295000.0,20%-<30%,355000.0,108.0,1,Not Hispanic or Latino,Asian,Male,55-64,90.0,Loan originated
1,645000.0,>60%,995000.0,107.0,1,Not Hispanic or Latino,White,Female,55-64,65.025,Application denied
1,275000.0,49,335000.0,121.0,1,Not Hispanic or Latino,White,Male,45-54,84.0,Loan originated
1,685000.0,49,715000.0,162.0,1,Hispanic or Latino,White,Male,25-34,95.0,Loan originated
1,625000.0,46,785000.0,165.0,1,Not Hispanic or Latino,Asian,Male,45-54,80.0,Loan originated
1,675000.0,37,1075000.0,225.0,1,Not Hispanic or Latino,Asian,Male,35-44,62.62,Loan originated
1,665000.0,48,825000.0,143.0,1,Not Hispanic or Latino,White,Male,45-54,80.0,Loan originated
1,705000.0,39,735000.0,267.0,1,Not Hispanic or Latino,Black or African American,Female,45-54,95.0,Loan originated
1,425000.0,41,435000.0,124.0,1,Hispanic or Latino,White,Female,25-34,97.0,Application denied
1,765000.0,30%-<36%,1065000.0,204.0,1,Hispanic or Latino,Asian,Male,45-54,71.403,Loan originated
1,475000.0,48,595000.0,143.0,1,Hispanic or Latino,White,Male,45-54,80.0,Loan originated
1,665000.0,40,835000.0,529.0,1,Not Hispanic or Latino,White,Male,25-34,80.0,Loan originated
1,775000.0,42,965000.0,222.0,1,Not Hispanic or Latino,White,Male,35-44,80.0,Loan originated
1,535000.0,48,675000.0,124.0,1,Hispanic or Latino,White,Male,35-44,79.995,Loan originated
1,205000.0,40,385000.0,69.0,1,Hispanic or Latino,White,Female,25-34,91.351,Loan originated
1,355000.0,49,495000.0,65.0,1,Not Hispanic or Latino,Asian,Female,<25,72.269,Loan originated
1,155000.0,49,275000.0,39.0,1,Not Hispanic or Latino,White,Female,25-34,58.682,Loan originated
1,765000.0,30%-<36%,965000.0,301.0,1,Not Hispanic or Latino,White,Female,45-54,80.0,Loan originated
1,1075000.0,41,2105000.0,376.0,1,Not Hispanic or Latino,Asian,Male,55-64,51.19,Loan originated
1,355000.0,30%-<36%,465000.0,134.0,1,Not Hispanic or Latino,Asian,Female,25-34,77.322,Loan originated
1,315000.0,46,515000.0,143.0,1,Not Hispanic or Latino,White,Female,65-74,60.784,Loan originated
1,155000.0,30%-<36%,355000.0,102.0,1,Hispanic or Latino,White,Male,<25,43.0,Loan originated
1,765000.0,41,805000.0,268.0,1,Not Hispanic or Latino,Asian,Male,35-44,95.0,Loan originated
1,435000.0,43,455000.0,94.0,1,Not Hispanic or Latino,White,Female,<25,97.0,Loan originated
1,285000.0,30%-<36%,345000.0,76.0,1,Hispanic or Latino,White,Male,25-34,84.0,Loan originated
1,765000.0,48,825000.0,239.0,1,Not Hispanic or Latino,White,Female,35-44,91.973,Loan originated
1,1115000.0,20%-<30%,1665000.0,593.0,1,Not Hispanic or Latino,Asian,Male,35-44,66.907,Loan originated
1,755000.0,48,905000.0,160.0,1,Not Hispanic or Latino,White,Male,35-44,84.111,Loan originated
1,555000.0,47,695000.0,206.0,1,Not Hispanic or Latino,Asian,Female,25-34,80.0,Loan originated
1,385000.0,39,415000.0,97.0,1,Hispanic or Latino,White,Male,25-34,95.0,Loan originated
1,425000.0,20%-<30%,535000.0,148.0,1,Hispanic or Latino,White,Female,35-44,100.0,Loan originated
1,445000.0,49,585000.0,93.0,1,Hispanic or Latino,White,Male,25-34,77.0,Loan originated
1,445000.0,30%-<36%,465000.0,191.0,1,Not Hispanic or Latino,White,Female,35-44,98.94,Loan originated
1,475000.0,47,505000.0,103.0,1,Not Hispanic or Latino,White,Male,45-54,95.0,Loan originated
1,765000.0,37,805000.0,220.0,1,Not Hispanic or Latino,White,Male,35-44,95.0,Loan originated
1,515000.0,20%-<30%,735000.0,282.0,1,Not Hispanic or Latino,Asian,Female,35-44,70.0,Loan originated
1,345000.0,39,535000.0,107.0,1,Not Hispanic or Latino,White,Male,55-64,65.0,Loan originated
1,405000.0,38,425000.0,180.0,1,Not Hispanic or Latino,Asian,Female,55-64,98.0,Loan originated
1,565000.0,20%-<30%,815000.0,295.0,1,Hispanic or Latino,White,Male,45-54,70.0,Loan originated
1,505000.0,48,635000.0,153.0,1,Not Hispanic or Latino,Asian,Female,25-34,99.245,Loan originated
1,715000.0,38,895000.0,228.0,1,Hispanic or Latino,White,Male,35-44,80.0,Loan originated
1,985000.0,43,1365000.0,214.0,1,Not Hispanic or Latino,White,Male,35-44,72.169,Loan originated
1,585000.0,30%-<36%,925000.0,192.0,1,Not Hispanic or Latino,White,Male,<25,65.91,Loan originated
1,715000.0,38,845000.0,237.0,1,Hispanic or Latino,White,Male,45-54,85.0,Loan originated
1,105000.0,50%-60%,205000.0,80.0,1,Hispanic or Latino,White,Male,35-44,50.0,Application denied
1,735000.0,49,815000.0,208.0,1,Hispanic or Latino,White,Female,25-34,90.0,Loan originated
1,235000.0,>60%,315000.0,31.0,1,Not Hispanic or Latino,White,Male,<25,75.0,Application denied
1,875000.0,42,5755000.0,315.0,1,Not Hispanic or Latino,White,Male,45-54,15.13,Loan originated
1,875000.0,30%-<36%,1255000.0,268.0,1,Not Hispanic or Latino,White,Male,25-34,70.0,Loan originated
1,425000.0,45,535000.0,111.0,1,Hispanic or Latino,White,Male,25-34,100.0,Loan originated
1,595000.0,45,745000.0,167.0,1,Not Hispanic or Latino,White,Female,45-54,80.0,Loan originated
1,525000.0,20%-<30%,745000.0,416.0,1,Not Hispanic or Latino,White,Female,45-54,70.0,Loan originated
1,705000.0,30%-<36%,875000.0,222.0,1,Not Hispanic or Latino,Asian,Female,35-44,80.0,Loan originated
1,225000.0,38,375000.0,79.0,1,Not Hispanic or Latino,Asian,Male,<25,89.865,Loan originated
1,515000.0,37,545000.0,163.0,1,Not Hispanic or Latino,Black or African American,Male,25-34,95.0,Loan originated
1,485000.0,<20%,1275000.0,331.0,1,Not Hispanic or Latino,Asian,Female,45-54,37.648,Loan originated
1,485000.0,49,495000.0,107.0,1,Hispanic or Latino,White,Male,<25,100.0,Loan originated
1,355000.0,37,1375000.0,612.0,1,Not Hispanic or Latino,White,Male,55-64,80.0,Loan originated
1,635000.0,48,745000.0,178.0,1,Not Hispanic or Latino,White,Male,45-54,85.0,Loan originated
1,405000.0,45,425000.0,105.0,1,Hispanic or Latino,White,Female,35-44,96.429,Loan originated
1,555000.0,30%-<36%,695000.0,188.0,1,Not Hispanic or Latino,White,Male,35-44,80.0,Loan originated
1,655000.0,20%-<30%,1255000.0,316.0,1,Not Hispanic or Latino,Asian,Female,55-64,52.0,Loan originated
1,405000.0,45,515000.0,99.0,1,Not Hispanic or Latino,White,Male,25-34,80.0,Loan originated
1,885000.0,42,1115000.0,224.0,1,Not Hispanic or Latino,Asian,Male,25-34,80.0,Loan originated
1,1015000.0,41,1275000.0,214.0,1,Not Hispanic or Latino,Asian,Male,35-44,80.0,Loan originated
1,125000.0,46,125000.0,44.0,1,Hispanic or Latino,White,Male,55-64,95.0,Loan originated
1,225000.0,40,255000.0,99.0,1,Not Hispanic or Latino,White,Female,65-74,90.0,Application denied
1,975000.0,40,1085000.0,258.0,1,Not Hispanic or Latino,White,Male,35-44,90.0,Loan originated
1,305000.0,46,1255000.0,142.0,1,Not Hispanic or Latino,Asian,Male,<25,24.0,Loan originated
1,245000.0,49,305000.0,71.0,1,Not Hispanic or Latino,White,Male,45-54,80.0,Loan originated
1,755000.0,37,885000.0,260.0,1,Not Hispanic or Latino,White,Male,25-34,85.0,Loan originated
1,605000.0,44,815000.0,136.0,1,Not Hispanic or Latino,Asian,Female,25-34,75.0,Loan originated
1,625000.0,>60%,775000.0,137.0,1,Not Hispanic or Latino,Asian,Male,35-44,80.0,Application denied
1,125000.0,20%-<30%,195000.0,120.0,1,Not Hispanic or Latino,White,Male,35-44,65.789,Loan originated
1,705000.0,45,885000.0,297.0,1,Not Hispanic or Latino,Asian,Male,25-34,80.0,Loan originated
1,245000.0,30%-<36%,915000.0,92.0,1,Not Hispanic or Latino,White,Male,55-64,26.374,Loan originated
1,505000.0,45,635000.0,133.0,1,Not Hispanic or Latino,Asian,Male,55-64,80.0,Loan originated
1,675000.0,48,795000.0,154.0,1,Hispanic or Latino,White,Female,45-54,85.0,Loan originated
1,455000.0,40,575000.0,140.0,1,Not Hispanic or Latino,American Indian or Alaska Native,Female,25-34,80.0,Loan originated
1,305000.0,20%-<30%,555000.0,188.0,1,Not Hispanic or Latino,Asian,Female,35-44,54.55,Loan originated
1,355000.0,<20%,475000.0,188.0,1,Not Hispanic or Latino,Asian,Male,25-34,75.0,Loan originated
1,205000.0,20%-<30%,405000.0,80.0,1,Not Hispanic or Latino,White,Female,25-34,50.0,Loan originated
1,385000.0,37,485000.0,139.0,1,Hispanic or Latino,White,Male,55-64,80.0,Loan originated
1,1095000.0,42,1155000.0,604.0,1,Not Hispanic or Latino,White,Male,25-34,95.0,Loan originated
1,825000.0,50%-60%,1715000.0,179.0,1,Not Hispanic or Latino,White,Male,35-44,48.246,Application denied
1,1145000.0,43,1445000.0,316.0,1,Not Hispanic or Latino,Asian,Male,35-44,80.0,Loan originated
1,335000.0,46,485000.0,114.0,1,Not Hispanic or Latino,White,Male,65-74,68.75,Loan originated
1,275000.0,20%-<30%,895000.0,325.0,1,Not Hispanic or Latino,White,Male,65-74,31.24,Loan originated
1,535000.0,30%-<36%,1235000.0,177.0,1,Not Hispanic or Latino,White,Male,55-64,43.5,Loan originated
1,525000.0,39,525000.0,128.0,1,Not Hispanic or Latino,Black or African American,Female,45-54,100.0,Loan originated
1,355000.0,43,505000.0,94.0,1,Not Hispanic or Latino,Asian,Female,25-34,70.0,Loan originated
1,695000.0,49,865000.0,150.0,1,Not Hispanic or Latino,Asian,Male,25-34,80.0,Loan originated
1,625000.0,30%-<36%,1205000.0,216.0,1,Not Hispanic or Latino,White,Female,45-54,52.124,Loan originated
1,405000.0,45,875000.0,121.0,1,Not Hispanic or Latino,White,Female,45-54,45.98,Loan originated
1,615000.0,48,1255000.0,143.0,1,Not Hispanic or Latino,Asian,Male,55-64,48.877,Loan originated
1,585000.0,20%-<30%,1395000.0,241.0,1,Not Hispanic or Latino,White,Male,35-44,90.0,Loan originated
1,735000.0,47,795000.0,160.0,1,Not Hispanic or Latino,Asian,Male,45-54,93.0,Loan originated
1,455000.0,49,775000.0,132.0,1,Not Hispanic or Latino,White,Male,35-44,59.0,Loan originated
1,635000.0,49,795000.0,191.0,1,Not Hispanic or Latino,Asian,Male,25-34,80.0,Loan originated
1,1085000.0,45,1205000.0,237.0,1,Not Hispanic or Latino,White,Male,25-34,90.0,Loan originated
1,355000.0,43,445000.0,130.0,1,Not Hispanic or Latino,Native Hawaiian or Other Pacific Islander,Female,45-54,80.0,Loan originated
1,345000.0,49,585000.0,73.0,1,Not Hispanic or Latino,White,Male,25-34,60.0,Loan originated
1,855000.0,20%-<30%,1705000.0,478.0,1,Not Hispanic or Latino,White,Male,35-44,50.0,Loan originated
1,445000.0,38,505000.0,110.0,1,Not Hispanic or Latino,White,Male,25-34,89.0,Loan originated
1,555000.0,48,585000.0,136.0,1,Hispanic or Latino,White,Male,55-64,95.0,Loan originated
1,505000.0,20%-<30%,1155000.0,223.0,1,Not Hispanic or Latino,White,Male,45-54,43.37,Loan originated
1,485000.0,47,505000.0,150.0,1,Hispanic or Latino,White,Male,55-64,95.0,Loan originated
1,625000.0,20%-<30%,775000.0,228.0,1,Not Hispanic or Latino,Asian,Male,35-44,80.0,Loan originated
1,385000.0,43,405000.0,132.0,1,Hispanic or Latino,White,Female,25-34,95.0,Loan originated
1,565000.0,48,705000.0,157.0,1,Not Hispanic or Latino,Asian,Male,35-44,80.0,Loan originated
1,65000.0,39,105000.0,31.0,1,Hispanic or Latino,White,Female,45-54,65.0,Loan originated
1,255000.0,38,265000.0,88.0,1,Not Hispanic or Latino,Black or African American,Female,45-54,97.0,Loan originated
1,405000.0,42,515000.0,116.0,1,Hispanic or Latino,White,Male,25-34,80.0,Application denied
1,125000.0,38,365000.0,58.0,1,Not Hispanic or Latino,White,Female,35-44,32.877,Loan originated
1,305000.0,43,525000.0,71.0,1,Hispanic or Latino,White,Male,35-44,57.143,Loan originated
1,865000.0,<20%,965000.0,981.0,1,Hispanic or Latino,White,Male,45-54,90.0,Loan originated
1,515000.0,49,835000.0,116.0,1,Not Hispanic or Latino,White,Male,25-34,62.0,Loan originated
1,925000.0,39,1535000.0,435.0,1,Not Hispanic or Latino,Asian,Male,35-44,60.0,Loan originated
1,655000.0,45,825000.0,189.0,1,Not Hispanic or Latino,White,Female,25-34,80.0,Loan originated
1,535000.0,44,665000.0,174.0,1,Not Hispanic or Latino,Asian,Female,35-44,79.99994,Loan originated
1,675000.0,44,1145000.0,166.0,1,Hispanic or Latino,White,Male,45-54,59.186,Loan originated
1,625000.0,40,925000.0,155.0,1,Not Hispanic or Latino,Asian,Male,25-34,67.707,Loan originated
1,545000.0,43,595000.0,150.0,1,Not Hispanic or Latino,White,Male,45-54,91.597,Loan originated
1,235000.0,49,265000.0,46.0,1,Hispanic or Latino,American Indian or Alaska Native,Male,25-34,88.381,Loan originated
1,505000.0,44,535000.0,172.0,1,Hispanic or Latino,White,Male,25-34,95.0,Loan originated
1,535000.0,<20%,685000.0,282.0,1,Not Hispanic or Latino,White,Male,25-34,77.941,Loan originated
1,925000.0,40,1025000.0,257.0,1,Not Hispanic or Latino,White,Male,35-44,90.0,Loan originated
1,995000.0,41,1235000.0,250.0,1,Not Hispanic or Latino,Asian,Male,25-34,80.0,Loan originated
1,315000.0,49,325000.0,81.0,1,Not Hispanic or Latino,White,Male,25-34,97.0,Loan originated
1,355000.0,49,395000.0,96.0,1,Hispanic or Latino,White,Male,25-34,92.16,Loan originated
1,705000.0,46,885000.0,154.0,1,Not Hispanic or Latino,White,Female,25-34,80.0,Loan originated
1,495000.0,43,505000.0,122.0,1,Hispanic or Latino,White,Female,25-34,97.0,Loan originated
1,685000.0,44,855000.0,210.0,1,Not Hispanic or Latino,White,Male,35-44,80.0,Loan originated
1,465000.0,40,665000.0,178.0,1,Hispanic or Latino,White,Male,25-34,80.0,Loan originated
1,315000.0,>60%,325000.0,42.0,1,Not Hispanic or Latino,Black or African American,Male,25-34,86.875,Application denied
1,685000.0,30%-<36%,755000.0,190.0,1,Not Hispanic or Latino,Asian,Male,35-44,89.99,Loan originated
1,195000.0,46,195000.0,49.0,1,Hispanic or Latino,White,Female,<25,97.0,Application denied
1,425000.0,49,535000.0,106.0,1,Hispanic or Latino,White,Male,35-44,80.0,Loan originated
1,745000.0,48,875000.0,175.0,1,Not Hispanic or Latino,White,Female,25-34,85.0,Loan originated
1,415000.0,37,465000.0,201.0,1,Not Hispanic or Latino,White,Female,>74,89.177,Loan originated
1,885000.0,50%-60%,985000.0,152.0,1,Not Hispanic or Latino,Asian,Male,25-34,90.0,Application denied
1,685000.0,38,865000.0,179.0,1,Not Hispanic or Latino,Asian,Male,45-54,80.0,Loan originated
1,745000.0,42,795000.0,188.0,1,Not Hispanic or Latino,Black or African American,Male,45-54,94.13,Loan originated
1,405000.0,30%-<36%,445000.0,120.0,1,Not Hispanic or Latino,White,Male,25-34,90.0,Loan originated
1,385000.0,47,565000.0,84.0,1,Hispanic or Latino,Asian,Female,55-64,69.0,Loan originated
1,155000.0,44,505000.0,70.0,1,Hispanic or Latino,White,Female,35-44,31.251,Loan originated
1,665000.0,<20%,825000.0,564.0,1,Not Hispanic or Latino,Asian,Male,65-74,80.0,Loan originated
1,445000.0,30%-<36%,565000.0,151.0,1,Not Hispanic or Latino,White,Female,55-64,80.0,Loan originated
1,455000.0,20%-<30%,795000.0,199.0,1,Not Hispanic or Latino,White,Female,35-44,57.305,Loan originated
1,375000.0,46,465000.0,193.0,1,Not Hispanic or Latino,White,Male,45-54,80.0,Loan originated
1,515000.0,50%-60%,535000.0,144.0,1,Hispanic or Latino,White,Female,25-34,100.4,Loan originated
1,445000.0,43,875000.0,186.0,1,Not Hispanic or Latino,White,Female,65-74,50.857,Loan originated
1,315000.0,48,345000.0,66.0,1,Not Hispanic or Latino,White,Female,65-74,92.647,Loan originated
1,245000.0,49,315000.0,47.0,1,Hispanic or Latino,White,Female,55-64,80.0,Loan originated
1,325000.0,43,405000.0,94.0,1,Not Hispanic or Latino,Asian,Male,35-44,80.0,Loan originated
1,455000.0,30%-<36%,705000.0,418.0,1,Not Hispanic or Latino,White,Female,35-44,65.0,Application denied
1,425000.0,43,535000.0,126.0,1,Not Hispanic or Latino,Black or African American,Male,35-44,80.0,Loan originated
1,495000.0,20%-<30%,525000.0,285.0,1,Hispanic or Latino,White,Female,55-64,95.0,Loan originated
1,805000.0,20%-<30%,945000.0,376.0,1,Not Hispanic or Latino,Asian,Female,25-34,85.0,Loan originated
1,275000.0,42,365000.0,70.0,1,Not Hispanic or Latino,White,Female,25-34,76.389,Loan originated
1,85000.0,49,835000.0,38.0,1,Not Hispanic or Latino,White,Female,65-74,10.18,Loan originated
1,535000.0,40,665000.0,143.0,1,Not Hispanic or Latino,White,Male,35-44,80.0,Loan originated
1,205000.0,20%-<30%,805000.0,123.0,1,Not Hispanic or Latino,Asian,Male,25-34,25.721,Loan originated
1,125000.0,39,955000.0,87.0,1,Not Hispanic or Latino,White,Female,55-64,12.64,Loan originated
1,655000.0,50%-60%,755000.0,116.0,1,Not Hispanic or Latino,White,Female,35-44,86.67,Application denied
1,1125000.0,45,1605000.0,259.0,1,Not Hispanic or Latino,Asian,Female,35-44,69.99,Loan originated
1,255000.0,45,275000.0,101.0,1,Not Hispanic or Latino,White,Male,55-64,90.0,Loan originated
1,415000.0,49,565000.0,77.0,1,Not Hispanic or Latino,Asian,Female,35-44,74.464,Loan originated
1,375000.0,49,905000.0,143.0,1,Not Hispanic or Latino,White,Female,25-34,41.528,Loan originated
1,585000.0,20%-<30%,735000.0,362.0,1,Not Hispanic or Latino,White,Female,35-44,80.0,Loan originated
1,375000.0,30%-<36%,1075000.0,313.0,1,Not Hispanic or Latino,Asian,Male,25-34,36.0,Loan originated
1,505000.0,43,525000.0,143.0,1,Not Hispanic or Latino,Black or African American,Female,45-54,97.0,Application denied
1,795000.0,49,965000.0,197.0,1,Hispanic or Latino,White,Female,55-64,82.0,Loan originated
1,355000.0,>60%,925000.0,92.0,1,Not Hispanic or Latino,Asian,Male,65-74,38.04,Application denied
1,115000.0,>60%,125000.0,60.0,1,Not Hispanic or Latino,White,Female,>74,91.27,Application denied
1,665000.0,41,835000.0,260.0,1,Not Hispanic or Latino,Asian,Male,45-54,80.0,Loan originated
1,255000.0,42,345000.0,91.0,1,Hispanic or Latino,White,Female,35-44,75.0,Application denied
1,315000.0,>60%,425000.0,62.0,1,Not Hispanic or Latino,Asian,Female,45-54,72.941,Application denied
1,405000.0,44,525000.0,104.0,1,Not Hispanic or Latino,Asian,Male,<25,76.93,Loan originated
1,275000.0,40,295000.0,72.0,1,Not Hispanic or Latino,White,Male,25-34,95.0,Loan originated
1,495000.0,42,615000.0,140.0,1,Hispanic or Latino,White,Female,45-54,80.0,Loan originated
1,575000.0,20%-<30%,595000.0,340.0,1,Not Hispanic or Latino,White,Male,25-34,97.0,Loan originated
1,365000.0,45,465000.0,172.0,1,Hispanic or Latino,White,Female,25-34,80.0,Loan originated
1,985000.0,40,1125000.0,284.0,1,Not Hispanic or Latino,White,Female,25-34,87.111,Loan originated
1,785000.0,47,815000.0,201.0,1,Hispanic or Latino,Asian,Female,25-34,97.0,Loan originated
1,1045000.0,43,1845000.0,328.0,1,Not Hispanic or Latino,Asian,Female,45-54,56.52,Loan originated
1,405000.0,40,515000.0,99.0,1,Not Hispanic or Latino,Asian,Female,25-34,78.431,Loan originated
1,395000.0,49,465000.0,81.0,1,Hispanic or Latino,White,Female,25-34,104.939,Loan originated
1,485000.0,46,565000.0,134.0,1,Hispanic or Latino,White,Female,25-34,87.0,Loan originated
1,795000.0,>60%,1795000.0,166.0,1,Not Hispanic or Latino,White,Female,55-64,44.26,Application denied
1,765000.0,46,925000.0,161.0,1,Hispanic or Latino,White,Male,35-44,82.87,Loan originated
1,95000.0,44,175000.0,43.0,1,Not Hispanic or Latino,White,Female,65-74,51.43,Loan originated
1,535000.0,38,885000.0,229.0,1,Not Hispanic or Latino,White,Female,35-44,59.887,Loan originated
1,295000.0,49,485000.0,74.0,1,Hispanic or Latino,White,Female,45-54,61.0,Loan originated
1,625000.0,48,695000.0,155.0,1,Not Hispanic or Latino,White,Female,35-44,93.98,Loan originated
1,585000.0,37,895000.0,190.0,1,Not Hispanic or Latino,Asian,Male,35-44,64.804,Loan originated
1,205000.0,42,835000.0,102.0,1,Not Hispanic or Latino,Asian,Male,65-74,23.83,Loan originated
1,555000.0,42,935000.0,164.0,1,Not Hispanic or Latino,White,Female,25-34,64.45,Loan originated
1,975000.0,44,1305000.0,225.0,1,Not Hispanic or Latino,Asian,Male,35-44,75.0,Loan originated
1,485000.0,38,605000.0,129.0,1,Not Hispanic or Latino,Asian,Female,25-34,80.0,Loan originated
1,615000.0,49,675000.0,154.0,1,Hispanic or Latino,Asian,Male,25-34,89.986,Loan originated
1,305000.0,47,525000.0,117.0,1,Not Hispanic or Latino,White,Male,35-44,57.692,Loan originated
1,485000.0,36,505000.0,122.0,1,Not Hispanic or Latino,Black or African American,Male,35-44,95.0,Loan originated
1,575000.0,20%-<30%,685000.0,290.0,1,Hispanic or Latino,White,Male,25-34,85.0,Loan originated
1,485000.0,48,605000.0,147.0,1,Not Hispanic or Latino,White,Female,35-44,80.0,Loan originated
1,155000.0,40,355000.0,70.0,1,Not Hispanic or Latino,Asian,Male,35-44,43.662,Application denied
1,605000.0,47,1505000.0,158.0,1,Hispanic or Latino,White,Male,55-64,40.0,Loan originated
1,285000.0,42,305000.0,63.0,1,Hispanic or Latino,White,Male,35-44,94.0,Loan originated
1,605000.0,30%-<36%,805000.0,179.0,1,Not Hispanic or Latino,Asian,Female,25-34,75.0,Loan originated
1,685000.0,43,865000.0,159.0,1,Not Hispanic or Latino,Asian,Female,25-34,80.0,Loan originated
1,125000.0,20%-<30%,145000.0,111.0,1,Hispanic or Latino,White,Female,55-64,86.88,Application denied
1,705000.0,38,885000.0,303.0,1,Not Hispanic or Latino,White,Female,<25,80.0,Loan originated
1,175000.0,20%-<30%,185000.0,88.0,1,Not Hispanic or Latino,Asian,Male,25-34,94.954,Loan originated
1,275000.0,45,675000.0,159.0,1,Not Hispanic or Latino,White,Female,55-64,40.741,Loan originated
1,305000.0,<20%,405000.0,255.0,1,Not Hispanic or Latino,Asian,Male,35-44,75.0,Loan originated
1,725000.0,45,1125000.0,382.0,1,Not Hispanic or Latino,Asian,Male,55-64,65.0,Loan originated
1,1075000.0,49,1795000.0,215.0,1,Not Hispanic or Latino,Asian,Female,25-34,59.777,Loan originated
1,145000.0,48,325000.0,36.0,1,Not Hispanic or Latino,Asian,Female,55-64,45.21,Loan originated
1,475000.0,48,625000.0,95.0,1,Not Hispanic or Latino,Asian,Female,25-34,95.0,Loan originated
1,505000.0,30%-<36%,1025000.0,172.0,1,Not Hispanic or Latino,Asian,Female,35-44,49.02,Loan originated
1,415000.0,37,435000.0,123.0,1,Hispanic or Latino,White,Male,35-44,95.0,Loan originated
1,485000.0,30%-<36%,615000.0,200.0,1,Not Hispanic or Latino,Asian,Male,45-54,97.0,Loan originated
1,755000.0,41,945000.0,187.0,1,Not Hispanic or Latino,Asian,Male,45-54,80.0,Loan originated
1,485000.0,30%-<36%,605000.0,169.0,1,Not Hispanic or Latino,Asian,Male,25-34,80.0,Loan originated
1,995000.0,36,1245000.0,270.0,1,Not Hispanic or Latino,Asian,Male,25-34,79.95,Loan originated
1,905000.0,49,1595000.0,220.0,1,Hispanic or Latino,White,Male,25-34,56.32,Loan originated
1,285000.0,49,425000.0,52.0,1,Not Hispanic or Latino,White,Male,25-34,67.442,Loan originated
1,475000.0,39,535000.0,131.0,1,Hispanic or Latino,White,Female,25-34,90.0,Loan originated
1,375000.0,48,545000.0,87.0,1,Hispanic or Latino,White,Female,45-54,70.0,Loan originated
1,805000.0,20%-<30%,1425000.0,543.0,1,Not Hispanic or Latino,White,Male,45-54,56.14,Loan originated
1,365000.0,30%-<36%,405000.0,148.0,1,Not Hispanic or Latino,White,Female,45-54,89.877,Loan originated
1,855000.0,44,1145000.0,206.0,1,Not Hispanic or Latino,Asian,Male,25-34,74.99,Loan originated
1,135000.0,30%-<36%,385000.0,120.0,1,Hispanic or Latino,White,Male,35-44,34.21,Loan originated
1,465000.0,40,475000.0,146.0,1,Hispanic or Latino,White,Female,25-34,97.0,Loan originated
1,315000.0,48,375000.0,66.0,1,Not Hispanic or Latino,White,Male,35-44,85.0,Loan originated
1,585000.0,49,835000.0,177.0,1,Not Hispanic or Latino,White,Male,35-44,69.87,Loan originated
1,175000.0,20%-<30%,745000.0,111.0,1,Not Hispanic or Latino,White,Female,25-34,23.87,Loan originated
1,515000.0,37,645000.0,176.0,1,Not Hispanic or Latino,White,Female,35-44,80.0,Loan originated
1,1005000.0,45,1595000.0,237.0,1,Not Hispanic or Latino,White,Male,55-64,63.088,Loan originated
1,605000.0,30%-<36%,715000.0,231.0,1,Hispanic or Latino,White,Male,25-34,85.0,Loan originated
1,1055000.0,40,1955000.0,321.0,1,Not Hispanic or Latino,Asian,Male,55-64,53.85,Loan originated
1,695000.0,42,925000.0,180.0,1,Not Hispanic or Latino,White,Male,45-54,75.0,Loan originated
1,335000.0,49,755000.0,73.0,1,Not Hispanic or Latino,White,Male,55-64,43.825,Loan originated
1,535000.0,39,675000.0,198.0,1,Not Hispanic or Latino,Asian,Male,55-64,80.0,Application denied
1,625000.0,42,665000.0,169.0,1,Hispanic or Latino,White,Female,45-54,95.0,Loan originated
1,515000.0,37,545000.0,155.0,1,Not Hispanic or Latino,White,Male,35-44,95.0,Loan originated
1,555000.0,20%-<30%,1005000.0,188.0,1,Not Hispanic or Latino,Asian,Female,25-34,55.0,Loan originated
1,525000.0,49,555000.0,205.0,1,Not Hispanic or Latino,Asian,Female,45-54,95.0,Loan originated
1,645000.0,47,805000.0,130.0,1,Hispanic or Latino,White,Male,25-34,80.0,Loan originated
1,525000.0,38,655000.0,182.0,1,Hispanic or Latino,White,Male,45-54,80.0,Loan originated
1,765000.0,30%-<36%,2155000.0,221.0,1,Not Hispanic or Latino,Asian,Female,45-54,36.0,Loan originated
1,495000.0,<20%,625000.0,504.0,1,Hispanic or Latino,White,Female,45-54,80.0,Application denied
1,295000.0,49,325000.0,56.0,1,Hispanic or Latino,White,Male,25-34,90.0,Loan originated
1,685000.0,43,755000.0,221.0,1,Hispanic or Latino,White,Female,25-34,90.909,Loan originated
1,605000.0,46,675000.0,188.0,1,Not Hispanic or Latino,Asian,Female,45-54,90.0,Loan originated
1,705000.0,30%-<36%,885000.0,208.0,1,Not Hispanic or Latino,Asian,Male,35-44,80.0,Loan originated
1,415000.0,42,1165000.0,118.0,1,Hispanic or Latino,Asian,Female,25-34,35.34,Loan originated
1,665000.0,49,695000.0,307.0,1,Hispanic or Latino,White,Male,35-44,95.0,Loan originated
1,665000.0,49,735000.0,137.0,1,Hispanic or Latino,White,Male,35-44,90.0,Loan originated
1,345000.0,49,445000.0,64.0,1,Hispanic or Latino,White,Female,35-44,77.0,Loan originated
1,605000.0,<20%,1145000.0,1025.0,1,Not Hispanic or Latino,White,Male,65-74,52.63,Loan originated
1,105000.0,50%-60%,875000.0,33.0,1,Not Hispanic or Latino,Asian,Male,55-64,11.494,Application denied
1,525000.0,36,575000.0,132.0,1,Not Hispanic or Latino,Asian,Female,25-34,89.99,Loan originated
1,515000.0,42,1205000.0,192.0,1,Not Hispanic or Latino,White,Female,55-64,42.58,Loan originated
1,715000.0,39,945000.0,175.0,1,Not Hispanic or Latino,Asian,Male,25-34,75.0,Loan originated
1,605000.0,37,755000.0,186.0,1,Not Hispanic or Latino,Asian,Female,25-34,80.0,Loan originated
1,705000.0,41,1275000.0,199.0,1,Not Hispanic or Latino,Asian,Female,35-44,55.0,Loan originated
1,435000.0,40,545000.0,181.0,1,Not Hispanic or Latino,White,Male,25-34,80.0,Loan originated
1,435000.0,50%-60%,615000.0,91.0,1,Hispanic or Latino,White,Female,35-44,70.0,Loan originated
1,485000.0,49,1035000.0,215.0,1,Not Hispanic or Latino,Asian,Male,25-34,46.685,Loan originated
1,615000.0,37,655000.0,187.0,1,Not Hispanic or Latino,Black or African American,Female,55-64,95.0,Loan originated
1,295000.0,48,365000.0,63.0,1,Hispanic or Latino,White,Female,55-64,80.0,Loan originated
1,325000.0,41,465000.0,78.0,1,Not Hispanic or Latino,Asian,Male,45-54,69.862,Loan originated
1,505000.0,38,785000.0,153.0,1,Not Hispanic or Latino,Asian,Female,45-54,63.91,Loan originated
1,1135000.0,37,1625000.0,500.0,1,Hispanic or Latino,White,Male,35-44,89.99,Loan originated
1,355000.0,49,365000.0,74.0,1,Not Hispanic or Latino,White,Male,55-64,97.0,Loan originated
1,425000.0,30%-<36%,635000.0,116.0,1,Not Hispanic or Latino,White,Male,35-44,66.248,Loan originated
1,405000.0,39,905000.0,158.0,1,Not Hispanic or Latino,White,Male,35-44,44.934,Loan originated
1,505000.0,49,605000.0,110.0,1,Not Hispanic or Latino,White,Female,65-74,83.564,Loan originated
1,565000.0,45,605000.0,135.0,1,Not Hispanic or Latino,Asian,Female,25-34,93.555,Loan originated
1,465000.0,38,665000.0,290.0,1,Not Hispanic or Latino,Asian,Female,35-44,70.0,Loan originated
1,995000.0,41,1655000.0,257.0,1,Hispanic or Latino,Asian,Male,35-44,60.0,Loan originated
1,415000.0,46,525000.0,98.0,1,Hispanic or Latino,White,Female,25-34,80.0,Loan originated
1,235000.0,36,455000.0,84.0,1,Not Hispanic or Latino,White,Female,>74,51.11,Loan originated
1,275000.0,46,295000.0,95.0,1,Not Hispanic or Latino,White,Female,45-54,90.65,Application denied
1,385000.0,40,1235000.0,160.0,1,Not Hispanic or Latino,White,Male,35-44,30.894,Loan originated
1,515000.0,20%-<30%,585000.0,161.0,1,Not Hispanic or Latino,White,Male,25-34,88.448,Loan originated
1,515000.0,40,645000.0,167.0,1,Not Hispanic or Latino,Asian,Male,35-44,80.0,Loan originated
1,225000.0,<20%,455000.0,1522.0,1,Not Hispanic or Latino,Asian,Female,45-54,49.451,Loan originated
1,185000.0,20%-<30%,285000.0,153.0,1,Hispanic or Latino,White,Male,25-34,66.926,Loan originated
1,455000.0,>60%,505000.0,75.0,1,Hispanic or Latino,White,Male,35-44,90.0,Application denied
1,565000.0,46,715000.0,260.0,1,Not Hispanic or Latino,Asian,Female,45-54,80.0,Loan originated
1,485000.0,45,505000.0,114.0,1,Hispanic or Latino,White,Male,<25,95.0,Loan originated
1,525000.0,41,545000.0,193.0,1,Not Hispanic or Latino,White,Male,45-54,97.0,Loan originated
1,25000.0,39,615000.0,164.0,1,Hispanic or Latino,White,Male,35-44,100.0,Loan originated
1,645000.0,20%-<30%,865000.0,360.0,1,Not Hispanic or Latino,White,Female,35-44,75.0,Loan originated
1,55000.0,30%-<36%,65000.0,62.0,1,Not Hispanic or Latino,Black or African American,Female,45-54,95.0,Loan originated
1,305000.0,30%-<36%,605000.0,207.0,1,Not Hispanic or Latino,Asian,Male,55-64,50.0,Loan originated
1,455000.0,41,505000.0,163.0,1,Not Hispanic or Latino,Asian,Female,45-54,88.999,Loan originated
1,275000.0,44,925000.0,96.0,1,Not Hispanic or Latino,White,Female,45-54,29.67,Loan originated
1,305000.0,48,605000.0,104.0,1,Not Hispanic or Latino,White,Male,25-34,49.79,Loan originated
1,475000.0,39,505000.0,146.0,1,Not Hispanic or Latino,White,Female,25-34,97.106,Loan originated
1,865000.0,30%-<36%,1085000.0,328.0,1,Not Hispanic or Latino,Asian,Male,35-44,80.0,Loan originated
1,805000.0,42,905000.0,249.0,1,Not Hispanic or Latino,Asian,Male,35-44,89.222,Loan originated
1,575000.0,49,645000.0,141.0,1,Not Hispanic or Latino,White,Female,25-34,90.0,Loan originated
1,1005000.0,44,1465000.0,350.0,1,Not Hispanic or Latino,Asian,Male,35-44,68.253,Loan originated
1,225000.0,49,655000.0,55.0,1,Not Hispanic or Latino,White,Female,65-74,34.351,Loan originated
1,925000.0,44,1165000.0,343.0,1,Not Hispanic or Latino,White,Male,25-34,80.0,Loan originated
1,355000.0,48,765000.0,9.0,1,Not Hispanic or Latino,Asian,Male,25-34,45.93,Loan originated
1,1065000.0,38,1335000.0,295.0,1,Not Hispanic or Latino,White,Male,45-54,80.0,Loan originated
1,325000.0,49,845000.0,180.0,1,Not Hispanic or Latino,White,Female,55-64,38.417,Loan originated
1,955000.0,49,1895000.0,325.0,1,Not Hispanic or Latino,White,Female,45-54,50.13,Loan originated
1,765000.0,30%-<36%,1105000.0,600.0,1,Not Hispanic or Latino,White,Male,55-64,70.0,Loan originated
1,325000.0,50%-60%,455000.0,213.0,1,Not Hispanic or Latino,Asian,Male,45-54,70.65,Loan originated
1,565000.0,49,755000.0,114.0,1,Hispanic or Latino,White,Male,<25,75.333,Loan originated
1,235000.0,30%-<36%,295000.0,115.0,1,Hispanic or Latino,White,Male,25-34,80.0,Loan originated
1,1015000.0,42,1285000.0,261.0,1,Not Hispanic or Latino,Asian,Male,35-44,80.0,Loan originated
1,605000.0,20%-<30%,755000.0,228.0,1,Not Hispanic or Latino,Asian,Male,45-54,80.0,Loan originated
1,1055000.0,37,1355000.0,314.0,1,Hispanic or Latino,White,Female,25-34,77.86,Loan originated
1,975000.0,30%-<36%,1305000.0,319.0,1,Not Hispanic or Latino,White,Male,45-54,75.0,Loan originated
1,355000.0,40,365000.0,84.0,1,Not Hispanic or Latino,Black or African American,Female,35-44,97.0,Loan originated
1,365000.0,20%-<30%,665000.0,205.0,1,Not Hispanic or Latino,Asian,Female,35-44,54.887,Loan originated
1,765000.0,45,845000.0,188.0,1,Not Hispanic or Latino,White,Male,45-54,90.0,Loan originated
1,415000.0,43,435000.0,147.0,1,Hispanic or Latino,White,Male,55-64,95.0,Loan originated
1,355000.0,36,545000.0,117.0,1,Not Hispanic or Latino,Asian,Female,<25,65.133,Loan originated
1,745000.0,20%-<30%,835000.0,312.0,1,Not Hispanic or Latino,Asian,Male,35-44,89.88,Loan originated
1,565000.0,47,625000.0,120.0,1,Hispanic or Latino,White,Female,25-34,94.774,Loan originated
1,425000.0,37,845000.0,188.0,1,Not Hispanic or Latino,Asian,Male,25-34,50.0,Loan originated
1,265000.0,43,535000.0,86.0,1,Not Hispanic or Latino,White,Female,55-64,50.0,Loan originated
1,565000.0,49,755000.0,136.0,1,Not Hispanic or Latino,White,Male,<25,75.0,Loan originated
1,265000.0,38,485000.0,72.0,1,Hispanic or Latino,White,Male,65-74,55.0,Loan originated
1,465000.0,50%-60%,615000.0,82.0,1,Hispanic or Latino,White,Female,25-34,95.285,Application denied
1,765000.0,38,905000.0,210.0,1,Not Hispanic or Latino,Asian,Male,55-64,85.0,Loan originated
1,1075000.0,44,2025000.0,226.0,1,Not Hispanic or Latino,Asian,Male,25-34,52.97,Loan originated
1,195000.0,45,225000.0,43.0,1,Hispanic or Latino,White,Female,45-54,89.0,Application denied
1,405000.0,40,515000.0,221.0,1,Not Hispanic or Latino,Asian,Male,35-44,80.0,Loan originated
1,605000.0,43,755000.0,293.0,1,Not Hispanic or Latino,Asian,Male,35-44,80.0,Loan originated
1,255000.0,48,345000.0,61.0,1,Not Hispanic or Latino,White,Male,45-54,75.0,Loan originated
1,605000.0,40,755000.0,166.0,1,Not Hispanic or Latino,White,Male,25-34,80.0,Loan originated
1,315000.0,<20%,515000.0,490.0,1,Not Hispanic or Latino,White,Female,35-44,60.876,Loan originated
1,405000.0,40,425000.0,112.0,1,Hispanic or Latino,White,Male,35-44,95.0,Loan originated
1,505000.0,30%-<36%,805000.0,166.0,1,Not Hispanic or Latino,White,Female,45-54,62.5,Loan originated
1,465000.0,48,1225000.0,156.0,1,Not Hispanic or Latino,Black or African American,Female,65-74,38.192,Loan originated
1,305000.0,45,385000.0,92.0,1,Not Hispanic or Latino,White,Female,65-74,80.0,Loan originated
1,805000.0,49,1015000.0,177.0,1,Not Hispanic or Latino,White,Male,65-74,80.0,Application denied
1,1005000.0,40,1565000.0,426.0,1,Not Hispanic or Latino,Asian,Male,35-44,64.103,Loan originated
1,935000.0,20%-<30%,1555000.0,409.0,1,Not Hispanic or Latino,White,Male,45-54,60.0,Loan originated
1,355000.0,20%-<30%,535000.0,141.0,1,Not Hispanic or Latino,Black or African American,Male,25-34,66.03,Loan originated
1,225000.0,30%-<36%,825000.0,99.0,1,Not Hispanic or Latino,White,Male,35-44,27.273,Loan originated
1,395000.0,30%-<36%,695000.0,164.0,1,Not Hispanic or Latino,Asian,Female,35-44,56.61,Loan originated
1,525000.0,49,565000.0,98.0,1,Not Hispanic or Latino,White,Male,55-64,95.0,Loan originated
1,585000.0,20%-<30%,605000.0,238.0,1,Hispanic or Latino,White,Male,25-34,97.0,Loan originated
1,405000.0,49,445000.0,75.0,1,Hispanic or Latino,American Indian or Alaska Native,Male,35-44,93.09,Loan originated
1,755000.0,49,985000.0,148.0,1,Not Hispanic or Latino,Asian,Male,25-34,77.0,Loan originated
1,605000.0,48,755000.0,154.0,1,Not Hispanic or Latino,Black or African American,Female,45-54,80.0,Loan originated
1,385000.0,30%-<36%,425000.0,123.0,1,Not Hispanic or Latino,White,Male,25-34,90.0,Loan originated
1,275000.0,36,295000.0,113.0,1,Not Hispanic or Latino,White,Female,25-34,100.0,Loan originated
1,925000.0,<20%,1855000.0,647.0,1,Not Hispanic or Latino,White,Male,45-54,50.0,Loan originated
1,555000.0,46,745000.0,260.0,1,Not Hispanic or Latino,White,Male,35-44,75.0,Loan originated
1,435000.0,45,455000.0,102.0,1,Hispanic or Latino,White,Male,25-34,100.0,Loan originated
1,705000.0,30%-<36%,1005000.0,209.0,1,Not Hispanic or Latino,White,Male,35-44,70.0,Loan originated
1,675000.0,40,845000.0,198.0,1,Not Hispanic or Latino,Asian,Male,25-34,80.0,Loan originated
1,435000.0,39,585000.0,121.0,1,Not Hispanic or Latino,Asian,Female,25-34,74.359,Loan originated
1,475000.0,20%-<30%,855000.0,232.0,1,Not Hispanic or Latino,Asian,Male,25-34,55.294,Loan originated
1,455000.0,50%-60%,1855000.0,136.0,1,Not Hispanic or Latino,Asian,Male,55-64,24.32,Loan originated
1,265000.0,20%-<30%,615000.0,131.0,1,Not Hispanic or Latino,White,Male,65-74,42.757,Loan originated
1,345000.0,49,365000.0,69.0,1,Hispanic or Latino,White,Female,25-34,97.0,Loan originated
1,365000.0,20%-<30%,625000.0,172.0,1,Not Hispanic or Latino,Black or African American,Male,45-54,59.118,Loan originated
1,345000.0,41,395000.0,78.0,1,Hispanic or Latino,White,Female,35-44,87.179,Loan originated
1,625000.0,49,735000.0,175.0,1,Hispanic or Latino,White,Male,25-34,85.0,Loan originated
1,265000.0,44,625000.0,72.0,1,Not Hispanic or Latino,White,Female,25-34,42.167,Loan originated
1,765000.0,49,905000.0,248.0,1,Not Hispanic or Latino,White,Female,25-34,85.0,Loan originated
1,495000.0,49,555000.0,93.0,1,Hispanic or Latino,White,Female,35-44,90.0,Loan originated
1,635000.0,36,975000.0,205.0,1,Not Hispanic or Latino,White,Female,25-34,65.0,Loan originated
1,435000.0,30%-<36%,865000.0,263.0,1,Not Hispanic or Latino,White,Male,65-74,50.0,Loan originated
1,425000.0,<20%,505000.0,299.0,1,Not Hispanic or Latino,White,Female,35-44,85.0,Loan originated
1,355000.0,30%-<36%,445000.0,125.0,1,Not Hispanic or Latino,White,Female,35-44,80.0,Loan originated
1,985000.0,50%-60%,995000.0,231.0,1,Not Hispanic or Latino,Asian,Male,35-44,99.798,Application denied
1,1005000.0,47,1655000.0,465.0,1,Not Hispanic or Latino,Asian,Male,55-64,60.61,Loan originated
1,575000.0,49,905000.0,16.0,1,Not Hispanic or Latino,Asian,Male,65-74,67.06,Loan originated
1,325000.0,49,375000.0,72.0,1,Not Hispanic or Latino,White,Female,25-34,84.32,Loan originated
1,915000.0,46,1315000.0,243.0,1,Not Hispanic or Latino,Asian,Female,35-44,69.044,Loan originated
1,635000.0,50%-60%,825000.0,189.0,1,Not Hispanic or Latino,White,Male,65-74,77.439,Application denied
1,185000.0,>60%,185000.0,56.0,1,Hispanic or Latino,White,Male,25-34,95.0,Application denied
1,485000.0,40,875000.0,219.0,1,Not Hispanic or Latino,White,Male,55-64,57.0,Loan originated
1,525000.0,46,655000.0,118.0,1,Hispanic or Latino,White,Female,25-34,80.0,Loan originated
1,765000.0,46,855000.0,163.0,1,Hispanic or Latino,Black or African American,Male,35-44,90.0,Loan originated
1,855000.0,30%-<36%,1215000.0,240.0,1,Not Hispanic or Latino,Asian,Female,55-64,70.0,Loan originated
1,335000.0,39,635000.0,139.0,1,Not Hispanic or Latino,Black or African American,Female,45-54,52.85,Loan originated
1,355000.0,47,425000.0,75.0,1,Hispanic or Latino,White,Male,35-44,85.0,Loan originated
1,465000.0,43,475000.0,145.0,1,Not Hispanic or Latino,White,Male,25-34,100.0,Loan originated
1,305000.0,20%-<30%,375000.0,315.0,1,Not Hispanic or Latino,Asian,Male,55-64,80.0,Loan originated
1,755000.0,47,1085000.0,149.0,1,Not Hispanic or Latino,Asian,Male,25-34,69.91,Loan originated
1,255000.0,43,855000.0,74.0,1,Not Hispanic or Latino,White,Female,55-64,29.412,Loan originated
1,1105000.0,42,1475000.0,251.0,1,Not Hispanic or Latino,Asian,Female,45-54,75.0,Loan originated
1,1145000.0,49,2325000.0,288.0,1,Not Hispanic or Latino,White,Female,55-64,49.13,Loan originated
1,635000.0,37,665000.0,184.0,1,Not Hispanic or Latino,Asian,Male,35-44,95.0,Loan originated
1,255000.0,43,555000.0,77.0,1,Not Hispanic or Latino,White,Female,65-74,45.045045045,Loan originated
1,65000.0,45,145000.0,56.0,1,Hispanic or Latino,White,Female,55-64,46.309,Loan originated
1,445000.0,20%-<30%,465000.0,202.0,1,Not Hispanic or Latino,White,Male,25-34,95.0,Loan originated
1,745000.0,49,1065000.0,297.0,1,Not Hispanic or Latino,Asian,Female,25-34,69.81,Loan originated
1,555000.0,47,585000.0,147.0,1,Not Hispanic or Latino,Asian,Female,25-34,95.0,Application denied
1,945000.0,37,1455000.0,361.0,1,Not Hispanic or Latino,Asian,Male,45-54,65.145,Loan originated
1,355000.0,39,765000.0,137.0,1,Hispanic or Latino,White,Male,35-44,45.997,Loan originated
1,415000.0,39,595000.0,111.0,1,Not Hispanic or Latino,White,Female,35-44,70.0,Loan originated
1,635000.0,44,655000.0,166.0,1,Not Hispanic or Latino,Asian,Male,45-54,97.0,Loan originated
1,495000.0,50%-60%,1125000.0,118.0,1,Not Hispanic or Latino,Asian,Male,35-44,45.0,Loan originated
1,1135000.0,38,1425000.0,314.0,1,Not Hispanic or Latino,Asian,Male,45-54,80.0,Loan originated
1,305000.0,41,325000.0,110.0,1,Not Hispanic or Latino,Asian,Female,35-44,95.0,Loan originated
1,675000.0,42,705000.0,255.0,1,Not Hispanic or Latino,Native Hawaiian or Other Pacific Islander,Male,55-64,101.286,Application denied
1,965000.0,42,1215000.0,518.0,1,Not Hispanic or Latino,Asian,Male,45-54,80.0,Loan originated
1,725000.0,30%-<36%,1035000.0,250.0,1,Not Hispanic or Latino,White,Male,55-64,70.0,Loan originated
1,365000.0,44,405000.0,89.0,1,Hispanic or Latino,White,Female,25-34,90.0,Application denied
1,1005000.0,30%-<36%,1385000.0,280.0,1,Not Hispanic or Latino,Asian,Male,35-44,72.46,Loan originated
1,525000.0,45,695000.0,114.0,1,Not Hispanic or Latino,Asian,Male,35-44,74.96,Loan originated
1,135000.0,36,145000.0,73.0,1,Not Hispanic or Latino,White,Female,25-34,97.0,Loan originated
1,405000.0,43,725000.0,95.0,1,Not Hispanic or Latino,White,Male,25-34,54.947,Loan originated
1,355000.0,43,505000.0,95.0,1,Not Hispanic or Latino,Asian,Male,<25,70.0,Loan originated
1,495000.0,45,555000.0,127.0,1,Hispanic or Latino,White,Female,45-54,90.0,Loan originated
1,565000.0,44,755000.0,109.0,1,Not Hispanic or Latino,Black or African American,Male,25-34,95.0,Loan originated
1,225000.0,20%-<30%,255000.0,110.0,1,Not Hispanic or Latino,White,Female,55-64,90.0,Loan originated
1,325000.0,41,405000.0,92.0,1,Not Hispanic or Latino,Asian,Male,25-34,80.0,Loan originated
1,675000.0,43,745000.0,154.0,1,Not Hispanic or Latino,White,Female,35-44,90.0,Loan originated
1,365000.0,30%-<36%,485000.0,660.0,1,Not Hispanic or Latino,Asian,Male,55-64,75.258,Loan originated
1,555000.0,36,695000.0,200.0,1,Not Hispanic or Latino,White,Male,35-44,80.0,Application denied
1,265000.0,41,305000.0,64.0,1,Hispanic or Latino,White,Female,55-64,86.885,Loan originated
1,135000.0,42,585000.0,48.0,1,Not Hispanic or Latino,White,Female,65-74,22.75,Loan originated
1,155000.0,30%-<36%,365000.0,57.0,1,Hispanic or Latino,White,Female,55-64,41.667,Loan originated
1,205000.0,44,725000.0,134.0,1,Not Hispanic or Latino,White,Male,65-74,27.401,Loan originated
1,235000.0,30%-<36%,935000.0,101.0,1,Not Hispanic or Latino,White,Male,65-74,24.731,Loan originated
1,205000.0,30%-<36%,435000.0,89.0,1,Not Hispanic or Latino,Asian,Female,45-54,45.924,Loan originated
1,505000.0,41,625000.0,129.0,1,Not Hispanic or Latino,Asian,Female,25-34,80.0,Loan originated
1,595000.0,30%-<36%,625000.0,179.0,1,Not Hispanic or Latino,White,Male,35-44,95.0,Loan originated
1,595000.0,<20%,665000.0,616.0,1,Hispanic or Latino,White,Male,35-44,90.0,Loan originated
1,345000.0,20%-<30%,685000.0,187.0,1,Not Hispanic or Latino,White,Male,45-54,50.37,Loan originated
1,535000.0,40,675000.0,161.0,1,Not Hispanic or Latino,Asian,Male,25-34,80.0,Loan originated
1,405000.0,46,535000.0,101.0,1,Hispanic or Latino,White,Female,25-34,75.0,Loan originated
1,495000.0,50%-60%,495000.0,107.0,1,Hispanic or Latino,White,Female,25-34,101.75,Loan originated
1,325000.0,36,405000.0,106.0,1,Hispanic or Latino,White,Male,45-54,80.0,Loan originated
1,905000.0,43,2275000.0,213.0,1,Not Hispanic or Latino,White,Male,35-44,39.56,Loan originated
1,75000.0,43,85000.0,50.0,1,Not Hispanic or Latino,White,Male,65-74,79.2,Loan originated
1,185000.0,50%-60%,235000.0,52.0,1,Hispanic or Latino,White,Male,55-64,80.0,Application denied
1,555000.0,37,1725000.0,188.0,1,Not Hispanic or Latino,White,Male,35-44,32.17,Loan originated
1,635000.0,43,755000.0,180.0,1,Hispanic or Latino,White,Male,45-54,84.5,Loan originated
1,1115000.0,40,1245000.0,309.0,1,Not Hispanic or Latino,White,Male,35-44,89.775,Loan originated
1,885000.0,46,1105000.0,166.0,1,Not Hispanic or Latino,White,Female,65-74,80.0,Loan originated
1,825000.0,48,1035000.0,198.0,1,Not Hispanic or Latino,Asian,Male,35-44,80.0,Loan originated
1,585000.0,48,615000.0,243.0,1,Not Hispanic or Latino,White,Female,25-34,95.0,Loan originated
1,475000.0,42,595000.0,122.0,1,Not Hispanic or Latino,White,Female,35-44,79.16,Loan originated
1,765000.0,43,1485000.0,298.0,1,Not Hispanic or Latino,White,Male,35-44,52.0,Loan originated
1,575000.0,30%-<36%,725000.0,182.0,1,Not Hispanic or Latino,White,Male,65-74,79.991,Loan originated
1,695000.0,49,725000.0,224.0,1,Hispanic or Latino,White,Male,35-44,95.0,Loan originated
1,205000.0,40,395000.0,57.0,1,Not Hispanic or Latino,White,Female,>74,51.125,Loan originated
1,665000.0,49,785000.0,142.0,1,Hispanic or Latino,White,Female,35-44,85.0,Loan originated
1,415000.0,30%-<36%,525000.0,130.0,1,Hispanic or Latino,White,Male,25-34,80.0,Loan originated
1,675000.0,49,815000.0,131.0,1,Hispanic or Latino,White,Male,35-44,83.33,Loan originated
1,455000.0,46,505000.0,130.0,1,Not Hispanic or Latino,White,Female,35-44,90.0,Loan originated
1,895000.0,48,1375000.0,290.0,1,Not Hispanic or Latino,Asian,Female,45-54,65.0,Loan originated
1,765000.0,38,855000.0,181.0,1,Not Hispanic or Latino,Asian,Male,35-44,89.9,Loan originated
1,485000.0,48,605000.0,120.0,1,Not Hispanic or Latino,Asian,Male,35-44,80.0,Loan originated
1,325000.0,47,365000.0,111.0,1,Hispanic or Latino,White,Male,25-34,90.0,Loan originated
1,255000.0,42,995000.0,96.0,1,Not Hispanic or Latino,Asian,Female,35-44,26.0,Loan originated
1,325000.0,20%-<30%,405000.0,287.0,1,Not Hispanic or Latino,Asian,Female,25-34,80.0,Loan originated
1,515000.0,45,535000.0,139.0,1,Not Hispanic or Latino,Asian,Male,35-44,95.0,Loan originated
1,355000.0,30%-<36%,935000.0,134.0,1,Not Hispanic or Latino,Asian,Female,25-34,37.43,Loan originated
1,685000.0,<20%,815000.0,860.0,1,Hispanic or Latino,White,Male,45-54,85.0,Loan originated
1,275000.0,37,455000.0,101.0,1,Not Hispanic or Latino,White,Female,55-64,60.0,Application denied
1,1045000.0,30%-<36%,1305000.0,285.0,1,Not Hispanic or Latino,Asian,Female,25-34,80.0,Loan originated
1,305000.0,49,365000.0,89.0,1,Hispanic or Latino,White,Male,25-34,90.0,Loan originated
1,365000.0,47,725000.0,157.0,1,Not Hispanic or Latino,White,Male,45-54,50.0,Loan originated
1,555000.0,43,955000.0,125.0,1,Hispanic or Latino,White,Male,25-34,57.895,Loan originated
1,695000.0,36,875000.0,273.0,1,Not Hispanic or Latino,Asian,Male,45-54,80.0,Loan originated
1,545000.0,46,685000.0,137.0,1,Not Hispanic or Latino,White,Male,25-34,80.0,Loan originated
1,1075000.0,36,1275000.0,280.0,1,Not Hispanic or Latino,White,Male,35-44,85.0,Loan originated
1,525000.0,42,655000.0,130.0,1,Hispanic or Latino,White,Female,35-44,100.0,Loan originated
1,675000.0,30%-<36%,755000.0,295.0,1,Not Hispanic or Latino,White,Male,25-34,89.39,Loan originated
1,235000.0,>60%,255000.0,69.0,1,Hispanic or Latino,White,Female,35-44,92.19,Application denied
1,435000.0,40,455000.0,112.0,1,Not Hispanic or Latino,White,Female,25-34,95.0,Loan originated
1,315000.0,20%-<30%,585000.0,156.0,1,Not Hispanic or Latino,White,Male,45-54,53.151,Loan originated
1,325000.0,20%-<30%,405000.0,154.0,1,Not Hispanic or Latino,White,Female,35-44,80.0,Loan originated
1,105000.0,48,475000.0,95.0,1,Not Hispanic or Latino,White,Female,65-74,21.05,Loan originated
1,705000.0,48,1045000.0,144.0,1,Not Hispanic or Latino,American Indian or Alaska Native,Female,65-74,66.99,Loan originated
1,385000.0,30%-<36%,425000.0,271.0,1,Not Hispanic or Latino,White,Female,35-44,90.48,Loan originated
1,15000.0,47,465000.0,103.0,1,Hispanic or Latino,White,Male,35-44,98.5,Loan originated
1,905000.0,48,955000.0,243.0,1,Not Hispanic or Latino,Asian,Female,35-44,95.0,Loan originated
1,145000.0,44,155000.0,63.0,1,Not Hispanic or Latino,White,Female,55-64,95.0,Application denied
1,905000.0,41,1005000.0,269.0,1,Not Hispanic or Latino,White,Female,55-64,90.0,Loan originated
1,725000.0,>60%,1105000.0,158.0,1,Not Hispanic or Latino,Black or African American,Male,45-54,65.91,Application denied
1,755000.0,43,835000.0,201.0,1,Not Hispanic or Latino,White,Female,45-54,90.0,Loan originated
1,1145000.0,44,1435000.0,296.0,1,Not Hispanic or Latino,Asian,Male,35-44,80.0,Loan originated
1,455000.0,39,575000.0,150.0,1,Not Hispanic or Latino,White,Female,35-44,80.0,Loan originated
1,615000.0,42,1115000.0,147.0,1,Not Hispanic or Latino,White,Male,35-44,55.336,Loan originated
1,85000.0,30%-<36%,135000.0,72.0,1,Not Hispanic or Latino,White,Male,55-64,63.68,Loan originated
1,1085000.0,41,1355000.0,319.0,1,Not Hispanic or Latino,Asian,Male,35-44,80.0,Loan originated
1,755000.0,36,1055000.0,412.0,1,Not Hispanic or Latino,White,Male,25-34,72.0,Loan originated
1,515000.0,47,685000.0,116.0,1,Not Hispanic or Latino,Black or African American,Female,55-64,75.0,Loan originated
1,425000.0,30%-<36%,525000.0,189.0,1,Hispanic or Latino,White,Male,55-64,80.0,Loan originated
1,1005000.0,46,1255000.0,274.0,1,Not Hispanic or Latino,Asian,Male,25-34,79.936,Loan originated
1,285000.0,43,485000.0,74.0,1,Not Hispanic or Latino,Asian,Male,<25,59.0,Loan originated
1,625000.0,48,655000.0,173.0,1,Hispanic or Latino,White,Male,45-54,95.0,Loan originated
1,485000.0,48,605000.0,111.0,1,Not Hispanic or Latino,White,Female,55-64,80.0,Loan originated
1,575000.0,<20%,765000.0,315.0,1,Not Hispanic or Latino,White,Male,25-34,75.0,Application denied
1,835000.0,20%-<30%,1045000.0,454.0,1,Not Hispanic or Latino,White,Male,45-54,80.0,Loan originated
1,345000.0,44,385000.0,99.0,1,Hispanic or Latino,White,Male,25-34,90.0,Loan originated
1,575000.0,30%-<36%,1175000.0,172.0,1,Not Hispanic or Latino,White,Female,55-64,48.94,Loan originated
1,115000.0,20%-<30%,715000.0,84.0,1,Not Hispanic or Latino,Asian,Male,25-34,15.6,Loan originated
1,1005000.0,50%-60%,1005000.0,377.0,1,Not Hispanic or Latino,Black or African American,Male,35-44,100.0,Application denied
1,475000.0,20%-<30%,595000.0,141.0,1,Not Hispanic or Latino,White,Female,45-54,80.0,Loan originated
1,585000.0,37,725000.0,156.0,1,Not Hispanic or Latino,Asian,Female,35-44,80.0,Loan originated
1,895000.0,42,965000.0,221.0,1,Not Hispanic or Latino,White,Male,35-44,93.0,Loan originated
1,345000.0,49,845000.0,158.0,1,Not Hispanic or Latino,Native Hawaiian or Other Pacific Islander,Male,25-34,40.797,Loan originated
1,825000.0,43,1025000.0,206.0,1,Hispanic or Latino,White,Female,35-44,80.0,Loan originated
1,565000.0,43,595000.0,139.0,1,Not Hispanic or Latino,Asian,Female,25-34,95.0,Loan originated
1,1005000.0,50%-60%,1405000.0,301.0,1,Not Hispanic or Latino,White,Male,>74,71.174,Loan originated
1,525000.0,46,655000.0,113.0,1,Not Hispanic or Latino,White,Female,25-34,80.0,Loan originated
1,765000.0,49,875000.0,298.0,1,Not Hispanic or Latino,Black or African American,Male,45-54,87.606,Loan originated
1,1125000.0,20%-<30%,1405000.0,452.0,1,Not Hispanic or Latino,White,Male,35-44,80.0,Loan originated
1,605000.0,<20%,755000.0,789.0,1,Not Hispanic or Latino,Asian,Male,35-44,79.83,Loan originated
1,345000.0,30%-<36%,425000.0,130.0,1,Not Hispanic or Latino,White,Female,45-54,80.0,Loan originated
1,1085000.0,49,1555000.0,246.0,1,Not Hispanic or Latino,White,Male,25-34,70.0,Loan originated
1,275000.0,30%-<36%,475000.0,89.0,1,Hispanic or Latino,White,Male,35-44,57.895,Loan originated
1,505000.0,47,865000.0,360.0,1,Not Hispanic or Latino,White,Male,45-54,58.0,Loan originated
1,625000.0,44,835000.0,156.0,1,Not Hispanic or Latino,White,Male,35-44,75.0,Application denied
1,995000.0,37,1235000.0,260.0,1,Not Hispanic or Latino,White,Female,25-34,80.0,Loan originated
1,785000.0,43,985000.0,618.0,1,Not Hispanic or Latino,White,Female,25-34,80.0,Loan originated
1,295000.0,49,415000.0,71.0,1,Not Hispanic or Latino,Asian,Male,45-54,69.545,Loan originated
1,455000.0,49,575000.0,85.0,1,Not Hispanic or Latino,White,Male,25-34,80.0,Loan originated
1,295000.0,20%-<30%,455000.0,222.0,1,Not Hispanic or Latino,Asian,Male,45-54,64.823,Loan originated
1,385000.0,30%-<36%,645000.0,119.0,1,Not Hispanic or Latino,Asian,Male,25-34,60.16,Loan originated
1,565000.0,45,595000.0,129.0,1,Hispanic or Latino,White,Female,45-54,97.521,Loan originated
1,685000.0,48,1085000.0,233.0,1,Hispanic or Latino,White,Male,<25,63.13,Loan originated
1,465000.0,40,615000.0,131.0,1,Not Hispanic or Latino,Asian,Female,25-34,75.0,Loan originated
1,355000.0,44,595000.0,83.0,1,Not Hispanic or Latino,White,Male,25-34,58.83,Loan originated
1,555000.0,39,615000.0,190.0,1,Hispanic or Latino,White,Female,<25,90.0,Application denied
1,775000.0,30%-<36%,915000.0,235.0,1,Not Hispanic or Latino,White,Male,35-44,85.0,Loan originated
1,495000.0,47,525000.0,185.0,1,Hispanic or Latino,White,Female,45-54,95.0,Loan originated
1,865000.0,49,1075000.0,160.0,1,Hispanic or Latino,White,Male,45-54,80.0,Loan originated
1,515000.0,39,645000.0,247.0,1,Not Hispanic or Latino,Asian,Male,35-44,80.0,Loan originated
1,355000.0,42,435000.0,91.0,1,Not Hispanic or Latino,White,Male,35-44,81.4,Application denied
1,555000.0,<20%,835000.0,449.0,1,Not Hispanic or Latino,White,Male,55-64,65.632,Loan originated
1,415000.0,49,525000.0,106.0,1,Hispanic or Latino,White,Male,35-44,80.0,Loan originated
1,1125000.0,45,1505000.0,240.0,1,Not Hispanic or Latino,White,Male,55-64,75.0,Loan originated
1,815000.0,44,935000.0,210.0,1,Not Hispanic or Latino,White,Male,35-44,87.097,Loan originated
1,255000.0,44,265000.0,63.0,1,Hispanic or Latino,White,Male,<25,100.0,Loan originated
1,905000.0,46,1435000.0,181.0,1,Not Hispanic or Latino,Asian,Male,25-34,62.548,Loan originated
1,775000.0,42,815000.0,202.0,1,Hispanic or Latino,White,Male,55-64,95.0,Loan originated
1,375000.0,30%-<36%,735000.0,142.0,1,Not Hispanic or Latino,White,Female,25-34,50.17,Loan originated
1,1145000.0,40,1315000.0,329.0,1,Not Hispanic or Latino,Asian,Male,45-54,87.44,Loan originated
1,275000.0,47,455000.0,64.0,1,Hispanic or Latino,White,Female,35-44,60.44,Loan originated
1,645000.0,36,685000.0,170.0,1,Not Hispanic or Latino,White,Male,25-34,95.0,Loan originated
1,15000.0,50%-60%,565000.0,142.0,1,Not Hispanic or Latino,Black or African American,Female,35-44,100.0,Loan originated
1,425000.0,30%-<36%,455000.0,132.0,1,Not Hispanic or Latino,White,Female,45-54,93.421,Loan originated
1,825000.0,49,1105000.0,153.0,1,Not Hispanic or Latino,White,Male,35-44,75.0,Loan originated
1,355000.0,50%-60%,445000.0,159.0,1,Hispanic or Latino,White,Male,45-54,80.0,Application denied
1,65000.0,<20%,225000.0,64.0,1,Not Hispanic or Latino,White,Male,65-74,28.09,Loan originated
1,385000.0,36,485000.0,145.0,1,Not Hispanic or Latino,Asian,Female,25-34,80.0,Loan originated
1,65000.0,20%-<30%,125000.0,32.0,1,Hispanic or Latino,White,Male,25-34,48.4,Loan originated
1,235000.0,43,575000.0,77.0,1,Not Hispanic or Latino,White,Female,>74,40.71,Loan originated
1,425000.0,41,465000.0,118.0,1,Hispanic or Latino,White,Male,25-34,90.0,Loan originated
1,765000.0,46,955000.0,222.0,1,Not Hispanic or Latino,White,Male,25-34,80.0,Loan originated
1,665000.0,38,1035000.0,192.0,1,Not Hispanic or Latino,Asian,Female,45-54,63.906,Loan originated
1,765000.0,36,1055000.0,383.0,1,Not Hispanic or Latino,White,Female,45-54,73.0,Loan originated
1,1095000.0,40,1375000.0,283.0,1,Not Hispanic or Latino,Asian,Female,35-44,80.0,Loan originated
1,315000.0,20%-<30%,425000.0,290.0,1,Not Hispanic or Latino,Asian,Male,35-44,75.0,Loan originated
1,545000.0,48,685000.0,104.0,1,Not Hispanic or Latino,White,Female,55-64,80.0,Loan originated
1,635000.0,45,935000.0,191.0,1,Hispanic or Latino,American Indian or Alaska Native,Female,65-74,68.0,Loan originated
1,575000.0,36,675000.0,184.0,1,Not Hispanic or Latino,White,Female,25-34,85.0,Loan originated
1,435000.0,20%-<30%,585000.0,223.0,1,Not Hispanic or Latino,White,Male,25-34,75.0,Loan originated
1,375000.0,45,565000.0,179.0,1,Not Hispanic or Latino,White,Male,25-34,66.964,Loan originated
1,255000.0,44,285000.0,60.0,1,Hispanic or Latino,White,Male,45-54,90.0,Loan originated
1,265000.0,50%-60%,275000.0,120.0,1,Hispanic or Latino,White,Male,25-34,93.39,Application denied
1,285000.0,42,335000.0,63.0,1,Hispanic or Latino,White,Female,55-64,85.0,Loan originated
1,945000.0,49,1055000.0,222.0,1,Not Hispanic or Latino,White,Female,45-54,89.99,Loan originated
1,765000.0,38,1755000.0,276.0,1,Not Hispanic or Latino,Asian,Female,45-54,43.8,Loan originated
1,605000.0,44,635000.0,130.0,1,Not Hispanic or Latino,Asian,Female,35-44,95.0,Loan originated
1,555000.0,49,585000.0,160.0,1,Not Hispanic or Latino,White,Male,45-54,95.0,Loan originated
1,955000.0,48,1385000.0,209.0,1,Not Hispanic or Latino,White,Male,65-74,69.167,Loan originated
1,985000.0,43,1035000.0,237.0,1,Not Hispanic or Latino,White,Male,35-44,95.0,Loan originated
1,205000.0,<20%,655000.0,600.0,1,Not Hispanic or Latino,Asian,Male,55-64,30.769,Application denied
1,475000.0,43,635000.0,118.0,1,Not Hispanic or Latino,Asian,Female,55-64,74.96,Loan originated
1,545000.0,45,845000.0,124.0,1,Not Hispanic or Latino,White,Male,55-64,64.5,Loan originated
1,665000.0,47,705000.0,169.0,1,Not Hispanic or Latino,White,Male,25-34,95.0,Loan originated
1,525000.0,43,555000.0,163.0,1,Not Hispanic or Latino,White,Female,35-44,95.0,Loan originated
1,655000.0,38,815000.0,180.0,1,Not Hispanic or Latino,White,Female,25-34,80.0,Loan originated
1,675000.0,39,965000.0,193.0,1,Hispanic or Latino,Asian,Male,25-34,70.0,Loan originated
1,535000.0,46,595000.0,122.0,1,Not Hispanic or Latino,Asian,Male,25-34,90.0,Loan originated
1,125000.0,<20%,625000.0,34.0,1,Not Hispanic or Latino,White,Male,65-74,20.161,Loan originated
1,395000.0,36,485000.0,209.0,1,Not Hispanic or Latino,White,Female,45-54,80.0,Loan originated
1,305000.0,30%-<36%,835000.0,140.0,1,Not Hispanic or Latino,White,Female,55-64,36.145,Loan originated
1,675000.0,36,745000.0,187.0,1,Not Hispanic or Latino,Asian,Male,35-44,90.0,Loan originated
1,15000.0,40,405000.0,93.0,1,Not Hispanic or Latino,White,Male,35-44,100.0,Loan originated
1,275000.0,47,285000.0,84.0,1,Hispanic or Latino,White,Male,35-44,100.0,Loan originated
1,855000.0,49,1425000.0,180.0,1,Not Hispanic or Latino,White,Female,45-54,59.64,Loan originated
1,195000.0,44,395000.0,63.0,1,Hispanic or Latino,White,Female,35-44,48.718,Application denied
1,725000.0,47,915000.0,174.0,1,Hispanic or Latino,White,Female,45-54,80.0,Loan originated
1,335000.0,41,1285000.0,85.0,1,Not Hispanic or Latino,Black or African American,Female,55-64,26.0,Loan originated
1,505000.0,46,715000.0,207.0,1,Hispanic or Latino,White,Male,45-54,69.638,Loan originated
1,625000.0,44,695000.0,150.0,1,Not Hispanic or Latino,White,Female,35-44,89.353,Loan originated
1,615000.0,30%-<36%,645000.0,208.0,1,Not Hispanic or Latino,Asian,Male,35-44,95.0,Loan originated
1,765000.0,39,985000.0,275.0,1,Not Hispanic or Latino,Asian,Male,45-54,77.413,Loan originated
1,325000.0,30%-<36%,355000.0,159.0,1,Not Hispanic or Latino,White,Male,55-64,89.972,Loan originated
1,655000.0,43,725000.0,200.0,1,Not Hispanic or Latino,Asian,Male,35-44,90.0,Loan originated
1,345000.0,43,365000.0,113.0,1,Not Hispanic or Latino,Asian,Male,25-34,95.0,Loan originated
1,365000.0,46,455000.0,82.0,1,Hispanic or Latino,White,Female,55-64,100.0,Loan originated
1,655000.0,49,875000.0,146.0,1,Not Hispanic or Latino,White,Male,45-54,75.0,Loan originated
1,155000.0,37,165000.0,108.0,1,Not Hispanic or Latino,Asian,Male,45-54,95.0,Loan originated
1,625000.0,49,785000.0,189.0,1,Not Hispanic or Latino,Asian,Male,35-44,80.0,Loan originated
1,425000.0,48,455000.0,116.0,1,Not Hispanic or Latino,Black or African American,Male,35-44,95.0,Loan originated
1,1045000.0,42,1315000.0,260.0,1,Not Hispanic or Latino,Black or African American,Male,45-54,80.0,Loan originated
1,85000.0,50%-60%,85000.0,86.0,1,Hispanic or Latino,American Indian or Alaska Native,Male,<25,92.2,Application denied
1,275000.0,30%-<36%,435000.0,92.0,1,Not Hispanic or Latino,Asian,Male,35-44,63.95,Loan originated
1,445000.0,30%-<36%,645000.0,123.0,1,Not Hispanic or Latino,White,Female,65-74,69.183,Loan originated
1,625000.0,49,735000.0,157.0,1,Not Hispanic or Latino,Asian,Male,25-34,85.0,Loan originated
1,565000.0,36,625000.0,163.0,1,Hispanic or Latino,White,Female,25-34,90.0,Loan originated
1,565000.0,50%-60%,705000.0,123.0,1,Hispanic or Latino,White,Female,25-34,100.0,Application denied
1,265000.0,43,455000.0,67.0,1,Not Hispanic or Latino,Asian,Female,25-34,57.778,Loan originated
1,515000.0,41,605000.0,150.0,1,Hispanic or Latino,White,Female,45-54,85.0,Loan originated
1,605000.0,44,675000.0,158.0,1,Not Hispanic or Latino,Asian,Male,35-44,90.0,Loan originated
1,175000.0,38,515000.0,52.0,1,Hispanic or Latino,White,Female,55-64,33.333,Loan originated
1,245000.0,49,295000.0,54.0,1,Not Hispanic or Latino,White,Female,55-64,82.759,Loan originated
1,395000.0,>60%,495000.0,38.0,1,Not Hispanic or Latino,Asian,Male,25-34,80.0,Application denied
1,965000.0,30%-<36%,1205000.0,454.0,1,Not Hispanic or Latino,Asian,Male,25-34,80.0,Loan originated
1,525000.0,49,555000.0,91.0,1,Hispanic or Latino,White,Female,35-44,95.0,Loan originated
1,185000.0,20%-<30%,225000.0,192.0,1,Hispanic or Latino,White,Male,55-64,82.25,Loan originated
1,595000.0,40,735000.0,145.0,1,Not Hispanic or Latino,Native Hawaiian or Other Pacific Islander,Female,35-44,80.0,Loan originated
1,705000.0,<20%,875000.0,790.0,1,Not Hispanic or Latino,Asian,Male,25-34,80.0,Loan originated
1,555000.0,20%-<30%,995000.0,222.0,1,Not Hispanic or Latino,Asian,Male,25-34,55.39,Application denied
1,595000.0,44,895000.0,167.0,1,Not Hispanic or Latino,White,Female,35-44,66.292,Loan originated
1,85000.0,42,115000.0,42.0,1,Hispanic or Latino,White,Female,25-34,71.368,Loan originated
1,735000.0,36,775000.0,277.0,1,Not Hispanic or Latino,White,Male,35-44,95.0,Loan originated
1,625000.0,44,745000.0,239.0,1,Hispanic or Latino,White,Male,45-54,85.0,Loan originated
1,935000.0,36,1935000.0,337.0,1,Not Hispanic or Latino,Asian,Male,45-54,48.32,Loan originated
1,255000.0,49,295000.0,52.0,1,Not Hispanic or Latino,White,Female,55-64,86.35,Loan originated
1,225000.0,40,255000.0,67.0,1,Hispanic or Latino,White,Male,35-44,89.99,Loan originated
1,585000.0,48,785000.0,121.0,1,Not Hispanic or Latino,Asian,Male,25-34,74.191,Loan originated
1,525000.0,20%-<30%,725000.0,175.0,1,Not Hispanic or Latino,White,Male,25-34,72.22,Loan originated
1,525000.0,49,585000.0,205.0,1,Not Hispanic or Latino,Asian,Female,35-44,89.99,Loan originated
1,265000.0,41,285000.0,69.0,1,Hispanic or Latino,White,Male,<25,95.0,Loan originated
1,335000.0,30%-<36%,415000.0,154.0,1,Not Hispanic or Latino,White,Male,>74,80.0,Loan originated
1,245000.0,41,795000.0,82.0,1,Hispanic or Latino,White,Female,55-64,30.37,Loan originated
1,205000.0,20%-<30%,725000.0,125.0,1,Not Hispanic or Latino,White,Female,45-54,27.586,Loan originated
1,515000.0,43,525000.0,135.0,1,Hispanic or Latino,American Indian or Alaska Native,Male,35-44,97.15,Loan originated
1,465000.0,>60%,475000.0,62.0,1,Hispanic or Latino,White,Female,55-64,97.0,Application denied
1,555000.0,45,695000.0,144.0,1,Not Hispanic or Latino,White,Male,35-44,80.0,Loan originated
1,905000.0,46,1075000.0,196.0,1,Hispanic or Latino,White,Female,25-34,85.0,Loan originated
1,445000.0,41,475000.0,123.0,1,Not Hispanic or Latino,White,Male,45-54,95.0,Loan originated
1,315000.0,39,535000.0,91.0,1,Not Hispanic or Latino,White,Female,45-54,58.256,Loan originated
1,455000.0,43,685000.0,109.0,1,Not Hispanic or Latino,White,Female,35-44,66.18,Loan originated
1,585000.0,42,655000.0,175.0,1,Hispanic or Latino,White,Male,35-44,90.0,Loan originated
1,675000.0,47,795000.0,256.0,1,Not Hispanic or Latino,Asian,Male,45-54,85.0,Loan originated
1,105000.0,44,515000.0,41.0,1,Not Hispanic or Latino,White,Male,65-74,19.61,Loan originated
1,965000.0,20%-<30%,1205000.0,401.0,1,Not Hispanic or Latino,White,Female,25-34,80.0,Loan originated
1,445000.0,20%-<30%,555000.0,418.0,1,Not Hispanic or Latino,White,Male,<25,80.0,Loan originated
1,775000.0,37,2395000.0,415.0,1,Not Hispanic or Latino,Asian,Male,55-64,32.097,Loan originated
1,385000.0,41,475000.0,110.0,1,Hispanic or Latino,White,Female,25-34,80.0,Loan originated
1,335000.0,45,355000.0,88.0,1,Not Hispanic or Latino,Black or African American,Male,45-54,95.0,Loan originated
1,625000.0,44,785000.0,179.0,1,Not Hispanic or Latino,Black or African American,Male,65-74,80.0,Loan originated
1,35000.0,30%-<36%,105000.0,49.0,1,Not Hispanic or Latino,White,Male,>74,35.22,Loan originated
1,365000.0,30%-<36%,615000.0,117.0,1,Not Hispanic or Latino,White,Female,65-74,59.35,Loan originated
1,505000.0,45,975000.0,394.0,1,Hispanic or Latino,Asian,Male,35-44,51.545,Loan originated
1,625000.0,49,775000.0,262.0,1,Hispanic or Latino,White,Male,65-74,80.0,Loan originated
1,915000.0,38,1275000.0,262.0,1,Not Hispanic or Latino,Asian,Male,35-44,71.529,Loan originated
1,495000.0,47,515000.0,133.0,1,Hispanic or Latino,White,Female,35-44,95.0,Loan originated
1,365000.0,30%-<36%,435000.0,108.0,1,Hispanic or Latino,White,Male,45-54,85.0,Loan originated
1,405000.0,47,445000.0,132.0,1,Not Hispanic or Latino,White,Male,35-44,90.0,Loan originated
1,495000.0,48,565000.0,147.0,1,Not Hispanic or Latino,Asian,Male,<25,88.0,Loan originated
1,525000.0,41,655000.0,131.0,1,Hispanic or Latino,White,Male,55-64,80.0,Loan originated
1,465000.0,20%-<30%,645000.0,217.0,1,Not Hispanic or Latino,White,Female,35-44,71.318,Loan originated
1,515000.0,>60%,715000.0,98.0,1,Not Hispanic or Latino,Asian,Male,35-44,71.937,Application denied
1,345000.0,20%-<30%,365000.0,130.0,1,Not Hispanic or Latino,White,Male,55-64,95.0,Loan originated
1,565000.0,39,765000.0,163.0,1,Not Hispanic or Latino,Asian,Female,35-44,73.78,Loan originated
1,995000.0,36,1105000.0,564.0,1,Not Hispanic or Latino,White,Male,25-34,90.0,Loan originated
1,1085000.0,30%-<36%,1365000.0,271.0,1,Not Hispanic or Latino,Asian,Male,35-44,80.0,Loan originated
1,515000.0,30%-<36%,575000.0,182.0,1,Not Hispanic or Latino,Asian,Female,35-44,90.0,Loan originated
1,505000.0,30%-<36%,765000.0,163.0,1,Not Hispanic or Latino,White,Male,35-44,65.36,Application denied
1,655000.0,20%-<30%,1005000.0,429.0,1,Hispanic or Latino,White,Male,45-54,65.0,Loan originated
1,655000.0,42,1445000.0,185.0,1,Not Hispanic or Latino,White,Male,55-64,45.14,Loan originated
1,535000.0,38,565000.0,142.0,1,Hispanic or Latino,White,Male,25-34,95.0,Loan originated
1,915000.0,30%-<36%,1175000.0,237.0,1,Not Hispanic or Latino,White,Male,45-54,77.872,Loan originated
1,725000.0,36,905000.0,207.0,1,Not Hispanic or Latino,White,Male,45-54,80.0,Loan originated
1,855000.0,41,2055000.0,244.0,1,Not Hispanic or Latino,Asian,Male,25-34,41.363,Loan originated
1,535000.0,45,665000.0,143.0,1,Hispanic or Latino,White,Male,35-44,80.0,Loan originated
1,645000.0,30%-<36%,805000.0,243.0,1,Not Hispanic or Latino,White,Female,35-44,80.0,Loan originated
1,355000.0,36,445000.0,100.0,1,Hispanic or Latino,White,Female,35-44,80.0,Loan originated
1,285000.0,30%-<36%,305000.0,368.0,1,Not Hispanic or Latino,White,Male,25-34,95.0,Loan originated
1,495000.0,<20%,585000.0,1647.0,1,Not Hispanic or Latino,White,Male,55-64,85.0,Application denied
1,925000.0,47,1175000.0,271.0,1,Not Hispanic or Latino,White,Female,<25,79.0,Loan originated
1,465000.0,49,485000.0,125.0,1,Hispanic or Latino,White,Female,35-44,99.9,Loan originated
1,755000.0,30%-<36%,945000.0,288.0,1,Not Hispanic or Latino,Asian,Male,25-34,79.894,Loan originated
1,425000.0,49,535000.0,89.0,1,Hispanic or Latino,White,Female,35-44,80.0,Loan originated
1,665000.0,50%-60%,735000.0,132.0,1,Not Hispanic or Latino,Asian,Female,35-44,89.807,Application denied
1,365000.0,46,425000.0,83.0,1,Not Hispanic or Latino,Asian,Male,35-44,84.941,Loan originated
1,375000.0,30%-<36%,465000.0,358.0,1,Not Hispanic or Latino,White,Male,45-54,80.0,Loan originated
1,995000.0,49,1435000.0,200.0,1,Not Hispanic or Latino,White,Male,55-64,70.0,Loan originated
1,475000.0,49,595000.0,131.0,1,Hispanic or Latino,White,Female,45-54,80.0,Application denied
1,745000.0,44,785000.0,240.0,1,Not Hispanic or Latino,Asian,Male,25-34,95.0,Loan originated
1,385000.0,45,405000.0,110.0,1,Not Hispanic or Latino,White,Female,35-44,93.853,Loan originated
1,565000.0,41,665000.0,130.0,1,Hispanic or Latino,White,Male,35-44,85.0,Loan originated
1,325000.0,42,435000.0,97.0,1,Hispanic or Latino,White,Female,25-34,95.0,Loan originated
1,605000.0,20%-<30%,755000.0,269.0,1,Hispanic or Latino,White,Male,45-54,80.0,Loan originated
1,15000.0,30%-<36%,315000.0,94.0,1,Not Hispanic or Latino,White,Male,45-54,100.0,Loan originated
1,565000.0,43,815000.0,157.0,1,Not Hispanic or Latino,White,Female,25-34,69.33,Loan originated
1,965000.0,20%-<30%,1375000.0,945.0,1,Not Hispanic or Latino,Asian,Male,25-34,69.99,Loan originated
1,755000.0,46,885000.0,283.0,1,Not Hispanic or Latino,White,Female,45-54,85.0,Loan originated
1,965000.0,30%-<36%,1205000.0,412.0,1,Not Hispanic or Latino,White,Male,55-64,80.0,Loan originated
1,705000.0,44,745000.0,271.0,1,Not Hispanic or Latino,Black or African American,Female,25-34,95.0,Loan originated
1,985000.0,42,1235000.0,276.0,1,Not Hispanic or Latino,White,Male,35-44,80.0,Loan originated
1,805000.0,50%-60%,1605000.0,220.0,1,Not Hispanic or Latino,Asian,Female,25-34,50.0,Loan originated
1,515000.0,43,1275000.0,146.0,1,Not Hispanic or Latino,White,Female,55-64,40.16,Loan originated
1,575000.0,47,695000.0,119.0,1,Not Hispanic or Latino,White,Male,35-44,83.333,Loan originated
1,695000.0,43,775000.0,323.0,1,Hispanic or Latino,White,Male,35-44,89.805,Loan originated
1,795000.0,49,835000.0,178.0,1,Hispanic or Latino,White,Female,35-44,95.0,Loan originated
1,1005000.0,40,1275000.0,299.0,1,Not Hispanic or Latino,Asian,Female,25-34,78.161,Loan originated
1,425000.0,44,455000.0,220.0,1,Not Hispanic or Latino,White,Male,25-34,95.0,Loan originated
1,565000.0,47,605000.0,157.0,1,Not Hispanic or Latino,Asian,Female,25-34,94.999,Application denied
1,245000.0,47,305000.0,111.0,1,Not Hispanic or Latino,White,Male,65-74,80.0,Application denied
1,285000.0,20%-<30%,885000.0,167.0,1,Not Hispanic or Latino,Asian,Male,35-44,31.82,Loan originated
1,365000.0,45,385000.0,77.0,1,Hispanic or Latino,White,Male,25-34,95.0,Loan originated
1,405000.0,47,505000.0,175.0,1,Not Hispanic or Latino,White,Female,35-44,80.0,Loan originated
1,965000.0,39,1205000.0,369.0,1,Hispanic or Latino,White,Male,35-44,80.0,Loan originated
1,495000.0,30%-<36%,705000.0,587.0,1,Not Hispanic or Latino,White,Male,65-74,70.0,Loan originated
1,145000.0,50%-60%,155000.0,93.0,1,Hispanic or Latino,White,Male,35-44,95.0,Application denied
1,355000.0,49,445000.0,88.0,1,Not Hispanic or Latino,White,Female,35-44,80.0,Loan originated
1,375000.0,50%-60%,395000.0,72.0,1,Not Hispanic or Latino,Black or African American,Female,55-64,100.0,Loan originated
1,675000.0,20%-<30%,1275000.0,227.0,1,Not Hispanic or Latino,Asian,Male,45-54,53.015,Loan originated
1,525000.0,37,695000.0,361.0,1,Not Hispanic or Latino,White,Male,25-34,75.0,Loan originated
1,325000.0,44,675000.0,121.0,1,Not Hispanic or Latino,White,Female,55-64,47.407,Loan originated
1,255000.0,30%-<36%,955000.0,371.0,1,Not Hispanic or Latino,White,Male,45-54,26.316,Loan originated
1,625000.0,48,695000.0,156.0,1,Hispanic or Latino,White,Female,45-54,90.0,Loan originated
1,695000.0,30%-<36%,875000.0,311.0,1,Not Hispanic or Latino,Asian,Male,25-34,80.0,Loan originated
1,365000.0,49,465000.0,81.0,1,Not Hispanic or Latino,Asian,Female,45-54,100.0,Loan originated
1,915000.0,30%-<36%,1145000.0,386.0,1,Not Hispanic or Latino,Black or African American,Female,45-54,80.0,Application denied
1,485000.0,47,695000.0,104.0,1,Hispanic or Latino,White,Male,<25,70.0,Loan originated
1,285000.0,30%-<36%,645000.0,143.0,1,Not Hispanic or Latino,White,Female,35-44,44.444,Loan originated
1,475000.0,46,515000.0,126.0,1,Not Hispanic or Latino,White,Male,35-44,95.11,Loan originated
1,155000.0,30%-<36%,385000.0,62.0,1,Hispanic or Latino,White,Female,25-34,41.0,Loan originated
1,425000.0,20%-<30%,495000.0,128.0,1,Not Hispanic or Latino,Black or African American,Male,55-64,85.84,Loan originated
1,105000.0,37,135000.0,95.0,1,Hispanic or Latino,White,Male,35-44,80.0,Application denied
1,595000.0,47,625000.0,131.0,1,Not Hispanic or Latino,Black or African American,Male,45-54,95.0,Loan originated
1,555000.0,47,755000.0,111.0,1,Not Hispanic or Latino,Asian,Male,35-44,74.0,Loan originated
1,695000.0,46,865000.0,131.0,1,Hispanic or Latino,White,Female,25-34,80.0,Loan originated
1,245000.0,44,255000.0,65.0,1,Not Hispanic or Latino,White,Male,<25,98.0,Loan originated
1,495000.0,43,895000.0,256.0,1,Not Hispanic or Latino,White,Male,65-74,55.506,Loan originated
1,395000.0,30%-<36%,495000.0,148.0,1,Not Hispanic or Latino,White,Female,35-44,80.0,Loan originated
1,395000.0,44,415000.0,95.0,1,Not Hispanic or Latino,White,Female,45-54,97.0,Loan originated
1,485000.0,43,605000.0,104.0,1,Not Hispanic or Latino,Black or African American,Female,65-74,83.0,Loan originated
1,275000.0,40,345000.0,76.0,1,Not Hispanic or Latino,Asian,Female,25-34,80.0,Loan originated
1,555000.0,49,725000.0,124.0,1,Not Hispanic or Latino,White,Male,35-44,96.528,Loan originated
1,385000.0,45,485000.0,215.0,1,Not Hispanic or Latino,White,Male,35-44,80.0,Loan originated
1,275000.0,48,365000.0,68.0,1,Hispanic or Latino,White,Female,<25,75.0,Loan originated
1,1045000.0,47,1605000.0,277.0,1,Not Hispanic or Latino,Asian,Male,35-44,65.0,Loan originated
1,305000.0,42,1155000.0,99.0,1,Not Hispanic or Latino,Asian,Female,45-54,27.0,Loan originated
1,415000.0,20%-<30%,515000.0,130.0,1,Hispanic or Latino,White,Male,25-34,79.61,Loan originated
1,725000.0,43,1825000.0,190.0,1,Not Hispanic or Latino,White,Male,55-64,39.726,Loan originated
1,765000.0,46,805000.0,185.0,1,Not Hispanic or Latino,Asian,Male,35-44,95.0,Loan originated
1,595000.0,36,755000.0,165.0,1,Not Hispanic or Latino,Asian,Male,25-34,79.333,Loan originated
1,325000.0,49,345000.0,92.0,1,Not Hispanic or Latino,Asian,Male,45-54,100.0,Loan originated
1,835000.0,46,925000.0,242.0,1,Hispanic or Latino,White,Male,35-44,90.0,Loan originated
1,595000.0,38,625000.0,218.0,1,Not Hispanic or Latino,Asian,Male,25-34,94.88,Loan originated
1,495000.0,42,795000.0,280.0,1,Hispanic or Latino,White,Female,65-74,62.03,Loan originated
1,305000.0,<20%,385000.0,188.0,1,Not Hispanic or Latino,White,Female,25-34,80.0,Loan originated
1,1005000.0,44,1275000.0,253.0,1,Not Hispanic or Latino,White,Female,55-64,79.0,Loan originated
