loan_purpose,loan_amount,debt_to_income_ratio,property_value,income,occupancy_type,derived_ethnicity,derived_race,derived_sex,applicant_age,loan_to_value_ratio,action_taken
1,565000.0,20%-<30%,775000.0,329.0,1,Not Hispanic or Latino,White,Female,25-34,74.194,Loan originated
1,435000.0,47,455000.0,134.0,1,Not Hispanic or Latino,White,Male,35-44,95.0,Loan originated
1,385000.0,49,515000.0,106.0,1,Not Hispanic or Latino,Black or African American,Female,35-44,95.0,Loan originated
1,955000.0,44,1755000.0,251.0,1,Not Hispanic or Latino,White,Male,45-54,54.286,Loan originated
1,645000.0,48,675000.0,135.0,1,Hispanic or Latino,White,Male,35-44,95.0,Loan originated
1,305000.0,46,375000.0,83.0,1,Hispanic or Latino,White,Male,45-54,80.0,Loan originated
1,415000.0,20%-<30%,965000.0,218.0,1,Hispanic or Latino,White,Female,45-54,42.488,Loan originated
1,955000.0,42,1205000.0,234.0,1,Not Hispanic or Latino,Asian,Female,25-34,79.292,Loan originated
1,665000.0,20%-<30%,895000.0,256.0,1,Not Hispanic or Latino,White,Male,45-54,74.157,Loan originated
1,375000.0,43,475000.0,86.0,1,Not Hispanic or Latino,White,Female,45-54,78.723,Loan originated
1,325000.0,49,435000.0,135.0,1,Hispanic or Latino,Asian,Male,55-64,74.998,Loan originated
1,505000.0,30%-<36%,1985000.0,135.0,1,Not Hispanic or Latino,White,Male,35-44,25.23,Loan originated
1,365000.0,47,465000.0,76.0,1,Not Hispanic or Latino,White,Female,25-34,80.0,Loan originated
1,315000.0,30%-<36%,375000.0,190.0,1,Not Hispanic or Latino,White,Male,65-74,85.0,Loan originated
1,545000.0,37,685000.0,400.0,1,Not Hispanic or Latino,White,Male,25-34,80.0,Loan originated
1,405000.0,49,1055000.0,124.0,1,Not Hispanic or Latino,White,Female,65-74,38.095,Loan originated
1,485000.0,38,615000.0,148.0,1,Not Hispanic or Latino,White,Male,55-64,80.0,Loan originated
1,445000.0,46,465000.0,146.0,1,Not Hispanic or Latino,Asian,Male,25-34,95.0,Loan originated
1,735000.0,30%-<36%,915000.0,209.0,1,Not Hispanic or Latino,White,Male,25-34,80.0,Loan originated
1,685000.0,20%-<30%,855000.0,233.0,1,Not Hispanic or Latino,White,Male,25-34,80.0,Loan originated
1,385000.0,47,685000.0,90.0,1,Hispanic or Latino,White,Male,45-54,56.204,Loan originated
1,805000.0,43,3855000.0,330.0,1,Not Hispanic or Latino,White,Male,65-74,20.742,Loan originated
1,425000.0,36,1055000.0,126.0,1,Not Hispanic or Latino,Asian,Male,35-44,40.476,Loan originated
1,345000.0,30%-<36%,435000.0,96.0,1,Not Hispanic or Latino,White,Female,25-34,80.0,Loan originated
1,525000.0,45,655000.0,159.0,1,Not Hispanic or Latino,Asian,Male,25-34,80.0,Loan originated
1,245000.0,45,575000.0,82.0,1,Not Hispanic or Latino,White,Female,65-74,41.772,Loan originated
1,425000.0,46,505000.0,121.0,1,Not Hispanic or Latino,Black or African American,Female,35-44,105.0,Loan originated
1,755000.0,41,835000.0,192.0,1,Not Hispanic or Latino,Asian,Male,35-44,89.94,Loan originated
1,375000.0,37,385000.0,102.0,1,Not Hispanic or Latino,White,Female,45-54,97.0,Loan originated
1,905000.0,41,1505000.0,330.0,1,Not Hispanic or Latino,White,Male,35-44,60.0,Loan originated
1,415000.0,41,595000.0,140.0,1,Hispanic or Latino,White,Male,35-44,70.0,Loan originated
1,675000.0,40,755000.0,169.0,1,Hispanic or Latino,White,Female,35-44,90.0,Loan originated
1,335000.0,39,355000.0,146.0,1,Not Hispanic or Latino,White,Male,55-64,95.0,Loan originated
1,325000.0,42,805000.0,98.0,1,Not Hispanic or Latino,White,Female,>74,40.0,Loan originated
1,425000.0,<20%,415000.0,187.0,1,Not Hispanic or Latino,White,Male,45-54,85.0,Loan originated
1,515000.0,39,535000.0,150.0,1,Not Hispanic or Latino,Black or African American,Female,35-44,97.0,Loan originated
1,325000.0,49,415000.0,63.0,1,Hispanic or Latino,White,Male,35-44,79.02,Loan originated
1,545000.0,47,775000.0,418.0,1,Not Hispanic or Latino,Asian,Female,<25,70.0,Loan originated
1,745000.0,44,995000.0,183.0,1,Not Hispanic or Latino,White,Male,25-34,75.0,Loan originated
1,595000.0,>60%,625000.0,78.0,1,Hispanic or Latino,White,Male,25-34,94.43,Loan originated
1,245000.0,49,285000.0,50.0,1,Hispanic or Latino,White,Female,55-64,104.92,Loan originated
1,515000.0,20%-<30%,695000.0,193.0,1,Not Hispanic or Latino,White,Female,35-44,75.0,Loan originated
1,215000.0,41,245000.0,79.0,1,Not Hispanic or Latino,White,Female,25-34,85.0,Loan originated
1,265000.0,49,535000.0,56.0,1,Not Hispanic or Latino,Black or African American,Female,25-34,50.0,Loan originated
1,495000.0,30%-<36%,525000.0,149.0,1,Hispanic or Latino,White,Male,45-54,96.984,Loan originated
1,1145000.0,37,1765000.0,368.0,1,Not Hispanic or Latino,White,Male,25-34,65.0,Loan originated
1,1015000.0,37,1265000.0,300.0,1,Not Hispanic or Latino,White,Male,25-34,80.0,Loan originated
1,655000.0,30%-<36%,1095000.0,250.0,1,Not Hispanic or Latino,White,Female,25-34,59.82,Loan originated
1,285000.0,20%-<30%,365000.0,120.0,1,Not Hispanic or Latino,Asian,Male,35-44,80.0,Loan originated
1,475000.0,<20%,675000.0,342.0,1,Not Hispanic or Latino,White,Male,25-34,70.37,Loan originated
1,425000.0,30%-<36%,1015000.0,152.0,1,Not Hispanic or Latino,White,Female,55-64,41.955,Loan originated
1,425000.0,>60%,435000.0,61.0,1,Hispanic or Latino,White,Female,25-34,97.0,Application denied
1,475000.0,30%-<36%,505000.0,161.0,1,Hispanic or Latino,White,Female,35-44,95.0,Loan originated
1,1145000.0,44,1475000.0,271.0,1,Not Hispanic or Latino,Asian,Male,>74,78.079,Loan originated
1,915000.0,38,1255000.0,257.0,1,Not Hispanic or Latino,Asian,Male,35-44,72.88,Loan originated
1,1145000.0,48,1215000.0,336.0,1,Hispanic or Latino,White,Male,35-44,95.0,Loan originated
1,825000.0,49,1035000.0,159.0,1,Not Hispanic or Latino,Asian,Female,25-34,79.748,Loan originated
1,55000.0,44,175000.0,38.0,1,Hispanic or Latino,White,Female,55-64,100.0,Loan originated
1,495000.0,30%-<36%,515000.0,176.0,1,Hispanic or Latino,White,Male,25-34,97.0,Loan originated
1,395000.0,39,415000.0,111.0,1,Hispanic or Latino,White,Male,25-34,97.0,Loan originated
1,545000.0,20%-<30%,685000.0,452.0,1,Not Hispanic or Latino,Asian,Male,35-44,80.0,Loan originated
1,1145000.0,49,1205000.0,324.0,1,Not Hispanic or Latino,Asian,Female,35-44,95.0,Loan originated
1,765000.0,30%-<36%,805000.0,264.0,1,Not Hispanic or Latino,White,Male,35-44,95.0,Loan originated
1,655000.0,44,775000.0,322.0,1,Not Hispanic or Latino,White,Male,35-44,85.0,Loan originated
1,275000.0,48,295000.0,55.0,1,Hispanic or Latino,White,Female,<25,95.0,Loan originated
1,215000.0,40,425000.0,65.0,1,Not Hispanic or Latino,White,Male,65-74,50.0,Loan originated
1,595000.0,42,625000.0,130.0,1,Not Hispanic or Latino,Asian,Female,25-34,95.0,Loan originated
1,715000.0,43,735000.0,163.0,1,Not Hispanic or Latino,White,Female,45-54,97.0,Loan originated
1,365000.0,20%-<30%,385000.0,121.0,1,Not Hispanic or Latino,White,Male,25-34,95.0,Loan originated
1,695000.0,49,895000.0,133.0,1,Not Hispanic or Latino,White,Female,55-64,78.0,Loan originated
1,205000.0,36,655000.0,70.0,1,Not Hispanic or Latino,White,Female,35-44,30.77,Loan originated
1,585000.0,45,725000.0,134.0,1,Not Hispanic or Latino,White,Male,35-44,80.0,Loan originated
1,345000.0,36,435000.0,95.0,1,Not Hispanic or Latino,White,Male,<25,80.0,Loan originated
1,415000.0,49,445000.0,153.0,1,Not Hispanic or Latino,Black or African American,Female,55-64,95.0,Loan originated
1,455000.0,20%-<30%,605000.0,172.0,1,Not Hispanic or Latino,Asian,Male,25-34,75.0,Loan originated
1,365000.0,45,375000.0,94.0,1,Hispanic or Latino,White,Female,35-44,97.0,Loan originated
1,615000.0,20%-<30%,765000.0,263.0,1,Not Hispanic or Latino,White,Female,25-34,80.0,Loan originated
1,425000.0,38,825000.0,147.0,1,Not Hispanic or Latino,White,Male,65-74,51.515,Loan originated
1,935000.0,30%-<36%,1255000.0,343.0,1,Not Hispanic or Latino,White,Male,55-64,75.0,Loan originated
1,585000.0,49,735000.0,222.0,1,Not Hispanic or Latino,White,Female,45-54,80.0,Loan originated
1,355000.0,30%-<36%,375000.0,153.0,1,Not Hispanic or Latino,White,Female,25-34,94.93,Loan originated
1,585000.0,49,735000.0,136.0,1,Not Hispanic or Latino,Asian,Female,25-34,80.0,Loan originated
1,665000.0,37,1365000.0,190.0,1,Not Hispanic or Latino,White,Male,45-54,48.529,Loan originated
1,75000.0,49,355000.0,22.0,1,Not Hispanic or Latino,White,Male,>74,20.0,Loan originated
1,515000.0,46,635000.0,110.0,1,Not Hispanic or Latino,Asian,Male,45-54,80.0,Loan originated
1,365000.0,30%-<36%,525000.0,236.0,1,Not Hispanic or Latino,Black or African American,Female,35-44,70.0,Application denied
1,775000.0,20%-<30%,1105000.0,279.0,1,Not Hispanic or Latino,Asian,Female,45-54,70.0,Loan originated
1,575000.0,49,615000.0,229.0,1,Hispanic or Latino,White,Male,<25,95.0,Loan originated
1,415000.0,49,515000.0,149.0,1,Not Hispanic or Latino,White,Male,25-34,80.0,Loan originated
1,555000.0,47,685000.0,106.0,1,Not Hispanic or Latino,White,Male,35-44,80.0,Loan originated
1,765000.0,44,805000.0,160.0,1,Not Hispanic or Latino,White,Male,35-44,95.0,Loan originated
1,295000.0,39,475000.0,179.0,1,Not Hispanic or Latino,White,Female,45-54,64.0,Loan originated
1,395000.0,40,495000.0,143.0,1,Not Hispanic or Latino,White,Female,45-54,80.0,Loan originated
1,275000.0,40,375000.0,63.0,1,Hispanic or Latino,White,Male,45-54,73.51,Loan originated
1,605000.0,44,955000.0,145.0,1,Not Hispanic or Latino,White,Female,65-74,63.158,Loan originated
1,1105000.0,41,1375000.0,313.0,1,Not Hispanic or Latino,White,Male,25-34,80.0,Loan originated
1,255000.0,49,1085000.0,77.0,1,Not Hispanic or Latino,Asian,Female,45-54,23.0,Loan originated
1,225000.0,30%-<36%,575000.0,102.0,1,Hispanic or Latino,White,Male,45-54,39.141,Loan originated
1,355000.0,40,445000.0,88.0,1,Not Hispanic or Latino,White,Female,45-54,80.0,Loan originated
1,675000.0,30%-<36%,1175000.0,210.0,1,Not Hispanic or Latino,White,Male,45-54,57.447,Loan originated
1,455000.0,39,535000.0,124.0,1,Not Hispanic or Latino,White,Female,55-64,85.0,Loan originated
1,585000.0,49,615000.0,115.0,1,Hispanic or Latino,White,Male,35-44,95.0,Loan originated
1,655000.0,40,735000.0,155.0,1,Not Hispanic or Latino,White,Male,25-34,90.0,Loan originated
1,565000.0,43,705000.0,142.0,1,Not Hispanic or Latino,Asian,Female,25-34,80.0,Loan originated
1,685000.0,40,725000.0,170.0,1,Not Hispanic or Latino,White,Male,35-44,95.0,Application denied
1,345000.0,41,405000.0,155.0,1,Not Hispanic or Latino,Black or African American,Female,55-64,85.0,Loan originated
1,335000.0,30%-<36%,515000.0,116.0,1,Not Hispanic or Latino,White,Male,25-34,65.604,Application denied
1,145000.0,39,425000.0,61.0,1,Not Hispanic or Latino,White,Female,65-74,34.102,Loan originated
1,735000.0,49,935000.0,153.0,1,Not Hispanic or Latino,Asian,Male,35-44,97.0,Loan originated
1,475000.0,30%-<36%,595000.0,183.0,1,Not Hispanic or Latino,Asian,Female,25-34,80.0,Loan originated
1,245000.0,49,255000.0,59.0,1,Hispanic or Latino,White,Male,25-34,97.0,Loan originated
1,425000.0,41,435000.0,124.0,1,Hispanic or Latino,White,Female,25-34,97.0,Application denied
1,815000.0,20%-<30%,1815000.0,501.0,1,Not Hispanic or Latino,White,Female,35-44,44.9,Loan originated
1,445000.0,41,555000.0,129.0,1,Hispanic or Latino,White,Female,45-54,80.0,Loan originated
1,505000.0,45,595000.0,108.0,1,Hispanic or Latino,White,Male,25-34,85.0,Loan originated
1,525000.0,46,745000.0,103.0,1,Not Hispanic or Latino,Asian,Female,25-34,70.801,Loan originated
1,555000.0,49,695000.0,191.0,1,Not Hispanic or Latino,White,Male,35-44,80.0,Loan originated
1,465000.0,47,525000.0,115.0,1,Not Hispanic or Latino,White,Female,25-34,90.0,Loan originated
1,445000.0,50%-60%,605000.0,90.0,1,Hispanic or Latino,White,Male,25-34,74.0,Application denied
1,455000.0,38,795000.0,124.0,1,Not Hispanic or Latino,Asian,Female,25-34,56.962,Loan originated
1,535000.0,41,585000.0,128.0,1,Not Hispanic or Latino,Black or African American,Female,25-34,91.453,Loan originated
1,565000.0,30%-<36%,705000.0,211.0,1,Not Hispanic or Latino,White,Female,35-44,80.0,Loan originated
1,765000.0,30%-<36%,865000.0,253.0,1,Not Hispanic or Latino,Asian,Female,35-44,89.0,Loan originated
1,585000.0,37,815000.0,162.0,1,Hispanic or Latino,American Indian or Alaska Native,Female,45-54,71.606,Loan originated
1,465000.0,50%-60%,585000.0,116.0,1,Hispanic or Latino,White,Male,35-44,80.0,Loan originated
1,685000.0,30%-<36%,915000.0,206.0,1,Not Hispanic or Latino,Asian,Male,35-44,75.0,Loan originated
1,385000.0,41,415000.0,106.0,1,Not Hispanic or Latino,White,Male,25-34,95.0,Loan originated
1,785000.0,41,865000.0,290.0,1,Not Hispanic or Latino,White,Male,45-54,90.0,Loan originated
1,455000.0,49,475000.0,98.0,1,Not Hispanic or Latino,Black or African American,Female,55-64,95.0,Loan originated
1,115000.0,20%-<30%,125000.0,121.0,1,Not Hispanic or Latino,White,Male,45-54,95.0,Loan originated
1,485000.0,30%-<36%,495000.0,146.0,1,Not Hispanic or Latino,White,Male,35-44,97.0,Loan originated
1,475000.0,20%-<30%,535000.0,168.0,1,Not Hispanic or Latino,Asian,Female,35-44,89.9,Loan originated
1,645000.0,41,865000.0,279.0,1,Not Hispanic or Latino,White,Female,55-64,75.0,Loan originated
1,1085000.0,30%-<36%,1805000.0,330.0,1,Not Hispanic or Latino,White,Female,45-54,60.0,Loan originated
1,325000.0,44,335000.0,73.0,1,Hispanic or Latino,White,Male,45-54,97.0,Loan originated
1,395000.0,30%-<36%,535000.0,927.0,1,Not Hispanic or Latino,Asian,Male,45-54,75.0,Loan originated
1,275000.0,48,415000.0,70.0,1,Not Hispanic or Latino,White,Female,>74,66.585,Loan originated
1,385000.0,49,405000.0,90.0,1,Not Hispanic or Latino,White,Female,45-54,95.0,Loan originated
1,1075000.0,48,1605000.0,236.0,1,Not Hispanic or Latino,Asian,Male,45-54,66.88,Loan originated
1,375000.0,49,395000.0,81.0,1,Hispanic or Latino,White,Female,35-44,95.0,Loan originated
1,625000.0,30%-<36%,1205000.0,216.0,1,Not Hispanic or Latino,White,Female,45-54,52.124,Loan originated
1,555000.0,43,695000.0,147.0,1,Not Hispanic or Latino,Asian,Female,25-34,80.0,Loan originated
1,615000.0,47,725000.0,185.0,1,Not Hispanic or Latino,Asian,Female,35-44,85.0,Loan originated
1,345000.0,42,435000.0,0.0,1,Not Hispanic or Latino,White,Male,35-44,79.989,Loan originated
1,15000.0,45,505000.0,135.0,1,Not Hispanic or Latino,White,Female,55-64,100.0,Loan originated
1,425000.0,40,535000.0,217.0,1,Not Hispanic or Latino,Asian,Female,55-64,80.0,Loan originated
1,475000.0,44,595000.0,113.0,1,Hispanic or Latino,Black or African American,Male,55-64,80.0,Loan originated
1,735000.0,42,1065000.0,495.0,1,Not Hispanic or Latino,White,Female,>74,69.1,Loan originated
1,305000.0,48,665000.0,79.0,1,Hispanic or Latino,White,Female,65-74,46.003,Loan originated
1,425000.0,43,445000.0,157.0,1,Hispanic or Latino,White,Male,35-44,95.0,Loan originated
1,275000.0,46,295000.0,95.0,1,Not Hispanic or Latino,White,Female,45-54,90.65,Application denied
1,685000.0,30%-<36%,855000.0,210.0,1,Not Hispanic or Latino,Asian,Male,35-44,80.0,Application denied
1,525000.0,36,655000.0,140.0,1,Not Hispanic or Latino,White,Male,25-34,80.0,Loan originated
1,375000.0,30%-<36%,415000.0,174.0,1,Hispanic or Latino,White,Male,35-44,90.0,Loan originated
1,495000.0,44,555000.0,114.0,1,Not Hispanic or Latino,White,Female,35-44,90.0,Loan originated
1,665000.0,30%-<36%,705000.0,381.0,1,Not Hispanic or Latino,White,Male,35-44,95.0,Loan originated
1,205000.0,37,875000.0,110.0,1,Not Hispanic or Latino,Asian,Male,55-64,22.989,Loan originated
1,485000.0,50%-60%,805000.0,115.0,1,Not Hispanic or Latino,Asian,Female,45-54,59.821,Loan originated
1,615000.0,41,645000.0,151.0,1,Hispanic or Latino,White,Male,35-44,95.0,Loan originated
1,225000.0,36,285000.0,86.0,1,Not Hispanic or Latino,White,Male,55-64,80.0,Loan originated
1,1195000.0,39,1485000.0,288.0,1,Not Hispanic or Latino,White,Male,25-34,80.0,Loan originated
1,405000.0,47,505000.0,87.0,1,Hispanic or Latino,White,Female,55-64,80.0,Loan originated
1,405000.0,20%-<30%,505000.0,180.0,1,Not Hispanic or Latino,White,Female,25-34,79.208,Loan originated
1,345000.0,43,425000.0,104.0,1,Not Hispanic or Latino,White,Male,25-34,80.0,Loan originated
1,195000.0,46,205000.0,102.0,1,Not Hispanic or Latino,White,Female,45-54,95.66,Application denied
1,305000.0,44,315000.0,79.0,1,Not Hispanic or Latino,White,Male,<25,100.0,Loan originated
1,615000.0,49,775000.0,176.0,1,Hispanic or Latino,White,Female,35-44,80.0,Loan originated
1,905000.0,42,1135000.0,220.0,1,Not Hispanic or Latino,White,Male,25-34,80.0,Loan originated
1,1105000.0,30%-<36%,1235000.0,305.0,1,Not Hispanic or Latino,Asian,Male,25-34,90.0,Loan originated
1,395000.0,39,425000.0,113.0,1,Hispanic or Latino,White,Male,25-34,95.0,Loan originated
1,215000.0,37,495000.0,164.0,1,Not Hispanic or Latino,White,Male,25-34,43.287,Loan originated
1,725000.0,38,815000.0,174.0,1,Hispanic or Latino,White,Male,35-44,88.889,Loan originated
1,705000.0,42,885000.0,182.0,1,Not Hispanic or Latino,Asian,Male,25-34,80.0,Loan originated
1,1045000.0,46,1105000.0,212.0,1,Not Hispanic or Latino,Black or African American,Male,45-54,95.0,Loan originated
1,505000.0,41,605000.0,120.0,1,Not Hispanic or Latino,White,Female,35-44,84.0,Loan originated
1,145000.0,30%-<36%,215000.0,64.0,1,Hispanic or Latino,Asian,Female,35-44,80.0,Loan originated
1,425000.0,38,755000.0,150.0,1,Not Hispanic or Latino,Asian,Female,25-34,56.0,Loan originated
1,895000.0,38,995000.0,282.0,1,Hispanic or Latino,White,Male,45-54,90.0,Loan originated
1,745000.0,20%-<30%,785000.0,301.0,1,Hispanic or Latino,White,Female,25-34,95.0,Loan originated
1,345000.0,48,365000.0,96.0,1,Not Hispanic or Latino,American Indian or Alaska Native,Female,45-54,99.0,Loan originated
1,675000.0,49,785000.0,169.0,1,Not Hispanic or Latino,Asian,Female,35-44,85.898,Loan originated
1,365000.0,46,465000.0,88.0,1,Not Hispanic or Latino,Asian,Male,45-54,80.0,Loan originated
1,315000.0,42,385000.0,80.0,1,Hispanic or Latino,White,Male,25-34,89.705,Loan originated
1,255000.0,20%-<30%,585000.0,119.0,1,Not Hispanic or Latino,Asian,Female,35-44,43.59,Loan originated
1,305000.0,49,635000.0,75.0,1,Not Hispanic or Latino,Asian,Male,25-34,47.619,Loan originated
1,1045000.0,48,1035000.0,221.0,1,Not Hispanic or Latino,White,Female,65-74,101.359,Application denied
1,345000.0,41,405000.0,91.0,1,Hispanic or Latino,White,Male,65-74,85.0,Loan originated
1,925000.0,39,1155000.0,221.0,1,Not Hispanic or Latino,Asian,Female,35-44,80.0,Loan originated
1,575000.0,36,775000.0,138.0,1,Hispanic or Latino,White,Female,45-54,74.03,Loan originated
1,395000.0,47,495000.0,106.0,1,Hispanic or Latino,White,Male,35-44,80.0,Loan originated
1,505000.0,20%-<30%,1095000.0,220.0,1,Not Hispanic or Latino,White,Male,35-44,46.0,Loan originated
1,565000.0,46,625000.0,130.0,1,Not Hispanic or Latino,White,Female,45-54,90.0,Loan originated
1,595000.0,48,635000.0,108.0,1,Not Hispanic or Latino,White,Male,25-34,98.0,Loan originated
1,395000.0,41,615000.0,105.0,1,Hispanic or Latino,White,Female,35-44,64.228,Loan originated
1,685000.0,47,765000.0,155.0,1,Hispanic or Latino,White,Female,35-44,90.0,Loan originated
1,185000.0,46,255000.0,47.0,1,Not Hispanic or Latino,Asian,Female,35-44,75.0,Loan originated
1,505000.0,48,675000.0,100.0,1,Not Hispanic or Latino,Asian,Female,25-34,95.0,Loan originated
1,605000.0,44,765000.0,144.0,1,Not Hispanic or Latino,White,Female,55-64,80.0,Loan originated
1,105000.0,>60%,305000.0,59.0,1,Not Hispanic or Latino,White,Female,>74,33.33,Loan originated
1,475000.0,49,675000.0,104.0,1,Not Hispanic or Latino,White,Male,35-44,70.0,Loan originated
1,685000.0,30%-<36%,975000.0,333.0,1,Not Hispanic or Latino,Asian,Male,25-34,70.0,Loan originated
1,705000.0,39,1175000.0,204.0,1,Not Hispanic or Latino,Asian,Male,45-54,59.574,Loan originated
1,425000.0,44,435000.0,95.0,1,Hispanic or Latino,White,Female,45-54,50.325,Loan originated
1,905000.0,48,1325000.0,211.0,1,Not Hispanic or Latino,Asian,Female,45-54,68.206,Loan originated
1,405000.0,49,605000.0,81.0,1,Not Hispanic or Latino,Asian,Male,35-44,66.5,Loan originated
1,355000.0,48,445000.0,82.0,1,Not Hispanic or Latino,White,Female,25-34,80.0,Loan originated
1,525000.0,43,655000.0,140.0,1,Not Hispanic or Latino,White,Male,35-44,80.0,Loan originated
1,305000.0,20%-<30%,455000.0,132.0,1,Not Hispanic or Latino,White,Female,45-54,67.333,Loan originated
1,335000.0,45,395000.0,80.0,1,Not Hispanic or Latino,White,Male,55-64,85.0,Loan originated
1,365000.0,48,765000.0,87.0,1,Not Hispanic or Latino,White,Female,45-54,47.712,Loan originated
1,765000.0,40,1275000.0,200.0,1,Not Hispanic or Latino,White,Male,45-54,60.0,Loan originated
1,975000.0,46,1395000.0,217.0,1,Not Hispanic or Latino,Asian,Female,25-34,70.0,Loan originated
1,1115000.0,41,1175000.0,305.0,1,Not Hispanic or Latino,Asian,Male,35-44,95.0,Loan originated
1,355000.0,37,445000.0,103.0,1,Not Hispanic or Latino,Asian,Male,25-34,80.0,Loan originated
1,435000.0,48,435000.0,120.0,1,Not Hispanic or Latino,White,Male,25-34,99.23,Application denied
1,505000.0,>60%,675000.0,140.0,1,Not Hispanic or Latino,Asian,Female,35-44,75.0,Application denied
1,645000.0,30%-<36%,805000.0,221.0,1,Not Hispanic or Latino,Asian,Male,25-34,80.0,Loan originated
1,785000.0,40,835000.0,211.0,1,Not Hispanic or Latino,White,Male,35-44,95.0,Loan originated
1,325000.0,47,435000.0,66.0,1,Hispanic or Latino,White,Male,25-34,95.0,Loan originated
1,375000.0,38,395000.0,101.0,1,Hispanic or Latino,White,Male,25-34,100.0,Loan originated
1,155000.0,44,305000.0,97.0,1,Not Hispanic or Latino,Asian,Female,45-54,50.5,Application denied
1,305000.0,30%-<36%,975000.0,160.0,1,Hispanic or Latino,White,Male,65-74,30.852,Loan originated
1,175000.0,36,455000.0,107.0,1,Not Hispanic or Latino,Asian,Female,55-64,39.0,Loan originated
1,535000.0,49,675000.0,249.0,1,Not Hispanic or Latino,Asian,Male,45-54,80.0,Loan originated
1,715000.0,48,845000.0,159.0,1,Not Hispanic or Latino,White,Male,35-44,84.524,Loan originated
1,335000.0,49,355000.0,119.0,1,Hispanic or Latino,White,Male,<25,95.0,Loan originated
1,595000.0,20%-<30%,1145000.0,299.0,1,Not Hispanic or Latino,White,Male,35-44,51.571,Loan originated
1,435000.0,47,545000.0,8.0,1,Not Hispanic or Latino,Asian,Male,25-34,79.63,Loan originated
1,765000.0,45,1375000.0,170.0,1,Not Hispanic or Latino,Asian,Male,25-34,55.71,Loan originated
1,355000.0,50%-60%,715000.0,124.0,1,Not Hispanic or Latino,White,Male,25-34,49.3,Loan originated
1,645000.0,49,915000.0,174.0,1,Not Hispanic or Latino,White,Female,35-44,70.0,Loan originated
1,225000.0,49,285000.0,96.0,1,Hispanic or Latino,White,Male,45-54,77.59,Loan originated
1,405000.0,39,605000.0,131.0,1,Not Hispanic or Latino,Asian,Male,35-44,66.667,Loan originated
1,455000.0,30%-<36%,575000.0,151.0,1,Not Hispanic or Latino,Asian,Male,25-34,80.0,Loan originated
1,525000.0,49,555000.0,124.0,1,Hispanic or Latino,White,Female,45-54,95.0,Loan originated
1,545000.0,48,575000.0,136.0,1,Not Hispanic or Latino,White,Male,55-64,95.0,Loan originated
1,325000.0,42,405000.0,93.0,1,Hispanic or Latino,White,Female,45-54,80.0,Loan originated
1,305000.0,36,375000.0,90.0,1,Hispanic or Latino,White,Female,25-34,80.0,Loan originated
1,355000.0,20%-<30%,515000.0,141.0,1,Not Hispanic or Latino,Asian,Female,35-44,68.359,Loan originated
1,725000.0,49,905000.0,143.0,1,Not Hispanic or Latino,White,Male,<25,80.0,Loan originated
1,625000.0,45,645000.0,152.0,1,Hispanic or Latino,White,Female,25-34,97.0,Loan originated
1,685000.0,30%-<36%,865000.0,206.0,1,Not Hispanic or Latino,Asian,Male,35-44,80.0,Loan originated
1,205000.0,45,215000.0,79.0,1,Hispanic or Latino,White,Female,35-44,93.023,Loan originated
1,965000.0,39,1215000.0,370.0,1,Not Hispanic or Latino,White,Female,35-44,80.0,Loan originated
1,265000.0,47,365000.0,62.0,1,Not Hispanic or Latino,White,Female,45-54,100.904,Loan originated
1,285000.0,36,485000.0,105.0,1,Not Hispanic or Latino,White,Male,65-74,60.0,Loan originated
1,215000.0,45,255000.0,56.0,1,Hispanic or Latino,White,Male,25-34,89.902,Loan originated
1,205000.0,36,885000.0,197.0,1,Not Hispanic or Latino,White,Male,55-64,22.599,Loan originated
1,445000.0,49,735000.0,111.0,1,Not Hispanic or Latino,Asian,Female,<25,60.959,Application denied
1,425000.0,30%-<36%,455000.0,143.0,1,Hispanic or Latino,White,Male,25-34,95.0,Loan originated
1,385000.0,30%-<36%,415000.0,123.0,1,Hispanic or Latino,White,Female,25-34,95.0,Loan originated
1,555000.0,48,695000.0,131.0,1,Hispanic or Latino,White,Male,35-44,80.0,Loan originated
1,185000.0,41,285000.0,146.0,1,Not Hispanic or Latino,White,Female,>74,65.0,Loan originated
1,135000.0,30%-<36%,505000.0,55.0,1,Not Hispanic or Latino,White,Female,35-44,27.7,Loan originated
1,935000.0,30%-<36%,1555000.0,357.0,1,Not Hispanic or Latino,Asian,Male,35-44,60.0,Loan originated
1,425000.0,49,1275000.0,102.0,1,Not Hispanic or Latino,White,Female,45-54,33.333,Loan originated
1,335000.0,49,345000.0,74.0,1,Hispanic or Latino,White,Male,35-44,100.0,Loan originated
1,655000.0,30%-<36%,1795000.0,353.0,1,Not Hispanic or Latino,White,Male,45-54,37.0,Loan originated
1,545000.0,41,575000.0,149.0,1,Not Hispanic or Latino,White,Male,45-54,95.0,Loan originated
1,925000.0,44,1615000.0,299.0,1,Not Hispanic or Latino,White,Male,35-44,84.112,Loan originated
1,605000.0,40,765000.0,224.0,1,Not Hispanic or Latino,White,Male,55-64,80.0,Loan originated
1,865000.0,47,915000.0,207.0,1,Not Hispanic or Latino,White,Male,35-44,95.0,Loan originated
1,625000.0,20%-<30%,1045000.0,278.0,1,Not Hispanic or Latino,White,Female,45-54,60.0,Loan originated
1,905000.0,36,1125000.0,263.0,1,Not Hispanic or Latino,Asian,Female,25-34,80.0,Loan originated
1,605000.0,>60%,645000.0,109.0,1,Hispanic or Latino,White,Male,25-34,95.0,Application denied
1,185000.0,49,185000.0,53.0,1,Hispanic or Latino,White,Female,55-64,102.76,Loan originated
1,745000.0,46,785000.0,190.0,1,Hispanic or Latino,White,Female,35-44,95.0,Loan originated
1,575000.0,37,1085000.0,156.0,1,Not Hispanic or Latino,White,Male,25-34,52.995,Loan originated
1,375000.0,50%-60%,395000.0,72.0,1,Not Hispanic or Latino,Black or African American,Female,55-64,100.0,Loan originated
1,425000.0,41,535000.0,164.0,1,Not Hispanic or Latino,Asian,Male,35-44,80.0,Loan originated
1,1055000.0,20%-<30%,1405000.0,594.0,1,Not Hispanic or Latino,White,Male,35-44,75.0,Loan originated
1,585000.0,42,645000.0,138.0,1,Not Hispanic or Latino,Asian,Female,25-34,90.0,Loan originated
1,755000.0,45,1525000.0,326.0,1,Not Hispanic or Latino,Asian,Male,35-44,50.0,Loan originated
1,665000.0,46,785000.0,144.0,1,Not Hispanic or Latino,White,Female,45-54,85.0,Loan originated
1,555000.0,49,615000.0,146.0,1,Hispanic or Latino,White,Female,35-44,90.0,Loan originated
1,735000.0,42,775000.0,208.0,1,Hispanic or Latino,White,Male,35-44,95.0,Loan originated
1,505000.0,39,525000.0,135.0,1,Hispanic or Latino,White,Male,25-34,95.0,Loan originated
1,425000.0,48,455000.0,94.0,1,Hispanic or Latino,White,Female,35-44,97.0,Loan originated
1,765000.0,36,955000.0,303.0,1,Not Hispanic or Latino,White,Female,45-54,80.0,Loan originated
1,825000.0,43,925000.0,242.0,1,Not Hispanic or Latino,White,Female,35-44,90.0,Loan originated
1,245000.0,>60%,305000.0,55.0,1,Not Hispanic or Latino,White,Male,35-44,80.0,Application denied
1,345000.0,36,485000.0,126.0,1,Not Hispanic or Latino,White,Female,35-44,72.01,Loan originated
1,655000.0,43,875000.0,334.0,1,Not Hispanic or Latino,Asian,Male,35-44,75.0,Loan originated
1,745000.0,49,785000.0,245.0,1,Hispanic or Latino,White,Male,25-34,95.0,Loan originated
1,495000.0,20%-<30%,625000.0,435.0,1,Hispanic or Latino,White,Male,45-54,80.0,Loan originated
1,755000.0,48,855000.0,168.0,1,Not Hispanic or Latino,White,Female,35-44,88.35,Loan originated
1,505000.0,39,535000.0,144.0,1,Hispanic or Latino,White,Male,25-34,95.0,Loan originated
1,855000.0,36,1705000.0,214.0,1,Not Hispanic or Latino,2 or more minority races,Female,45-54,50.0,Loan originated
1,935000.0,43,1005000.0,228.0,1,Not Hispanic or Latino,Asian,Male,35-44,93.5,Loan originated
1,245000.0,20%-<30%,315000.0,152.0,1,Not Hispanic or Latino,White,Male,55-64,75.62,Loan originated
1,745000.0,20%-<30%,1065000.0,442.0,1,Not Hispanic or Latino,Asian,Male,<25,70.0,Loan originated
1,255000.0,39,315000.0,76.0,1,Hispanic or Latino,White,Male,25-34,80.0,Loan originated
1,475000.0,44,725000.0,104.0,1,Not Hispanic or Latino,Asian,Male,25-34,65.97,Loan originated
1,965000.0,43,1215000.0,263.0,1,Not Hispanic or Latino,White,Male,65-74,80.0,Loan originated
1,225000.0,47,525000.0,156.0,1,Not Hispanic or Latino,White,Female,25-34,42.308,Loan originated
1,765000.0,40,1485000.0,306.0,1,Not Hispanic or Latino,Asian,Male,35-44,51.61,Loan originated
1,445000.0,46,745000.0,132.0,1,Not Hispanic or Latino,White,Male,45-54,59.73,Loan originated
1,435000.0,20%-<30%,1135000.0,200.0,1,Not Hispanic or Latino,White,Male,35-44,38.05,Loan originated
1,845000.0,48,1055000.0,165.0,1,Hispanic or Latino,White,Male,35-44,80.0,Loan originated
1,305000.0,<20%,1375000.0,240.0,1,Not Hispanic or Latino,Asian,Female,35-44,21.898,Loan originated
1,605000.0,36,805000.0,172.0,1,Not Hispanic or Latino,White,Female,45-54,75.0,Loan originated
1,675000.0,>60%,845000.0,0.0,1,Not Hispanic or Latino,White,Male,35-44,80.0,Application denied
1,255000.0,46,395000.0,62.0,1,Not Hispanic or Latino,White,Female,55-64,62.954,Loan originated
1,475000.0,41,815000.0,352.0,1,Not Hispanic or Latino,White,Male,55-64,59.0,Loan originated
1,215000.0,49,815000.0,70.0,1,Not Hispanic or Latino,Native Hawaiian or Other Pacific Islander,Female,45-54,26.537,Loan originated
1,505000.0,45,935000.0,118.0,1,Not Hispanic or Latino,Asian,Male,45-54,53.763,Loan originated
1,345000.0,45,435000.0,75.0,1,Not Hispanic or Latino,White,Male,45-54,80.0,Loan originated
1,565000.0,30%-<36%,655000.0,170.0,1,Not Hispanic or Latino,White,Female,25-34,85.758,Loan originated
1,105000.0,47,455000.0,34.0,1,Not Hispanic or Latino,White,Female,65-74,22.0,Loan originated
1,555000.0,49,1265000.0,137.0,1,Not Hispanic or Latino,White,Female,55-64,44.08,Loan originated
1,935000.0,50%-60%,1045000.0,175.0,1,Hispanic or Latino,White,Male,35-44,90.0,Application denied
1,745000.0,47,935000.0,189.0,1,Not Hispanic or Latino,White,Male,35-44,80.0,Loan originated
1,465000.0,30%-<36%,555000.0,142.0,1,Not Hispanic or Latino,Asian,Male,25-34,85.0,Loan originated
1,505000.0,49,875000.0,97.0,1,Not Hispanic or Latino,Asian,Male,65-74,57.94,Application denied
1,715000.0,48,755000.0,159.0,1,Hispanic or Latino,White,Male,35-44,95.0,Loan originated
1,165000.0,20%-<30%,455000.0,88.0,1,Not Hispanic or Latino,White,Female,45-54,36.562,Loan originated
1,285000.0,41,295000.0,85.0,1,Hispanic or Latino,White,Female,55-64,100.0,Loan originated
1,265000.0,44,335000.0,72.0,1,Not Hispanic or Latino,White,Female,25-34,80.0,Loan originated
1,855000.0,30%-<36%,1065000.0,316.0,1,Not Hispanic or Latino,Asian,Male,25-34,80.0,Application denied
1,325000.0,48,395000.0,92.0,1,Not Hispanic or Latino,Black or African American,Female,35-44,103.333,Loan originated
1,635000.0,40,705000.0,151.0,1,Not Hispanic or Latino,White,Male,35-44,90.0,Application denied
1,265000.0,48,795000.0,90.0,1,Not Hispanic or Latino,White,Female,55-64,33.0,Loan originated
1,485000.0,30%-<36%,605000.0,160.0,1,Not Hispanic or Latino,Black or African American,Female,55-64,80.0,Loan originated
1,105000.0,44,175000.0,64.0,1,Hispanic or Latino,White,Female,35-44,60.0,Loan originated
1,215000.0,49,245000.0,53.0,1,Not Hispanic or Latino,Black or African American,Male,55-64,90.0,Loan originated
1,525000.0,46,585000.0,110.0,1,Hispanic or Latino,White,Male,25-34,90.0,Loan originated
1,675000.0,47,755000.0,139.0,1,Hispanic or Latino,White,Female,45-54,90.0,Loan originated
1,765000.0,49,885000.0,169.0,1,Not Hispanic or Latino,Asian,Male,35-44,86.534,Loan originated
1,265000.0,30%-<36%,415000.0,80.0,1,Not Hispanic or Latino,White,Male,25-34,63.415,Loan originated
1,1115000.0,30%-<36%,1535000.0,374.0,1,Not Hispanic or Latino,White,Male,35-44,72.44,Loan originated
1,485000.0,47,545000.0,104.0,1,Not Hispanic or Latino,White,Female,25-34,90.0,Loan originated
1,685000.0,45,735000.0,161.0,1,Not Hispanic or Latino,White,Female,25-34,93.242,Loan originated
1,575000.0,30%-<36%,635000.0,229.0,1,Not Hispanic or Latino,Black or African American,Male,45-54,90.0,Loan originated
1,355000.0,40,455000.0,194.0,1,Hispanic or Latino,White,Male,45-54,77.17,Loan originated
1,295000.0,49,885000.0,62.0,1,Hispanic or Latino,White,Male,55-64,32.77,Loan originated
1,705000.0,30%-<36%,1515000.0,213.0,1,Not Hispanic or Latino,White,Male,25-34,46.36,Loan originated
1,495000.0,44,1545000.0,220.0,1,Not Hispanic or Latino,White,Male,55-64,32.04,Loan originated
1,255000.0,37,365000.0,70.0,1,Hispanic or Latino,White,Male,<25,70.0,Loan originated
1,565000.0,40,765000.0,163.0,1,Not Hispanic or Latino,Asian,Female,25-34,75.0,Loan originated
1,735000.0,46,915000.0,161.0,1,Hispanic or Latino,White,Female,55-64,82.732,Loan originated
1,335000.0,46,1005000.0,126.0,1,Not Hispanic or Latino,Asian,Female,55-64,33.5,Loan originated
1,765000.0,49,1025000.0,152.0,1,Not Hispanic or Latino,Asian,Male,35-44,74.509,Loan originated
1,365000.0,49,645000.0,78.0,1,Not Hispanic or Latino,Black or African American,Male,55-64,56.657,Loan originated
1,505000.0,37,565000.0,148.0,1,Not Hispanic or Latino,White,Male,55-64,90.0,Loan originated
1,455000.0,49,505000.0,87.0,1,Not Hispanic or Latino,American Indian or Alaska Native,Female,25-34,90.0,Loan originated
1,695000.0,36,735000.0,352.0,1,Not Hispanic or Latino,White,Female,25-34,95.0,Loan originated
1,355000.0,38,375000.0,191.0,1,Hispanic or Latino,White,Male,35-44,95.0,Loan originated
1,365000.0,20%-<30%,555000.0,175.0,1,Not Hispanic or Latino,White,Female,35-44,65.0,Loan originated
1,495000.0,44,805000.0,134.0,1,Not Hispanic or Latino,Asian,Male,25-34,61.347,Loan originated
1,265000.0,48,485000.0,75.0,1,Hispanic or Latino,White,Female,55-64,57.0,Loan originated
1,1005000.0,46,1255000.0,230.0,1,Not Hispanic or Latino,White,Male,35-44,80.0,Loan originated
1,305000.0,44,825000.0,305.0,1,Not Hispanic or Latino,White,Female,45-54,90.0,Loan originated
1,455000.0,37,485000.0,149.0,1,Hispanic or Latino,White,Male,45-54,94.997,Loan originated
1,765000.0,20%-<30%,1035000.0,442.0,1,Not Hispanic or Latino,Asian,Male,35-44,74.422,Loan originated
1,555000.0,41,625000.0,144.0,1,Not Hispanic or Latino,Asian,Male,35-44,90.0,Loan originated
1,1055000.0,36,1505000.0,273.0,1,Not Hispanic or Latino,Asian,Male,35-44,70.0,Loan originated
1,545000.0,38,685000.0,183.0,1,Not Hispanic or Latino,Asian,Male,35-44,80.0,Loan originated
1,515000.0,30%-<36%,655000.0,200.0,1,Not Hispanic or Latino,Asian,Male,45-54,78.0,Loan originated
1,1105000.0,42,1465000.0,244.0,1,Not Hispanic or Latino,Asian,Male,45-54,75.34,Loan originated
1,765000.0,30%-<36%,1705000.0,251.0,1,Not Hispanic or Latino,Asian,Male,35-44,45.0,Loan originated
1,595000.0,40,785000.0,186.0,1,Not Hispanic or Latino,White,Female,25-34,75.0,Loan originated
1,355000.0,30%-<36%,795000.0,174.0,1,Not Hispanic or Latino,Asian,Male,25-34,45.0,Loan originated
1,745000.0,30%-<36%,1515000.0,367.0,1,Not Hispanic or Latino,White,Male,35-44,49.007,Loan originated
1,415000.0,49,465000.0,84.0,1,Not Hispanic or Latino,White,Male,<25,90.0,Loan originated
1,245000.0,40,535000.0,56.0,1,Not Hispanic or Latino,Native Hawaiian or Other Pacific Islander,Female,45-54,80.0,Loan originated
1,365000.0,37,485000.0,95.0,1,Not Hispanic or Latino,White,Female,35-44,74.997,Loan originated
1,585000.0,20%-<30%,775000.0,222.0,1,Hispanic or Latino,White,Female,25-34,75.0,Loan originated
1,645000.0,42,805000.0,192.0,1,Not Hispanic or Latino,Asian,Female,>74,80.0,Loan originated
1,1145000.0,20%-<30%,1425000.0,389.0,1,Not Hispanic or Latino,Asian,Male,25-34,80.0,Loan originated
1,1125000.0,45,1415000.0,432.0,1,Not Hispanic or Latino,Asian,Male,35-44,80.0,Application denied
1,715000.0,30%-<36%,895000.0,426.0,1,Not Hispanic or Latino,Asian,Female,45-54,80.0,Loan originated
1,135000.0,40,145000.0,105.0,1,Not Hispanic or Latino,Black or African American,Male,35-44,95.0,Loan originated
1,255000.0,42,315000.0,88.0,1,Not Hispanic or Latino,2 or more minority races,Female,35-44,80.0,Loan originated
1,475000.0,20%-<30%,505000.0,199.0,1,Not Hispanic or Latino,Asian,Female,35-44,95.0,Loan originated
1,805000.0,<20%,1105000.0,0.0,1,Not Hispanic or Latino,White,Male,65-74,79.92,Loan originated
1,1015000.0,41,1275000.0,214.0,1,Not Hispanic or Latino,Asian,Male,35-44,80.0,Loan originated
1,145000.0,49,625000.0,112.0,1,Not Hispanic or Latino,White,Female,65-74,22.877,Loan originated
1,665000.0,49,825000.0,122.0,1,Not Hispanic or Latino,White,Male,45-54,78.485,Application denied
1,525000.0,43,545000.0,131.0,1,Not Hispanic or Latino,American Indian or Alaska Native,Male,35-44,97.0,Loan originated
1,195000.0,46,235000.0,49.0,1,Hispanic or Latino,White,Female,35-44,95.941,Loan originated
1,565000.0,<20%,585000.0,552.0,1,Not Hispanic or Latino,White,Female,35-44,97.0,Loan originated
1,1005000.0,47,1385000.0,216.0,1,Not Hispanic or Latino,Asian,Female,35-44,72.92,Loan originated
1,765000.0,44,1365000.0,205.0,1,Not Hispanic or Latino,Asian,Male,45-54,56.397,Loan originated
1,915000.0,30%-<36%,2715000.0,210.0,1,Not Hispanic or Latino,Asian,Female,25-34,34.0,Loan originated
1,275000.0,30%-<36%,285000.0,93.0,1,Not Hispanic or Latino,White,Female,35-44,101.94,Loan originated
1,585000.0,49,665000.0,207.0,1,Hispanic or Latino,White,Female,35-44,88.636,Loan originated
1,355000.0,49,365000.0,74.0,1,Not Hispanic or Latino,White,Male,55-64,97.0,Loan originated
1,325000.0,49,415000.0,85.0,1,Not Hispanic or Latino,Asian,Male,25-34,78.16,Loan originated
1,555000.0,45,585000.0,167.0,1,Not Hispanic or Latino,Black or African American,Female,35-44,95.0,Loan originated
1,665000.0,41,895000.0,237.0,1,Not Hispanic or Latino,Asian,Female,55-64,75.0,Loan originated
1,285000.0,43,415000.0,71.0,1,Hispanic or Latino,White,Female,65-74,70.0,Loan originated
1,545000.0,20%-<30%,575000.0,315.0,1,Not Hispanic or Latino,White,Female,35-44,94.992,Loan originated
1,585000.0,38,725000.0,155.0,1,Not Hispanic or Latino,Asian,Male,25-34,80.0,Loan originated
1,335000.0,49,425000.0,62.0,1,Not Hispanic or Latino,White,Female,25-34,80.0,Loan originated
1,565000.0,45,595000.0,125.0,1,Not Hispanic or Latino,2 or more minority races,Female,25-34,95.0,Loan originated
1,995000.0,43,1325000.0,226.0,1,Not Hispanic or Latino,Asian,Female,25-34,75.0,Loan originated
1,555000.0,48,695000.0,137.0,1,Hispanic or Latino,White,Female,65-74,80.0,Loan originated
1,735000.0,46,815000.0,239.0,1,Not Hispanic or Latino,White,Male,35-44,90.0,Loan originated
1,435000.0,36,735000.0,157.0,1,Not Hispanic or Latino,Native Hawaiian or Other Pacific Islander,Male,55-64,58.904,Loan originated
1,175000.0,47,295000.0,72.0,1,Hispanic or Latino,White,Male,35-44,58.35,Application denied
1,955000.0,39,1195000.0,279.0,1,Not Hispanic or Latino,White,Male,65-74,80.0,Loan originated
1,445000.0,37,645000.0,116.0,1,Not Hispanic or Latino,Asian,Male,45-54,70.0,Loan originated
1,655000.0,40,1305000.0,301.0,1,Not Hispanic or Latino,Asian,Female,45-54,50.0,Loan originated
1,295000.0,49,325000.0,80.0,1,Not Hispanic or Latino,White,Female,55-64,90.0,Loan originated
1,395000.0,40,415000.0,91.0,1,Hispanic or Latino,White,Male,25-34,97.0,Loan originated
1,705000.0,44,995000.0,145.0,1,Not Hispanic or Latino,White,Male,65-74,70.35,Loan originated
1,245000.0,30%-<36%,265000.0,135.0,1,Hispanic or Latino,White,Male,25-34,95.0,Loan originated
1,225000.0,41,245000.0,99.0,1,Hispanic or Latino,White,Female,45-54,95.0,Application denied
1,295000.0,45,735000.0,98.0,1,Not Hispanic or Latino,White,Male,35-44,40.065,Loan originated
1,395000.0,40,495000.0,120.0,1,Not Hispanic or Latino,Asian,Male,35-44,80.0,Loan originated
1,265000.0,42,445000.0,103.0,1,Hispanic or Latino,White,Female,45-54,59.09,Loan originated
1,295000.0,36,525000.0,89.0,1,Not Hispanic or Latino,Black or African American,Female,55-64,95.24,Loan originated
1,505000.0,37,1105000.0,158.0,1,Not Hispanic or Latino,Asian,Male,35-44,45.249,Loan originated
1,415000.0,40,545000.0,146.0,1,Not Hispanic or Latino,White,Female,35-44,75.0,Loan originated
1,765000.0,45,1235000.0,173.0,1,Not Hispanic or Latino,Asian,Female,25-34,62.005,Loan originated
1,315000.0,>60%,335000.0,168.0,1,Hispanic or Latino,White,Female,25-34,93.11,Application denied
1,425000.0,46,565000.0,150.0,1,Not Hispanic or Latino,Asian,Female,45-54,75.0,Loan originated
1,345000.0,40,435000.0,81.0,1,Not Hispanic or Latino,Asian,Female,45-54,80.0,Loan originated
1,365000.0,30%-<36%,385000.0,138.0,1,Not Hispanic or Latino,White,Male,35-44,95.0,Loan originated
1,525000.0,49,875000.0,138.0,1,Not Hispanic or Latino,White,Male,>74,60.0,Loan originated
1,505000.0,49,555000.0,152.0,1,Not Hispanic or Latino,White,Female,25-34,92.0,Loan originated
1,375000.0,43,795000.0,142.0,1,Not Hispanic or Latino,White,Female,65-74,47.031,Loan originated
1,585000.0,30%-<36%,685000.0,155.0,1,Not Hispanic or Latino,Asian,Male,25-34,85.444,Loan originated
1,565000.0,40,755000.0,268.0,1,Hispanic or Latino,White,Female,45-54,75.0,Loan originated
1,1065000.0,46,1425000.0,240.0,1,Not Hispanic or Latino,Black or African American,Male,25-34,75.0,Loan originated
1,505000.0,>60%,1305000.0,48.0,1,Not Hispanic or Latino,Asian,Male,55-64,38.46,Application denied
1,405000.0,37,755000.0,115.0,1,Not Hispanic or Latino,White,Female,35-44,53.333,Loan originated
1,385000.0,20%-<30%,485000.0,165.0,1,Not Hispanic or Latino,White,Male,35-44,80.0,Loan originated
1,275000.0,44,325000.0,70.0,1,Hispanic or Latino,White,Male,45-54,88.817,Loan originated
1,255000.0,49,855000.0,100.0,1,Not Hispanic or Latino,White,Female,55-64,29.412,Loan originated
1,365000.0,30%-<36%,455000.0,144.0,1,Hispanic or Latino,White,Male,35-44,80.0,Loan originated
1,555000.0,20%-<30%,745000.0,288.0,1,Not Hispanic or Latino,White,Male,25-34,75.0,Loan originated
1,675000.0,30%-<36%,905000.0,201.0,1,Not Hispanic or Latino,Asian,Male,35-44,75.0,Loan originated
1,415000.0,39,525000.0,125.0,1,Not Hispanic or Latino,Black or African American,Female,35-44,80.0,Loan originated
1,605000.0,20%-<30%,765000.0,261.0,1,Hispanic or Latino,White,Male,45-54,80.0,Loan originated
1,565000.0,30%-<36%,665000.0,208.0,1,Hispanic or Latino,White,Male,35-44,85.0,Loan originated
1,455000.0,41,655000.0,159.0,1,Not Hispanic or Latino,White,Male,35-44,70.0,Loan originated
1,355000.0,42,445000.0,90.0,1,Hispanic or Latino,American Indian or Alaska Native,Male,25-34,80.0,Loan originated
1,465000.0,40,475000.0,136.0,1,Not Hispanic or Latino,White,Female,35-44,100.0,Loan originated
1,735000.0,38,1465000.0,323.0,1,Not Hispanic or Latino,Asian,Male,55-64,50.0,Loan originated
1,215000.0,20%-<30%,225000.0,114.0,1,Hispanic or Latino,White,Male,35-44,95.0,Loan originated
1,465000.0,40,785000.0,215.0,1,Not Hispanic or Latino,White,Female,45-54,60.0,Loan originated
1,685000.0,49,805000.0,129.0,1,Hispanic or Latino,White,Male,25-34,85.0,Loan originated
1,225000.0,30%-<36%,1955000.0,245.0,1,Not Hispanic or Latino,Asian,Female,45-54,90.0,Loan originated
1,645000.0,41,715000.0,216.0,1,Not Hispanic or Latino,Black or African American,Female,55-64,90.0,Loan originated
1,545000.0,38,1045000.0,200.0,1,Not Hispanic or Latino,White,Male,25-34,51.969,Loan originated
1,845000.0,43,1055000.0,204.0,1,Not Hispanic or Latino,Asian,Female,45-54,80.0,Loan originated
1,985000.0,20%-<30%,1415000.0,531.0,1,Not Hispanic or Latino,White,Male,35-44,89.99,Loan originated
1,315000.0,44,325000.0,85.0,1,Not Hispanic or Latino,White,Male,25-34,97.0,Loan originated
1,785000.0,48,825000.0,213.0,1,Not Hispanic or Latino,White,Male,35-44,95.0,Loan originated
1,385000.0,40,425000.0,109.0,1,Not Hispanic or Latino,White,Female,55-64,89.41,Loan originated
1,675000.0,36,755000.0,176.0,1,Not Hispanic or Latino,White,Male,35-44,90.0,Loan originated
1,505000.0,30%-<36%,665000.0,464.0,1,Not Hispanic or Latino,Asian,Male,45-54,75.0,Loan originated
1,765000.0,39,1225000.0,280.0,1,Hispanic or Latino,White,Male,25-34,62.571,Loan originated
1,675000.0,38,895000.0,197.0,1,Not Hispanic or Latino,Asian,Female,35-44,75.0,Loan originated
1,405000.0,49,735000.0,146.0,1,Not Hispanic or Latino,Asian,Male,35-44,54.795,Loan originated
1,865000.0,39,1095000.0,204.0,1,Not Hispanic or Latino,Asian,Male,45-54,79.725,Loan originated
1,655000.0,43,815000.0,166.0,1,Not Hispanic or Latino,Asian,Male,35-44,80.0,Loan originated
1,805000.0,49,885000.0,307.0,1,Not Hispanic or Latino,White,Male,25-34,90.0,Loan originated
1,615000.0,50%-60%,835000.0,111.0,1,Not Hispanic or Latino,White,Female,25-34,73.653,Loan originated
1,625000.0,47,695000.0,110.0,1,Hispanic or Latino,White,Female,25-34,89.855,Loan originated
1,805000.0,44,1415000.0,204.0,1,Not Hispanic or Latino,White,Male,45-54,56.46,Loan originated
1,425000.0,30%-<36%,675000.0,123.0,1,Not Hispanic or Latino,White,Female,25-34,62.96,Loan originated
1,785000.0,49,835000.0,145.0,1,Hispanic or Latino,White,Male,25-34,94.192,Loan originated
1,475000.0,44,485000.0,123.0,1,Hispanic or Latino,White,Male,25-34,101.94,Loan originated
1,895000.0,42,1115000.0,310.0,1,Not Hispanic or Latino,White,Female,35-44,80.0,Loan originated
1,415000.0,47,515000.0,306.0,1,Hispanic or Latino,White,Female,55-64,80.0,Loan originated
1,575000.0,49,605000.0,132.0,1,Hispanic or Latino,White,Male,45-54,95.0,Loan originated
1,335000.0,30%-<36%,375000.0,125.0,1,Not Hispanic or Latino,White,Male,45-54,89.9,Loan originated
1,245000.0,39,265000.0,69.0,1,Not Hispanic or Latino,White,Male,55-64,95.0,Loan originated
1,745000.0,44,885000.0,180.0,1,Not Hispanic or Latino,White,Male,55-64,85.0,Loan originated
1,695000.0,49,875000.0,162.0,1,Not Hispanic or Latino,White,Male,45-54,80.0,Loan originated
1,425000.0,48,475000.0,141.0,1,Hispanic or Latino,White,Male,55-64,89.9,Loan originated
1,805000.0,46,1535000.0,180.0,1,Not Hispanic or Latino,Asian,Male,25-34,53.0,Loan originated
1,845000.0,42,955000.0,248.0,1,Not Hispanic or Latino,Asian,Male,35-44,88.287,Loan originated
1,305000.0,36,425000.0,103.0,1,Not Hispanic or Latino,White,Male,35-44,71.65,Application denied
1,325000.0,41,345000.0,75.0,1,Not Hispanic or Latino,White,Female,25-34,95.0,Loan originated
1,525000.0,49,585000.0,106.0,1,Not Hispanic or Latino,White,Male,35-44,90.0,Loan originated
1,515000.0,20%-<30%,715000.0,387.0,1,Not Hispanic or Latino,Asian,Male,55-64,72.0,Loan originated
1,405000.0,49,425000.0,82.0,1,Not Hispanic or Latino,Black or African American,Female,55-64,94.86,Loan originated
1,165000.0,49,515000.0,50.0,1,Not Hispanic or Latino,White,Female,65-74,32.528,Loan originated
1,355000.0,46,475000.0,82.0,1,Not Hispanic or Latino,White,Male,25-34,75.0,Loan originated
1,845000.0,39,1125000.0,225.0,1,Not Hispanic or Latino,White,Female,35-44,75.0,Loan originated
1,435000.0,41,525000.0,97.0,1,Not Hispanic or Latino,Black or African American,Female,55-64,83.913,Application denied
1,465000.0,30%-<36%,495000.0,144.0,1,Not Hispanic or Latino,White,Female,55-64,95.0,Loan originated
1,595000.0,<20%,665000.0,3685.0,1,Hispanic or Latino,White,Female,55-64,90.0,Loan originated
1,575000.0,<20%,775000.0,319.0,1,Not Hispanic or Latino,Asian,Male,65-74,75.0,Loan originated
1,1075000.0,46,1675000.0,304.0,1,Not Hispanic or Latino,White,Male,35-44,64.179,Loan originated
1,625000.0,30%-<36%,1655000.0,220.0,1,Not Hispanic or Latino,White,Male,35-44,37.764,Loan originated
1,655000.0,48,1305000.0,153.0,1,Not Hispanic or Latino,White,Male,55-64,50.345,Loan originated
1,555000.0,46,905000.0,125.0,1,Not Hispanic or Latino,White,Female,25-34,60.77,Loan originated
1,1075000.0,41,1195000.0,330.0,1,Not Hispanic or Latino,White,Male,35-44,90.0,Application denied
1,655000.0,37,865000.0,182.0,1,Hispanic or Latino,White,Male,35-44,75.0,Loan originated
1,275000.0,36,385000.0,91.0,1,Not Hispanic or Latino,White,Male,55-64,72.03,Loan originated
1,565000.0,30%-<36%,595000.0,224.0,1,Not Hispanic or Latino,White,Male,35-44,95.0,Loan originated
1,805000.0,41,895000.0,194.0,1,Not Hispanic or Latino,Asian,Male,25-34,90.0,Application denied
1,585000.0,46,605000.0,191.0,1,Not Hispanic or Latino,Black or African American,Female,45-54,97.0,Loan originated
1,465000.0,50%-60%,615000.0,149.0,1,Hispanic or Latino,White,Male,35-44,76.0,Loan originated
1,715000.0,20%-<30%,955000.0,390.0,1,Not Hispanic or Latino,White,Male,25-34,75.0,Loan originated
1,235000.0,44,495000.0,107.0,1,Not Hispanic or Latino,White,Female,45-54,47.94,Loan originated
1,655000.0,45,875000.0,139.0,1,Not Hispanic or Latino,White,Female,45-54,75.0,Loan originated
1,915000.0,40,1215000.0,230.0,1,Not Hispanic or Latino,Asian,Female,25-34,75.0,Loan originated
1,545000.0,46,685000.0,219.0,1,Not Hispanic or Latino,White,Male,25-34,80.0,Loan originated
1,115000.0,20%-<30%,225000.0,72.0,1,Not Hispanic or Latino,White,Female,>74,50.0,Loan originated
1,305000.0,45,875000.0,102.0,1,Not Hispanic or Latino,White,Male,35-44,35.0,Loan originated
1,245000.0,43,555000.0,63.0,1,Not Hispanic or Latino,Asian,Male,45-54,43.6,Loan originated
1,545000.0,30%-<36%,615000.0,222.0,1,Not Hispanic or Latino,White,Female,35-44,89.984,Loan originated
1,395000.0,42,595000.0,113.0,1,Not Hispanic or Latino,White,Male,35-44,66.102,Loan originated
1,285000.0,49,485000.0,71.0,1,Not Hispanic or Latino,White,Female,45-54,59.896,Loan originated
1,1095000.0,46,1235000.0,255.0,1,Not Hispanic or Latino,White,Male,35-44,89.0,Loan originated
1,325000.0,20%-<30%,395000.0,230.0,1,Hispanic or Latino,White,Male,35-44,80.0,Loan originated
1,1005000.0,30%-<36%,3055000.0,456.0,1,Not Hispanic or Latino,Asian,Male,35-44,32.787,Loan originated
1,105000.0,36,145000.0,80.0,1,Not Hispanic or Latino,White,Female,65-74,74.2,Loan originated
1,435000.0,48,695000.0,108.0,1,Not Hispanic or Latino,Asian,Female,35-44,62.116,Loan originated
1,785000.0,48,975000.0,360.0,1,Not Hispanic or Latino,Black or African American,Female,55-64,80.0,Loan originated
1,735000.0,42,775000.0,193.0,1,Hispanic or Latino,White,Male,35-44,95.0,Loan originated
1,745000.0,>60%,995000.0,192.0,1,Not Hispanic or Latino,Asian,Female,25-34,75.0,Loan originated
1,995000.0,50%-60%,1445000.0,300.0,1,Hispanic or Latino,White,Male,35-44,69.45,Application denied
1,155000.0,20%-<30%,155000.0,81.0,1,Hispanic or Latino,White,Male,25-34,97.598,Loan originated
1,555000.0,30%-<36%,655000.0,173.0,1,Not Hispanic or Latino,White,Male,35-44,85.0,Loan originated
1,595000.0,50%-60%,625000.0,130.0,1,Not Hispanic or Latino,Asian,Male,45-54,95.0,Application denied
1,355000.0,20%-<30%,445000.0,118.0,1,Not Hispanic or Latino,White,Male,25-34,80.0,Loan originated
1,235000.0,42,605000.0,195.0,1,Hispanic or Latino,White,Female,>74,38.182,Loan originated
1,735000.0,40,1235000.0,384.0,1,Not Hispanic or Latino,White,Male,45-54,59.35,Loan originated
1,225000.0,20%-<30%,275000.0,131.0,1,Hispanic or Latino,American Indian or Alaska Native,Male,35-44,80.0,Loan originated
1,305000.0,46,405000.0,70.0,1,Hispanic or Latino,White,Male,45-54,75.0,Loan originated
1,275000.0,48,675000.0,71.0,1,Not Hispanic or Latino,White,Female,35-44,40.299,Loan originated
1,575000.0,39,1575000.0,200.0,1,Not Hispanic or Latino,White,Male,55-64,36.508,Loan originated
1,915000.0,20%-<30%,1305000.0,333.0,1,Not Hispanic or Latino,White,Female,35-44,70.0,Loan originated
1,615000.0,49,1165000.0,131.0,1,Not Hispanic or Latino,White,Female,45-54,53.2,Loan originated
1,515000.0,39,635000.0,138.0,1,Not Hispanic or Latino,White,Male,55-64,80.0,Loan originated
1,925000.0,44,1155000.0,250.0,1,Not Hispanic or Latino,White,Male,35-44,80.0,Loan originated
1,575000.0,47,695000.0,156.0,1,Not Hispanic or Latino,White,Male,<25,83.809,Loan originated
1,915000.0,49,955000.0,339.0,1,Not Hispanic or Latino,Asian,Male,35-44,95.0,Loan originated
1,295000.0,30%-<36%,375000.0,96.0,1,Not Hispanic or Latino,Asian,Male,35-44,80.0,Loan originated
1,765000.0,45,845000.0,167.0,1,Not Hispanic or Latino,Asian,Male,35-44,89.99,Loan originated
1,555000.0,42,695000.0,148.0,1,Not Hispanic or Latino,Asian,Male,25-34,80.0,Loan originated
1,495000.0,48,525000.0,109.0,1,Not Hispanic or Latino,Black or African American,Male,65-74,95.0,Loan originated
1,555000.0,46,585000.0,150.0,1,Hispanic or Latino,White,Male,35-44,95.0,Loan originated
1,345000.0,49,425000.0,121.0,1,Not Hispanic or Latino,Asian,Male,25-34,80.0,Loan originated
1,485000.0,20%-<30%,645000.0,275.0,1,Not Hispanic or Latino,White,Male,55-64,75.0,Loan originated
1,335000.0,44,375000.0,76.0,1,Not Hispanic or Latino,White,Male,25-34,88.918,Loan originated
1,365000.0,47,455000.0,72.0,1,Not Hispanic or Latino,Asian,Male,25-34,80.0,Loan originated
1,635000.0,42,795000.0,155.0,1,Not Hispanic or Latino,Asian,Male,25-34,80.0,Loan originated
1,525000.0,47,545000.0,120.0,1,Hispanic or Latino,White,Male,25-34,95.0,Loan originated
1,365000.0,39,525000.0,278.0,1,Not Hispanic or Latino,White,Female,55-64,70.0,Loan originated
1,585000.0,48,675000.0,130.0,1,Not Hispanic or Latino,White,Male,25-34,86.667,Loan originated
1,385000.0,41,485000.0,91.0,1,Not Hispanic or Latino,White,Female,25-34,80.0,Loan originated
1,905000.0,42,1325000.0,246.0,1,Not Hispanic or Latino,White,Female,55-64,68.182,Application denied
1,565000.0,20%-<30%,665000.0,614.0,1,Not Hispanic or Latino,White,Male,25-34,85.0,Loan originated
1,205000.0,30%-<36%,825000.0,106.0,1,Not Hispanic or Latino,White,Female,>74,25.0,Loan originated
1,945000.0,40,1355000.0,321.0,1,Not Hispanic or Latino,Asian,Female,25-34,70.0,Loan originated
1,135000.0,49,535000.0,43.0,1,Not Hispanic or Latino,White,Female,55-64,25.23,Loan originated
1,355000.0,>60%,585000.0,0.0,1,Not Hispanic or Latino,2 or more minority races,Female,25-34,59.829,Application denied
1,475000.0,39,595000.0,125.0,1,Hispanic or Latino,White,Male,25-34,80.0,Loan originated
1,595000.0,41,745000.0,171.0,1,Not Hispanic or Latino,Asian,Male,<25,80.0,Loan originated
1,225000.0,39,375000.0,62.0,1,Not Hispanic or Latino,White,Male,>74,60.32,Loan originated
1,305000.0,20%-<30%,1305000.0,155.0,1,Not Hispanic or Latino,White,Female,25-34,24.0,Loan originated
1,425000.0,41,455000.0,129.0,1,Not Hispanic or Latino,White,Male,35-44,95.0,Loan originated
1,435000.0,37,1195000.0,644.0,1,Not Hispanic or Latino,Black or African American,Female,35-44,100.0,Loan originated
1,505000.0,38,635000.0,141.0,1,Not Hispanic or Latino,Asian,Male,45-54,79.488,Loan originated
1,385000.0,30%-<36%,405000.0,123.0,1,Hispanic or Latino,White,Male,35-44,95.0,Loan originated
1,425000.0,30%-<36%,525000.0,123.0,1,Not Hispanic or Latino,White,Male,25-34,80.0,Loan originated
1,245000.0,48,465000.0,94.0,1,Not Hispanic or Latino,White,Female,65-74,51.92,Loan originated
1,555000.0,>60%,585000.0,104.0,1,Hispanic or Latino,2 or more minority races,Female,45-54,95.0,Application denied
1,565000.0,43,615000.0,142.0,1,Hispanic or Latino,White,Male,25-34,91.997,Loan originated
1,515000.0,39,535000.0,168.0,1,Not Hispanic or Latino,White,Male,55-64,95.0,Loan originated
1,575000.0,30%-<36%,715000.0,160.0,1,Not Hispanic or Latino,Asian,Male,35-44,80.0,Loan originated
1,255000.0,45,325000.0,85.0,1,Not Hispanic or Latino,White,Male,35-44,80.0,Loan originated
1,225000.0,49,275000.0,44.0,1,Not Hispanic or Latino,White,Female,25-34,80.0,Loan originated
1,975000.0,30%-<36%,1315000.0,322.0,1,Not Hispanic or Latino,Asian,Female,35-44,75.0,Loan originated
1,285000.0,20%-<30%,415000.0,109.0,1,Hispanic or Latino,White,Male,45-54,70.0,Loan originated
1,1115000.0,40,1395000.0,321.0,1,Not Hispanic or Latino,White,Male,35-44,80.0,Loan originated
1,455000.0,45,545000.0,107.0,1,Not Hispanic or Latino,Black or African American,Male,45-54,83.333,Loan originated
1,465000.0,49,485000.0,124.0,1,Hispanic or Latino,White,Male,45-54,97.845,Loan originated
1,385000.0,20%-<30%,425000.0,195.0,1,Not Hispanic or Latino,White,Female,25-34,90.0,Loan originated
1,545000.0,40,565000.0,150.0,1,Hispanic or Latino,American Indian or Alaska Native,Male,25-34,97.0,Application denied
1,825000.0,30%-<36%,1095000.0,243.0,1,Not Hispanic or Latino,White,Male,65-74,75.0,Loan originated
1,75000.0,20%-<30%,85000.0,131.0,1,Not Hispanic or Latino,White,Female,55-64,99.09,Loan originated
1,995000.0,39,1425000.0,326.0,1,Not Hispanic or Latino,Asian,Male,35-44,70.31,Loan originated
1,755000.0,43,945000.0,183.0,1,Not Hispanic or Latino,Asian,Male,35-44,80.0,Loan originated
1,605000.0,48,835000.0,205.0,1,Not Hispanic or Latino,Asian,Male,25-34,72.45,Loan originated
1,655000.0,46,1185000.0,145.0,1,Not Hispanic or Latino,Asian,Male,25-34,54.992,Loan originated
1,765000.0,39,855000.0,228.0,1,Not Hispanic or Latino,White,Male,25-34,89.149,Loan originated
1,765000.0,47,1055000.0,200.0,1,Hispanic or Latino,White,Male,25-34,72.63,Loan originated
1,685000.0,39,855000.0,195.0,1,Not Hispanic or Latino,White,Female,35-44,80.0,Loan originated
1,835000.0,36,1645000.0,334.0,1,Not Hispanic or Latino,White,Male,35-44,50.606,Loan originated
1,485000.0,44,515000.0,123.0,1,Not Hispanic or Latino,White,Male,25-34,95.0,Loan originated
1,155000.0,39,855000.0,133.0,1,Not Hispanic or Latino,Asian,Male,<25,95.0,Loan originated
1,395000.0,46,445000.0,110.0,1,Not Hispanic or Latino,Black or African American,Male,45-54,90.0,Loan originated
1,65000.0,20%-<30%,165000.0,30.0,1,Not Hispanic or Latino,White,Male,<25,43.0,Loan originated
1,485000.0,37,785000.0,139.0,1,Not Hispanic or Latino,Asian,Female,25-34,62.0,Loan originated
1,1055000.0,37,1325000.0,414.0,1,Not Hispanic or Latino,White,Male,25-34,80.0,Loan originated
1,405000.0,48,505000.0,100.0,1,Hispanic or Latino,White,Male,<25,100.0,Loan originated
1,735000.0,50%-60%,975000.0,149.0,1,Not Hispanic or Latino,White,Female,35-44,75.0,Application denied
1,955000.0,41,1125000.0,278.0,1,Not Hispanic or Latino,Asian,Male,45-54,85.0,Loan originated
1,375000.0,41,495000.0,208.0,1,Hispanic or Latino,White,Male,35-44,75.0,Loan originated
1,465000.0,30%-<36%,505000.0,168.0,1,Not Hispanic or Latino,White,Male,25-34,93.0,Loan originated
1,155000.0,49,305000.0,56.0,1,Not Hispanic or Latino,White,Female,>74,50.82,Loan originated
1,405000.0,50%-60%,475000.0,69.0,1,Not Hispanic or Latino,Asian,Female,45-54,85.0,Application denied
1,1135000.0,49,1515000.0,254.0,1,Not Hispanic or Latino,Asian,Male,45-54,75.0,Loan originated
1,445000.0,48,555000.0,104.0,1,Hispanic or Latino,White,Male,25-34,80.0,Loan originated
1,195000.0,38,245000.0,83.0,1,Hispanic or Latino,White,Female,35-44,80.0,Loan originated
1,235000.0,38,295000.0,113.0,1,Hispanic or Latino,White,Male,45-54,80.0,Loan originated
1,985000.0,43,1035000.0,237.0,1,Not Hispanic or Latino,White,Male,35-44,95.0,Loan originated
1,925000.0,41,1325000.0,218.0,1,Not Hispanic or Latino,Asian,Female,25-34,70.0,Loan originated
1,355000.0,20%-<30%,395000.0,237.0,1,Hispanic or Latino,White,Male,35-44,90.0,Loan originated
1,525000.0,45,555000.0,133.0,1,Hispanic or Latino,White,Female,25-34,95.0,Loan originated
1,305000.0,49,345000.0,104.0,1,Not Hispanic or Latino,Black or African American,Male,35-44,95.295,Loan originated
1,435000.0,45,965000.0,125.0,1,Not Hispanic or Latino,White,Female,35-44,45.625,Loan originated
1,645000.0,49,805000.0,162.0,1,Hispanic or Latino,White,Male,35-44,80.0,Loan originated
1,405000.0,44,455000.0,89.0,1,Hispanic or Latino,White,Female,35-44,89.0,Loan originated
1,505000.0,20%-<30%,635000.0,270.0,1,Hispanic or Latino,White,Female,25-34,80.0,Loan originated
1,825000.0,30%-<36%,865000.0,301.0,1,Not Hispanic or Latino,Asian,Male,25-34,94.72,Loan originated
1,255000.0,30%-<36%,345000.0,100.0,1,Hispanic or Latino,White,Male,45-54,75.0,Loan originated
1,745000.0,49,845000.0,334.0,1,Not Hispanic or Latino,Asian,Male,55-64,89.0,Loan originated
1,715000.0,49,805000.0,140.0,1,Not Hispanic or Latino,Asian,Male,25-34,88.0,Loan originated
1,475000.0,20%-<30%,595000.0,243.0,1,Hispanic or Latino,White,Male,35-44,80.0,Loan originated
1,275000.0,20%-<30%,955000.0,177.0,1,Not Hispanic or Latino,White,Male,35-44,29.0,Loan originated
1,585000.0,44,725000.0,272.0,1,Not Hispanic or Latino,Asian,Male,35-44,80.0,Loan originated
1,345000.0,<20%,405000.0,761.0,1,Hispanic or Latino,White,Female,25-34,85.0,Application denied
1,1315000.0,47,1645000.0,719.0,1,Not Hispanic or Latino,Asian,Male,65-74,80.0,Loan originated
1,415000.0,48,425000.0,160.0,1,Not Hispanic or Latino,White,Male,35-44,97.0,Loan originated
1,465000.0,47,675000.0,96.0,1,Hispanic or Latino,White,Female,35-44,68.148,Loan originated
1,95000.0,>60%,415000.0,22.0,1,Not Hispanic or Latino,White,Male,55-64,22.892,Application denied
1,165000.0,43,345000.0,41.0,1,Hispanic or Latino,White,Male,55-64,48.529,Loan originated
1,1125000.0,44,1405000.0,247.0,1,Not Hispanic or Latino,White,Male,25-34,80.0,Loan originated
1,625000.0,44,795000.0,141.0,1,Not Hispanic or Latino,Asian,Male,25-34,78.861,Loan originated
1,615000.0,45,765000.0,130.0,1,Not Hispanic or Latino,White,Male,35-44,80.0,Loan originated
1,455000.0,38,655000.0,142.0,1,Hispanic or Latino,White,Female,25-34,69.231,Loan originated
1,525000.0,38,665000.0,234.0,1,Not Hispanic or Latino,Asian,Female,55-64,80.0,Loan originated
1,1135000.0,41,1265000.0,308.0,1,Not Hispanic or Latino,Asian,Female,25-34,89.98,Loan originated
1,605000.0,20%-<30%,895000.0,225.0,1,Not Hispanic or Latino,White,Female,35-44,66.815,Loan originated
1,135000.0,20%-<30%,175000.0,64.0,1,Not Hispanic or Latino,American Indian or Alaska Native,Male,25-34,88.235,Loan originated
1,325000.0,42,335000.0,83.0,1,Not Hispanic or Latino,White,Male,<25,97.0,Loan originated
1,225000.0,37,505000.0,70.0,1,Not Hispanic or Latino,White,Female,55-64,70.16,Loan originated
1,415000.0,49,465000.0,105.0,1,Not Hispanic or Latino,White,Male,35-44,90.0,Loan originated
1,385000.0,20%-<30%,635000.0,173.0,1,Hispanic or Latino,White,Female,65-74,60.87,Loan originated
1,345000.0,49,435000.0,99.0,1,Hispanic or Latino,White,Male,25-34,80.0,Loan originated
1,485000.0,42,695000.0,133.0,1,Hispanic or Latino,White,Female,35-44,69.957,Loan originated
1,1055000.0,46,1505000.0,240.0,1,Not Hispanic or Latino,Asian,Female,35-44,70.0,Loan originated
1,545000.0,46,615000.0,145.0,1,Hispanic or Latino,White,Male,35-44,89.99,Loan originated
1,505000.0,20%-<30%,805000.0,238.0,1,Not Hispanic or Latino,Asian,Male,25-34,62.5,Loan originated
1,295000.0,48,515000.0,63.0,1,Hispanic or Latino,White,Female,45-54,57.29,Loan originated
1,475000.0,30%-<36%,555000.0,138.0,1,Not Hispanic or Latino,White,Male,25-34,85.0,Loan originated
1,235000.0,49,255000.0,98.0,1,Not Hispanic or Latino,White,Male,25-34,95.0,Loan originated
1,215000.0,36,235000.0,155.0,1,Hispanic or Latino,White,Male,35-44,90.0,Loan originated
1,625000.0,30%-<36%,785000.0,297.0,1,Not Hispanic or Latino,Asian,Female,25-34,80.0,Loan originated
1,405000.0,30%-<36%,515000.0,135.0,1,Not Hispanic or Latino,White,Male,25-34,80.0,Loan originated
1,675000.0,47,755000.0,364.0,1,Hispanic or Latino,White,Male,<25,90.0,Loan originated
1,685000.0,49,855000.0,161.0,1,Not Hispanic or Latino,Asian,Female,35-44,80.0,Loan originated
1,485000.0,49,645000.0,100.0,1,Not Hispanic or Latino,Asian,Male,35-44,75.0,Loan originated
1,1095000.0,42,1565000.0,278.0,1,Not Hispanic or Latino,White,Male,35-44,70.224,Loan originated
1,15000.0,36,545000.0,129.0,1,Not Hispanic or Latino,Black or African American,Female,65-74,100.0,Loan originated
1,545000.0,30%-<36%,725000.0,161.0,1,Hispanic or Latino,White,Female,35-44,75.0,Loan originated
1,985000.0,36,1045000.0,426.0,1,Not Hispanic or Latino,Asian,Male,35-44,95.0,Loan originated
1,685000.0,48,865000.0,163.0,1,Not Hispanic or Latino,White,Male,35-44,80.0,Loan originated
1,605000.0,38,675000.0,176.0,1,Not Hispanic or Latino,Black or African American,Female,35-44,90.0,Loan originated
1,175000.0,43,455000.0,74.0,1,Not Hispanic or Latino,White,Female,45-54,38.462,Loan originated
1,605000.0,44,675000.0,140.0,1,Hispanic or Latino,White,Male,55-64,90.0,Application denied
1,315000.0,37,335000.0,183.0,1,Not Hispanic or Latino,Asian,Male,35-44,94.0,Loan originated
1,345000.0,46,445000.0,77.0,1,Hispanic or Latino,White,Male,25-34,76.4,Loan originated
1,485000.0,48,885000.0,118.0,1,Not Hispanic or Latino,White,Female,>74,54.546,Loan originated
1,465000.0,40,485000.0,140.0,1,Hispanic or Latino,White,Female,35-44,95.0,Loan originated
1,365000.0,30%-<36%,455000.0,96.0,1,Hispanic or Latino,Asian,Male,<25,80.0,Loan originated
1,255000.0,43,795000.0,153.0,1,Not Hispanic or Latino,Asian,Male,45-54,32.0,Loan originated
1,455000.0,20%-<30%,1045000.0,256.0,1,Hispanic or Latino,American Indian or Alaska Native,Male,45-54,43.269,Loan originated
1,1075000.0,41,1345000.0,250.0,1,Not Hispanic or Latino,Asian,Male,25-34,80.0,Application denied
1,195000.0,44,1485000.0,109.0,1,Not Hispanic or Latino,Asian,Male,25-34,13.11,Application denied
1,375000.0,30%-<36%,465000.0,358.0,1,Not Hispanic or Latino,White,Male,45-54,80.0,Loan originated
1,305000.0,42,325000.0,147.0,1,Hispanic or Latino,White,Female,25-34,98.325,Loan originated
1,755000.0,44,945000.0,165.0,1,Not Hispanic or Latino,Asian,Male,35-44,80.0,Loan originated
1,85000.0,20%-<30%,355000.0,56.0,1,Not Hispanic or Latino,White,Female,65-74,22.28,Loan originated
1,505000.0,38,605000.0,175.0,1,Hispanic or Latino,Asian,Male,45-54,83.502,Loan originated
1,765000.0,30%-<36%,955000.0,278.0,1,Not Hispanic or Latino,Asian,Male,35-44,80.0,Application denied
1,325000.0,46,335000.0,66.0,1,Not Hispanic or Latino,White,Female,<25,100.0,Loan originated
1,425000.0,30%-<36%,635000.0,116.0,1,Not Hispanic or Latino,White,Male,35-44,66.248,Loan originated
1,485000.0,39,655000.0,144.0,1,Not Hispanic or Latino,White,Male,45-54,75.0,Loan originated
1,315000.0,48,335000.0,69.0,1,Hispanic or Latino,White,Male,35-44,94.703,Loan originated
1,195000.0,46,205000.0,42.0,1,Hispanic or Latino,White,Female,45-54,100.0,Loan originated
1,705000.0,41,775000.0,155.0,1,Not Hispanic or Latino,White,Male,45-54,90.0,Loan originated
1,355000.0,36,435000.0,130.0,1,Not Hispanic or Latino,White,Female,25-34,80.0,Loan originated
1,345000.0,30%-<36%,425000.0,130.0,1,Not Hispanic or Latino,White,Female,45-54,80.0,Loan originated
1,295000.0,39,315000.0,128.0,1,Not Hispanic or Latino,White,Male,45-54,95.0,Loan originated
1,225000.0,42,275000.0,91.0,1,Hispanic or Latino,White,Male,45-54,80.0,Loan originated
1,315000.0,40,405000.0,76.0,1,Not Hispanic or Latino,White,Male,45-54,78.38,Loan originated
1,515000.0,38,1425000.0,174.0,1,Not Hispanic or Latino,White,Male,45-54,37.0,Loan originated
1,175000.0,46,185000.0,41.0,1,Hispanic or Latino,White,Female,55-64,95.0,Loan originated
1,405000.0,49,465000.0,80.0,1,Not Hispanic or Latino,Asian,Male,<25,90.17,Loan originated
1,755000.0,30%-<36%,1005000.0,691.0,1,Not Hispanic or Latino,White,Male,25-34,74.258,Loan originated
1,295000.0,42,425000.0,97.0,1,Hispanic or Latino,White,Male,45-54,70.0,Loan originated
1,645000.0,48,715000.0,134.0,1,Not Hispanic or Latino,White,Female,45-54,98.75,Loan originated
1,655000.0,<20%,825000.0,4026.0,1,Not Hispanic or Latino,White,Male,45-54,79.341,Loan originated
1,295000.0,48,305000.0,70.0,1,Not Hispanic or Latino,Black or African American,Male,45-54,97.0,Loan originated
1,485000.0,45,495000.0,109.0,1,Not Hispanic or Latino,Black or African American,Female,25-34,97.0,Loan originated
1,875000.0,40,1095000.0,211.0,1,Not Hispanic or Latino,White,Female,35-44,80.0,Loan originated
1,465000.0,41,715000.0,112.0,1,Not Hispanic or Latino,Asian,Female,35-44,65.0,Loan originated
1,1385000.0,30%-<36%,1855000.0,704.0,1,Not Hispanic or Latino,White,Male,25-34,75.0,Loan originated
1,175000.0,>60%,195000.0,72.0,1,Not Hispanic or Latino,White,Female,55-64,90.0,Application denied
1,195000.0,20%-<30%,235000.0,121.0,1,Not Hispanic or Latino,White,Male,35-44,80.0,Loan originated
1,315000.0,46,1015000.0,95.0,1,Not Hispanic or Latino,White,Female,>74,30.693,Loan originated
1,995000.0,49,1435000.0,200.0,1,Not Hispanic or Latino,White,Male,55-64,70.0,Loan originated
1,365000.0,30%-<36%,455000.0,121.0,1,Not Hispanic or Latino,Asian,Female,25-34,80.0,Loan originated
1,405000.0,46,505000.0,211.0,1,Not Hispanic or Latino,White,Male,35-44,80.0,Loan originated
1,845000.0,47,2575000.0,302.0,1,Not Hispanic or Latino,White,Male,35-44,32.621,Loan originated
1,455000.0,46,755000.0,109.0,1,Not Hispanic or Latino,White,Female,45-54,60.26,Loan originated
1,515000.0,49,635000.0,219.0,1,Not Hispanic or Latino,Asian,Male,45-54,80.0,Loan originated
1,345000.0,43,435000.0,85.0,1,Not Hispanic or Latino,White,Female,35-44,80.0,Loan originated
1,405000.0,44,525000.0,92.0,1,Not Hispanic or Latino,Asian,Female,25-34,76.923,Loan originated
1,655000.0,40,725000.0,150.0,1,Not Hispanic or Latino,Asian,Male,25-34,90.0,Loan originated
1,425000.0,48,485000.0,105.0,1,Not Hispanic or Latino,White,Male,55-64,88.14,Loan originated
1,485000.0,20%-<30%,535000.0,186.0,1,Not Hispanic or Latino,White,Male,45-54,90.0,Loan originated
1,385000.0,48,475000.0,95.0,1,Not Hispanic or Latino,Asian,Female,35-44,80.0,Loan originated
1,245000.0,46,305000.0,55.0,1,Not Hispanic or Latino,White,Female,45-54,80.0,Loan originated
1,765000.0,48,955000.0,190.0,1,Not Hispanic or Latino,White,Male,35-44,80.0,Loan originated
1,765000.0,30%-<36%,965000.0,258.0,1,Not Hispanic or Latino,White,Male,35-44,80.0,Loan originated
1,905000.0,<20%,1125000.0,921.0,1,Not Hispanic or Latino,White,Male,35-44,80.0,Loan originated
1,445000.0,42,845000.0,137.0,1,Not Hispanic or Latino,Asian,Female,35-44,52.381,Loan originated
1,1105000.0,38,1305000.0,266.0,1,Not Hispanic or Latino,Asian,Male,35-44,85.0,Loan originated
1,365000.0,38,405000.0,124.0,1,Not Hispanic or Latino,Asian,Male,<25,90.0,Loan originated
1,715000.0,30%-<36%,955000.0,240.0,1,Not Hispanic or Latino,Asian,Male,35-44,74.878,Loan originated
1,505000.0,40,635000.0,138.0,1,Not Hispanic or Latino,White,Male,25-34,80.0,Loan originated
1,295000.0,49,365000.0,107.0,1,Not Hispanic or Latino,White,Female,>74,80.0,Loan originated
1,275000.0,49,325000.0,50.0,1,Not Hispanic or Latino,Asian,Female,45-54,84.969,Loan originated
1,405000.0,49,505000.0,120.0,1,Not Hispanic or Latino,White,Male,<25,80.0,Loan originated
1,235000.0,30%-<36%,365000.0,79.0,1,Not Hispanic or Latino,White,Female,45-54,64.276,Loan originated
1,505000.0,41,2575000.0,204.0,1,Not Hispanic or Latino,White,Male,65-74,19.417,Loan originated
1,405000.0,39,795000.0,162.0,1,Not Hispanic or Latino,Asian,Male,65-74,50.422,Loan originated
1,595000.0,30%-<36%,735000.0,225.0,1,Hispanic or Latino,White,Male,35-44,80.0,Loan originated
1,525000.0,37,635000.0,141.0,1,Not Hispanic or Latino,Asian,Male,35-44,81.75,Loan originated
1,405000.0,42,805000.0,295.0,1,Not Hispanic or Latino,Asian,Male,35-44,50.311,Loan originated
1,905000.0,48,1805000.0,191.0,1,Not Hispanic or Latino,Asian,Female,<25,50.0,Loan originated
1,345000.0,45,1145000.0,132.0,1,Not Hispanic or Latino,White,Female,55-64,30.247,Loan originated
1,635000.0,50%-60%,705000.0,157.0,1,Not Hispanic or Latino,White,Female,25-34,90.0,Application denied
1,655000.0,30%-<36%,725000.0,242.0,1,Hispanic or Latino,White,Male,45-54,90.0,Loan originated
1,735000.0,30%-<36%,1235000.0,238.0,1,Not Hispanic or Latino,White,Male,55-64,60.0,Loan originated
1,945000.0,37,1455000.0,361.0,1,Not Hispanic or Latino,Asian,Male,45-54,65.145,Loan originated
1,535000.0,30%-<36%,595000.0,166.0,1,Hispanic or Latino,White,Male,25-34,90.0,Loan originated
1,585000.0,42,735000.0,305.0,1,Not Hispanic or Latino,Asian,Male,<25,80.0,Loan originated
1,405000.0,30%-<36%,755000.0,175.0,1,Not Hispanic or Latino,Asian,Female,45-54,54.0,Loan originated
1,715000.0,48,755000.0,183.0,1,Not Hispanic or Latino,White,Female,65-74,95.0,Loan originated
1,805000.0,30%-<36%,1155000.0,308.0,1,Not Hispanic or Latino,White,Male,65-74,70.0,Loan originated
1,895000.0,44,1255000.0,273.0,1,Not Hispanic or Latino,Asian,Female,35-44,71.92,Loan originated
1,935000.0,40,985000.0,487.0,1,Not Hispanic or Latino,White,Male,35-44,95.0,Loan originated
1,675000.0,49,815000.0,131.0,1,Hispanic or Latino,White,Male,35-44,83.33,Loan originated
1,525000.0,47,575000.0,124.0,1,Hispanic or Latino,Asian,Male,35-44,89.999,Loan originated
1,485000.0,49,505000.0,110.0,1,Hispanic or Latino,White,Female,35-44,97.0,Loan originated
1,495000.0,42,555000.0,122.0,1,Hispanic or Latino,White,Female,25-34,89.99,Loan originated
1,745000.0,47,935000.0,158.0,1,Not Hispanic or Latino,White,Female,35-44,80.0,Loan originated
1,955000.0,49,1125000.0,221.0,1,Not Hispanic or Latino,Asian,Male,25-34,85.0,Loan originated
1,665000.0,30%-<36%,965000.0,207.0,1,Not Hispanic or Latino,White,Male,55-64,69.056,Loan originated
1,525000.0,49,935000.0,103.0,1,Not Hispanic or Latino,Asian,Male,45-54,56.47,Loan originated
1,635000.0,45,935000.0,145.0,1,Not Hispanic or Latino,Asian,Male,35-44,67.915,Loan originated
1,365000.0,46,405000.0,86.0,1,Not Hispanic or Latino,Black or African American,Female,35-44,90.0,Loan originated
1,495000.0,39,745000.0,154.0,1,Not Hispanic or Latino,Asian,Male,25-34,67.0,Loan originated
1,525000.0,<20%,815000.0,818.0,1,Hispanic or Latino,White,Male,55-64,65.0,Loan originated
1,445000.0,46,475000.0,104.0,1,Not Hispanic or Latino,White,Female,35-44,94.0,Loan originated
1,445000.0,45,555000.0,136.0,1,Hispanic or Latino,White,Male,45-54,80.0,Loan originated
1,465000.0,43,935000.0,279.0,1,Not Hispanic or Latino,Asian,Male,45-54,49.843,Loan originated
1,565000.0,44,705000.0,193.0,1,Not Hispanic or Latino,Asian,Female,35-44,80.0,Loan originated
1,985000.0,20%-<30%,1225000.0,436.0,1,Not Hispanic or Latino,White,Male,35-44,80.0,Loan originated
1,745000.0,47,935000.0,157.0,1,Not Hispanic or Latino,Asian,Female,25-34,80.0,Loan originated
1,685000.0,30%-<36%,865000.0,233.0,1,Not Hispanic or Latino,White,Male,25-34,80.0,Loan originated
1,365000.0,20%-<30%,735000.0,530.0,1,Hispanic or Latino,White,Male,45-54,50.0,Loan originated
1,895000.0,43,1125000.0,172.0,1,Not Hispanic or Latino,White,Male,55-64,80.0,Loan originated
1,445000.0,37,625000.0,301.0,1,Not Hispanic or Latino,White,Female,<25,70.0,Loan originated
1,525000.0,40,595000.0,161.0,1,Not Hispanic or Latino,White,Female,45-54,87.479,Loan originated
1,885000.0,49,1105000.0,173.0,1,Not Hispanic or Latino,Asian,Female,25-34,80.0,Loan originated
1,625000.0,20%-<30%,1195000.0,277.0,1,Not Hispanic or Latino,White,Female,65-74,52.301,Loan originated
1,245000.0,48,565000.0,66.0,1,Not Hispanic or Latino,Asian,Male,45-54,42.86,Loan originated
1,575000.0,40,765000.0,275.0,1,Not Hispanic or Latino,White,Male,35-44,75.0,Application denied
1,765000.0,49,865000.0,197.0,1,Not Hispanic or Latino,Asian,Female,65-74,89.13,Loan originated
1,1145000.0,46,1625000.0,222.0,1,Not Hispanic or Latino,Asian,Male,35-44,70.76,Loan originated
1,215000.0,20%-<30%,515000.0,118.0,1,Not Hispanic or Latino,Asian,Female,45-54,42.174,Loan originated
1,935000.0,36,1175000.0,272.0,1,Not Hispanic or Latino,White,Male,45-54,79.488,Loan originated
1,625000.0,20%-<30%,775000.0,204.0,1,Not Hispanic or Latino,Asian,Male,35-44,80.0,Loan originated
1,795000.0,48,975000.0,204.0,1,Not Hispanic or Latino,White,Male,55-64,90.0,Application denied
1,445000.0,>60%,485000.0,18.0,1,Not Hispanic or Latino,Black or African American,Female,35-44,91.74,Application denied
1,355000.0,44,555000.0,91.0,1,Hispanic or Latino,White,Male,25-34,65.0,Loan originated
1,565000.0,38,715000.0,182.0,1,Not Hispanic or Latino,Asian,Male,35-44,80.0,Loan originated
1,535000.0,41,565000.0,120.0,1,Not Hispanic or Latino,Asian,Male,25-34,95.0,Loan originated
1,775000.0,47,1325000.0,343.0,1,Not Hispanic or Latino,White,Female,>74,58.333,Loan originated
1,585000.0,42,605000.0,168.0,1,Not Hispanic or Latino,White,Male,25-34,97.0,Loan originated
1,765000.0,48,855000.0,156.0,1,Not Hispanic or Latino,White,Male,25-34,90.0,Loan originated
1,485000.0,48,1915000.0,137.0,1,Not Hispanic or Latino,White,Male,55-64,25.393,Loan originated
1,175000.0,43,315000.0,55.0,1,Not Hispanic or Latino,White,Female,>74,56.0,Loan originated
1,35000.0,20%-<30%,125000.0,65.0,1,Not Hispanic or Latino,White,Female,>74,28.0,Loan originated
1,295000.0,20%-<30%,315000.0,100.0,1,Not Hispanic or Latino,White,Male,25-34,95.0,Loan originated
1,375000.0,20%-<30%,465000.0,159.0,1,Hispanic or Latino,White,Male,35-44,80.0,Loan originated
1,715000.0,37,955000.0,191.0,1,Not Hispanic or Latino,White,Female,55-64,75.0,Loan originated
1,505000.0,46,635000.0,124.0,1,Not Hispanic or Latino,White,Female,65-74,80.0,Loan originated
1,765000.0,49,805000.0,270.0,1,Not Hispanic or Latino,Asian,Female,35-44,95.0,Loan originated
1,235000.0,38,285000.0,72.0,1,Not Hispanic or Latino,White,Male,35-44,85.0,Loan originated
1,1025000.0,44,1385000.0,20.0,1,Not Hispanic or Latino,Asian,Male,25-34,75.0,Loan originated
1,455000.0,49,535000.0,109.0,1,Not Hispanic or Latino,White,Male,25-34,85.0,Loan originated
1,315000.0,30%-<36%,325000.0,97.0,1,Not Hispanic or Latino,Asian,Female,<25,94.22,Loan originated
1,175000.0,43,575000.0,168.0,1,Hispanic or Latino,White,Male,35-44,30.435,Loan originated
1,505000.0,20%-<30%,905000.0,296.0,1,Not Hispanic or Latino,White,Male,35-44,55.25,Loan originated
1,625000.0,>60%,765000.0,173.0,1,Not Hispanic or Latino,Asian,Female,35-44,81.569,Application denied
1,605000.0,48,685000.0,306.0,1,Hispanic or Latino,White,Male,35-44,88.543,Loan originated
1,755000.0,46,2655000.0,260.0,1,Not Hispanic or Latino,White,Male,35-44,28.249,Loan originated
1,655000.0,41,735000.0,157.0,1,Not Hispanic or Latino,Asian,Male,35-44,89.99,Loan originated
1,545000.0,>60%,605000.0,101.0,1,Hispanic or Latino,White,Female,35-44,90.0,Application denied
1,565000.0,41,665000.0,175.0,1,Not Hispanic or Latino,White,Male,55-64,85.0,Loan originated
1,525000.0,47,545000.0,138.0,1,Not Hispanic or Latino,White,Female,55-64,100.0,Loan originated
1,635000.0,20%-<30%,795000.0,231.0,1,Not Hispanic or Latino,Asian,Male,25-34,80.0,Loan originated
1,545000.0,38,645000.0,208.0,1,Not Hispanic or Latino,Asian,Male,35-44,85.0,Loan originated
1,995000.0,47,1475000.0,228.0,1,Hispanic or Latino,White,Male,25-34,70.0,Loan originated
1,835000.0,46,1195000.0,190.0,1,Not Hispanic or Latino,White,Female,45-54,70.0,Loan originated
1,565000.0,36,625000.0,180.0,1,Not Hispanic or Latino,Asian,Female,25-34,90.0,Loan originated
1,365000.0,48,865000.0,96.0,1,Not Hispanic or Latino,Asian,Female,65-74,41.86,Loan originated
1,555000.0,45,575000.0,133.0,1,Hispanic or Latino,White,Female,25-34,97.0,Loan originated
1,425000.0,48,475000.0,93.0,1,Not Hispanic or Latino,Asian,Male,25-34,89.999,Loan originated
1,235000.0,20%-<30%,375000.0,111.0,1,Not Hispanic or Latino,Asian,Male,25-34,62.162,Loan originated
1,115000.0,<20%,1295000.0,225.0,1,Not Hispanic or Latino,Asian,Male,65-74,8.88,Loan originated
1,665000.0,45,745000.0,173.0,1,Not Hispanic or Latino,White,Male,25-34,90.0,Loan originated
1,615000.0,47,865000.0,156.0,1,Not Hispanic or Latino,White,Male,25-34,71.098,Loan originated
1,325000.0,47,415000.0,74.0,1,Not Hispanic or Latino,White,Female,45-54,80.0,Loan originated
1,415000.0,20%-<30%,465000.0,142.0,1,Not Hispanic or Latino,Asian,Male,35-44,90.0,Loan originated
1,295000.0,40,375000.0,82.0,1,Hispanic or Latino,White,Male,35-44,100.0,Loan originated
1,355000.0,41,485000.0,92.0,1,Not Hispanic or Latino,White,Male,55-64,72.917,Loan originated
1,175000.0,49,325000.0,43.0,1,Hispanic or Latino,White,Male,45-54,54.255,Loan originated
1,325000.0,43,405000.0,83.0,1,Hispanic or Latino,White,Female,<25,100.0,Loan originated
1,395000.0,30%-<36%,845000.0,199.0,1,Hispanic or Latino,White,Male,25-34,46.876,Loan originated
1,385000.0,30%-<36%,405000.0,153.0,1,Hispanic or Latino,White,Male,<25,95.0,Loan originated
1,755000.0,43,795000.0,186.0,1,Hispanic or Latino,White,Male,25-34,95.0,Loan originated
1,695000.0,40,745000.0,249.0,1,Not Hispanic or Latino,Black or African American,Male,55-64,95.0,Loan originated
1,735000.0,36,915000.0,239.0,1,Not Hispanic or Latino,White,Male,45-54,80.0,Loan originated
1,665000.0,48,855000.0,137.0,1,Not Hispanic or Latino,Asian,Male,25-34,95.0,Loan originated
1,1055000.0,40,1315000.0,317.0,1,Not Hispanic or Latino,White,Female,35-44,80.0,Loan originated
1,385000.0,20%-<30%,485000.0,125.0,1,Not Hispanic or Latino,White,Male,45-54,80.0,Loan originated
1,955000.0,39,1345000.0,283.0,1,Not Hispanic or Latino,White,Male,35-44,71.019,Loan originated
1,375000.0,47,585000.0,116.0,1,Not Hispanic or Latino,White,Female,35-44,64.103,Loan originated
1,415000.0,44,575000.0,108.0,1,Not Hispanic or Latino,Asian,Male,25-34,71.93,Loan originated
1,415000.0,30%-<36%,835000.0,142.0,1,Not Hispanic or Latino,White,Female,35-44,50.0,Loan originated
1,595000.0,49,625000.0,274.0,1,Not Hispanic or Latino,Black or African American,Male,25-34,95.0,Loan originated
1,555000.0,49,955000.0,126.0,1,Not Hispanic or Latino,Asian,Male,35-44,57.89,Loan originated
1,445000.0,<20%,465000.0,595.0,1,Not Hispanic or Latino,Asian,Male,45-54,95.0,Loan originated
1,395000.0,43,805000.0,101.0,1,Hispanic or Latino,White,Male,45-54,50.0,Loan originated
1,985000.0,43,1315000.0,260.0,1,Not Hispanic or Latino,White,Male,25-34,75.0,Loan originated
1,595000.0,42,755000.0,130.0,1,Not Hispanic or Latino,White,Male,45-54,79.21,Loan originated
1,435000.0,45,455000.0,150.0,1,Hispanic or Latino,White,Female,55-64,97.0,Loan originated
1,1135000.0,49,1205000.0,215.0,1,Not Hispanic or Latino,Asian,Male,25-34,94.33,Loan originated
1,375000.0,49,465000.0,66.0,1,Not Hispanic or Latino,White,Male,25-34,100.0,Loan originated
1,505000.0,37,625000.0,181.0,1,Not Hispanic or Latino,White,Male,55-64,80.0,Loan originated
1,395000.0,20%-<30%,615000.0,156.0,1,Not Hispanic or Latino,Asian,Female,35-44,63.41,Loan originated
1,555000.0,49,615000.0,112.0,1,Not Hispanic or Latino,Asian,Male,25-34,89.98,Loan originated
1,655000.0,47,875000.0,129.0,1,Not Hispanic or Latino,Asian,Male,25-34,75.0,Loan originated
1,325000.0,20%-<30%,335000.0,115.0,1,Not Hispanic or Latino,White,Female,25-34,99.97,Loan originated
1,805000.0,40,1005000.0,218.0,1,Hispanic or Latino,American Indian or Alaska Native,Male,45-54,80.0,Loan originated
1,365000.0,30%-<36%,425000.0,132.0,1,Hispanic or Latino,White,Male,25-34,85.0,Loan originated
1,125000.0,50%-60%,625000.0,105.0,1,Not Hispanic or Latino,White,Female,55-64,20.0,Loan originated
1,455000.0,49,615000.0,173.0,1,Not Hispanic or Latino,White,Male,65-74,73.98,Loan originated
1,665000.0,49,705000.0,155.0,1,Not Hispanic or Latino,Black or African American,Female,45-54,95.0,Loan originated
1,725000.0,30%-<36%,915000.0,284.0,1,Not Hispanic or Latino,White,Female,<25,80.0,Loan originated
1,415000.0,43,445000.0,82.0,1,Hispanic or Latino,White,Male,25-34,94.34,Loan originated
1,365000.0,42,605000.0,103.0,1,Not Hispanic or Latino,White,Male,45-54,60.0,Application denied
1,695000.0,49,745000.0,156.0,1,Not Hispanic or Latino,White,Male,25-34,93.243,Application denied
1,635000.0,42,795000.0,147.0,1,Not Hispanic or Latino,Asian,Male,25-34,80.0,Loan originated
1,205000.0,>60%,515000.0,29.0,1,Hispanic or Latino,White,Female,45-54,39.972,Application denied
1,555000.0,30%-<36%,1875000.0,236.0,1,Not Hispanic or Latino,Asian,Female,25-34,29.333,Loan originated
1,335000.0,39,785000.0,112.0,1,Not Hispanic or Latino,Asian,Female,25-34,42.675,Loan originated
1,515000.0,20%-<30%,545000.0,221.0,1,Not Hispanic or Latino,White,Female,45-54,95.0,Loan originated
1,275000.0,40,1175000.0,90.0,1,Not Hispanic or Latino,White,Male,<25,24.0,Loan originated
1,435000.0,44,545000.0,144.0,1,Not Hispanic or Latino,White,Male,<25,80.0,Loan originated
1,445000.0,46,465000.0,123.0,1,Not Hispanic or Latino,White,Male,45-54,95.0,Loan originated
1,955000.0,20%-<30%,1595000.0,677.0,1,Not Hispanic or Latino,Asian,Female,55-64,60.0,Loan originated
1,345000.0,30%-<36%,425000.0,145.0,1,Hispanic or Latino,White,Male,35-44,80.0,Loan originated
1,1145000.0,45,1885000.0,368.0,1,Not Hispanic or Latino,White,Female,35-44,62.0,Loan originated
1,595000.0,49,725000.0,127.0,1,Not Hispanic or Latino,Asian,Male,35-44,83.0,Loan originated
1,405000.0,30%-<36%,675000.0,150.0,1,Not Hispanic or Latino,Asian,Male,35-44,59.7,Loan originated
1,525000.0,49,655000.0,110.0,1,Hispanic or Latino,White,Male,35-44,80.0,Loan originated
1,425000.0,43,525000.0,115.0,1,Hispanic or Latino,White,Male,35-44,80.0,Loan originated
1,1105000.0,48,1165000.0,284.0,1,Hispanic or Latino,White,Male,45-54,95.0,Loan originated
1,265000.0,47,795000.0,64.0,1,Not Hispanic or Latino,White,Male,25-34,32.911,Loan originated
1,655000.0,42,705000.0,162.0,1,Not Hispanic or Latino,White,Male,55-64,92.89,Loan originated
1,235000.0,49,315000.0,62.0,1,Not Hispanic or Latino,White,Male,45-54,75.0,Loan originated
1,485000.0,37,515000.0,187.0,1,Hispanic or Latino,White,Male,55-64,95.0,Loan originated
1,455000.0,44,545000.0,114.0,1,Hispanic or Latino,White,Female,55-64,85.0,Loan originated
1,675000.0,30%-<36%,905000.0,411.0,1,Not Hispanic or Latino,White,Female,25-34,75.0,Loan originated
1,1105000.0,44,1385000.0,242.0,1,Not Hispanic or Latino,Asian,Male,35-44,80.0,Loan originated
1,425000.0,42,615000.0,159.0,1,Not Hispanic or Latino,Asian,Female,45-54,70.0,Loan originated
1,585000.0,47,785000.0,117.0,1,Not Hispanic or Latino,White,Male,35-44,75.0,Loan originated
1,275000.0,45,305000.0,72.0,1,Not Hispanic or Latino,Asian,Female,35-44,93.0,Loan originated
1,355000.0,49,445000.0,104.0,1,Hispanic or Latino,White,Female,35-44,80.0,Loan originated
1,505000.0,>60%,1045000.0,0.0,1,Hispanic or Latino,White,Female,55-64,47.71,Loan originated
1,845000.0,45,885000.0,166.0,1,Not Hispanic or Latino,Asian,Male,<25,95.0,Loan originated
1,555000.0,20%-<30%,695000.0,187.0,1,Not Hispanic or Latino,White,Male,25-34,80.0,Loan originated
1,525000.0,40,655000.0,159.0,1,Not Hispanic or Latino,White,Male,25-34,80.0,Loan originated
1,235000.0,46,595000.0,85.0,1,Not Hispanic or Latino,White,Male,65-74,40.0,Loan originated
1,285000.0,50%-60%,305000.0,65.0,1,Not Hispanic or Latino,White,Male,45-54,95.0,Application denied
1,305000.0,41,385000.0,274.0,1,Not Hispanic or Latino,Asian,Male,45-54,80.0,Loan originated
1,525000.0,45,545000.0,125.0,1,Not Hispanic or Latino,Asian,Male,25-34,97.0,Loan originated
1,475000.0,40,595000.0,116.0,1,Hispanic or Latino,White,Male,45-54,80.0,Loan originated
1,395000.0,20%-<30%,525000.0,201.0,1,Not Hispanic or Latino,White,Female,45-54,75.0,Loan originated
1,605000.0,49,635000.0,114.0,1,Not Hispanic or Latino,White,Male,25-34,95.0,Loan originated
1,655000.0,49,895000.0,141.0,1,Not Hispanic or Latino,Asian,Male,35-44,73.034,Loan originated
1,545000.0,<20%,685000.0,360.0,1,Not Hispanic or Latino,White,Male,25-34,80.0,Loan originated
1,575000.0,46,715000.0,128.0,1,Not Hispanic or Latino,Asian,Male,25-34,80.0,Loan originated
1,995000.0,48,1055000.0,226.0,1,Not Hispanic or Latino,White,Male,<25,95.0,Loan originated
1,335000.0,49,485000.0,82.0,1,Not Hispanic or Latino,Black or African American,Male,35-44,70.0,Loan originated
1,405000.0,20%-<30%,605000.0,175.0,1,Not Hispanic or Latino,White,Female,45-54,67.0,Loan originated
1,905000.0,20%-<30%,1685000.0,428.0,1,Not Hispanic or Latino,Asian,Female,35-44,53.93,Loan originated
1,695000.0,38,905000.0,184.0,1,Not Hispanic or Latino,Asian,Male,65-74,76.533,Loan originated
1,605000.0,50%-60%,635000.0,140.0,1,Not Hispanic or Latino,Asian,Male,35-44,95.0,Loan originated
1,855000.0,49,895000.0,236.0,1,Hispanic or Latino,White,Male,45-54,95.0,Loan originated
1,965000.0,49,1205000.0,190.0,1,Not Hispanic or Latino,Asian,Male,25-34,80.0,Loan originated
1,435000.0,30%-<36%,745000.0,148.0,1,Not Hispanic or Latino,Asian,Male,25-34,59.46,Loan originated
1,765000.0,40,975000.0,200.0,1,Not Hispanic or Latino,White,Female,35-44,78.717,Loan originated
1,765000.0,47,1205000.0,289.0,1,Not Hispanic or Latino,Asian,Male,25-34,64.0,Loan originated
1,365000.0,48,385000.0,169.0,1,Hispanic or Latino,White,Female,35-44,95.0,Loan originated
1,485000.0,38,515000.0,117.0,1,Not Hispanic or Latino,Black or African American,Female,35-44,95.0,Loan originated
1,345000.0,44,435000.0,89.0,1,Not Hispanic or Latino,Asian,Female,25-34,80.0,Loan originated
1,385000.0,49,585000.0,99.0,1,Not Hispanic or Latino,White,Male,35-44,64.857,Loan originated
1,325000.0,48,675000.0,111.0,1,Not Hispanic or Latino,White,Female,55-64,47.761,Loan originated
1,965000.0,20%-<30%,1375000.0,945.0,1,Not Hispanic or Latino,Asian,Male,25-34,69.99,Loan originated
1,455000.0,42,505000.0,97.0,1,Hispanic or Latino,White,Female,25-34,89.963,Loan originated
1,195000.0,42,225000.0,180.0,1,Not Hispanic or Latino,White,Female,45-54,90.0,Loan originated
1,875000.0,20%-<30%,1825000.0,419.0,1,Not Hispanic or Latino,Asian,Male,35-44,47.95,Loan originated
1,455000.0,45,505000.0,100.0,1,Not Hispanic or Latino,White,Female,25-34,90.0,Loan originated
1,525000.0,42,1075000.0,186.0,1,Not Hispanic or Latino,Asian,Male,45-54,48.837,Application denied
1,705000.0,37,785000.0,205.0,1,Not Hispanic or Latino,Black or African American,Female,65-74,89.99,Loan originated
1,1125000.0,41,1405000.0,312.0,1,Not Hispanic or Latino,Asian,Male,25-34,80.0,Loan originated
1,755000.0,49,845000.0,349.0,1,Not Hispanic or Latino,White,Male,35-44,90.0,Loan originated
1,675000.0,47,745000.0,144.0,1,Not Hispanic or Latino,White,Female,25-34,90.0,Loan originated
1,105000.0,30%-<36%,525000.0,80.0,1,Not Hispanic or Latino,White,Female,65-74,19.0,Loan originated
1,385000.0,<20%,765000.0,292.0,1,Not Hispanic or Latino,Asian,Female,45-54,50.0,Loan originated
1,685000.0,48,855000.0,199.0,1,Not Hispanic or Latino,White,Male,45-54,80.0,Loan originated
1,645000.0,36,805000.0,482.0,1,Not Hispanic or Latino,White,Male,<25,80.0,Loan originated
1,635000.0,20%-<30%,1205000.0,269.0,1,Not Hispanic or Latino,White,Female,45-54,53.0,Loan originated
1,445000.0,30%-<36%,455000.0,209.0,1,Not Hispanic or Latino,Black or African American,Female,45-54,97.0,Loan originated
1,205000.0,47,415000.0,52.0,1,Not Hispanic or Latino,White,Female,35-44,48.426,Loan originated
1,905000.0,<20%,1125000.0,845.0,1,Not Hispanic or Latino,Asian,Male,35-44,80.0,Loan originated
1,445000.0,42,595000.0,143.0,1,Not Hispanic or Latino,White,Male,25-34,75.0,Loan originated
1,385000.0,<20%,635000.0,367.0,1,Hispanic or Latino,White,Male,55-64,60.63,Loan originated
1,535000.0,49,855000.0,105.0,1,Not Hispanic or Latino,White,Female,55-64,62.353,Loan originated
1,595000.0,38,665000.0,146.0,1,Hispanic or Latino,Asian,Male,35-44,90.0,Loan originated
1,605000.0,30%-<36%,2445000.0,307.0,1,Not Hispanic or Latino,Asian,Male,45-54,24.5,Loan originated
1,475000.0,48,875000.0,232.0,1,Not Hispanic or Latino,Asian,Female,65-74,54.286,Loan originated
1,565000.0,48,635000.0,146.0,1,Not Hispanic or Latino,Asian,Female,25-34,88.903,Loan originated
1,445000.0,47,465000.0,103.0,1,Not Hispanic or Latino,White,Male,45-54,95.0,Loan originated
1,605000.0,44,625000.0,134.0,1,Hispanic or Latino,White,Male,45-54,97.0,Loan originated
1,175000.0,20%-<30%,465000.0,115.0,1,Not Hispanic or Latino,White,Female,55-64,37.18,Loan originated
1,925000.0,39,1155000.0,225.0,1,Not Hispanic or Latino,Asian,Male,35-44,79.95,Loan originated
1,655000.0,38,1205000.0,172.0,1,Not Hispanic or Latino,Asian,Male,35-44,53.94,Loan originated
1,505000.0,48,775000.0,133.0,1,Not Hispanic or Latino,White,Male,25-34,65.0,Loan originated
1,35000.0,41,75000.0,38.0,1,Not Hispanic or Latino,White,Female,>74,53.27,Loan originated
1,545000.0,42,665000.0,119.0,1,Hispanic or Latino,White,Female,25-34,82.051,Loan originated
1,305000.0,46,385000.0,86.0,1,Hispanic or Latino,2 or more minority races,Female,55-64,80.0,Application denied
1,575000.0,44,725000.0,180.0,1,Not Hispanic or Latino,Asian,Female,45-54,80.0,Loan originated
1,845000.0,45,895000.0,184.0,1,Not Hispanic or Latino,White,Male,35-44,94.382,Loan originated
1,505000.0,20%-<30%,1595000.0,357.0,1,Hispanic or Latino,White,Male,55-64,31.269,Loan originated
1,475000.0,38,595000.0,139.0,1,Not Hispanic or Latino,White,Female,35-44,80.0,Loan originated
1,725000.0,49,805000.0,161.0,1,Not Hispanic or Latino,Asian,Male,25-34,90.0,Loan originated
1,405000.0,50%-60%,605000.0,81.0,1,Not Hispanic or Latino,White,Female,>74,66.942,Application denied
1,185000.0,41,545000.0,58.0,1,Hispanic or Latino,White,Male,55-64,34.259,Loan originated
1,765000.0,43,815000.0,171.0,1,Hispanic or Latino,White,Male,55-64,95.0,Loan originated
1,295000.0,40,395000.0,115.0,1,Not Hispanic or Latino,Asian,Male,65-74,75.0,Loan originated
1,645000.0,20%-<30%,915000.0,295.0,1,Not Hispanic or Latino,Asian,Male,25-34,70.0,Loan originated
1,635000.0,36,995000.0,187.0,1,Not Hispanic or Latino,White,Female,35-44,63.589,Loan originated
1,465000.0,42,775000.0,129.0,1,Not Hispanic or Latino,Asian,Male,25-34,59.982,Loan originated
1,825000.0,30%-<36%,1035000.0,250.0,1,Not Hispanic or Latino,Asian,Female,55-64,80.0,Loan originated
1,555000.0,44,995000.0,152.0,1,Not Hispanic or Latino,White,Male,25-34,55.055,Loan originated
1,405000.0,43,515000.0,113.0,1,Not Hispanic or Latino,White,Female,55-64,80.0,Loan originated
1,635000.0,38,755000.0,162.0,1,Not Hispanic or Latino,Asian,Male,45-54,85.0,Loan originated
1,285000.0,41,355000.0,80.0,1,Hispanic or Latino,White,Male,25-34,80.0,Loan originated
1,865000.0,42,1605000.0,200.0,1,Not Hispanic or Latino,White,Male,55-64,54.063,Loan originated
1,365000.0,38,435000.0,116.0,1,Not Hispanic or Latino,White,Male,35-44,85.0,Loan originated
1,1115000.0,48,1715000.0,256.0,1,Not Hispanic or Latino,Asian,Female,25-34,65.0,Loan originated
1,895000.0,44,945000.0,207.0,1,Hispanic or Latino,White,Male,45-54,95.0,Loan originated
1,995000.0,46,1245000.0,220.0,1,Not Hispanic or Latino,White,Male,35-44,80.0,Loan originated
1,355000.0,46,395000.0,121.0,1,Not Hispanic or Latino,Asian,Male,25-34,90.0,Loan originated
1,155000.0,50%-60%,185000.0,71.0,1,Not Hispanic or Latino,Black or African American,Female,35-44,85.93,Application denied
1,345000.0,37,775000.0,134.0,1,Not Hispanic or Latino,White,Female,55-64,44.805,Loan originated
1,235000.0,41,235000.0,63.0,1,Not Hispanic or Latino,White,Male,65-74,97.0,Loan originated
1,535000.0,46,705000.0,188.0,1,Not Hispanic or Latino,White,Female,55-64,75.0,Loan originated
1,295000.0,49,405000.0,91.0,1,Not Hispanic or Latino,Black or African American,Female,55-64,100.875,Application denied
1,165000.0,44,305000.0,33.0,1,Hispanic or Latino,White,Female,25-34,53.0,Loan originated
1,365000.0,<20%,415000.0,0.0,1,Hispanic or Latino,White,Male,35-44,88.0,Application denied
1,645000.0,<20%,805000.0,471.0,1,Not Hispanic or Latino,White,Male,25-34,80.0,Loan originated
1,245000.0,37,325000.0,238.0,1,Hispanic or Latino,White,Female,25-34,75.0,Loan originated
1,335000.0,42,485000.0,207.0,1,Not Hispanic or Latino,White,Male,65-74,68.041,Loan originated
1,465000.0,48,585000.0,114.0,1,Not Hispanic or Latino,White,Female,25-34,80.0,Loan originated
1,815000.0,30%-<36%,1025000.0,295.0,1,Not Hispanic or Latino,White,Male,35-44,80.0,Loan originated
1,765000.0,40,905000.0,168.0,1,Not Hispanic or Latino,White,Male,45-54,85.0,Loan originated
1,385000.0,47,485000.0,105.0,1,Not Hispanic or Latino,Black or African American,Male,45-54,100.0,Loan originated
1,765000.0,<20%,955000.0,989.0,1,Not Hispanic or Latino,White,Male,25-34,80.0,Loan originated
1,1095000.0,30%-<36%,1365000.0,365.0,1,Not Hispanic or Latino,Asian,Male,25-34,79.85,Loan originated
1,485000.0,36,545000.0,162.0,1,Not Hispanic or Latino,Asian,Female,45-54,90.0,Loan originated
1,445000.0,47,485000.0,111.0,1,Hispanic or Latino,White,Female,45-54,92.0,Loan originated
1,985000.0,20%-<30%,1235000.0,379.0,1,Not Hispanic or Latino,White,Male,35-44,80.0,Loan originated
1,315000.0,46,395000.0,64.0,1,Hispanic or Latino,White,Male,45-54,80.0,Loan originated
1,475000.0,49,555000.0,150.0,1,Not Hispanic or Latino,White,Female,25-34,86.466,Loan originated
1,475000.0,48,505000.0,164.0,1,Not Hispanic or Latino,Asian,Female,35-44,95.0,Loan originated
1,515000.0,47,535000.0,106.0,1,Not Hispanic or Latino,Asian,Male,35-44,97.0,Loan originated
1,305000.0,47,325000.0,151.0,1,Not Hispanic or Latino,White,Male,45-54,95.0,Application denied
1,835000.0,20%-<30%,985000.0,250.0,1,Not Hispanic or Latino,Asian,Male,35-44,85.0,Loan originated
1,545000.0,43,565000.0,152.0,1,Hispanic or Latino,White,Male,35-44,97.0,Loan originated
1,755000.0,40,945000.0,217.0,1,Not Hispanic or Latino,White,Male,55-64,79.789,Loan originated
1,795000.0,30%-<36%,995000.0,298.0,1,Not Hispanic or Latino,Asian,Male,25-34,80.0,Loan originated
1,205000.0,37,655000.0,107.0,1,Not Hispanic or Latino,White,Male,45-54,32.0,Loan originated
1,895000.0,40,1125000.0,221.0,1,Not Hispanic or Latino,Asian,Male,25-34,80.0,Loan originated
1,295000.0,30%-<36%,775000.0,103.0,1,Not Hispanic or Latino,Asian,Male,25-34,43.94,Loan originated
1,915000.0,48,1225000.0,189.0,1,Not Hispanic or Latino,White,Female,25-34,75.0,Loan originated
1,285000.0,46,625000.0,162.0,1,Not Hispanic or Latino,White,Female,65-74,45.575,Loan originated
1,305000.0,49,575000.0,72.0,1,Hispanic or Latino,White,Female,55-64,53.333,Loan originated
1,375000.0,47,525000.0,80.0,1,Not Hispanic or Latino,Asian,Male,35-44,71.42,Loan originated
1,375000.0,48,395000.0,116.0,1,Hispanic or Latino,White,Female,<25,98.33,Loan originated
1,835000.0,44,875000.0,224.0,1,Not Hispanic or Latino,White,Female,35-44,95.0,Loan originated
1,695000.0,20%-<30%,635000.0,216.0,1,Not Hispanic or Latino,American Indian or Alaska Native,Male,<25,108.661,Application denied
1,835000.0,49,885000.0,167.0,1,Hispanic or Latino,White,Male,35-44,95.0,Loan originated
1,405000.0,41,505000.0,101.0,1,Not Hispanic or Latino,Black or African American,Female,25-34,80.0,Loan originated
1,325000.0,49,405000.0,189.0,1,Hispanic or Latino,White,Male,55-64,80.0,Loan originated
1,635000.0,44,915000.0,242.0,1,Not Hispanic or Latino,White,Male,65-74,70.0,Loan originated
1,395000.0,47,645000.0,87.0,1,Hispanic or Latino,White,Female,25-34,61.0,Loan originated
1,425000.0,30%-<36%,845000.0,143.0,1,Not Hispanic or Latino,White,Female,55-64,49.881,Loan originated
1,635000.0,42,675000.0,149.0,1,Hispanic or Latino,White,Male,35-44,95.0,Loan originated
1,765000.0,47,1105000.0,153.0,1,Not Hispanic or Latino,Asian,Male,35-44,69.367,Loan originated
1,675000.0,20%-<30%,845000.0,201.0,1,Not Hispanic or Latino,White,Female,35-44,80.0,Loan originated
1,725000.0,47,815000.0,215.0,1,Not Hispanic or Latino,White,Female,35-44,90.0,Loan originated
1,425000.0,49,525000.0,89.0,1,Not Hispanic or Latino,Asian,Male,35-44,100.0,Loan originated
1,285000.0,46,305000.0,83.0,1,Hispanic or Latino,White,Male,55-64,95.0,Loan originated
1,415000.0,50%-60%,815000.0,89.0,1,Not Hispanic or Latino,White,Female,65-74,50.617,Loan originated
1,285000.0,40,635000.0,75.0,1,Hispanic or Latino,White,Male,25-34,44.44,Loan originated
1,535000.0,40,665000.0,150.0,1,Not Hispanic or Latino,White,Female,35-44,80.0,Loan originated
1,485000.0,30%-<36%,555000.0,141.0,1,Hispanic or Latino,White,Male,45-54,87.273,Application denied
1,415000.0,48,425000.0,122.0,1,Not Hispanic or Latino,Black or African American,Female,25-34,97.0,Loan originated
1,745000.0,44,825000.0,180.0,1,Hispanic or Latino,White,Female,35-44,90.0,Loan originated
1,975000.0,39,1085000.0,305.0,1,Not Hispanic or Latino,Asian,Female,25-34,89.81,Loan originated
1,355000.0,48,615000.0,84.0,1,Not Hispanic or Latino,White,Female,55-64,58.0,Loan originated
1,465000.0,49,585000.0,106.0,1,Hispanic or Latino,White,Female,55-64,80.0,Loan originated
1,415000.0,36,575000.0,150.0,1,Hispanic or Latino,White,Female,25-34,71.93,Loan originated
1,755000.0,47,985000.0,211.0,1,Not Hispanic or Latino,Asian,Male,25-34,80.0,Loan originated
1,505000.0,47,525000.0,132.0,1,Not Hispanic or Latino,American Indian or Alaska Native,Female,45-54,97.12,Loan originated
1,705000.0,38,1435000.0,193.0,1,Not Hispanic or Latino,Asian,Female,25-34,48.699,Loan originated
1,565000.0,20%-<30%,815000.0,295.0,1,Hispanic or Latino,White,Male,45-54,70.0,Loan originated
1,445000.0,41,625000.0,120.0,1,Not Hispanic or Latino,White,Male,25-34,73.968,Loan originated
1,255000.0,39,265000.0,86.0,1,Not Hispanic or Latino,White,Male,<25,95.0,Loan originated
1,225000.0,37,325000.0,63.0,1,Hispanic or Latino,White,Male,45-54,70.0,Loan originated
1,365000.0,42,455000.0,99.0,1,Not Hispanic or Latino,White,Female,35-44,80.0,Loan originated
1,135000.0,30%-<36%,495000.0,56.0,1,Not Hispanic or Latino,White,Male,25-34,26.45,Loan originated
1,475000.0,49,545000.0,115.0,1,Hispanic or Latino,White,Male,35-44,102.988,Loan originated
1,225000.0,40,275000.0,50.0,1,Not Hispanic or Latino,Asian,Male,25-34,80.0,Loan originated
1,795000.0,30%-<36%,995000.0,225.0,1,Not Hispanic or Latino,White,Female,25-34,80.0,Loan originated
1,445000.0,45,585000.0,95.0,1,Not Hispanic or Latino,Asian,Male,25-34,76.726,Loan originated
1,525000.0,36,545000.0,177.0,1,Hispanic or Latino,White,Male,45-54,97.0,Loan originated
1,665000.0,48,845000.0,136.0,1,Not Hispanic or Latino,White,Male,35-44,78.48,Loan originated
1,465000.0,47,545000.0,212.0,1,Not Hispanic or Latino,Asian,Female,35-44,85.185,Loan originated
1,495000.0,36,615000.0,177.0,1,Not Hispanic or Latino,White,Female,45-54,80.0,Loan originated
1,365000.0,43,385000.0,93.0,1,Hispanic or Latino,White,Female,35-44,95.0,Loan originated
1,645000.0,48,805000.0,148.0,1,Hispanic or Latino,White,Male,25-34,83.0,Loan originated
1,185000.0,50%-60%,185000.0,62.0,1,Hispanic or Latino,White,Female,45-54,97.0,Application denied
1,525000.0,42,555000.0,153.0,1,Not Hispanic or Latino,White,Male,45-54,95.0,Loan originated
1,565000.0,39,625000.0,145.0,1,Not Hispanic or Latino,White,Female,35-44,90.0,Loan originated
1,1095000.0,49,1155000.0,242.0,1,Not Hispanic or Latino,Asian,Male,25-34,95.0,Loan originated
1,245000.0,47,755000.0,79.0,1,Not Hispanic or Latino,White,Male,65-74,31.623,Loan originated
1,855000.0,44,1065000.0,233.0,1,Not Hispanic or Latino,Asian,Female,25-34,80.0,Loan originated
1,415000.0,37,465000.0,141.0,1,Hispanic or Latino,White,Male,45-54,90.0,Loan originated
1,455000.0,49,775000.0,132.0,1,Not Hispanic or Latino,White,Male,35-44,59.0,Loan originated
1,325000.0,30%-<36%,345000.0,98.0,1,Hispanic or Latino,White,Male,25-34,100.0,Loan originated
1,685000.0,30%-<36%,855000.0,237.0,1,Not Hispanic or Latino,White,Male,35-44,80.0,Loan originated
1,525000.0,37,535000.0,142.0,1,Hispanic or Latino,White,Female,25-34,97.0,Loan originated
1,545000.0,49,575000.0,164.0,1,Hispanic or Latino,White,Female,35-44,98.8,Loan originated
1,655000.0,20%-<30%,815000.0,231.0,1,Not Hispanic or Latino,Asian,Male,45-54,80.0,Loan originated
1,405000.0,20%-<30%,605000.0,176.0,1,Not Hispanic or Latino,Asian,Female,55-64,66.94,Loan originated
1,475000.0,20%-<30%,675000.0,252.0,1,Not Hispanic or Latino,White,Male,35-44,70.15,Application denied
1,75000.0,38,85000.0,68.0,1,Not Hispanic or Latino,White,Male,55-64,90.62,Application denied
1,565000.0,47,705000.0,136.0,1,Not Hispanic or Latino,Asian,Male,25-34,80.0,Loan originated
1,205000.0,41,575000.0,69.0,1,Not Hispanic or Latino,White,Female,65-74,35.088,Loan originated
1,495000.0,49,515000.0,151.0,1,Hispanic or Latino,White,Male,45-54,95.0,Loan originated
1,765000.0,30%-<36%,1475000.0,258.0,1,Not Hispanic or Latino,Asian,Female,35-44,52.143,Loan originated
1,635000.0,49,1565000.0,150.0,1,Not Hispanic or Latino,White,Female,25-34,40.385,Loan originated
1,1005000.0,30%-<36%,1255000.0,282.0,1,Not Hispanic or Latino,White,Male,35-44,80.0,Loan originated
1,885000.0,48,935000.0,190.0,1,Not Hispanic or Latino,Asian,Male,25-34,95.0,Loan originated
1,255000.0,30%-<36%,315000.0,108.0,1,Not Hispanic or Latino,Black or African American,Male,45-54,80.0,Loan originated
1,765000.0,20%-<30%,1525000.0,833.0,1,Not Hispanic or Latino,White,Male,45-54,50.461,Loan originated
1,515000.0,20%-<30%,575000.0,391.0,1,Not Hispanic or Latino,White,Male,45-54,90.0,Loan originated
1,495000.0,48,995000.0,251.0,1,Not Hispanic or Latino,Asian,Male,45-54,49.495,Loan originated
1,135000.0,44,175000.0,65.0,1,Hispanic or Latino,White,Female,25-34,80.88,Application denied
1,355000.0,20%-<30%,905000.0,190.0,1,Not Hispanic or Latino,White,Female,45-54,39.0,Loan originated
1,405000.0,39,485000.0,102.0,1,Not Hispanic or Latino,White,Male,35-44,83.0,Loan originated
1,205000.0,44,405000.0,65.0,1,Not Hispanic or Latino,White,Female,55-64,50.98,Loan originated
1,355000.0,30%-<36%,445000.0,155.0,1,Not Hispanic or Latino,Black or African American,Female,45-54,100.0,Loan originated
1,665000.0,47,825000.0,150.0,1,Hispanic or Latino,White,Male,35-44,83.0,Application denied
1,425000.0,<20%,565000.0,360.0,1,Not Hispanic or Latino,White,Male,55-64,75.0,Loan originated
1,585000.0,38,695000.0,146.0,1,Not Hispanic or Latino,White,Female,<25,85.0,Loan originated
1,945000.0,47,1395000.0,219.0,1,Not Hispanic or Latino,White,Male,35-44,68.0,Loan originated
1,395000.0,46,495000.0,82.0,1,Not Hispanic or Latino,Asian,Male,55-64,80.0,Loan originated
1,395000.0,30%-<36%,415000.0,156.0,1,Not Hispanic or Latino,Asian,Male,25-34,97.0,Loan originated
1,315000.0,43,355000.0,74.0,1,Hispanic or Latino,White,Female,65-74,90.0,Loan originated
1,345000.0,41,365000.0,85.0,1,Hispanic or Latino,White,Male,25-34,95.0,Loan originated
1,345000.0,30%-<36%,435000.0,117.0,1,Not Hispanic or Latino,White,Male,45-54,80.0,Loan originated
1,735000.0,43,775000.0,208.0,1,Not Hispanic or Latino,Black or African American,Male,35-44,95.0,Loan originated
1,615000.0,47,775000.0,194.0,1,Not Hispanic or Latino,Asian,Male,45-54,79.974,Loan originated
1,705000.0,<20%,965000.0,439.0,1,Not Hispanic or Latino,White,Female,35-44,72.397,Loan originated
1,445000.0,37,555000.0,277.0,1,Hispanic or Latino,White,Male,25-34,80.0,Loan originated
1,615000.0,38,765000.0,315.0,1,Not Hispanic or Latino,Asian,Male,65-74,80.0,Loan originated
1,275000.0,30%-<36%,855000.0,118.0,1,Not Hispanic or Latino,Asian,Male,45-54,32.315,Loan originated
1,215000.0,20%-<30%,275000.0,95.0,1,Not Hispanic or Latino,Black or African American,Male,55-64,80.0,Loan originated
1,185000.0,44,235000.0,68.0,1,Not Hispanic or Latino,Asian,Female,55-64,80.0,Loan originated
1,535000.0,46,665000.0,131.0,1,Not Hispanic or Latino,Asian,Female,25-34,80.0,Loan originated
1,475000.0,46,505000.0,96.0,1,Not Hispanic or Latino,White,Male,25-34,94.53,Loan originated
1,555000.0,39,595000.0,146.0,1,Hispanic or Latino,White,Female,35-44,95.0,Loan originated
1,645000.0,47,675000.0,150.0,1,Not Hispanic or Latino,Asian,Female,25-34,95.0,Loan originated
1,445000.0,49,555000.0,105.0,1,Not Hispanic or Latino,White,Female,35-44,80.0,Loan originated
1,95000.0,42,105000.0,66.0,1,Not Hispanic or Latino,White,Female,55-64,95.0,Loan originated
1,695000.0,49,875000.0,150.0,1,Not Hispanic or Latino,Asian,Male,25-34,80.0,Loan originated
1,925000.0,47,1275000.0,184.0,1,Not Hispanic or Latino,White,Male,45-54,72.27,Loan originated
1,365000.0,41,385000.0,131.0,1,Hispanic or Latino,White,Female,45-54,95.0,Loan originated
1,725000.0,46,855000.0,194.0,1,Not Hispanic or Latino,Black or African American,Male,55-64,85.0,Loan originated
1,405000.0,41,425000.0,87.0,1,Hispanic or Latino,White,Male,25-34,97.0,Loan originated
1,345000.0,48,435000.0,90.0,1,Not Hispanic or Latino,Black or African American,Male,45-54,80.0,Application denied
1,295000.0,20%-<30%,745000.0,152.0,1,Not Hispanic or Latino,White,Female,45-54,39.92,Loan originated
1,1005000.0,40,1275000.0,299.0,1,Not Hispanic or Latino,Asian,Female,25-34,78.161,Loan originated
1,665000.0,39,825000.0,191.0,1,Hispanic or Latino,White,Male,25-34,80.0,Loan originated
1,745000.0,49,805000.0,176.0,1,Hispanic or Latino,White,Male,25-34,93.0,Loan originated
1,285000.0,44,405000.0,132.0,1,Not Hispanic or Latino,White,Female,65-74,70.0,Application denied
1,225000.0,20%-<30%,595000.0,207.0,1,Not Hispanic or Latino,White,Female,65-74,37.394,Loan originated
1,365000.0,20%-<30%,425000.0,244.0,1,Hispanic or Latino,White,Female,55-64,85.0,Loan originated
1,605000.0,47,1695000.0,154.0,1,Not Hispanic or Latino,Asian,Male,25-34,35.409,Loan originated
1,1085000.0,46,1455000.0,249.0,1,Not Hispanic or Latino,White,Male,35-44,75.0,Application denied
1,305000.0,50%-60%,475000.0,65.0,1,Hispanic or Latino,White,Female,35-44,63.83,Application denied
1,505000.0,44,625000.0,107.0,1,Hispanic or Latino,White,Male,45-54,80.0,Loan originated
1,635000.0,48,885000.0,155.0,1,Not Hispanic or Latino,Black or African American,Female,35-44,71.751,Loan originated
1,285000.0,38,545000.0,114.0,1,Not Hispanic or Latino,White,Female,45-54,52.0,Loan originated
1,765000.0,20%-<30%,1015000.0,390.0,1,Not Hispanic or Latino,Asian,Male,45-54,85.0,Loan originated
1,525000.0,43,875000.0,150.0,1,Not Hispanic or Latino,Asian,Female,25-34,59.77,Loan originated
1,295000.0,30%-<36%,665000.0,102.0,1,Not Hispanic or Latino,White,Male,65-74,43.939,Loan originated
1,75000.0,46,175000.0,53.0,1,Hispanic or Latino,White,Male,55-64,42.857,Loan originated
1,345000.0,46,365000.0,101.0,1,Hispanic or Latino,White,Female,25-34,97.0,Loan originated
1,765000.0,44,815000.0,186.0,1,Hispanic or Latino,White,Male,25-34,95.0,Loan originated
1,415000.0,30%-<36%,485000.0,151.0,1,Not Hispanic or Latino,White,Male,35-44,84.6,Loan originated
1,865000.0,49,1765000.0,235.0,1,Not Hispanic or Latino,Asian,Male,25-34,49.192,Loan originated
1,925000.0,49,1185000.0,206.0,1,Not Hispanic or Latino,White,Female,35-44,77.637,Loan originated
1,585000.0,49,685000.0,113.0,1,Not Hispanic or Latino,Asian,Male,35-44,85.0,Loan originated
1,615000.0,39,665000.0,160.0,1,Not Hispanic or Latino,Asian,Male,25-34,92.528,Loan originated
1,765000.0,30%-<36%,855000.0,291.0,1,Not Hispanic or Latino,White,Male,25-34,89.388,Loan originated
1,905000.0,40,1805000.0,254.0,1,Not Hispanic or Latino,Asian,Female,25-34,50.0,Loan originated
1,365000.0,39,375000.0,104.0,1,Hispanic or Latino,White,Male,55-64,97.0,Loan originated
1,245000.0,43,275000.0,62.0,1,Hispanic or Latino,White,Female,25-34,90.0,Loan originated
1,1075000.0,44,2755000.0,266.0,1,Not Hispanic or Latino,Asian,Male,25-34,38.909,Loan originated
1,485000.0,30%-<36%,615000.0,138.0,1,Not Hispanic or Latino,White,Male,25-34,80.0,Loan originated
1,305000.0,47,385000.0,73.0,1,Hispanic or Latino,White,Female,35-44,80.0,Loan originated
1,405000.0,38,585000.0,188.0,1,Not Hispanic or Latino,Asian,Male,25-34,70.0,Loan originated
1,705000.0,48,1045000.0,262.0,1,Not Hispanic or Latino,Asian,Female,35-44,66.855,Loan originated
1,385000.0,49,505000.0,77.0,1,Not Hispanic or Latino,2 or more minority races,Male,25-34,77.137,Loan originated
1,375000.0,50%-60%,455000.0,69.0,1,Hispanic or Latino,White,Female,35-44,81.758,Application denied
1,305000.0,47,3105000.0,163.0,1,Not Hispanic or Latino,Asian,Male,65-74,10.0,Loan originated
1,665000.0,47,695000.0,135.0,1,Not Hispanic or Latino,Black or African American,Male,25-34,95.0,Loan originated
1,545000.0,30%-<36%,685000.0,210.0,1,Not Hispanic or Latino,White,Male,25-34,80.0,Loan originated
1,315000.0,20%-<30%,345000.0,447.0,1,Not Hispanic or Latino,White,Male,35-44,90.0,Loan originated
1,645000.0,30%-<36%,805000.0,203.0,1,Not Hispanic or Latino,White,Male,25-34,80.0,Loan originated
1,795000.0,44,1105000.0,180.0,1,Hispanic or Latino,White,Male,45-54,72.0,Loan originated
1,215000.0,49,805000.0,76.0,1,Not Hispanic or Latino,Asian,Female,55-64,26.25,Application denied
1,345000.0,46,645000.0,89.0,1,Hispanic or Latino,American Indian or Alaska Native,Female,25-34,53.268,Loan originated
1,945000.0,43,1055000.0,253.0,1,Not Hispanic or Latino,White,Male,35-44,90.0,Loan originated
1,545000.0,42,785000.0,144.0,1,Hispanic or Latino,White,Male,55-64,70.0,Loan originated
1,245000.0,49,415000.0,50.0,1,Not Hispanic or Latino,White,Male,35-44,58.31,Loan originated
1,435000.0,30%-<36%,535000.0,147.0,1,Not Hispanic or Latino,White,Male,25-34,83.0,Loan originated
1,695000.0,36,1345000.0,217.0,1,Not Hispanic or Latino,White,Female,65-74,51.493,Loan originated
1,555000.0,43,615000.0,137.0,1,Not Hispanic or Latino,White,Female,25-34,90.0,Loan originated
1,425000.0,37,905000.0,132.0,1,Not Hispanic or Latino,White,Male,55-64,47.22,Loan originated
1,685000.0,20%-<30%,865000.0,443.0,1,Not Hispanic or Latino,White,Male,35-44,80.0,Loan originated
1,545000.0,49,615000.0,116.0,1,Not Hispanic or Latino,White,Male,35-44,90.0,Loan originated
1,475000.0,39,775000.0,129.0,1,Not Hispanic or Latino,Asian,Female,25-34,61.29,Loan originated
1,615000.0,49,655000.0,126.0,1,Not Hispanic or Latino,White,Male,45-54,95.0,Loan originated
1,415000.0,42,545000.0,134.0,1,Hispanic or Latino,White,Female,35-44,76.058,Loan originated
1,585000.0,47,635000.0,144.0,1,Not Hispanic or Latino,Asian,Male,35-44,92.0,Loan originated
1,1095000.0,44,1595000.0,300.0,1,Not Hispanic or Latino,White,Male,45-54,68.711,Loan originated
1,265000.0,20%-<30%,465000.0,157.0,1,Not Hispanic or Latino,Black or African American,Female,55-64,56.9,Loan originated
1,965000.0,30%-<36%,1205000.0,289.0,1,Not Hispanic or Latino,White,Female,35-44,80.0,Loan originated
1,205000.0,45,255000.0,58.0,1,Hispanic or Latino,White,Male,55-64,80.0,Loan originated
1,625000.0,39,775000.0,289.0,1,Not Hispanic or Latino,White,Male,35-44,80.0,Loan originated
1,295000.0,47,365000.0,77.0,1,Not Hispanic or Latino,White,Female,55-64,80.0,Loan originated
1,685000.0,42,755000.0,228.0,1,Not Hispanic or Latino,White,Female,35-44,90.0,Application denied
1,785000.0,20%-<30%,1115000.0,390.0,1,Not Hispanic or Latino,White,Female,55-64,69.955,Loan originated
1,565000.0,39,705000.0,499.0,1,Not Hispanic or Latino,White,Male,65-74,80.0,Loan originated
1,765000.0,49,1155000.0,150.0,1,Not Hispanic or Latino,Asian,Female,45-54,66.652,Loan originated
1,705000.0,40,1055000.0,224.0,1,Hispanic or Latino,American Indian or Alaska Native,Male,55-64,66.67,Loan originated
1,435000.0,39,485000.0,117.0,1,Not Hispanic or Latino,Asian,Male,25-34,90.0,Loan originated
1,555000.0,37,695000.0,136.0,1,Not Hispanic or Latino,White,Male,35-44,80.0,Loan originated
1,375000.0,<20%,475000.0,193.0,1,Not Hispanic or Latino,Asian,Male,35-44,80.0,Loan originated
1,575000.0,46,655000.0,128.0,1,Not Hispanic or Latino,Asian,Male,25-34,88.482,Loan originated
1,545000.0,46,685000.0,167.0,1,Not Hispanic or Latino,Asian,Female,65-74,80.0,Loan originated
1,935000.0,39,1005000.0,260.0,1,Hispanic or Latino,White,Male,45-54,93.0,Loan originated
1,755000.0,44,1055000.0,200.0,1,Not Hispanic or Latino,Asian,Male,55-64,71.467,Loan originated
1,305000.0,46,315000.0,80.0,1,Not Hispanic or Latino,White,Female,45-54,97.0,Loan originated
1,155000.0,44,225000.0,140.0,1,Not Hispanic or Latino,White,Male,55-64,68.18,Loan originated
1,625000.0,48,785000.0,88.0,1,Hispanic or Latino,White,Male,25-34,99.231,Application denied
1,505000.0,47,555000.0,102.0,1,Not Hispanic or Latino,Asian,Male,25-34,89.675,Loan originated
1,345000.0,48,495000.0,83.0,1,Hispanic or Latino,White,Male,25-34,69.724,Loan originated
1,425000.0,37,475000.0,109.0,1,Hispanic or Latino,White,Male,35-44,90.0,Loan originated
1,765000.0,50%-60%,1105000.0,168.0,1,Hispanic or Latino,White,Male,45-54,69.64,Application denied
1,395000.0,49,415000.0,130.0,1,Not Hispanic or Latino,Native Hawaiian or Other Pacific Islander,Male,25-34,95.0,Loan originated
1,325000.0,39,595000.0,119.0,1,Not Hispanic or Latino,White,Female,55-64,54.0,Loan originated
1,705000.0,42,885000.0,224.0,1,Not Hispanic or Latino,Black or African American,Male,35-44,80.0,Loan originated
1,735000.0,20%-<30%,1135000.0,300.0,1,Not Hispanic or Latino,White,Male,25-34,65.0,Application denied
1,765000.0,44,1005000.0,185.0,1,Not Hispanic or Latino,White,Male,45-54,76.655,Loan originated
1,655000.0,20%-<30%,775000.0,263.0,1,Not Hispanic or Latino,White,Male,35-44,85.0,Loan originated
1,475000.0,36,675000.0,166.0,1,Not Hispanic or Latino,White,Female,55-64,70.0,Loan originated
1,425000.0,46,535000.0,12.0,1,Not Hispanic or Latino,Asian,Male,55-64,80.0,Loan originated
1,285000.0,45,305000.0,67.0,1,Not Hispanic or Latino,White,Male,25-34,95.0,Loan originated
1,305000.0,48,415000.0,61.0,1,Hispanic or Latino,White,Male,35-44,72.289,Loan originated
1,785000.0,39,1125000.0,211.0,1,Not Hispanic or Latino,Asian,Female,65-74,70.0,Application denied
1,715000.0,44,745000.0,212.0,1,Not Hispanic or Latino,Asian,Male,35-44,100.0,Loan originated
1,805000.0,47,985000.0,175.0,1,Hispanic or Latino,White,Male,45-54,81.218,Application denied
1,775000.0,30%-<36%,1595000.0,293.0,1,Not Hispanic or Latino,White,Male,45-54,48.552,Loan originated
1,355000.0,45,505000.0,100.0,1,Not Hispanic or Latino,White,Female,55-64,70.0,Loan originated
1,845000.0,30%-<36%,1055000.0,273.0,1,Not Hispanic or Latino,White,Male,55-64,80.0,Loan originated
1,555000.0,49,695000.0,195.0,1,Not Hispanic or Latino,White,Male,55-64,80.0,Loan originated
1,275000.0,30%-<36%,425000.0,113.0,1,Not Hispanic or Latino,White,Female,35-44,64.805,Loan originated
1,85000.0,20%-<30%,455000.0,85.0,1,Not Hispanic or Latino,White,Female,45-54,17.66,Loan originated
1,415000.0,49,435000.0,88.0,1,Not Hispanic or Latino,White,Female,25-34,95.0,Loan originated
1,535000.0,46,765000.0,119.0,1,Hispanic or Latino,White,Female,45-54,70.0,Loan originated
1,525000.0,30%-<36%,675000.0,151.0,1,Not Hispanic or Latino,Asian,Female,25-34,77.71,Loan originated
1,595000.0,36,745000.0,297.0,1,Not Hispanic or Latino,Asian,Male,35-44,80.0,Loan originated
1,485000.0,20%-<30%,735000.0,199.0,1,Not Hispanic or Latino,Asian,Male,25-34,65.75,Loan originated
1,1105000.0,49,1525000.0,250.0,1,Not Hispanic or Latino,Asian,Male,35-44,73.0,Loan originated
1,875000.0,20%-<30%,1245000.0,347.0,1,Not Hispanic or Latino,Asian,Male,25-34,69.915,Loan originated
1,495000.0,49,525000.0,96.0,1,Not Hispanic or Latino,White,Male,35-44,95.0,Loan originated
1,275000.0,48,295000.0,83.0,1,Hispanic or Latino,White,Male,45-54,95.0,Loan originated
1,555000.0,30%-<36%,825000.0,201.0,1,Not Hispanic or Latino,Asian,Female,35-44,67.683,Loan originated
1,315000.0,30%-<36%,395000.0,84.0,1,Hispanic or Latino,White,Male,25-34,80.0,Loan originated
1,205000.0,30%-<36%,445000.0,71.0,1,Not Hispanic or Latino,Asian,Female,25-34,44.454,Loan originated
1,245000.0,20%-<30%,445000.0,93.0,1,Hispanic or Latino,White,Male,25-34,54.545,Loan originated
1,645000.0,46,925000.0,177.0,1,Not Hispanic or Latino,White,Male,35-44,70.0,Loan originated
1,705000.0,47,1175000.0,204.0,1,Not Hispanic or Latino,Asian,Female,25-34,60.0,Loan originated
1,925000.0,44,1235000.0,211.0,1,Not Hispanic or Latino,Asian,Male,25-34,75.0,Loan originated
1,475000.0,39,545000.0,120.0,1,Not Hispanic or Latino,Asian,Female,25-34,86.447,Loan originated
1,395000.0,42,405000.0,106.0,1,Not Hispanic or Latino,Asian,Male,35-44,100.0,Loan originated
1,225000.0,36,285000.0,107.0,1,Not Hispanic or Latino,White,Female,35-44,80.0,Loan originated
1,465000.0,30%-<36%,575000.0,145.0,1,Not Hispanic or Latino,Asian,Male,35-44,80.0,Application denied
1,215000.0,30%-<36%,395000.0,62.0,1,Hispanic or Latino,American Indian or Alaska Native,Male,45-54,54.65,Loan originated
1,155000.0,38,685000.0,69.0,1,Not Hispanic or Latino,White,Female,55-64,22.0,Loan originated
1,455000.0,47,545000.0,95.0,1,Hispanic or Latino,White,Male,35-44,87.061,Loan originated
1,605000.0,49,1425000.0,213.0,1,Not Hispanic or Latino,White,Male,>74,42.105,Loan originated
1,455000.0,49,505000.0,114.0,1,Not Hispanic or Latino,White,Female,25-34,90.0,Loan originated
1,775000.0,30%-<36%,975000.0,370.0,1,Not Hispanic or Latino,White,Female,35-44,80.0,Loan originated
1,585000.0,38,655000.0,140.0,1,Not Hispanic or Latino,White,Female,25-34,90.0,Loan originated
1,545000.0,41,635000.0,139.0,1,Hispanic or Latino,White,Male,45-54,86.508,Loan originated
1,335000.0,38,415000.0,95.0,1,Hispanic or Latino,White,Male,25-34,80.0,Loan originated
1,535000.0,48,565000.0,127.0,1,Not Hispanic or Latino,White,Male,35-44,95.0,Loan originated
1,515000.0,46,945000.0,149.0,1,Not Hispanic or Latino,Asian,Female,55-64,55.0,Loan originated
1,425000.0,40,455000.0,111.0,1,Not Hispanic or Latino,White,Female,45-54,95.0,Loan originated
1,695000.0,49,875000.0,270.0,1,Not Hispanic or Latino,White,Female,65-74,80.0,Loan originated
1,1045000.0,<20%,1305000.0,2616.0,1,Not Hispanic or Latino,White,Female,55-64,80.0,Loan originated
1,505000.0,43,525000.0,138.0,1,Not Hispanic or Latino,White,Female,35-44,100.0,Application denied
1,285000.0,40,305000.0,70.0,1,Not Hispanic or Latino,White,Male,25-34,95.0,Loan originated
1,705000.0,49,805000.0,132.0,1,Hispanic or Latino,White,Male,25-34,88.0,Loan originated
1,215000.0,49,265000.0,37.0,1,Hispanic or Latino,White,Female,<25,100.0,Loan originated
1,715000.0,41,895000.0,181.0,1,Not Hispanic or Latino,Asian,Male,35-44,80.0,Loan originated
1,475000.0,43,625000.0,132.0,1,Not Hispanic or Latino,Asian,Female,45-54,75.0,Loan originated
1,575000.0,49,715000.0,129.0,1,Not Hispanic or Latino,White,Male,35-44,80.0,Loan originated
1,515000.0,37,645000.0,138.0,1,Not Hispanic or Latino,Asian,Male,35-44,80.0,Loan originated
1,485000.0,44,605000.0,190.0,1,Not Hispanic or Latino,White,Male,35-44,80.0,Loan originated
1,675000.0,36,715000.0,174.0,1,Hispanic or Latino,White,Male,25-34,95.0,Loan originated
1,655000.0,49,725000.0,176.0,1,Hispanic or Latino,White,Male,25-34,90.0,Loan originated
1,165000.0,45,175000.0,48.0,1,Hispanic or Latino,White,Female,35-44,97.0,Loan originated
1,1085000.0,20%-<30%,1355000.0,491.0,1,Not Hispanic or Latino,White,Male,35-44,80.0,Loan originated
1,475000.0,46,1225000.0,133.0,1,Not Hispanic or Latino,Asian,Female,35-44,38.925,Loan originated
1,765000.0,42,975000.0,379.0,1,Not Hispanic or Latino,Asian,Male,45-54,78.65,Loan originated
1,315000.0,44,335000.0,72.0,1,Hispanic or Latino,White,Male,25-34,95.0,Loan originated
1,635000.0,>60%,795000.0,120.0,1,Hispanic or Latino,Asian,Male,25-34,80.0,Application denied
1,455000.0,20%-<30%,635000.0,206.0,1,Not Hispanic or Latino,White,Female,25-34,71.74,Loan originated
1,445000.0,30%-<36%,565000.0,149.0,1,Not Hispanic or Latino,Asian,Female,25-34,80.0,Loan originated
1,455000.0,39,1325000.0,145.0,1,Not Hispanic or Latino,White,Male,25-34,35.0,Loan originated
1,375000.0,48,585000.0,78.0,1,Not Hispanic or Latino,White,Female,35-44,63.248,Loan originated
1,295000.0,49,495000.0,73.0,1,Not Hispanic or Latino,Asian,Male,65-74,60.204,Loan originated
1,355000.0,42,375000.0,71.0,1,Hispanic or Latino,White,Female,55-64,95.0,Loan originated
1,575000.0,49,1355000.0,128.0,1,Not Hispanic or Latino,Asian,Male,45-54,42.222,Loan originated
1,845000.0,41,975000.0,210.0,1,Not Hispanic or Latino,White,Female,25-34,90.0,Loan originated
1,715000.0,48,745000.0,192.0,1,Not Hispanic or Latino,White,Male,35-44,96.5,Loan originated
1,205000.0,20%-<30%,275000.0,85.0,1,Not Hispanic or Latino,White,Female,>74,72.73,Loan originated
1,345000.0,45,425000.0,121.0,1,Not Hispanic or Latino,Asian,Male,35-44,80.0,Loan originated
1,585000.0,41,735000.0,235.0,1,Not Hispanic or Latino,Asian,Male,35-44,80.0,Loan originated
1,625000.0,41,775000.0,269.0,1,Hispanic or Latino,White,Male,25-34,80.0,Loan originated
1,515000.0,41,605000.0,150.0,1,Hispanic or Latino,White,Female,45-54,85.0,Loan originated
1,245000.0,30%-<36%,255000.0,82.0,1,Hispanic or Latino,White,Male,25-34,95.0,Loan originated
1,275000.0,44,785000.0,74.0,1,Not Hispanic or Latino,White,Female,55-64,35.03,Loan originated
1,345000.0,39,575000.0,109.0,1,Not Hispanic or Latino,White,Female,65-74,60.0,Loan originated
1,425000.0,47,465000.0,139.0,1,Hispanic or Latino,White,Male,25-34,91.864,Loan originated
1,485000.0,50%-60%,515000.0,182.0,1,Hispanic or Latino,White,Female,55-64,95.0,Application denied
1,1005000.0,49,1775000.0,216.0,1,Hispanic or Latino,White,Male,35-44,56.338,Loan originated
1,325000.0,43,385000.0,75.0,1,Not Hispanic or Latino,White,Female,25-34,85.0,Loan originated
1,305000.0,>60%,1925000.0,57.0,1,Hispanic or Latino,White,Female,>74,21.86,Application denied
1,525000.0,46,585000.0,167.0,1,Not Hispanic or Latino,White,Female,25-34,90.0,Loan originated
1,225000.0,30%-<36%,525000.0,86.0,1,Not Hispanic or Latino,White,Female,65-74,43.0,Loan originated
1,495000.0,50%-60%,525000.0,106.0,1,Not Hispanic or Latino,Black or African American,Male,35-44,95.0,Loan originated
1,305000.0,45,325000.0,80.0,1,Hispanic or Latino,White,Male,25-34,95.0,Loan originated
1,135000.0,45,565000.0,43.0,1,Hispanic or Latino,White,Male,65-74,24.0,Loan originated
1,565000.0,<20%,805000.0,688.0,1,Not Hispanic or Latino,White,Male,55-64,70.0,Loan originated
1,435000.0,37,655000.0,138.0,1,Hispanic or Latino,White,Female,35-44,66.154,Loan originated
1,695000.0,42,745000.0,176.0,1,Not Hispanic or Latino,Black or African American,Female,35-44,93.243,Loan originated
1,675000.0,30%-<36%,1225000.0,202.0,1,Not Hispanic or Latino,White,Female,55-64,55.012,Loan originated
1,585000.0,41,735000.0,170.0,1,Not Hispanic or Latino,Asian,Female,45-54,80.0,Loan originated
1,615000.0,41,835000.0,163.0,1,Hispanic or Latino,White,Male,25-34,74.23,Loan originated
1,285000.0,49,385000.0,305.0,1,Not Hispanic or Latino,White,Female,35-44,75.0,Loan originated
1,465000.0,43,515000.0,184.0,1,Not Hispanic or Latino,White,Female,35-44,90.0,Loan originated
1,485000.0,49,605000.0,148.0,1,Not Hispanic or Latino,White,Male,25-34,80.0,Loan originated
1,1125000.0,44,1405000.0,243.0,1,Not Hispanic or Latino,Asian,Male,35-44,80.0,Loan originated
1,205000.0,49,215000.0,105.0,1,Not Hispanic or Latino,White,Female,35-44,95.0,Loan originated
1,405000.0,30%-<36%,885000.0,154.0,1,Not Hispanic or Latino,White,Male,25-34,46.01,Loan originated
1,595000.0,20%-<30%,665000.0,546.0,1,Not Hispanic or Latino,White,Female,35-44,89.9,Loan originated
1,465000.0,45,515000.0,110.0,1,Not Hispanic or Latino,White,Female,25-34,90.0,Loan originated
1,1115000.0,46,1395000.0,794.0,1,Not Hispanic or Latino,Asian,Female,45-54,80.0,Loan originated
1,685000.0,43,745000.0,189.0,1,Not Hispanic or Latino,White,Male,35-44,91.625,Loan originated
1,415000.0,30%-<36%,435000.0,129.0,1,Not Hispanic or Latino,White,Female,25-34,97.0,Loan originated
1,485000.0,48,545000.0,104.0,1,Hispanic or Latino,White,Male,55-64,90.0,Loan originated
1,575000.0,44,715000.0,131.0,1,Not Hispanic or Latino,White,Male,25-34,80.0,Loan originated
1,1115000.0,36,1585000.0,276.0,1,Not Hispanic or Latino,Asian,Male,35-44,70.0,Loan originated
1,845000.0,41,945000.0,250.0,1,Not Hispanic or Latino,Asian,Male,45-54,90.0,Loan originated
1,595000.0,30%-<36%,665000.0,158.0,1,Not Hispanic or Latino,Black or African American,Male,45-54,90.0,Loan originated
1,715000.0,20%-<30%,895000.0,306.0,1,Hispanic or Latino,White,Male,55-64,80.0,Loan originated
1,865000.0,30%-<36%,1075000.0,284.0,1,Not Hispanic or Latino,Asian,Male,35-44,80.0,Loan originated
1,565000.0,49,705000.0,134.0,1,Not Hispanic or Latino,White,Male,65-74,80.0,Loan originated
1,545000.0,<20%,805000.0,550.0,1,Hispanic or Latino,White,Male,55-64,67.5,Loan originated
1,155000.0,30%-<36%,215000.0,56.0,1,Not Hispanic or Latino,White,Male,65-74,71.429,Loan originated
1,335000.0,47,395000.0,73.0,1,Not Hispanic or Latino,White,Female,25-34,85.0,Loan originated
1,155000.0,46,345000.0,43.0,1,Not Hispanic or Latino,White,Male,65-74,44.118,Loan originated
1,465000.0,20%-<30%,575000.0,180.0,1,Not Hispanic or Latino,White,Male,35-44,80.0,Loan originated
1,215000.0,20%-<30%,355000.0,95.0,1,Not Hispanic or Latino,White,Female,45-54,60.0,Loan originated
1,405000.0,37,1805000.0,215.0,1,Not Hispanic or Latino,White,Male,55-64,22.205,Loan originated
1,455000.0,39,475000.0,127.0,1,Hispanic or Latino,White,Male,35-44,97.0,Loan originated
1,665000.0,43,985000.0,169.0,1,Not Hispanic or Latino,White,Male,35-44,67.857,Loan originated
1,385000.0,44,425000.0,154.0,1,Not Hispanic or Latino,Asian,Female,25-34,90.0,Loan originated
1,835000.0,43,1045000.0,244.0,1,Hispanic or Latino,White,Male,45-54,80.0,Loan originated
1,645000.0,42,675000.0,240.0,1,Not Hispanic or Latino,White,Female,>74,95.0,Loan originated
1,865000.0,38,1085000.0,322.0,1,Not Hispanic or Latino,White,Female,35-44,80.0,Loan originated
1,355000.0,49,445000.0,92.0,1,Not Hispanic or Latino,Asian,Male,25-34,80.0,Loan originated
1,665000.0,50%-60%,815000.0,137.0,1,Not Hispanic or Latino,Asian,Female,25-34,100.0,Loan originated
1,675000.0,36,845000.0,212.0,1,Not Hispanic or Latino,Asian,Male,35-44,80.0,Loan originated
1,425000.0,48,655000.0,88.0,1,Not Hispanic or Latino,Asian,Female,35-44,65.0,Loan originated
1,485000.0,36,745000.0,134.0,1,Not Hispanic or Latino,Asian,Female,35-44,65.405,Loan originated
1,735000.0,47,825000.0,235.0,1,Hispanic or Latino,White,Male,25-34,88.97,Loan originated
1,325000.0,49,695000.0,66.0,1,Hispanic or Latino,White,Male,35-44,46.726,Loan originated
1,425000.0,30%-<36%,535000.0,271.0,1,Not Hispanic or Latino,White,Male,45-54,80.0,Loan originated
1,845000.0,30%-<36%,895000.0,273.0,1,Not Hispanic or Latino,Black or African American,Male,55-64,94.0,Loan originated
1,385000.0,46,565000.0,91.0,1,Not Hispanic or Latino,White,Female,25-34,68.142,Loan originated
1,665000.0,43,695000.0,156.0,1,Not Hispanic or Latino,White,Male,35-44,95.0,Loan originated
1,525000.0,20%-<30%,655000.0,279.0,1,Not Hispanic or Latino,White,Female,55-64,80.0,Loan originated
1,565000.0,46,715000.0,253.0,1,Hispanic or Latino,White,Male,45-54,80.0,Loan originated
1,355000.0,49,1295000.0,96.0,1,Not Hispanic or Latino,White,Female,<25,26.992,Loan originated
1,595000.0,49,745000.0,155.0,1,Not Hispanic or Latino,Asian,Female,55-64,80.0,Loan originated
1,195000.0,20%-<30%,245000.0,116.0,1,Not Hispanic or Latino,White,Male,35-44,80.0,Loan originated
1,635000.0,44,735000.0,139.0,1,Not Hispanic or Latino,Asian,Male,25-34,86.575,Loan originated
1,205000.0,<20%,2005000.0,222.0,1,Not Hispanic or Latino,Asian,Male,55-64,10.0,Loan originated
1,285000.0,41,725000.0,117.0,1,Not Hispanic or Latino,White,Male,35-44,40.0,Loan originated
1,765000.0,20%-<30%,955000.0,363.0,1,Not Hispanic or Latino,White,Male,35-44,80.0,Loan originated
1,155000.0,30%-<36%,435000.0,42.0,1,Not Hispanic or Latino,White,Female,>74,34.247,Loan originated
1,505000.0,44,565000.0,121.0,1,Not Hispanic or Latino,White,Female,25-34,90.0,Loan originated
1,695000.0,30%-<36%,865000.0,258.0,1,Not Hispanic or Latino,White,Male,25-34,80.0,Loan originated
1,365000.0,20%-<30%,465000.0,223.0,1,Hispanic or Latino,American Indian or Alaska Native,Male,35-44,80.0,Loan originated
1,395000.0,43,535000.0,102.0,1,Not Hispanic or Latino,White,Male,25-34,75.0,Loan originated
1,525000.0,40,555000.0,168.0,1,Not Hispanic or Latino,Asian,Female,45-54,95.0,Loan originated
1,425000.0,47,725000.0,101.0,1,Not Hispanic or Latino,Asian,Female,55-64,58.334,Loan originated
1,775000.0,42,1205000.0,182.0,1,Not Hispanic or Latino,Asian,Female,55-64,63.9,Loan originated
1,765000.0,46,955000.0,168.0,1,Not Hispanic or Latino,White,Male,25-34,83.416,Loan originated
1,925000.0,45,1155000.0,207.0,1,Not Hispanic or Latino,Asian,Male,25-34,80.0,Loan originated
1,885000.0,49,1235000.0,210.0,1,Not Hispanic or Latino,Asian,Female,35-44,71.545,Loan originated
1,385000.0,48,405000.0,89.0,1,Hispanic or Latino,White,Male,35-44,95.0,Loan originated
1,605000.0,50%-60%,645000.0,155.0,1,Not Hispanic or Latino,White,Male,25-34,95.0,Loan originated
1,745000.0,49,925000.0,150.0,1,Not Hispanic or Latino,White,Male,55-64,80.0,Loan originated
1,265000.0,37,285000.0,92.0,1,Not Hispanic or Latino,White,Female,25-34,95.0,Loan originated
1,415000.0,41,525000.0,99.0,1,Not Hispanic or Latino,White,Male,25-34,80.0,Loan originated
1,245000.0,41,315000.0,72.0,1,Not Hispanic or Latino,White,Female,<25,80.0,Loan originated
1,1105000.0,36,1605000.0,305.0,1,Not Hispanic or Latino,Asian,Male,25-34,68.75,Loan originated
1,375000.0,46,765000.0,76.0,1,Not Hispanic or Latino,White,Female,55-64,49.342,Loan originated
1,485000.0,36,605000.0,176.0,1,Hispanic or Latino,White,Female,45-54,80.0,Loan originated
1,655000.0,47,1315000.0,656.0,1,Not Hispanic or Latino,White,Male,65-74,50.0,Loan originated
1,675000.0,41,835000.0,190.0,1,Not Hispanic or Latino,White,Female,35-44,80.0,Loan originated
1,335000.0,20%-<30%,765000.0,185.0,1,Hispanic or Latino,White,Female,45-54,42.91,Loan originated
1,115000.0,39,485000.0,51.0,1,Not Hispanic or Latino,White,Male,65-74,22.917,Loan originated
1,365000.0,46,395000.0,77.0,1,Not Hispanic or Latino,Asian,Female,45-54,92.698,Loan originated
1,375000.0,49,435000.0,81.0,1,Not Hispanic or Latino,Asian,Female,25-34,86.207,Loan originated
1,425000.0,41,525000.0,104.0,1,Not Hispanic or Latino,White,Female,25-34,80.0,Loan originated
1,125000.0,30%-<36%,165000.0,55.0,1,Not Hispanic or Latino,White,Male,25-34,80.0,Loan originated
1,5000.0,30%-<36%,5000.0,43.0,1,Not Hispanic or Latino,White,Female,25-34,71.066,Application denied
1,545000.0,42,685000.0,216.0,1,Not Hispanic or Latino,White,Female,35-44,80.0,Loan originated
1,335000.0,50%-60%,355000.0,120.0,1,Hispanic or Latino,White,Female,25-34,95.75,Application denied
1,585000.0,20%-<30%,725000.0,221.0,1,Not Hispanic or Latino,Asian,Male,35-44,80.0,Loan originated
1,245000.0,40,345000.0,77.0,1,Not Hispanic or Latino,White,Male,35-44,71.01,Loan originated
1,395000.0,49,425000.0,96.0,1,Hispanic or Latino,White,Female,35-44,95.0,Loan originated
1,385000.0,39,405000.0,104.0,1,Hispanic or Latino,White,Female,25-34,95.0,Loan originated
1,465000.0,42,575000.0,130.0,1,Not Hispanic or Latino,White,Female,25-34,80.0,Application denied
1,1145000.0,44,2005000.0,292.0,1,Not Hispanic or Latino,White,Female,45-54,58.0,Loan originated
1,695000.0,47,795000.0,154.0,1,Not Hispanic or Latino,White,Female,35-44,87.469,Loan originated
1,485000.0,39,605000.0,140.0,1,Not Hispanic or Latino,Asian,Male,45-54,100.0,Loan originated
1,475000.0,41,675000.0,211.0,1,Not Hispanic or Latino,Asian,Male,>74,70.0,Application denied
1,445000.0,20%-<30%,585000.0,218.0,1,Not Hispanic or Latino,Asian,Male,45-54,75.0,Loan originated
1,345000.0,30%-<36%,425000.0,173.0,1,Not Hispanic or Latino,Black or African American,Male,35-44,80.0,Loan originated
1,35000.0,20%-<30%,175000.0,62.0,1,Not Hispanic or Latino,White,Female,>74,19.46,Loan originated
1,385000.0,30%-<36%,425000.0,123.0,1,Not Hispanic or Latino,White,Male,25-34,90.0,Loan originated
1,375000.0,45,475000.0,136.0,1,Not Hispanic or Latino,White,Male,35-44,80.0,Loan originated
1,635000.0,42,665000.0,161.0,1,Hispanic or Latino,American Indian or Alaska Native,Male,25-34,95.0,Loan originated
1,285000.0,37,355000.0,116.0,1,Not Hispanic or Latino,White,Female,45-54,80.0,Loan originated
1,525000.0,47,545000.0,130.0,1,Hispanic or Latino,White,Female,45-54,97.0,Loan originated
1,515000.0,47,545000.0,127.0,1,Hispanic or Latino,White,Male,45-54,95.0,Loan originated
1,305000.0,30%-<36%,625000.0,111.0,1,Not Hispanic or Latino,White,Female,35-44,48.0,Loan originated
1,895000.0,>60%,1375000.0,230.0,1,Not Hispanic or Latino,Asian,Male,45-54,72.0,Application denied
1,565000.0,44,965000.0,147.0,1,Not Hispanic or Latino,Asian,Male,25-34,58.333,Loan originated
1,605000.0,36,765000.0,186.0,1,Not Hispanic or Latino,White,Male,35-44,80.0,Loan originated
1,515000.0,41,525000.0,158.0,1,Not Hispanic or Latino,White,Female,35-44,97.0,Loan originated
1,925000.0,42,1155000.0,208.0,1,Not Hispanic or Latino,Asian,Male,25-34,80.0,Loan originated
1,1005000.0,42,1415000.0,290.0,1,Not Hispanic or Latino,White,Male,45-54,71.0,Loan originated
1,315000.0,20%-<30%,395000.0,131.0,1,Hispanic or Latino,Asian,Male,45-54,80.0,Loan originated
1,215000.0,40,275000.0,74.0,1,Hispanic or Latino,White,Male,35-44,79.0,Loan originated
1,555000.0,47,615000.0,181.0,1,Not Hispanic or Latino,Asian,Female,45-54,90.0,Loan originated
1,1005000.0,49,1255000.0,220.0,1,Not Hispanic or Latino,White,Male,45-54,80.0,Loan originated
1,565000.0,30%-<36%,705000.0,272.0,1,Not Hispanic or Latino,Asian,Male,45-54,80.0,Loan originated
1,725000.0,40,1215000.0,189.0,1,Not Hispanic or Latino,Asian,Male,55-64,59.94,Loan originated
1,435000.0,20%-<30%,485000.0,189.0,1,Hispanic or Latino,White,Male,45-54,90.0,Loan originated
1,515000.0,48,645000.0,174.0,1,Not Hispanic or Latino,Asian,Female,25-34,80.0,Loan originated
1,575000.0,48,775000.0,159.0,1,Not Hispanic or Latino,Asian,Male,25-34,75.0,Loan originated
1,205000.0,20%-<30%,295000.0,82.0,1,Not Hispanic or Latino,White,Female,35-44,69.31,Loan originated
1,545000.0,43,695000.0,113.0,1,Not Hispanic or Latino,Black or African American,Male,25-34,77.64,Loan originated
1,325000.0,39,405000.0,92.0,1,Not Hispanic or Latino,White,Female,<25,79.995,Loan originated
1,735000.0,48,925000.0,271.0,1,Not Hispanic or Latino,White,Female,45-54,80.0,Loan originated
1,595000.0,48,745000.0,142.0,1,Not Hispanic or Latino,Asian,Male,35-44,100.0,Loan originated
1,925000.0,45,1275000.0,278.0,1,Hispanic or Latino,White,Female,45-54,73.0,Loan originated
1,155000.0,30%-<36%,805000.0,99.0,1,Not Hispanic or Latino,Asian,Male,25-34,18.75,Loan originated
1,75000.0,45,145000.0,84.0,1,Not Hispanic or Latino,White,Male,65-74,51.26,Loan originated
1,805000.0,20%-<30%,1805000.0,458.0,1,Not Hispanic or Latino,Asian,Male,35-44,44.444,Loan originated
1,865000.0,42,1155000.0,315.0,1,Not Hispanic or Latino,Asian,Male,35-44,75.0,Loan originated
1,775000.0,40,825000.0,200.0,1,Not Hispanic or Latino,White,Female,25-34,95.0,Loan originated
1,535000.0,30%-<36%,635000.0,148.0,1,Not Hispanic or Latino,Asian,Male,25-34,85.0,Loan originated
1,1085000.0,47,2175000.0,247.0,1,Not Hispanic or Latino,White,Female,45-54,49.885,Loan originated
1,215000.0,30%-<36%,225000.0,194.0,1,Not Hispanic or Latino,White,Female,55-64,95.0,Loan originated
1,595000.0,44,745000.0,140.0,1,Not Hispanic or Latino,Asian,Male,35-44,80.0,Loan originated
1,925000.0,38,1255000.0,244.0,1,Not Hispanic or Latino,White,Male,35-44,74.0,Loan originated
1,835000.0,50%-60%,895000.0,138.0,1,Not Hispanic or Latino,Black or African American,Female,35-44,80.0,Application denied
1,585000.0,30%-<36%,695000.0,259.0,1,Not Hispanic or Latino,White,Female,25-34,85.0,Loan originated
1,295000.0,49,435000.0,106.0,1,Not Hispanic or Latino,White,Female,55-64,80.326,Loan originated
1,985000.0,36,1235000.0,294.0,1,Not Hispanic or Latino,White,Male,35-44,80.0,Loan originated
1,765000.0,49,865000.0,149.0,1,Not Hispanic or Latino,White,Male,25-34,89.01,Loan originated
1,425000.0,30%-<36%,535000.0,332.0,1,Not Hispanic or Latino,Asian,Male,35-44,80.0,Loan originated
1,805000.0,38,1005000.0,223.0,1,Not Hispanic or Latino,Asian,Male,55-64,80.0,Loan originated
1,765000.0,49,1695000.0,200.0,1,Not Hispanic or Latino,White,Female,35-44,45.224,Loan originated
1,635000.0,44,715000.0,160.0,1,Hispanic or Latino,White,Female,35-44,90.0,Loan originated
1,505000.0,50%-60%,625000.0,395.0,1,Not Hispanic or Latino,Black or African American,Male,65-74,80.0,Application denied
1,165000.0,50%-60%,305000.0,83.0,1,Hispanic or Latino,White,Female,55-64,54.1,Application denied
1,285000.0,47,355000.0,70.0,1,Hispanic or Latino,White,Female,45-54,80.0,Loan originated
1,695000.0,46,815000.0,209.0,1,Not Hispanic or Latino,Asian,Male,45-54,86.0,Application denied
1,635000.0,50%-60%,985000.0,163.0,1,Not Hispanic or Latino,White,Male,45-54,64.467,Application denied
1,285000.0,36,775000.0,101.0,1,Not Hispanic or Latino,White,Male,65-74,35.948,Loan originated
1,575000.0,49,715000.0,112.0,1,Hispanic or Latino,Asian,Male,35-44,80.0,Loan originated
1,735000.0,46,975000.0,180.0,1,Not Hispanic or Latino,Asian,Male,25-34,75.0,Loan originated
1,75000.0,43,375000.0,29.0,1,Not Hispanic or Latino,American Indian or Alaska Native,Male,45-54,102.27,Loan originated
1,535000.0,30%-<36%,675000.0,168.0,1,Not Hispanic or Latino,White,Male,45-54,80.0,Loan originated
1,115000.0,46,125000.0,180.0,1,Hispanic or Latino,American Indian or Alaska Native,Male,55-64,95.0,Application denied
1,585000.0,47,725000.0,110.0,1,Hispanic or Latino,White,Male,45-54,80.0,Loan originated
1,225000.0,20%-<30%,245000.0,116.0,1,Not Hispanic or Latino,Asian,Female,<25,95.0,Application denied
1,325000.0,39,1025000.0,128.0,1,Not Hispanic or Latino,White,Male,45-54,31.37,Loan originated
1,705000.0,30%-<36%,905000.0,225.0,1,Not Hispanic or Latino,Asian,Female,35-44,78.0,Loan originated
1,305000.0,20%-<30%,1035000.0,435.0,1,Hispanic or Latino,White,Male,45-54,29.126,Loan originated
1,615000.0,<20%,685000.0,0.0,1,Not Hispanic or Latino,Asian,Male,55-64,90.0,Application denied
1,545000.0,49,585000.0,120.0,1,Not Hispanic or Latino,White,Female,25-34,94.31,Loan originated
1,315000.0,36,325000.0,126.0,1,Hispanic or Latino,White,Male,45-54,95.0,Loan originated
1,935000.0,20%-<30%,1505000.0,525.0,1,Not Hispanic or Latino,White,Male,35-44,62.28,Loan originated
1,315000.0,42,325000.0,72.0,1,Hispanic or Latino,White,Male,25-34,97.0,Loan originated
1,485000.0,44,855000.0,158.0,1,Not Hispanic or Latino,Asian,Female,35-44,56.471,Loan originated
1,275000.0,37,925000.0,145.0,1,Not Hispanic or Latino,White,Male,55-64,29.73,Loan originated
1,365000.0,37,455000.0,117.0,1,Not Hispanic or Latino,Asian,Male,25-34,79.89,Loan originated
1,465000.0,49,765000.0,101.0,1,Not Hispanic or Latino,White,Female,35-44,60.86,Loan originated
1,465000.0,30%-<36%,585000.0,155.0,1,Not Hispanic or Latino,White,Male,35-44,80.0,Loan originated
1,605000.0,36,805000.0,371.0,1,Not Hispanic or Latino,White,Male,35-44,75.0,Loan originated
1,395000.0,48,635000.0,120.0,1,Hispanic or Latino,White,Female,45-54,62.499,Loan originated
1,525000.0,48,545000.0,111.0,1,Not Hispanic or Latino,Asian,Male,55-64,95.0,Loan originated
1,585000.0,30%-<36%,685000.0,212.0,1,Hispanic or Latino,White,Male,45-54,85.0,Loan originated
1,735000.0,45,785000.0,265.0,1,Not Hispanic or Latino,Asian,Female,35-44,93.669,Loan originated
1,525000.0,>60%,745000.0,130.0,1,Not Hispanic or Latino,Asian,Male,25-34,70.0,Loan originated
1,695000.0,43,995000.0,200.0,1,Not Hispanic or Latino,American Indian or Alaska Native,Male,35-44,84.593,Loan originated
1,115000.0,44,355000.0,44.0,1,Hispanic or Latino,White,Female,25-34,96.465,Loan originated
1,1105000.0,49,1385000.0,212.0,1,Not Hispanic or Latino,Asian,Male,25-34,80.0,Loan originated
1,515000.0,30%-<36%,605000.0,159.0,1,Not Hispanic or Latino,White,Male,25-34,85.0,Loan originated
1,395000.0,30%-<36%,415000.0,175.0,1,Hispanic or Latino,White,Male,55-64,95.0,Loan originated
1,835000.0,37,1045000.0,252.0,1,Not Hispanic or Latino,White,Male,45-54,80.0,Loan originated
1,425000.0,20%-<30%,445000.0,147.0,1,Hispanic or Latino,White,Female,35-44,97.0,Loan originated
1,315000.0,45,455000.0,72.0,1,Not Hispanic or Latino,Asian,Female,35-44,70.0,Loan originated
1,685000.0,40,1215000.0,170.0,1,Not Hispanic or Latino,White,Male,25-34,56.61,Loan originated
1,355000.0,45,395000.0,82.0,1,Hispanic or Latino,White,Male,25-34,90.0,Loan originated
1,445000.0,40,555000.0,119.0,1,Not Hispanic or Latino,White,Male,35-44,80.0,Loan originated
1,215000.0,20%-<30%,715000.0,112.0,1,Not Hispanic or Latino,White,Female,55-64,31.0,Loan originated
1,55000.0,42,285000.0,29.0,1,Not Hispanic or Latino,White,Male,>74,17.544,Loan originated
1,535000.0,<20%,795000.0,923.0,1,Not Hispanic or Latino,Asian,Female,35-44,66.959,Loan originated
1,525000.0,37,1325000.0,214.0,1,Not Hispanic or Latino,Asian,Male,45-54,39.76,Loan originated
1,385000.0,45,405000.0,118.0,1,Not Hispanic or Latino,White,Male,25-34,97.0,Loan originated
1,145000.0,20%-<30%,175000.0,92.0,1,Not Hispanic or Latino,White,Male,25-34,80.0,Loan originated
1,395000.0,39,565000.0,152.0,1,Hispanic or Latino,White,Male,45-54,70.0,Loan originated
1,495000.0,47,555000.0,128.0,1,Hispanic or Latino,White,Female,45-54,90.0,Loan originated
1,195000.0,49,215000.0,176.0,1,Not Hispanic or Latino,White,Male,35-44,92.5,Loan originated
1,385000.0,49,415000.0,96.0,1,Hispanic or Latino,White,Male,55-64,95.0,Loan originated
1,525000.0,20%-<30%,755000.0,652.0,1,Not Hispanic or Latino,Asian,Female,35-44,70.0,Loan originated
1,425000.0,37,535000.0,182.0,1,Not Hispanic or Latino,White,Male,35-44,80.0,Loan originated
1,695000.0,47,735000.0,191.0,1,Not Hispanic or Latino,Black or African American,Male,45-54,95.0,Application denied
1,1055000.0,47,1325000.0,220.0,1,Not Hispanic or Latino,Asian,Male,35-44,79.55,Loan originated
1,605000.0,49,995000.0,126.0,1,Not Hispanic or Latino,White,Female,65-74,60.001,Loan originated
1,295000.0,40,395000.0,116.0,1,Not Hispanic or Latino,Asian,Male,45-54,75.0,Loan originated
1,465000.0,44,545000.0,226.0,1,Not Hispanic or Latino,Asian,Male,55-64,85.0,Loan originated
1,515000.0,47,605000.0,108.0,1,Not Hispanic or Latino,White,Male,35-44,79.667,Application denied
1,675000.0,20%-<30%,715000.0,292.0,1,Not Hispanic or Latino,Asian,Male,25-34,95.0,Loan originated
1,385000.0,41,545000.0,89.0,1,Not Hispanic or Latino,Asian,Male,35-44,70.0,Loan originated
1,755000.0,43,795000.0,183.0,1,Hispanic or Latino,White,Male,25-34,95.0,Loan originated
1,735000.0,47,975000.0,160.0,1,Not Hispanic or Latino,White,Male,35-44,75.0,Application denied
1,555000.0,45,585000.0,133.0,1,Hispanic or Latino,White,Female,25-34,95.0,Loan originated
1,595000.0,30%-<36%,735000.0,263.0,1,Not Hispanic or Latino,Asian,Female,45-54,80.0,Loan originated
1,625000.0,44,645000.0,160.0,1,Not Hispanic or Latino,Asian,Female,35-44,100.0,Loan originated
1,675000.0,30%-<36%,795000.0,268.0,1,Hispanic or Latino,White,Male,45-54,85.0,Loan originated
1,315000.0,41,325000.0,77.0,1,Hispanic or Latino,White,Female,35-44,97.0,Loan originated
1,1135000.0,41,1515000.0,344.0,1,Not Hispanic or Latino,White,Male,45-54,75.0,Loan originated
1,475000.0,43,675000.0,151.0,1,Hispanic or Latino,White,Male,35-44,70.0,Loan originated
1,475000.0,47,595000.0,135.0,1,Hispanic or Latino,Asian,Female,35-44,80.0,Loan originated
1,505000.0,39,675000.0,166.0,1,Not Hispanic or Latino,Asian,Male,25-34,75.0,Loan originated
1,965000.0,40,1205000.0,239.0,1,Not Hispanic or Latino,White,Female,>74,80.0,Loan originated
1,525000.0,47,655000.0,147.0,1,Not Hispanic or Latino,White,Female,35-44,80.0,Loan originated
1,595000.0,43,1185000.0,184.0,1,Not Hispanic or Latino,Asian,Female,35-44,50.0,Loan originated
1,525000.0,20%-<30%,795000.0,221.0,1,Not Hispanic or Latino,Black or African American,Female,55-64,85.0,Loan originated
1,555000.0,39,855000.0,150.0,1,Not Hispanic or Latino,Asian,Male,25-34,65.0,Loan originated
1,225000.0,>60%,285000.0,0.0,1,Not Hispanic or Latino,White,Male,25-34,80.0,Application denied
1,175000.0,36,215000.0,65.0,1,Hispanic or Latino,White,Male,45-54,80.0,Loan originated
1,725000.0,20%-<30%,1105000.0,814.0,1,Not Hispanic or Latino,White,Male,45-54,66.018,Loan originated
1,455000.0,47,515000.0,90.0,1,Hispanic or Latino,White,Male,35-44,90.0,Loan originated
1,405000.0,20%-<30%,845000.0,269.0,1,Not Hispanic or Latino,White,Male,55-64,47.619,Loan originated
1,515000.0,44,645000.0,115.0,1,Hispanic or Latino,White,Male,35-44,100.0,Loan originated
1,505000.0,44,1705000.0,133.0,1,Not Hispanic or Latino,Black or African American,Female,55-64,29.412,Loan originated
1,445000.0,46,495000.0,112.0,1,Not Hispanic or Latino,Asian,Male,25-34,90.0,Loan originated
1,525000.0,49,575000.0,106.0,1,Hispanic or Latino,White,Female,45-54,90.55,Loan originated
1,525000.0,46,825000.0,128.0,1,Not Hispanic or Latino,Asian,Male,55-64,63.636,Loan originated
1,335000.0,20%-<30%,425000.0,381.0,1,Not Hispanic or Latino,White,Male,<25,80.0,Loan originated
1,645000.0,47,865000.0,179.0,1,Not Hispanic or Latino,Asian,Male,25-34,75.0,Application denied
1,765000.0,44,1325000.0,180.0,1,Not Hispanic or Latino,White,Male,35-44,57.85,Loan originated
1,335000.0,40,535000.0,230.0,1,Not Hispanic or Latino,White,Female,35-44,62.406,Loan originated
1,385000.0,44,455000.0,128.0,1,Hispanic or Latino,White,Male,35-44,85.0,Loan originated
1,495000.0,20%-<30%,705000.0,160.0,1,Not Hispanic or Latino,White,Male,45-54,70.0,Loan originated
1,465000.0,30%-<36%,715000.0,150.0,1,Not Hispanic or Latino,White,Female,45-54,66.0,Loan originated
1,235000.0,49,295000.0,90.0,1,Not Hispanic or Latino,Asian,Male,55-64,80.0,Loan originated
1,575000.0,20%-<30%,675000.0,191.0,1,Hispanic or Latino,American Indian or Alaska Native,Male,35-44,85.185,Loan originated
1,245000.0,45,255000.0,68.0,1,Not Hispanic or Latino,White,Male,65-74,97.0,Loan originated
1,165000.0,36,565000.0,134.0,1,Not Hispanic or Latino,Black or African American,Female,45-54,28.713,Loan originated
1,705000.0,41,885000.0,177.0,1,Not Hispanic or Latino,Asian,Male,45-54,80.0,Loan originated
1,1035000.0,36,1475000.0,260.0,1,Not Hispanic or Latino,Asian,Female,45-54,70.0,Loan originated
1,425000.0,43,625000.0,144.0,1,Not Hispanic or Latino,Asian,Female,55-64,68.204,Loan originated
1,425000.0,30%-<36%,535000.0,271.0,1,Hispanic or Latino,White,Female,35-44,80.0,Loan originated
1,765000.0,41,1005000.0,247.0,1,Not Hispanic or Latino,Asian,Male,25-34,76.7,Loan originated
1,1145000.0,37,1545000.0,326.0,1,Not Hispanic or Latino,White,Male,>74,74.11,Loan originated
1,505000.0,37,625000.0,170.0,1,Not Hispanic or Latino,Asian,Female,45-54,79.962,Loan originated
1,785000.0,49,925000.0,156.0,1,Not Hispanic or Latino,White,Female,45-54,85.0,Loan originated
1,1145000.0,20%-<30%,3465000.0,433.0,1,Not Hispanic or Latino,White,Female,45-54,33.183,Loan originated
1,195000.0,20%-<30%,695000.0,146.0,1,Not Hispanic or Latino,White,Male,35-44,28.264,Loan originated
1,235000.0,>60%,255000.0,69.0,1,Hispanic or Latino,White,Female,35-44,92.19,Application denied
1,515000.0,20%-<30%,1295000.0,221.0,1,Not Hispanic or Latino,Asian,Male,35-44,39.23,Loan originated
1,845000.0,47,1155000.0,160.0,1,Not Hispanic or Latino,Asian,Male,35-44,91.27,Loan originated
1,505000.0,46,665000.0,135.0,1,Hispanic or Latino,White,Female,45-54,80.0,Loan originated
1,1005000.0,46,1755000.0,236.0,1,Not Hispanic or Latino,Asian,Male,25-34,57.143,Loan originated
1,505000.0,49,675000.0,106.0,1,Not Hispanic or Latino,Asian,Male,45-54,75.0,Loan originated
1,575000.0,<20%,985000.0,385.0,1,Hispanic or Latino,White,Female,25-34,58.38,Loan originated
1,245000.0,43,465000.0,80.0,1,Not Hispanic or Latino,White,Female,35-44,100.0,Loan originated
1,485000.0,47,605000.0,140.0,1,Hispanic or Latino,Black or African American,Male,35-44,80.0,Loan originated
1,115000.0,30%-<36%,145000.0,100.0,1,Hispanic or Latino,White,Male,45-54,80.0,Application denied
1,1145000.0,30%-<36%,1845000.0,880.0,1,Not Hispanic or Latino,White,Male,45-54,89.184,Loan originated
1,255000.0,20%-<30%,605000.0,138.0,1,Not Hispanic or Latino,White,Female,45-54,41.667,Loan originated
1,345000.0,43,435000.0,84.0,1,Hispanic or Latino,White,Female,35-44,80.0,Loan originated
1,755000.0,30%-<36%,1335000.0,274.0,1,Not Hispanic or Latino,Asian,Female,<25,56.391,Loan originated
1,305000.0,20%-<30%,505000.0,130.0,1,Not Hispanic or Latino,White,Male,35-44,60.0,Loan originated
1,1035000.0,39,1285000.0,309.0,1,Not Hispanic or Latino,Asian,Male,35-44,80.0,Application denied
1,415000.0,39,445000.0,123.0,1,Not Hispanic or Latino,White,Female,35-44,93.258,Application denied
1,345000.0,44,445000.0,74.0,1,Hispanic or Latino,White,Female,45-54,77.38,Loan originated
1,225000.0,30%-<36%,525000.0,87.0,1,Not Hispanic or Latino,White,Female,>74,42.31,Loan originated
1,685000.0,48,1085000.0,233.0,1,Hispanic or Latino,White,Male,<25,63.13,Loan originated
1,695000.0,50%-60%,805000.0,138.0,1,Hispanic or Latino,White,Male,35-44,86.5,Loan originated
1,235000.0,41,405000.0,74.0,1,Not Hispanic or Latino,Black or African American,Female,65-74,57.5,Loan originated
1,325000.0,45,585000.0,78.0,1,Not Hispanic or Latino,White,Female,65-74,55.17,Loan originated
1,525000.0,38,1625000.0,303.0,1,Not Hispanic or Latino,White,Male,55-64,32.308,Loan originated
1,405000.0,30%-<36%,805000.0,126.0,1,Not Hispanic or Latino,Asian,Female,35-44,50.0,Loan originated
1,955000.0,42,1185000.0,374.0,1,Not Hispanic or Latino,Asian,Male,35-44,79.991,Loan originated
1,245000.0,30%-<36%,645000.0,95.0,1,Not Hispanic or Latino,White,Male,<25,37.984,Loan originated
1,685000.0,44,855000.0,185.0,1,Not Hispanic or Latino,Asian,Female,25-34,80.0,Loan originated
1,445000.0,49,645000.0,102.0,1,Not Hispanic or Latino,White,Female,35-44,68.8,Loan originated
1,755000.0,49,825000.0,150.0,1,Hispanic or Latino,White,Male,35-44,91.557,Loan originated
1,465000.0,42,555000.0,122.0,1,Not Hispanic or Latino,White,Male,25-34,84.0,Loan originated
1,485000.0,44,615000.0,152.0,1,Not Hispanic or Latino,Asian,Male,35-44,80.0,Loan originated
1,485000.0,48,535000.0,98.0,1,Not Hispanic or Latino,White,Female,25-34,91.51,Loan originated
1,265000.0,>60%,265000.0,36.0,1,Not Hispanic or Latino,White,Male,<25,97.0,Application denied
1,765000.0,39,885000.0,432.0,1,Hispanic or Latino,White,Male,25-34,86.97,Loan originated
1,585000.0,38,615000.0,182.0,1,Not Hispanic or Latino,Asian,Male,35-44,94.96,Loan originated
1,465000.0,48,505000.0,92.0,1,Hispanic or Latino,White,Female,45-54,92.4,Loan originated
1,365000.0,36,415000.0,122.0,1,Not Hispanic or Latino,White,Male,35-44,90.0,Loan originated
1,715000.0,30%-<36%,955000.0,290.0,1,Not Hispanic or Latino,White,Male,65-74,75.0,Loan originated
1,405000.0,46,615000.0,95.0,1,Not Hispanic or Latino,Asian,Female,35-44,75.0,Loan originated
1,1145000.0,42,2095000.0,284.0,1,Not Hispanic or Latino,Asian,Male,25-34,54.84,Loan originated
1,235000.0,45,895000.0,82.0,1,Not Hispanic or Latino,White,Female,45-54,26.257,Loan originated
1,995000.0,47,1855000.0,298.0,1,Not Hispanic or Latino,White,Female,45-54,53.784,Loan originated
1,385000.0,49,425000.0,76.0,1,Not Hispanic or Latino,White,Female,25-34,89.894,Loan originated
1,875000.0,43,925000.0,275.0,1,Not Hispanic or Latino,White,Female,35-44,95.0,Loan originated
1,955000.0,40,1455000.0,273.0,1,Not Hispanic or Latino,Asian,Male,45-54,65.52,Loan originated
1,475000.0,48,675000.0,171.0,1,Not Hispanic or Latino,White,Female,45-54,70.0,Loan originated
1,635000.0,45,705000.0,183.0,1,Hispanic or Latino,White,Male,25-34,90.0,Loan originated
1,345000.0,49,385000.0,73.0,1,Hispanic or Latino,White,Male,45-54,91.527,Loan originated
1,695000.0,49,795000.0,159.0,1,Hispanic or Latino,White,Female,45-54,87.42,Loan originated
1,525000.0,47,795000.0,145.0,1,Not Hispanic or Latino,White,Male,45-54,65.837,Loan originated
1,505000.0,45,555000.0,105.0,1,Hispanic or Latino,White,Male,55-64,89.85,Loan originated
1,165000.0,30%-<36%,355000.0,76.0,1,Not Hispanic or Latino,White,Male,35-44,47.714,Loan originated
1,295000.0,47,825000.0,108.0,1,Not Hispanic or Latino,White,Female,65-74,35.37,Loan originated
1,645000.0,48,805000.0,138.0,1,Hispanic or Latino,White,Male,45-54,80.0,Loan originated
1,435000.0,20%-<30%,535000.0,193.0,1,Not Hispanic or Latino,Asian,Male,55-64,80.0,Loan originated
1,5000.0,30%-<36%,305000.0,75.0,1,Hispanic or Latino,White,Female,55-64,101.964,Loan originated
1,475000.0,41,525000.0,144.0,1,Not Hispanic or Latino,White,Male,45-54,90.0,Loan originated
1,1075000.0,40,1335000.0,272.0,1,Not Hispanic or Latino,White,Male,25-34,80.0,Loan originated
1,315000.0,46,395000.0,64.0,1,Not Hispanic or Latino,Asian,Male,45-54,75.472,Application denied
1,755000.0,47,1265000.0,354.0,1,Not Hispanic or Latino,Asian,Male,35-44,59.289,Loan originated
1,595000.0,30%-<36%,745000.0,172.0,1,Not Hispanic or Latino,White,Male,25-34,80.0,Loan originated
1,325000.0,44,625000.0,110.0,1,Not Hispanic or Latino,White,Male,45-54,52.0,Loan originated
1,315000.0,47,395000.0,110.0,1,Not Hispanic or Latino,White,Female,55-64,80.0,Loan originated
1,365000.0,40,455000.0,85.0,1,Hispanic or Latino,White,Male,25-34,80.0,Loan originated
1,375000.0,30%-<36%,475000.0,120.0,1,Not Hispanic or Latino,Asian,Female,25-34,80.0,Loan originated
1,585000.0,49,615000.0,126.0,1,Hispanic or Latino,White,Male,35-44,95.0,Loan originated
1,555000.0,40,1325000.0,319.0,1,Not Hispanic or Latino,White,Male,55-64,41.887,Loan originated
1,575000.0,30%-<36%,775000.0,140.0,1,Not Hispanic or Latino,Asian,Female,25-34,75.0,Loan originated
1,195000.0,46,205000.0,60.0,1,Not Hispanic or Latino,2 or more minority races,Male,35-44,97.0,Application denied
1,405000.0,37,625000.0,170.0,1,Hispanic or Latino,White,Female,45-54,64.687,Loan originated
1,365000.0,30%-<36%,945000.0,128.0,1,Not Hispanic or Latino,Asian,Male,35-44,38.624,Loan originated
1,135000.0,45,155000.0,135.0,1,Not Hispanic or Latino,White,Male,55-64,85.0,Application denied
1,575000.0,36,715000.0,361.0,1,Not Hispanic or Latino,Asian,Male,45-54,80.0,Loan originated
1,735000.0,47,985000.0,175.0,1,Hispanic or Latino,Black or African American,Male,35-44,75.0,Loan originated
1,285000.0,47,355000.0,53.0,1,Hispanic or Latino,White,Male,45-54,80.0,Loan originated
1,265000.0,46,535000.0,72.0,1,Hispanic or Latino,White,Male,45-54,48.598,Loan originated
1,625000.0,48,915000.0,215.0,1,Not Hispanic or Latino,White,Female,>74,68.13,Loan originated
1,385000.0,43,415000.0,107.0,1,Hispanic or Latino,White,Male,45-54,95.0,Loan originated
1,305000.0,46,785000.0,79.0,1,Hispanic or Latino,American Indian or Alaska Native,Female,55-64,38.657,Loan originated
1,505000.0,46,715000.0,207.0,1,Hispanic or Latino,White,Male,45-54,69.638,Loan originated
1,105000.0,37,255000.0,68.0,1,Not Hispanic or Latino,Asian,Male,35-44,40.0,Application denied
1,115000.0,49,125000.0,41.0,1,Hispanic or Latino,White,Female,<25,92.0,Loan originated
1,745000.0,44,1245000.0,192.0,1,Not Hispanic or Latino,Asian,Female,25-34,59.677,Loan originated
1,1045000.0,44,1305000.0,248.0,1,Not Hispanic or Latino,Black or African American,Male,45-54,80.0,Loan originated
1,445000.0,46,565000.0,103.0,1,Not Hispanic or Latino,Black or African American,Female,55-64,83.0,Loan originated
1,405000.0,30%-<36%,505000.0,253.0,1,Not Hispanic or Latino,White,Female,35-44,80.0,Loan originated
1,395000.0,49,445000.0,90.0,1,Not Hispanic or Latino,Asian,Male,<25,88.362,Loan originated
1,555000.0,20%-<30%,655000.0,216.0,1,Hispanic or Latino,White,Male,35-44,85.0,Loan originated
1,555000.0,47,735000.0,144.0,1,Not Hispanic or Latino,White,Female,35-44,75.0,Loan originated
1,545000.0,45,575000.0,140.0,1,Hispanic or Latino,White,Female,25-34,95.0,Loan originated
1,885000.0,46,1105000.0,201.0,1,Not Hispanic or Latino,Asian,Female,55-64,80.0,Loan originated
1,615000.0,>60%,765000.0,33.0,1,Hispanic or Latino,White,Male,35-44,80.0,Application denied
1,965000.0,46,1075000.0,186.0,1,Not Hispanic or Latino,White,Male,35-44,90.0,Loan originated
1,1035000.0,38,1295000.0,270.0,1,Not Hispanic or Latino,Asian,Female,35-44,80.0,Loan originated
1,455000.0,44,575000.0,107.0,1,Not Hispanic or Latino,White,Male,25-34,80.0,Loan originated
1,645000.0,39,815000.0,216.0,1,Not Hispanic or Latino,White,Female,45-54,80.0,Loan originated
1,715000.0,20%-<30%,895000.0,297.0,1,Not Hispanic or Latino,Asian,Female,25-34,80.0,Loan originated
1,345000.0,47,645000.0,87.0,1,Not Hispanic or Latino,White,Female,65-74,52.619,Loan originated
1,715000.0,20%-<30%,895000.0,438.0,1,Not Hispanic or Latino,Asian,Female,25-34,79.99,Loan originated
1,555000.0,44,625000.0,135.0,1,Not Hispanic or Latino,White,Male,45-54,89.99,Loan originated
1,455000.0,47,855000.0,107.0,1,Not Hispanic or Latino,White,Male,55-64,52.941,Loan originated
1,665000.0,43,735000.0,157.0,1,Hispanic or Latino,White,Female,35-44,90.0,Loan originated
1,505000.0,47,525000.0,136.0,1,Not Hispanic or Latino,Asian,Male,25-34,95.0,Loan originated
1,695000.0,49,725000.0,171.0,1,Not Hispanic or Latino,White,Female,55-64,95.0,Loan originated
1,615000.0,36,685000.0,160.0,1,Not Hispanic or Latino,Black or African American,Female,35-44,90.0,Loan originated
1,865000.0,40,1085000.0,213.0,1,Not Hispanic or Latino,White,Male,45-54,80.0,Loan originated
1,1005000.0,30%-<36%,1255000.0,434.0,1,Not Hispanic or Latino,White,Male,25-34,80.0,Loan originated
1,635000.0,40,795000.0,168.0,1,Hispanic or Latino,White,Male,45-54,80.0,Loan originated
1,265000.0,30%-<36%,565000.0,129.0,1,Hispanic or Latino,White,Male,25-34,47.27,Loan originated
1,705000.0,37,875000.0,228.0,1,Not Hispanic or Latino,Asian,Male,55-64,80.0,Loan originated
1,705000.0,42,885000.0,209.0,1,Not Hispanic or Latino,White,Male,35-44,80.0,Loan originated
1,185000.0,41,195000.0,80.0,1,Not Hispanic or Latino,White,Male,65-74,94.74,Loan originated
1,465000.0,49,715000.0,145.0,1,Not Hispanic or Latino,Asian,Female,25-34,65.0,Loan originated
1,505000.0,39,565000.0,223.0,1,Not Hispanic or Latino,White,Female,35-44,90.0,Loan originated
1,475000.0,<20%,475000.0,284.0,1,Not Hispanic or Latino,White,Female,65-74,100.0,Loan originated
1,545000.0,>60%,665000.0,108.0,1,Hispanic or Latino,White,Male,25-34,82.0,Application denied
1,525000.0,48,555000.0,165.0,1,Not Hispanic or Latino,Asian,Male,25-34,95.0,Loan originated
1,585000.0,47,735000.0,121.0,1,Hispanic or Latino,White,Male,25-34,100.0,Loan originated
1,555000.0,43,615000.0,162.0,1,Not Hispanic or Latino,Asian,Male,35-44,90.0,Loan originated
1,405000.0,48,605000.0,98.0,1,Not Hispanic or Latino,White,Female,25-34,66.667,Loan originated
1,845000.0,44,1055000.0,185.0,1,Not Hispanic or Latino,Asian,Female,25-34,80.0,Loan originated
1,325000.0,45,435000.0,154.0,1,Hispanic or Latino,White,Female,55-64,75.0,Loan originated
1,1145000.0,49,1365000.0,239.0,1,Not Hispanic or Latino,Asian,Male,35-44,84.49,Loan originated
1,465000.0,43,485000.0,107.0,1,Hispanic or Latino,White,Female,35-44,97.0,Loan originated
1,805000.0,30%-<36%,1005000.0,318.0,1,Not Hispanic or Latino,White,Female,35-44,80.0,Loan originated
1,1065000.0,45,1335000.0,276.0,1,Not Hispanic or Latino,Asian,Male,35-44,80.0,Loan originated
1,475000.0,47,485000.0,109.0,1,Not Hispanic or Latino,Asian,Male,45-54,100.0,Loan originated
1,345000.0,42,585000.0,108.0,1,Not Hispanic or Latino,White,Female,45-54,60.0,Loan originated
1,375000.0,49,385000.0,110.0,1,Hispanic or Latino,White,Male,25-34,96.977,Loan originated
1,405000.0,49,435000.0,120.0,1,Not Hispanic or Latino,Black or African American,Female,25-34,99.65,Loan originated
1,765000.0,<20%,1525000.0,1437.0,1,Hispanic or Latino,White,Male,25-34,50.0,Loan originated
1,825000.0,<20%,975000.0,1449.0,1,Not Hispanic or Latino,White,Male,55-64,85.0,Loan originated
1,15000.0,44,415000.0,87.0,1,Hispanic or Latino,White,Female,35-44,100.0,Application denied
1,955000.0,42,1555000.0,432.0,1,Not Hispanic or Latino,White,Female,55-64,61.29,Loan originated
1,405000.0,50%-60%,1435000.0,264.0,1,Not Hispanic or Latino,Asian,Female,45-54,27.875,Loan originated
1,905000.0,39,1215000.0,282.0,1,Not Hispanic or Latino,Asian,Male,35-44,75.0,Loan originated
1,395000.0,44,495000.0,156.0,1,Not Hispanic or Latino,Black or African American,Female,>74,80.0,Loan originated
1,905000.0,47,1295000.0,207.0,1,Not Hispanic or Latino,Asian,Male,35-44,70.0,Loan originated
1,1145000.0,41,1425000.0,257.0,1,Not Hispanic or Latino,Asian,Male,35-44,80.0,Loan originated
1,1145000.0,30%-<36%,1305000.0,425.0,1,Not Hispanic or Latino,White,Male,35-44,88.44,Loan originated
1,265000.0,46,465000.0,62.0,1,Not Hispanic or Latino,White,Male,35-44,57.19,Loan originated
1,375000.0,30%-<36%,1075000.0,313.0,1,Not Hispanic or Latino,Asian,Male,25-34,36.0,Loan originated
1,205000.0,42,255000.0,279.0,1,Not Hispanic or Latino,White,Male,55-64,80.0,Loan originated
1,325000.0,49,405000.0,71.0,1,Not Hispanic or Latino,Black or African American,Female,25-34,80.0,Loan originated
1,125000.0,30%-<36%,595000.0,108.0,1,Not Hispanic or Latino,White,Female,55-64,20.269,Loan originated
1,445000.0,42,555000.0,163.0,1,Not Hispanic or Latino,Asian,Female,25-34,80.0,Loan originated
1,345000.0,39,365000.0,82.0,1,Not Hispanic or Latino,White,Female,55-64,97.0,Loan originated
1,305000.0,42,655000.0,101.0,1,Not Hispanic or Latino,White,Male,25-34,45.63,Application denied
1,315000.0,30%-<36%,395000.0,103.0,1,Hispanic or Latino,White,Female,25-34,80.0,Loan originated
1,1055000.0,49,2315000.0,236.0,1,Not Hispanic or Latino,Asian,Male,45-54,45.29,Loan originated
1,185000.0,42,345000.0,58.0,1,Hispanic or Latino,White,Female,35-44,51.799,Application denied
1,155000.0,20%-<30%,665000.0,111.0,1,Not Hispanic or Latino,White,Female,55-64,22.727,Loan originated
1,355000.0,30%-<36%,455000.0,154.0,1,Hispanic or Latino,White,Female,45-54,77.778,Loan originated
1,1005000.0,38,1305000.0,263.0,1,Not Hispanic or Latino,White,Female,45-54,76.92,Loan originated
1,445000.0,49,465000.0,89.0,1,Hispanic or Latino,White,Male,25-34,95.0,Loan originated
1,445000.0,48,475000.0,133.0,1,Hispanic or Latino,White,Female,25-34,95.0,Loan originated
1,325000.0,49,435000.0,68.0,1,Not Hispanic or Latino,Asian,Female,25-34,74.419,Loan originated
1,305000.0,20%-<30%,315000.0,119.0,1,Not Hispanic or Latino,White,Male,45-54,97.0,Loan originated
1,315000.0,48,395000.0,75.0,1,Not Hispanic or Latino,White,Female,55-64,80.0,Loan originated
1,255000.0,49,275000.0,55.0,1,Hispanic or Latino,White,Male,25-34,90.91,Loan originated
1,285000.0,48,295000.0,69.0,1,Not Hispanic or Latino,White,Male,25-34,97.0,Loan originated
1,555000.0,46,695000.0,126.0,1,Not Hispanic or Latino,White,Male,45-54,80.0,Loan originated
1,645000.0,49,685000.0,153.0,1,Not Hispanic or Latino,Asian,Male,55-64,95.0,Loan originated
1,285000.0,30%-<36%,555000.0,114.0,1,Not Hispanic or Latino,White,Female,55-64,52.0,Loan originated
1,315000.0,44,335000.0,143.0,1,Hispanic or Latino,American Indian or Alaska Native,Female,55-64,95.0,Loan originated
1,1115000.0,38,1395000.0,319.0,1,Not Hispanic or Latino,Asian,Male,35-44,80.0,Loan originated
1,965000.0,49,1285000.0,163.0,1,Not Hispanic or Latino,Asian,Female,35-44,74.99,Loan originated
1,225000.0,48,255000.0,55.0,1,Hispanic or Latino,White,Male,45-54,90.0,Loan originated
1,475000.0,48,595000.0,141.0,1,Hispanic or Latino,American Indian or Alaska Native,Female,25-34,80.0,Loan originated
1,465000.0,44,655000.0,102.0,1,Not Hispanic or Latino,Asian,Male,35-44,70.769,Loan originated
1,745000.0,37,1075000.0,277.0,1,Not Hispanic or Latino,Asian,Male,35-44,70.0,Loan originated
1,685000.0,30%-<36%,865000.0,240.0,1,Not Hispanic or Latino,White,Male,35-44,80.0,Loan originated
1,855000.0,46,1435000.0,186.0,1,Not Hispanic or Latino,Asian,Male,35-44,59.23,Loan originated
1,605000.0,45,1495000.0,293.0,1,Not Hispanic or Latino,Asian,Male,25-34,40.053,Loan originated
1,585000.0,30%-<36%,615000.0,328.0,1,Hispanic or Latino,White,Male,25-34,95.0,Loan originated
1,715000.0,42,1795000.0,180.0,1,Not Hispanic or Latino,Asian,Male,25-34,39.67,Loan originated
1,435000.0,44,765000.0,145.0,1,Not Hispanic or Latino,White,Female,35-44,57.45,Loan originated
1,1085000.0,50%-60%,1355000.0,316.0,1,Not Hispanic or Latino,White,Male,45-54,80.0,Loan originated
1,395000.0,49,1825000.0,117.0,1,Not Hispanic or Latino,White,Female,>74,21.32,Loan originated
1,565000.0,37,705000.0,146.0,1,Not Hispanic or Latino,Asian,Female,45-54,80.0,Loan originated
1,845000.0,42,1055000.0,235.0,1,Not Hispanic or Latino,White,Male,25-34,80.0,Loan originated
1,765000.0,45,1065000.0,180.0,1,Not Hispanic or Latino,American Indian or Alaska Native,Female,55-64,72.31,Loan originated
1,575000.0,43,645000.0,118.0,1,Not Hispanic or Latino,White,Male,25-34,90.0,Loan originated
1,405000.0,42,605000.0,108.0,1,Not Hispanic or Latino,White,Female,55-64,66.667,Loan originated
1,555000.0,36,855000.0,144.0,1,Not Hispanic or Latino,Asian,Male,35-44,64.706,Loan originated
1,445000.0,49,965000.0,96.0,1,Not Hispanic or Latino,Asian,Male,45-54,45.803,Loan originated
1,385000.0,43,405000.0,83.0,1,Not Hispanic or Latino,Asian,Male,35-44,95.0,Loan originated
1,865000.0,41,1075000.0,246.0,1,Not Hispanic or Latino,Asian,Male,35-44,80.0,Loan originated
1,655000.0,30%-<36%,1255000.0,209.0,1,Not Hispanic or Latino,White,Female,65-74,52.0,Loan originated
1,735000.0,20%-<30%,925000.0,469.0,1,Hispanic or Latino,White,Female,45-54,80.0,Loan originated
1,275000.0,45,515000.0,65.0,1,Not Hispanic or Latino,Asian,Female,35-44,54.0,Loan originated
1,435000.0,30%-<36%,545000.0,168.0,1,Hispanic or Latino,White,Female,45-54,80.0,Loan originated
1,465000.0,37,615000.0,185.0,1,Not Hispanic or Latino,White,Female,35-44,75.0,Loan originated
1,325000.0,49,405000.0,75.0,1,Not Hispanic or Latino,White,Female,<25,79.984,Loan originated
1,435000.0,48,545000.0,84.0,1,Hispanic or Latino,White,Female,55-64,80.0,Loan originated
1,515000.0,46,645000.0,100.0,1,Not Hispanic or Latino,Asian,Female,35-44,80.0,Loan originated
1,765000.0,38,1205000.0,243.0,1,Not Hispanic or Latino,Asian,Male,35-44,64.0,Loan originated
1,645000.0,46,805000.0,150.0,1,Hispanic or Latino,White,Male,25-34,80.0,Loan originated
1,455000.0,43,2555000.0,292.0,1,Not Hispanic or Latino,White,Male,65-74,17.65,Loan originated
1,765000.0,49,815000.0,156.0,1,Not Hispanic or Latino,Black or African American,Male,55-64,94.636,Loan originated
1,225000.0,43,375000.0,76.0,1,Not Hispanic or Latino,Asian,Female,25-34,59.459,Loan originated
1,395000.0,30%-<36%,495000.0,148.0,1,Not Hispanic or Latino,White,Female,35-44,80.0,Loan originated
1,225000.0,39,235000.0,117.0,1,Not Hispanic or Latino,White,Female,25-34,95.0,Loan originated
1,765000.0,42,1245000.0,254.0,1,Not Hispanic or Latino,Asian,Female,45-54,61.329,Loan originated
1,395000.0,40,435000.0,116.0,1,Not Hispanic or Latino,White,Male,35-44,90.0,Loan originated
1,525000.0,46,545000.0,122.0,1,Not Hispanic or Latino,White,Male,45-54,95.0,Loan originated
1,485000.0,49,605000.0,105.0,1,Hispanic or Latino,White,Female,25-34,80.0,Loan originated
1,395000.0,44,465000.0,85.0,1,Not Hispanic or Latino,White,Male,25-34,88.0,Loan originated
1,635000.0,48,665000.0,130.0,1,Hispanic or Latino,White,Female,25-34,95.0,Loan originated
1,415000.0,49,605000.0,122.0,1,Hispanic or Latino,White,Female,35-44,97.0,Loan originated
1,535000.0,46,665000.0,190.0,1,Hispanic or Latino,Asian,Male,25-34,80.0,Loan originated
1,615000.0,49,635000.0,148.0,1,Hispanic or Latino,White,Female,<25,97.0,Application denied
1,615000.0,30%-<36%,765000.0,173.0,1,Hispanic or Latino,White,Male,45-54,80.0,Loan originated
1,375000.0,47,385000.0,87.0,1,Hispanic or Latino,White,Female,25-34,100.395,Loan originated
1,435000.0,47,455000.0,106.0,1,Hispanic or Latino,White,Male,25-34,95.0,Loan originated
1,335000.0,48,405000.0,65.0,1,Hispanic or Latino,White,Male,35-44,102.0,Loan originated
1,735000.0,45,825000.0,150.0,1,Hispanic or Latino,White,Female,45-54,90.0,Loan originated
1,295000.0,44,315000.0,91.0,1,Not Hispanic or Latino,White,Male,45-54,95.0,Loan originated
1,365000.0,50%-60%,385000.0,78.0,1,Hispanic or Latino,White,Male,55-64,95.0,Loan originated
1,985000.0,42,1235000.0,276.0,1,Not Hispanic or Latino,White,Male,35-44,80.0,Loan originated
1,695000.0,39,865000.0,210.0,1,Not Hispanic or Latino,Asian,Male,55-64,80.0,Loan originated
1,335000.0,42,545000.0,165.0,1,Hispanic or Latino,White,Male,45-54,74.074,Application denied
1,475000.0,47,565000.0,150.0,1,Not Hispanic or Latino,White,Female,65-74,85.0,Loan originated
1,365000.0,20%-<30%,405000.0,276.0,1,Hispanic or Latino,White,Female,35-44,90.0,Loan originated
1,175000.0,38,185000.0,67.0,1,Hispanic or Latino,White,Female,35-44,100.0,Loan originated
1,765000.0,41,985000.0,182.0,1,Not Hispanic or Latino,Asian,Female,25-34,77.551,Loan originated
1,385000.0,48,465000.0,101.0,1,Hispanic or Latino,White,Male,35-44,103.92,Loan originated
1,375000.0,30%-<36%,425000.0,163.0,1,Hispanic or Latino,White,Female,35-44,90.0,Loan originated
1,425000.0,20%-<30%,535000.0,170.0,1,Not Hispanic or Latino,White,Male,25-34,80.0,Loan originated
1,685000.0,38,855000.0,427.0,1,Not Hispanic or Latino,White,Male,55-64,80.0,Loan originated
1,265000.0,46,525000.0,339.0,1,Not Hispanic or Latino,White,Female,55-64,50.0,Loan originated
1,415000.0,48,645000.0,81.0,1,Not Hispanic or Latino,White,Female,35-44,64.291,Loan originated
1,585000.0,37,735000.0,156.0,1,Not Hispanic or Latino,White,Female,35-44,79.452,Loan originated
1,505000.0,47,865000.0,360.0,1,Not Hispanic or Latino,White,Male,45-54,58.0,Loan originated
1,565000.0,49,705000.0,114.0,1,Hispanic or Latino,White,Male,25-34,96.5,Loan originated
1,855000.0,45,905000.0,215.0,1,Not Hispanic or Latino,Black or African American,Female,35-44,95.0,Loan originated
1,125000.0,42,325000.0,86.0,1,Not Hispanic or Latino,White,Female,55-64,38.706,Loan originated
1,275000.0,49,555000.0,65.0,1,Hispanic or Latino,White,Female,45-54,49.55,Loan originated
1,575000.0,20%-<30%,875000.0,212.0,1,Not Hispanic or Latino,Asian,Male,45-54,65.48975,Loan originated
1,845000.0,<20%,1205000.0,1501.0,1,Not Hispanic or Latino,Asian,Female,65-74,70.0,Loan originated
1,255000.0,20%-<30%,395000.0,160.0,1,Not Hispanic or Latino,White,Female,45-54,63.659,Loan originated
1,425000.0,44,1205000.0,116.0,1,Not Hispanic or Latino,Asian,Male,25-34,35.417,Loan originated
1,245000.0,49,315000.0,80.0,1,Not Hispanic or Latino,White,Male,55-64,77.42,Loan originated
1,315000.0,42,335000.0,95.0,1,Not Hispanic or Latino,White,Male,35-44,95.0,Loan originated
1,705000.0,20%-<30%,3005000.0,527.0,1,Not Hispanic or Latino,Asian,Male,35-44,23.333,Loan originated
1,485000.0,43,655000.0,135.0,1,Not Hispanic or Latino,White,Female,55-64,75.0,Loan originated
1,155000.0,20%-<30%,755000.0,210.0,1,Not Hispanic or Latino,Asian,Female,45-54,19.868,Loan originated
1,305000.0,20%-<30%,405000.0,331.0,1,Not Hispanic or Latino,Asian,Male,35-44,75.0,Loan originated
1,1145000.0,47,1435000.0,232.0,1,Not Hispanic or Latino,White,Male,45-54,80.0,Loan originated
1,655000.0,48,1055000.0,217.0,1,Not Hispanic or Latino,White,Female,35-44,61.905,Loan originated
1,525000.0,42,705000.0,133.0,1,Not Hispanic or Latino,White,Male,35-44,75.0,Loan originated
1,715000.0,48,895000.0,161.0,1,Hispanic or Latino,White,Female,25-34,80.0,Loan originated
1,305000.0,48,335000.0,82.0,1,Hispanic or Latino,White,Female,<25,90.0,Loan originated
1,675000.0,49,755000.0,125.0,1,Not Hispanic or Latino,White,Male,35-44,90.0,Loan originated
1,205000.0,20%-<30%,375000.0,333.0,1,Not Hispanic or Latino,Asian,Male,35-44,52.91,Loan originated
1,205000.0,20%-<30%,345000.0,98.0,1,Not Hispanic or Latino,White,Male,55-64,58.824,Loan originated
1,65000.0,44,75000.0,42.0,1,Not Hispanic or Latino,2 or more minority races,Male,35-44,82.85,Loan originated
1,175000.0,<20%,195000.0,134.0,1,Not Hispanic or Latino,White,Female,35-44,89.474,Loan originated
1,735000.0,30%-<36%,815000.0,313.0,1,Not Hispanic or Latino,White,Male,25-34,90.0,Loan originated
1,495000.0,30%-<36%,605000.0,101.0,1,Not Hispanic or Latino,2 or more minority races,Female,35-44,95.0,Application denied
1,665000.0,37,785000.0,163.0,1,Hispanic or Latino,White,Female,35-44,84.615,Loan originated
1,505000.0,41,525000.0,110.0,1,Hispanic or Latino,White,Male,25-34,97.0,Loan originated
1,475000.0,41,505000.0,127.0,1,Not Hispanic or Latino,White,Male,55-64,95.0,Loan originated
1,335000.0,42,355000.0,108.0,1,Not Hispanic or Latino,American Indian or Alaska Native,Female,35-44,95.0,Loan originated
1,445000.0,36,565000.0,152.0,1,Not Hispanic or Latino,American Indian or Alaska Native,Female,25-34,80.0,Loan originated
1,505000.0,20%-<30%,1005000.0,201.0,1,Not Hispanic or Latino,White,Male,55-64,50.0,Loan originated
1,905000.0,41,1205000.0,238.0,1,Not Hispanic or Latino,White,Female,35-44,75.0,Loan originated
1,1125000.0,47,1665000.0,292.0,1,Not Hispanic or Latino,Asian,Male,35-44,67.47,Loan originated
1,555000.0,37,1325000.0,175.0,1,Not Hispanic or Latino,Asian,Female,45-54,42.0,Loan originated
1,445000.0,49,595000.0,100.0,1,Not Hispanic or Latino,White,Female,55-64,75.0,Loan originated
1,135000.0,30%-<36%,605000.0,99.0,1,Hispanic or Latino,White,Male,35-44,22.5,Loan originated
1,1145000.0,45,1345000.0,256.0,1,Not Hispanic or Latino,White,Male,35-44,85.0,Loan originated
1,465000.0,38,515000.0,204.0,1,Not Hispanic or Latino,White,Female,45-54,90.0,Loan originated
1,595000.0,49,995000.0,133.0,1,Not Hispanic or Latino,Asian,Female,45-54,59.875,Loan originated
1,305000.0,44,385000.0,72.0,1,Not Hispanic or Latino,White,Male,25-34,80.0,Loan originated
1,455000.0,41,505000.0,125.0,1,Not Hispanic or Latino,Asian,Female,<25,90.0,Loan originated
1,435000.0,44,455000.0,86.0,1,Not Hispanic or Latino,White,Female,25-34,99.23,Loan originated
1,185000.0,30%-<36%,465000.0,67.0,1,Not Hispanic or Latino,Asian,Female,25-34,38.71,Loan originated
1,535000.0,48,585000.0,158.0,1,Hispanic or Latino,White,Male,35-44,92.0,Loan originated
1,1145000.0,46,1225000.0,320.0,1,Not Hispanic or Latino,White,Male,45-54,93.443,Loan originated
1,165000.0,44,705000.0,64.0,1,Not Hispanic or Latino,White,Female,65-74,23.571,Loan originated
1,465000.0,>60%,545000.0,64.0,1,Not Hispanic or Latino,White,Male,45-54,85.33,Application denied
1,235000.0,36,375000.0,88.0,1,Hispanic or Latino,White,Male,45-54,63.51,Loan originated
1,455000.0,48,565000.0,171.0,1,Hispanic or Latino,White,Male,25-34,80.0,Loan originated
1,335000.0,30%-<36%,355000.0,189.0,1,Not Hispanic or Latino,White,Male,25-34,99.275,Loan originated
1,195000.0,20%-<30%,645000.0,122.0,1,Not Hispanic or Latino,White,Male,>74,30.711,Loan originated
1,355000.0,44,425000.0,169.0,1,Hispanic or Latino,White,Male,35-44,85.0,Loan originated
1,415000.0,30%-<36%,615000.0,115.0,1,Not Hispanic or Latino,White,Male,25-34,67.213,Loan originated
1,175000.0,42,1225000.0,85.0,1,Not Hispanic or Latino,White,Female,55-64,14.256,Loan originated
1,1115000.0,49,1635000.0,245.0,1,Not Hispanic or Latino,Asian,Male,25-34,68.098,Application denied
1,905000.0,49,1595000.0,220.0,1,Hispanic or Latino,White,Male,25-34,56.32,Loan originated
1,485000.0,47,545000.0,102.0,1,Not Hispanic or Latino,White,Male,25-34,90.0,Loan originated
1,365000.0,49,385000.0,84.0,1,Hispanic or Latino,White,Male,55-64,95.0,Loan originated
1,325000.0,47,825000.0,93.0,1,Not Hispanic or Latino,White,Female,45-54,39.02,Loan originated
1,615000.0,43,645000.0,200.0,1,Hispanic or Latino,White,Female,25-34,95.0,Loan originated
1,545000.0,48,675000.0,140.0,1,Not Hispanic or Latino,Asian,Male,35-44,80.0,Loan originated
1,605000.0,49,815000.0,159.0,1,Not Hispanic or Latino,Asian,Male,>74,73.718,Loan originated
1,295000.0,49,305000.0,58.0,1,Hispanic or Latino,White,Male,25-34,100.0,Loan originated
1,675000.0,49,855000.0,249.0,1,Not Hispanic or Latino,White,Female,45-54,79.412,Loan originated
1,825000.0,30%-<36%,1225000.0,275.0,1,Not Hispanic or Latino,White,Male,35-44,67.347,Loan originated
1,465000.0,48,575000.0,93.0,1,Not Hispanic or Latino,Black or African American,Male,35-44,80.0,Loan originated
1,445000.0,37,495000.0,126.0,1,Hispanic or Latino,White,Male,25-34,89.999,Loan originated
1,905000.0,41,1205000.0,210.0,1,Not Hispanic or Latino,White,Male,25-34,75.0,Loan originated
1,295000.0,49,495000.0,198.0,1,Not Hispanic or Latino,White,Female,35-44,60.0,Loan originated
1,505000.0,43,3065000.0,291.0,1,Not Hispanic or Latino,Asian,Male,35-44,16.34,Loan originated
1,1125000.0,48,1405000.0,227.0,1,Not Hispanic or Latino,Asian,Female,45-54,80.0,Loan originated
1,885000.0,39,1275000.0,338.0,1,Not Hispanic or Latino,White,Female,35-44,70.0,Loan originated
1,635000.0,30%-<36%,915000.0,201.0,1,Not Hispanic or Latino,White,Female,35-44,70.0,Loan originated
1,765000.0,42,1285000.0,195.0,1,Not Hispanic or Latino,White,Female,>74,59.887,Loan originated
1,755000.0,20%-<30%,2105000.0,1196.0,1,Not Hispanic or Latino,White,Male,25-34,35.714,Loan originated
1,365000.0,30%-<36%,455000.0,123.0,1,Not Hispanic or Latino,White,Male,35-44,80.0,Loan originated
1,105000.0,50%-60%,875000.0,33.0,1,Not Hispanic or Latino,Asian,Male,55-64,11.494,Application denied
1,435000.0,49,615000.0,92.0,1,Not Hispanic or Latino,Asian,Male,25-34,71.0,Loan originated
1,555000.0,42,745000.0,144.0,1,Not Hispanic or Latino,Asian,Male,25-34,75.0,Loan originated
1,1035000.0,<20%,1295000.0,502.0,1,Not Hispanic or Latino,White,Male,35-44,80.0,Loan originated
1,705000.0,44,1165000.0,172.0,1,Not Hispanic or Latino,Asian,Female,45-54,60.0,Loan originated
1,765000.0,46,955000.0,207.0,1,Not Hispanic or Latino,White,Male,25-34,80.0,Loan originated
1,765000.0,44,1085000.0,200.0,1,Not Hispanic or Latino,White,Male,45-54,71.0,Loan originated
1,605000.0,45,675000.0,140.0,1,Not Hispanic or Latino,Asian,Male,25-34,90.0,Loan originated
1,165000.0,40,195000.0,76.0,1,Not Hispanic or Latino,Asian,Male,55-64,81.48,Loan originated
1,575000.0,49,725000.0,120.0,1,Hispanic or Latino,White,Female,35-44,80.0,Loan originated
1,425000.0,44,1055000.0,106.0,1,Hispanic or Latino,White,Female,25-34,40.0,Loan originated
1,395000.0,49,495000.0,178.0,1,Not Hispanic or Latino,White,Male,25-34,80.0,Loan originated
1,755000.0,20%-<30%,935000.0,250.0,1,Not Hispanic or Latino,Asian,Male,35-44,80.0,Loan originated
1,535000.0,44,565000.0,375.0,1,Not Hispanic or Latino,Asian,Male,45-54,95.0,Loan originated
1,735000.0,47,765000.0,294.0,1,Hispanic or Latino,Black or African American,Male,35-44,95.0,Loan originated
1,505000.0,30%-<36%,1025000.0,214.0,1,Not Hispanic or Latino,Asian,Female,55-64,48.78,Loan originated
1,845000.0,48,895000.0,184.0,1,Hispanic or Latino,White,Male,35-44,95.0,Loan originated
1,315000.0,30%-<36%,355000.0,235.0,1,Not Hispanic or Latino,White,Male,35-44,89.857,Loan originated
1,475000.0,49,495000.0,98.0,1,Hispanic or Latino,White,Male,<25,95.0,Loan originated
1,375000.0,43,415000.0,98.0,1,Hispanic or Latino,White,Male,35-44,90.0,Loan originated
1,725000.0,20%-<30%,905000.0,478.0,1,Not Hispanic or Latino,White,Female,55-64,80.0,Loan originated
1,295000.0,47,475000.0,57.0,1,Not Hispanic or Latino,White,Male,25-34,62.105,Loan originated
1,585000.0,39,625000.0,141.0,1,Not Hispanic or Latino,Asian,Male,35-44,95.0,Loan originated
1,305000.0,38,375000.0,112.0,1,Not Hispanic or Latino,White,Male,65-74,80.0,Loan originated
1,315000.0,46,595000.0,146.0,1,Hispanic or Latino,White,Female,45-54,54.0,Loan originated
1,665000.0,46,745000.0,195.0,1,Not Hispanic or Latino,Black or African American,Male,25-34,90.0,Loan originated
1,245000.0,30%-<36%,655000.0,123.0,1,Not Hispanic or Latino,White,Female,55-64,37.692,Loan originated
1,605000.0,30%-<36%,885000.0,173.0,1,Not Hispanic or Latino,Asian,Male,35-44,67.8,Loan originated
1,225000.0,44,425000.0,67.0,1,Not Hispanic or Latino,White,Male,25-34,54.286,Loan originated
1,305000.0,47,385000.0,68.0,1,Not Hispanic or Latino,White,Male,45-54,80.0,Loan originated
1,555000.0,49,705000.0,104.0,1,Not Hispanic or Latino,Asian,Male,55-64,78.602,Loan originated
1,315000.0,30%-<36%,385000.0,111.0,1,Hispanic or Latino,White,Female,35-44,80.0,Loan originated
1,455000.0,20%-<30%,1455000.0,261.0,1,Not Hispanic or Latino,Asian,Female,25-34,31.034,Loan originated
1,295000.0,47,295000.0,180.0,1,Not Hispanic or Latino,White,Male,25-34,100.0,Loan originated
1,185000.0,<20%,215000.0,111.0,1,Hispanic or Latino,White,Male,35-44,90.0,Loan originated
1,395000.0,45,465000.0,94.0,1,Hispanic or Latino,White,Male,45-54,85.0,Application denied
1,1005000.0,37,1905000.0,268.0,1,Not Hispanic or Latino,Asian,Male,45-54,52.756,Loan originated
1,775000.0,20%-<30%,1575000.0,310.0,1,Not Hispanic or Latino,White,Female,35-44,48.889,Loan originated
1,435000.0,20%-<30%,485000.0,190.0,1,Hispanic or Latino,White,Female,25-34,90.0,Loan originated
1,575000.0,49,605000.0,130.0,1,Not Hispanic or Latino,White,Female,>74,95.0,Loan originated
1,1025000.0,44,1085000.0,280.0,1,Not Hispanic or Latino,White,Female,35-44,95.0,Loan originated
1,355000.0,39,395000.0,101.0,1,Hispanic or Latino,Asian,Male,25-34,89.9,Loan originated
1,675000.0,20%-<30%,925000.0,336.0,1,Not Hispanic or Latino,Asian,Male,35-44,72.826,Loan originated
1,565000.0,42,595000.0,145.0,1,Not Hispanic or Latino,Asian,Male,35-44,95.0,Loan originated
1,575000.0,39,605000.0,160.0,1,Not Hispanic or Latino,Asian,Female,35-44,95.0,Loan originated
1,415000.0,45,465000.0,115.0,1,Not Hispanic or Latino,Asian,Female,35-44,90.0,Application denied
1,495000.0,47,625000.0,105.0,1,Not Hispanic or Latino,Asian,Female,35-44,79.681,Loan originated
1,445000.0,49,495000.0,90.0,1,Not Hispanic or Latino,White,Female,35-44,90.0,Loan originated
1,565000.0,38,755000.0,222.0,1,Not Hispanic or Latino,Asian,Female,35-44,75.0,Application denied
1,155000.0,50%-60%,245000.0,80.0,1,Hispanic or Latino,White,Female,>74,65.83,Loan originated
1,625000.0,44,835000.0,209.0,1,Not Hispanic or Latino,White,Male,35-44,75.0,Loan originated
1,505000.0,49,1155000.0,133.0,1,Not Hispanic or Latino,White,Female,45-54,43.48,Loan originated
1,875000.0,44,975000.0,235.0,1,Not Hispanic or Latino,Asian,Male,35-44,89.95,Loan originated
1,435000.0,49,605000.0,88.0,1,Hispanic or Latino,White,Female,55-64,72.16,Loan originated
1,535000.0,40,605000.0,156.0,1,Not Hispanic or Latino,Asian,Male,25-34,89.983,Loan originated
1,1065000.0,50%-60%,1335000.0,224.0,1,Not Hispanic or Latino,Asian,Male,35-44,80.0,Application denied
1,1005000.0,30%-<36%,1135000.0,393.0,1,Not Hispanic or Latino,White,Male,35-44,88.496,Loan originated
1,625000.0,44,955000.0,150.0,1,Not Hispanic or Latino,White,Male,25-34,64.99,Loan originated
1,555000.0,>60%,795000.0,151.0,1,Not Hispanic or Latino,Asian,Female,35-44,69.182,Application denied
1,215000.0,47,235000.0,51.0,1,Not Hispanic or Latino,White,Male,<25,90.0,Loan originated
1,805000.0,41,1205000.0,356.0,1,Not Hispanic or Latino,White,Male,45-54,66.67,Loan originated
1,415000.0,47,565000.0,103.0,1,Not Hispanic or Latino,White,Female,35-44,72.566,Loan originated
1,635000.0,<20%,815000.0,291.0,1,Not Hispanic or Latino,Asian,Male,35-44,78.4,Application denied
1,765000.0,37,1205000.0,242.0,1,Not Hispanic or Latino,Asian,Male,35-44,63.59,Loan originated
1,345000.0,47,375000.0,90.0,1,Not Hispanic or Latino,White,Male,25-34,93.0,Loan originated
1,565000.0,46,715000.0,120.0,1,Not Hispanic or Latino,Asian,Male,25-34,80.0,Application denied
1,685000.0,>60%,725000.0,138.0,1,Hispanic or Latino,White,Female,25-34,95.0,Application denied
1,755000.0,<20%,855000.0,478.0,1,Not Hispanic or Latino,Asian,Male,45-54,95.0,Loan originated
1,555000.0,40,655000.0,188.0,1,Not Hispanic or Latino,Asian,Male,35-44,84.92,Loan originated
1,205000.0,30%-<36%,235000.0,106.0,1,Not Hispanic or Latino,White,Male,45-54,85.0,Loan originated
1,655000.0,39,825000.0,257.0,1,Not Hispanic or Latino,Asian,Male,45-54,80.0,Loan originated
1,415000.0,30%-<36%,555000.0,169.0,1,Not Hispanic or Latino,Asian,Male,25-34,75.0,Loan originated
1,205000.0,20%-<30%,225000.0,108.0,1,Not Hispanic or Latino,White,Male,45-54,95.0,Loan originated
1,605000.0,49,645000.0,109.0,1,Hispanic or Latino,White,Male,25-34,94.186,Loan originated
1,755000.0,45,795000.0,223.0,1,Not Hispanic or Latino,Black or African American,Male,35-44,95.0,Loan originated
1,755000.0,48,1395000.0,176.0,1,Not Hispanic or Latino,Asian,Male,25-34,53.705,Loan originated
1,335000.0,49,365000.0,143.0,1,Hispanic or Latino,Native Hawaiian or Other Pacific Islander,Female,35-44,90.0,Loan originated
1,275000.0,44,325000.0,84.0,1,Not Hispanic or Latino,White,Female,45-54,85.0,Loan originated
1,1005000.0,49,1265000.0,195.0,1,Not Hispanic or Latino,Asian,Male,35-44,80.0,Loan originated
1,915000.0,43,1025000.0,295.0,1,Not Hispanic or Latino,Asian,Female,35-44,90.0,Loan originated
1,395000.0,42,405000.0,99.0,1,Hispanic or Latino,White,Female,35-44,97.0,Loan originated
1,745000.0,45,775000.0,231.0,1,Not Hispanic or Latino,Black or African American,Male,55-64,95.0,Loan originated
1,345000.0,37,435000.0,115.0,1,Hispanic or Latino,White,Female,35-44,80.0,Loan originated
1,415000.0,47,515000.0,95.0,1,Not Hispanic or Latino,Asian,Female,55-64,80.0,Loan originated
1,585000.0,39,655000.0,178.0,1,Not Hispanic or Latino,White,Male,45-54,90.0,Loan originated
1,405000.0,48,505000.0,105.0,1,Not Hispanic or Latino,Black or African American,Female,55-64,80.0,Loan originated
1,1135000.0,38,1425000.0,268.0,1,Not Hispanic or Latino,White,Female,55-64,80.0,Loan originated
1,775000.0,47,1275000.0,205.0,1,Not Hispanic or Latino,Asian,Male,45-54,60.392,Application denied
1,375000.0,30%-<36%,565000.0,130.0,1,Not Hispanic or Latino,Asian,Female,45-54,66.071,Loan originated
1,915000.0,42,1225000.0,336.0,1,Not Hispanic or Latino,White,Male,55-64,75.0,Loan originated
1,395000.0,43,655000.0,109.0,1,Not Hispanic or Latino,White,Male,25-34,60.0,Loan originated
1,645000.0,45,815000.0,154.0,1,Not Hispanic or Latino,Asian,Male,25-34,80.0,Loan originated
1,355000.0,20%-<30%,655000.0,650.0,1,Not Hispanic or Latino,White,Male,65-74,53.846,Loan originated
1,325000.0,45,725000.0,88.0,1,Not Hispanic or Latino,Asian,Female,45-54,88.542,Loan originated
1,1065000.0,47,1405000.0,247.0,1,Not Hispanic or Latino,Asian,Female,25-34,75.409,Loan originated
1,375000.0,30%-<36%,675000.0,201.0,1,Not Hispanic or Latino,White,Female,45-54,55.56,Loan originated
1,745000.0,37,935000.0,191.0,1,Not Hispanic or Latino,White,Male,25-34,80.0,Loan originated
1,435000.0,49,465000.0,126.0,1,Hispanic or Latino,White,Female,25-34,95.0,Loan originated
1,225000.0,46,405000.0,98.0,1,Not Hispanic or Latino,White,Female,>74,55.556,Loan originated
1,235000.0,40,475000.0,95.0,1,Not Hispanic or Latino,White,Female,25-34,49.0,Loan originated
1,535000.0,46,565000.0,120.0,1,Not Hispanic or Latino,White,Male,35-44,95.0,Loan originated
1,235000.0,40,595000.0,82.0,1,Not Hispanic or Latino,Asian,Male,55-64,39.45,Loan originated
1,395000.0,44,415000.0,127.0,1,Not Hispanic or Latino,White,Male,45-54,95.0,Loan originated
1,505000.0,47,525000.0,125.0,1,Not Hispanic or Latino,White,Male,25-34,97.0,Loan originated
1,975000.0,49,1025000.0,243.0,1,Hispanic or Latino,White,Male,25-34,95.0,Loan originated
1,885000.0,30%-<36%,2365000.0,384.0,1,Not Hispanic or Latino,White,Male,25-34,37.247,Loan originated
1,475000.0,36,565000.0,186.0,1,Not Hispanic or Latino,White,Male,35-44,85.0,Loan originated
1,295000.0,30%-<36%,675000.0,118.0,1,Not Hispanic or Latino,Asian,Male,45-54,43.0,Loan originated
1,405000.0,>60%,405000.0,64.0,1,Hispanic or Latino,White,Male,45-54,100.0,Application denied
1,325000.0,42,415000.0,70.0,1,Not Hispanic or Latino,White,Male,45-54,80.0,Loan originated
1,605000.0,20%-<30%,635000.0,312.0,1,Not Hispanic or Latino,Asian,Male,35-44,95.0,Loan originated
1,835000.0,37,1275000.0,447.0,1,Not Hispanic or Latino,White,Male,45-54,66.0,Loan originated
1,995000.0,43,1055000.0,243.0,1,Not Hispanic or Latino,Black or African American,Male,35-44,95.0,Loan originated
1,535000.0,>60%,535000.0,55.0,1,Not Hispanic or Latino,White,Male,35-44,100.0,Application denied
1,605000.0,20%-<30%,865000.0,310.0,1,Not Hispanic or Latino,Asian,Male,55-64,70.0,Loan originated
1,665000.0,40,695000.0,284.0,1,Not Hispanic or Latino,Asian,Female,35-44,95.0,Loan originated
1,455000.0,47,565000.0,103.0,1,Not Hispanic or Latino,White,Male,65-74,80.0,Loan originated
1,405000.0,30%-<36%,745000.0,245.0,1,Not Hispanic or Latino,Asian,Male,45-54,53.471,Loan originated
1,455000.0,39,775000.0,128.0,1,Not Hispanic or Latino,Asian,Female,65-74,58.442,Loan originated
1,735000.0,20%-<30%,985000.0,385.0,1,Not Hispanic or Latino,Asian,Male,35-44,75.0,Loan originated
1,675000.0,30%-<36%,715000.0,231.0,1,Not Hispanic or Latino,American Indian or Alaska Native,Male,25-34,95.0,Loan originated
1,715000.0,45,965000.0,248.0,1,Not Hispanic or Latino,Asian,Male,35-44,75.0,Loan originated
1,665000.0,49,835000.0,180.0,1,Hispanic or Latino,2 or more minority races,Male,35-44,80.0,Loan originated
1,605000.0,43,755000.0,210.0,1,Not Hispanic or Latino,White,Female,55-64,80.0,Loan originated
1,635000.0,44,655000.0,166.0,1,Not Hispanic or Latino,Asian,Male,45-54,97.0,Loan originated
1,565000.0,20%-<30%,755000.0,224.0,1,Not Hispanic or Latino,Asian,Male,45-54,75.0,Loan originated
1,255000.0,49,305000.0,59.0,1,Not Hispanic or Latino,Black or African American,Female,65-74,84.0,Loan originated
1,595000.0,46,625000.0,149.0,1,Hispanic or Latino,White,Male,35-44,95.0,Loan originated
1,715000.0,49,755000.0,361.0,1,Hispanic or Latino,White,Male,35-44,95.0,Loan originated
1,305000.0,49,605000.0,65.0,1,Not Hispanic or Latino,Black or African American,Male,55-64,50.0,Loan originated
1,515000.0,49,535000.0,115.0,1,Hispanic or Latino,White,Female,25-34,94.9,Loan originated
1,955000.0,41,1775000.0,268.0,1,Not Hispanic or Latino,White,Male,55-64,53.775,Loan originated
1,475000.0,46,665000.0,113.0,1,Hispanic or Latino,White,Male,25-34,72.008,Loan originated
1,445000.0,39,555000.0,170.0,1,Not Hispanic or Latino,White,Female,25-34,80.0,Loan originated
1,605000.0,<20%,755000.0,540.0,1,Not Hispanic or Latino,American Indian or Alaska Native,Female,25-34,80.0,Loan originated
1,755000.0,49,1005000.0,172.0,1,Not Hispanic or Latino,White,Female,45-54,75.0,Loan originated
1,1075000.0,40,1345000.0,353.0,1,Not Hispanic or Latino,Asian,Female,35-44,80.0,Loan originated
1,645000.0,>60%,715000.0,150.0,1,Not Hispanic or Latino,Asian,Female,55-64,89.978,Application denied
1,765000.0,39,955000.0,192.0,1,Not Hispanic or Latino,Asian,Male,55-64,80.0,Loan originated
1,215000.0,20%-<30%,265000.0,76.0,1,Not Hispanic or Latino,White,Male,25-34,80.0,Loan originated
