loan_purpose,loan_amount,debt_to_income_ratio,property_value,income,occupancy_type,derived_ethnicity,derived_race,derived_sex,applicant_age,loan_to_value_ratio,action_taken
1,805000.0,37,1205000.0,255.0,1,Not Hispanic or Latino,Asian,Male,35-44,66.67,Loan originated
1,295000.0,49,345000.0,76.0,1,Not Hispanic or Latino,Black or African American,Male,45-54,104.68,Loan originated
1,705000.0,45,1285000.0,220.0,1,Not Hispanic or Latino,White,Female,45-54,95.0,Loan originated
1,1145000.0,44,1785000.0,250.0,1,Not Hispanic or Latino,White,Male,35-44,64.308,Loan originated
1,255000.0,49,265000.0,67.0,1,Hispanic or Latino,White,Female,25-34,97.0,Loan originated
1,405000.0,45,765000.0,150.0,1,Not Hispanic or Latino,White,Female,55-64,52.535,Loan originated
1,385000.0,<20%,505000.0,0.0,1,Hispanic or Latino,White,Male,55-64,79.38,Loan originated
1,175000.0,30%-<36%,255000.0,101.0,1,Not Hispanic or Latino,Native Hawaiian or Other Pacific Islander,Female,65-74,70.0,Loan originated
1,355000.0,36,365000.0,108.0,1,Not Hispanic or Latino,White,Female,25-34,95.0,Loan originated
1,635000.0,44,825000.0,153.0,1,Not Hispanic or Latino,Asian,Male,35-44,76.94,Loan originated
1,485000.0,49,805000.0,120.0,1,Not Hispanic or Latino,White,Male,25-34,60.0,Loan originated
1,295000.0,30%-<36%,365000.0,86.0,1,Hispanic or Latino,White,Male,25-34,80.0,Loan originated
1,365000.0,46,385000.0,109.0,1,Hispanic or Latino,White,Female,35-44,95.0,Loan originated
1,625000.0,44,895000.0,163.0,1,Not Hispanic or Latino,White,Male,25-34,69.93,Loan originated
1,505000.0,20%-<30%,625000.0,349.0,1,Not Hispanic or Latino,Black or African American,Male,35-44,80.0,Loan originated
1,765000.0,49,835000.0,332.0,1,Not Hispanic or Latino,White,Male,45-54,93.0,Loan originated
1,105000.0,50%-60%,185000.0,35.0,1,Hispanic or Latino,White,Male,25-34,52.91,Application denied
1,195000.0,38,395000.0,94.0,1,Not Hispanic or Latino,White,Female,65-74,49.812,Loan originated
1,525000.0,44,1295000.0,133.0,1,Not Hispanic or Latino,White,Female,65-74,40.541,Loan originated
1,305000.0,39,545000.0,128.0,1,Not Hispanic or Latino,White,Male,35-44,55.56,Loan originated
1,715000.0,49,895000.0,290.0,1,Hispanic or Latino,White,Male,45-54,80.0,Application denied
1,465000.0,30%-<36%,865000.0,156.0,1,Not Hispanic or Latino,White,Female,45-54,53.75,Loan originated
1,395000.0,30%-<36%,935000.0,160.0,1,Not Hispanic or Latino,Asian,Female,25-34,42.1,Loan originated
1,315000.0,47,475000.0,86.0,1,Not Hispanic or Latino,White,Male,65-74,66.947,Loan originated
1,375000.0,30%-<36%,425000.0,110.0,1,Not Hispanic or Latino,White,Female,65-74,90.0,Loan originated
1,515000.0,45,795000.0,124.0,1,Not Hispanic or Latino,Asian,Male,35-44,65.0,Loan originated
1,525000.0,<20%,665000.0,160.0,1,Hispanic or Latino,White,Female,45-54,80.0,Loan originated
1,405000.0,20%-<30%,515000.0,189.0,1,Not Hispanic or Latino,Asian,Male,25-34,80.0,Loan originated
1,1075000.0,50%-60%,1345000.0,227.0,1,Not Hispanic or Latino,White,Male,45-54,79.926,Application denied
1,315000.0,20%-<30%,425000.0,147.0,1,Not Hispanic or Latino,White,Male,35-44,75.0,Loan originated
1,365000.0,47,585000.0,75.0,1,Not Hispanic or Latino,White,Female,<25,61.538,Loan originated
1,735000.0,48,925000.0,271.0,1,Not Hispanic or Latino,White,Female,45-54,80.0,Loan originated
1,565000.0,49,715000.0,160.0,1,Not Hispanic or Latino,White,Male,55-64,80.0,Loan originated
1,1055000.0,46,1325000.0,254.0,1,Hispanic or Latino,White,Male,45-54,80.0,Loan originated
1,465000.0,50%-60%,495000.0,83.0,1,Hispanic or Latino,White,Male,45-54,95.0,Loan originated
1,525000.0,>60%,585000.0,119.0,1,Not Hispanic or Latino,Asian,Male,45-54,90.0,Application denied
1,855000.0,44,905000.0,227.0,1,Hispanic or Latino,White,Female,35-44,95.0,Loan originated
1,965000.0,30%-<36%,1605000.0,325.0,1,Hispanic or Latino,White,Male,35-44,60.0,Loan originated
1,365000.0,49,425000.0,81.0,1,Not Hispanic or Latino,Asian,Male,35-44,85.0,Loan originated
1,1145000.0,38,1945000.0,307.0,1,Not Hispanic or Latino,White,Female,45-54,59.117,Loan originated
1,765000.0,38,965000.0,245.0,1,Not Hispanic or Latino,Asian,Male,35-44,80.0,Loan originated
1,1085000.0,30%-<36%,1485000.0,276.0,1,Not Hispanic or Latino,White,Male,35-44,72.973,Loan originated
1,765000.0,48,975000.0,249.0,1,Hispanic or Latino,White,Female,45-54,79.0,Loan originated
1,405000.0,45,425000.0,82.0,1,Hispanic or Latino,White,Female,35-44,97.0,Loan originated
1,845000.0,41,1145000.0,226.0,1,Not Hispanic or Latino,White,Female,35-44,74.0,Loan originated
1,765000.0,30%-<36%,955000.0,260.0,1,Not Hispanic or Latino,White,Female,25-34,80.0,Loan originated
1,525000.0,48,655000.0,178.0,1,Not Hispanic or Latino,Asian,Male,45-54,80.0,Loan originated
1,495000.0,45,615000.0,127.0,1,Not Hispanic or Latino,Asian,Male,45-54,80.0,Loan originated
1,515000.0,48,725000.0,116.0,1,Not Hispanic or Latino,White,Female,45-54,71.034,Loan originated
1,635000.0,42,1035000.0,151.0,1,Not Hispanic or Latino,Asian,Male,<25,61.35,Loan originated
1,975000.0,44,1085000.0,300.0,1,Not Hispanic or Latino,White,Male,45-54,90.0,Loan originated
1,755000.0,50%-60%,795000.0,165.0,1,Hispanic or Latino,White,Male,35-44,95.0,Loan originated
1,585000.0,47,655000.0,454.0,1,Not Hispanic or Latino,Asian,Male,35-44,90.0,Loan originated
1,755000.0,44,795000.0,193.0,1,Not Hispanic or Latino,White,Male,35-44,95.0,Loan originated
1,305000.0,37,605000.0,165.0,1,Not Hispanic or Latino,White,Male,35-44,50.0,Application denied
1,425000.0,47,475000.0,90.0,1,Not Hispanic or Latino,White,Female,45-54,90.0,Loan originated
1,635000.0,45,755000.0,147.0,1,Hispanic or Latino,White,Male,35-44,85.0,Loan originated
1,205000.0,30%-<36%,495000.0,142.0,1,Not Hispanic or Latino,White,Male,25-34,41.84,Loan originated
1,415000.0,41,435000.0,125.0,1,Not Hispanic or Latino,White,Male,<25,97.0,Loan originated
1,585000.0,>60%,625000.0,78.0,1,Hispanic or Latino,White,Male,35-44,95.0,Application denied
1,425000.0,43,535000.0,142.0,1,Not Hispanic or Latino,Asian,Male,65-74,80.0,Loan originated
1,515000.0,<20%,645000.0,368.0,1,Not Hispanic or Latino,Asian,Male,45-54,80.0,Loan originated
1,235000.0,38,255000.0,142.0,1,Not Hispanic or Latino,White,Female,55-64,90.0,Loan originated
1,765000.0,46,855000.0,163.0,1,Hispanic or Latino,Black or African American,Male,35-44,90.0,Loan originated
1,515000.0,49,575000.0,104.0,1,Not Hispanic or Latino,Asian,Male,35-44,90.0,Loan originated
1,725000.0,48,905000.0,172.0,1,Not Hispanic or Latino,White,Male,45-54,79.373,Loan originated
1,165000.0,30%-<36%,225000.0,45.0,1,Hispanic or Latino,White,Male,<25,71.556,Loan originated
1,535000.0,30%-<36%,665000.0,193.0,1,Not Hispanic or Latino,Asian,Male,35-44,80.0,Loan originated
1,675000.0,37,845000.0,274.0,1,Hispanic or Latino,White,Male,55-64,80.0,Loan originated
1,435000.0,30%-<36%,545000.0,224.0,1,Hispanic or Latino,White,Female,35-44,80.0,Loan originated
1,505000.0,47,695000.0,200.0,1,Not Hispanic or Latino,White,Male,45-54,72.0,Loan originated
1,345000.0,48,965000.0,102.0,1,Not Hispanic or Latino,White,Female,45-54,35.677,Loan originated
1,455000.0,40,565000.0,119.0,1,Not Hispanic or Latino,White,Female,25-34,80.0,Loan originated
1,425000.0,49,445000.0,120.0,1,Not Hispanic or Latino,Black or African American,Female,35-44,95.0,Loan originated
1,555000.0,>60%,695000.0,0.0,1,Not Hispanic or Latino,Asian,Female,35-44,80.0,Application denied
1,505000.0,37,635000.0,161.0,1,Not Hispanic or Latino,White,Female,25-34,79.912,Loan originated
1,535000.0,46,805000.0,120.0,1,Not Hispanic or Latino,Asian,Male,35-44,66.46,Loan originated
1,555000.0,48,1025000.0,120.0,1,Not Hispanic or Latino,White,Male,35-44,54.0,Loan originated
1,615000.0,49,865000.0,133.0,1,Not Hispanic or Latino,White,Male,35-44,71.512,Loan originated
1,475000.0,<20%,1055000.0,416.0,1,Not Hispanic or Latino,Asian,Male,35-44,54.958,Loan originated
1,605000.0,38,675000.0,176.0,1,Not Hispanic or Latino,Black or African American,Female,35-44,90.0,Loan originated
1,545000.0,43,595000.0,150.0,1,Not Hispanic or Latino,White,Male,45-54,91.597,Loan originated
1,275000.0,44,605000.0,96.0,1,Not Hispanic or Latino,Asian,Female,35-44,98.28,Loan originated
1,275000.0,43,285000.0,76.0,1,Hispanic or Latino,White,Male,25-34,95.0,Loan originated
1,235000.0,49,265000.0,196.0,1,Not Hispanic or Latino,White,Male,45-54,90.0,Loan originated
1,605000.0,49,675000.0,114.0,1,Hispanic or Latino,White,Female,45-54,89.993,Loan originated
1,255000.0,45,515000.0,80.0,1,Not Hispanic or Latino,Asian,Male,25-34,95.0,Loan originated
1,955000.0,43,1195000.0,218.0,1,Not Hispanic or Latino,Asian,Male,55-64,80.0,Loan originated
1,215000.0,50%-60%,375000.0,64.0,1,Not Hispanic or Latino,White,Male,>74,57.33,Application denied
1,675000.0,47,765000.0,164.0,1,Hispanic or Latino,White,Male,45-54,89.0,Loan originated
1,385000.0,49,425000.0,79.0,1,Hispanic or Latino,White,Male,45-54,90.0,Loan originated
1,525000.0,37,695000.0,177.0,1,Not Hispanic or Latino,Asian,Female,25-34,75.0,Loan originated
1,375000.0,45,855000.0,110.0,1,Not Hispanic or Latino,Asian,Female,55-64,43.43,Loan originated
1,375000.0,45,675000.0,100.0,1,Hispanic or Latino,White,Male,>74,55.0,Loan originated
1,485000.0,30%-<36%,515000.0,223.0,1,Not Hispanic or Latino,Asian,Female,25-34,95.0,Loan originated
1,485000.0,47,605000.0,126.0,1,Not Hispanic or Latino,Asian,Female,45-54,80.0,Loan originated
1,105000.0,30%-<36%,1675000.0,138.0,1,Not Hispanic or Latino,White,Female,65-74,5.987,Loan originated
1,825000.0,48,1105000.0,160.0,1,Not Hispanic or Latino,Asian,Male,25-34,75.0,Loan originated
1,865000.0,46,915000.0,198.0,1,Not Hispanic or Latino,White,Male,55-64,95.0,Loan originated
1,485000.0,20%-<30%,505000.0,199.0,1,Not Hispanic or Latino,Asian,Male,35-44,97.0,Loan originated
1,685000.0,42,885000.0,174.0,1,Not Hispanic or Latino,Asian,Male,35-44,77.273,Loan originated
1,265000.0,30%-<36%,335000.0,321.0,1,Not Hispanic or Latino,White,Female,55-64,80.0,Loan originated
1,235000.0,38,285000.0,176.0,1,Not Hispanic or Latino,White,Male,55-64,81.55,Loan originated
1,495000.0,43,505000.0,122.0,1,Hispanic or Latino,White,Female,25-34,97.0,Loan originated
1,545000.0,30%-<36%,865000.0,276.0,1,Not Hispanic or Latino,White,Male,35-44,62.601,Loan originated
1,885000.0,44,1105000.0,284.0,1,Not Hispanic or Latino,White,Male,45-54,80.0,Loan originated
1,415000.0,50%-60%,455000.0,80.0,1,Hispanic or Latino,White,Female,45-54,91.667,Application denied
1,415000.0,48,515000.0,80.0,1,Not Hispanic or Latino,Asian,Male,35-44,80.0,Loan originated
1,295000.0,40,295000.0,102.0,1,Hispanic or Latino,White,Female,<25,100.0,Loan originated
1,325000.0,47,605000.0,96.0,1,Hispanic or Latino,White,Male,55-64,53.048,Loan originated
1,1005000.0,50%-60%,2905000.0,241.0,1,Not Hispanic or Latino,White,Female,45-54,34.483,Loan originated
1,685000.0,30%-<36%,865000.0,220.0,1,Not Hispanic or Latino,Asian,Female,45-54,80.0,Loan originated
1,1005000.0,46,1105000.0,234.0,1,Not Hispanic or Latino,White,Female,45-54,91.455,Loan originated
1,795000.0,30%-<36%,1495000.0,333.0,1,Not Hispanic or Latino,Asian,Male,35-44,53.05,Loan originated
1,555000.0,20%-<30%,695000.0,217.0,1,Not Hispanic or Latino,Asian,Male,25-34,80.0,Loan originated
1,605000.0,50%-60%,755000.0,120.0,1,Not Hispanic or Latino,Asian,Male,<25,80.0,Application denied
1,1145000.0,44,1805000.0,309.0,1,Not Hispanic or Latino,White,Female,65-74,63.879,Loan originated
1,675000.0,30%-<36%,745000.0,168.0,1,Not Hispanic or Latino,Asian,Male,35-44,90.0,Loan originated
1,705000.0,30%-<36%,735000.0,250.0,1,Not Hispanic or Latino,White,Male,25-34,95.0,Loan originated
1,215000.0,38,355000.0,62.0,1,Hispanic or Latino,Asian,Male,25-34,63.0,Loan originated
1,255000.0,20%-<30%,855000.0,166.0,1,Not Hispanic or Latino,Asian,Male,35-44,29.412,Loan originated
1,345000.0,41,425000.0,92.0,1,Not Hispanic or Latino,White,Female,25-34,80.0,Loan originated
1,205000.0,20%-<30%,615000.0,103.0,1,Not Hispanic or Latino,White,Male,35-44,34.0,Loan originated
1,545000.0,39,605000.0,164.0,1,Hispanic or Latino,White,Male,45-54,90.0,Loan originated
1,475000.0,47,595000.0,150.0,1,Not Hispanic or Latino,White,Male,35-44,80.0,Loan originated
1,545000.0,48,575000.0,158.0,1,Hispanic or Latino,White,Male,65-74,96.5,Loan originated
1,145000.0,50%-60%,815000.0,49.0,1,Not Hispanic or Latino,White,Male,55-64,17.22,Loan originated
1,665000.0,46,705000.0,150.0,1,Not Hispanic or Latino,Asian,Female,25-34,95.0,Loan originated
1,365000.0,47,455000.0,263.0,1,Not Hispanic or Latino,Asian,Male,35-44,80.0,Loan originated
1,625000.0,44,835000.0,156.0,1,Not Hispanic or Latino,White,Male,35-44,75.0,Application denied
1,725000.0,>60%,845000.0,145.0,1,Not Hispanic or Latino,Black or African American,Female,55-64,85.0,Application denied
1,365000.0,40,495000.0,86.0,1,Not Hispanic or Latino,Asian,Male,25-34,75.0,Loan originated
1,635000.0,44,685000.0,201.0,1,Not Hispanic or Latino,Black or African American,Female,35-44,93.5,Loan originated
1,15000.0,30%-<36%,485000.0,126.0,1,Not Hispanic or Latino,Asian,Male,35-44,100.0,Loan originated
1,765000.0,38,905000.0,204.0,1,Hispanic or Latino,White,Male,35-44,85.0,Loan originated
1,555000.0,36,1055000.0,202.0,1,Not Hispanic or Latino,Asian,Male,45-54,52.607,Loan originated
1,525000.0,20%-<30%,935000.0,190.0,1,Not Hispanic or Latino,Asian,Male,35-44,55.73,Loan originated
1,285000.0,41,385000.0,179.0,1,Not Hispanic or Latino,White,Male,25-34,74.227,Loan originated
1,175000.0,47,175000.0,90.0,1,Hispanic or Latino,White,Female,25-34,95.0,Loan originated
1,565000.0,48,585000.0,124.0,1,Hispanic or Latino,White,Female,45-54,96.0,Loan originated
1,565000.0,45,585000.0,114.0,1,Hispanic or Latino,White,Male,45-54,97.0,Loan originated
1,515000.0,30%-<36%,645000.0,176.0,1,Not Hispanic or Latino,Asian,Female,25-34,80.0,Loan originated
1,105000.0,44,175000.0,64.0,1,Hispanic or Latino,White,Female,35-44,60.0,Loan originated
1,765000.0,41,1305000.0,241.0,1,Not Hispanic or Latino,White,Male,25-34,59.0,Loan originated
1,435000.0,20%-<30%,535000.0,347.0,1,Not Hispanic or Latino,White,Male,55-64,80.0,Loan originated
1,195000.0,20%-<30%,245000.0,84.0,1,Hispanic or Latino,White,Male,25-34,80.0,Loan originated
1,1145000.0,30%-<36%,1285000.0,520.0,1,Hispanic or Latino,Black or African American,Male,35-44,89.481,Loan originated
1,625000.0,48,825000.0,163.0,1,Not Hispanic or Latino,Black or African American,Male,55-64,75.718,Loan originated
1,655000.0,48,695000.0,162.0,1,Hispanic or Latino,White,Female,65-74,95.0,Application denied
1,425000.0,30%-<36%,535000.0,133.0,1,Not Hispanic or Latino,Asian,Male,25-34,80.0,Loan originated
1,905000.0,46,1775000.0,203.0,1,Not Hispanic or Latino,Asian,Male,35-44,51.0,Loan originated
1,505000.0,30%-<36%,635000.0,160.0,1,Not Hispanic or Latino,Asian,Male,35-44,79.995,Loan originated
1,685000.0,49,855000.0,135.0,1,Not Hispanic or Latino,White,Male,25-34,80.0,Loan originated
1,285000.0,46,845000.0,90.0,1,Not Hispanic or Latino,Asian,Female,65-74,32.96,Loan originated
1,265000.0,<20%,485000.0,311.0,1,Hispanic or Latino,White,Female,45-54,55.0,Loan originated
1,585000.0,38,655000.0,263.0,1,Hispanic or Latino,White,Female,55-64,90.0,Loan originated
1,405000.0,30%-<36%,485000.0,160.0,1,Not Hispanic or Latino,White,Male,55-64,84.433,Loan originated
1,665000.0,44,835000.0,186.0,1,Not Hispanic or Latino,White,Male,35-44,80.0,Loan originated
1,955000.0,44,1085000.0,199.0,1,Not Hispanic or Latino,Asian,Male,25-34,88.16,Loan originated
1,585000.0,43,815000.0,225.0,1,Not Hispanic or Latino,White,Female,45-54,71.166,Loan originated
1,255000.0,44,435000.0,101.0,1,Not Hispanic or Latino,White,Female,>74,59.302,Loan originated
1,275000.0,42,435000.0,63.0,1,Not Hispanic or Latino,White,Female,65-74,63.49,Application denied
1,405000.0,44,655000.0,181.0,1,Not Hispanic or Latino,White,Male,55-64,62.0,Loan originated
1,265000.0,48,335000.0,54.0,1,Not Hispanic or Latino,White,Male,<25,80.0,Loan originated
1,635000.0,47,795000.0,175.0,1,Not Hispanic or Latino,Asian,Female,35-44,80.0,Loan originated
1,485000.0,41,515000.0,119.0,1,Hispanic or Latino,White,Male,25-34,95.0,Loan originated
1,575000.0,49,1225000.0,117.0,1,Not Hispanic or Latino,Asian,Male,35-44,46.939,Loan originated
1,245000.0,43,555000.0,63.0,1,Not Hispanic or Latino,Asian,Male,45-54,43.6,Loan originated
1,675000.0,47,975000.0,130.0,1,Not Hispanic or Latino,Asian,Male,25-34,69.897,Loan originated
1,535000.0,49,1075000.0,117.0,1,Not Hispanic or Latino,Asian,Female,45-54,50.0,Loan originated
1,305000.0,37,415000.0,79.0,1,Hispanic or Latino,White,Male,35-44,75.0,Loan originated
1,825000.0,43,1025000.0,194.0,1,Not Hispanic or Latino,White,Male,25-34,80.0,Loan originated
1,555000.0,48,695000.0,173.0,1,Not Hispanic or Latino,White,Male,35-44,80.0,Loan originated
1,945000.0,44,1055000.0,175.0,1,Hispanic or Latino,White,Male,35-44,90.0,Loan originated
1,685000.0,41,725000.0,173.0,1,Hispanic or Latino,White,Female,55-64,95.0,Loan originated
1,335000.0,30%-<36%,415000.0,86.0,1,Not Hispanic or Latino,Asian,Male,25-34,80.0,Loan originated
1,765000.0,37,1065000.0,377.0,1,Not Hispanic or Latino,Asian,Female,55-64,71.698,Loan originated
1,435000.0,20%-<30%,1135000.0,200.0,1,Not Hispanic or Latino,White,Male,35-44,38.05,Loan originated
1,675000.0,>60%,755000.0,316.0,1,Hispanic or Latino,White,Male,55-64,90.0,Application denied
1,745000.0,38,1155000.0,490.0,1,Not Hispanic or Latino,White,Male,25-34,89.605,Loan originated
1,385000.0,40,485000.0,155.0,1,Not Hispanic or Latino,White,Male,45-54,90.0,Application denied
1,1085000.0,49,1205000.0,297.0,1,Not Hispanic or Latino,White,Female,25-34,90.0,Loan originated
1,715000.0,50%-60%,745000.0,151.0,1,Not Hispanic or Latino,Asian,Female,35-44,95.0,Application denied
1,1045000.0,30%-<36%,1305000.0,285.0,1,Not Hispanic or Latino,Asian,Female,25-34,80.0,Loan originated
1,655000.0,42,695000.0,304.0,1,Not Hispanic or Latino,White,Male,35-44,95.0,Loan originated
1,555000.0,47,735000.0,215.0,1,Not Hispanic or Latino,Asian,Male,65-74,75.0,Loan originated
1,485000.0,39,535000.0,164.0,1,Hispanic or Latino,White,Male,55-64,90.0,Loan originated
1,375000.0,49,395000.0,88.0,1,Not Hispanic or Latino,Asian,Male,45-54,100.0,Loan originated
1,305000.0,44,1225000.0,105.0,1,Not Hispanic or Latino,Asian,Female,65-74,25.0,Loan originated
1,325000.0,47,335000.0,80.0,1,Hispanic or Latino,White,Female,25-34,95.0,Loan originated
1,1105000.0,43,1375000.0,288.0,1,Not Hispanic or Latino,White,Male,45-54,80.0,Loan originated
1,705000.0,30%-<36%,1055000.0,197.0,1,Not Hispanic or Latino,Asian,Male,35-44,66.041,Loan originated
1,705000.0,37,2505000.0,247.0,1,Not Hispanic or Latino,White,Male,65-74,28.0,Loan originated
1,275000.0,36,775000.0,100.0,1,Not Hispanic or Latino,Black or African American,Male,35-44,35.75,Loan originated
1,365000.0,46,515000.0,78.0,1,Not Hispanic or Latino,White,Female,55-64,70.588,Loan originated
1,565000.0,>60%,775000.0,127.0,1,Hispanic or Latino,White,Female,45-54,72.26,Application denied
1,945000.0,43,1345000.0,231.0,1,Not Hispanic or Latino,Asian,Male,35-44,70.0,Loan originated
1,685000.0,44,855000.0,226.0,1,Not Hispanic or Latino,White,Male,45-54,80.0,Loan originated
1,335000.0,48,555000.0,104.0,1,Hispanic or Latino,White,Male,35-44,60.0,Loan originated
1,665000.0,49,1355000.0,145.0,1,Not Hispanic or Latino,White,Male,35-44,49.56,Loan originated
1,525000.0,30%-<36%,2025000.0,241.0,1,Not Hispanic or Latino,Asian,Male,45-54,26.04,Application denied
1,545000.0,36,685000.0,169.0,1,Not Hispanic or Latino,White,Female,35-44,80.0,Loan originated
1,935000.0,48,1165000.0,213.0,1,Not Hispanic or Latino,White,Male,45-54,80.0,Loan originated
1,335000.0,48,505000.0,67.0,1,Not Hispanic or Latino,White,Male,25-34,98.4,Loan originated
1,495000.0,20%-<30%,705000.0,170.0,1,Not Hispanic or Latino,Asian,Male,35-44,70.0,Loan originated
1,355000.0,48,425000.0,72.0,1,Hispanic or Latino,White,Male,35-44,85.0,Loan originated
1,745000.0,47,1135000.0,171.0,1,Not Hispanic or Latino,Asian,Female,55-64,65.487,Loan originated
1,455000.0,49,905000.0,136.0,1,Not Hispanic or Latino,White,Female,65-74,50.0,Loan originated
1,805000.0,46,1535000.0,180.0,1,Not Hispanic or Latino,Asian,Male,25-34,53.0,Loan originated
1,415000.0,42,425000.0,119.0,1,Not Hispanic or Latino,Asian,Female,25-34,97.0,Loan originated
1,785000.0,20%-<30%,975000.0,409.0,1,Not Hispanic or Latino,White,Male,35-44,80.0,Loan originated
1,555000.0,49,1755000.0,524.0,1,Not Hispanic or Latino,Asian,Male,25-34,32.0,Loan originated
1,375000.0,42,505000.0,99.0,1,Not Hispanic or Latino,Asian,Male,25-34,90.25,Loan originated
1,495000.0,49,625000.0,150.0,1,Not Hispanic or Latino,White,Male,35-44,80.0,Loan originated
1,665000.0,45,885000.0,148.0,1,Not Hispanic or Latino,Asian,Male,35-44,75.0,Loan originated
1,955000.0,48,1375000.0,270.0,1,Not Hispanic or Latino,Asian,Male,45-54,70.0,Loan originated
1,325000.0,47,375000.0,77.0,1,Hispanic or Latino,White,Female,35-44,89.0,Loan originated
1,795000.0,39,1195000.0,225.0,1,Not Hispanic or Latino,White,Female,45-54,66.527,Loan originated
1,585000.0,30%-<36%,655000.0,178.0,1,Not Hispanic or Latino,Asian,Female,25-34,89.0,Loan originated
1,865000.0,>60%,1665000.0,100.0,1,Not Hispanic or Latino,White,Male,35-44,30.01,Application denied
1,645000.0,30%-<36%,805000.0,221.0,1,Not Hispanic or Latino,Asian,Male,25-34,80.0,Loan originated
1,525000.0,47,555000.0,216.0,1,Hispanic or Latino,White,Male,35-44,90.0,Application denied
1,295000.0,30%-<36%,395000.0,96.0,1,Hispanic or Latino,White,Male,55-64,75.0,Loan originated
1,755000.0,44,1015000.0,346.0,1,Not Hispanic or Latino,White,Male,35-44,84.16,Loan originated
1,345000.0,48,555000.0,79.0,1,Not Hispanic or Latino,Asian,Female,45-54,98.091,Loan originated
1,345000.0,20%-<30%,355000.0,122.0,1,Not Hispanic or Latino,White,Female,<25,97.0,Loan originated
1,345000.0,20%-<30%,595000.0,132.0,1,Not Hispanic or Latino,White,Male,65-74,57.69,Loan originated
1,415000.0,47,425000.0,136.0,1,Hispanic or Latino,White,Female,35-44,97.0,Loan originated
1,505000.0,43,535000.0,121.0,1,Hispanic or Latino,White,Female,25-34,95.0,Loan originated
1,555000.0,30%-<36%,935000.0,186.0,1,Not Hispanic or Latino,White,Female,35-44,60.0,Loan originated
1,525000.0,>60%,525000.0,81.0,1,Not Hispanic or Latino,White,Male,<25,100.0,Application denied
1,385000.0,41,835000.0,267.0,1,Not Hispanic or Latino,White,Male,35-44,45.455,Loan originated
1,645000.0,40,945000.0,182.0,1,Not Hispanic or Latino,White,Female,45-54,68.25,Loan originated
1,915000.0,20%-<30%,1225000.0,618.0,1,Not Hispanic or Latino,Asian,Female,35-44,75.0,Loan originated
1,85000.0,38,115000.0,96.0,1,Not Hispanic or Latino,White,Male,55-64,73.82,Loan originated
1,285000.0,44,305000.0,82.0,1,Hispanic or Latino,White,Male,55-64,98.0,Loan originated
1,695000.0,36,735000.0,206.0,1,Not Hispanic or Latino,White,Male,45-54,95.0,Loan originated
1,955000.0,42,1185000.0,224.0,1,Not Hispanic or Latino,White,Male,35-44,79.97,Loan originated
1,515000.0,45,645000.0,117.0,1,Not Hispanic or Latino,White,Female,35-44,80.0,Loan originated
1,765000.0,46,805000.0,241.0,1,Not Hispanic or Latino,Asian,Male,35-44,95.0,Loan originated
1,475000.0,43,595000.0,174.0,1,Not Hispanic or Latino,Asian,Female,25-34,80.0,Loan originated
1,325000.0,<20%,445000.0,796.0,1,Not Hispanic or Latino,White,Male,25-34,73.0,Loan originated
1,285000.0,45,355000.0,67.0,1,Not Hispanic or Latino,White,Female,35-44,100.0,Loan originated
1,465000.0,36,675000.0,322.0,1,Hispanic or Latino,White,Male,45-54,70.0,Loan originated
1,325000.0,49,335000.0,69.0,1,Not Hispanic or Latino,Native Hawaiian or Other Pacific Islander,Male,35-44,95.0,Loan originated
1,215000.0,44,415000.0,52.0,1,Not Hispanic or Latino,White,Male,35-44,51.923,Loan originated
1,655000.0,45,725000.0,155.0,1,Not Hispanic or Latino,Asian,Male,35-44,89.99,Loan originated
1,1105000.0,20%-<30%,1625000.0,1331.0,1,Not Hispanic or Latino,White,Male,55-64,67.692,Loan originated
1,685000.0,44,725000.0,165.0,1,Not Hispanic or Latino,White,Female,25-34,95.0,Loan originated
1,535000.0,37,565000.0,154.0,1,Hispanic or Latino,White,Male,35-44,95.0,Loan originated
1,315000.0,47,575000.0,117.0,1,Not Hispanic or Latino,White,Male,55-64,54.043,Loan originated
1,805000.0,38,1155000.0,202.0,1,Not Hispanic or Latino,Asian,Male,35-44,69.06,Loan originated
1,885000.0,41,1105000.0,207.0,1,Not Hispanic or Latino,White,Male,25-34,80.0,Loan originated
1,355000.0,41,445000.0,85.0,1,Not Hispanic or Latino,White,Male,25-34,80.0,Loan originated
1,265000.0,30%-<36%,335000.0,390.0,1,Not Hispanic or Latino,Asian,Male,45-54,80.0,Loan originated
1,815000.0,>60%,845000.0,147.0,1,Not Hispanic or Latino,Black or African American,Female,35-44,97.0,Application denied
1,445000.0,49,465000.0,100.0,1,Not Hispanic or Latino,White,Male,25-34,95.0,Loan originated
1,365000.0,49,975000.0,82.0,1,Not Hispanic or Latino,Asian,Male,25-34,37.436,Loan originated
1,735000.0,30%-<36%,1035000.0,214.0,1,Not Hispanic or Latino,Asian,Male,35-44,71.07,Loan originated
1,515000.0,36,645000.0,432.0,1,Not Hispanic or Latino,Asian,Male,35-44,80.0,Application denied
1,435000.0,30%-<36%,455000.0,120.0,1,Not Hispanic or Latino,White,Female,45-54,95.0,Loan originated
1,955000.0,43,1265000.0,280.0,1,Not Hispanic or Latino,Asian,Male,35-44,75.0,Loan originated
1,545000.0,39,785000.0,145.0,1,Not Hispanic or Latino,White,Male,35-44,70.0,Loan originated
1,555000.0,48,585000.0,108.0,1,Not Hispanic or Latino,Asian,Male,25-34,95.0,Loan originated
1,425000.0,49,455000.0,80.0,1,Hispanic or Latino,White,Male,25-34,94.29,Loan originated
1,355000.0,48,445000.0,84.0,1,Not Hispanic or Latino,White,Male,25-34,80.0,Loan originated
1,995000.0,43,1235000.0,237.0,1,Not Hispanic or Latino,Asian,Female,55-64,80.0,Loan originated
1,415000.0,40,435000.0,110.0,1,Hispanic or Latino,White,Male,45-54,97.0,Loan originated
1,425000.0,49,455000.0,179.0,1,Not Hispanic or Latino,Asian,Male,25-34,95.0,Loan originated
1,705000.0,36,1205000.0,200.0,1,Not Hispanic or Latino,Asian,Female,25-34,58.333,Loan originated
1,365000.0,41,375000.0,107.0,1,Not Hispanic or Latino,White,Male,55-64,101.94,Loan originated
1,385000.0,30%-<36%,425000.0,123.0,1,Hispanic or Latino,White,Male,25-34,90.0,Loan originated
1,65000.0,46,335000.0,67.0,1,Hispanic or Latino,White,Female,55-64,17.91,Loan originated
1,595000.0,46,625000.0,149.0,1,Hispanic or Latino,White,Male,35-44,95.0,Loan originated
1,475000.0,20%-<30%,725000.0,333.0,1,Not Hispanic or Latino,Asian,Female,55-64,65.278,Loan originated
1,615000.0,30%-<36%,825000.0,169.0,1,Not Hispanic or Latino,Asian,Female,25-34,75.0,Loan originated
1,185000.0,20%-<30%,525000.0,97.0,1,Not Hispanic or Latino,White,Female,>74,34.898,Loan originated
1,445000.0,40,745000.0,123.0,1,Not Hispanic or Latino,Asian,Male,25-34,59.94,Loan originated
1,755000.0,37,1305000.0,212.0,1,Not Hispanic or Latino,White,Male,45-54,57.85,Loan originated
1,455000.0,47,525000.0,124.0,1,Hispanic or Latino,White,Male,35-44,85.0,Application denied
1,185000.0,20%-<30%,345000.0,70.0,1,Not Hispanic or Latino,White,Female,25-34,52.9,Loan originated
1,665000.0,43,735000.0,157.0,1,Hispanic or Latino,White,Female,35-44,90.0,Loan originated
1,425000.0,36,535000.0,124.0,1,Hispanic or Latino,White,Male,25-34,80.0,Loan originated
1,635000.0,49,705000.0,139.0,1,Not Hispanic or Latino,Asian,Male,<25,90.0,Loan originated
1,465000.0,47,585000.0,113.0,1,Not Hispanic or Latino,Asian,Female,35-44,80.0,Loan originated
1,815000.0,46,1025000.0,180.0,1,Not Hispanic or Latino,Asian,Female,45-54,80.0,Loan originated
1,815000.0,45,1175000.0,276.0,1,Not Hispanic or Latino,Asian,Female,35-44,70.0,Loan originated
1,375000.0,30%-<36%,475000.0,185.0,1,Not Hispanic or Latino,White,Male,35-44,80.0,Loan originated
1,955000.0,46,1255000.0,261.0,1,Not Hispanic or Latino,Asian,Male,25-34,76.153,Loan originated
1,385000.0,45,405000.0,145.0,1,Hispanic or Latino,White,Male,35-44,95.0,Loan originated
1,75000.0,47,95000.0,66.0,1,Not Hispanic or Latino,White,Male,>74,79.38,Loan originated
1,415000.0,40,525000.0,146.0,1,Not Hispanic or Latino,Asian,Male,25-34,80.0,Loan originated
1,535000.0,30%-<36%,685000.0,224.0,1,Hispanic or Latino,White,Male,25-34,80.0,Loan originated
1,1065000.0,48,1325000.0,332.0,1,Hispanic or Latino,White,Male,45-54,80.0,Loan originated
1,365000.0,37,375000.0,148.0,1,Not Hispanic or Latino,Asian,Male,35-44,100.0,Loan originated
1,565000.0,49,705000.0,132.0,1,Not Hispanic or Latino,White,Female,35-44,100.0,Loan originated
1,185000.0,47,205000.0,125.0,1,Not Hispanic or Latino,Black or African American,Male,35-44,90.88,Application denied
1,1025000.0,47,1625000.0,350.0,1,Not Hispanic or Latino,White,Female,45-54,63.077,Loan originated
1,1105000.0,45,1375000.0,303.0,1,Not Hispanic or Latino,Asian,Male,35-44,89.982,Loan originated
1,685000.0,30%-<36%,975000.0,333.0,1,Not Hispanic or Latino,Asian,Male,25-34,70.0,Loan originated
1,885000.0,45,1105000.0,216.0,1,Hispanic or Latino,White,Female,35-44,80.0,Application denied
1,775000.0,41,865000.0,656.0,1,Not Hispanic or Latino,Asian,Male,35-44,90.0,Loan originated
1,525000.0,20%-<30%,875000.0,248.0,1,Hispanic or Latino,White,Female,45-54,60.091,Loan originated
1,585000.0,42,865000.0,160.0,1,Not Hispanic or Latino,White,Female,55-64,67.442,Loan originated
1,135000.0,30%-<36%,175000.0,60.0,1,Not Hispanic or Latino,White,Male,35-44,80.0,Loan originated
1,425000.0,48,435000.0,102.0,1,Not Hispanic or Latino,White,Female,35-44,97.0,Application denied
1,685000.0,46,855000.0,266.0,1,Hispanic or Latino,White,Male,35-44,80.0,Loan originated
1,635000.0,<20%,905000.0,1808.0,1,Hispanic or Latino,White,Female,65-74,70.0,Loan originated
1,195000.0,20%-<30%,215000.0,108.0,1,Not Hispanic or Latino,Asian,Male,35-44,95.0,Application denied
1,615000.0,30%-<36%,825000.0,180.0,1,Not Hispanic or Latino,Asian,Female,35-44,76.0,Loan originated
1,295000.0,43,525000.0,72.0,1,Not Hispanic or Latino,White,Female,25-34,56.731,Loan originated
1,695000.0,39,865000.0,210.0,1,Not Hispanic or Latino,Asian,Male,55-64,80.0,Loan originated
1,105000.0,46,415000.0,35.0,1,Not Hispanic or Latino,White,Male,65-74,25.93,Loan originated
1,925000.0,45,1155000.0,16.0,1,Not Hispanic or Latino,Asian,Male,25-34,80.0,Loan originated
1,485000.0,20%-<30%,615000.0,112.0,1,Not Hispanic or Latino,Asian,Female,25-34,80.0,Loan originated
1,1075000.0,48,1165000.0,191.0,1,Not Hispanic or Latino,Asian,Male,35-44,92.67,Loan originated
1,685000.0,47,725000.0,183.0,1,Hispanic or Latino,White,Male,25-34,95.0,Loan originated
1,375000.0,>60%,395000.0,51.0,1,Hispanic or Latino,White,Female,35-44,95.7,Application denied
1,395000.0,38,495000.0,114.0,1,Not Hispanic or Latino,White,Male,25-34,80.0,Loan originated
1,395000.0,43,415000.0,97.0,1,Hispanic or Latino,White,Male,25-34,95.0,Loan originated
1,35000.0,42,55000.0,105.0,1,Not Hispanic or Latino,White,Male,65-74,66.65,Loan originated
1,355000.0,20%-<30%,705000.0,224.0,1,Not Hispanic or Latino,White,Female,35-44,50.355,Loan originated
1,685000.0,49,765000.0,185.0,1,Not Hispanic or Latino,Asian,Female,45-54,89.515,Loan originated
1,655000.0,30%-<36%,1015000.0,234.0,1,Not Hispanic or Latino,White,Male,25-34,65.0,Loan originated
1,655000.0,48,815000.0,154.0,1,Hispanic or Latino,White,Female,45-54,80.0,Loan originated
1,415000.0,49,525000.0,106.0,1,Hispanic or Latino,White,Male,35-44,80.0,Loan originated
1,685000.0,20%-<30%,985000.0,569.0,1,Not Hispanic or Latino,White,Female,35-44,70.0,Loan originated
1,705000.0,20%-<30%,885000.0,325.0,1,Not Hispanic or Latino,Asian,Male,35-44,80.0,Loan originated
1,445000.0,38,465000.0,131.0,1,Not Hispanic or Latino,White,Male,45-54,95.0,Loan originated
1,765000.0,30%-<36%,985000.0,258.0,1,Not Hispanic or Latino,White,Female,35-44,77.51,Loan originated
1,1005000.0,36,1305000.0,250.0,1,Not Hispanic or Latino,Asian,Male,55-64,76.92,Loan originated
1,565000.0,30%-<36%,715000.0,431.0,1,Not Hispanic or Latino,White,Female,35-44,78.873,Loan originated
1,855000.0,37,1075000.0,227.0,1,Not Hispanic or Latino,Asian,Male,25-34,80.0,Loan originated
1,615000.0,20%-<30%,645000.0,277.0,1,Not Hispanic or Latino,White,Male,45-54,95.0,Loan originated
1,315000.0,50%-60%,595000.0,93.0,1,Not Hispanic or Latino,White,Male,35-44,52.59,Loan originated
1,505000.0,44,625000.0,130.0,1,Not Hispanic or Latino,Asian,Male,25-34,80.0,Loan originated
1,675000.0,49,825000.0,147.0,1,Not Hispanic or Latino,Asian,Female,25-34,100.0,Loan originated
1,45000.0,49,65000.0,48.0,1,Not Hispanic or Latino,White,Male,25-34,73.07,Application denied
1,565000.0,48,705000.0,117.0,1,Not Hispanic or Latino,White,Male,25-34,80.0,Loan originated
1,555000.0,46,705000.0,134.0,1,Not Hispanic or Latino,Asian,Female,25-34,100.0,Loan originated
1,375000.0,40,385000.0,109.0,1,Hispanic or Latino,White,Male,<25,100.0,Loan originated
1,1045000.0,42,1305000.0,320.0,1,Not Hispanic or Latino,Asian,Male,<25,80.0,Loan originated
1,315000.0,44,385000.0,67.0,1,Not Hispanic or Latino,Asian,Male,45-54,80.0,Loan originated
1,625000.0,41,835000.0,238.0,1,Not Hispanic or Latino,White,Male,45-54,75.0,Loan originated
1,595000.0,47,695000.0,397.0,1,Not Hispanic or Latino,Native Hawaiian or Other Pacific Islander,Male,<25,85.0,Loan originated
1,825000.0,50%-60%,865000.0,165.0,1,Not Hispanic or Latino,Black or African American,Female,35-44,95.0,Application denied
1,635000.0,30%-<36%,795000.0,211.0,1,Not Hispanic or Latino,Asian,Male,25-34,80.0,Loan originated
1,465000.0,20%-<30%,775000.0,628.0,1,Not Hispanic or Latino,Asian,Female,<25,60.0,Loan originated
1,435000.0,36,575000.0,129.0,1,Not Hispanic or Latino,Asian,Male,25-34,76.0,Loan originated
1,325000.0,20%-<30%,405000.0,355.0,1,Not Hispanic or Latino,White,Male,65-74,80.0,Loan originated
1,585000.0,47,735000.0,198.0,1,Not Hispanic or Latino,White,Male,45-54,79.93,Loan originated
1,675000.0,41,755000.0,215.0,1,Not Hispanic or Latino,Asian,Female,45-54,89.0,Loan originated
1,155000.0,50%-60%,195000.0,43.0,1,Hispanic or Latino,American Indian or Alaska Native,Female,25-34,107.6923,Loan originated
1,75000.0,<20%,155000.0,94.0,1,Not Hispanic or Latino,White,Male,55-64,50.0,Loan originated
1,755000.0,45,1255000.0,219.0,1,Not Hispanic or Latino,Asian,Male,35-44,60.0,Loan originated
1,525000.0,<20%,665000.0,652.0,1,Not Hispanic or Latino,Asian,Male,35-44,80.0,Loan originated
1,375000.0,38,395000.0,134.0,1,Hispanic or Latino,White,Male,25-34,95.0,Loan originated
1,465000.0,40,565000.0,144.0,1,Not Hispanic or Latino,Asian,Male,25-34,103.0,Loan originated
1,445000.0,43,465000.0,126.0,1,Not Hispanic or Latino,White,Female,25-34,95.0,Loan originated
1,435000.0,49,755000.0,117.0,1,Not Hispanic or Latino,White,Female,45-54,56.95,Loan originated
1,355000.0,47,405000.0,77.0,1,Hispanic or Latino,White,Female,25-34,87.67,Loan originated
1,595000.0,49,745000.0,129.0,1,Hispanic or Latino,White,Male,25-34,100.0,Loan originated
1,735000.0,30%-<36%,975000.0,216.0,1,Not Hispanic or Latino,White,Female,55-64,75.0,Loan originated
1,545000.0,40,605000.0,188.0,1,Hispanic or Latino,White,Female,25-34,90.0,Loan originated
1,625000.0,45,725000.0,196.0,1,Not Hispanic or Latino,White,Male,35-44,86.2,Loan originated
1,275000.0,39,305000.0,81.0,1,Hispanic or Latino,White,Male,25-34,90.0,Loan originated
1,725000.0,30%-<36%,1325000.0,308.0,1,Not Hispanic or Latino,Asian,Male,45-54,54.55,Loan originated
1,485000.0,37,785000.0,124.0,1,Not Hispanic or Latino,Asian,Female,45-54,61.538,Loan originated
1,285000.0,49,445000.0,65.0,1,Hispanic or Latino,White,Male,45-54,62.921,Loan originated
1,255000.0,30%-<36%,455000.0,135.0,1,Not Hispanic or Latino,Black or African American,Male,35-44,55.556,Application denied
1,295000.0,40,395000.0,115.0,1,Not Hispanic or Latino,Asian,Male,65-74,75.0,Loan originated
1,815000.0,48,905000.0,167.0,1,Not Hispanic or Latino,White,Male,25-34,90.0,Loan originated
1,445000.0,42,555000.0,118.0,1,Not Hispanic or Latino,White,Male,25-34,80.0,Loan originated
1,255000.0,30%-<36%,315000.0,73.0,1,Hispanic or Latino,White,Male,25-34,80.0,Loan originated
1,605000.0,30%-<36%,755000.0,193.0,1,Not Hispanic or Latino,Asian,Female,35-44,80.0,Loan originated
1,345000.0,49,855000.0,170.0,1,Not Hispanic or Latino,White,Female,>74,40.941,Loan originated
1,415000.0,20%-<30%,465000.0,713.0,1,Not Hispanic or Latino,White,Male,25-34,90.0,Loan originated
1,585000.0,49,885000.0,273.0,1,Not Hispanic or Latino,Black or African American,Female,45-54,66.102,Loan originated
1,305000.0,30%-<36%,515000.0,469.0,1,Not Hispanic or Latino,White,Female,25-34,60.0,Loan originated
1,985000.0,50%-60%,1275000.0,171.0,1,Not Hispanic or Latino,Asian,Female,25-34,77.255,Loan originated
1,375000.0,30%-<36%,505000.0,146.0,1,Not Hispanic or Latino,White,Male,25-34,97.0,Loan originated
1,905000.0,48,1005000.0,228.0,1,Hispanic or Latino,White,Female,45-54,90.0,Loan originated
1,455000.0,30%-<36%,575000.0,175.0,1,Hispanic or Latino,White,Male,25-34,80.0,Loan originated
1,685000.0,30%-<36%,725000.0,290.0,1,Not Hispanic or Latino,White,Male,25-34,95.0,Loan originated
1,765000.0,30%-<36%,975000.0,260.0,1,Not Hispanic or Latino,Asian,Male,35-44,78.59,Application denied
1,265000.0,40,375000.0,73.0,1,Not Hispanic or Latino,White,Female,45-54,70.0,Loan originated
1,335000.0,43,355000.0,106.0,1,Hispanic or Latino,White,Male,55-64,95.0,Loan originated
1,1095000.0,45,1525000.0,248.0,1,Not Hispanic or Latino,2 or more minority races,Female,35-44,71.5,Loan originated
1,285000.0,46,785000.0,78.0,1,Not Hispanic or Latino,White,Female,65-74,35.897,Loan originated
1,825000.0,30%-<36%,1135000.0,343.0,1,Not Hispanic or Latino,White,Male,45-54,72.91,Loan originated
1,525000.0,49,555000.0,100.0,1,Hispanic or Latino,White,Male,35-44,95.0,Loan originated
1,485000.0,49,605000.0,103.0,1,Not Hispanic or Latino,Asian,Female,35-44,80.0,Loan originated
1,485000.0,49,545000.0,87.0,1,Hispanic or Latino,White,Female,25-34,90.0,Loan originated
1,495000.0,>60%,555000.0,65.0,1,Hispanic or Latino,White,Male,25-34,90.0,Application denied
1,565000.0,44,725000.0,118.0,1,Hispanic or Latino,White,Female,25-34,78.0,Loan originated
1,535000.0,48,665000.0,117.0,1,Not Hispanic or Latino,Asian,Female,55-64,80.0,Loan originated
1,625000.0,20%-<30%,935000.0,714.0,1,Not Hispanic or Latino,White,Male,45-54,66.845,Loan originated
1,805000.0,39,1305000.0,865.0,1,Hispanic or Latino,White,Male,65-74,61.538,Loan originated
1,655000.0,40,695000.0,164.0,1,Not Hispanic or Latino,Asian,Male,65-74,95.0,Application denied
1,315000.0,38,395000.0,80.0,1,Not Hispanic or Latino,White,Male,25-34,80.0,Loan originated
1,455000.0,20%-<30%,955000.0,260.0,1,Hispanic or Latino,White,Male,55-64,47.644,Loan originated
1,595000.0,49,625000.0,125.0,1,Not Hispanic or Latino,White,Male,45-54,95.0,Loan originated
1,5000.0,49,275000.0,73.0,1,Not Hispanic or Latino,White,Female,35-44,101.93,Loan originated
1,995000.0,39,1425000.0,326.0,1,Not Hispanic or Latino,Asian,Male,35-44,70.31,Loan originated
1,785000.0,36,1115000.0,392.0,1,Not Hispanic or Latino,White,Male,55-64,70.0,Application denied
1,585000.0,43,615000.0,301.0,1,Not Hispanic or Latino,Asian,Male,35-44,95.0,Loan originated
1,645000.0,43,885000.0,51.0,1,Not Hispanic or Latino,White,Male,45-54,72.56,Loan originated
1,835000.0,40,1045000.0,236.0,1,Not Hispanic or Latino,White,Male,35-44,80.0,Loan originated
1,745000.0,47,925000.0,162.0,1,Hispanic or Latino,White,Male,45-54,80.0,Loan originated
1,705000.0,44,1005000.0,159.0,1,Not Hispanic or Latino,Asian,Female,25-34,70.0,Loan originated
1,455000.0,30%-<36%,825000.0,167.0,1,Not Hispanic or Latino,White,Female,45-54,54.55,Application denied
1,985000.0,41,1235000.0,240.0,1,Not Hispanic or Latino,White,Male,25-34,80.0,Loan originated
1,765000.0,43,855000.0,219.0,1,Not Hispanic or Latino,White,Female,35-44,90.0,Loan originated
1,1005000.0,>60%,2205000.0,2.0,1,Not Hispanic or Latino,White,Male,55-64,45.455,Application denied
1,1085000.0,40,1555000.0,290.0,1,Not Hispanic or Latino,Asian,Male,45-54,70.0,Loan originated
1,505000.0,44,525000.0,169.0,1,Not Hispanic or Latino,White,Female,35-44,97.0,Loan originated
1,635000.0,30%-<36%,755000.0,326.0,1,Not Hispanic or Latino,White,Female,35-44,85.0,Loan originated
1,125000.0,37,155000.0,52.0,1,Hispanic or Latino,White,Female,45-54,80.0,Loan originated
1,125000.0,30%-<36%,295000.0,55.0,1,Not Hispanic or Latino,White,Male,55-64,40.134,Loan originated
1,455000.0,41,1195000.0,155.0,1,Not Hispanic or Latino,Asian,Male,25-34,40.72,Loan originated
1,525000.0,48,655000.0,131.0,1,Not Hispanic or Latino,White,Male,25-34,80.0,Loan originated
1,515000.0,20%-<30%,1295000.0,221.0,1,Not Hispanic or Latino,Asian,Male,35-44,39.23,Loan originated
1,675000.0,42,1425000.0,181.0,1,Not Hispanic or Latino,Asian,Male,25-34,47.34,Loan originated
1,655000.0,46,825000.0,261.0,1,Not Hispanic or Latino,Asian,Male,45-54,79.978,Loan originated
1,595000.0,41,745000.0,160.0,1,Not Hispanic or Latino,White,Female,25-34,80.0,Loan originated
1,1145000.0,48,1525000.0,271.0,1,Not Hispanic or Latino,Asian,Male,35-44,75.0,Loan originated
1,425000.0,30%-<36%,445000.0,118.0,1,Not Hispanic or Latino,Asian,Male,35-44,97.0,Loan originated
1,525000.0,<20%,665000.0,424.0,1,Not Hispanic or Latino,White,Male,45-54,80.0,Loan originated
1,665000.0,44,695000.0,255.0,1,Hispanic or Latino,White,Male,35-44,95.0,Loan originated
1,715000.0,38,755000.0,190.0,1,Not Hispanic or Latino,White,Male,25-34,94.667,Loan originated
1,845000.0,43,1205000.0,210.0,1,Hispanic or Latino,White,Male,55-64,70.0,Application denied
1,205000.0,20%-<30%,855000.0,230.0,1,Not Hispanic or Latino,White,Male,45-54,23.529,Loan originated
1,375000.0,38,635000.0,122.0,1,Not Hispanic or Latino,White,Male,55-64,59.06,Application denied
1,535000.0,41,585000.0,128.0,1,Not Hispanic or Latino,Black or African American,Female,25-34,91.453,Loan originated
1,685000.0,30%-<36%,725000.0,446.0,1,Hispanic or Latino,White,Male,25-34,95.0,Loan originated
1,695000.0,20%-<30%,865000.0,245.0,1,Not Hispanic or Latino,White,Female,35-44,80.0,Loan originated
1,425000.0,49,565000.0,82.0,1,Not Hispanic or Latino,Asian,Male,<25,75.0,Loan originated
1,305000.0,41,325000.0,84.0,1,Hispanic or Latino,White,Male,25-34,97.0,Loan originated
1,435000.0,39,465000.0,151.0,1,Hispanic or Latino,White,Female,45-54,95.0,Loan originated
1,235000.0,20%-<30%,295000.0,175.0,1,Not Hispanic or Latino,White,Male,25-34,80.0,Loan originated
1,355000.0,<20%,1675000.0,431.0,1,Not Hispanic or Latino,White,Female,65-74,20.846,Loan originated
1,225000.0,46,755000.0,103.0,1,Hispanic or Latino,White,Female,35-44,28.972,Loan originated
1,685000.0,20%-<30%,935000.0,299.0,1,Not Hispanic or Latino,Asian,Female,25-34,73.139,Loan originated
1,645000.0,46,815000.0,156.0,1,Not Hispanic or Latino,White,Female,25-34,80.0,Loan originated
1,295000.0,49,375000.0,54.0,1,Hispanic or Latino,White,Female,25-34,80.0,Loan originated
1,605000.0,45,825000.0,529.0,1,Not Hispanic or Latino,Asian,Male,<25,72.727,Loan originated
1,395000.0,46,485000.0,86.0,1,Not Hispanic or Latino,White,Female,35-44,80.0,Loan originated
1,385000.0,48,545000.0,93.0,1,Not Hispanic or Latino,White,Female,55-64,70.0,Loan originated
1,575000.0,44,615000.0,150.0,1,Hispanic or Latino,White,Male,55-64,95.0,Loan originated
1,245000.0,36,265000.0,83.0,1,Hispanic or Latino,White,Female,25-34,95.0,Loan originated
1,845000.0,37,945000.0,271.0,1,Hispanic or Latino,White,Male,45-54,90.0,Loan originated
1,405000.0,30%-<36%,515000.0,183.0,1,Not Hispanic or Latino,White,Female,35-44,78.43,Loan originated
1,355000.0,38,375000.0,105.0,1,Not Hispanic or Latino,White,Female,35-44,95.0,Loan originated
1,765000.0,39,1055000.0,200.0,1,Not Hispanic or Latino,Asian,Female,45-54,73.0,Loan originated
1,575000.0,43,825000.0,122.0,1,Not Hispanic or Latino,White,Male,35-44,69.1,Loan originated
1,535000.0,38,675000.0,136.0,1,Not Hispanic or Latino,White,Male,25-34,80.0,Loan originated
1,1055000.0,42,1315000.0,256.0,1,Not Hispanic or Latino,Asian,Male,35-44,80.0,Application denied
1,475000.0,44,485000.0,205.0,1,Not Hispanic or Latino,White,Male,25-34,97.0,Loan originated
1,705000.0,<20%,875000.0,726.0,1,Not Hispanic or Latino,White,Male,55-64,80.0,Loan originated
1,225000.0,41,275000.0,51.0,1,Not Hispanic or Latino,Black or African American,Female,55-64,105.0,Loan originated
1,195000.0,30%-<36%,795000.0,79.0,1,Not Hispanic or Latino,White,Female,55-64,24.906,Loan originated
1,355000.0,<20%,465000.0,428.0,1,Hispanic or Latino,American Indian or Alaska Native,Male,35-44,76.087,Application denied
1,635000.0,30%-<36%,915000.0,203.0,1,Not Hispanic or Latino,White,Male,45-54,70.0,Loan originated
1,805000.0,42,1455000.0,200.0,1,Not Hispanic or Latino,Asian,Male,25-34,55.172,Loan originated
1,65000.0,20%-<30%,75000.0,71.0,1,Not Hispanic or Latino,Asian,Male,45-54,80.0,Loan originated
1,575000.0,37,555000.0,180.0,1,Not Hispanic or Latino,Black or African American,Female,45-54,90.0,Application denied
1,655000.0,38,875000.0,250.0,1,Not Hispanic or Latino,Asian,Female,35-44,74.8,Loan originated
1,655000.0,30%-<36%,2015000.0,351.0,1,Not Hispanic or Latino,White,Male,25-34,33.0,Loan originated
1,925000.0,42,1155000.0,233.0,1,Not Hispanic or Latino,White,Male,25-34,80.0,Loan originated
1,325000.0,40,365000.0,81.0,1,Not Hispanic or Latino,White,Female,25-34,90.0,Loan originated
1,475000.0,48,505000.0,99.0,1,Hispanic or Latino,White,Male,35-44,95.0,Loan originated
1,355000.0,>60%,705000.0,53.0,1,Not Hispanic or Latino,Asian,Female,25-34,50.0,Application denied
1,255000.0,30%-<36%,435000.0,91.0,1,Not Hispanic or Latino,White,Female,45-54,57.471,Loan originated
1,295000.0,40,325000.0,70.0,1,Not Hispanic or Latino,White,Male,25-34,90.0,Loan originated
1,525000.0,47,575000.0,124.0,1,Hispanic or Latino,Asian,Male,35-44,89.999,Loan originated
1,995000.0,40,1285000.0,314.0,1,Not Hispanic or Latino,Asian,Female,45-54,78.125,Loan originated
1,585000.0,36,835000.0,213.0,1,Hispanic or Latino,White,Male,<25,70.0,Application denied
1,445000.0,48,485000.0,86.0,1,Hispanic or Latino,White,Male,35-44,91.667,Loan originated
1,355000.0,40,435000.0,132.0,1,Not Hispanic or Latino,White,Male,35-44,80.0,Loan originated
1,225000.0,30%-<36%,395000.0,78.0,1,Not Hispanic or Latino,White,Female,65-74,56.88,Loan originated
1,135000.0,45,255000.0,41.0,1,Not Hispanic or Latino,White,Female,65-74,53.38,Loan originated
1,755000.0,49,865000.0,164.0,1,Not Hispanic or Latino,Asian,Male,25-34,87.529,Loan originated
1,335000.0,20%-<30%,425000.0,111.0,1,Hispanic or Latino,White,Female,35-44,80.0,Loan originated
1,485000.0,48,505000.0,113.0,1,Not Hispanic or Latino,Asian,Female,25-34,100.0,Loan originated
1,185000.0,41,355000.0,71.0,1,Not Hispanic or Latino,White,Female,45-54,51.4,Loan originated
1,305000.0,42,385000.0,88.0,1,Hispanic or Latino,White,Female,35-44,80.0,Loan originated
1,765000.0,49,955000.0,213.0,1,Not Hispanic or Latino,Asian,Male,35-44,80.0,Loan originated
1,695000.0,36,815000.0,250.0,1,Hispanic or Latino,White,Female,45-54,85.0,Loan originated
1,795000.0,30%-<36%,995000.0,282.0,1,Not Hispanic or Latino,Asian,Female,45-54,80.0,Loan originated
1,655000.0,<20%,1005000.0,472.0,1,Not Hispanic or Latino,Asian,Male,35-44,65.0,Loan originated
1,925000.0,47,1205000.0,198.0,1,Not Hispanic or Latino,White,Female,45-54,76.667,Loan originated
1,625000.0,45,785000.0,133.0,1,Not Hispanic or Latino,White,Male,25-34,80.0,Loan originated
1,315000.0,30%-<36%,395000.0,87.0,1,Hispanic or Latino,White,Female,25-34,79.999,Loan originated
1,285000.0,38,925000.0,111.0,1,Not Hispanic or Latino,White,Female,45-54,30.84,Loan originated
1,355000.0,30%-<36%,655000.0,160.0,1,Not Hispanic or Latino,Asian,Female,45-54,53.846,Loan originated
1,495000.0,30%-<36%,515000.0,177.0,1,Not Hispanic or Latino,Native Hawaiian or Other Pacific Islander,Male,35-44,94.995,Loan originated
1,715000.0,30%-<36%,755000.0,239.0,1,Hispanic or Latino,White,Male,25-34,95.0,Loan originated
1,765000.0,43,855000.0,168.0,1,Not Hispanic or Latino,White,Male,35-44,90.0,Loan originated
1,255000.0,20%-<30%,385000.0,104.0,1,Hispanic or Latino,White,Male,35-44,66.408,Loan originated
1,605000.0,44,765000.0,144.0,1,Not Hispanic or Latino,White,Female,55-64,80.0,Loan originated
1,465000.0,50%-60%,515000.0,98.0,1,Not Hispanic or Latino,White,Male,55-64,95.0,Application denied
1,985000.0,49,1165000.0,230.0,1,Not Hispanic or Latino,Asian,Male,25-34,85.0,Loan originated
1,565000.0,38,705000.0,151.0,1,Not Hispanic or Latino,White,Female,25-34,80.0,Loan originated
1,675000.0,37,845000.0,213.0,1,Not Hispanic or Latino,White,Male,35-44,80.0,Loan originated
1,775000.0,36,1105000.0,324.0,1,Not Hispanic or Latino,Asian,Female,65-74,70.0,Loan originated
1,375000.0,50%-60%,1305000.0,118.0,1,Not Hispanic or Latino,White,Female,65-74,28.46,Loan originated
1,545000.0,48,745000.0,108.0,1,Not Hispanic or Latino,Asian,Male,35-44,73.298,Loan originated
1,715000.0,42,645000.0,513.0,1,Not Hispanic or Latino,Asian,Male,35-44,111.18,Application denied
1,285000.0,43,335000.0,80.0,1,Not Hispanic or Latino,Black or African American,Male,55-64,105.0,Loan originated
1,765000.0,41,955000.0,204.0,1,Not Hispanic or Latino,Asian,Male,35-44,80.0,Loan originated
1,455000.0,41,505000.0,165.0,1,Hispanic or Latino,American Indian or Alaska Native,Male,<25,90.0,Loan originated
1,715000.0,40,895000.0,178.0,1,Not Hispanic or Latino,White,Male,25-34,80.0,Loan originated
1,495000.0,40,615000.0,370.0,1,Not Hispanic or Latino,White,Male,45-54,80.0,Loan originated
1,275000.0,49,515000.0,70.0,1,Not Hispanic or Latino,White,Male,25-34,53.125,Loan originated
1,495000.0,20%-<30%,515000.0,186.0,1,Not Hispanic or Latino,Asian,Male,25-34,97.0,Loan originated
1,565000.0,44,755000.0,109.0,1,Not Hispanic or Latino,Black or African American,Male,25-34,95.0,Loan originated
1,555000.0,49,695000.0,174.0,1,Hispanic or Latino,White,Male,25-34,80.0,Loan originated
1,525000.0,44,645000.0,134.0,1,Not Hispanic or Latino,Black or African American,Male,25-34,102.0,Loan originated
1,475000.0,46,645000.0,155.0,1,Not Hispanic or Latino,Asian,Female,25-34,73.002,Loan originated
1,1115000.0,37,1855000.0,514.0,1,Not Hispanic or Latino,Asian,Male,45-54,60.0,Loan originated
1,475000.0,40,735000.0,155.0,1,Not Hispanic or Latino,Asian,Female,25-34,64.994,Loan originated
1,15000.0,48,515000.0,140.0,1,Hispanic or Latino,White,Male,55-64,100.0,Loan originated
1,415000.0,44,465000.0,218.0,1,Not Hispanic or Latino,Asian,Male,35-44,90.0,Loan originated
1,305000.0,43,405000.0,102.0,1,Not Hispanic or Latino,White,Female,45-54,75.0,Application denied
1,345000.0,44,345000.0,88.0,1,Hispanic or Latino,White,Female,45-54,100.0,Loan originated
1,445000.0,47,555000.0,92.0,1,Hispanic or Latino,White,Male,55-64,80.0,Loan originated
1,155000.0,36,155000.0,100.0,1,Not Hispanic or Latino,White,Female,55-64,95.0,Loan originated
1,595000.0,20%-<30%,785000.0,285.0,1,Not Hispanic or Latino,Asian,Female,<25,75.0,Loan originated
1,265000.0,42,725000.0,74.0,1,Not Hispanic or Latino,Asian,Male,25-34,79.983,Loan originated
1,255000.0,20%-<30%,325000.0,99.0,1,Not Hispanic or Latino,White,Male,45-54,80.0,Loan originated
1,605000.0,41,755000.0,150.0,1,Not Hispanic or Latino,White,Female,45-54,80.0,Loan originated
1,635000.0,47,665000.0,248.0,1,Not Hispanic or Latino,White,Female,35-44,95.0,Loan originated
1,235000.0,49,255000.0,44.0,1,Hispanic or Latino,White,Male,35-44,98.0,Loan originated
1,425000.0,20%-<30%,455000.0,145.0,1,Hispanic or Latino,Asian,Male,25-34,95.0,Loan originated
1,705000.0,40,945000.0,228.0,1,Hispanic or Latino,White,Female,35-44,75.0,Loan originated
1,1045000.0,38,1305000.0,297.0,1,Not Hispanic or Latino,White,Male,25-34,80.0,Loan originated
1,725000.0,40,1355000.0,189.0,1,Not Hispanic or Latino,White,Male,25-34,53.333,Application denied
1,615000.0,48,645000.0,140.0,1,Hispanic or Latino,White,Male,25-34,95.0,Loan originated
1,345000.0,20%-<30%,385000.0,324.0,1,Hispanic or Latino,White,Female,25-34,89.9,Loan originated
1,245000.0,30%-<36%,255000.0,79.0,1,Not Hispanic or Latino,White,Female,45-54,97.0,Loan originated
1,735000.0,46,765000.0,162.0,1,Hispanic or Latino,White,Female,25-34,97.0,Loan originated
1,155000.0,>60%,285000.0,20.0,1,Hispanic or Latino,White,Male,55-64,52.76,Application denied
1,445000.0,20%-<30%,475000.0,211.0,1,Hispanic or Latino,White,Male,35-44,95.0,Loan originated
1,295000.0,38,795000.0,108.0,1,Not Hispanic or Latino,White,Male,45-54,37.1,Loan originated
1,475000.0,49,535000.0,170.0,1,Not Hispanic or Latino,Asian,Female,35-44,102.685,Loan originated
1,355000.0,46,385000.0,77.0,1,Hispanic or Latino,White,Female,35-44,90.0,Loan originated
1,645000.0,30%-<36%,865000.0,211.0,1,Not Hispanic or Latino,Asian,Female,45-54,75.0,Loan originated
1,195000.0,44,665000.0,144.0,1,Not Hispanic or Latino,White,Male,55-64,30.0,Loan originated
1,855000.0,46,1355000.0,192.0,1,Not Hispanic or Latino,White,Male,35-44,62.963,Loan originated
1,305000.0,46,465000.0,74.0,1,Not Hispanic or Latino,Asian,Male,35-44,65.002,Loan originated
1,1145000.0,48,1655000.0,261.0,1,Not Hispanic or Latino,Asian,Female,35-44,69.364,Loan originated
1,225000.0,40,725000.0,71.0,1,Not Hispanic or Latino,White,Male,25-34,31.034,Loan originated
1,465000.0,49,615000.0,106.0,1,Not Hispanic or Latino,Asian,Male,35-44,75.0,Loan originated
1,905000.0,39,1135000.0,261.0,1,Not Hispanic or Latino,Asian,Female,35-44,80.0,Loan originated
1,755000.0,20%-<30%,1705000.0,334.0,1,Not Hispanic or Latino,White,Female,35-44,45.0,Loan originated
1,1405000.0,30%-<36%,2005000.0,425.0,1,Not Hispanic or Latino,White,Female,45-54,70.0,Loan originated
1,875000.0,47,1345000.0,198.0,1,Not Hispanic or Latino,Asian,Male,55-64,65.0,Loan originated
1,405000.0,47,455000.0,105.0,1,Not Hispanic or Latino,White,Female,35-44,90.0,Loan originated
1,305000.0,46,385000.0,75.0,1,Hispanic or Latino,White,Male,35-44,80.0,Loan originated
1,405000.0,42,555000.0,92.0,1,Not Hispanic or Latino,White,Male,35-44,72.973,Loan originated
1,615000.0,20%-<30%,675000.0,240.0,1,Not Hispanic or Latino,Asian,Male,35-44,90.0,Loan originated
1,555000.0,41,1335000.0,162.0,1,Not Hispanic or Latino,White,Male,>74,41.353,Loan originated
1,255000.0,>60%,1205000.0,120.0,1,Not Hispanic or Latino,White,Male,55-64,20.833,Application denied
1,505000.0,20%-<30%,1055000.0,216.0,1,Not Hispanic or Latino,Asian,Male,55-64,47.619,Loan originated
1,605000.0,30%-<36%,825000.0,312.0,1,Not Hispanic or Latino,White,Female,45-54,74.0,Loan originated
1,385000.0,47,475000.0,121.0,1,Not Hispanic or Latino,White,Male,25-34,80.0,Loan originated
1,435000.0,>60%,545000.0,124.0,1,Not Hispanic or Latino,White,Female,65-74,80.0,Application denied
1,755000.0,30%-<36%,1005000.0,206.0,1,Not Hispanic or Latino,White,Male,55-64,75.0,Loan originated
1,355000.0,49,515000.0,90.0,1,Not Hispanic or Latino,Asian,Male,25-34,70.0,Loan originated
1,385000.0,30%-<36%,475000.0,147.0,1,Not Hispanic or Latino,Asian,Male,35-44,79.991,Loan originated
1,305000.0,36,995000.0,150.0,1,Not Hispanic or Latino,White,Male,25-34,30.0,Loan originated
1,655000.0,47,895000.0,203.0,1,Not Hispanic or Latino,White,Female,45-54,73.034,Loan originated
1,1005000.0,42,1255000.0,397.0,1,Hispanic or Latino,White,Female,45-54,80.0,Loan originated
1,645000.0,47,755000.0,178.0,1,Hispanic or Latino,Asian,Male,55-64,85.0,Loan originated
1,575000.0,49,715000.0,123.0,1,Not Hispanic or Latino,White,Female,45-54,80.0,Loan originated
1,735000.0,38,975000.0,282.0,1,Not Hispanic or Latino,White,Female,55-64,75.0,Loan originated
1,425000.0,30%-<36%,725000.0,204.0,1,Not Hispanic or Latino,White,Male,>74,58.333,Loan originated
1,605000.0,49,625000.0,151.0,1,Not Hispanic or Latino,Native Hawaiian or Other Pacific Islander,Male,25-34,100.0,Loan originated
1,525000.0,>60%,555000.0,121.0,1,Not Hispanic or Latino,White,Female,25-34,95.0,Application denied
1,505000.0,42,955000.0,115.0,1,Not Hispanic or Latino,Asian,Male,25-34,52.632,Loan originated
1,1425000.0,50%-60%,1905000.0,269.0,1,Hispanic or Latino,White,Male,25-34,75.0,Loan originated
1,605000.0,49,645000.0,152.0,1,Not Hispanic or Latino,White,Male,25-34,95.0,Loan originated
1,755000.0,38,835000.0,340.0,1,Not Hispanic or Latino,White,Male,25-34,90.0,Loan originated
1,765000.0,36,855000.0,201.0,1,Not Hispanic or Latino,White,Male,25-34,90.18,Loan originated
1,605000.0,41,755000.0,151.0,1,Not Hispanic or Latino,White,Male,25-34,80.0,Loan originated
1,495000.0,45,545000.0,100.0,1,Not Hispanic or Latino,White,Male,45-54,90.0,Loan originated
1,265000.0,<20%,765000.0,225.0,1,Hispanic or Latino,White,Female,55-64,34.21,Loan originated
1,815000.0,20%-<30%,865000.0,384.0,1,Hispanic or Latino,Black or African American,Female,45-54,95.0,Loan originated
1,575000.0,39,615000.0,144.0,1,Hispanic or Latino,White,Male,25-34,95.0,Loan originated
1,445000.0,41,555000.0,230.0,1,Not Hispanic or Latino,White,Female,55-64,80.0,Loan originated
1,495000.0,47,755000.0,105.0,1,Not Hispanic or Latino,White,Male,35-44,65.246,Loan originated
1,265000.0,44,335000.0,76.0,1,Not Hispanic or Latino,White,Female,25-34,80.0,Loan originated
1,765000.0,46,985000.0,181.0,1,Not Hispanic or Latino,White,Male,35-44,77.817,Loan originated
1,445000.0,46,895000.0,97.0,1,Hispanic or Latino,American Indian or Alaska Native,Female,25-34,50.0,Loan originated
1,765000.0,45,955000.0,177.0,1,Not Hispanic or Latino,Asian,Male,25-34,80.0,Loan originated
1,515000.0,44,635000.0,228.0,1,Not Hispanic or Latino,Black or African American,Female,65-74,79.689,Loan originated
1,385000.0,47,435000.0,80.0,1,Hispanic or Latino,American Indian or Alaska Native,Female,45-54,89.99,Loan originated
1,215000.0,46,445000.0,78.0,1,Not Hispanic or Latino,White,Female,35-44,49.32,Loan originated
1,525000.0,48,705000.0,119.0,1,Not Hispanic or Latino,Asian,Male,35-44,75.0,Loan originated
1,255000.0,45,255000.0,108.0,1,Not Hispanic or Latino,Black or African American,Male,25-34,100.0,Loan originated
1,625000.0,49,785000.0,171.0,1,Not Hispanic or Latino,White,Male,35-44,80.0,Loan originated
1,265000.0,36,625000.0,124.0,1,Not Hispanic or Latino,White,Male,55-64,42.81,Loan originated
1,1085000.0,50%-60%,1205000.0,229.0,1,Hispanic or Latino,White,Male,35-44,90.0,Loan originated
1,385000.0,30%-<36%,405000.0,143.0,1,Not Hispanic or Latino,White,Female,45-54,94.789,Application denied
1,745000.0,43,925000.0,209.0,1,Not Hispanic or Latino,White,Male,<25,80.0,Application denied
1,305000.0,42,605000.0,414.0,1,Not Hispanic or Latino,White,Male,35-44,50.82,Loan originated
1,535000.0,44,865000.0,154.0,1,Not Hispanic or Latino,Asian,Female,55-64,61.0,Loan originated
1,985000.0,44,1265000.0,235.0,1,Not Hispanic or Latino,White,Female,35-44,77.62,Loan originated
1,735000.0,38,825000.0,180.0,1,Not Hispanic or Latino,Asian,Male,45-54,90.0,Loan originated
1,1145000.0,41,1305000.0,319.0,1,Hispanic or Latino,White,Male,35-44,89.0,Loan originated
1,515000.0,42,695000.0,119.0,1,Not Hispanic or Latino,White,Male,35-44,75.0,Loan originated
1,905000.0,20%-<30%,1015000.0,392.0,1,Not Hispanic or Latino,White,Male,25-34,90.0,Loan originated
1,225000.0,43,335000.0,63.0,1,Not Hispanic or Latino,Asian,Female,<25,65.0,Loan originated
1,365000.0,48,405000.0,180.0,1,Not Hispanic or Latino,Asian,Male,35-44,90.0,Loan originated
1,755000.0,50%-60%,795000.0,151.0,1,Hispanic or Latino,White,Male,45-54,95.0,Loan originated
1,355000.0,49,365000.0,71.0,1,Hispanic or Latino,White,Male,55-64,95.0,Loan originated
1,505000.0,30%-<36%,595000.0,177.0,1,Not Hispanic or Latino,White,Female,35-44,85.0,Loan originated
1,805000.0,49,855000.0,154.0,1,Not Hispanic or Latino,White,Male,45-54,95.0,Loan originated
1,1065000.0,30%-<36%,1335000.0,318.0,1,Not Hispanic or Latino,Asian,Female,45-54,79.99,Loan originated
1,275000.0,43,335000.0,76.0,1,Not Hispanic or Latino,White,Male,65-74,82.985,Loan originated
1,545000.0,30%-<36%,1005000.0,183.0,1,Hispanic or Latino,White,Male,55-64,95.0,Loan originated
1,415000.0,20%-<30%,485000.0,208.0,1,Hispanic or Latino,White,Female,65-74,86.05,Loan originated
1,455000.0,30%-<36%,475000.0,205.0,1,Not Hispanic or Latino,White,Female,35-44,95.0,Loan originated
1,535000.0,46,735000.0,121.0,1,Not Hispanic or Latino,Asian,Male,55-64,72.75,Loan originated
1,695000.0,43,735000.0,151.0,1,Hispanic or Latino,Asian,Male,35-44,95.0,Loan originated
1,995000.0,20%-<30%,1325000.0,400.0,1,Not Hispanic or Latino,Asian,Male,35-44,74.935,Application denied
1,495000.0,40,555000.0,126.0,1,Hispanic or Latino,White,Female,45-54,89.91,Loan originated
1,635000.0,43,845000.0,268.0,1,Not Hispanic or Latino,White,Female,45-54,75.0,Loan originated
1,845000.0,41,975000.0,210.0,1,Not Hispanic or Latino,White,Female,25-34,90.0,Loan originated
1,385000.0,49,665000.0,87.0,1,Not Hispanic or Latino,White,Female,55-64,57.763,Loan originated
1,485000.0,45,505000.0,136.0,1,Not Hispanic or Latino,Black or African American,Female,45-54,100.0,Loan originated
1,1145000.0,37,2245000.0,351.0,1,Not Hispanic or Latino,White,Male,35-44,50.893,Application denied
1,615000.0,47,775000.0,169.0,1,Not Hispanic or Latino,Asian,Female,35-44,80.0,Loan originated
1,305000.0,43,315000.0,82.0,1,Hispanic or Latino,White,Male,55-64,95.0,Loan originated
1,765000.0,20%-<30%,1205000.0,274.0,1,Not Hispanic or Latino,Asian,Male,25-34,64.0,Loan originated
1,205000.0,44,355000.0,97.0,1,Hispanic or Latino,White,Female,65-74,57.14,Application denied
1,545000.0,42,745000.0,215.0,1,Not Hispanic or Latino,Asian,Male,45-54,73.093,Loan originated
1,395000.0,36,485000.0,215.0,1,Hispanic or Latino,American Indian or Alaska Native,Male,65-74,80.0,Loan originated
1,185000.0,<20%,385000.0,217.0,1,Hispanic or Latino,White,Male,45-54,47.368,Loan originated
1,515000.0,40,795000.0,176.0,1,Not Hispanic or Latino,Asian,Male,35-44,64.602,Loan originated
1,595000.0,39,745000.0,207.0,1,Not Hispanic or Latino,Asian,Female,25-34,80.0,Loan originated
1,405000.0,49,525000.0,77.0,1,Not Hispanic or Latino,Asian,Male,35-44,76.923,Loan originated
1,405000.0,48,485000.0,89.0,1,Hispanic or Latino,White,Female,25-34,84.167,Loan originated
1,585000.0,47,1315000.0,126.0,1,Not Hispanic or Latino,White,Female,25-34,45.0,Loan originated
1,645000.0,36,665000.0,228.0,1,Not Hispanic or Latino,Asian,Male,25-34,97.0,Loan originated
1,505000.0,41,805000.0,120.0,1,Not Hispanic or Latino,White,Male,25-34,62.594,Loan originated
1,435000.0,45,545000.0,156.0,1,Hispanic or Latino,White,Female,25-34,80.0,Loan originated
1,525000.0,<20%,655000.0,405.0,1,Not Hispanic or Latino,Asian,Female,55-64,80.0,Loan originated
1,605000.0,44,675000.0,158.0,1,Not Hispanic or Latino,Asian,Male,35-44,90.0,Loan originated
1,655000.0,48,765000.0,221.0,1,Hispanic or Latino,White,Male,45-54,85.0,Loan originated
1,665000.0,30%-<36%,735000.0,181.0,1,Not Hispanic or Latino,Asian,Female,35-44,89.9,Loan originated
1,665000.0,49,735000.0,143.0,1,Not Hispanic or Latino,Asian,Male,35-44,89.932,Loan originated
1,335000.0,49,455000.0,79.0,1,Not Hispanic or Latino,Asian,Female,35-44,95.0,Loan originated
1,355000.0,20%-<30%,445000.0,179.0,1,Not Hispanic or Latino,White,Female,35-44,80.0,Loan originated
1,485000.0,30%-<36%,605000.0,180.0,1,Not Hispanic or Latino,Asian,Female,35-44,80.0,Loan originated
1,205000.0,41,705000.0,90.0,1,Not Hispanic or Latino,White,Male,45-54,29.0,Loan originated
1,765000.0,47,1015000.0,143.0,1,Not Hispanic or Latino,Asian,Male,35-44,75.0,Loan originated
1,765000.0,46,855000.0,151.0,1,Not Hispanic or Latino,Asian,Male,35-44,89.655,Loan originated
1,625000.0,44,655000.0,198.0,1,Not Hispanic or Latino,Asian,Male,25-34,95.0,Loan originated
1,355000.0,46,395000.0,121.0,1,Not Hispanic or Latino,Asian,Male,25-34,90.0,Loan originated
1,365000.0,42,385000.0,110.0,1,Hispanic or Latino,White,Female,45-54,99.0,Loan originated
1,395000.0,43,735000.0,108.0,1,Not Hispanic or Latino,Black or African American,Female,65-74,53.425,Loan originated
1,745000.0,49,805000.0,167.0,1,Not Hispanic or Latino,White,Male,35-44,92.813,Loan originated
1,275000.0,47,375000.0,72.0,1,Not Hispanic or Latino,White,Female,>74,73.333,Loan originated
1,255000.0,>60%,325000.0,101.0,1,Not Hispanic or Latino,Asian,Female,45-54,80.0,Application denied
1,745000.0,46,935000.0,152.0,1,Not Hispanic or Latino,White,Female,35-44,79.996,Loan originated
1,795000.0,43,995000.0,180.0,1,Not Hispanic or Latino,White,Male,45-54,80.0,Loan originated
1,465000.0,46,665000.0,97.0,1,Not Hispanic or Latino,White,Female,65-74,69.7,Loan originated
1,715000.0,41,795000.0,253.0,1,Hispanic or Latino,White,Female,65-74,90.0,Loan originated
1,545000.0,48,685000.0,232.0,1,Not Hispanic or Latino,Asian,Male,55-64,80.0,Loan originated
1,805000.0,36,1065000.0,202.0,1,Not Hispanic or Latino,White,Male,25-34,76.0,Loan originated
1,405000.0,49,505000.0,76.0,1,Not Hispanic or Latino,White,Male,<25,80.0,Loan originated
1,495000.0,38,765000.0,145.0,1,Not Hispanic or Latino,Asian,Male,25-34,65.0,Loan originated
1,515000.0,41,645000.0,116.0,1,Not Hispanic or Latino,White,Male,45-54,80.0,Loan originated
1,385000.0,37,405000.0,94.0,1,Hispanic or Latino,White,Male,35-44,94.999,Loan originated
1,225000.0,40,275000.0,95.0,1,Not Hispanic or Latino,White,Male,35-44,80.0,Application denied
1,645000.0,44,855000.0,155.0,1,Not Hispanic or Latino,Asian,Female,25-34,75.0,Loan originated
1,455000.0,40,475000.0,145.0,1,Hispanic or Latino,White,Male,35-44,95.0,Loan originated
1,415000.0,50%-60%,445000.0,83.0,1,Not Hispanic or Latino,Asian,Female,25-34,94.318,Application denied
1,475000.0,38,595000.0,117.0,1,Not Hispanic or Latino,Asian,Female,35-44,80.0,Loan originated
1,345000.0,20%-<30%,405000.0,824.0,1,Not Hispanic or Latino,White,Male,45-54,85.0,Application denied
1,655000.0,43,975000.0,183.0,1,Not Hispanic or Latino,Black or African American,Male,>74,66.795,Application denied
1,425000.0,46,455000.0,83.0,1,Not Hispanic or Latino,White,Female,35-44,95.0,Loan originated
1,495000.0,46,615000.0,113.0,1,Not Hispanic or Latino,White,Male,35-44,80.0,Loan originated
1,345000.0,30%-<36%,425000.0,130.0,1,Not Hispanic or Latino,White,Male,65-74,80.0,Loan originated
1,1145000.0,47,1285000.0,292.0,1,Not Hispanic or Latino,Black or African American,Female,35-44,89.481,Loan originated
1,635000.0,20%-<30%,745000.0,227.0,1,Not Hispanic or Latino,Asian,Male,25-34,85.0,Loan originated
1,925000.0,38,1165000.0,366.0,1,Not Hispanic or Latino,White,Female,55-64,79.83,Loan originated
1,305000.0,46,455000.0,81.0,1,Hispanic or Latino,White,Female,35-44,66.667,Loan originated
1,1025000.0,44,1205000.0,283.0,1,Not Hispanic or Latino,White,Male,25-34,85.0,Loan originated
1,775000.0,43,995000.0,186.0,1,Not Hispanic or Latino,White,Female,35-44,80.0,Loan originated
1,255000.0,20%-<30%,1175000.0,206.0,1,Not Hispanic or Latino,Asian,Male,25-34,21.28,Loan originated
1,1095000.0,30%-<36%,1155000.0,428.0,1,Not Hispanic or Latino,White,Male,35-44,95.0,Loan originated
1,175000.0,44,255000.0,48.0,1,Hispanic or Latino,White,Male,55-64,70.0,Loan originated
1,515000.0,36,645000.0,153.0,1,Not Hispanic or Latino,Asian,Female,35-44,80.0,Loan originated
1,335000.0,37,355000.0,115.0,1,Hispanic or Latino,White,Male,45-54,95.0,Loan originated
1,765000.0,43,845000.0,165.0,1,Not Hispanic or Latino,Asian,Male,25-34,90.0,Loan originated
1,385000.0,48,425000.0,88.0,1,Hispanic or Latino,White,Female,45-54,89.5,Loan originated
1,745000.0,49,945000.0,219.0,1,Not Hispanic or Latino,Black or African American,Male,25-34,79.0,Loan originated
1,635000.0,37,805000.0,216.0,1,Hispanic or Latino,White,Male,25-34,80.0,Loan originated
1,1095000.0,44,1595000.0,300.0,1,Not Hispanic or Latino,White,Male,45-54,68.711,Loan originated
1,295000.0,20%-<30%,325000.0,160.0,1,Not Hispanic or Latino,White,Male,35-44,90.0,Loan originated
1,325000.0,39,345000.0,135.0,1,Not Hispanic or Latino,White,Female,35-44,95.0,Loan originated
1,265000.0,41,315000.0,83.0,1,Not Hispanic or Latino,Asian,Male,25-34,85.623,Application denied
1,405000.0,42,765000.0,116.0,1,Not Hispanic or Latino,Asian,Male,25-34,52.632,Loan originated
1,375000.0,30%-<36%,735000.0,142.0,1,Not Hispanic or Latino,White,Female,25-34,50.17,Loan originated
1,635000.0,38,795000.0,165.0,1,Not Hispanic or Latino,White,Female,25-34,80.0,Loan originated
1,325000.0,30%-<36%,595000.0,173.0,1,Not Hispanic or Latino,White,Male,35-44,55.085,Loan originated
1,285000.0,41,1075000.0,144.0,1,Hispanic or Latino,White,Female,45-54,26.125,Loan originated
1,705000.0,44,785000.0,190.0,1,Hispanic or Latino,White,Female,25-34,90.44,Loan originated
1,625000.0,48,895000.0,175.0,1,Hispanic or Latino,White,Female,45-54,70.0,Loan originated
1,915000.0,41,1305000.0,225.0,1,Not Hispanic or Latino,Asian,Male,25-34,70.0,Loan originated
1,415000.0,<20%,765000.0,250.0,1,Not Hispanic or Latino,Asian,Male,25-34,54.605,Loan originated
1,1085000.0,30%-<36%,1355000.0,315.0,1,Hispanic or Latino,White,Male,35-44,80.0,Loan originated
1,355000.0,42,415000.0,87.0,1,Hispanic or Latino,White,Female,25-34,85.0,Loan originated
1,325000.0,36,345000.0,307.0,1,Hispanic or Latino,White,Male,<25,95.0,Loan originated
1,435000.0,49,665000.0,91.0,1,Not Hispanic or Latino,White,Female,45-54,64.812,Loan originated
1,255000.0,41,265000.0,90.0,1,Not Hispanic or Latino,White,Female,35-44,97.0,Loan originated
1,445000.0,49,465000.0,172.0,1,Not Hispanic or Latino,White,Male,25-34,95.0,Loan originated
1,245000.0,45,345000.0,85.0,1,Hispanic or Latino,White,Male,25-34,100.294,Loan originated
1,155000.0,41,215000.0,41.0,1,Not Hispanic or Latino,Asian,Female,35-44,75.0,Loan originated
1,535000.0,41,665000.0,149.0,1,Not Hispanic or Latino,Asian,Female,25-34,80.0,Loan originated
1,595000.0,43,895000.0,276.0,1,Not Hispanic or Latino,Black or African American,Female,45-54,66.49,Loan originated
1,465000.0,47,695000.0,105.0,1,Not Hispanic or Latino,Asian,Male,35-44,67.826,Loan originated
1,695000.0,43,735000.0,180.0,1,Hispanic or Latino,White,Male,25-34,94.97,Loan originated
1,625000.0,<20%,1255000.0,985.0,1,Not Hispanic or Latino,White,Male,45-54,50.0,Loan originated
1,285000.0,37,385000.0,85.0,1,Not Hispanic or Latino,White,Male,25-34,75.0,Loan originated
1,675000.0,20%-<30%,755000.0,349.0,1,Not Hispanic or Latino,Asian,Female,25-34,89.99,Loan originated
1,305000.0,30%-<36%,545000.0,105.0,1,Not Hispanic or Latino,Asian,Female,25-34,55.56,Loan originated
1,395000.0,44,495000.0,129.0,1,Not Hispanic or Latino,Black or African American,Male,45-54,100.0,Loan originated
1,305000.0,49,365000.0,57.0,1,Hispanic or Latino,White,Male,35-44,105.0,Loan originated
1,415000.0,42,425000.0,133.0,1,Hispanic or Latino,White,Male,25-34,97.0,Loan originated
1,255000.0,47,555000.0,66.0,1,Not Hispanic or Latino,White,Female,>74,46.14,Loan originated
1,425000.0,38,825000.0,147.0,1,Not Hispanic or Latino,White,Male,65-74,51.515,Loan originated
1,525000.0,30%-<36%,545000.0,207.0,1,Hispanic or Latino,American Indian or Alaska Native,Male,25-34,97.0,Loan originated
1,405000.0,45,415000.0,112.0,1,Not Hispanic or Latino,Black or African American,Female,25-34,97.0,Loan originated
1,415000.0,38,555000.0,162.0,1,Not Hispanic or Latino,Asian,Female,<25,75.0,Loan originated
1,205000.0,<20%,565000.0,150.0,1,Not Hispanic or Latino,White,Female,35-44,35.714,Loan originated
1,285000.0,46,545000.0,84.0,1,Not Hispanic or Latino,White,Male,35-44,52.57,Loan originated
1,245000.0,20%-<30%,275000.0,105.0,1,Not Hispanic or Latino,White,Female,45-54,90.0,Loan originated
1,305000.0,47,375000.0,73.0,1,Hispanic or Latino,White,Male,<25,80.0,Loan originated
1,995000.0,44,1105000.0,290.0,1,Not Hispanic or Latino,White,Male,35-44,90.0,Loan originated
1,155000.0,38,865000.0,139.0,1,Not Hispanic or Latino,Asian,Female,45-54,95.0,Loan originated
1,445000.0,46,465000.0,123.0,1,Not Hispanic or Latino,White,Male,45-54,95.0,Loan originated
1,455000.0,38,565000.0,114.0,1,Hispanic or Latino,American Indian or Alaska Native,Female,25-34,80.0,Loan originated
1,725000.0,45,765000.0,219.0,1,Not Hispanic or Latino,Black or African American,Female,35-44,95.0,Loan originated
1,355000.0,30%-<36%,1335000.0,137.0,1,Not Hispanic or Latino,Asian,Male,25-34,26.85,Loan originated
1,1005000.0,20%-<30%,1335000.0,450.0,1,Not Hispanic or Latino,White,Female,35-44,75.0,Loan originated
1,455000.0,48,575000.0,97.0,1,Not Hispanic or Latino,Asian,Female,35-44,80.0,Loan originated
1,405000.0,38,425000.0,166.0,1,Hispanic or Latino,White,Female,35-44,95.0,Loan originated
1,315000.0,39,325000.0,90.0,1,Hispanic or Latino,White,Male,45-54,97.0,Loan originated
1,655000.0,36,1645000.0,216.0,1,Hispanic or Latino,White,Female,25-34,39.634,Loan originated
1,655000.0,<20%,775000.0,413.0,1,Not Hispanic or Latino,White,Male,35-44,85.0,Loan originated
1,545000.0,48,745000.0,116.0,1,Not Hispanic or Latino,Asian,Female,25-34,73.333,Loan originated
1,425000.0,44,505000.0,85.0,1,Not Hispanic or Latino,White,Male,25-34,85.0,Loan originated
1,995000.0,20%-<30%,1105000.0,506.0,1,Not Hispanic or Latino,White,Male,45-54,90.0,Loan originated
1,505000.0,37,955000.0,155.0,1,Not Hispanic or Latino,Asian,Male,35-44,53.0,Loan originated
1,925000.0,30%-<36%,1235000.0,376.0,1,Not Hispanic or Latino,American Indian or Alaska Native,Male,35-44,75.0,Loan originated
1,405000.0,49,645000.0,95.0,1,Not Hispanic or Latino,White,Female,55-64,63.0,Loan originated
1,425000.0,>60%,1305000.0,32.0,1,Hispanic or Latino,White,Female,65-74,32.692,Application denied
1,735000.0,<20%,815000.0,476.0,1,Hispanic or Latino,White,Male,45-54,90.0,Loan originated
1,615000.0,41,655000.0,244.0,1,Not Hispanic or Latino,White,Female,35-44,95.0,Loan originated
1,755000.0,30%-<36%,1005000.0,414.0,1,Not Hispanic or Latino,White,Female,55-64,75.0,Loan originated
1,365000.0,48,405000.0,82.0,1,Hispanic or Latino,White,Female,25-34,90.0,Loan originated
1,575000.0,47,765000.0,166.0,1,Hispanic or Latino,Asian,Male,25-34,74.983,Loan originated
1,295000.0,38,695000.0,86.0,1,Not Hispanic or Latino,White,Male,35-44,42.03,Loan originated
1,385000.0,49,465000.0,87.0,1,Not Hispanic or Latino,Black or African American,Female,55-64,84.36,Loan originated
1,665000.0,>60%,1285000.0,219.0,1,Not Hispanic or Latino,Asian,Female,25-34,52.71,Loan originated
1,315000.0,30%-<36%,335000.0,155.0,1,Not Hispanic or Latino,White,Female,45-54,95.0,Loan originated
1,195000.0,44,245000.0,146.0,1,Not Hispanic or Latino,White,Male,55-64,79.68,Loan originated
1,535000.0,48,675000.0,114.0,1,Not Hispanic or Latino,White,Male,25-34,80.0,Loan originated
1,365000.0,46,385000.0,144.0,1,Hispanic or Latino,White,Male,25-34,95.0,Loan originated
1,215000.0,20%-<30%,265000.0,247.0,1,Not Hispanic or Latino,White,Male,55-64,80.0,Loan originated
1,35000.0,20%-<30%,175000.0,62.0,1,Not Hispanic or Latino,White,Female,>74,19.46,Loan originated
1,305000.0,30%-<36%,385000.0,113.0,1,Hispanic or Latino,White,Male,45-54,80.0,Loan originated
1,165000.0,30%-<36%,175000.0,94.0,1,Not Hispanic or Latino,White,Male,25-34,97.0,Loan originated
1,505000.0,40,565000.0,183.0,1,Not Hispanic or Latino,Black or African American,Male,35-44,90.0,Application denied
1,75000.0,47,315000.0,35.0,1,Not Hispanic or Latino,White,Female,65-74,23.492,Loan originated
1,645000.0,48,685000.0,153.0,1,Hispanic or Latino,White,Male,25-34,95.0,Loan originated
1,715000.0,30%-<36%,895000.0,213.0,1,Not Hispanic or Latino,White,Male,25-34,79.901,Loan originated
1,755000.0,<20%,955000.0,477.0,1,Not Hispanic or Latino,White,Male,55-64,78.947,Loan originated
1,405000.0,49,775000.0,91.0,1,Not Hispanic or Latino,White,Male,35-44,51.613,Loan originated
1,635000.0,48,885000.0,155.0,1,Not Hispanic or Latino,Black or African American,Female,35-44,71.751,Loan originated
1,665000.0,49,835000.0,138.0,1,Hispanic or Latino,White,Male,35-44,80.0,Loan originated
1,455000.0,43,655000.0,260.0,1,Not Hispanic or Latino,Asian,Male,35-44,69.517,Loan originated
1,655000.0,20%-<30%,775000.0,226.0,1,Not Hispanic or Latino,Asian,Male,25-34,85.0,Loan originated
1,1145000.0,49,1525000.0,239.0,1,Hispanic or Latino,White,Female,25-34,75.0,Loan originated
1,225000.0,30%-<36%,825000.0,99.0,1,Not Hispanic or Latino,White,Male,35-44,27.273,Loan originated
1,305000.0,20%-<30%,385000.0,125.0,1,Not Hispanic or Latino,White,Male,35-44,80.0,Loan originated
1,675000.0,49,755000.0,161.0,1,Not Hispanic or Latino,White,Male,25-34,89.933,Loan originated
1,405000.0,39,705000.0,114.0,1,Not Hispanic or Latino,Asian,Female,25-34,57.652,Loan originated
1,525000.0,20%-<30%,705000.0,204.0,1,Not Hispanic or Latino,Black or African American,Female,35-44,75.0,Loan originated
1,655000.0,39,695000.0,257.0,1,Not Hispanic or Latino,White,Male,45-54,95.0,Loan originated
1,115000.0,36,485000.0,86.0,1,Not Hispanic or Latino,White,Male,45-54,23.68,Loan originated
1,765000.0,45,1305000.0,290.0,1,Not Hispanic or Latino,White,Female,35-44,80.0,Loan originated
1,545000.0,49,645000.0,141.0,1,Not Hispanic or Latino,Asian,Female,45-54,85.0,Loan originated
1,715000.0,46,745000.0,241.0,1,Hispanic or Latino,White,Female,55-64,95.0,Loan originated
1,155000.0,49,195000.0,50.0,1,Not Hispanic or Latino,Black or African American,Male,35-44,80.0,Loan originated
1,465000.0,41,515000.0,148.0,1,Hispanic or Latino,American Indian or Alaska Native,Male,35-44,89.982,Loan originated
1,475000.0,49,635000.0,170.0,1,Hispanic or Latino,White,Male,35-44,75.0,Loan originated
1,565000.0,49,705000.0,66.0,1,Not Hispanic or Latino,White,Female,25-34,80.0,Loan originated
1,1125000.0,46,1405000.0,257.0,1,Not Hispanic or Latino,White,Male,45-54,80.0,Loan originated
1,405000.0,47,455000.0,100.0,1,Not Hispanic or Latino,Asian,Female,25-34,90.0,Loan originated
1,655000.0,38,695000.0,177.0,1,Hispanic or Latino,White,Female,45-54,95.0,Loan originated
1,105000.0,44,335000.0,44.0,1,Not Hispanic or Latino,White,Male,<25,102.32,Loan originated
1,765000.0,42,785000.0,220.0,1,Hispanic or Latino,White,Female,25-34,97.0,Loan originated
1,505000.0,>60%,645000.0,138.0,1,Not Hispanic or Latino,White,Female,>74,80.0,Loan originated
1,685000.0,39,745000.0,175.0,1,Not Hispanic or Latino,White,Female,25-34,92.162,Loan originated
1,465000.0,38,585000.0,126.0,1,Hispanic or Latino,White,Male,35-44,80.0,Loan originated
1,845000.0,49,935000.0,354.0,1,Not Hispanic or Latino,White,Male,65-74,89.84,Loan originated
1,225000.0,47,285000.0,54.0,1,Not Hispanic or Latino,Black or African American,Female,25-34,100.0,Loan originated
1,765000.0,49,1065000.0,180.0,1,Not Hispanic or Latino,White,Female,65-74,71.69,Loan originated
1,395000.0,30%-<36%,435000.0,310.0,1,Hispanic or Latino,White,Male,>74,90.0,Loan originated
1,685000.0,<20%,855000.0,3302.0,1,Not Hispanic or Latino,White,Male,45-54,80.0,Loan originated
1,305000.0,40,845000.0,101.0,1,Not Hispanic or Latino,White,Female,65-74,36.213,Loan originated
1,625000.0,41,755000.0,170.0,1,Not Hispanic or Latino,Asian,Male,35-44,83.118,Loan originated
1,425000.0,44,435000.0,95.0,1,Hispanic or Latino,White,Female,45-54,50.325,Loan originated
1,1055000.0,39,1695000.0,286.0,1,Not Hispanic or Latino,Asian,Male,45-54,62.0,Loan originated
1,345000.0,20%-<30%,435000.0,105.0,1,Not Hispanic or Latino,White,Female,45-54,80.0,Loan originated
1,535000.0,47,545000.0,163.0,1,Not Hispanic or Latino,Black or African American,Male,25-34,97.0,Loan originated
1,335000.0,40,485000.0,122.0,1,Not Hispanic or Latino,Black or African American,Female,55-64,70.0,Application denied
1,95000.0,20%-<30%,355000.0,136.0,1,Not Hispanic or Latino,White,Female,55-64,26.0,Loan originated
1,65000.0,20%-<30%,125000.0,32.0,1,Hispanic or Latino,White,Male,25-34,48.4,Loan originated
1,215000.0,37,435000.0,57.0,1,Not Hispanic or Latino,White,Female,55-64,48.504,Loan originated
1,275000.0,47,535000.0,88.0,1,Not Hispanic or Latino,Black or African American,Male,>74,50.47,Loan originated
1,655000.0,42,715000.0,160.0,1,Not Hispanic or Latino,White,Male,35-44,92.817,Loan originated
1,445000.0,20%-<30%,555000.0,183.0,1,Hispanic or Latino,Asian,Male,25-34,80.0,Loan originated
1,1145000.0,30%-<36%,1595000.0,305.0,1,Not Hispanic or Latino,White,Female,25-34,71.857,Loan originated
1,755000.0,43,1035000.0,208.0,1,Not Hispanic or Latino,White,Female,35-44,72.7,Loan originated
1,635000.0,39,845000.0,165.0,1,Not Hispanic or Latino,White,Male,25-34,75.0,Loan originated
1,565000.0,49,745000.0,214.0,1,Hispanic or Latino,White,Male,45-54,75.0,Loan originated
1,135000.0,45,165000.0,45.0,1,Hispanic or Latino,White,Female,55-64,80.0,Loan originated
1,225000.0,42,275000.0,56.0,1,Hispanic or Latino,White,Male,25-34,85.0,Application denied
1,345000.0,46,1045000.0,111.0,1,Not Hispanic or Latino,Black or African American,Male,45-54,33.205,Loan originated
1,225000.0,<20%,505000.0,107.0,1,Not Hispanic or Latino,White,Female,35-44,45.0,Loan originated
1,655000.0,48,1025000.0,124.0,1,Not Hispanic or Latino,Asian,Female,45-54,64.0,Loan originated
1,615000.0,20%-<30%,1025000.0,180.0,1,Not Hispanic or Latino,Asian,Female,25-34,60.0,Loan originated
1,1015000.0,43,1455000.0,230.0,1,Not Hispanic or Latino,Asian,Female,35-44,70.0,Loan originated
1,705000.0,30%-<36%,1005000.0,210.0,1,Not Hispanic or Latino,White,Male,25-34,70.0,Loan originated
1,665000.0,46,685000.0,190.0,1,Not Hispanic or Latino,White,Female,45-54,97.01,Application denied
1,755000.0,50%-60%,1305000.0,187.0,1,Not Hispanic or Latino,White,Female,>74,57.69,Application denied
1,565000.0,30%-<36%,805000.0,186.0,1,Not Hispanic or Latino,Asian,Female,35-44,70.0,Loan originated
1,755000.0,37,1005000.0,240.0,1,Not Hispanic or Latino,Asian,Female,35-44,75.0,Loan originated
1,765000.0,39,885000.0,432.0,1,Hispanic or Latino,White,Male,25-34,86.97,Loan originated
1,705000.0,40,885000.0,219.0,1,Hispanic or Latino,White,Male,55-64,80.0,Loan originated
1,315000.0,40,375000.0,150.0,1,Not Hispanic or Latino,White,Male,55-64,85.0,Loan originated
1,1005000.0,45,1425000.0,404.0,1,Hispanic or Latino,White,Male,45-54,69.963,Loan originated
1,995000.0,40,1045000.0,250.0,1,Not Hispanic or Latino,White,Male,35-44,95.0,Loan originated
1,105000.0,48,195000.0,105.0,1,Not Hispanic or Latino,White,Male,>74,57.42,Loan originated
1,155000.0,<20%,745000.0,218.0,1,Hispanic or Latino,White,Male,55-64,20.399,Loan originated
1,255000.0,45,455000.0,213.0,1,Not Hispanic or Latino,White,Male,55-64,56.508,Application denied
1,325000.0,48,405000.0,68.0,1,Hispanic or Latino,White,Male,35-44,80.0,Loan originated
1,425000.0,44,455000.0,130.0,1,Hispanic or Latino,White,Female,35-44,95.0,Loan originated
1,955000.0,39,1125000.0,272.0,1,Not Hispanic or Latino,Asian,Male,25-34,85.0,Loan originated
1,405000.0,45,505000.0,97.0,1,Hispanic or Latino,White,Female,55-64,80.0,Loan originated
1,615000.0,45,655000.0,140.0,1,Not Hispanic or Latino,Black or African American,Male,55-64,95.0,Loan originated
1,245000.0,44,315000.0,164.0,1,Not Hispanic or Latino,Asian,Male,55-64,100.0,Loan originated
1,365000.0,41,565000.0,123.0,1,Not Hispanic or Latino,White,Female,45-54,64.48,Loan originated
1,345000.0,46,645000.0,89.0,1,Hispanic or Latino,American Indian or Alaska Native,Female,25-34,53.268,Loan originated
1,765000.0,36,865000.0,236.0,1,Not Hispanic or Latino,Asian,Female,25-34,88.372,Loan originated
1,425000.0,37,475000.0,122.0,1,Hispanic or Latino,White,Female,25-34,90.0,Loan originated
1,525000.0,48,685000.0,204.0,1,Not Hispanic or Latino,Asian,Female,55-64,77.794,Loan originated
1,515000.0,43,545000.0,115.0,1,Not Hispanic or Latino,White,Male,25-34,95.0,Loan originated
1,805000.0,47,1105000.0,208.0,1,Not Hispanic or Latino,White,Female,55-64,72.727,Loan originated
1,665000.0,43,835000.0,157.0,1,Not Hispanic or Latino,White,Female,65-74,80.0,Loan originated
1,505000.0,30%-<36%,925000.0,246.0,1,Not Hispanic or Latino,White,Male,55-64,54.054,Loan originated
1,825000.0,46,875000.0,277.0,1,Not Hispanic or Latino,White,Female,25-34,95.0,Loan originated
1,485000.0,36,605000.0,141.0,1,Hispanic or Latino,White,Male,45-54,80.0,Loan originated
1,405000.0,47,505000.0,87.0,1,Hispanic or Latino,White,Female,55-64,80.0,Loan originated
1,455000.0,46,565000.0,102.0,1,Not Hispanic or Latino,White,Female,25-34,80.0,Loan originated
1,165000.0,50%-60%,175000.0,54.0,1,Hispanic or Latino,White,Male,35-44,95.0,Application denied
1,25000.0,36,635000.0,166.0,1,Not Hispanic or Latino,Asian,Male,25-34,100.0,Loan originated
1,605000.0,43,755000.0,150.0,1,Not Hispanic or Latino,Asian,Male,65-74,80.0,Loan originated
1,565000.0,30%-<36%,585000.0,240.0,1,Hispanic or Latino,Black or African American,Female,35-44,97.0,Loan originated
1,745000.0,37,955000.0,220.0,1,Not Hispanic or Latino,Asian,Male,25-34,80.0,Loan originated
1,115000.0,30%-<36%,515000.0,56.0,1,Not Hispanic or Latino,White,Male,25-34,21.57,Loan originated
1,225000.0,39,655000.0,70.0,1,Not Hispanic or Latino,Asian,Male,25-34,35.0,Loan originated
1,1085000.0,39,1355000.0,266.0,1,Not Hispanic or Latino,Asian,Female,25-34,80.0,Loan originated
1,575000.0,30%-<36%,975000.0,222.0,1,Not Hispanic or Latino,White,Male,25-34,60.0,Loan originated
1,175000.0,20%-<30%,665000.0,138.0,1,Hispanic or Latino,White,Female,55-64,25.758,Loan originated
1,805000.0,30%-<36%,1255000.0,321.0,1,Not Hispanic or Latino,White,Male,35-44,64.0,Loan originated
1,695000.0,50%-60%,805000.0,138.0,1,Hispanic or Latino,White,Male,35-44,86.5,Loan originated
1,515000.0,40,545000.0,224.0,1,Not Hispanic or Latino,White,Female,>74,95.0,Loan originated
1,1145000.0,46,1565000.0,689.0,1,Not Hispanic or Latino,White,Male,55-64,73.28,Loan originated
1,545000.0,49,995000.0,138.0,1,Not Hispanic or Latino,Asian,Male,45-54,54.054,Loan originated
1,255000.0,20%-<30%,395000.0,100.0,1,Hispanic or Latino,White,Male,35-44,64.103,Loan originated
1,645000.0,44,805000.0,232.0,1,Not Hispanic or Latino,Asian,Male,45-54,80.0,Loan originated
1,705000.0,39,885000.0,172.0,1,Not Hispanic or Latino,White,Male,45-54,80.0,Loan originated
1,575000.0,38,725000.0,165.0,1,Not Hispanic or Latino,Asian,Male,25-34,80.0,Loan originated
1,275000.0,<20%,995000.0,240.0,1,Not Hispanic or Latino,Asian,Male,45-54,27.273,Loan originated
1,685000.0,41,975000.0,187.0,1,Not Hispanic or Latino,White,Male,45-54,70.0,Loan originated
1,1005000.0,40,1175000.0,350.0,1,Hispanic or Latino,White,Female,45-54,85.638,Loan originated
1,475000.0,30%-<36%,595000.0,181.0,1,Not Hispanic or Latino,White,Male,25-34,80.0,Loan originated
1,885000.0,48,1105000.0,170.0,1,Not Hispanic or Latino,Asian,Male,25-34,80.0,Loan originated
1,225000.0,44,575000.0,123.0,1,Not Hispanic or Latino,White,Male,65-74,52.94,Loan originated
1,565000.0,49,675000.0,120.0,1,Hispanic or Latino,White,Male,55-64,85.0,Loan originated
1,435000.0,30%-<36%,545000.0,146.0,1,Not Hispanic or Latino,Asian,Female,25-34,80.0,Loan originated
1,505000.0,46,725000.0,304.0,1,Not Hispanic or Latino,White,Male,45-54,70.0,Loan originated
1,365000.0,36,435000.0,158.0,1,Hispanic or Latino,White,Male,45-54,85.0,Loan originated
1,1055000.0,30%-<36%,1505000.0,283.0,1,Not Hispanic or Latino,Asian,Male,25-34,70.0,Loan originated
1,305000.0,50%-60%,505000.0,93.0,1,Hispanic or Latino,White,Male,35-44,60.0,Application denied
1,545000.0,44,685000.0,142.0,1,Not Hispanic or Latino,Asian,Female,25-34,80.0,Loan originated
1,255000.0,20%-<30%,345000.0,131.0,1,Not Hispanic or Latino,White,Female,55-64,73.529,Loan originated
1,285000.0,48,365000.0,109.0,1,Not Hispanic or Latino,White,Female,35-44,80.0,Loan originated
1,355000.0,45,505000.0,100.0,1,Not Hispanic or Latino,White,Female,55-64,70.0,Loan originated
1,375000.0,30%-<36%,505000.0,133.0,1,Not Hispanic or Latino,White,Male,25-34,75.0,Loan originated
1,255000.0,49,275000.0,95.0,1,Hispanic or Latino,White,Male,55-64,93.519,Loan originated
1,525000.0,37,665000.0,140.0,1,Not Hispanic or Latino,Asian,Male,55-64,80.0,Loan originated
1,905000.0,42,1205000.0,230.0,1,Hispanic or Latino,Black or African American,Female,35-44,75.0,Loan originated
1,615000.0,20%-<30%,775000.0,260.0,1,Not Hispanic or Latino,White,Male,35-44,80.0,Loan originated
1,565000.0,45,705000.0,135.0,1,Hispanic or Latino,White,Male,35-44,80.0,Loan originated
1,1105000.0,30%-<36%,1255000.0,315.0,1,Not Hispanic or Latino,White,Female,35-44,88.048,Loan originated
1,395000.0,<20%,495000.0,231.0,1,Not Hispanic or Latino,White,Male,25-34,80.0,Loan originated
1,1145000.0,41,1575000.0,315.0,1,Not Hispanic or Latino,Asian,Female,35-44,73.23,Loan originated
1,975000.0,47,1295000.0,211.0,1,Not Hispanic or Latino,White,Female,45-54,75.0,Loan originated
1,365000.0,49,455000.0,68.0,1,Hispanic or Latino,White,Male,35-44,80.0,Loan originated
1,755000.0,44,945000.0,231.0,1,Not Hispanic or Latino,Asian,Male,45-54,80.0,Loan originated
1,275000.0,30%-<36%,365000.0,88.0,1,Not Hispanic or Latino,White,Female,>74,75.0,Loan originated
1,15000.0,38,515000.0,95.0,1,Hispanic or Latino,White,Male,35-44,100.0,Loan originated
1,145000.0,30%-<36%,395000.0,74.0,1,Not Hispanic or Latino,White,Female,25-34,35.606,Loan originated
1,845000.0,20%-<30%,885000.0,351.0,1,Not Hispanic or Latino,Black or African American,Female,45-54,89.0,Application denied
1,465000.0,45,485000.0,122.0,1,Not Hispanic or Latino,White,Male,25-34,95.0,Loan originated
1,595000.0,48,745000.0,127.0,1,Not Hispanic or Latino,White,Female,25-34,80.0,Loan originated
1,445000.0,43,465000.0,128.0,1,Not Hispanic or Latino,White,Female,35-44,95.0,Loan originated
1,405000.0,20%-<30%,775000.0,152.0,1,Not Hispanic or Latino,Asian,Female,25-34,51.614,Loan originated
1,545000.0,49,675000.0,162.0,1,Not Hispanic or Latino,Asian,Male,35-44,80.0,Application denied
1,725000.0,<20%,905000.0,358.0,1,Not Hispanic or Latino,White,Male,45-54,80.0,Loan originated
1,425000.0,45,455000.0,99.0,1,Hispanic or Latino,White,Female,25-34,95.0,Loan originated
1,685000.0,49,805000.0,173.0,1,Not Hispanic or Latino,White,Female,25-34,85.0,Loan originated
1,685000.0,44,725000.0,193.0,1,Not Hispanic or Latino,Asian,Female,25-34,95.0,Loan originated
1,275000.0,43,285000.0,113.0,1,Not Hispanic or Latino,White,Male,<25,95.0,Loan originated
1,355000.0,44,545000.0,83.0,1,Not Hispanic or Latino,Asian,Male,25-34,65.0,Loan originated
1,475000.0,49,875000.0,105.0,1,Not Hispanic or Latino,White,Female,55-64,54.639,Loan originated
1,225000.0,44,295000.0,64.0,1,Hispanic or Latino,White,Female,25-34,75.0,Loan originated
1,725000.0,20%-<30%,905000.0,256.0,1,Hispanic or Latino,White,Male,45-54,80.0,Loan originated
1,745000.0,42,945000.0,178.0,1,Not Hispanic or Latino,Asian,Male,25-34,78.95,Loan originated
1,465000.0,49,475000.0,157.0,1,Not Hispanic or Latino,Black or African American,Female,55-64,99.9,Loan originated
1,765000.0,48,1135000.0,150.0,1,Not Hispanic or Latino,White,Female,35-44,67.832,Loan originated
1,405000.0,49,735000.0,89.0,1,Not Hispanic or Latino,Asian,Male,35-44,56.096,Loan originated
1,525000.0,45,655000.0,162.0,1,Not Hispanic or Latino,White,Male,25-34,80.0,Loan originated
1,765000.0,41,1135000.0,325.0,1,Not Hispanic or Latino,White,Male,35-44,95.0,Loan originated
1,735000.0,<20%,915000.0,1298.0,1,Not Hispanic or Latino,White,Male,35-44,80.0,Loan originated
1,605000.0,49,625000.0,114.0,1,Not Hispanic or Latino,Black or African American,Male,45-54,97.0,Loan originated
1,325000.0,43,405000.0,94.0,1,Not Hispanic or Latino,White,Female,35-44,80.0,Loan originated
1,325000.0,41,345000.0,85.0,1,Not Hispanic or Latino,Asian,Male,35-44,100.0,Loan originated
1,325000.0,48,405000.0,90.0,1,Hispanic or Latino,White,Male,25-34,80.0,Loan originated
1,765000.0,30%-<36%,995000.0,222.0,1,Not Hispanic or Latino,Asian,Male,45-54,76.69,Loan originated
1,165000.0,44,205000.0,66.0,1,Hispanic or Latino,White,Male,35-44,80.0,Loan originated
1,1135000.0,39,1425000.0,363.0,1,Not Hispanic or Latino,White,Male,55-64,80.0,Loan originated
1,1145000.0,20%-<30%,1425000.0,485.0,1,Not Hispanic or Latino,White,Female,45-54,80.0,Loan originated
1,265000.0,37,365000.0,77.0,1,Not Hispanic or Latino,White,Male,>74,72.22,Loan originated
1,1005000.0,41,1355000.0,235.0,1,Not Hispanic or Latino,Asian,Male,35-44,73.801,Loan originated
1,525000.0,30%-<36%,655000.0,188.0,1,Not Hispanic or Latino,Asian,Male,35-44,80.0,Loan originated
1,375000.0,47,465000.0,76.0,1,Not Hispanic or Latino,Asian,Male,25-34,100.0,Loan originated
1,325000.0,49,365000.0,189.0,1,Hispanic or Latino,White,Male,25-34,90.0,Loan originated
1,355000.0,44,635000.0,96.0,1,Hispanic or Latino,White,Female,45-54,56.618,Loan originated
1,675000.0,46,715000.0,145.0,1,Hispanic or Latino,White,Male,45-54,94.99,Loan originated
1,835000.0,44,1055000.0,183.0,1,Not Hispanic or Latino,White,Female,35-44,79.738,Loan originated
1,625000.0,36,1045000.0,183.0,1,Hispanic or Latino,White,Female,35-44,60.0,Loan originated
1,925000.0,20%-<30%,1155000.0,389.0,1,Hispanic or Latino,White,Male,35-44,80.0,Loan originated
1,685000.0,49,855000.0,133.0,1,Hispanic or Latino,White,Male,25-34,80.0,Application denied
1,425000.0,30%-<36%,935000.0,145.0,1,Not Hispanic or Latino,White,Male,25-34,45.0,Loan originated
1,205000.0,30%-<36%,495000.0,68.0,1,Hispanic or Latino,White,Female,>74,41.0,Loan originated
1,1145000.0,42,1785000.0,236.0,1,Not Hispanic or Latino,White,Male,25-34,64.416,Loan originated
1,415000.0,30%-<36%,425000.0,134.0,1,Not Hispanic or Latino,White,Female,25-34,97.0,Loan originated
1,625000.0,30%-<36%,785000.0,259.0,1,Not Hispanic or Latino,White,Male,35-44,80.0,Loan originated
1,325000.0,48,335000.0,115.0,1,Not Hispanic or Latino,Asian,Male,25-34,97.0,Loan originated
1,955000.0,50%-60%,1275000.0,264.0,1,Not Hispanic or Latino,Black or African American,Female,45-54,74.765,Loan originated
1,495000.0,47,625000.0,229.0,1,Not Hispanic or Latino,White,Female,55-64,80.0,Loan originated
1,555000.0,<20%,835000.0,449.0,1,Not Hispanic or Latino,White,Male,55-64,65.632,Loan originated
1,385000.0,41,455000.0,114.0,1,Not Hispanic or Latino,Asian,Male,25-34,85.0,Loan originated
1,575000.0,43,595000.0,173.0,1,Hispanic or Latino,White,Male,25-34,97.0,Loan originated
1,385000.0,47,695000.0,90.0,1,Not Hispanic or Latino,Asian,Female,25-34,56.38,Loan originated
1,645000.0,48,715000.0,144.0,1,Not Hispanic or Latino,White,Female,35-44,89.965,Loan originated
1,445000.0,20%-<30%,635000.0,184.0,1,Hispanic or Latino,White,Female,25-34,70.0,Loan originated
1,1005000.0,37,1125000.0,422.0,1,Not Hispanic or Latino,White,Female,45-54,88.889,Application denied
1,755000.0,37,1255000.0,230.0,1,Not Hispanic or Latino,Asian,Male,35-44,60.0,Application denied
1,465000.0,46,585000.0,197.0,1,Not Hispanic or Latino,Asian,Male,25-34,80.0,Loan originated
1,345000.0,47,385000.0,99.0,1,Hispanic or Latino,White,Female,35-44,90.0,Loan originated
1,825000.0,48,1105000.0,167.0,1,Not Hispanic or Latino,2 or more minority races,Male,25-34,74.818,Loan originated
1,515000.0,37,795000.0,180.0,1,Not Hispanic or Latino,Asian,Male,55-64,64.779,Loan originated
1,285000.0,30%-<36%,425000.0,80.0,1,Not Hispanic or Latino,Asian,Female,35-44,67.0,Loan originated
1,355000.0,47,515000.0,77.0,1,Not Hispanic or Latino,White,Female,35-44,70.0,Loan originated
1,665000.0,30%-<36%,1115000.0,251.0,1,Not Hispanic or Latino,Asian,Male,35-44,59.536,Loan originated
1,655000.0,43,815000.0,155.0,1,Not Hispanic or Latino,White,Male,35-44,80.0,Application denied
1,575000.0,46,815000.0,174.0,1,Not Hispanic or Latino,Asian,Male,25-34,70.0,Loan originated
1,455000.0,46,475000.0,135.0,1,Hispanic or Latino,White,Male,25-34,95.0,Loan originated
1,575000.0,48,775000.0,140.0,1,Not Hispanic or Latino,Asian,Female,25-34,75.0,Loan originated
1,665000.0,42,705000.0,193.0,1,Hispanic or Latino,White,Female,25-34,95.0,Loan originated
1,475000.0,46,485000.0,125.0,1,Hispanic or Latino,White,Female,25-34,100.0,Loan originated
1,705000.0,48,745000.0,134.0,1,Hispanic or Latino,White,Male,45-54,95.0,Loan originated
1,605000.0,20%-<30%,765000.0,302.0,1,Not Hispanic or Latino,White,Male,55-64,80.0,Loan originated
1,595000.0,49,625000.0,180.0,1,Hispanic or Latino,White,Male,35-44,95.0,Loan originated
1,105000.0,<20%,665000.0,151.0,1,Not Hispanic or Latino,White,Female,65-74,15.013,Loan originated
1,405000.0,30%-<36%,775000.0,155.0,1,Not Hispanic or Latino,White,Female,55-64,52.987,Loan originated
1,475000.0,42,645000.0,114.0,1,Not Hispanic or Latino,Asian,Male,25-34,72.87,Loan originated
1,575000.0,45,605000.0,115.0,1,Not Hispanic or Latino,Asian,Male,25-34,90.0,Application denied
1,505000.0,49,1255000.0,111.0,1,Not Hispanic or Latino,Asian,Female,25-34,40.356,Loan originated
1,685000.0,44,915000.0,336.0,1,Not Hispanic or Latino,Asian,Female,35-44,75.0,Loan originated
1,755000.0,45,1105000.0,197.0,1,Not Hispanic or Latino,Asian,Male,35-44,75.0,Loan originated
1,365000.0,46,455000.0,174.0,1,Not Hispanic or Latino,White,Male,35-44,80.0,Loan originated
1,1095000.0,44,1155000.0,253.0,1,Not Hispanic or Latino,Asian,Male,25-34,95.0,Loan originated
1,825000.0,43,925000.0,242.0,1,Not Hispanic or Latino,White,Female,35-44,90.0,Loan originated
1,365000.0,49,425000.0,86.0,1,Hispanic or Latino,White,Male,35-44,84.99,Application denied
1,345000.0,41,435000.0,363.0,1,Not Hispanic or Latino,Asian,Male,>74,80.0,Loan originated
1,395000.0,48,415000.0,84.0,1,Not Hispanic or Latino,Black or African American,Female,45-54,100.0,Loan originated
1,605000.0,49,845000.0,135.0,1,Not Hispanic or Latino,White,Male,55-64,70.589,Loan originated
1,705000.0,47,745000.0,163.0,1,Not Hispanic or Latino,White,Female,35-44,95.0,Loan originated
1,645000.0,48,805000.0,174.0,1,Not Hispanic or Latino,Asian,Female,45-54,79.99,Loan originated
1,415000.0,44,615000.0,123.0,1,Not Hispanic or Latino,White,Female,>74,67.48,Loan originated
1,395000.0,49,635000.0,90.0,1,Not Hispanic or Latino,White,Male,35-44,63.0,Loan originated
1,345000.0,48,365000.0,177.0,1,Not Hispanic or Latino,White,Female,35-44,95.0,Loan originated
1,75000.0,42,115000.0,94.0,1,Not Hispanic or Latino,White,Female,55-64,65.217,Loan originated
1,1095000.0,44,1365000.0,253.0,1,Not Hispanic or Latino,White,Female,55-64,80.0,Loan originated
1,375000.0,47,385000.0,100.0,1,Hispanic or Latino,White,Male,25-34,96.23,Loan originated
1,465000.0,44,475000.0,112.0,1,Not Hispanic or Latino,White,Female,55-64,97.0,Loan originated
1,1075000.0,41,1375000.0,275.0,1,Not Hispanic or Latino,White,Male,45-54,78.182,Loan originated
1,435000.0,40,545000.0,181.0,1,Not Hispanic or Latino,White,Male,25-34,80.0,Loan originated
1,275000.0,40,1355000.0,135.0,1,Not Hispanic or Latino,White,Female,25-34,20.0,Loan originated
1,355000.0,44,355000.0,94.0,1,Hispanic or Latino,White,Male,<25,101.75,Loan originated
1,765000.0,43,815000.0,196.0,1,Hispanic or Latino,White,Female,35-44,94.055,Loan originated
1,485000.0,20%-<30%,615000.0,220.0,1,Not Hispanic or Latino,White,Female,45-54,80.0,Loan originated
1,665000.0,48,735000.0,243.0,1,Hispanic or Latino,White,Male,35-44,90.0,Loan originated
1,1125000.0,49,1525000.0,318.0,1,Not Hispanic or Latino,White,Male,35-44,73.77,Loan originated
1,485000.0,49,645000.0,105.0,1,Not Hispanic or Latino,White,Male,45-54,75.0,Loan originated
1,385000.0,47,475000.0,146.0,1,Not Hispanic or Latino,White,Female,65-74,80.0,Loan originated
1,765000.0,30%-<36%,3325000.0,454.0,1,Not Hispanic or Latino,White,Male,55-64,66.466,Loan originated
1,1085000.0,44,1595000.0,268.0,1,Not Hispanic or Latino,Asian,Male,35-44,68.03,Loan originated
1,455000.0,30%-<36%,685000.0,153.0,1,Hispanic or Latino,White,Female,45-54,67.009,Loan originated
1,1005000.0,47,1515000.0,237.0,1,Hispanic or Latino,White,Male,35-44,66.23,Loan originated
1,425000.0,45,445000.0,89.0,1,Not Hispanic or Latino,White,Male,45-54,95.0,Loan originated
1,765000.0,30%-<36%,955000.0,201.0,1,Not Hispanic or Latino,White,Female,25-34,80.0,Loan originated
1,1055000.0,30%-<36%,1365000.0,333.0,1,Not Hispanic or Latino,Asian,Male,25-34,76.924,Loan originated
1,225000.0,42,325000.0,57.0,1,Hispanic or Latino,White,Female,25-34,69.231,Loan originated
1,495000.0,30%-<36%,695000.0,145.0,1,Not Hispanic or Latino,Asian,Male,25-34,71.014,Loan originated
1,225000.0,42,265000.0,60.0,1,Not Hispanic or Latino,White,Female,55-64,83.582,Loan originated
1,455000.0,20%-<30%,1175000.0,305.0,1,Hispanic or Latino,White,Male,45-54,39.0,Loan originated
1,535000.0,47,565000.0,112.0,1,Hispanic or Latino,White,Male,25-34,95.0,Loan originated
1,675000.0,46,745000.0,170.0,1,Not Hispanic or Latino,White,Male,25-34,90.0,Loan originated
1,645000.0,38,805000.0,346.0,1,Hispanic or Latino,White,Male,35-44,80.0,Loan originated
1,595000.0,49,855000.0,180.0,1,Not Hispanic or Latino,Asian,Male,35-44,70.0,Loan originated
1,525000.0,30%-<36%,655000.0,155.0,1,Not Hispanic or Latino,White,Male,55-64,80.0,Loan originated
1,355000.0,40,375000.0,101.0,1,Not Hispanic or Latino,White,Male,<25,95.0,Loan originated
1,715000.0,39,735000.0,190.0,1,Hispanic or Latino,White,Male,25-34,97.0,Loan originated
1,545000.0,46,685000.0,167.0,1,Not Hispanic or Latino,Asian,Female,65-74,80.0,Loan originated
1,875000.0,37,1245000.0,228.0,1,Not Hispanic or Latino,Asian,Male,35-44,70.0,Loan originated
1,185000.0,44,365000.0,64.0,1,Not Hispanic or Latino,White,Male,65-74,50.0,Loan originated
1,655000.0,20%-<30%,855000.0,365.0,1,Not Hispanic or Latino,Asian,Male,25-34,76.471,Loan originated
1,235000.0,47,255000.0,121.0,1,Not Hispanic or Latino,White,Female,55-64,95.0,Application denied
1,595000.0,49,1405000.0,132.0,1,Not Hispanic or Latino,Asian,Male,45-54,43.0,Loan originated
1,395000.0,30%-<36%,525000.0,135.0,1,Not Hispanic or Latino,Asian,Female,45-54,74.86,Loan originated
1,365000.0,30%-<36%,385000.0,161.0,1,Not Hispanic or Latino,White,Male,25-34,95.0,Loan originated
1,365000.0,36,815000.0,107.0,1,Not Hispanic or Latino,White,Male,35-44,44.444,Loan originated
1,355000.0,40,805000.0,94.0,1,Not Hispanic or Latino,Asian,Female,35-44,43.299,Loan originated
1,195000.0,38,255000.0,66.0,1,Not Hispanic or Latino,White,Female,25-34,76.0,Loan originated
1,275000.0,42,545000.0,89.0,1,Not Hispanic or Latino,Asian,Female,25-34,71.857,Loan originated
1,495000.0,30%-<36%,585000.0,158.0,1,Not Hispanic or Latino,White,Male,25-34,85.0,Loan originated
1,565000.0,47,805000.0,117.0,1,Not Hispanic or Latino,Asian,Female,35-44,70.0,Loan originated
1,555000.0,30%-<36%,1145000.0,225.0,1,Not Hispanic or Latino,Asian,Male,35-44,48.061,Loan originated
1,715000.0,49,745000.0,151.0,1,Hispanic or Latino,White,Female,35-44,95.0,Loan originated
1,625000.0,46,775000.0,202.0,1,Not Hispanic or Latino,White,Male,25-34,80.0,Loan originated
1,445000.0,50%-60%,455000.0,82.0,1,Hispanic or Latino,White,Female,25-34,97.0,Loan originated
1,155000.0,40,185000.0,88.0,1,Hispanic or Latino,White,Male,35-44,86.11,Loan originated
1,225000.0,30%-<36%,275000.0,76.0,1,Not Hispanic or Latino,White,Female,35-44,80.0,Loan originated
1,295000.0,49,475000.0,125.0,1,Hispanic or Latino,White,Female,<25,61.702,Loan originated
1,865000.0,50%-60%,815000.0,134.0,1,Hispanic or Latino,White,Male,35-44,108.861,Application denied
1,755000.0,36,775000.0,360.0,1,Not Hispanic or Latino,White,Male,35-44,97.0,Loan originated
1,405000.0,>60%,505000.0,52.0,1,Not Hispanic or Latino,Black or African American,Male,65-74,80.0,Application denied
1,965000.0,49,1285000.0,206.0,1,Hispanic or Latino,White,Male,35-44,75.0,Loan originated
1,695000.0,43,995000.0,200.0,1,Not Hispanic or Latino,American Indian or Alaska Native,Male,35-44,84.593,Loan originated
1,635000.0,48,935000.0,143.0,1,Not Hispanic or Latino,Asian,Male,25-34,67.742,Loan originated
1,555000.0,49,585000.0,160.0,1,Not Hispanic or Latino,White,Male,45-54,95.0,Loan originated
1,755000.0,20%-<30%,945000.0,420.0,1,Not Hispanic or Latino,Black or African American,Female,55-64,89.99,Loan originated
1,295000.0,46,295000.0,80.0,1,Hispanic or Latino,White,Female,25-34,101.963,Application denied
1,425000.0,30%-<36%,535000.0,120.0,1,Hispanic or Latino,White,Male,25-34,80.0,Loan originated
1,135000.0,30%-<36%,145000.0,106.0,1,Hispanic or Latino,White,Male,35-44,90.0,Loan originated
1,545000.0,41,605000.0,303.0,1,Not Hispanic or Latino,White,Male,35-44,90.0,Loan originated
1,305000.0,20%-<30%,555000.0,117.0,1,Not Hispanic or Latino,Asian,Male,<25,54.545,Loan originated
1,465000.0,46,505000.0,106.0,1,Not Hispanic or Latino,Asian,Male,25-34,92.07,Loan originated
1,835000.0,39,925000.0,369.0,1,Hispanic or Latino,White,Male,45-54,90.0,Loan originated
1,435000.0,43,665000.0,96.0,1,Not Hispanic or Latino,White,Male,25-34,65.0,Loan originated
1,975000.0,20%-<30%,1085000.0,528.0,1,Not Hispanic or Latino,White,Male,35-44,99.9,Loan originated
1,315000.0,44,395000.0,88.0,1,Not Hispanic or Latino,White,Female,25-34,80.0,Loan originated
1,955000.0,42,1555000.0,432.0,1,Not Hispanic or Latino,White,Female,55-64,61.29,Loan originated
1,155000.0,47,485000.0,61.0,1,Not Hispanic or Latino,American Indian or Alaska Native,Male,25-34,30.928,Loan originated
1,905000.0,30%-<36%,1135000.0,293.0,1,Not Hispanic or Latino,White,Male,35-44,80.002,Loan originated
1,435000.0,48,455000.0,96.0,1,Hispanic or Latino,White,Female,25-34,97.0,Loan originated
1,465000.0,41,525000.0,121.0,1,Not Hispanic or Latino,White,Female,25-34,90.0,Application denied
1,455000.0,38,485000.0,115.0,1,Not Hispanic or Latino,White,Female,25-34,95.0,Loan originated
1,105000.0,<20%,255000.0,131.0,1,Hispanic or Latino,White,Female,25-34,40.0,Application denied
1,905000.0,48,1375000.0,189.0,1,Not Hispanic or Latino,White,Female,55-64,65.455,Loan originated
1,345000.0,30%-<36%,375000.0,107.0,1,Not Hispanic or Latino,White,Male,45-54,90.0,Loan originated
1,575000.0,46,605000.0,127.0,1,Hispanic or Latino,White,Male,35-44,95.0,Loan originated
1,455000.0,41,755000.0,135.0,1,Not Hispanic or Latino,Native Hawaiian or Other Pacific Islander,Male,45-54,60.0,Loan originated
1,355000.0,50%-60%,375000.0,71.0,1,Not Hispanic or Latino,White,Female,25-34,95.0,Application denied
1,305000.0,36,375000.0,81.0,1,Hispanic or Latino,White,Male,55-64,80.0,Loan originated
1,645000.0,49,725000.0,139.0,1,Not Hispanic or Latino,White,Male,35-44,90.0,Loan originated
1,405000.0,40,485000.0,102.0,1,Hispanic or Latino,White,Female,25-34,85.0,Loan originated
1,435000.0,20%-<30%,535000.0,193.0,1,Not Hispanic or Latino,Asian,Male,55-64,80.0,Loan originated
1,735000.0,48,1055000.0,147.0,1,Not Hispanic or Latino,Asian,Male,25-34,70.0,Loan originated
1,405000.0,>60%,505000.0,101.0,1,Not Hispanic or Latino,White,Female,55-64,80.0,Application denied
1,725000.0,<20%,765000.0,0.0,1,Not Hispanic or Latino,Asian,Male,35-44,95.0,Application denied
1,345000.0,30%-<36%,595000.0,172.0,1,Not Hispanic or Latino,Asian,Female,35-44,58.257,Loan originated
1,525000.0,30%-<36%,655000.0,249.0,1,Hispanic or Latino,White,Female,35-44,80.0,Loan originated
1,455000.0,30%-<36%,575000.0,219.0,1,Not Hispanic or Latino,White,Male,45-54,80.0,Loan originated
1,705000.0,30%-<36%,1585000.0,227.0,1,Not Hispanic or Latino,White,Female,35-44,44.304,Loan originated
1,385000.0,20%-<30%,395000.0,167.0,1,Not Hispanic or Latino,Asian,Female,<25,97.0,Loan originated
1,435000.0,36,585000.0,145.0,1,Not Hispanic or Latino,White,Male,65-74,75.0,Loan originated
1,585000.0,47,975000.0,126.0,1,Not Hispanic or Latino,Asian,Male,25-34,60.0,Loan originated
1,335000.0,20%-<30%,425000.0,211.0,1,Not Hispanic or Latino,White,Male,45-54,95.0,Loan originated
1,285000.0,47,685000.0,78.0,1,Not Hispanic or Latino,White,Female,45-54,43.0,Loan originated
1,115000.0,20%-<30%,545000.0,82.0,1,Not Hispanic or Latino,White,Female,>74,21.296,Loan originated
1,445000.0,49,495000.0,98.0,1,Not Hispanic or Latino,White,Female,25-34,90.0,Loan originated
1,565000.0,38,715000.0,158.0,1,Not Hispanic or Latino,White,Male,25-34,80.0,Loan originated
1,575000.0,44,595000.0,130.0,1,Not Hispanic or Latino,Asian,Male,55-64,97.0,Loan originated
1,375000.0,49,475000.0,112.0,1,Not Hispanic or Latino,White,Female,65-74,80.0,Loan originated
1,765000.0,45,1085000.0,323.0,1,Not Hispanic or Latino,White,Male,55-64,70.0,Loan originated
1,895000.0,45,945000.0,217.0,1,Hispanic or Latino,White,Female,45-54,95.0,Loan originated
1,235000.0,50%-60%,1145000.0,108.0,1,Hispanic or Latino,American Indian or Alaska Native,Female,55-64,20.88,Loan originated
1,485000.0,41,705000.0,143.0,1,Not Hispanic or Latino,Asian,Male,25-34,69.72,Loan originated
1,515000.0,41,535000.0,186.0,1,Not Hispanic or Latino,Asian,Male,25-34,94.99,Loan originated
1,895000.0,39,1115000.0,255.0,1,Not Hispanic or Latino,Asian,Male,35-44,80.0,Loan originated
1,675000.0,46,845000.0,195.0,1,Hispanic or Latino,White,Male,25-34,79.998,Loan originated
1,585000.0,50%-60%,785000.0,156.0,1,Hispanic or Latino,White,Female,55-64,75.0,Application denied
1,465000.0,20%-<30%,585000.0,180.0,1,Not Hispanic or Latino,Asian,Male,25-34,80.0,Loan originated
1,895000.0,41,1025000.0,241.0,1,Hispanic or Latino,White,Male,35-44,87.72,Loan originated
1,355000.0,43,705000.0,217.0,1,Not Hispanic or Latino,Asian,Female,25-34,50.0,Loan originated
1,125000.0,<20%,625000.0,34.0,1,Not Hispanic or Latino,White,Male,65-74,20.161,Loan originated
1,395000.0,43,495000.0,96.0,1,Not Hispanic or Latino,Asian,Male,35-44,79.99,Application denied
1,585000.0,20%-<30%,735000.0,322.0,1,Not Hispanic or Latino,Asian,Male,35-44,80.0,Loan originated
1,555000.0,49,1115000.0,203.0,1,Not Hispanic or Latino,White,Female,65-74,50.0,Loan originated
1,325000.0,46,755000.0,91.0,1,Not Hispanic or Latino,White,Male,45-54,42.396,Loan originated
1,595000.0,30%-<36%,665000.0,226.0,1,Not Hispanic or Latino,White,Female,25-34,90.0,Loan originated
1,395000.0,20%-<30%,595000.0,172.0,1,Not Hispanic or Latino,White,Male,45-54,66.611,Loan originated
1,765000.0,45,1105000.0,439.0,1,Not Hispanic or Latino,White,Female,45-54,69.686,Loan originated
1,585000.0,20%-<30%,735000.0,257.0,1,Not Hispanic or Latino,Asian,Female,25-34,80.0,Loan originated
1,475000.0,20%-<30%,595000.0,255.0,1,Hispanic or Latino,White,Male,35-44,80.0,Loan originated
1,905000.0,37,1115000.0,238.0,1,Not Hispanic or Latino,White,Female,35-44,81.8,Loan originated
1,495000.0,36,615000.0,258.0,1,Not Hispanic or Latino,White,Male,35-44,80.0,Loan originated
1,395000.0,20%-<30%,545000.0,177.0,1,Not Hispanic or Latino,Asian,Male,35-44,72.261,Loan originated
1,865000.0,47,1075000.0,169.0,1,Not Hispanic or Latino,Asian,Female,55-64,80.0,Loan originated
1,275000.0,48,415000.0,70.0,1,Not Hispanic or Latino,White,Female,>74,66.585,Loan originated
1,555000.0,43,655000.0,198.0,1,Hispanic or Latino,American Indian or Alaska Native,Female,35-44,85.0,Loan originated
1,265000.0,48,335000.0,193.0,1,Not Hispanic or Latino,Asian,Male,25-34,80.0,Loan originated
1,365000.0,49,435000.0,70.0,1,Hispanic or Latino,White,Male,25-34,85.0,Application denied
1,125000.0,41,135000.0,89.0,1,Not Hispanic or Latino,White,Male,25-34,97.0,Loan originated
1,545000.0,40,725000.0,133.0,1,Not Hispanic or Latino,White,Male,25-34,75.0,Loan originated
1,725000.0,38,765000.0,210.0,1,Not Hispanic or Latino,Black or African American,Female,45-54,95.0,Loan originated
1,555000.0,48,855000.0,151.0,1,Not Hispanic or Latino,White,Male,25-34,65.0,Loan originated
1,385000.0,47,1505000.0,82.0,1,Not Hispanic or Latino,Asian,Female,55-64,25.533,Loan originated
1,1065000.0,30%-<36%,1865000.0,398.0,1,Hispanic or Latino,White,Female,35-44,57.173,Loan originated
1,345000.0,45,365000.0,129.0,1,Not Hispanic or Latino,White,Male,45-54,95.0,Loan originated
1,445000.0,43,695000.0,131.0,1,Not Hispanic or Latino,White,Female,45-54,64.03,Loan originated
1,365000.0,30%-<36%,425000.0,100.0,1,Not Hispanic or Latino,White,Male,25-34,85.0,Loan originated
1,315000.0,46,335000.0,144.0,1,Not Hispanic or Latino,White,Male,55-64,95.0,Loan originated
1,765000.0,47,995000.0,162.0,1,Not Hispanic or Latino,White,Male,35-44,76.727,Loan originated
1,295000.0,20%-<30%,495000.0,198.0,1,Not Hispanic or Latino,Asian,Male,45-54,60.0,Loan originated
1,375000.0,50%-60%,555000.0,78.0,1,Not Hispanic or Latino,White,Female,25-34,67.273,Application denied
1,395000.0,20%-<30%,535000.0,157.0,1,Not Hispanic or Latino,Native Hawaiian or Other Pacific Islander,Female,45-54,74.0,Loan originated
1,385000.0,48,515000.0,94.0,1,Hispanic or Latino,White,Male,25-34,74.951,Loan originated
1,405000.0,45,505000.0,141.0,1,Hispanic or Latino,White,Male,45-54,80.0,Loan originated
1,455000.0,47,885000.0,194.0,1,Hispanic or Latino,White,Male,>74,51.137,Loan originated
1,615000.0,44,775000.0,188.0,1,Not Hispanic or Latino,Asian,Female,35-44,80.0,Loan originated
1,315000.0,30%-<36%,495000.0,125.0,1,Hispanic or Latino,White,Female,55-64,63.893,Loan originated
1,595000.0,40,795000.0,136.0,1,Not Hispanic or Latino,Asian,Female,25-34,75.0,Loan originated
1,25000.0,39,435000.0,192.0,1,Hispanic or Latino,White,Male,25-34,101.5,Loan originated
1,195000.0,45,315000.0,47.0,1,Hispanic or Latino,White,Male,45-54,61.29,Loan originated
1,395000.0,30%-<36%,605000.0,128.0,1,Not Hispanic or Latino,White,Male,45-54,66.0,Loan originated
1,625000.0,>60%,655000.0,99.0,1,Not Hispanic or Latino,White,Female,45-54,95.0,Application denied
1,655000.0,44,855000.0,178.0,1,Not Hispanic or Latino,Asian,Female,35-44,77.05,Loan originated
1,465000.0,41,625000.0,191.0,1,Not Hispanic or Latino,White,Male,25-34,75.0,Loan originated
1,975000.0,30%-<36%,1295000.0,427.0,1,Not Hispanic or Latino,White,Male,45-54,75.0,Loan originated
1,555000.0,>60%,585000.0,104.0,1,Hispanic or Latino,2 or more minority races,Female,45-54,95.0,Application denied
1,985000.0,48,1225000.0,201.0,1,Not Hispanic or Latino,White,Male,45-54,80.0,Loan originated
1,425000.0,45,535000.0,101.0,1,Not Hispanic or Latino,Asian,Female,35-44,80.0,Loan originated
1,525000.0,44,1165000.0,126.0,1,Not Hispanic or Latino,White,Male,45-54,45.06,Loan originated
1,375000.0,36,395000.0,120.0,1,Not Hispanic or Latino,American Indian or Alaska Native,Female,65-74,95.0,Loan originated
1,365000.0,30%-<36%,465000.0,118.0,1,Hispanic or Latino,White,Male,35-44,75.0,Application denied
1,175000.0,<20%,375000.0,117.0,1,Not Hispanic or Latino,White,Female,55-64,47.37,Loan originated
1,675000.0,49,755000.0,293.0,1,Hispanic or Latino,White,Male,35-44,90.0,Application denied
1,645000.0,49,1165000.0,142.0,1,Not Hispanic or Latino,White,Male,25-34,56.0,Loan originated
1,465000.0,40,575000.0,125.0,1,Not Hispanic or Latino,Asian,Male,45-54,80.0,Loan originated
1,805000.0,41,1675000.0,220.0,1,Not Hispanic or Latino,Asian,Male,35-44,47.73,Loan originated
1,425000.0,<20%,535000.0,380.0,1,Not Hispanic or Latino,Asian,Female,25-34,80.0,Loan originated
1,215000.0,43,635000.0,81.0,1,Not Hispanic or Latino,White,Male,65-74,34.167,Loan originated
1,605000.0,48,905000.0,126.0,1,Not Hispanic or Latino,Asian,Female,25-34,66.67,Loan originated
1,1005000.0,40,1675000.0,248.0,1,Not Hispanic or Latino,White,Female,25-34,60.0,Loan originated
1,125000.0,37,215000.0,51.0,1,Hispanic or Latino,White,Male,65-74,96.226,Application denied
1,675000.0,47,825000.0,174.0,1,Not Hispanic or Latino,White,Male,45-54,100.0,Loan originated
1,265000.0,44,785000.0,93.0,1,Not Hispanic or Latino,Asian,Female,25-34,34.0,Loan originated
1,925000.0,47,1405000.0,276.0,1,Not Hispanic or Latino,White,Female,>74,67.0,Loan originated
1,565000.0,48,595000.0,196.0,1,Not Hispanic or Latino,White,Female,45-54,95.0,Loan originated
1,365000.0,43,375000.0,82.0,1,Hispanic or Latino,White,Male,35-44,97.0,Loan originated
1,155000.0,30%-<36%,165000.0,77.0,1,Hispanic or Latino,White,Male,45-54,94.956,Loan originated
1,535000.0,36,575000.0,167.0,1,Not Hispanic or Latino,Asian,Male,35-44,95.0,Loan originated
1,365000.0,30%-<36%,705000.0,131.0,1,Not Hispanic or Latino,White,Male,25-34,52.143,Loan originated
1,225000.0,42,545000.0,69.0,1,Not Hispanic or Latino,White,Female,65-74,41.216,Loan originated
1,445000.0,20%-<30%,745000.0,354.0,1,Not Hispanic or Latino,Asian,Female,45-54,60.0,Loan originated
1,1015000.0,>60%,1125000.0,189.0,1,Hispanic or Latino,White,Female,25-34,90.0,Application denied
1,935000.0,36,1315000.0,260.0,1,Not Hispanic or Latino,Asian,Female,25-34,70.992,Loan originated
1,765000.0,46,965000.0,206.0,1,Not Hispanic or Latino,Asian,Male,35-44,89.583,Loan originated
1,355000.0,49,375000.0,85.0,1,Not Hispanic or Latino,White,Male,35-44,97.0,Loan originated
1,475000.0,49,695000.0,89.0,1,Hispanic or Latino,White,Male,55-64,68.104,Loan originated
1,415000.0,30%-<36%,455000.0,140.0,1,Not Hispanic or Latino,White,Female,35-44,90.0,Loan originated
1,585000.0,43,665000.0,135.0,1,Not Hispanic or Latino,White,Female,35-44,87.87,Loan originated
1,505000.0,48,995000.0,166.0,1,Not Hispanic or Latino,Asian,Male,35-44,50.15,Loan originated
1,315000.0,44,665000.0,72.0,1,Not Hispanic or Latino,White,Female,25-34,46.97,Loan originated
1,645000.0,49,805000.0,114.0,1,Hispanic or Latino,White,Male,25-34,80.0,Loan originated
1,585000.0,44,735000.0,174.0,1,Hispanic or Latino,American Indian or Alaska Native,Male,55-64,80.0,Application denied
1,1065000.0,43,1325000.0,287.0,1,Not Hispanic or Latino,Asian,Male,35-44,80.0,Loan originated
1,615000.0,41,645000.0,151.0,1,Hispanic or Latino,White,Male,35-44,95.0,Loan originated
1,405000.0,48,505000.0,97.0,1,Not Hispanic or Latino,White,Male,35-44,80.0,Loan originated
1,285000.0,43,315000.0,95.0,1,Hispanic or Latino,White,Male,35-44,90.0,Loan originated
1,255000.0,46,455000.0,65.0,1,Hispanic or Latino,White,Male,35-44,56.521,Loan originated
1,125000.0,20%-<30%,355000.0,78.0,1,Not Hispanic or Latino,Asian,Male,65-74,36.0,Loan originated
1,735000.0,41,865000.0,215.0,1,Not Hispanic or Latino,Asian,Male,35-44,85.0,Loan originated
1,595000.0,40,665000.0,142.0,1,Not Hispanic or Latino,White,Male,35-44,90.0,Loan originated
1,505000.0,30%-<36%,625000.0,260.0,1,Hispanic or Latino,American Indian or Alaska Native,Male,25-34,80.0,Application denied
1,405000.0,36,1055000.0,152.0,1,Not Hispanic or Latino,Asian,Female,<25,37.978,Loan originated
1,595000.0,50%-60%,615000.0,165.0,1,Hispanic or Latino,White,Male,35-44,101.5,Application denied
1,755000.0,30%-<36%,1135000.0,248.0,1,Hispanic or Latino,White,Female,25-34,67.0,Loan originated
1,455000.0,44,955000.0,247.0,1,Not Hispanic or Latino,White,Male,55-64,47.914,Loan originated
1,705000.0,49,825000.0,156.0,1,Not Hispanic or Latino,Black or African American,Female,45-54,85.0,Loan originated
1,365000.0,49,455000.0,69.0,1,Hispanic or Latino,White,Male,25-34,80.0,Loan originated
1,425000.0,43,445000.0,96.0,1,Hispanic or Latino,White,Female,25-34,95.0,Loan originated
1,385000.0,47,405000.0,108.0,1,Hispanic or Latino,White,Female,35-44,95.0,Loan originated
1,545000.0,30%-<36%,555000.0,157.0,1,Not Hispanic or Latino,White,Male,55-64,97.0,Loan originated
1,435000.0,44,885000.0,114.0,1,Hispanic or Latino,Asian,Male,65-74,48.864,Loan originated
1,725000.0,30%-<36%,915000.0,333.0,1,Not Hispanic or Latino,White,Male,25-34,80.0,Loan originated
1,755000.0,49,845000.0,349.0,1,Not Hispanic or Latino,White,Male,35-44,90.0,Loan originated
1,325000.0,36,405000.0,98.0,1,Not Hispanic or Latino,White,Male,45-54,80.0,Loan originated
1,625000.0,20%-<30%,1325000.0,250.0,1,Not Hispanic or Latino,White,Male,45-54,47.13,Loan originated
1,385000.0,48,475000.0,141.0,1,Not Hispanic or Latino,White,Male,45-54,80.0,Loan originated
1,195000.0,50%-60%,245000.0,98.0,1,Not Hispanic or Latino,White,Male,55-64,80.0,Loan originated
1,405000.0,20%-<30%,775000.0,147.0,1,Not Hispanic or Latino,Asian,Male,45-54,51.948,Loan originated
1,595000.0,38,745000.0,641.0,1,Not Hispanic or Latino,Asian,Male,25-34,80.0,Loan originated
1,765000.0,49,1685000.0,235.0,1,Not Hispanic or Latino,White,Male,35-44,46.0,Loan originated
1,615000.0,49,645000.0,163.0,1,Hispanic or Latino,White,Male,<25,95.0,Loan originated
1,845000.0,50%-60%,1205000.0,144.0,1,Not Hispanic or Latino,White,Female,55-64,70.0,Loan originated
1,385000.0,37,645000.0,120.0,1,Not Hispanic or Latino,Asian,Female,25-34,90.0,Loan originated
1,655000.0,30%-<36%,735000.0,192.0,1,Not Hispanic or Latino,Asian,Male,25-34,89.99,Loan originated
1,295000.0,39,385000.0,80.0,1,Not Hispanic or Latino,White,Male,35-44,81.892,Loan originated
1,485000.0,48,605000.0,101.0,1,Not Hispanic or Latino,White,Male,35-44,80.0,Loan originated
1,775000.0,39,975000.0,293.0,1,Not Hispanic or Latino,White,Male,65-74,80.0,Loan originated
1,515000.0,30%-<36%,575000.0,221.0,1,Not Hispanic or Latino,White,Male,35-44,90.0,Loan originated
1,545000.0,49,835000.0,136.0,1,Not Hispanic or Latino,White,Female,55-64,65.0,Loan originated
1,425000.0,30%-<36%,475000.0,156.0,1,Not Hispanic or Latino,Asian,Male,35-44,89.362,Loan originated
1,565000.0,30%-<36%,1365000.0,216.0,1,Not Hispanic or Latino,Asian,Male,25-34,41.555,Loan originated
1,315000.0,20%-<30%,665000.0,207.0,1,Not Hispanic or Latino,Asian,Male,<25,46.97,Loan originated
1,595000.0,42,755000.0,130.0,1,Not Hispanic or Latino,White,Male,45-54,79.21,Loan originated
1,225000.0,50%-60%,265000.0,95.0,1,Not Hispanic or Latino,White,Female,35-44,84.73,Application denied
1,155000.0,49,295000.0,42.0,1,Not Hispanic or Latino,Asian,Female,45-54,51.72,Loan originated
1,555000.0,38,605000.0,146.0,1,Not Hispanic or Latino,Black or African American,Male,25-34,96.132,Loan originated
1,885000.0,30%-<36%,985000.0,266.0,1,Not Hispanic or Latino,Asian,Female,45-54,89.99,Loan originated
1,1125000.0,20%-<30%,1405000.0,450.0,1,Not Hispanic or Latino,Black or African American,Female,35-44,80.0,Loan originated
1,475000.0,46,775000.0,131.0,1,Not Hispanic or Latino,Black or African American,Female,55-64,61.39,Loan originated
1,1055000.0,41,1315000.0,267.0,1,Not Hispanic or Latino,Asian,Male,35-44,80.0,Loan originated
1,275000.0,30%-<36%,345000.0,132.0,1,Not Hispanic or Latino,White,Male,35-44,80.0,Loan originated
1,355000.0,20%-<30%,1455000.0,177.0,1,Not Hispanic or Latino,White,Female,45-54,24.138,Loan originated
1,485000.0,30%-<36%,885000.0,179.0,1,Not Hispanic or Latino,Asian,Male,45-54,55.0,Loan originated
1,515000.0,49,1855000.0,131.0,1,Not Hispanic or Latino,White,Female,55-64,27.77,Loan originated
1,155000.0,38,245000.0,74.0,1,Not Hispanic or Latino,White,Female,35-44,97.0,Loan originated
1,595000.0,<20%,665000.0,3685.0,1,Hispanic or Latino,White,Female,55-64,90.0,Loan originated
1,635000.0,46,745000.0,146.0,1,Not Hispanic or Latino,White,Male,25-34,85.442,Loan originated
1,305000.0,30%-<36%,355000.0,89.0,1,Not Hispanic or Latino,White,Male,25-34,85.714,Application denied
1,615000.0,20%-<30%,875000.0,333.0,1,Not Hispanic or Latino,White,Male,35-44,70.0,Loan originated
1,345000.0,40,695000.0,172.0,1,Not Hispanic or Latino,White,Male,55-64,48.641,Loan originated
1,135000.0,<20%,385000.0,89.0,1,Not Hispanic or Latino,White,Male,55-64,34.211,Loan originated
1,745000.0,42,1225000.0,221.0,1,Not Hispanic or Latino,Asian,Male,25-34,61.192,Loan originated
1,585000.0,41,735000.0,150.0,1,Not Hispanic or Latino,White,Male,<25,80.0,Loan originated
1,765000.0,43,1105000.0,305.0,1,Not Hispanic or Latino,Asian,Male,45-54,79.909,Loan originated
1,345000.0,39,425000.0,98.0,1,Not Hispanic or Latino,White,Male,45-54,80.0,Loan originated
1,355000.0,<20%,445000.0,3519.0,1,Hispanic or Latino,White,Male,55-64,80.0,Loan originated
1,145000.0,43,185000.0,177.0,1,Not Hispanic or Latino,White,Female,55-64,80.0,Loan originated
1,675000.0,45,845000.0,263.0,1,Not Hispanic or Latino,White,Male,35-44,80.0,Loan originated
1,155000.0,38,445000.0,51.0,1,Hispanic or Latino,White,Male,65-74,34.24,Loan originated
1,75000.0,30%-<36%,875000.0,71.0,1,Not Hispanic or Latino,Asian,Female,45-54,11.409,Loan originated
1,255000.0,20%-<30%,1115000.0,255.0,1,Not Hispanic or Latino,White,Female,35-44,22.48,Loan originated
1,595000.0,44,1795000.0,310.0,1,Not Hispanic or Latino,White,Female,65-74,34.0,Loan originated
1,575000.0,50%-60%,635000.0,117.0,1,Not Hispanic or Latino,White,Male,25-34,90.0,Application denied
1,505000.0,<20%,2605000.0,1158.0,1,Hispanic or Latino,White,Male,55-64,20.0,Loan originated
1,375000.0,40,475000.0,126.0,1,Not Hispanic or Latino,Asian,Male,25-34,80.0,Loan originated
1,515000.0,43,645000.0,148.0,1,Not Hispanic or Latino,Asian,Male,25-34,80.0,Loan originated
1,965000.0,50%-60%,1205000.0,216.0,1,Not Hispanic or Latino,White,Male,25-34,80.0,Loan originated
1,435000.0,40,445000.0,137.0,1,Hispanic or Latino,White,Male,25-34,97.0,Loan originated
1,435000.0,30%-<36%,745000.0,148.0,1,Not Hispanic or Latino,Asian,Male,25-34,59.46,Loan originated
1,305000.0,>60%,505000.0,55.0,1,Hispanic or Latino,White,Male,55-64,60.0,Loan originated
1,95000.0,41,425000.0,35.0,1,Not Hispanic or Latino,White,Female,65-74,21.615,Loan originated
1,265000.0,37,335000.0,87.0,1,Not Hispanic or Latino,White,Male,55-64,80.0,Loan originated
1,225000.0,46,595000.0,73.0,1,Not Hispanic or Latino,White,Male,65-74,39.0,Loan originated
1,175000.0,45,225000.0,164.0,1,Not Hispanic or Latino,Asian,Male,35-44,75.0,Loan originated
1,455000.0,48,565000.0,171.0,1,Hispanic or Latino,White,Male,25-34,80.0,Loan originated
1,115000.0,<20%,615000.0,109.0,1,Not Hispanic or Latino,Asian,Male,55-64,18.699,Loan originated
1,805000.0,30%-<36%,825000.0,254.0,1,Not Hispanic or Latino,White,Male,25-34,97.0,Loan originated
1,805000.0,47,1005000.0,217.0,1,Not Hispanic or Latino,Asian,Male,<25,80.0,Loan originated
1,735000.0,30%-<36%,1235000.0,238.0,1,Not Hispanic or Latino,White,Male,55-64,60.0,Loan originated
1,625000.0,20%-<30%,655000.0,196.0,1,Not Hispanic or Latino,Asian,Male,25-34,95.0,Loan originated
1,455000.0,39,565000.0,144.0,1,Not Hispanic or Latino,Asian,Male,25-34,100.0,Loan originated
1,465000.0,20%-<30%,625000.0,390.0,1,Not Hispanic or Latino,White,Female,35-44,75.0,Loan originated
1,795000.0,42,995000.0,188.0,1,Not Hispanic or Latino,White,Male,35-44,79.989,Loan originated
1,255000.0,49,765000.0,65.0,1,Not Hispanic or Latino,Asian,Male,55-64,33.95,Loan originated
1,475000.0,49,505000.0,117.0,1,Not Hispanic or Latino,Asian,Female,35-44,98.0,Loan originated
1,345000.0,36,685000.0,96.0,1,Hispanic or Latino,White,Female,65-74,51.397,Loan originated
1,655000.0,49,665000.0,139.0,1,Hispanic or Latino,White,Male,25-34,97.54,Application denied
1,845000.0,42,3905000.0,410.0,1,Not Hispanic or Latino,Asian,Male,35-44,21.538,Loan originated
1,415000.0,20%-<30%,465000.0,180.0,1,Not Hispanic or Latino,White,Male,25-34,90.0,Application denied
1,515000.0,37,645000.0,138.0,1,Not Hispanic or Latino,Asian,Male,35-44,80.0,Loan originated
1,835000.0,41,935000.0,210.0,1,Not Hispanic or Latino,White,Female,45-54,89.9,Loan originated
1,375000.0,30%-<36%,535000.0,189.0,1,Not Hispanic or Latino,White,Male,35-44,69.953,Loan originated
1,1055000.0,30%-<36%,1325000.0,273.0,1,Not Hispanic or Latino,Asian,Male,45-54,80.0,Loan originated
1,295000.0,39,305000.0,70.0,1,Not Hispanic or Latino,White,Female,65-74,95.52,Loan originated
1,365000.0,43,485000.0,89.0,1,Not Hispanic or Latino,Asian,Male,45-54,95.0,Loan originated
1,445000.0,30%-<36%,565000.0,263.0,1,Not Hispanic or Latino,Asian,Male,45-54,80.0,Loan originated
1,1015000.0,41,1275000.0,214.0,1,Not Hispanic or Latino,Asian,Male,35-44,80.0,Loan originated
1,285000.0,42,315000.0,325.0,1,Hispanic or Latino,White,Female,45-54,90.0,Loan originated
1,595000.0,42,745000.0,342.0,1,Not Hispanic or Latino,White,Male,25-34,80.0,Loan originated
1,175000.0,50%-60%,435000.0,54.0,1,Not Hispanic or Latino,White,Female,>74,40.75,Loan originated
1,105000.0,40,505000.0,47.0,1,Not Hispanic or Latino,White,Female,55-64,20.0,Loan originated
1,135000.0,20%-<30%,175000.0,73.0,1,Hispanic or Latino,White,Male,25-34,77.14,Loan originated
1,885000.0,20%-<30%,1105000.0,354.0,1,Not Hispanic or Latino,White,Male,35-44,80.0,Loan originated
1,265000.0,<20%,335000.0,196.0,1,Not Hispanic or Latino,Asian,Male,45-54,80.0,Loan originated
1,355000.0,39,395000.0,88.0,1,Hispanic or Latino,White,Female,25-34,90.0,Loan originated
1,275000.0,49,665000.0,64.0,1,Not Hispanic or Latino,White,Male,35-44,41.667,Loan originated
1,525000.0,48,655000.0,120.0,1,Not Hispanic or Latino,Asian,Female,45-54,80.0,Loan originated
1,485000.0,45,665000.0,118.0,1,Not Hispanic or Latino,White,Male,35-44,73.263,Loan originated
1,735000.0,47,825000.0,235.0,1,Hispanic or Latino,White,Male,25-34,88.97,Loan originated
1,405000.0,20%-<30%,535000.0,150.0,1,Not Hispanic or Latino,Asian,Female,35-44,75.0,Loan originated
1,605000.0,47,1505000.0,158.0,1,Hispanic or Latino,White,Male,55-64,40.0,Loan originated
1,505000.0,47,535000.0,98.0,1,Hispanic or Latino,Asian,Female,35-44,95.0,Loan originated
1,1125000.0,43,1185000.0,310.0,1,Not Hispanic or Latino,White,Female,25-34,95.0,Loan originated
1,195000.0,30%-<36%,285000.0,64.0,1,Not Hispanic or Latino,White,Male,25-34,103.697,Loan originated
1,385000.0,43,475000.0,99.0,1,Not Hispanic or Latino,White,Female,25-34,80.0,Application denied
1,265000.0,37,325000.0,91.0,1,Not Hispanic or Latino,White,Female,25-34,80.0,Loan originated
1,405000.0,45,435000.0,91.0,1,Hispanic or Latino,White,Female,35-44,94.0,Loan originated
1,1125000.0,20%-<30%,1415000.0,783.0,1,Not Hispanic or Latino,White,Male,35-44,80.0,Loan originated
1,1105000.0,20%-<30%,2105000.0,394.0,1,Not Hispanic or Latino,Asian,Female,25-34,52.38,Loan originated
1,465000.0,45,775000.0,108.0,1,Not Hispanic or Latino,Asian,Female,35-44,60.0,Loan originated
1,315000.0,20%-<30%,415000.0,361.0,1,Hispanic or Latino,White,Male,55-64,75.0,Loan originated
1,375000.0,44,465000.0,131.0,1,Hispanic or Latino,White,Female,45-54,80.0,Loan originated
1,375000.0,49,905000.0,143.0,1,Not Hispanic or Latino,White,Female,25-34,41.528,Loan originated
1,65000.0,<20%,25000.0,75.0,1,Not Hispanic or Latino,Black or African American,Female,25-34,300.0,Application denied
1,675000.0,43,755000.0,147.0,1,Hispanic or Latino,White,Female,35-44,90.0,Loan originated
1,1055000.0,30%-<36%,3225000.0,503.0,1,Not Hispanic or Latino,Asian,Male,25-34,32.558,Loan originated
1,445000.0,42,555000.0,155.0,1,Hispanic or Latino,White,Male,45-54,80.0,Loan originated
1,95000.0,45,215000.0,77.0,1,Not Hispanic or Latino,White,Female,55-64,43.74,Loan originated
1,305000.0,36,1025000.0,202.0,1,Not Hispanic or Latino,Asian,Male,45-54,90.0,Loan originated
1,635000.0,43,795000.0,148.0,1,Not Hispanic or Latino,Asian,Male,25-34,80.0,Loan originated
1,385000.0,<20%,765000.0,292.0,1,Not Hispanic or Latino,Asian,Female,45-54,50.0,Loan originated
1,585000.0,47,735000.0,148.0,1,Not Hispanic or Latino,White,Male,25-34,80.0,Loan originated
1,475000.0,40,975000.0,135.0,1,Not Hispanic or Latino,White,Male,35-44,48.93,Loan originated
1,455000.0,44,665000.0,99.0,1,Not Hispanic or Latino,White,Male,25-34,68.182,Loan originated
1,505000.0,36,845000.0,170.0,1,Not Hispanic or Latino,Asian,Female,35-44,60.0,Loan originated
1,225000.0,48,625000.0,57.0,1,Not Hispanic or Latino,Asian,Male,25-34,35.484,Loan originated
1,755000.0,38,1505000.0,376.0,1,Not Hispanic or Latino,White,Female,>74,50.0,Loan originated
1,785000.0,30%-<36%,1175000.0,281.0,1,Not Hispanic or Latino,Asian,Male,25-34,66.383,Loan originated
1,1125000.0,20%-<30%,1405000.0,463.0,1,Not Hispanic or Latino,White,Male,35-44,80.0,Loan originated
1,185000.0,30%-<36%,255000.0,64.0,1,Not Hispanic or Latino,White,Female,55-64,70.59,Loan originated
1,415000.0,30%-<36%,595000.0,180.0,1,Not Hispanic or Latino,Asian,Female,35-44,70.0,Loan originated
1,1075000.0,<20%,1345000.0,911.0,1,Not Hispanic or Latino,White,Male,45-54,80.0,Loan originated
1,405000.0,48,415000.0,94.0,1,Hispanic or Latino,White,Male,25-34,97.0,Loan originated
1,545000.0,38,575000.0,152.0,1,Not Hispanic or Latino,Asian,Male,<25,95.0,Loan originated
1,205000.0,49,295000.0,130.0,1,Hispanic or Latino,White,Female,>74,70.0,Application denied
1,665000.0,45,1165000.0,193.0,1,Not Hispanic or Latino,Asian,Male,55-64,56.897,Loan originated
1,255000.0,45,265000.0,56.0,1,Hispanic or Latino,White,Male,<25,100.0,Loan originated
1,15000.0,48,455000.0,129.0,1,Not Hispanic or Latino,Asian,Female,35-44,100.0,Loan originated
1,765000.0,46,955000.0,207.0,1,Not Hispanic or Latino,White,Male,25-34,80.0,Loan originated
1,225000.0,48,525000.0,63.0,1,Not Hispanic or Latino,White,Female,65-74,42.85,Loan originated
1,365000.0,43,385000.0,189.0,1,Not Hispanic or Latino,White,Male,25-34,95.0,Loan originated
1,245000.0,49,255000.0,79.0,1,Not Hispanic or Latino,American Indian or Alaska Native,Male,25-34,97.0,Loan originated
1,735000.0,20%-<30%,925000.0,502.0,1,Not Hispanic or Latino,White,Male,>74,80.0,Loan originated
1,525000.0,44,705000.0,134.0,1,Not Hispanic or Latino,White,Male,25-34,74.0,Loan originated
1,705000.0,48,875000.0,150.0,1,Not Hispanic or Latino,White,Female,45-54,80.0,Loan originated
1,765000.0,49,805000.0,190.0,1,Hispanic or Latino,White,Male,35-44,95.0,Loan originated
1,765000.0,36,1455000.0,357.0,1,Not Hispanic or Latino,White,Male,45-54,52.866,Loan originated
1,685000.0,30%-<36%,855000.0,310.0,1,Not Hispanic or Latino,Asian,Female,25-34,80.0,Loan originated
1,655000.0,<20%,955000.0,2978.0,1,Not Hispanic or Latino,White,Male,25-34,68.4211,Application denied
1,295000.0,49,345000.0,60.0,1,Not Hispanic or Latino,Asian,Male,55-64,87.059,Loan originated
1,295000.0,46,315000.0,71.0,1,Not Hispanic or Latino,White,Male,25-34,95.0,Loan originated
1,255000.0,39,335000.0,60.0,1,Not Hispanic or Latino,White,Female,45-54,75.821,Loan originated
1,185000.0,38,575000.0,59.0,1,Hispanic or Latino,White,Male,25-34,32.982,Loan originated
1,515000.0,43,625000.0,119.0,1,Not Hispanic or Latino,White,Male,25-34,83.0,Loan originated
1,605000.0,49,755000.0,130.0,1,Not Hispanic or Latino,Black or African American,Female,55-64,100.0,Loan originated
1,315000.0,47,675000.0,72.0,1,Hispanic or Latino,White,Female,45-54,47.0,Loan originated
1,885000.0,30%-<36%,1105000.0,267.0,1,Not Hispanic or Latino,White,Female,35-44,80.0,Loan originated
1,975000.0,49,1065000.0,209.0,1,Not Hispanic or Latino,Asian,Male,35-44,92.0,Loan originated
1,905000.0,39,955000.0,242.0,1,Not Hispanic or Latino,White,Female,35-44,95.0,Loan originated
1,315000.0,47,325000.0,71.0,1,Hispanic or Latino,White,Male,25-34,97.0,Loan originated
1,765000.0,44,895000.0,201.0,1,Not Hispanic or Latino,Asian,Male,35-44,85.452,Loan originated
1,145000.0,30%-<36%,485000.0,81.0,1,Not Hispanic or Latino,White,Female,35-44,30.117,Loan originated
1,305000.0,48,505000.0,62.0,1,Hispanic or Latino,White,Female,35-44,60.0,Loan originated
1,605000.0,37,755000.0,379.0,1,Not Hispanic or Latino,White,Female,45-54,80.0,Loan originated
1,445000.0,44,595000.0,95.0,1,Hispanic or Latino,White,Female,35-44,85.0,Loan originated
1,715000.0,47,955000.0,155.0,1,Not Hispanic or Latino,White,Male,55-64,75.0,Loan originated
1,715000.0,41,735000.0,191.0,1,Not Hispanic or Latino,Black or African American,Male,35-44,97.0,Loan originated
1,155000.0,20%-<30%,555000.0,83.0,1,Not Hispanic or Latino,Black or African American,Male,65-74,27.273,Loan originated
1,775000.0,47,965000.0,266.0,1,Not Hispanic or Latino,Asian,Male,45-54,80.0,Loan originated
1,275000.0,36,345000.0,74.0,1,Hispanic or Latino,White,Female,35-44,79.943,Loan originated
1,305000.0,48,425000.0,62.0,1,Not Hispanic or Latino,White,Female,45-54,100.0,Loan originated
1,565000.0,49,625000.0,104.0,1,Not Hispanic or Latino,Black or African American,Male,45-54,90.0,Loan originated
1,925000.0,45,1235000.0,475.0,1,Not Hispanic or Latino,Asian,Male,45-54,75.0,Loan originated
1,465000.0,38,1515000.0,150.0,1,Not Hispanic or Latino,Asian,Female,25-34,30.46,Application denied
1,275000.0,<20%,605000.0,232.0,1,Not Hispanic or Latino,White,Male,65-74,45.167,Loan originated
1,185000.0,20%-<30%,225000.0,95.0,1,Not Hispanic or Latino,White,Female,25-34,80.0,Loan originated
1,305000.0,30%-<36%,395000.0,102.0,1,Not Hispanic or Latino,White,Female,25-34,76.14,Application denied
1,245000.0,30%-<36%,625000.0,139.0,1,Not Hispanic or Latino,Asian,Male,65-74,40.118,Loan originated
1,135000.0,43,365000.0,37.0,1,Hispanic or Latino,White,Female,45-54,91.136,Loan originated
1,505000.0,44,675000.0,147.0,1,Not Hispanic or Latino,White,Female,45-54,75.0,Loan originated
1,415000.0,30%-<36%,465000.0,132.0,1,Hispanic or Latino,White,Female,25-34,90.0,Loan originated
1,555000.0,37,625000.0,137.0,1,Not Hispanic or Latino,White,Female,35-44,90.0,Loan originated
1,545000.0,39,615000.0,182.0,1,Not Hispanic or Latino,White,Male,65-74,90.0,Loan originated
1,125000.0,36,465000.0,238.0,1,Hispanic or Latino,White,Male,55-64,26.69,Loan originated
1,365000.0,30%-<36%,455000.0,113.0,1,Not Hispanic or Latino,White,Male,25-34,80.0,Loan originated
1,595000.0,49,625000.0,215.0,1,Not Hispanic or Latino,White,Male,25-34,95.0,Loan originated
1,495000.0,41,545000.0,115.0,1,Hispanic or Latino,White,Female,35-44,90.0,Loan originated
1,305000.0,44,425000.0,98.0,1,Not Hispanic or Latino,White,Female,65-74,72.0,Loan originated
1,565000.0,50%-60%,805000.0,109.0,1,Not Hispanic or Latino,White,Male,35-44,70.0,Application denied
1,345000.0,39,355000.0,81.0,1,Not Hispanic or Latino,White,Male,25-34,96.97,Loan originated
1,965000.0,41,1205000.0,238.0,1,Not Hispanic or Latino,White,Female,55-64,80.0,Loan originated
1,325000.0,48,1725000.0,124.0,1,Not Hispanic or Latino,White,Male,25-34,18.841,Loan originated
1,505000.0,46,535000.0,127.0,1,Hispanic or Latino,White,Female,55-64,95.0,Loan originated
1,765000.0,30%-<36%,955000.0,278.0,1,Not Hispanic or Latino,Asian,Male,35-44,80.0,Application denied
1,255000.0,<20%,575000.0,200.0,1,Not Hispanic or Latino,White,Female,35-44,43.48,Loan originated
1,235000.0,30%-<36%,675000.0,87.0,1,Hispanic or Latino,White,Male,45-54,36.0,Loan originated
1,905000.0,47,1365000.0,180.0,1,Not Hispanic or Latino,White,Female,45-54,66.18,Loan originated
1,225000.0,>60%,285000.0,12.0,1,Hispanic or Latino,White,Female,<25,79.474,Application denied
1,1005000.0,40,1865000.0,550.0,1,Not Hispanic or Latino,Asian,Male,35-44,53.77,Loan originated
1,515000.0,49,545000.0,256.0,1,Not Hispanic or Latino,White,Female,35-44,95.0,Loan originated
1,265000.0,47,455000.0,57.0,1,Not Hispanic or Latino,Asian,Female,25-34,58.5,Loan originated
1,655000.0,45,725000.0,155.0,1,Not Hispanic or Latino,White,Male,25-34,90.972,Loan originated
1,325000.0,40,415000.0,125.0,1,Not Hispanic or Latino,White,Female,25-34,80.0,Loan originated
1,445000.0,42,555000.0,115.0,1,Not Hispanic or Latino,White,Female,45-54,80.0,Loan originated
1,395000.0,42,495000.0,184.0,1,Not Hispanic or Latino,White,Female,>74,80.0,Loan originated
1,1045000.0,49,1225000.0,365.0,1,Not Hispanic or Latino,White,Female,25-34,85.0,Loan originated
1,675000.0,20%-<30%,1435000.0,377.0,1,Not Hispanic or Latino,Asian,Female,45-54,46.85,Loan originated
1,575000.0,20%-<30%,925000.0,513.0,1,Not Hispanic or Latino,Asian,Male,45-54,61.662,Loan originated
1,125000.0,20%-<30%,215000.0,71.0,1,Not Hispanic or Latino,White,Male,65-74,58.095,Loan originated
1,495000.0,43,555000.0,168.0,1,Not Hispanic or Latino,White,Male,25-34,90.0,Loan originated
1,1025000.0,48,1305000.0,277.0,1,Not Hispanic or Latino,Asian,Male,35-44,78.43,Loan originated
1,475000.0,30%-<36%,595000.0,248.0,1,Hispanic or Latino,Asian,Male,45-54,80.0,Loan originated
1,765000.0,41,1015000.0,200.0,1,Not Hispanic or Latino,White,Male,35-44,75.665,Loan originated
1,705000.0,43,745000.0,174.0,1,Not Hispanic or Latino,White,Male,25-34,95.0,Loan originated
1,885000.0,20%-<30%,1805000.0,385.0,1,Not Hispanic or Latino,White,Female,35-44,48.889,Loan originated
1,365000.0,45,765000.0,107.0,1,Not Hispanic or Latino,White,Female,45-54,47.368,Loan originated
1,1145000.0,46,1505000.0,293.0,1,Not Hispanic or Latino,Asian,Female,45-54,77.0,Loan originated
1,465000.0,42,585000.0,150.0,1,Hispanic or Latino,White,Female,45-54,79.922,Loan originated
1,75000.0,43,145000.0,65.0,1,Hispanic or Latino,White,Female,35-44,50.0,Loan originated
1,495000.0,50%-60%,525000.0,110.0,1,Not Hispanic or Latino,White,Female,35-44,95.0,Application denied
1,1025000.0,30%-<36%,1285000.0,378.0,1,Not Hispanic or Latino,White,Male,25-34,80.0,Loan originated
1,765000.0,40,965000.0,204.0,1,Hispanic or Latino,White,Male,45-54,79.844,Loan originated
1,925000.0,30%-<36%,1155000.0,727.0,1,Not Hispanic or Latino,White,Male,35-44,80.0,Loan originated
1,255000.0,40,305000.0,62.0,1,Not Hispanic or Latino,White,Male,35-44,86.333,Loan originated
1,315000.0,38,325000.0,108.0,1,Hispanic or Latino,White,Male,65-74,97.0,Loan originated
1,335000.0,43,525000.0,90.0,1,Not Hispanic or Latino,White,Female,25-34,64.381,Loan originated
1,405000.0,44,525000.0,92.0,1,Not Hispanic or Latino,Asian,Female,25-34,76.923,Loan originated
1,465000.0,48,715000.0,107.0,1,Not Hispanic or Latino,Asian,Female,35-44,64.789,Application denied
1,405000.0,20%-<30%,505000.0,342.0,1,Hispanic or Latino,White,Female,35-44,80.0,Loan originated
1,715000.0,41,795000.0,254.0,1,Not Hispanic or Latino,White,Male,55-64,90.0,Loan originated
1,405000.0,<20%,645000.0,355.0,1,Not Hispanic or Latino,Asian,Female,25-34,62.5,Loan originated
1,1035000.0,30%-<36%,1145000.0,343.0,1,Not Hispanic or Latino,Asian,Male,35-44,90.0,Loan originated
1,665000.0,20%-<30%,825000.0,205.0,1,Not Hispanic or Latino,White,Female,25-34,80.0,Loan originated
1,295000.0,49,375000.0,100.0,1,Hispanic or Latino,White,Male,35-44,80.0,Loan originated
1,885000.0,48,1105000.0,171.0,1,Not Hispanic or Latino,Asian,Male,35-44,80.0,Loan originated
1,715000.0,45,905000.0,202.0,1,Not Hispanic or Latino,Asian,Male,35-44,79.513,Loan originated
1,325000.0,20%-<30%,435000.0,257.0,1,Hispanic or Latino,White,Male,25-34,74.419,Loan originated
1,165000.0,30%-<36%,255000.0,98.0,1,Not Hispanic or Latino,White,Female,55-64,62.84,Loan originated
1,225000.0,49,285000.0,47.0,1,Hispanic or Latino,White,Female,35-44,80.0,Loan originated
1,335000.0,36,375000.0,100.0,1,Not Hispanic or Latino,White,Female,25-34,90.0,Loan originated
1,465000.0,20%-<30%,885000.0,230.0,1,Not Hispanic or Latino,White,Female,35-44,52.03,Loan originated
1,495000.0,41,555000.0,130.0,1,Hispanic or Latino,Black or African American,Male,35-44,90.0,Loan originated
1,385000.0,42,485000.0,105.0,1,Not Hispanic or Latino,White,Female,<25,80.0,Loan originated
1,415000.0,43,465000.0,108.0,1,Not Hispanic or Latino,Asian,Female,25-34,90.0,Loan originated
1,405000.0,37,905000.0,175.0,1,Not Hispanic or Latino,White,Male,>74,44.751,Loan originated
1,365000.0,48,465000.0,97.0,1,Not Hispanic or Latino,White,Female,65-74,80.0,Loan originated
1,1035000.0,47,1155000.0,210.0,1,Not Hispanic or Latino,White,Female,35-44,90.0,Loan originated
1,1145000.0,49,1265000.0,260.0,1,Not Hispanic or Latino,Asian,Male,35-44,91.26,Loan originated
1,355000.0,20%-<30%,545000.0,141.0,1,Not Hispanic or Latino,White,Female,25-34,64.22,Loan originated
1,255000.0,42,315000.0,70.0,1,Hispanic or Latino,White,Male,35-44,80.0,Loan originated
1,635000.0,40,845000.0,198.0,1,Not Hispanic or Latino,Asian,Male,45-54,75.0,Loan originated
1,695000.0,47,775000.0,149.0,1,Hispanic or Latino,White,Male,35-44,90.0,Loan originated
1,325000.0,50%-60%,365000.0,82.0,1,Hispanic or Latino,White,Female,25-34,90.278,Loan originated
1,765000.0,49,965000.0,242.0,1,Not Hispanic or Latino,Asian,Male,35-44,80.0,Loan originated
1,305000.0,49,525000.0,69.0,1,Not Hispanic or Latino,Asian,Female,>74,57.682,Loan originated
1,765000.0,43,855000.0,170.0,1,Not Hispanic or Latino,Asian,Male,25-34,89.727,Loan originated
1,465000.0,43,495000.0,122.0,1,Not Hispanic or Latino,White,Male,25-34,95.0,Application denied
1,605000.0,49,955000.0,119.0,1,Not Hispanic or Latino,White,Female,>74,63.158,Loan originated
1,155000.0,30%-<36%,475000.0,111.0,1,Not Hispanic or Latino,Asian,Female,35-44,31.579,Loan originated
1,725000.0,30%-<36%,915000.0,284.0,1,Not Hispanic or Latino,White,Female,<25,80.0,Loan originated
1,565000.0,30%-<36%,755000.0,224.0,1,Hispanic or Latino,White,Male,55-64,75.0,Loan originated
1,775000.0,30%-<36%,965000.0,241.0,1,Not Hispanic or Latino,Asian,Female,35-44,80.0,Loan originated
1,365000.0,49,455000.0,71.0,1,Hispanic or Latino,White,Male,25-34,80.0,Loan originated
1,715000.0,39,895000.0,189.0,1,Not Hispanic or Latino,Asian,Male,45-54,80.0,Loan originated
1,895000.0,43,995000.0,231.0,1,Not Hispanic or Latino,White,Male,25-34,90.0,Loan originated
1,465000.0,47,575000.0,102.0,1,Not Hispanic or Latino,White,Male,25-34,80.0,Loan originated
1,95000.0,44,435000.0,35.0,1,Not Hispanic or Latino,Black or African American,Female,25-34,100.705,Loan originated
1,345000.0,42,365000.0,91.0,1,Hispanic or Latino,American Indian or Alaska Native,Male,45-54,95.0,Loan originated
1,365000.0,49,535000.0,73.0,1,Not Hispanic or Latino,Asian,Female,35-44,67.92,Loan originated
1,215000.0,50%-60%,235000.0,107.0,1,Hispanic or Latino,White,Female,35-44,90.0,Loan originated
1,865000.0,39,1075000.0,225.0,1,Not Hispanic or Latino,White,Female,25-34,80.0,Loan originated
1,145000.0,30%-<36%,175000.0,121.0,1,Hispanic or Latino,White,Male,45-54,80.53,Loan originated
1,415000.0,20%-<30%,615000.0,140.0,1,Not Hispanic or Latino,2 or more minority races,Female,35-44,67.281,Application denied
1,155000.0,30%-<36%,705000.0,80.0,1,Hispanic or Latino,White,Female,35-44,21.42,Loan originated
1,965000.0,30%-<36%,1285000.0,285.0,1,Not Hispanic or Latino,Asian,Male,35-44,75.0,Loan originated
1,755000.0,43,835000.0,191.0,1,Not Hispanic or Latino,White,Male,25-34,90.0,Loan originated
1,385000.0,43,395000.0,92.0,1,Not Hispanic or Latino,Asian,Male,35-44,97.0,Loan originated
1,705000.0,38,885000.0,186.0,1,Not Hispanic or Latino,White,Male,25-34,80.0,Loan originated
1,545000.0,30%-<36%,735000.0,214.0,1,Not Hispanic or Latino,Asian,Male,25-34,75.0,Loan originated
1,935000.0,40,985000.0,283.0,1,Not Hispanic or Latino,Asian,Male,35-44,95.0,Loan originated
1,925000.0,36,1235000.0,337.0,1,Not Hispanic or Latino,Black or African American,Male,45-54,75.0,Loan originated
1,785000.0,48,985000.0,209.0,1,Not Hispanic or Latino,Asian,Male,45-54,80.0,Loan originated
1,665000.0,47,705000.0,126.0,1,Not Hispanic or Latino,White,Male,35-44,95.0,Loan originated
1,155000.0,20%-<30%,1195000.0,93.0,1,Not Hispanic or Latino,Asian,Male,25-34,13.0,Loan originated
1,465000.0,20%-<30%,575000.0,188.0,1,Not Hispanic or Latino,White,Male,45-54,80.0,Loan originated
1,345000.0,47,545000.0,86.0,1,Not Hispanic or Latino,White,Female,25-34,62.963,Loan originated
1,705000.0,30%-<36%,795000.0,333.0,1,Not Hispanic or Latino,White,Male,25-34,90.0,Loan originated
1,525000.0,>60%,615000.0,113.0,1,Not Hispanic or Latino,White,Male,35-44,85.0,Application denied
1,615000.0,30%-<36%,685000.0,215.0,1,Not Hispanic or Latino,White,Male,45-54,90.0,Loan originated
1,395000.0,42,695000.0,119.0,1,Not Hispanic or Latino,Asian,Male,<25,56.585,Loan originated
1,195000.0,41,285000.0,129.0,1,Not Hispanic or Latino,White,Female,55-64,68.0,Loan originated
1,565000.0,39,715000.0,135.0,1,Not Hispanic or Latino,Asian,Female,45-54,80.0,Loan originated
1,155000.0,44,305000.0,97.0,1,Not Hispanic or Latino,Asian,Female,45-54,50.5,Application denied
1,325000.0,38,405000.0,124.0,1,Not Hispanic or Latino,White,Male,65-74,80.0,Loan originated
1,775000.0,40,655000.0,203.0,1,Not Hispanic or Latino,Black or African American,Male,45-54,95.0,Application denied
1,445000.0,<20%,495000.0,1000.0,1,Not Hispanic or Latino,White,Male,35-44,89.899,Application denied
1,635000.0,41,715000.0,149.0,1,Hispanic or Latino,2 or more minority races,Male,25-34,90.0,Loan originated
1,745000.0,47,825000.0,153.0,1,Hispanic or Latino,White,Male,35-44,90.0,Loan originated
1,125000.0,30%-<36%,315000.0,72.0,1,Not Hispanic or Latino,White,Female,35-44,39.683,Loan originated
1,1045000.0,30%-<36%,1395000.0,320.0,1,Not Hispanic or Latino,White,Female,45-54,75.0,Loan originated
1,75000.0,45,115000.0,60.0,1,Hispanic or Latino,White,Male,25-34,63.64,Loan originated
1,135000.0,50%-60%,185000.0,54.0,1,Not Hispanic or Latino,White,Male,55-64,72.68,Application denied
1,425000.0,49,585000.0,89.0,1,Not Hispanic or Latino,White,Female,25-34,73.368,Loan originated
1,425000.0,20%-<30%,475000.0,324.0,1,Not Hispanic or Latino,Black or African American,Male,55-64,90.0,Loan originated
1,615000.0,48,645000.0,163.0,1,Not Hispanic or Latino,Asian,Female,55-64,95.0,Loan originated
1,675000.0,20%-<30%,845000.0,289.0,1,Not Hispanic or Latino,White,Male,25-34,80.0,Loan originated
1,765000.0,20%-<30%,1165000.0,339.0,1,Not Hispanic or Latino,Asian,Male,35-44,65.67,Loan originated
1,255000.0,40,265000.0,224.0,1,Not Hispanic or Latino,White,Male,35-44,95.0,Loan originated
1,245000.0,49,415000.0,50.0,1,Not Hispanic or Latino,White,Male,35-44,58.31,Loan originated
1,445000.0,37,555000.0,153.0,1,Hispanic or Latino,White,Female,35-44,80.0,Loan originated
1,635000.0,45,685000.0,218.0,1,Not Hispanic or Latino,White,Female,25-34,92.7,Loan originated
1,625000.0,20%-<30%,965000.0,239.0,1,Not Hispanic or Latino,Asian,Male,45-54,64.87,Loan originated
1,565000.0,39,705000.0,142.0,1,Not Hispanic or Latino,Asian,Male,35-44,80.0,Loan originated
1,455000.0,40,515000.0,115.0,1,Hispanic or Latino,White,Male,25-34,89.98,Loan originated
1,725000.0,45,825000.0,182.0,1,Not Hispanic or Latino,Black or African American,Female,35-44,88.08,Loan originated
1,495000.0,43,585000.0,111.0,1,Not Hispanic or Latino,White,Male,35-44,85.0,Loan originated
1,305000.0,49,435000.0,77.0,1,Not Hispanic or Latino,White,Male,55-64,70.0,Loan originated
1,275000.0,45,425000.0,57.0,1,Hispanic or Latino,White,Male,55-64,64.953,Loan originated
1,205000.0,30%-<36%,455000.0,87.0,1,Not Hispanic or Latino,American Indian or Alaska Native,Male,45-54,46.556,Loan originated
1,205000.0,44,225000.0,86.0,1,Not Hispanic or Latino,Black or African American,Female,25-34,90.0,Loan originated
1,455000.0,42,585000.0,172.0,1,Not Hispanic or Latino,White,Female,45-54,80.0,Loan originated
1,1045000.0,49,1395000.0,220.0,1,Not Hispanic or Latino,Asian,Male,25-34,75.0,Loan originated
1,905000.0,44,1125000.0,277.0,1,Not Hispanic or Latino,Asian,Female,35-44,80.0,Loan originated
1,305000.0,>60%,615000.0,30.0,1,Not Hispanic or Latino,Asian,Male,25-34,48.389,Application denied
1,925000.0,47,1155000.0,234.0,1,Not Hispanic or Latino,White,Female,65-74,80.0,Loan originated
1,735000.0,30%-<36%,1685000.0,357.0,1,Not Hispanic or Latino,White,Male,35-44,43.452,Loan originated
1,755000.0,49,945000.0,207.0,1,Not Hispanic or Latino,Asian,Male,35-44,80.0,Loan originated
1,615000.0,30%-<36%,775000.0,190.0,1,Not Hispanic or Latino,White,Male,25-34,79.99,Loan originated
1,245000.0,49,305000.0,66.0,1,Hispanic or Latino,White,Female,45-54,80.0,Loan originated
1,335000.0,48,355000.0,68.0,1,Hispanic or Latino,2 or more minority races,Female,45-54,95.0,Loan originated
1,835000.0,38,1135000.0,220.0,1,Not Hispanic or Latino,Asian,Male,25-34,72.86,Loan originated
1,5000.0,30%-<36%,5000.0,43.0,1,Not Hispanic or Latino,White,Female,25-34,71.066,Application denied
1,125000.0,38,625000.0,98.0,1,Not Hispanic or Latino,White,Male,65-74,20.0,Loan originated
1,305000.0,48,505000.0,78.0,1,Not Hispanic or Latino,White,Female,25-34,60.0,Loan originated
1,525000.0,39,755000.0,133.0,1,Hispanic or Latino,White,Female,65-74,69.333,Loan originated
1,495000.0,39,525000.0,149.0,1,Hispanic or Latino,White,Male,25-34,98.0,Loan originated
1,305000.0,49,575000.0,65.0,1,Not Hispanic or Latino,Asian,Male,55-64,54.0,Loan originated
1,355000.0,30%-<36%,375000.0,139.0,1,Not Hispanic or Latino,White,Female,55-64,95.0,Loan originated
1,965000.0,43,1285000.0,221.0,1,Not Hispanic or Latino,Asian,Female,35-44,75.0,Loan originated
1,605000.0,49,615000.0,124.0,1,Hispanic or Latino,White,Male,<25,97.0,Loan originated
1,265000.0,44,625000.0,72.0,1,Not Hispanic or Latino,White,Female,25-34,42.167,Loan originated
1,535000.0,48,715000.0,160.0,1,Not Hispanic or Latino,White,Female,35-44,75.0,Loan originated
1,845000.0,42,1135000.0,188.0,1,Not Hispanic or Latino,Black or African American,Female,65-74,75.0,Loan originated
1,745000.0,41,995000.0,524.0,1,Not Hispanic or Latino,Black or African American,Male,55-64,75.0,Loan originated
1,365000.0,47,385000.0,79.0,1,Hispanic or Latino,White,Male,25-34,95.0,Loan originated
1,525000.0,50%-60%,555000.0,130.0,1,Hispanic or Latino,White,Male,45-54,95.0,Application denied
1,175000.0,20%-<30%,295000.0,185.0,1,Not Hispanic or Latino,White,Female,55-64,60.0,Loan originated
1,315000.0,37,395000.0,117.0,1,Hispanic or Latino,White,Female,35-44,80.0,Loan originated
1,225000.0,39,265000.0,59.0,1,Not Hispanic or Latino,White,Male,65-74,85.0,Loan originated
1,405000.0,42,505000.0,91.0,1,Not Hispanic or Latino,Asian,Male,45-54,80.0,Loan originated
1,235000.0,49,385000.0,49.0,1,Hispanic or Latino,White,Female,35-44,62.813,Loan originated
1,585000.0,20%-<30%,985000.0,277.0,1,Not Hispanic or Latino,Asian,Female,35-44,60.0,Loan originated
1,905000.0,40,1065000.0,24.0,1,Not Hispanic or Latino,Asian,Male,35-44,84.91,Loan originated
1,885000.0,30%-<36%,1105000.0,260.0,1,Not Hispanic or Latino,Asian,Male,25-34,80.0,Loan originated
1,765000.0,37,855000.0,237.0,1,Not Hispanic or Latino,Asian,Male,35-44,89.83,Loan originated
1,595000.0,49,625000.0,140.0,1,Not Hispanic or Latino,Asian,Male,35-44,95.0,Loan originated
1,645000.0,49,685000.0,159.0,1,Not Hispanic or Latino,Asian,Female,35-44,95.0,Loan originated
1,315000.0,47,415000.0,93.0,1,Not Hispanic or Latino,White,Male,35-44,75.0,Loan originated
1,945000.0,41,1175000.0,243.0,1,Not Hispanic or Latino,Asian,Male,35-44,80.0,Loan originated
1,555000.0,44,695000.0,249.0,1,Not Hispanic or Latino,Asian,Male,35-44,79.848,Loan originated
1,585000.0,44,725000.0,272.0,1,Not Hispanic or Latino,Asian,Male,35-44,80.0,Loan originated
1,295000.0,20%-<30%,355000.0,108.0,1,Not Hispanic or Latino,Asian,Male,55-64,90.0,Loan originated
1,815000.0,48,1015000.0,257.0,1,Not Hispanic or Latino,White,Female,>74,80.0,Loan originated
1,235000.0,39,1125000.0,101.0,1,Not Hispanic or Latino,White,Female,55-64,21.0,Loan originated
1,635000.0,41,705000.0,151.0,1,Not Hispanic or Latino,Asian,Male,35-44,90.0,Loan originated
1,685000.0,40,855000.0,236.0,1,Not Hispanic or Latino,Asian,Male,45-54,80.0,Loan originated
1,565000.0,50%-60%,705000.0,192.0,1,Not Hispanic or Latino,White,Male,35-44,80.0,Loan originated
1,405000.0,44,505000.0,85.0,1,Not Hispanic or Latino,Asian,Female,25-34,80.0,Loan originated
1,475000.0,49,595000.0,131.0,1,Hispanic or Latino,White,Female,45-54,80.0,Application denied
1,375000.0,30%-<36%,1515000.0,168.0,1,Not Hispanic or Latino,White,Male,65-74,24.752,Loan originated
1,735000.0,49,815000.0,197.0,1,Not Hispanic or Latino,Asian,Male,35-44,90.0,Loan originated
1,825000.0,>60%,1325000.0,902.0,1,Not Hispanic or Latino,White,Male,25-34,62.26,Loan originated
1,435000.0,39,965000.0,135.0,1,Hispanic or Latino,White,Male,55-64,46.237,Loan originated
1,505000.0,30%-<36%,895000.0,175.0,1,Hispanic or Latino,White,Male,45-54,56.0,Application denied
1,585000.0,47,615000.0,159.0,1,Hispanic or Latino,White,Female,35-44,95.0,Loan originated
1,625000.0,40,835000.0,259.0,1,Not Hispanic or Latino,Asian,Male,25-34,74.97,Loan originated
1,295000.0,>60%,465000.0,45.0,1,Not Hispanic or Latino,Asian,Male,35-44,65.0,Loan originated
1,485000.0,49,605000.0,121.0,1,Not Hispanic or Latino,White,Male,25-34,80.0,Loan originated
1,695000.0,43,925000.0,196.0,1,Not Hispanic or Latino,White,Female,55-64,75.0,Loan originated
1,625000.0,46,655000.0,260.0,1,Hispanic or Latino,White,Male,25-34,95.0,Loan originated
1,435000.0,47,1515000.0,237.0,1,Not Hispanic or Latino,White,Female,35-44,28.78,Loan originated
1,655000.0,49,775000.0,176.0,1,Not Hispanic or Latino,Asian,Male,35-44,85.0,Loan originated
1,675000.0,42,845000.0,160.0,1,Not Hispanic or Latino,Asian,Female,35-44,80.0,Loan originated
1,365000.0,40,405000.0,89.0,1,Hispanic or Latino,White,Female,25-34,89.88,Loan originated
1,345000.0,49,435000.0,80.0,1,Not Hispanic or Latino,White,Female,45-54,78.42,Loan originated
1,515000.0,48,535000.0,122.0,1,Hispanic or Latino,2 or more minority races,Female,35-44,97.0,Loan originated
1,415000.0,49,505000.0,95.0,1,Hispanic or Latino,White,Male,35-44,103.0,Loan originated
1,445000.0,43,555000.0,154.0,1,Not Hispanic or Latino,White,Female,35-44,80.0,Loan originated
1,745000.0,44,825000.0,202.0,1,Not Hispanic or Latino,White,Male,25-34,90.0,Loan originated
1,305000.0,48,825000.0,87.0,1,Not Hispanic or Latino,White,Male,35-44,36.585,Loan originated
1,895000.0,49,1125000.0,232.0,1,Not Hispanic or Latino,White,Male,35-44,80.0,Loan originated
1,1045000.0,36,1305000.0,305.0,1,Not Hispanic or Latino,Asian,Male,35-44,80.0,Loan originated
1,325000.0,>60%,395000.0,43.0,1,Hispanic or Latino,White,Male,45-54,83.333,Application denied
1,545000.0,42,655000.0,157.0,1,Hispanic or Latino,White,Male,<25,84.0,Loan originated
1,785000.0,45,1455000.0,214.0,1,Not Hispanic or Latino,White,Female,>74,54.455,Loan originated
1,505000.0,42,1405000.0,143.0,1,Not Hispanic or Latino,Asian,Female,55-64,35.715,Loan originated
1,385000.0,42,715000.0,94.0,1,Not Hispanic or Latino,White,Male,25-34,53.693,Loan originated
1,425000.0,42,455000.0,94.0,1,Not Hispanic or Latino,Asian,Female,25-34,95.0,Loan originated
1,135000.0,38,955000.0,79.0,1,Not Hispanic or Latino,White,Female,45-54,14.0,Loan originated
1,495000.0,20%-<30%,1095000.0,214.0,1,Not Hispanic or Latino,White,Female,35-44,44.96,Loan originated
1,315000.0,<20%,455000.0,507.0,1,Not Hispanic or Latino,White,Male,25-34,70.0,Loan originated
1,415000.0,42,465000.0,110.0,1,Not Hispanic or Latino,White,Male,25-34,90.0,Loan originated
1,715000.0,42,755000.0,235.0,1,Not Hispanic or Latino,White,Female,45-54,95.0,Loan originated
1,675000.0,49,835000.0,166.0,1,Not Hispanic or Latino,Asian,Male,55-64,80.0,Loan originated
1,545000.0,44,605000.0,122.0,1,Not Hispanic or Latino,Black or African American,Female,25-34,89.99,Loan originated
1,905000.0,42,1225000.0,217.0,1,Not Hispanic or Latino,Asian,Female,25-34,73.77,Loan originated
1,495000.0,37,665000.0,138.0,1,Not Hispanic or Latino,White,Male,35-44,75.0,Loan originated
1,605000.0,50%-60%,1805000.0,188.0,1,Not Hispanic or Latino,White,Male,35-44,38.722,Application denied
1,945000.0,30%-<36%,2005000.0,536.0,1,Not Hispanic or Latino,Asian,Male,25-34,47.234,Loan originated
1,545000.0,45,685000.0,113.0,1,Not Hispanic or Latino,Asian,Female,35-44,86.26,Loan originated
1,475000.0,46,525000.0,153.0,1,Not Hispanic or Latino,White,Female,65-74,90.0,Loan originated
1,395000.0,38,645000.0,133.0,1,Not Hispanic or Latino,Asian,Male,25-34,60.938,Loan originated
1,705000.0,48,875000.0,159.0,1,Not Hispanic or Latino,Asian,Male,25-34,80.0,Loan originated
1,765000.0,50%-60%,875000.0,191.0,1,Not Hispanic or Latino,Asian,Male,25-34,87.6,Application denied
1,615000.0,36,635000.0,168.0,1,Hispanic or Latino,White,Male,25-34,97.0,Loan originated
1,445000.0,49,505000.0,96.0,1,Hispanic or Latino,White,Male,45-54,88.0,Loan originated
1,1125000.0,40,1405000.0,397.0,1,Not Hispanic or Latino,White,Female,55-64,80.0,Loan originated
1,255000.0,38,285000.0,73.0,1,Hispanic or Latino,White,Male,25-34,90.0,Loan originated
1,505000.0,20%-<30%,805000.0,213.0,1,Not Hispanic or Latino,White,Female,35-44,62.5,Loan originated
1,445000.0,44,475000.0,144.0,1,Not Hispanic or Latino,White,Female,55-64,95.0,Loan originated
1,1035000.0,45,1145000.0,236.0,1,Not Hispanic or Latino,Asian,Male,25-34,90.0,Application denied
1,535000.0,38,665000.0,137.0,1,Not Hispanic or Latino,White,Male,25-34,80.0,Loan originated
1,175000.0,45,175000.0,48.0,1,Hispanic or Latino,White,Female,<25,98.0,Loan originated
1,955000.0,30%-<36%,1285000.0,463.0,1,Not Hispanic or Latino,White,Male,45-54,74.219,Loan originated
1,395000.0,48,515000.0,87.0,1,Not Hispanic or Latino,White,Female,25-34,76.7,Loan originated
1,305000.0,38,475000.0,129.0,1,Not Hispanic or Latino,White,Female,45-54,64.211,Loan originated
1,535000.0,20%-<30%,665000.0,318.0,1,Not Hispanic or Latino,White,Male,25-34,80.0,Loan originated
1,995000.0,37,1055000.0,498.0,1,Not Hispanic or Latino,White,Female,25-34,95.0,Loan originated
1,245000.0,37,625000.0,67.0,1,Hispanic or Latino,White,Female,45-54,39.0,Loan originated
1,245000.0,49,265000.0,62.0,1,Hispanic or Latino,White,Male,45-54,95.0,Loan originated
1,605000.0,48,525000.0,144.0,1,Hispanic or Latino,White,Male,<25,115.432,Application denied
1,735000.0,38,925000.0,214.0,1,Not Hispanic or Latino,Asian,Male,35-44,80.0,Loan originated
1,605000.0,30%-<36%,955000.0,225.0,1,Hispanic or Latino,White,Female,35-44,62.827,Application denied
1,85000.0,46,95000.0,55.0,1,Not Hispanic or Latino,Black or African American,Female,55-64,96.29,Application denied
1,395000.0,48,495000.0,125.0,1,Hispanic or Latino,White,Male,45-54,80.0,Loan originated
1,465000.0,<20%,585000.0,313.0,1,Hispanic or Latino,White,Male,35-44,80.0,Loan originated
1,655000.0,50%-60%,725000.0,140.0,1,Hispanic or Latino,White,Male,35-44,90.6,Loan originated
1,1005000.0,48,1255000.0,207.0,1,Not Hispanic or Latino,White,Male,25-34,80.0,Loan originated
1,485000.0,46,655000.0,196.0,1,Not Hispanic or Latino,White,Male,45-54,75.0,Loan originated
1,505000.0,20%-<30%,1055000.0,342.0,1,Not Hispanic or Latino,Asian,Male,65-74,47.31,Loan originated
1,435000.0,49,725000.0,96.0,1,Not Hispanic or Latino,White,Male,25-34,66.0,Application denied
1,335000.0,44,375000.0,123.0,1,Not Hispanic or Latino,Asian,Female,65-74,90.0,Loan originated
1,925000.0,44,1845000.0,221.0,1,Not Hispanic or Latino,Asian,Female,25-34,50.0,Loan originated
1,675000.0,30%-<36%,795000.0,243.0,1,Not Hispanic or Latino,White,Male,35-44,85.0,Loan originated
1,635000.0,49,795000.0,192.0,1,Hispanic or Latino,White,Male,35-44,80.0,Loan originated
1,625000.0,40,705000.0,169.0,1,Not Hispanic or Latino,Asian,Female,35-44,89.99,Loan originated
1,475000.0,49,655000.0,104.0,1,Not Hispanic or Latino,White,Female,35-44,27.64,Loan originated
1,735000.0,47,825000.0,215.0,1,Hispanic or Latino,Black or African American,Male,35-44,90.0,Loan originated
1,545000.0,36,775000.0,325.0,1,Not Hispanic or Latino,Asian,Female,55-64,70.0,Loan originated
1,945000.0,48,1055000.0,246.0,1,Hispanic or Latino,Native Hawaiian or Other Pacific Islander,Male,35-44,90.0,Loan originated
1,635000.0,48,675000.0,174.0,1,Hispanic or Latino,White,Female,35-44,95.0,Loan originated
1,95000.0,37,105000.0,72.0,1,Not Hispanic or Latino,White,Male,55-64,92.0,Application denied
1,475000.0,50%-60%,595000.0,124.0,1,Hispanic or Latino,White,Female,35-44,80.0,Application denied
1,275000.0,20%-<30%,295000.0,98.0,1,Hispanic or Latino,White,Male,45-54,95.0,Loan originated
1,435000.0,43,455000.0,117.0,1,Hispanic or Latino,White,Female,25-34,97.0,Loan originated
1,555000.0,42,1055000.0,132.0,1,Not Hispanic or Latino,Asian,Female,45-54,52.381,Loan originated
1,685000.0,44,775000.0,155.0,1,Not Hispanic or Latino,Asian,Male,25-34,87.89,Loan originated
1,525000.0,47,1235000.0,130.0,1,Not Hispanic or Latino,White,Male,45-54,43.0,Loan originated
1,565000.0,30%-<36%,595000.0,290.0,1,Not Hispanic or Latino,White,Male,35-44,95.0,Loan originated
1,425000.0,20%-<30%,855000.0,165.0,1,Not Hispanic or Latino,Asian,Female,25-34,50.0,Loan originated
1,225000.0,39,625000.0,107.0,1,Hispanic or Latino,White,Male,65-74,36.048,Loan originated
1,645000.0,38,755000.0,190.0,1,Not Hispanic or Latino,White,Male,25-34,86.019,Loan originated
1,225000.0,30%-<36%,545000.0,71.0,1,Hispanic or Latino,White,Male,55-64,40.709,Loan originated
1,755000.0,49,905000.0,162.0,1,Not Hispanic or Latino,Asian,Male,35-44,83.944,Loan originated
1,355000.0,>60%,505000.0,48.0,1,Hispanic or Latino,White,Female,55-64,70.0,Application denied
1,365000.0,47,415000.0,96.0,1,Not Hispanic or Latino,White,Female,25-34,90.0,Loan originated
1,555000.0,>60%,575000.0,71.0,1,Hispanic or Latino,White,Male,25-34,97.0,Application denied
1,505000.0,44,675000.0,121.0,1,Not Hispanic or Latino,White,Male,35-44,75.0,Loan originated
1,465000.0,46,515000.0,123.0,1,Hispanic or Latino,White,Male,45-54,90.0,Loan originated
1,875000.0,39,975000.0,223.0,1,Not Hispanic or Latino,White,Male,35-44,90.0,Loan originated
1,405000.0,37,1805000.0,215.0,1,Not Hispanic or Latino,White,Male,55-64,22.205,Loan originated
1,1075000.0,<20%,1435000.0,638.0,1,Not Hispanic or Latino,White,Male,25-34,75.0,Loan originated
1,505000.0,39,625000.0,126.0,1,Not Hispanic or Latino,Asian,Male,35-44,80.0,Loan originated
1,705000.0,30%-<36%,1105000.0,244.0,1,Not Hispanic or Latino,Asian,Male,35-44,63.42,Loan originated
1,275000.0,<20%,345000.0,170.0,1,Not Hispanic or Latino,White,Female,35-44,80.0,Loan originated
1,305000.0,41,425000.0,80.0,1,Hispanic or Latino,White,Female,45-54,71.765,Loan originated
1,385000.0,30%-<36%,555000.0,115.0,1,Not Hispanic or Latino,Asian,Female,45-54,70.0,Loan originated
1,685000.0,37,855000.0,285.0,1,Hispanic or Latino,White,Male,45-54,80.0,Loan originated
1,555000.0,43,585000.0,132.0,1,Hispanic or Latino,2 or more minority races,Male,25-34,95.0,Loan originated
1,375000.0,50%-60%,485000.0,77.0,1,Hispanic or Latino,White,Female,35-44,76.856,Application denied
1,195000.0,37,205000.0,54.0,1,Not Hispanic or Latino,White,Male,25-34,95.0,Loan originated
1,435000.0,30%-<36%,725000.0,234.0,1,Not Hispanic or Latino,White,Male,35-44,60.0,Loan originated
1,815000.0,46,1355000.0,174.0,1,Not Hispanic or Latino,White,Female,35-44,60.0,Loan originated
1,555000.0,42,695000.0,138.0,1,Not Hispanic or Latino,Asian,Female,<25,80.0,Loan originated
1,555000.0,47,885000.0,156.0,1,Not Hispanic or Latino,Asian,Female,55-64,61.881,Application denied
1,705000.0,49,935000.0,127.0,1,Not Hispanic or Latino,Asian,Male,45-54,75.0,Loan originated
1,65000.0,20%-<30%,365000.0,56.0,1,Not Hispanic or Latino,White,Male,65-74,18.012,Loan originated
1,555000.0,41,585000.0,131.0,1,Not Hispanic or Latino,White,Female,55-64,95.0,Loan originated
1,615000.0,30%-<36%,775000.0,175.0,1,Not Hispanic or Latino,White,Male,35-44,80.0,Loan originated
1,145000.0,30%-<36%,695000.0,79.0,1,Not Hispanic or Latino,White,Female,55-64,20.29,Loan originated
1,325000.0,41,415000.0,74.0,1,Not Hispanic or Latino,Asian,Male,35-44,100.0,Loan originated
1,415000.0,46,515000.0,84.0,1,Hispanic or Latino,White,Female,45-54,79.15,Loan originated
1,325000.0,30%-<36%,645000.0,115.0,1,Not Hispanic or Latino,White,Male,55-64,50.17,Loan originated
1,125000.0,30%-<36%,565000.0,63.0,1,Not Hispanic or Latino,White,Female,65-74,21.429,Loan originated
1,225000.0,39,375000.0,62.0,1,Not Hispanic or Latino,White,Male,>74,60.32,Loan originated
1,755000.0,37,945000.0,200.0,1,Not Hispanic or Latino,Asian,Male,25-34,80.0,Loan originated
1,255000.0,30%-<36%,515000.0,109.0,1,Hispanic or Latino,White,Female,25-34,49.904,Loan originated
1,395000.0,45,525000.0,102.0,1,Not Hispanic or Latino,Asian,Female,35-44,75.0,Loan originated
1,775000.0,<20%,1195000.0,1827.0,1,Not Hispanic or Latino,Asian,Female,55-64,64.86,Loan originated
1,945000.0,47,1265000.0,204.0,1,Not Hispanic or Latino,Asian,Male,35-44,76.19,Application denied
1,455000.0,43,1305000.0,195.0,1,Not Hispanic or Latino,White,Male,>74,34.615,Loan originated
1,655000.0,49,725000.0,299.0,1,Hispanic or Latino,Black or African American,Female,35-44,89.99,Loan originated
1,245000.0,49,265000.0,63.0,1,Hispanic or Latino,White,Female,<25,95.0,Loan originated
1,305000.0,49,575000.0,72.0,1,Hispanic or Latino,White,Female,55-64,53.333,Loan originated
1,335000.0,49,515000.0,77.0,1,Not Hispanic or Latino,White,Female,35-44,65.049,Application denied
1,305000.0,30%-<36%,855000.0,111.0,1,Not Hispanic or Latino,White,Male,55-64,35.294,Loan originated
1,465000.0,20%-<30%,545000.0,218.0,1,Hispanic or Latino,White,Male,35-44,85.0,Loan originated
1,355000.0,20%-<30%,395000.0,311.0,1,Not Hispanic or Latino,White,Female,35-44,89.9,Loan originated
1,285000.0,39,355000.0,85.0,1,Not Hispanic or Latino,Asian,Female,35-44,80.0,Loan originated
1,315000.0,43,515000.0,148.0,1,Not Hispanic or Latino,Asian,Female,25-34,61.427,Loan originated
1,315000.0,>60%,455000.0,33.0,1,Hispanic or Latino,White,Female,65-74,71.419,Application denied
1,245000.0,44,345000.0,77.0,1,Not Hispanic or Latino,Black or African American,Female,25-34,100.0,Loan originated
1,265000.0,49,445000.0,135.0,1,Hispanic or Latino,White,Male,25-34,59.723,Loan originated
1,335000.0,47,355000.0,76.0,1,Hispanic or Latino,White,Male,25-34,95.0,Loan originated
1,555000.0,49,585000.0,141.0,1,Not Hispanic or Latino,Asian,Male,25-34,95.0,Loan originated
1,685000.0,48,795000.0,148.0,1,Hispanic or Latino,White,Male,35-44,86.709,Loan originated
1,145000.0,49,415000.0,38.0,1,Hispanic or Latino,White,Female,65-74,35.854,Loan originated
1,905000.0,44,1125000.0,230.0,1,Not Hispanic or Latino,Asian,Male,35-44,80.0,Loan originated
1,685000.0,48,755000.0,137.0,1,Hispanic or Latino,White,Female,35-44,90.667,Loan originated
1,885000.0,49,1235000.0,210.0,1,Not Hispanic or Latino,Asian,Female,35-44,71.545,Loan originated
1,305000.0,<20%,315000.0,199.0,1,Not Hispanic or Latino,Asian,Male,35-44,97.0,Loan originated
1,295000.0,49,305000.0,73.0,1,Not Hispanic or Latino,Asian,Female,25-34,97.0,Loan originated
1,845000.0,48,1205000.0,167.0,1,Not Hispanic or Latino,Asian,Female,35-44,70.0,Loan originated
1,845000.0,50%-60%,995000.0,147.0,1,Hispanic or Latino,White,Female,25-34,85.0,Loan originated
1,275000.0,38,535000.0,79.0,1,Not Hispanic or Latino,White,Female,25-34,52.32,Application denied
1,355000.0,44,625000.0,144.0,1,Not Hispanic or Latino,Asian,Female,55-64,57.259,Loan originated
1,315000.0,49,385000.0,67.0,1,Hispanic or Latino,Asian,Female,45-54,80.0,Loan originated
1,755000.0,45,1125000.0,195.0,1,Not Hispanic or Latino,White,Female,35-44,66.964,Loan originated
1,635000.0,38,795000.0,181.0,1,Not Hispanic or Latino,Black or African American,Male,65-74,80.0,Loan originated
1,335000.0,30%-<36%,495000.0,155.0,1,Not Hispanic or Latino,White,Male,35-44,67.82,Loan originated
1,235000.0,44,885000.0,68.0,1,Not Hispanic or Latino,White,Female,45-54,26.35,Loan originated
1,575000.0,44,925000.0,131.0,1,Not Hispanic or Latino,White,Female,55-64,62.145,Loan originated
1,395000.0,37,495000.0,124.0,1,Not Hispanic or Latino,White,Male,25-34,80.0,Loan originated
1,285000.0,37,355000.0,75.0,1,Hispanic or Latino,White,Male,45-54,80.0,Application denied
1,695000.0,47,735000.0,191.0,1,Not Hispanic or Latino,Black or African American,Male,45-54,95.0,Application denied
1,405000.0,45,515000.0,108.0,1,Not Hispanic or Latino,White,Female,45-54,80.0,Loan originated
1,585000.0,50%-60%,625000.0,97.0,1,Hispanic or Latino,White,Male,55-64,95.0,Application denied
1,455000.0,44,1705000.0,214.0,1,Not Hispanic or Latino,Asian,Female,55-64,26.47,Loan originated
1,345000.0,44,425000.0,76.0,1,Not Hispanic or Latino,White,Male,45-54,80.0,Application denied
1,745000.0,43,785000.0,222.0,1,Hispanic or Latino,White,Female,35-44,95.0,Loan originated
1,745000.0,42,925000.0,241.0,1,Not Hispanic or Latino,Asian,Female,35-44,80.0,Loan originated
1,675000.0,47,845000.0,130.0,1,Not Hispanic or Latino,Asian,Male,35-44,80.0,Loan originated
1,625000.0,40,705000.0,165.0,1,Not Hispanic or Latino,White,Male,45-54,88.0,Loan originated
1,445000.0,49,555000.0,219.0,1,Not Hispanic or Latino,White,Male,35-44,80.0,Loan originated
1,765000.0,47,855000.0,143.0,1,Hispanic or Latino,White,Male,35-44,90.0,Loan originated
1,405000.0,30%-<36%,505000.0,188.0,1,Not Hispanic or Latino,White,Male,45-54,80.0,Loan originated
1,355000.0,42,555000.0,106.0,1,Not Hispanic or Latino,White,Female,45-54,64.45,Loan originated
1,615000.0,47,645000.0,132.0,1,Hispanic or Latino,White,Male,35-44,95.0,Loan originated
1,95000.0,50%-60%,115000.0,117.0,1,Hispanic or Latino,White,Female,55-64,80.0,Application denied
1,255000.0,48,955000.0,102.0,1,Not Hispanic or Latino,White,Female,45-54,26.31,Loan originated
1,555000.0,44,585000.0,134.0,1,Hispanic or Latino,White,Male,45-54,95.0,Loan originated
1,405000.0,30%-<36%,445000.0,120.0,1,Not Hispanic or Latino,White,Male,25-34,90.0,Loan originated
1,645000.0,38,755000.0,395.0,1,Not Hispanic or Latino,White,Male,35-44,85.0,Loan originated
1,435000.0,50%-60%,585000.0,110.0,1,Not Hispanic or Latino,White,Male,25-34,75.0,Loan originated
1,905000.0,39,1805000.0,252.0,1,Not Hispanic or Latino,White,Male,35-44,50.0,Loan originated
1,405000.0,49,435000.0,120.0,1,Not Hispanic or Latino,Black or African American,Female,25-34,99.65,Loan originated
1,1145000.0,30%-<36%,1435000.0,313.0,1,Not Hispanic or Latino,Asian,Male,35-44,80.0,Loan originated
1,765000.0,45,1065000.0,180.0,1,Not Hispanic or Latino,American Indian or Alaska Native,Female,55-64,72.31,Loan originated
1,665000.0,47,785000.0,139.0,1,Not Hispanic or Latino,Asian,Male,25-34,105.0,Loan originated
1,245000.0,38,345000.0,65.0,1,Not Hispanic or Latino,White,Female,55-64,73.0,Loan originated
1,765000.0,45,1465000.0,303.0,1,Not Hispanic or Latino,White,Male,45-54,52.503,Loan originated
1,215000.0,43,295000.0,47.0,1,Not Hispanic or Latino,Asian,Male,45-54,75.0,Loan originated
1,405000.0,42,425000.0,128.0,1,Not Hispanic or Latino,White,Female,35-44,95.0,Loan originated
1,225000.0,49,505000.0,67.0,1,Hispanic or Latino,White,Female,65-74,56.559,Loan originated
1,825000.0,30%-<36%,965000.0,256.0,1,Not Hispanic or Latino,White,Male,35-44,85.0,Loan originated
1,1005000.0,30%-<36%,1705000.0,356.0,1,Not Hispanic or Latino,White,Female,55-64,58.62,Loan originated
1,745000.0,37,825000.0,239.0,1,Not Hispanic or Latino,White,Male,25-34,90.0,Loan originated
1,305000.0,47,525000.0,117.0,1,Not Hispanic or Latino,White,Male,35-44,57.692,Loan originated
1,605000.0,46,815000.0,301.0,1,Not Hispanic or Latino,White,Female,45-54,75.0,Loan originated
1,405000.0,45,435000.0,103.0,1,Not Hispanic or Latino,White,Female,25-34,93.104,Loan originated
1,815000.0,30%-<36%,1035000.0,219.0,1,Not Hispanic or Latino,White,Female,<25,78.641,Loan originated
1,165000.0,48,415000.0,72.0,1,Not Hispanic or Latino,White,Male,55-64,40.0,Loan originated
1,625000.0,30%-<36%,785000.0,196.0,1,Not Hispanic or Latino,Asian,Female,25-34,80.0,Loan originated
1,295000.0,48,315000.0,251.0,1,Hispanic or Latino,White,Male,<25,95.0,Loan originated
1,455000.0,36,485000.0,131.0,1,Not Hispanic or Latino,Asian,Male,45-54,95.0,Loan originated
1,285000.0,20%-<30%,355000.0,147.0,1,Not Hispanic or Latino,Asian,Male,55-64,80.0,Loan originated
1,635000.0,47,755000.0,219.0,1,Not Hispanic or Latino,Asian,Male,35-44,85.0,Loan originated
1,585000.0,47,655000.0,123.0,1,Hispanic or Latino,White,Male,<25,89.231,Loan originated
1,625000.0,47,785000.0,146.0,1,Not Hispanic or Latino,White,Female,>74,79.54,Loan originated
1,465000.0,<20%,625000.0,261.0,1,Not Hispanic or Latino,Asian,Female,55-64,75.0,Loan originated
1,525000.0,44,595000.0,140.0,1,Not Hispanic or Latino,Asian,Female,35-44,88.0,Loan originated
1,625000.0,47,695000.0,175.0,1,Not Hispanic or Latino,White,Male,55-64,89.99,Loan originated
1,995000.0,47,1185000.0,208.0,1,Not Hispanic or Latino,Asian,Male,45-54,90.0,Loan originated
1,1005000.0,30%-<36%,1265000.0,480.0,1,Not Hispanic or Latino,Asian,Male,25-34,80.0,Loan originated
1,255000.0,44,455000.0,80.0,1,Not Hispanic or Latino,White,Female,25-34,56.0,Loan originated
1,115000.0,36,595000.0,51.0,1,Not Hispanic or Latino,White,Female,65-74,18.364,Loan originated
1,925000.0,44,1615000.0,299.0,1,Not Hispanic or Latino,White,Male,35-44,84.112,Loan originated
1,595000.0,49,855000.0,120.0,1,Not Hispanic or Latino,White,Female,45-54,70.0,Loan originated
1,415000.0,30%-<36%,525000.0,191.0,1,Hispanic or Latino,White,Female,25-34,80.0,Loan originated
1,305000.0,46,325000.0,156.0,1,Not Hispanic or Latino,Asian,Male,35-44,95.0,Loan originated
1,205000.0,49,275000.0,75.0,1,Not Hispanic or Latino,Asian,Male,25-34,73.548,Loan originated
1,175000.0,<20%,255000.0,135.0,1,Hispanic or Latino,White,Male,35-44,70.0,Loan originated
1,605000.0,49,645000.0,145.0,1,Hispanic or Latino,White,Male,25-34,95.0,Loan originated
1,275000.0,44,555000.0,80.0,1,Not Hispanic or Latino,White,Female,35-44,50.0,Loan originated
1,35000.0,<20%,65000.0,129.0,1,Not Hispanic or Latino,White,Female,55-64,63.71,Loan originated
1,365000.0,30%-<36%,455000.0,139.0,1,Not Hispanic or Latino,White,Male,25-34,80.0,Loan originated
1,445000.0,49,465000.0,89.0,1,Not Hispanic or Latino,White,Female,55-64,100.0,Loan originated
1,325000.0,49,435000.0,135.0,1,Hispanic or Latino,Asian,Male,55-64,74.998,Loan originated
1,525000.0,47,955000.0,119.0,1,Hispanic or Latino,Asian,Female,45-54,55.263,Loan originated
1,505000.0,46,705000.0,128.0,1,Not Hispanic or Latino,White,Female,45-54,71.429,Loan originated
1,425000.0,47,535000.0,168.0,1,Not Hispanic or Latino,Asian,Female,65-74,80.0,Loan originated
1,255000.0,48,275000.0,85.0,1,Hispanic or Latino,White,Female,25-34,95.0,Loan originated
1,735000.0,48,925000.0,159.0,1,Not Hispanic or Latino,Asian,Male,25-34,80.0,Loan originated
1,305000.0,36,365000.0,151.0,1,Not Hispanic or Latino,White,Male,35-44,85.0,Loan originated
1,365000.0,20%-<30%,455000.0,122.0,1,Hispanic or Latino,White,Male,35-44,80.0,Loan originated
1,505000.0,>60%,905000.0,46.0,1,Hispanic or Latino,Asian,Female,55-64,55.556,Application denied
1,1125000.0,40,1605000.0,307.0,1,Not Hispanic or Latino,White,Male,25-34,70.0,Loan originated
1,695000.0,30%-<36%,995000.0,432.0,1,Not Hispanic or Latino,White,Female,>74,70.0,Loan originated
1,635000.0,49,795000.0,127.0,1,Not Hispanic or Latino,Asian,Male,35-44,80.0,Loan originated
1,255000.0,48,345000.0,64.0,1,Hispanic or Latino,White,Male,45-54,75.0,Loan originated
1,695000.0,44,735000.0,185.0,1,Not Hispanic or Latino,Asian,Female,35-44,95.0,Loan originated
1,805000.0,39,1305000.0,215.0,1,Not Hispanic or Latino,White,Male,65-74,62.0,Loan originated
1,925000.0,20%-<30%,1875000.0,398.0,1,Not Hispanic or Latino,Asian,Male,25-34,49.414,Loan originated
1,15000.0,40,415000.0,160.0,1,Hispanic or Latino,White,Female,45-54,100.0,Loan originated
1,575000.0,49,615000.0,146.0,1,Not Hispanic or Latino,Asian,Male,55-64,95.0,Loan originated
1,765000.0,46,865000.0,184.0,1,Not Hispanic or Latino,Black or African American,Male,25-34,89.0,Loan originated
1,925000.0,30%-<36%,1155000.0,338.0,1,Not Hispanic or Latino,Asian,Male,25-34,80.0,Loan originated
1,485000.0,43,535000.0,176.0,1,Not Hispanic or Latino,White,Female,65-74,89.9,Loan originated
1,205000.0,30%-<36%,905000.0,186.0,1,Not Hispanic or Latino,Asian,Male,35-44,22.22,Loan originated
1,455000.0,46,605000.0,129.0,1,Not Hispanic or Latino,White,Female,35-44,75.0,Loan originated
1,945000.0,47,1565000.0,215.0,1,Not Hispanic or Latino,Asian,Female,35-44,60.257,Loan originated
1,225000.0,49,285000.0,59.0,1,Hispanic or Latino,White,Male,25-34,80.0,Loan originated
1,585000.0,43,835000.0,198.0,1,Not Hispanic or Latino,Asian,Male,35-44,70.238,Loan originated
1,855000.0,43,2255000.0,228.0,1,Not Hispanic or Latino,White,Male,55-64,37.778,Loan originated
1,735000.0,47,985000.0,195.0,1,Not Hispanic or Latino,Asian,Female,25-34,75.0,Loan originated
1,705000.0,39,875000.0,29.0,1,Hispanic or Latino,White,Male,25-34,85.0,Application denied
1,495000.0,47,515000.0,120.0,1,Not Hispanic or Latino,White,Male,45-54,97.0,Loan originated
1,1105000.0,30%-<36%,1605000.0,352.0,1,Not Hispanic or Latino,White,Male,35-44,68.75,Loan originated
1,735000.0,38,875000.0,202.0,1,Not Hispanic or Latino,White,Male,35-44,85.0,Loan originated
1,1475000.0,46,1965000.0,516.0,1,Not Hispanic or Latino,White,Female,45-54,75.0,Loan originated
1,115000.0,45,415000.0,67.0,1,Hispanic or Latino,White,Female,55-64,27.0,Loan originated
1,205000.0,40,355000.0,64.0,1,Not Hispanic or Latino,White,Male,45-54,57.143,Loan originated
1,325000.0,47,405000.0,72.0,1,Not Hispanic or Latino,White,Male,55-64,83.0,Loan originated
1,255000.0,20%-<30%,455000.0,165.0,1,Not Hispanic or Latino,White,Female,55-64,55.56,Loan originated
1,675000.0,49,905000.0,129.0,1,Not Hispanic or Latino,Asian,Female,55-64,75.0,Loan originated
1,575000.0,39,1175000.0,171.0,1,Not Hispanic or Latino,White,Male,25-34,48.936,Loan originated
1,625000.0,44,845000.0,464.0,1,Hispanic or Latino,White,Male,35-44,74.881,Loan originated
1,775000.0,36,2005000.0,235.0,1,Not Hispanic or Latino,White,Male,35-44,38.75,Loan originated
1,1145000.0,49,1645000.0,417.0,1,Not Hispanic or Latino,White,Male,25-34,70.0,Loan originated
1,135000.0,49,335000.0,34.0,1,Hispanic or Latino,White,Female,55-64,40.299,Loan originated
1,935000.0,20%-<30%,1165000.0,427.0,1,Not Hispanic or Latino,White,Male,25-34,80.0,Loan originated
1,275000.0,45,305000.0,68.0,1,Hispanic or Latino,White,Male,35-44,90.0,Application denied
1,195000.0,<20%,205000.0,109.0,1,Not Hispanic or Latino,White,Male,45-54,95.0,Loan originated
1,245000.0,46,325000.0,57.0,1,Not Hispanic or Latino,White,Male,45-54,100.0,Loan originated
1,345000.0,30%-<36%,425000.0,115.0,1,Not Hispanic or Latino,Asian,Female,35-44,80.0,Loan originated
1,765000.0,44,1035000.0,175.0,1,Not Hispanic or Latino,Asian,Female,25-34,74.417,Loan originated
1,815000.0,39,1015000.0,246.0,1,Not Hispanic or Latino,Asian,Male,25-34,80.0,Loan originated
1,435000.0,45,735000.0,338.0,1,Not Hispanic or Latino,White,Male,55-64,60.0,Loan originated
1,225000.0,39,235000.0,55.0,1,Hispanic or Latino,White,Female,25-34,100.0,Loan originated
1,655000.0,20%-<30%,725000.0,497.0,1,Hispanic or Latino,White,Male,65-74,90.0,Loan originated
1,355000.0,43,455000.0,97.0,1,Not Hispanic or Latino,White,Male,35-44,77.778,Loan originated
1,745000.0,47,845000.0,167.0,1,Not Hispanic or Latino,White,Male,35-44,88.6,Loan originated
1,285000.0,20%-<30%,455000.0,105.0,1,Hispanic or Latino,White,Male,45-54,64.0,Loan originated
1,525000.0,>60%,855000.0,68.0,1,Not Hispanic or Latino,White,Female,35-44,61.765,Application denied
1,765000.0,38,955000.0,203.0,1,Not Hispanic or Latino,Asian,Male,45-54,80.0,Loan originated
1,405000.0,20%-<30%,445000.0,210.0,1,Not Hispanic or Latino,White,Male,55-64,90.0,Loan originated
1,755000.0,40,835000.0,207.0,1,Not Hispanic or Latino,Asian,Male,25-34,90.567,Loan originated
1,985000.0,46,1305000.0,178.0,1,Not Hispanic or Latino,White,Male,25-34,75.0,Loan originated
1,835000.0,30%-<36%,1035000.0,246.0,1,Not Hispanic or Latino,Asian,Female,35-44,80.0,Loan originated
1,605000.0,>60%,765000.0,40.0,1,Hispanic or Latino,White,Male,35-44,80.0,Application denied
1,325000.0,30%-<36%,385000.0,124.0,1,Not Hispanic or Latino,Black or African American,Female,65-74,85.0,Loan originated
1,455000.0,30%-<36%,475000.0,157.0,1,Hispanic or Latino,White,Female,35-44,95.0,Loan originated
1,525000.0,47,555000.0,104.0,1,Hispanic or Latino,White,Male,35-44,95.0,Loan originated
1,495000.0,49,655000.0,98.0,1,Not Hispanic or Latino,Asian,Male,45-54,75.878,Loan originated
1,225000.0,47,425000.0,56.0,1,Not Hispanic or Latino,White,Female,65-74,52.941,Loan originated
1,1145000.0,42,2095000.0,284.0,1,Not Hispanic or Latino,Asian,Male,25-34,54.84,Loan originated
1,265000.0,36,575000.0,87.0,1,Not Hispanic or Latino,Asian,Female,35-44,46.4,Loan originated
1,195000.0,<20%,255000.0,121.0,1,Not Hispanic or Latino,White,Female,45-54,78.8,Application denied
1,805000.0,<20%,1205000.0,-44.0,1,Not Hispanic or Latino,White,Male,25-34,66.667,Application denied
1,185000.0,45,215000.0,42.0,1,Not Hispanic or Latino,White,Male,35-44,85.0,Loan originated
1,225000.0,39,555000.0,57.0,1,Hispanic or Latino,White,Female,>74,40.541,Application denied
1,925000.0,40,1325000.0,252.0,1,Not Hispanic or Latino,White,Male,35-44,70.0,Loan originated
1,655000.0,47,725000.0,142.0,1,Not Hispanic or Latino,Asian,Female,65-74,89.9,Loan originated
1,385000.0,<20%,405000.0,214.0,1,Not Hispanic or Latino,White,Female,45-54,95.0,Loan originated
1,765000.0,44,955000.0,176.0,1,Not Hispanic or Latino,White,Female,35-44,80.0,Loan originated
1,255000.0,20%-<30%,685000.0,148.0,1,Not Hispanic or Latino,White,Female,65-74,37.591,Loan originated
1,1125000.0,44,1615000.0,325.0,1,Not Hispanic or Latino,Asian,Male,45-54,70.0,Loan originated
1,815000.0,20%-<30%,1165000.0,321.0,1,Hispanic or Latino,White,Male,25-34,70.0,Loan originated
1,715000.0,45,835000.0,235.0,1,Not Hispanic or Latino,White,Female,35-44,85.0,Loan originated
1,185000.0,20%-<30%,225000.0,80.0,1,Not Hispanic or Latino,Asian,Male,55-64,80.0,Loan originated
1,355000.0,>60%,445000.0,88.0,1,Not Hispanic or Latino,Black or African American,Female,55-64,79.545,Application denied
1,215000.0,47,425000.0,61.0,1,Not Hispanic or Latino,Asian,Male,25-34,50.588,Loan originated
1,355000.0,36,395000.0,97.0,1,Not Hispanic or Latino,White,Female,<25,89.999,Loan originated
1,295000.0,48,305000.0,70.0,1,Not Hispanic or Latino,Black or African American,Male,45-54,97.0,Loan originated
1,135000.0,44,135000.0,50.0,1,Not Hispanic or Latino,White,Male,<25,97.0,Loan originated
1,385000.0,42,405000.0,87.0,1,Hispanic or Latino,White,Female,25-34,95.0,Loan originated
1,765000.0,46,855000.0,217.0,1,Hispanic or Latino,White,Male,25-34,89.591,Loan originated
1,495000.0,39,695000.0,121.0,1,Not Hispanic or Latino,Asian,Male,25-34,71.01,Loan originated
1,575000.0,20%-<30%,915000.0,193.0,1,Not Hispanic or Latino,White,Male,35-44,63.0,Loan originated
1,325000.0,45,345000.0,96.0,1,Hispanic or Latino,White,Female,45-54,95.0,Loan originated
1,755000.0,44,935000.0,275.0,1,Hispanic or Latino,White,Male,35-44,80.749,Loan originated
1,405000.0,30%-<36%,455000.0,129.0,1,Hispanic or Latino,White,Male,35-44,90.0,Loan originated
1,885000.0,49,2265000.0,196.0,1,Not Hispanic or Latino,Asian,Male,35-44,39.159,Loan originated
1,1065000.0,42,1325000.0,243.0,1,Not Hispanic or Latino,Asian,Male,35-44,80.0,Loan originated
1,615000.0,39,775000.0,183.0,1,Not Hispanic or Latino,White,Male,45-54,80.0,Loan originated
1,655000.0,48,1305000.0,153.0,1,Not Hispanic or Latino,White,Male,55-64,50.345,Loan originated
1,205000.0,47,225000.0,121.0,1,Hispanic or Latino,White,Male,45-54,90.0,Loan originated
1,255000.0,30%-<36%,675000.0,85.0,1,Hispanic or Latino,White,Female,35-44,38.0,Loan originated
1,105000.0,30%-<36%,395000.0,95.0,1,Not Hispanic or Latino,White,Female,55-64,25.316,Loan originated
1,575000.0,42,1065000.0,150.0,1,Not Hispanic or Latino,Asian,Male,35-44,54.0,Loan originated
1,395000.0,30%-<36%,405000.0,138.0,1,Not Hispanic or Latino,White,Female,25-34,97.0,Loan originated
1,565000.0,45,595000.0,118.0,1,Hispanic or Latino,White,Female,25-34,95.0,Loan originated
1,385000.0,50%-60%,405000.0,68.0,1,Hispanic or Latino,White,Male,35-44,97.0,Loan originated
1,465000.0,20%-<30%,525000.0,165.0,1,Not Hispanic or Latino,Asian,Male,25-34,90.0,Loan originated
1,375000.0,45,495000.0,106.0,1,Hispanic or Latino,White,Male,35-44,76.0,Loan originated
1,305000.0,30%-<36%,1935000.0,275.0,1,Not Hispanic or Latino,Asian,Female,35-44,15.544,Loan originated
1,695000.0,42,815000.0,229.0,1,Hispanic or Latino,White,Male,35-44,85.0,Loan originated
1,335000.0,50%-60%,415000.0,60.0,1,Hispanic or Latino,White,Female,35-44,80.0,Application denied
1,345000.0,45,425000.0,121.0,1,Not Hispanic or Latino,Asian,Male,35-44,80.0,Loan originated
1,345000.0,44,435000.0,114.0,1,Not Hispanic or Latino,White,Female,65-74,80.0,Loan originated
1,625000.0,30%-<36%,885000.0,193.0,1,Not Hispanic or Latino,Asian,Female,35-44,70.0,Loan originated
1,985000.0,>60%,1845000.0,138.0,1,Not Hispanic or Latino,White,Male,35-44,64.62,Loan originated
1,435000.0,<20%,615000.0,319.0,1,Hispanic or Latino,White,Female,25-34,70.921,Loan originated
1,425000.0,46,825000.0,100.0,1,Not Hispanic or Latino,White,Male,55-64,52.0,Loan originated
1,245000.0,20%-<30%,465000.0,157.0,1,Hispanic or Latino,White,Female,45-54,53.478,Loan originated
1,625000.0,38,775000.0,151.0,1,Not Hispanic or Latino,White,Female,25-34,80.0,Loan originated
1,325000.0,20%-<30%,345000.0,123.0,1,Not Hispanic or Latino,White,Male,25-34,95.0,Loan originated
1,645000.0,37,675000.0,170.0,1,Hispanic or Latino,White,Female,25-34,95.0,Loan originated
1,325000.0,49,435000.0,64.0,1,Not Hispanic or Latino,Asian,Female,25-34,75.0,Loan originated
1,645000.0,30%-<36%,915000.0,233.0,1,Not Hispanic or Latino,White,Male,35-44,70.0,Loan originated
1,325000.0,44,625000.0,110.0,1,Not Hispanic or Latino,White,Male,45-54,52.0,Loan originated
1,615000.0,49,775000.0,133.0,1,Not Hispanic or Latino,White,Female,35-44,80.0,Loan originated
1,465000.0,45,585000.0,94.0,1,Not Hispanic or Latino,Asian,Male,25-34,80.0,Loan originated
1,325000.0,42,595000.0,93.0,1,Not Hispanic or Latino,White,Female,55-64,54.576,Loan originated
1,275000.0,20%-<30%,1035000.0,146.0,1,Not Hispanic or Latino,White,Male,55-64,36.372,Loan originated
1,355000.0,30%-<36%,665000.0,312.0,1,Not Hispanic or Latino,Asian,Male,55-64,53.383,Loan originated
1,475000.0,49,545000.0,98.0,1,Not Hispanic or Latino,White,Male,45-54,87.41,Loan originated
1,335000.0,>60%,585000.0,33.0,1,Hispanic or Latino,White,Male,65-74,57.555,Application denied
1,715000.0,41,895000.0,181.0,1,Not Hispanic or Latino,Asian,Male,35-44,80.0,Loan originated
1,935000.0,30%-<36%,1245000.0,443.0,1,Not Hispanic or Latino,Asian,Male,35-44,75.0,Loan originated
1,165000.0,30%-<36%,765000.0,119.0,1,Not Hispanic or Latino,Asian,Male,35-44,21.995,Loan originated
1,255000.0,46,395000.0,62.0,1,Not Hispanic or Latino,White,Female,55-64,62.954,Loan originated
1,735000.0,39,915000.0,221.0,1,Hispanic or Latino,White,Male,45-54,80.0,Loan originated
1,375000.0,38,435000.0,258.0,1,Not Hispanic or Latino,White,Male,>74,87.0,Loan originated
1,385000.0,20%-<30%,545000.0,151.0,1,Not Hispanic or Latino,White,Male,45-54,70.463,Loan originated
1,1145000.0,36,1355000.0,498.0,1,Hispanic or Latino,White,Male,45-54,85.0,Loan originated
1,785000.0,43,985000.0,201.0,1,Not Hispanic or Latino,Asian,Female,25-34,80.0,Loan originated
1,765000.0,43,955000.0,163.0,1,Hispanic or Latino,White,Male,45-54,80.0,Loan originated
1,425000.0,37,845000.0,188.0,1,Not Hispanic or Latino,Asian,Male,25-34,50.0,Loan originated
1,375000.0,45,535000.0,104.0,1,Not Hispanic or Latino,White,Female,55-64,69.811,Loan originated
1,545000.0,47,675000.0,123.0,1,Not Hispanic or Latino,Asian,Male,25-34,80.0,Loan originated
1,425000.0,39,535000.0,146.0,1,Not Hispanic or Latino,White,Male,25-34,80.0,Loan originated
1,415000.0,42,545000.0,134.0,1,Hispanic or Latino,White,Female,35-44,76.058,Loan originated
1,475000.0,38,535000.0,145.0,1,Not Hispanic or Latino,White,Female,35-44,90.0,Loan originated
1,485000.0,37,615000.0,125.0,1,Not Hispanic or Latino,White,Male,25-34,80.0,Loan originated
1,525000.0,30%-<36%,925000.0,182.0,1,Not Hispanic or Latino,Asian,Female,35-44,56.522,Loan originated
1,335000.0,30%-<36%,455000.0,110.0,1,Not Hispanic or Latino,Asian,Female,25-34,75.0,Loan originated
1,425000.0,45,555000.0,104.0,1,Hispanic or Latino,White,Male,65-74,76.364,Loan originated
1,755000.0,40,2005000.0,247.0,1,Not Hispanic or Latino,Asian,Male,35-44,37.5,Loan originated
1,765000.0,37,855000.0,240.0,1,Not Hispanic or Latino,White,Female,35-44,91.0,Loan originated
1,515000.0,39,545000.0,132.0,1,Hispanic or Latino,White,Male,25-34,95.0,Loan originated
1,825000.0,42,3265000.0,242.0,1,Not Hispanic or Latino,Asian,Female,25-34,25.085,Loan originated
1,655000.0,36,875000.0,181.0,1,Not Hispanic or Latino,White,Female,25-34,75.0,Loan originated
1,615000.0,42,1115000.0,147.0,1,Not Hispanic or Latino,White,Male,35-44,55.336,Loan originated
1,765000.0,48,805000.0,174.0,1,Not Hispanic or Latino,Asian,Female,35-44,95.0,Loan originated
1,255000.0,37,465000.0,113.0,1,Not Hispanic or Latino,White,Male,25-34,54.35,Loan originated
1,1025000.0,38,1925000.0,298.0,1,Not Hispanic or Latino,Asian,Female,25-34,53.247,Loan originated
1,975000.0,43,1155000.0,251.0,1,Not Hispanic or Latino,White,Male,35-44,85.0,Loan originated
1,1105000.0,39,1295000.0,298.0,1,Not Hispanic or Latino,Asian,Male,25-34,84.994,Loan originated
1,305000.0,30%-<36%,405000.0,114.0,1,Not Hispanic or Latino,White,Male,55-64,75.0,Loan originated
1,375000.0,49,955000.0,92.0,1,Not Hispanic or Latino,Asian,Female,35-44,39.389,Loan originated
1,355000.0,20%-<30%,495000.0,207.0,1,Not Hispanic or Latino,Asian,Female,45-54,72.449,Loan originated
1,585000.0,40,645000.0,225.0,1,Not Hispanic or Latino,White,Male,35-44,89.99,Loan originated
1,345000.0,20%-<30%,525000.0,130.0,1,Not Hispanic or Latino,White,Male,45-54,65.0,Loan originated
1,565000.0,<20%,605000.0,343.0,1,Not Hispanic or Latino,White,Male,35-44,93.333,Loan originated
1,985000.0,39,1135000.0,256.0,1,Not Hispanic or Latino,Asian,Male,25-34,87.0,Loan originated
1,515000.0,49,535000.0,100.0,1,Not Hispanic or Latino,White,Female,25-34,96.226,Loan originated
1,205000.0,<20%,615000.0,231.0,1,Hispanic or Latino,American Indian or Alaska Native,Female,65-74,33.938,Loan originated
1,505000.0,36,1015000.0,722.0,1,Not Hispanic or Latino,Asian,Male,55-64,49.5,Loan originated
1,1125000.0,49,1185000.0,218.0,1,Not Hispanic or Latino,Asian,Male,45-54,94.999,Loan originated
1,275000.0,39,375000.0,105.0,1,Not Hispanic or Latino,Asian,Male,25-34,75.0,Loan originated
1,815000.0,42,2195000.0,411.0,1,Not Hispanic or Latino,Asian,Female,>74,37.0,Loan originated
1,165000.0,30%-<36%,245000.0,163.0,1,Not Hispanic or Latino,Black or African American,Female,35-44,65.0,Loan originated
