loan_purpose,loan_amount,debt_to_income_ratio,property_value,income,occupancy_type,derived_ethnicity,derived_race,derived_sex,applicant_age,loan_to_value_ratio,action_taken
1,795000.0,41,1065000.0,199.0,1,Not Hispanic or Latino,White,Male,55-64,75.0,Loan originated
1,325000.0,48,345000.0,67.0,1,Hispanic or Latino,White,Male,45-54,100.0,Loan originated
1,445000.0,42,555000.0,130.0,1,Not Hispanic or Latino,Asian,Female,25-34,80.0,Application denied
1,805000.0,<20%,1205000.0,-44.0,1,Not Hispanic or Latino,White,Male,25-34,66.667,Application denied
1,605000.0,40,645000.0,199.0,1,Not Hispanic or Latino,White,Male,35-44,95.0,Loan originated
1,435000.0,>60%,685000.0,39.0,1,Not Hispanic or Latino,White,Female,55-64,63.235,Application denied
1,415000.0,45,465000.0,115.0,1,Not Hispanic or Latino,Asian,Female,35-44,90.0,Application denied
1,835000.0,44,925000.0,278.0,1,Not Hispanic or Latino,White,Male,25-34,90.0,Loan originated
1,365000.0,46,455000.0,174.0,1,Not Hispanic or Latino,White,Male,35-44,80.0,Loan originated
1,1075000.0,46,1435000.0,293.0,1,Not Hispanic or Latino,Asian,Male,45-54,74.948,Loan originated
1,1145000.0,49,1505000.0,222.0,1,Hispanic or Latino,White,Female,35-44,76.0,Loan originated
1,355000.0,>60%,1255000.0,54.0,1,Hispanic or Latino,White,Male,65-74,27.89,Application denied
1,365000.0,42,405000.0,104.0,1,Not Hispanic or Latino,White,Male,25-34,97.0,Loan originated
1,555000.0,49,1255000.0,156.0,1,Not Hispanic or Latino,Asian,Male,35-44,44.0,Loan originated
1,285000.0,47,325000.0,67.0,1,Hispanic or Latino,White,Female,25-34,90.0,Loan originated
1,805000.0,47,1105000.0,208.0,1,Not Hispanic or Latino,White,Female,55-64,72.727,Loan originated
1,295000.0,20%-<30%,595000.0,120.0,1,Not Hispanic or Latino,White,Female,55-64,49.424,Loan originated
1,705000.0,46,935000.0,169.0,1,Not Hispanic or Latino,White,Male,>74,75.0,Loan originated
1,395000.0,49,495000.0,106.0,1,Not Hispanic or Latino,White,Male,55-64,80.0,Loan originated
1,525000.0,48,755000.0,137.0,1,Not Hispanic or Latino,White,Male,35-44,70.0,Loan originated
1,605000.0,46,755000.0,153.0,1,Not Hispanic or Latino,White,Male,35-44,80.0,Loan originated
1,665000.0,45,1035000.0,141.0,1,Not Hispanic or Latino,Asian,Female,45-54,63.95,Loan originated
1,345000.0,20%-<30%,365000.0,130.0,1,Not Hispanic or Latino,White,Male,55-64,95.0,Loan originated
1,755000.0,42,3195000.0,278.0,1,Not Hispanic or Latino,White,Female,65-74,23.47,Loan originated
1,895000.0,37,995000.0,257.0,1,Not Hispanic or Latino,White,Female,35-44,90.0,Loan originated
1,635000.0,50%-60%,705000.0,171.0,1,Hispanic or Latino,American Indian or Alaska Native,Male,25-34,90.0,Loan originated
1,435000.0,48,1125000.0,110.0,1,Not Hispanic or Latino,Asian,Female,25-34,38.222,Loan originated
1,495000.0,30%-<36%,825000.0,241.0,1,Not Hispanic or Latino,White,Male,35-44,60.0,Loan originated
1,455000.0,40,805000.0,201.0,1,Hispanic or Latino,White,Male,45-54,56.501,Loan originated
1,375000.0,>60%,475000.0,54.0,1,Not Hispanic or Latino,Black or African American,Male,25-34,80.0,Application denied
1,475000.0,43,585000.0,127.0,1,Not Hispanic or Latino,White,Female,25-34,100.0,Loan originated
1,675000.0,20%-<30%,955000.0,430.0,1,Hispanic or Latino,White,Male,45-54,71.053,Loan originated
1,1145000.0,42,1275000.0,595.0,1,Not Hispanic or Latino,White,Male,45-54,90.0,Loan originated
1,205000.0,30%-<36%,865000.0,127.0,1,Not Hispanic or Latino,Asian,Male,55-64,23.256,Loan originated
1,475000.0,49,925000.0,119.0,1,Not Hispanic or Latino,Asian,Female,35-44,51.087,Loan originated
1,605000.0,37,865000.0,197.0,1,Not Hispanic or Latino,Asian,Male,25-34,70.0,Application denied
1,845000.0,44,1055000.0,193.0,1,Not Hispanic or Latino,Black or African American,Male,25-34,80.0,Loan originated
1,605000.0,20%-<30%,1365000.0,262.0,1,Not Hispanic or Latino,Asian,Male,35-44,44.118,Application denied
1,445000.0,<20%,1465000.0,83.0,1,Not Hispanic or Latino,Asian,Male,35-44,30.8,Loan originated
1,635000.0,47,795000.0,175.0,1,Not Hispanic or Latino,Asian,Female,35-44,80.0,Loan originated
1,325000.0,37,385000.0,259.0,1,Hispanic or Latino,White,Male,<25,85.0,Loan originated
1,515000.0,30%-<36%,575000.0,221.0,1,Not Hispanic or Latino,White,Male,35-44,90.0,Loan originated
1,135000.0,40,145000.0,105.0,1,Not Hispanic or Latino,Black or African American,Male,35-44,95.0,Loan originated
1,645000.0,>60%,995000.0,147.0,1,Not Hispanic or Latino,Asian,Male,25-34,65.068,Application denied
1,825000.0,41,1115000.0,212.0,1,Not Hispanic or Latino,Asian,Male,25-34,74.32,Loan originated
1,1085000.0,48,1475000.0,210.0,1,Not Hispanic or Latino,Asian,Female,35-44,74.0,Loan originated
1,675000.0,43,715000.0,179.0,1,Not Hispanic or Latino,Asian,Female,35-44,95.0,Loan originated
1,655000.0,49,1355000.0,260.0,1,Not Hispanic or Latino,White,Female,65-74,48.148,Loan originated
1,585000.0,40,655000.0,136.0,1,Not Hispanic or Latino,Asian,Female,35-44,89.985,Loan originated
1,465000.0,49,645000.0,93.0,1,Hispanic or Latino,White,Male,55-64,71.919,Loan originated
1,725000.0,49,745000.0,141.0,1,Hispanic or Latino,White,Female,45-54,97.98,Loan originated
1,495000.0,20%-<30%,625000.0,193.0,1,Hispanic or Latino,White,Male,55-64,80.0,Loan originated
1,405000.0,49,745000.0,88.0,1,Not Hispanic or Latino,White,Female,35-44,54.189,Loan originated
1,475000.0,49,875000.0,105.0,1,Not Hispanic or Latino,White,Female,55-64,54.639,Loan originated
1,885000.0,41,1035000.0,342.0,1,Not Hispanic or Latino,Asian,Female,25-34,84.919,Loan originated
1,165000.0,43,165000.0,79.0,1,Hispanic or Latino,White,Male,25-34,96.98,Loan originated
1,485000.0,46,545000.0,139.0,1,Not Hispanic or Latino,White,Female,35-44,90.0,Loan originated
1,215000.0,38,355000.0,62.0,1,Hispanic or Latino,Asian,Male,25-34,63.0,Loan originated
1,345000.0,38,495000.0,96.0,1,Not Hispanic or Latino,Asian,Female,35-44,70.0,Loan originated
1,355000.0,37,655000.0,192.0,1,Not Hispanic or Latino,Asian,Male,25-34,54.0,Loan originated
1,1005000.0,44,1615000.0,347.0,1,Not Hispanic or Latino,White,Male,35-44,83.742,Loan originated
1,845000.0,30%-<36%,885000.0,311.0,1,Not Hispanic or Latino,Asian,Female,25-34,95.0,Loan originated
1,765000.0,20%-<30%,1075000.0,257.0,1,Not Hispanic or Latino,Asian,Male,25-34,71.3,Loan originated
1,465000.0,46,495000.0,127.0,1,Not Hispanic or Latino,Asian,Male,25-34,98.01,Loan originated
1,445000.0,48,565000.0,100.0,1,Hispanic or Latino,White,Male,45-54,78.571,Application denied
1,595000.0,20%-<30%,735000.0,540.0,1,Not Hispanic or Latino,American Indian or Alaska Native,Male,25-34,80.0,Loan originated
1,585000.0,30%-<36%,935000.0,211.0,1,Not Hispanic or Latino,White,Female,35-44,62.366,Loan originated
1,405000.0,48,425000.0,94.0,1,Hispanic or Latino,White,Female,<25,95.0,Loan originated
1,1095000.0,42,1405000.0,258.0,1,Not Hispanic or Latino,Asian,Male,35-44,77.825,Loan originated
1,705000.0,41,775000.0,155.0,1,Not Hispanic or Latino,White,Male,45-54,90.0,Loan originated
1,355000.0,30%-<36%,465000.0,121.0,1,Hispanic or Latino,White,Male,35-44,75.0,Loan originated
1,375000.0,40,385000.0,98.0,1,Not Hispanic or Latino,White,Female,25-34,97.0,Loan originated
1,725000.0,49,905000.0,227.0,1,Not Hispanic or Latino,White,Female,45-54,80.0,Loan originated
1,615000.0,47,725000.0,141.0,1,Hispanic or Latino,White,Male,55-64,85.0,Loan originated
1,345000.0,30%-<36%,435000.0,108.0,1,Not Hispanic or Latino,Native Hawaiian or Other Pacific Islander,Female,25-34,80.0,Loan originated
1,45000.0,40,95000.0,48.0,1,Not Hispanic or Latino,Asian,Male,55-64,50.0,Application denied
1,605000.0,37,755000.0,234.0,1,Not Hispanic or Latino,Asian,Male,25-34,80.0,Application denied
1,545000.0,30%-<36%,615000.0,165.0,1,Not Hispanic or Latino,Asian,Female,25-34,90.0,Loan originated
1,435000.0,20%-<30%,465000.0,171.0,1,Not Hispanic or Latino,White,Female,>74,95.0,Loan originated
1,525000.0,45,695000.0,114.0,1,Not Hispanic or Latino,Asian,Male,35-44,74.96,Loan originated
1,565000.0,43,585000.0,151.0,1,Hispanic or Latino,White,Female,<25,97.0,Loan originated
1,755000.0,30%-<36%,1225000.0,252.0,1,Not Hispanic or Latino,White,Male,45-54,62.0,Loan originated
1,925000.0,48,1155000.0,180.0,1,Not Hispanic or Latino,White,Female,25-34,80.0,Loan originated
1,635000.0,39,905000.0,193.0,1,Not Hispanic or Latino,Asian,Female,45-54,70.0,Loan originated
1,355000.0,46,475000.0,82.0,1,Not Hispanic or Latino,White,Male,25-34,75.0,Loan originated
1,355000.0,49,445000.0,67.0,1,Hispanic or Latino,Asian,Female,25-34,80.0,Loan originated
1,405000.0,42,685000.0,87.0,1,Not Hispanic or Latino,White,Female,45-54,58.82,Loan originated
1,495000.0,36,615000.0,141.0,1,Not Hispanic or Latino,White,Female,45-54,80.0,Loan originated
1,635000.0,38,1145000.0,209.0,1,Not Hispanic or Latino,White,Female,35-44,56.0,Loan originated
1,995000.0,36,1245000.0,300.0,1,Not Hispanic or Latino,White,Male,35-44,80.0,Loan originated
1,495000.0,45,525000.0,270.0,1,Not Hispanic or Latino,White,Male,35-44,95.0,Loan originated
1,675000.0,42,705000.0,255.0,1,Not Hispanic or Latino,Native Hawaiian or Other Pacific Islander,Male,55-64,101.286,Application denied
1,455000.0,37,825000.0,125.0,1,Hispanic or Latino,White,Male,35-44,54.87,Loan originated
1,125000.0,40,225000.0,71.0,1,Not Hispanic or Latino,White,Male,35-44,55.23,Loan originated
1,455000.0,49,1855000.0,171.0,1,Not Hispanic or Latino,Asian,Male,55-64,24.31,Loan originated
1,765000.0,38,985000.0,207.0,1,Not Hispanic or Latino,Asian,Male,25-34,77.712,Loan originated
1,405000.0,37,505000.0,125.0,1,Not Hispanic or Latino,Asian,Female,45-54,80.0,Loan originated
1,675000.0,44,795000.0,256.0,1,Not Hispanic or Latino,Asian,Male,55-64,83.94,Loan originated
1,365000.0,39,455000.0,102.0,1,Not Hispanic or Latino,White,Female,55-64,80.0,Loan originated
1,515000.0,37,575000.0,305.0,1,Not Hispanic or Latino,White,Male,35-44,90.0,Loan originated
1,415000.0,49,845000.0,152.0,1,Not Hispanic or Latino,White,Female,55-64,48.763,Loan originated
1,735000.0,43,915000.0,161.0,1,Not Hispanic or Latino,Asian,Male,35-44,80.0,Loan originated
1,75000.0,44,145000.0,72.0,1,Not Hispanic or Latino,White,Male,65-74,48.79,Loan originated
1,965000.0,43,1085000.0,212.0,1,Not Hispanic or Latino,White,Female,35-44,89.0,Loan originated
1,955000.0,42,2455000.0,343.0,1,Not Hispanic or Latino,White,Male,55-64,38.776,Loan originated
1,755000.0,>60%,775000.0,134.0,1,Not Hispanic or Latino,Black or African American,Male,35-44,97.0,Application denied
1,505000.0,20%-<30%,2195000.0,382.0,1,Not Hispanic or Latino,White,Male,55-64,45.662,Loan originated
1,325000.0,40,405000.0,82.0,1,Hispanic or Latino,White,Male,35-44,80.0,Loan originated
1,235000.0,30%-<36%,295000.0,88.0,1,Not Hispanic or Latino,White,Female,35-44,95.0,Loan originated
1,525000.0,45,665000.0,111.0,1,Hispanic or Latino,White,Male,35-44,80.0,Loan originated
1,135000.0,<20%,435000.0,158.0,1,Not Hispanic or Latino,White,Male,55-64,31.03,Loan originated
1,345000.0,45,385000.0,86.0,1,Hispanic or Latino,White,Male,25-34,89.0,Loan originated
1,725000.0,49,1125000.0,153.0,1,Not Hispanic or Latino,White,Male,55-64,65.0,Loan originated
1,285000.0,42,345000.0,70.0,1,Hispanic or Latino,White,Male,<25,95.0,Loan originated
1,385000.0,30%-<36%,585000.0,189.0,1,Not Hispanic or Latino,White,Male,65-74,66.014,Application denied
1,305000.0,50%-60%,315000.0,83.0,1,Not Hispanic or Latino,White,Male,25-34,96.5,Application denied
1,565000.0,>60%,715000.0,105.0,1,Not Hispanic or Latino,Asian,Male,25-34,80.0,Application denied
1,375000.0,39,495000.0,102.0,1,Not Hispanic or Latino,White,Female,55-64,75.0,Application denied
1,365000.0,20%-<30%,715000.0,248.0,1,Not Hispanic or Latino,White,Female,35-44,52.0,Loan originated
1,595000.0,44,625000.0,148.0,1,Hispanic or Latino,White,Female,45-54,95.0,Loan originated
1,525000.0,44,665000.0,124.0,1,Not Hispanic or Latino,White,Male,35-44,80.0,Loan originated
1,1005000.0,50%-60%,1935000.0,239.0,1,Not Hispanic or Latino,White,Female,55-64,51.76,Application denied
1,765000.0,40,1035000.0,172.0,1,Not Hispanic or Latino,Asian,Male,35-44,74.0,Loan originated
1,435000.0,47,475000.0,105.0,1,Hispanic or Latino,White,Male,25-34,90.0,Loan originated
1,355000.0,38,415000.0,109.0,1,Not Hispanic or Latino,Native Hawaiian or Other Pacific Islander,Female,45-54,105.0,Application denied
1,335000.0,30%-<36%,675000.0,145.0,1,Not Hispanic or Latino,White,Female,25-34,100.0,Loan originated
1,915000.0,30%-<36%,1145000.0,285.0,1,Not Hispanic or Latino,White,Female,45-54,79.879,Loan originated
1,655000.0,<20%,955000.0,2978.0,1,Not Hispanic or Latino,White,Male,25-34,68.4211,Application denied
1,975000.0,45,1355000.0,279.0,1,Not Hispanic or Latino,Asian,Female,25-34,72.489,Loan originated
1,585000.0,48,615000.0,164.0,1,Not Hispanic or Latino,Asian,Male,25-34,95.0,Loan originated
1,455000.0,30%-<36%,935000.0,165.0,1,Not Hispanic or Latino,White,Male,25-34,48.66,Loan originated
1,595000.0,49,645000.0,183.0,1,Not Hispanic or Latino,Asian,Male,45-54,92.08,Loan originated
1,375000.0,44,395000.0,104.0,1,Hispanic or Latino,White,Female,45-54,95.0,Loan originated
1,675000.0,>60%,745000.0,224.0,1,Not Hispanic or Latino,Asian,Male,35-44,90.0,Application denied
1,465000.0,39,685000.0,129.0,1,Hispanic or Latino,White,Male,35-44,76.67,Loan originated
1,705000.0,42,745000.0,203.0,1,Not Hispanic or Latino,Black or African American,Male,45-54,95.0,Loan originated
1,565000.0,50%-60%,805000.0,109.0,1,Not Hispanic or Latino,White,Male,35-44,70.0,Application denied
1,705000.0,20%-<30%,885000.0,232.0,1,Not Hispanic or Latino,White,Female,35-44,80.0,Loan originated
1,375000.0,49,535000.0,81.0,1,Not Hispanic or Latino,White,Female,25-34,87.443,Loan originated
1,815000.0,40,1095000.0,190.0,1,Not Hispanic or Latino,Asian,Male,25-34,74.99,Loan originated
1,755000.0,38,1005000.0,229.0,1,Not Hispanic or Latino,White,Female,35-44,75.0,Loan originated
1,165000.0,44,175000.0,47.0,1,Not Hispanic or Latino,White,Female,35-44,93.143,Loan originated
1,1005000.0,>60%,1205000.0,57.0,1,Not Hispanic or Latino,White,Female,35-44,83.833,Application denied
1,725000.0,20%-<30%,905000.0,478.0,1,Not Hispanic or Latino,White,Female,55-64,80.0,Loan originated
1,345000.0,20%-<30%,525000.0,144.0,1,Not Hispanic or Latino,White,Male,35-44,66.346,Loan originated
1,305000.0,38,325000.0,95.0,1,Not Hispanic or Latino,Asian,Male,25-34,95.0,Loan originated
1,495000.0,37,505000.0,140.0,1,Hispanic or Latino,White,Female,25-34,97.0,Loan originated
1,605000.0,30%-<36%,765000.0,158.0,1,Not Hispanic or Latino,White,Male,35-44,80.0,Loan originated
1,485000.0,41,615000.0,173.0,1,Not Hispanic or Latino,Asian,Male,25-34,80.0,Loan originated
1,335000.0,45,395000.0,81.0,1,Hispanic or Latino,White,Male,35-44,84.01,Loan originated
1,495000.0,30%-<36%,585000.0,163.0,1,Hispanic or Latino,Black or African American,Female,45-54,84.589,Loan originated
1,315000.0,40,335000.0,101.0,1,Not Hispanic or Latino,White,Male,>74,95.0,Loan originated
1,385000.0,50%-60%,485000.0,131.0,1,Not Hispanic or Latino,Asian,Female,<25,80.0,Application denied
1,405000.0,30%-<36%,745000.0,162.0,1,Not Hispanic or Latino,White,Female,45-54,55.0,Loan originated
1,345000.0,36,495000.0,99.0,1,Not Hispanic or Latino,Asian,Male,25-34,70.0,Loan originated
1,1145000.0,44,2105000.0,614.0,1,Not Hispanic or Latino,White,Female,45-54,55.0,Loan originated
1,435000.0,30%-<36%,455000.0,136.0,1,Not Hispanic or Latino,White,Female,55-64,100.0,Loan originated
1,365000.0,38,435000.0,90.0,1,Not Hispanic or Latino,Asian,Female,25-34,85.0,Loan originated
1,655000.0,41,765000.0,212.0,1,Not Hispanic or Latino,White,Male,55-64,85.0,Loan originated
1,405000.0,49,505000.0,83.0,1,Hispanic or Latino,White,Male,55-64,79.892,Loan originated
1,1085000.0,41,1355000.0,319.0,1,Not Hispanic or Latino,Asian,Male,35-44,80.0,Loan originated
1,505000.0,44,595000.0,178.0,1,Not Hispanic or Latino,Black or African American,Male,35-44,85.0,Loan originated
1,765000.0,47,1225000.0,221.0,1,Not Hispanic or Latino,Asian,Female,65-74,62.531,Loan originated
1,535000.0,49,745000.0,105.0,1,Not Hispanic or Latino,Asian,Female,25-34,71.43,Loan originated
1,155000.0,50%-60%,155000.0,98.0,1,Not Hispanic or Latino,Black or African American,Female,55-64,95.0,Loan originated
1,435000.0,44,525000.0,94.0,1,Hispanic or Latino,White,Male,35-44,84.0,Loan originated
1,1125000.0,40,1405000.0,278.0,1,Not Hispanic or Latino,Black or African American,Male,25-34,80.0,Loan originated
1,325000.0,41,405000.0,92.0,1,Not Hispanic or Latino,Asian,Male,25-34,80.0,Loan originated
1,305000.0,>60%,1175000.0,69.0,1,Not Hispanic or Latino,Asian,Female,55-64,25.641,Application denied
1,535000.0,48,665000.0,143.0,1,Not Hispanic or Latino,White,Female,35-44,80.0,Loan originated
1,505000.0,20%-<30%,905000.0,259.0,1,Not Hispanic or Latino,White,Female,25-34,55.8,Loan originated
1,345000.0,47,355000.0,90.0,1,Not Hispanic or Latino,White,Female,45-54,97.0,Loan originated
1,315000.0,20%-<30%,415000.0,361.0,1,Hispanic or Latino,White,Male,55-64,75.0,Loan originated
1,685000.0,49,785000.0,130.0,1,Hispanic or Latino,White,Male,45-54,86.752,Loan originated
1,515000.0,45,715000.0,112.0,1,Not Hispanic or Latino,White,Male,25-34,72.095,Loan originated
1,505000.0,43,625000.0,134.0,1,Not Hispanic or Latino,White,Male,25-34,80.0,Loan originated
1,865000.0,40,1075000.0,242.0,1,Not Hispanic or Latino,Black or African American,Male,35-44,80.0,Loan originated
1,55000.0,30%-<36%,455000.0,46.0,1,Not Hispanic or Latino,White,Male,35-44,40.56,Loan originated
1,275000.0,49,305000.0,49.0,1,Hispanic or Latino,White,Male,55-64,90.0,Loan originated
1,765000.0,36,955000.0,251.0,1,Not Hispanic or Latino,Asian,Male,45-54,80.0,Loan originated
1,675000.0,37,755000.0,205.0,1,Not Hispanic or Latino,White,Female,45-54,90.0,Loan originated
1,325000.0,30%-<36%,345000.0,115.0,1,Not Hispanic or Latino,White,Female,35-44,95.0,Loan originated
1,255000.0,48,825000.0,294.0,1,Not Hispanic or Latino,Asian,Male,45-54,30.31,Loan originated
1,475000.0,48,595000.0,213.0,1,Not Hispanic or Latino,Asian,Male,65-74,80.0,Loan originated
1,825000.0,20%-<30%,875000.0,282.0,1,Not Hispanic or Latino,White,Male,45-54,95.0,Loan originated
1,635000.0,39,965000.0,170.0,1,Not Hispanic or Latino,Asian,Male,25-34,65.29,Loan originated
1,455000.0,49,615000.0,173.0,1,Not Hispanic or Latino,White,Male,65-74,73.98,Loan originated
1,575000.0,48,605000.0,116.0,1,Hispanic or Latino,White,Female,65-74,95.0,Loan originated
1,535000.0,49,635000.0,131.0,1,Hispanic or Latino,White,Male,35-44,85.0,Loan originated
1,515000.0,47,595000.0,120.0,1,Not Hispanic or Latino,Black or African American,Male,35-44,86.5,Loan originated
1,445000.0,20%-<30%,475000.0,278.0,1,Not Hispanic or Latino,White,Female,35-44,95.0,Loan originated
1,785000.0,45,1085000.0,168.0,1,Not Hispanic or Latino,Asian,Male,45-54,73.0,Loan originated
1,395000.0,30%-<36%,495000.0,120.0,1,Not Hispanic or Latino,Asian,Female,25-34,80.0,Loan originated
1,305000.0,49,525000.0,70.0,1,Not Hispanic or Latino,Asian,Female,35-44,57.143,Loan originated
1,515000.0,49,655000.0,107.0,1,Not Hispanic or Latino,Asian,Female,25-34,77.86,Loan originated
1,605000.0,41,765000.0,166.0,1,Not Hispanic or Latino,Asian,Female,25-34,83.0,Loan originated
1,725000.0,47,905000.0,149.0,1,Not Hispanic or Latino,Asian,Male,35-44,80.0,Loan originated
1,755000.0,<20%,1505000.0,792.0,1,Not Hispanic or Latino,White,Male,45-54,50.0,Loan originated
1,355000.0,20%-<30%,725000.0,153.0,1,Not Hispanic or Latino,Asian,Male,45-54,49.1,Loan originated
1,1125000.0,49,1415000.0,211.0,1,Not Hispanic or Latino,Asian,Male,35-44,79.32,Loan originated
1,585000.0,30%-<36%,655000.0,248.0,1,Not Hispanic or Latino,White,Male,25-34,89.99,Loan originated
1,755000.0,49,1035000.0,227.0,1,Not Hispanic or Latino,White,Female,35-44,73.398,Loan originated
1,645000.0,42,805000.0,147.0,1,Not Hispanic or Latino,Asian,Male,25-34,80.0,Loan originated
1,745000.0,30%-<36%,935000.0,241.0,1,Not Hispanic or Latino,White,Male,35-44,80.0,Loan originated
1,555000.0,46,695000.0,130.0,1,Not Hispanic or Latino,Asian,Female,35-44,80.0,Loan originated
1,535000.0,45,675000.0,200.0,1,Hispanic or Latino,White,Male,25-34,80.0,Loan originated
1,125000.0,<20%,155000.0,180.0,1,Not Hispanic or Latino,White,Male,55-64,83.33,Loan originated
1,925000.0,43,1165000.0,684.0,1,Not Hispanic or Latino,Asian,Male,35-44,80.0,Loan originated
1,525000.0,48,875000.0,123.0,1,Not Hispanic or Latino,Asian,Female,<25,59.98,Loan originated
1,485000.0,41,835000.0,122.0,1,Not Hispanic or Latino,White,Female,55-64,57.949,Loan originated
1,175000.0,38,515000.0,52.0,1,Hispanic or Latino,White,Female,55-64,33.333,Loan originated
1,615000.0,>60%,1415000.0,37.0,1,Not Hispanic or Latino,White,Female,65-74,43.62,Application denied
1,565000.0,47,705000.0,120.0,1,Not Hispanic or Latino,Asian,Female,35-44,80.0,Loan originated
1,805000.0,42,1085000.0,178.0,1,Not Hispanic or Latino,Asian,Female,25-34,73.917,Loan originated
1,405000.0,39,625000.0,196.0,1,Not Hispanic or Latino,White,Female,65-74,64.8,Loan originated
1,155000.0,30%-<36%,165000.0,122.0,1,Hispanic or Latino,White,Male,25-34,95.0,Loan originated
1,345000.0,40,435000.0,103.0,1,Not Hispanic or Latino,White,Female,45-54,80.0,Loan originated
1,1045000.0,47,1495000.0,426.0,1,Not Hispanic or Latino,White,Male,55-64,70.0,Loan originated
1,655000.0,45,685000.0,169.0,1,Hispanic or Latino,White,Male,25-34,97.0,Loan originated
1,475000.0,41,505000.0,196.0,1,Not Hispanic or Latino,Black or African American,Male,35-44,95.0,Loan originated
1,475000.0,49,595000.0,167.0,1,Not Hispanic or Latino,White,Female,35-44,79.966,Loan originated
1,755000.0,44,945000.0,231.0,1,Not Hispanic or Latino,Asian,Male,45-54,80.0,Loan originated
1,115000.0,40,155000.0,119.0,1,Not Hispanic or Latino,White,Female,>74,75.0,Application denied
1,395000.0,30%-<36%,415000.0,214.0,1,Not Hispanic or Latino,White,Female,45-54,95.0,Loan originated
1,325000.0,41,345000.0,115.0,1,Hispanic or Latino,White,Male,45-54,97.0,Loan originated
1,405000.0,30%-<36%,505000.0,133.0,1,Not Hispanic or Latino,White,Female,35-44,80.0,Loan originated
1,525000.0,30%-<36%,555000.0,144.0,1,Not Hispanic or Latino,Asian,Male,25-34,95.0,Loan originated
1,215000.0,30%-<36%,225000.0,91.0,1,Not Hispanic or Latino,Black or African American,Female,65-74,95.0,Loan originated
1,555000.0,36,855000.0,196.0,1,Not Hispanic or Latino,White,Female,55-64,65.0,Loan originated
1,705000.0,20%-<30%,1305000.0,463.0,1,Not Hispanic or Latino,White,Female,45-54,46.154,Application denied
1,735000.0,37,915000.0,205.0,1,Not Hispanic or Latino,Asian,Female,25-34,80.0,Loan originated
1,525000.0,50%-60%,655000.0,153.0,1,Not Hispanic or Latino,Black or African American,Female,55-64,80.0,Loan originated
1,785000.0,45,985000.0,194.0,1,Not Hispanic or Latino,Asian,Male,25-34,80.0,Loan originated
1,505000.0,47,545000.0,125.0,1,Not Hispanic or Latino,Asian,Female,35-44,92.6,Loan originated
1,1025000.0,30%-<36%,1365000.0,396.0,1,Not Hispanic or Latino,Asian,Female,45-54,75.0,Loan originated
1,995000.0,20%-<30%,1355000.0,357.0,1,Not Hispanic or Latino,Asian,Male,25-34,73.704,Loan originated
1,735000.0,38,775000.0,200.0,1,Hispanic or Latino,White,Male,35-44,95.0,Loan originated
1,335000.0,49,395000.0,96.0,1,Hispanic or Latino,White,Male,25-34,95.0,Loan originated
1,595000.0,49,635000.0,145.0,1,Hispanic or Latino,White,Male,45-54,95.0,Loan originated
1,775000.0,41,865000.0,239.0,1,Not Hispanic or Latino,Asian,Male,25-34,90.0,Loan originated
1,515000.0,48,955000.0,135.0,1,Not Hispanic or Latino,White,Male,35-44,53.927,Loan originated
1,655000.0,46,725000.0,137.0,1,Hispanic or Latino,White,Male,25-34,90.0,Loan originated
1,905000.0,30%-<36%,1205000.0,300.0,1,Not Hispanic or Latino,White,Male,35-44,75.0,Application denied
1,525000.0,45,1215000.0,156.0,1,Not Hispanic or Latino,White,Female,35-44,43.39,Loan originated
1,395000.0,45,405000.0,88.0,1,Hispanic or Latino,White,Male,<25,100.0,Loan originated
1,355000.0,40,635000.0,106.0,1,Not Hispanic or Latino,Asian,Male,25-34,55.98,Loan originated
1,605000.0,47,805000.0,118.0,1,Not Hispanic or Latino,White,Female,55-64,75.0,Loan originated
1,625000.0,43,775000.0,161.0,1,Not Hispanic or Latino,White,Male,55-64,80.0,Loan originated
1,155000.0,39,755000.0,60.0,1,Not Hispanic or Latino,White,Female,45-54,20.0,Loan originated
1,345000.0,48,495000.0,83.0,1,Hispanic or Latino,White,Male,25-34,69.724,Loan originated
1,545000.0,39,675000.0,169.0,1,Hispanic or Latino,White,Male,45-54,80.0,Loan originated
1,715000.0,48,755000.0,159.0,1,Hispanic or Latino,White,Male,35-44,95.0,Loan originated
1,865000.0,49,1435000.0,174.0,1,Not Hispanic or Latino,White,Female,35-44,60.0,Loan originated
1,575000.0,30%-<36%,635000.0,184.0,1,Hispanic or Latino,Asian,Male,25-34,90.0,Loan originated
1,955000.0,36,1195000.0,271.0,1,Not Hispanic or Latino,American Indian or Alaska Native,Female,25-34,80.0,Loan originated
1,375000.0,44,525000.0,85.0,1,Not Hispanic or Latino,White,Male,<25,71.429,Loan originated
1,425000.0,>60%,475000.0,116.0,1,Not Hispanic or Latino,Asian,Male,25-34,90.0,Application denied
1,355000.0,>60%,455000.0,66.0,1,Hispanic or Latino,White,Female,45-54,79.0,Application denied
1,295000.0,20%-<30%,395000.0,106.0,1,Hispanic or Latino,White,Female,25-34,74.359,Loan originated
1,545000.0,44,865000.0,119.0,1,Not Hispanic or Latino,Asian,Female,35-44,62.428,Loan originated
1,365000.0,46,445000.0,77.0,1,Not Hispanic or Latino,White,Female,35-44,81.6,Loan originated
1,535000.0,42,785000.0,18.0,1,Not Hispanic or Latino,Asian,Female,55-64,70.0,Loan originated
1,495000.0,20%-<30%,995000.0,230.0,1,Not Hispanic or Latino,Asian,Male,45-54,49.727,Loan originated
1,455000.0,50%-60%,485000.0,157.0,1,Not Hispanic or Latino,Black or African American,Female,25-34,90.0,Application denied
1,415000.0,43,915000.0,120.0,1,Not Hispanic or Latino,White,Female,45-54,45.055,Loan originated
1,445000.0,49,555000.0,114.0,1,Hispanic or Latino,Asian,Male,25-34,80.0,Loan originated
1,495000.0,48,515000.0,142.0,1,Not Hispanic or Latino,White,Male,45-54,97.0,Loan originated
1,685000.0,48,855000.0,205.0,1,Not Hispanic or Latino,White,Male,35-44,80.0,Loan originated
1,655000.0,30%-<36%,1095000.0,250.0,1,Not Hispanic or Latino,White,Female,25-34,59.82,Loan originated
1,215000.0,20%-<30%,785000.0,194.0,1,Not Hispanic or Latino,Asian,Female,25-34,27.564,Loan originated
1,555000.0,30%-<36%,695000.0,235.0,1,Not Hispanic or Latino,White,Female,45-54,80.0,Loan originated
1,725000.0,39,1035000.0,214.0,1,Not Hispanic or Latino,Asian,Female,35-44,69.99,Loan originated
1,835000.0,45,1195000.0,214.0,1,Hispanic or Latino,White,Male,45-54,70.0,Loan originated
1,255000.0,47,705000.0,70.0,1,Not Hispanic or Latino,White,Female,65-74,35.952,Loan originated
1,305000.0,49,655000.0,76.0,1,Not Hispanic or Latino,White,Female,65-74,45.736,Loan originated
1,595000.0,40,665000.0,142.0,1,Not Hispanic or Latino,White,Male,35-44,90.0,Loan originated
1,75000.0,40,105000.0,43.0,1,Hispanic or Latino,White,Male,35-44,71.27,Application denied
1,315000.0,20%-<30%,415000.0,225.0,1,Not Hispanic or Latino,White,Male,35-44,75.904,Loan originated
1,505000.0,30%-<36%,1255000.0,272.0,1,Not Hispanic or Latino,White,Female,55-64,40.0,Loan originated
1,785000.0,30%-<36%,825000.0,286.0,1,Hispanic or Latino,Black or African American,Female,35-44,95.0,Loan originated
1,325000.0,49,335000.0,72.0,1,Not Hispanic or Latino,White,Male,25-34,97.0,Loan originated
1,765000.0,20%-<30%,1265000.0,263.0,1,Not Hispanic or Latino,White,Male,45-54,60.597,Loan originated
1,545000.0,45,565000.0,149.0,1,Not Hispanic or Latino,White,Female,25-34,97.0,Loan originated
1,1145000.0,30%-<36%,1355000.0,650.0,1,Hispanic or Latino,White,Male,35-44,85.11,Loan originated
1,745000.0,30%-<36%,855000.0,1278.0,1,Hispanic or Latino,White,Male,25-34,86.31,Loan originated
1,845000.0,20%-<30%,1055000.0,411.0,1,Not Hispanic or Latino,White,Male,25-34,80.0,Loan originated
1,745000.0,50%-60%,785000.0,197.0,1,Hispanic or Latino,White,Female,45-54,95.0,Loan originated
1,555000.0,46,935000.0,164.0,1,Not Hispanic or Latino,Asian,Male,55-64,60.0,Loan originated
1,815000.0,30%-<36%,1215000.0,258.0,1,Hispanic or Latino,White,Male,45-54,67.051,Loan originated
1,535000.0,20%-<30%,765000.0,233.0,1,Not Hispanic or Latino,Asian,Female,35-44,70.0,Loan originated
1,1025000.0,20%-<30%,1285000.0,891.0,1,Not Hispanic or Latino,White,Male,45-54,80.0,Loan originated
1,845000.0,44,1055000.0,207.0,1,Not Hispanic or Latino,Asian,Male,35-44,80.0,Loan originated
1,415000.0,38,955000.0,139.0,1,Not Hispanic or Latino,White,Male,>74,44.0,Loan originated
1,175000.0,20%-<30%,315000.0,101.0,1,Not Hispanic or Latino,White,Female,35-44,55.0,Loan originated
1,255000.0,48,265000.0,77.0,1,Hispanic or Latino,White,Female,45-54,95.0,Loan originated
1,445000.0,49,495000.0,182.0,1,Not Hispanic or Latino,White,Male,55-64,89.999,Loan originated
1,195000.0,30%-<36%,245000.0,60.0,1,Hispanic or Latino,White,Male,25-34,80.0,Application denied
1,565000.0,30%-<36%,705000.0,248.0,1,Not Hispanic or Latino,White,Male,25-34,80.0,Loan originated
1,175000.0,20%-<30%,745000.0,111.0,1,Not Hispanic or Latino,White,Female,25-34,23.87,Loan originated
1,565000.0,30%-<36%,705000.0,272.0,1,Not Hispanic or Latino,Asian,Male,45-54,80.0,Loan originated
1,325000.0,30%-<36%,405000.0,97.0,1,Not Hispanic or Latino,Black or African American,Female,55-64,100.0,Loan originated
1,835000.0,40,1385000.0,189.0,1,Not Hispanic or Latino,Asian,Female,25-34,60.0,Loan originated
1,15000.0,39,365000.0,148.0,1,Hispanic or Latino,White,Male,35-44,100.0,Loan originated
1,515000.0,36,545000.0,179.0,1,Hispanic or Latino,White,Male,45-54,95.0,Loan originated
1,205000.0,49,275000.0,75.0,1,Not Hispanic or Latino,Asian,Male,25-34,73.548,Loan originated
1,385000.0,49,535000.0,78.0,1,Not Hispanic or Latino,Asian,Female,45-54,71.944,Loan originated
1,755000.0,48,945000.0,177.0,1,Not Hispanic or Latino,Asian,Male,25-34,80.0,Loan originated
1,495000.0,42,535000.0,121.0,1,Not Hispanic or Latino,Asian,Female,45-54,92.578,Loan originated
1,565000.0,30%-<36%,595000.0,315.0,1,Not Hispanic or Latino,White,Male,25-34,95.0,Loan originated
1,1005000.0,>60%,2205000.0,2.0,1,Not Hispanic or Latino,White,Male,55-64,45.455,Application denied
1,405000.0,46,505000.0,134.0,1,Not Hispanic or Latino,White,Female,25-34,100.0,Loan originated
1,345000.0,20%-<30%,695000.0,228.0,1,Not Hispanic or Latino,White,Male,35-44,49.922,Loan originated
1,615000.0,42,645000.0,142.0,1,Not Hispanic or Latino,White,Female,45-54,95.0,Loan originated
1,705000.0,30%-<36%,825000.0,190.0,1,Not Hispanic or Latino,Asian,Male,55-64,85.0,Loan originated
1,835000.0,30%-<36%,875000.0,296.0,1,Not Hispanic or Latino,Black or African American,Male,45-54,95.0,Loan originated
1,405000.0,46,735000.0,110.0,1,Not Hispanic or Latino,Asian,Male,65-74,54.168,Loan originated
1,245000.0,41,305000.0,55.0,1,Hispanic or Latino,White,Male,35-44,80.0,Loan originated
1,365000.0,46,465000.0,228.0,1,Hispanic or Latino,White,Female,45-54,80.0,Loan originated
1,385000.0,48,485000.0,194.0,1,Hispanic or Latino,White,Male,65-74,80.0,Loan originated
1,245000.0,37,725000.0,81.0,1,Hispanic or Latino,White,Female,65-74,33.793,Loan originated
1,735000.0,37,815000.0,219.0,1,Hispanic or Latino,White,Male,25-34,90.0,Loan originated
1,295000.0,30%-<36%,305000.0,83.0,1,Hispanic or Latino,White,Male,25-34,97.0,Loan originated
1,415000.0,30%-<36%,465000.0,126.0,1,Not Hispanic or Latino,White,Female,45-54,90.0,Loan originated
1,445000.0,30%-<36%,555000.0,188.0,1,Not Hispanic or Latino,White,Male,45-54,80.0,Loan originated
1,155000.0,30%-<36%,285000.0,44.0,1,Hispanic or Latino,White,Female,45-54,89.29,Loan originated
1,545000.0,46,635000.0,159.0,1,Not Hispanic or Latino,White,Male,35-44,85.0,Loan originated
1,505000.0,42,955000.0,115.0,1,Not Hispanic or Latino,Asian,Male,25-34,52.632,Loan originated
1,45000.0,43,55000.0,50.0,1,Hispanic or Latino,White,Male,25-34,73.07,Loan originated
1,405000.0,39,905000.0,158.0,1,Not Hispanic or Latino,White,Male,35-44,44.934,Loan originated
1,305000.0,20%-<30%,795000.0,167.0,1,Not Hispanic or Latino,White,Female,65-74,37.97,Loan originated
1,255000.0,20%-<30%,265000.0,140.0,1,Not Hispanic or Latino,White,Male,35-44,95.0,Loan originated
1,625000.0,48,685000.0,140.0,1,Hispanic or Latino,White,Male,25-34,92.0,Loan originated
1,935000.0,42,1165000.0,817.0,1,Not Hispanic or Latino,White,Female,35-44,80.0,Loan originated
1,1065000.0,49,1325000.0,397.0,1,Not Hispanic or Latino,White,Female,25-34,80.0,Loan originated
1,505000.0,48,735000.0,175.0,1,Not Hispanic or Latino,Asian,Male,25-34,69.0,Loan originated
1,305000.0,36,325000.0,85.0,1,Hispanic or Latino,White,Male,55-64,95.0,Loan originated
1,735000.0,41,925000.0,306.0,1,Not Hispanic or Latino,Asian,Male,25-34,80.0,Loan originated
1,275000.0,46,575000.0,78.0,1,Not Hispanic or Latino,White,Female,35-44,47.826,Loan originated
1,835000.0,20%-<30%,1115000.0,437.0,1,Hispanic or Latino,White,Male,35-44,75.0,Loan originated
1,215000.0,20%-<30%,295000.0,206.0,1,Not Hispanic or Latino,White,Male,55-64,75.0,Loan originated
1,765000.0,44,835000.0,170.0,1,Hispanic or Latino,White,Male,35-44,95.0,Loan originated
1,435000.0,37,535000.0,147.0,1,Hispanic or Latino,White,Female,35-44,80.0,Loan originated
1,395000.0,43,495000.0,90.0,1,Not Hispanic or Latino,White,Male,<25,80.0,Loan originated
1,665000.0,41,955000.0,163.0,1,Not Hispanic or Latino,Asian,Male,45-54,70.0,Loan originated
1,365000.0,<20%,715000.0,363.0,1,Not Hispanic or Latino,White,Male,35-44,51.049,Loan originated
1,485000.0,45,515000.0,150.0,1,Hispanic or Latino,White,Male,35-44,95.0,Loan originated
1,1005000.0,39,1295000.0,237.0,1,Not Hispanic or Latino,White,Female,45-54,76.98,Loan originated
1,655000.0,47,875000.0,129.0,1,Not Hispanic or Latino,Asian,Male,25-34,75.0,Loan originated
1,1005000.0,44,1255000.0,246.0,1,Not Hispanic or Latino,White,Male,35-44,80.0,Loan originated
1,155000.0,20%-<30%,195000.0,69.0,1,Not Hispanic or Latino,White,Male,45-54,80.0,Application denied
1,265000.0,41,1065000.0,97.0,1,Not Hispanic or Latino,Asian,Male,65-74,25.0,Loan originated
1,335000.0,30%-<36%,855000.0,128.0,1,Not Hispanic or Latino,Asian,Male,45-54,39.412,Loan originated
1,635000.0,40,655000.0,156.0,1,Hispanic or Latino,White,Female,25-34,97.0,Loan originated
1,985000.0,48,1325000.0,434.0,1,Not Hispanic or Latino,Asian,Female,35-44,74.08,Loan originated
1,265000.0,30%-<36%,335000.0,244.0,1,Hispanic or Latino,White,Female,55-64,80.0,Loan originated
1,505000.0,20%-<30%,715000.0,598.0,1,Not Hispanic or Latino,White,Female,45-54,70.0,Loan originated
1,15000.0,50%-60%,565000.0,142.0,1,Not Hispanic or Latino,Black or African American,Female,35-44,100.0,Loan originated
1,335000.0,47,415000.0,75.0,1,Not Hispanic or Latino,Asian,Female,25-34,83.0,Loan originated
1,215000.0,43,305000.0,96.0,1,Not Hispanic or Latino,Asian,Male,55-64,70.0,Loan originated
1,455000.0,42,1155000.0,113.0,1,Not Hispanic or Latino,White,Female,65-74,39.13,Loan originated
1,545000.0,38,615000.0,174.0,1,Not Hispanic or Latino,Asian,Female,35-44,90.0,Loan originated
1,375000.0,20%-<30%,505000.0,210.0,1,Not Hispanic or Latino,White,Female,45-54,75.0,Loan originated
1,605000.0,47,765000.0,217.0,1,Not Hispanic or Latino,White,Male,45-54,80.0,Loan originated
1,725000.0,40,765000.0,194.0,1,Hispanic or Latino,White,Male,25-34,95.0,Loan originated
1,365000.0,30%-<36%,525000.0,236.0,1,Not Hispanic or Latino,Black or African American,Female,35-44,70.0,Application denied
1,505000.0,42,625000.0,178.0,1,Not Hispanic or Latino,Black or African American,Male,65-74,80.0,Loan originated
1,515000.0,45,645000.0,163.0,1,Not Hispanic or Latino,White,Female,25-34,80.0,Loan originated
1,415000.0,30%-<36%,805000.0,143.0,1,Not Hispanic or Latino,Asian,Female,35-44,51.432,Loan originated
1,1145000.0,47,1575000.0,241.0,1,Not Hispanic or Latino,Asian,Female,25-34,73.237,Loan originated
1,295000.0,40,375000.0,82.0,1,Hispanic or Latino,White,Male,35-44,100.0,Loan originated
1,645000.0,30%-<36%,805000.0,186.0,1,Not Hispanic or Latino,White,Male,35-44,80.0,Loan originated
1,765000.0,36,1275000.0,217.0,1,Not Hispanic or Latino,Asian,Male,35-44,60.0,Loan originated
1,365000.0,48,865000.0,96.0,1,Not Hispanic or Latino,Asian,Female,65-74,41.86,Loan originated
1,595000.0,30%-<36%,795000.0,423.0,1,Not Hispanic or Latino,Asian,Male,55-64,75.0,Loan originated
1,1075000.0,44,2755000.0,266.0,1,Not Hispanic or Latino,Asian,Male,25-34,38.909,Loan originated
1,175000.0,38,185000.0,67.0,1,Hispanic or Latino,White,Female,35-44,100.0,Loan originated
1,415000.0,49,545000.0,92.0,1,Not Hispanic or Latino,Asian,Female,45-54,77.407,Loan originated
1,1075000.0,41,1375000.0,275.0,1,Not Hispanic or Latino,White,Male,45-54,78.182,Loan originated
1,335000.0,20%-<30%,595000.0,180.0,1,Not Hispanic or Latino,Asian,Female,25-34,56.27,Loan originated
1,365000.0,50%-60%,525000.0,75.0,1,Not Hispanic or Latino,White,Male,25-34,70.0,Application denied
1,965000.0,39,1215000.0,370.0,1,Not Hispanic or Latino,White,Female,35-44,80.0,Loan originated
1,695000.0,30%-<36%,925000.0,203.0,1,Not Hispanic or Latino,Asian,Male,35-44,75.0,Loan originated
1,275000.0,43,285000.0,98.0,1,Hispanic or Latino,White,Female,25-34,97.0,Loan originated
1,825000.0,43,925000.0,242.0,1,Not Hispanic or Latino,White,Female,35-44,90.0,Loan originated
1,645000.0,37,715000.0,197.0,1,Not Hispanic or Latino,Asian,Male,35-44,89.99,Loan originated
1,645000.0,41,925000.0,155.0,1,Not Hispanic or Latino,White,Female,55-64,70.0,Loan originated
1,55000.0,44,175000.0,38.0,1,Hispanic or Latino,White,Female,55-64,100.0,Loan originated
1,805000.0,30%-<36%,895000.0,299.0,1,Not Hispanic or Latino,White,Male,55-64,89.283,Loan originated
1,465000.0,45,575000.0,185.0,1,Not Hispanic or Latino,Asian,Male,25-34,80.0,Loan originated
1,615000.0,40,655000.0,165.0,1,Hispanic or Latino,White,Male,25-34,95.0,Loan originated
1,525000.0,41,655000.0,136.0,1,Not Hispanic or Latino,Asian,Male,25-34,80.0,Loan originated
1,305000.0,49,575000.0,65.0,1,Not Hispanic or Latino,Asian,Male,55-64,54.0,Loan originated
1,625000.0,<20%,1255000.0,985.0,1,Not Hispanic or Latino,White,Male,45-54,50.0,Loan originated
1,1075000.0,<20%,1335000.0,1123.0,1,Not Hispanic or Latino,White,Male,35-44,80.0,Loan originated
1,1015000.0,43,1355000.0,329.0,1,Not Hispanic or Latino,Asian,Male,25-34,75.0,Loan originated
1,285000.0,20%-<30%,355000.0,178.0,1,Hispanic or Latino,White,Male,45-54,80.0,Loan originated
1,355000.0,39,955000.0,107.0,1,Not Hispanic or Latino,Asian,Female,45-54,38.36,Loan originated
1,705000.0,36,775000.0,216.0,1,Hispanic or Latino,White,Female,35-44,90.84,Loan originated
1,155000.0,50%-60%,175000.0,102.0,1,Hispanic or Latino,White,Male,35-44,90.0,Loan originated
1,345000.0,20%-<30%,845000.0,164.0,1,Not Hispanic or Latino,Asian,Female,35-44,40.828,Loan originated
1,395000.0,44,915000.0,120.0,1,Not Hispanic or Latino,White,Female,25-34,42.857,Loan originated
1,445000.0,20%-<30%,555000.0,189.0,1,Not Hispanic or Latino,White,Female,55-64,80.0,Loan originated
1,575000.0,20%-<30%,715000.0,295.0,1,Not Hispanic or Latino,Asian,Male,25-34,80.0,Loan originated
1,555000.0,50%-60%,745000.0,162.0,1,Not Hispanic or Latino,White,Female,55-64,75.0,Application denied
1,225000.0,44,525000.0,83.0,1,Not Hispanic or Latino,Asian,Female,35-44,42.336,Loan originated
1,1065000.0,20%-<30%,1115000.0,420.0,1,Not Hispanic or Latino,Asian,Female,45-54,95.0,Loan originated
1,315000.0,40,515000.0,85.0,1,Not Hispanic or Latino,White,Female,45-54,61.39,Loan originated
1,275000.0,20%-<30%,825000.0,125.0,1,Not Hispanic or Latino,White,Female,65-74,33.455,Loan originated
1,375000.0,>60%,395000.0,51.0,1,Hispanic or Latino,White,Female,35-44,95.7,Application denied
1,1125000.0,45,1605000.0,234.0,1,Not Hispanic or Latino,Asian,Male,35-44,69.78,Loan originated
1,845000.0,<20%,995000.0,1449.0,1,Not Hispanic or Latino,White,Male,55-64,85.0,Loan originated
1,1085000.0,48,1455000.0,211.0,1,Not Hispanic or Latino,White,Male,45-54,75.0,Loan originated
1,545000.0,30%-<36%,1205000.0,175.0,1,Not Hispanic or Latino,White,Female,35-44,45.0,Loan originated
1,725000.0,>60%,915000.0,180.0,1,Hispanic or Latino,White,Male,65-74,80.0,Loan originated
1,505000.0,36,835000.0,138.0,1,Not Hispanic or Latino,White,Female,35-44,60.0,Loan originated
1,195000.0,44,245000.0,91.0,1,Hispanic or Latino,White,Male,55-64,80.0,Application denied
1,915000.0,47,1145000.0,225.0,1,Not Hispanic or Latino,White,Female,35-44,80.0,Loan originated
1,535000.0,38,675000.0,154.0,1,Not Hispanic or Latino,White,Female,25-34,80.0,Loan originated
1,565000.0,40,605000.0,135.0,1,Hispanic or Latino,White,Female,25-34,93.375,Loan originated
1,385000.0,45,485000.0,101.0,1,Not Hispanic or Latino,White,Female,55-64,100.0,Loan originated
1,725000.0,46,905000.0,166.0,1,Not Hispanic or Latino,Asian,Female,25-34,80.0,Loan originated
1,795000.0,37,835000.0,179.0,1,Hispanic or Latino,White,Male,45-54,97.994,Loan originated
1,955000.0,30%-<36%,1005000.0,294.0,1,Not Hispanic or Latino,Asian,Female,35-44,95.0,Loan originated
1,155000.0,<20%,455000.0,147.0,1,Not Hispanic or Latino,White,Male,55-64,35.0,Loan originated
1,425000.0,30%-<36%,445000.0,141.0,1,Not Hispanic or Latino,White,Male,35-44,95.0,Loan originated
1,1045000.0,20%-<30%,1305000.0,418.0,1,Hispanic or Latino,White,Female,25-34,80.0,Loan originated
1,735000.0,40,1055000.0,257.0,1,Not Hispanic or Latino,Asian,Male,55-64,70.0,Loan originated
1,355000.0,30%-<36%,485000.0,157.0,1,Not Hispanic or Latino,White,Female,35-44,73.0,Loan originated
1,245000.0,20%-<30%,255000.0,131.0,1,Hispanic or Latino,American Indian or Alaska Native,Female,35-44,97.0,Loan originated
1,825000.0,43,1025000.0,194.0,1,Not Hispanic or Latino,White,Male,25-34,80.0,Loan originated
1,475000.0,20%-<30%,535000.0,187.0,1,Not Hispanic or Latino,White,Female,25-34,90.0,Loan originated
1,325000.0,20%-<30%,405000.0,115.0,1,Hispanic or Latino,American Indian or Alaska Native,Male,25-34,80.0,Loan originated
1,765000.0,30%-<36%,955000.0,239.0,1,Not Hispanic or Latino,Asian,Male,35-44,80.0,Loan originated
1,325000.0,39,345000.0,135.0,1,Not Hispanic or Latino,White,Female,35-44,95.0,Loan originated
1,365000.0,47,455000.0,72.0,1,Hispanic or Latino,White,Female,35-44,80.0,Loan originated
1,335000.0,>60%,345000.0,40.0,1,Hispanic or Latino,White,Female,35-44,97.0,Application denied
1,485000.0,43,505000.0,137.0,1,Hispanic or Latino,White,Male,45-54,97.0,Loan originated
1,335000.0,49,535000.0,77.0,1,Hispanic or Latino,White,Male,35-44,63.0,Loan originated
1,525000.0,30%-<36%,635000.0,150.0,1,Hispanic or Latino,American Indian or Alaska Native,Female,25-34,83.09,Loan originated
1,415000.0,49,915000.0,99.0,1,Not Hispanic or Latino,Asian,Female,25-34,45.05,Loan originated
1,595000.0,49,665000.0,155.0,1,Hispanic or Latino,White,Male,35-44,89.998,Loan originated
1,345000.0,49,365000.0,89.0,1,Hispanic or Latino,White,Female,35-44,95.0,Loan originated
1,445000.0,43,525000.0,113.0,1,Not Hispanic or Latino,White,Male,35-44,85.0,Loan originated
1,325000.0,30%-<36%,405000.0,97.0,1,Not Hispanic or Latino,White,Male,25-34,80.0,Loan originated
1,465000.0,48,575000.0,93.0,1,Not Hispanic or Latino,Asian,Male,<25,80.0,Loan originated
1,885000.0,43,1105000.0,376.0,1,Not Hispanic or Latino,White,Female,25-34,80.0,Loan originated
1,295000.0,48,315000.0,90.0,1,Hispanic or Latino,White,Male,25-34,95.0,Loan originated
1,605000.0,42,1105000.0,175.0,1,Not Hispanic or Latino,Black or African American,Male,55-64,55.0,Loan originated
1,465000.0,44,755000.0,127.0,1,Not Hispanic or Latino,White,Female,35-44,61.784,Loan originated
1,305000.0,46,525000.0,78.0,1,Not Hispanic or Latino,White,Female,55-64,57.143,Loan originated
1,725000.0,37,975000.0,229.0,1,Not Hispanic or Latino,Asian,Male,55-64,74.1,Loan originated
1,245000.0,46,405000.0,61.0,1,Hispanic or Latino,White,Female,55-64,60.0,Loan originated
1,645000.0,30%-<36%,685000.0,195.0,1,Not Hispanic or Latino,Asian,Male,45-54,95.0,Loan originated
1,445000.0,42,495000.0,112.0,1,Not Hispanic or Latino,Asian,Male,25-34,90.0,Loan originated
1,505000.0,36,1015000.0,722.0,1,Not Hispanic or Latino,Asian,Male,55-64,49.5,Loan originated
1,1135000.0,20%-<30%,1425000.0,553.0,1,Not Hispanic or Latino,Asian,Female,65-74,80.0,Loan originated
1,195000.0,42,245000.0,62.0,1,Not Hispanic or Latino,Black or African American,Female,65-74,80.0,Loan originated
1,745000.0,37,955000.0,220.0,1,Not Hispanic or Latino,Asian,Male,25-34,80.0,Loan originated
1,265000.0,48,325000.0,152.0,1,Not Hispanic or Latino,White,Male,25-34,80.0,Loan originated
1,585000.0,45,725000.0,144.0,1,Not Hispanic or Latino,White,Male,25-34,80.0,Loan originated
1,795000.0,47,995000.0,174.0,1,Not Hispanic or Latino,White,Male,35-44,80.0,Loan originated
1,765000.0,47,965000.0,160.0,1,Hispanic or Latino,White,Female,35-44,80.0,Loan originated
1,885000.0,41,1115000.0,205.0,1,Not Hispanic or Latino,Asian,Male,45-54,80.0,Loan originated
1,475000.0,41,635000.0,115.0,1,Not Hispanic or Latino,Asian,Male,45-54,95.0,Loan originated
1,145000.0,20%-<30%,445000.0,102.0,1,Not Hispanic or Latino,Asian,Male,35-44,33.185,Loan originated
1,675000.0,30%-<36%,905000.0,210.0,1,Not Hispanic or Latino,White,Male,35-44,75.0,Loan originated
1,755000.0,47,945000.0,169.0,1,Not Hispanic or Latino,Asian,Male,35-44,95.957,Loan originated
1,395000.0,46,415000.0,141.0,1,Not Hispanic or Latino,White,Female,35-44,95.0,Loan originated
1,515000.0,30%-<36%,535000.0,162.0,1,Not Hispanic or Latino,White,Male,25-34,95.0,Loan originated
1,405000.0,39,485000.0,102.0,1,Not Hispanic or Latino,White,Male,35-44,83.0,Loan originated
1,535000.0,49,675000.0,127.0,1,Hispanic or Latino,White,Male,25-34,79.866,Loan originated
1,495000.0,41,615000.0,128.0,1,Not Hispanic or Latino,Asian,Female,35-44,80.0,Loan originated
1,225000.0,45,615000.0,88.0,1,Not Hispanic or Latino,White,Female,55-64,37.24,Loan originated
1,375000.0,48,545000.0,74.0,1,Not Hispanic or Latino,White,Female,35-44,69.08,Loan originated
1,475000.0,49,1275000.0,204.0,1,Not Hispanic or Latino,Asian,Male,35-44,37.008,Loan originated
1,485000.0,20%-<30%,695000.0,254.0,1,Not Hispanic or Latino,Asian,Male,35-44,70.0,Loan originated
1,335000.0,44,415000.0,70.0,1,Hispanic or Latino,White,Female,45-54,80.0,Loan originated
1,885000.0,45,935000.0,216.0,1,Not Hispanic or Latino,White,Male,35-44,95.0,Loan originated
1,335000.0,39,425000.0,81.0,1,Hispanic or Latino,White,Female,55-64,80.0,Loan originated
1,525000.0,43,875000.0,122.0,1,Not Hispanic or Latino,Asian,Male,35-44,60.0,Loan originated
1,345000.0,38,405000.0,178.0,1,Not Hispanic or Latino,White,Male,45-54,85.0,Loan originated
1,605000.0,43,1255000.0,175.0,1,Not Hispanic or Latino,White,Male,35-44,48.0,Loan originated
1,565000.0,49,635000.0,143.0,1,Not Hispanic or Latino,Asian,Male,35-44,90.0,Loan originated
1,1045000.0,43,1845000.0,328.0,1,Not Hispanic or Latino,Asian,Female,45-54,56.52,Loan originated
1,875000.0,47,1305000.0,200.0,1,Not Hispanic or Latino,White,Male,35-44,67.492,Loan originated
1,275000.0,47,435000.0,74.0,1,Not Hispanic or Latino,Asian,Female,35-44,100.0,Loan originated
1,175000.0,30%-<36%,315000.0,100.0,1,Not Hispanic or Latino,White,Male,55-64,54.84,Loan originated
1,415000.0,39,515000.0,259.0,1,Hispanic or Latino,White,Male,35-44,80.0,Loan originated
1,385000.0,30%-<36%,455000.0,134.0,1,Hispanic or Latino,White,Male,35-44,85.0,Loan originated
1,385000.0,30%-<36%,575000.0,148.0,1,Not Hispanic or Latino,Asian,Male,25-34,66.667,Loan originated
1,535000.0,30%-<36%,825000.0,287.0,1,Not Hispanic or Latino,Asian,Male,55-64,65.0,Loan originated
1,425000.0,37,475000.0,122.0,1,Hispanic or Latino,White,Female,25-34,90.0,Loan originated
1,275000.0,44,325000.0,67.0,1,Not Hispanic or Latino,White,Male,35-44,85.0,Loan originated
1,355000.0,42,395000.0,198.0,1,Hispanic or Latino,White,Female,25-34,90.0,Loan originated
1,675000.0,49,715000.0,165.0,1,Hispanic or Latino,White,Male,25-34,95.0,Loan originated
1,305000.0,49,315000.0,68.0,1,Not Hispanic or Latino,Black or African American,Female,45-54,100.0,Loan originated
1,535000.0,49,595000.0,111.0,1,Not Hispanic or Latino,White,Male,<25,90.0,Loan originated
1,695000.0,<20%,875000.0,600.0,1,Hispanic or Latino,White,Male,35-44,80.0,Loan originated
1,285000.0,36,685000.0,106.0,1,Not Hispanic or Latino,White,Male,35-44,41.26,Loan originated
1,595000.0,30%-<36%,645000.0,199.0,1,Hispanic or Latino,White,Male,55-64,93.06,Loan originated
1,405000.0,49,505000.0,90.0,1,Not Hispanic or Latino,White,Female,55-64,79.208,Loan originated
1,405000.0,41,455000.0,129.0,1,Not Hispanic or Latino,White,Male,25-34,89.998,Loan originated
1,605000.0,30%-<36%,765000.0,200.0,1,Not Hispanic or Latino,White,Male,25-34,79.99,Loan originated
1,685000.0,43,865000.0,177.0,1,Not Hispanic or Latino,White,Male,45-54,80.0,Loan originated
1,855000.0,20%-<30%,1225000.0,316.0,1,Not Hispanic or Latino,Asian,Male,25-34,70.0,Loan originated
1,535000.0,38,835000.0,158.0,1,Not Hispanic or Latino,White,Female,35-44,63.855,Loan originated
1,455000.0,49,605000.0,96.0,1,Not Hispanic or Latino,White,Male,<25,76.25,Loan originated
1,225000.0,20%-<30%,695000.0,139.0,1,Hispanic or Latino,White,Female,65-74,32.186,Loan originated
1,895000.0,49,1195000.0,414.0,1,Not Hispanic or Latino,Asian,Male,45-54,75.0,Loan originated
1,105000.0,30%-<36%,125000.0,108.0,1,Hispanic or Latino,White,Female,35-44,81.16,Loan originated
1,775000.0,47,825000.0,205.0,1,Not Hispanic or Latino,Asian,Male,35-44,93.939,Loan originated
1,135000.0,40,425000.0,69.0,1,Hispanic or Latino,White,Female,35-44,89.882,Loan originated
1,435000.0,<20%,545000.0,817.0,1,Not Hispanic or Latino,White,Female,65-74,80.0,Loan originated
1,455000.0,30%-<36%,565000.0,159.0,1,Not Hispanic or Latino,Asian,Male,35-44,80.0,Loan originated
1,385000.0,49,1155000.0,92.0,1,Not Hispanic or Latino,White,Male,35-44,33.043,Loan originated
1,505000.0,30%-<36%,635000.0,280.0,1,Not Hispanic or Latino,White,Male,25-34,80.0,Loan originated
1,215000.0,48,235000.0,81.0,1,Hispanic or Latino,White,Male,55-64,95.0,Loan originated
1,435000.0,46,475000.0,134.0,1,Hispanic or Latino,White,Male,55-64,92.553,Loan originated
1,425000.0,50%-60%,445000.0,119.0,1,Hispanic or Latino,White,Male,35-44,95.0,Loan originated
1,485000.0,45,605000.0,110.0,1,Not Hispanic or Latino,Black or African American,Male,45-54,80.0,Loan originated
1,345000.0,49,425000.0,64.0,1,Not Hispanic or Latino,White,Female,25-34,80.0,Loan originated
1,545000.0,37,645000.0,131.0,1,Hispanic or Latino,White,Male,25-34,85.37,Loan originated
1,905000.0,48,955000.0,203.0,1,Not Hispanic or Latino,Asian,Male,25-34,95.0,Loan originated
1,505000.0,20%-<30%,805000.0,213.0,1,Not Hispanic or Latino,White,Female,35-44,62.5,Loan originated
1,545000.0,36,705000.0,163.0,1,Not Hispanic or Latino,Asian,Male,35-44,77.5,Loan originated
1,465000.0,47,625000.0,125.0,1,Not Hispanic or Latino,Asian,Female,35-44,75.0,Loan originated
1,765000.0,46,915000.0,148.0,1,Not Hispanic or Latino,Asian,Male,35-44,83.41,Loan originated
1,585000.0,44,835000.0,144.0,1,Not Hispanic or Latino,Asian,Male,<25,69.88,Loan originated
1,665000.0,44,695000.0,159.0,1,Hispanic or Latino,White,Female,35-44,95.0,Loan originated
1,505000.0,48,595000.0,117.0,1,Hispanic or Latino,White,Male,25-34,84.034,Loan originated
1,705000.0,36,885000.0,215.0,1,Not Hispanic or Latino,White,Male,35-44,80.0,Loan originated
1,885000.0,41,1105000.0,207.0,1,Not Hispanic or Latino,White,Male,25-34,80.0,Loan originated
1,605000.0,43,805000.0,142.0,1,Not Hispanic or Latino,Asian,Female,25-34,75.0,Loan originated
1,655000.0,30%-<36%,825000.0,206.0,1,Hispanic or Latino,White,Male,35-44,80.0,Loan originated
1,525000.0,50%-60%,555000.0,89.0,1,Hispanic or Latino,White,Male,35-44,95.0,Application denied
1,345000.0,49,365000.0,70.0,1,Hispanic or Latino,White,Male,25-34,95.0,Loan originated
1,645000.0,44,715000.0,226.0,1,Not Hispanic or Latino,White,Male,55-64,90.0,Loan originated
1,485000.0,20%-<30%,1185000.0,211.0,1,Hispanic or Latino,White,Female,25-34,40.68,Loan originated
1,325000.0,48,375000.0,68.0,1,Not Hispanic or Latino,White,Male,25-34,86.558,Loan originated
1,985000.0,48,1855000.0,293.0,1,Not Hispanic or Latino,White,Male,25-34,52.91,Loan originated
1,295000.0,45,445000.0,76.0,1,Not Hispanic or Latino,White,Male,45-54,65.909,Loan originated
1,605000.0,36,675000.0,256.0,1,Not Hispanic or Latino,White,Male,45-54,90.0,Loan originated
1,425000.0,20%-<30%,525000.0,161.0,1,Not Hispanic or Latino,White,Female,45-54,80.0,Loan originated
1,415000.0,41,465000.0,119.0,1,Not Hispanic or Latino,Black or African American,Male,25-34,89.89,Loan originated
1,585000.0,41,785000.0,207.0,1,Not Hispanic or Latino,White,Male,35-44,75.0,Loan originated
1,1005000.0,41,1555000.0,231.0,1,Not Hispanic or Latino,Asian,Male,25-34,64.517,Loan originated
1,755000.0,43,1005000.0,211.0,1,Not Hispanic or Latino,Asian,Female,25-34,75.0,Loan originated
1,605000.0,20%-<30%,765000.0,261.0,1,Hispanic or Latino,White,Male,45-54,80.0,Loan originated
1,485000.0,43,535000.0,148.0,1,Not Hispanic or Latino,Black or African American,Female,45-54,90.0,Loan originated
1,715000.0,45,895000.0,152.0,1,Not Hispanic or Latino,Asian,Female,<25,80.0,Loan originated
1,395000.0,40,525000.0,271.0,1,Not Hispanic or Latino,Asian,Male,35-44,75.0,Application denied
1,545000.0,41,575000.0,127.0,1,Hispanic or Latino,White,Female,55-64,95.0,Loan originated
1,545000.0,46,675000.0,162.0,1,Hispanic or Latino,White,Male,55-64,80.0,Loan originated
1,285000.0,38,295000.0,68.0,1,Hispanic or Latino,White,Male,45-54,97.0,Loan originated
1,825000.0,39,865000.0,200.0,1,Not Hispanic or Latino,Asian,Female,35-44,95.0,Loan originated
1,345000.0,37,755000.0,170.0,1,Not Hispanic or Latino,Asian,Female,35-44,46.024,Loan originated
1,855000.0,37,1535000.0,248.0,1,Hispanic or Latino,White,Male,35-44,55.556,Loan originated
1,835000.0,42,1045000.0,227.0,1,Not Hispanic or Latino,White,Male,35-44,80.0,Loan originated
1,945000.0,49,1115000.0,203.0,1,Not Hispanic or Latino,White,Male,35-44,85.0,Loan originated
1,185000.0,20%-<30%,235000.0,166.0,1,Not Hispanic or Latino,White,Female,55-64,80.0,Loan originated
1,425000.0,40,995000.0,117.0,1,Not Hispanic or Latino,White,Female,45-54,42.543,Loan originated
1,95000.0,45,225000.0,62.0,1,Not Hispanic or Latino,White,Female,65-74,41.57,Loan originated
1,465000.0,49,575000.0,178.0,1,Not Hispanic or Latino,Asian,Male,45-54,80.0,Loan originated
1,295000.0,41,355000.0,72.0,1,Hispanic or Latino,White,Male,45-54,85.0,Loan originated
1,655000.0,46,675000.0,164.0,1,Hispanic or Latino,White,Male,25-34,97.0,Loan originated
1,1105000.0,20%-<30%,1385000.0,468.0,1,Not Hispanic or Latino,Asian,Male,25-34,80.0,Loan originated
1,545000.0,30%-<36%,565000.0,190.0,1,Hispanic or Latino,White,Female,35-44,97.0,Loan originated
1,305000.0,49,1065000.0,81.0,1,Not Hispanic or Latino,Asian,Male,25-34,28.169,Loan originated
1,485000.0,45,515000.0,105.0,1,Not Hispanic or Latino,Asian,Male,45-54,95.0,Loan originated
1,665000.0,49,825000.0,122.0,1,Not Hispanic or Latino,White,Male,45-54,78.485,Application denied
1,425000.0,20%-<30%,2555000.0,219.0,1,Not Hispanic or Latino,White,Female,45-54,16.667,Loan originated
1,145000.0,30%-<36%,195000.0,48.0,1,Not Hispanic or Latino,White,Female,65-74,91.542,Loan originated
1,275000.0,46,475000.0,66.0,1,Not Hispanic or Latino,White,Female,65-74,57.895,Loan originated
1,505000.0,49,675000.0,182.0,1,Not Hispanic or Latino,White,Female,25-34,75.0,Loan originated
1,255000.0,36,995000.0,113.0,1,Not Hispanic or Latino,White,Female,25-34,25.253,Loan originated
1,375000.0,48,495000.0,75.0,1,Hispanic or Latino,White,Female,55-64,95.0,Loan originated
1,525000.0,38,655000.0,140.0,1,Not Hispanic or Latino,Asian,Male,25-34,80.0,Loan originated
1,545000.0,36,685000.0,166.0,1,Hispanic or Latino,White,Male,25-34,80.0,Loan originated
1,345000.0,47,455000.0,87.0,1,Not Hispanic or Latino,White,Female,25-34,75.0,Loan originated
1,515000.0,42,545000.0,135.0,1,Hispanic or Latino,American Indian or Alaska Native,Male,35-44,95.0,Loan originated
1,295000.0,44,325000.0,82.0,1,Hispanic or Latino,White,Male,<25,90.0,Application denied
1,455000.0,39,605000.0,115.0,1,Not Hispanic or Latino,Asian,Female,45-54,75.0,Loan originated
1,505000.0,30%-<36%,625000.0,182.0,1,Hispanic or Latino,White,Male,35-44,80.0,Application denied
1,205000.0,38,515000.0,140.0,1,Not Hispanic or Latino,White,Male,55-64,38.835,Loan originated
1,485000.0,30%-<36%,605000.0,194.0,1,Not Hispanic or Latino,White,Male,35-44,80.0,Loan originated
1,425000.0,45,845000.0,130.0,1,Not Hispanic or Latino,Asian,Male,35-44,50.0,Loan originated
1,1145000.0,39,3905000.0,366.0,1,Not Hispanic or Latino,Asian,Male,55-64,29.48,Loan originated
1,735000.0,49,915000.0,148.0,1,Not Hispanic or Latino,Asian,Male,35-44,79.855,Loan originated
1,1055000.0,39,1115000.0,318.0,1,Not Hispanic or Latino,White,Male,35-44,95.0,Loan originated
1,605000.0,20%-<30%,675000.0,267.0,1,Not Hispanic or Latino,White,Male,45-54,90.0,Loan originated
1,405000.0,44,605000.0,100.0,1,Hispanic or Latino,White,Male,45-54,67.5,Loan originated
1,805000.0,36,1075000.0,255.0,1,Not Hispanic or Latino,White,Female,35-44,75.0,Loan originated
1,805000.0,45,895000.0,194.0,1,Not Hispanic or Latino,White,Male,45-54,90.0,Loan originated
1,975000.0,48,1305000.0,177.0,1,Not Hispanic or Latino,Asian,Male,25-34,75.0,Loan originated
1,555000.0,47,585000.0,147.0,1,Not Hispanic or Latino,Asian,Female,25-34,95.0,Application denied
1,395000.0,39,475000.0,104.0,1,Not Hispanic or Latino,White,Female,25-34,104.0,Loan originated
1,245000.0,20%-<30%,255000.0,147.0,1,Not Hispanic or Latino,White,Female,45-54,100.0,Loan originated
1,265000.0,43,715000.0,74.0,1,Not Hispanic or Latino,White,Female,35-44,36.886,Loan originated
1,495000.0,37,705000.0,193.0,1,Not Hispanic or Latino,Asian,Male,45-54,70.0,Loan originated
1,205000.0,20%-<30%,295000.0,99.0,1,Not Hispanic or Latino,White,Female,45-54,67.8,Loan originated
1,205000.0,49,215000.0,63.0,1,Not Hispanic or Latino,Asian,Female,45-54,97.0,Application denied
1,525000.0,49,655000.0,119.0,1,Hispanic or Latino,White,Male,35-44,80.0,Loan originated
1,375000.0,50%-60%,455000.0,115.0,1,Hispanic or Latino,White,Female,35-44,84.0,Application denied
1,165000.0,30%-<36%,215000.0,71.0,1,Hispanic or Latino,White,Male,65-74,80.0,Loan originated
1,445000.0,42,555000.0,99.0,1,Hispanic or Latino,White,Female,35-44,80.0,Loan originated
1,1065000.0,39,1525000.0,46.0,1,Not Hispanic or Latino,Asian,Male,35-44,70.0,Loan originated
1,255000.0,42,385000.0,73.0,1,Not Hispanic or Latino,Asian,Male,45-54,64.94,Loan originated
1,315000.0,47,395000.0,82.0,1,Hispanic or Latino,White,Female,25-34,80.0,Loan originated
1,915000.0,49,1325000.0,218.0,1,Not Hispanic or Latino,White,Female,35-44,70.0,Loan originated
1,405000.0,38,425000.0,152.0,1,Not Hispanic or Latino,White,Female,45-54,95.0,Loan originated
1,415000.0,38,665000.0,160.0,1,Not Hispanic or Latino,White,Female,25-34,62.13,Loan originated
1,515000.0,45,595000.0,174.0,1,Not Hispanic or Latino,Asian,Male,55-64,87.719,Loan originated
1,255000.0,30%-<36%,825000.0,115.0,1,Not Hispanic or Latino,White,Male,55-64,30.49,Loan originated
1,635000.0,43,665000.0,187.0,1,Not Hispanic or Latino,White,Male,35-44,95.0,Loan originated
1,595000.0,49,675000.0,157.0,1,Hispanic or Latino,White,Female,45-54,88.06,Loan originated
1,605000.0,30%-<36%,675000.0,300.0,1,Not Hispanic or Latino,White,Male,35-44,90.0,Loan originated
1,455000.0,37,565000.0,155.0,1,Not Hispanic or Latino,Asian,Male,45-54,80.0,Loan originated
1,475000.0,20%-<30%,695000.0,300.0,1,Not Hispanic or Latino,White,Male,25-34,70.0,Loan originated
1,525000.0,<20%,665000.0,652.0,1,Not Hispanic or Latino,Asian,Male,35-44,80.0,Loan originated
1,475000.0,30%-<36%,635000.0,139.0,1,Not Hispanic or Latino,White,Female,35-44,75.0,Loan originated
1,275000.0,45,375000.0,66.0,1,Hispanic or Latino,White,Female,25-34,73.333,Loan originated
1,605000.0,42,635000.0,159.0,1,Not Hispanic or Latino,Black or African American,Female,55-64,95.0,Loan originated
1,525000.0,41,545000.0,193.0,1,Not Hispanic or Latino,White,Male,45-54,97.0,Loan originated
1,145000.0,47,155000.0,69.0,1,Not Hispanic or Latino,White,Female,45-54,92.258,Application denied
1,625000.0,47,785000.0,122.0,1,Hispanic or Latino,White,Female,35-44,80.0,Loan originated
1,845000.0,47,1065000.0,295.0,1,Not Hispanic or Latino,Asian,Male,65-74,80.0,Loan originated
1,645000.0,45,805000.0,172.0,1,Not Hispanic or Latino,Asian,Male,45-54,80.0,Loan originated
1,545000.0,36,685000.0,171.0,1,Hispanic or Latino,White,Male,55-64,80.0,Loan originated
1,625000.0,44,955000.0,150.0,1,Not Hispanic or Latino,White,Male,25-34,64.99,Loan originated
1,615000.0,49,725000.0,120.0,1,Not Hispanic or Latino,Asian,Female,25-34,85.0,Loan originated
1,455000.0,43,505000.0,132.0,1,Not Hispanic or Latino,Asian,Female,45-54,90.0,Loan originated
1,385000.0,48,475000.0,125.0,1,Not Hispanic or Latino,Asian,Female,25-34,80.0,Loan originated
1,425000.0,49,525000.0,110.0,1,Not Hispanic or Latino,White,Female,25-34,80.0,Loan originated
1,695000.0,47,865000.0,160.0,1,Not Hispanic or Latino,Asian,Female,45-54,80.0,Loan originated
1,785000.0,48,985000.0,209.0,1,Not Hispanic or Latino,Asian,Male,45-54,80.0,Loan originated
1,445000.0,41,465000.0,140.0,1,Not Hispanic or Latino,White,Male,25-34,96.001,Application denied
1,1005000.0,38,1255000.0,288.0,1,Not Hispanic or Latino,Asian,Male,35-44,80.0,Loan originated
1,115000.0,39,485000.0,51.0,1,Not Hispanic or Latino,White,Male,65-74,22.917,Loan originated
1,425000.0,49,525000.0,119.0,1,Not Hispanic or Latino,Asian,Female,25-34,80.0,Loan originated
1,155000.0,30%-<36%,215000.0,56.0,1,Not Hispanic or Latino,White,Male,65-74,71.429,Loan originated
1,585000.0,20%-<30%,735000.0,200.0,1,Not Hispanic or Latino,Asian,Male,35-44,80.0,Loan originated
1,395000.0,45,695000.0,98.0,1,Not Hispanic or Latino,Asian,Female,25-34,57.019,Loan originated
1,515000.0,44,645000.0,113.0,1,Hispanic or Latino,White,Male,35-44,80.0,Loan originated
1,185000.0,38,205000.0,82.0,1,Not Hispanic or Latino,Asian,Male,35-44,93.0,Loan originated
1,105000.0,50%-60%,215000.0,73.0,1,Not Hispanic or Latino,Asian,Female,25-34,47.62,Application denied
1,425000.0,42,445000.0,102.0,1,Hispanic or Latino,White,Male,35-44,99.84,Loan originated
1,185000.0,36,355000.0,53.0,1,Not Hispanic or Latino,White,Female,55-64,50.845,Loan originated
1,345000.0,43,405000.0,80.0,1,Hispanic or Latino,White,Female,45-54,85.0,Loan originated
1,485000.0,43,575000.0,121.0,1,Not Hispanic or Latino,Black or African American,Female,45-54,85.0,Loan originated
1,305000.0,47,435000.0,66.0,1,Hispanic or Latino,White,Female,45-54,72.023,Loan originated
1,965000.0,20%-<30%,1375000.0,945.0,1,Not Hispanic or Latino,Asian,Male,25-34,69.99,Loan originated
1,335000.0,49,425000.0,215.0,1,Not Hispanic or Latino,White,Male,>74,80.0,Loan originated
1,955000.0,30%-<36%,1195000.0,302.0,1,Not Hispanic or Latino,White,Female,35-44,80.0,Loan originated
1,1005000.0,<20%,1525000.0,747.0,1,Not Hispanic or Latino,White,Male,25-34,65.57,Loan originated
1,515000.0,50%-60%,685000.0,131.0,1,Not Hispanic or Latino,Asian,Male,45-54,75.0,Loan originated
1,605000.0,41,755000.0,144.0,1,Not Hispanic or Latino,White,Male,25-34,80.0,Loan originated
1,505000.0,42,565000.0,138.0,1,Hispanic or Latino,White,Male,25-34,90.0,Loan originated
1,195000.0,30%-<36%,655000.0,130.0,1,Not Hispanic or Latino,White,Male,35-44,29.231,Loan originated
1,825000.0,42,1155000.0,196.0,1,Not Hispanic or Latino,Asian,Male,35-44,71.8,Loan originated
1,525000.0,30%-<36%,555000.0,296.0,1,Hispanic or Latino,White,Male,<25,95.0,Loan originated
1,905000.0,<20%,1135000.0,1251.0,1,Not Hispanic or Latino,Asian,Male,45-54,80.0,Loan originated
1,285000.0,42,355000.0,66.0,1,Hispanic or Latino,White,Female,35-44,80.0,Loan originated
1,515000.0,38,605000.0,153.0,1,Not Hispanic or Latino,White,Male,25-34,85.0,Loan originated
1,75000.0,30%-<36%,95000.0,72.0,1,Not Hispanic or Latino,White,Female,35-44,77.78,Loan originated
1,675000.0,42,745000.0,137.0,1,Hispanic or Latino,White,Male,45-54,91.0,Loan originated
1,155000.0,<20%,325000.0,160.0,1,Not Hispanic or Latino,White,Male,35-44,47.433,Loan originated
1,325000.0,<20%,325000.0,0.0,1,Not Hispanic or Latino,White,Female,55-64,97.0,Application denied
1,765000.0,41,3305000.0,280.0,1,Not Hispanic or Latino,White,Male,35-44,32.0,Loan originated
1,365000.0,30%-<36%,455000.0,121.0,1,Not Hispanic or Latino,Asian,Female,25-34,80.0,Loan originated
1,765000.0,45,845000.0,167.0,1,Not Hispanic or Latino,Asian,Male,35-44,89.99,Loan originated
1,715000.0,36,1045000.0,286.0,1,Hispanic or Latino,White,Female,35-44,68.75,Loan originated
1,795000.0,45,835000.0,291.0,1,Not Hispanic or Latino,Asian,Female,25-34,95.0,Loan originated
1,525000.0,36,705000.0,193.0,1,Not Hispanic or Latino,Asian,Male,35-44,75.0,Loan originated
1,285000.0,49,325000.0,59.0,1,Not Hispanic or Latino,White,Female,35-44,87.5,Loan originated
1,175000.0,20%-<30%,555000.0,127.0,1,Not Hispanic or Latino,Asian,Male,55-64,30.909,Loan originated
1,505000.0,45,1855000.0,148.0,1,Not Hispanic or Latino,White,Male,65-74,27.03,Loan originated
1,465000.0,42,585000.0,107.0,1,Not Hispanic or Latino,Asian,Male,25-34,80.0,Loan originated
1,385000.0,30%-<36%,645000.0,142.0,1,Not Hispanic or Latino,Asian,Male,25-34,60.0,Loan originated
1,585000.0,48,785000.0,185.0,1,Not Hispanic or Latino,Asian,Male,45-54,74.522,Loan originated
1,185000.0,44,365000.0,64.0,1,Not Hispanic or Latino,White,Male,65-74,50.0,Loan originated
1,185000.0,30%-<36%,195000.0,75.0,1,Hispanic or Latino,White,Male,45-54,94.87,Loan originated
1,235000.0,48,245000.0,59.0,1,Not Hispanic or Latino,White,Female,35-44,96.8,Loan originated
1,375000.0,44,505000.0,85.0,1,Hispanic or Latino,White,Male,25-34,95.0,Loan originated
1,575000.0,<20%,555000.0,595.0,1,Not Hispanic or Latino,Black or African American,Male,65-74,104.0,Application denied
1,575000.0,20%-<30%,975000.0,295.0,1,Not Hispanic or Latino,White,Male,45-54,59.01,Loan originated
1,505000.0,20%-<30%,595000.0,341.0,1,Not Hispanic or Latino,White,Male,45-54,85.0,Loan originated
1,825000.0,43,925000.0,266.0,1,Not Hispanic or Latino,Asian,Male,25-34,89.9,Loan originated
1,255000.0,49,265000.0,55.0,1,Not Hispanic or Latino,White,Male,<25,95.0,Loan originated
1,395000.0,30%-<36%,495000.0,153.0,1,Hispanic or Latino,American Indian or Alaska Native,Female,45-54,81.0,Loan originated
1,505000.0,47,525000.0,125.0,1,Not Hispanic or Latino,White,Male,25-34,97.0,Loan originated
1,595000.0,44,745000.0,140.0,1,Not Hispanic or Latino,Asian,Male,25-34,80.0,Loan originated
1,665000.0,20%-<30%,2255000.0,340.0,1,Not Hispanic or Latino,White,Male,45-54,29.55,Loan originated
1,255000.0,47,555000.0,128.0,1,Not Hispanic or Latino,White,Female,65-74,46.0,Loan originated
1,705000.0,20%-<30%,1705000.0,378.0,1,Not Hispanic or Latino,Asian,Female,25-34,41.177,Loan originated
1,15000.0,<20%,15000.0,1972.0,1,Hispanic or Latino,American Indian or Alaska Native,Female,35-44,454.545,Application denied
1,885000.0,<20%,1105000.0,0.0,1,Not Hispanic or Latino,Black or African American,Male,55-64,80.0,Application denied
1,175000.0,49,185000.0,56.0,1,Not Hispanic or Latino,White,Male,55-64,95.0,Loan originated
1,285000.0,44,415000.0,65.0,1,Not Hispanic or Latino,White,Male,25-34,70.0,Loan originated
1,525000.0,46,925000.0,139.0,1,Hispanic or Latino,White,Male,55-64,56.757,Loan originated
1,645000.0,45,715000.0,140.0,1,Hispanic or Latino,White,Male,25-34,89.99,Loan originated
1,535000.0,46,665000.0,157.0,1,Not Hispanic or Latino,White,Male,35-44,80.0,Loan originated
1,515000.0,30%-<36%,915000.0,1009.0,1,Not Hispanic or Latino,White,Male,<25,56.044,Loan originated
1,615000.0,49,685000.0,167.0,1,Not Hispanic or Latino,Asian,Female,55-64,89.99,Loan originated
1,365000.0,30%-<36%,375000.0,199.0,1,Hispanic or Latino,White,Female,55-64,97.0,Loan originated
1,415000.0,38,1815000.0,182.0,1,Not Hispanic or Latino,Asian,Male,25-34,22.652,Loan originated
1,405000.0,49,805000.0,87.0,1,Not Hispanic or Latino,Asian,Female,45-54,51.0,Loan originated
1,975000.0,44,1085000.0,238.0,1,Hispanic or Latino,White,Male,65-74,90.0,Loan originated
1,775000.0,36,975000.0,217.0,1,Not Hispanic or Latino,Asian,Female,25-34,80.0,Loan originated
1,925000.0,47,1005000.0,184.0,1,Not Hispanic or Latino,Asian,Male,35-44,93.0,Loan originated
1,275000.0,38,905000.0,153.0,1,Not Hispanic or Latino,White,Female,55-64,30.387,Loan originated
1,935000.0,44,1255000.0,261.0,1,Not Hispanic or Latino,Asian,Male,25-34,75.0,Loan originated
1,605000.0,30%-<36%,665000.0,169.0,1,Not Hispanic or Latino,Asian,Male,25-34,90.0,Loan originated
1,105000.0,45,125000.0,72.0,1,Not Hispanic or Latino,White,Female,45-54,90.0,Application denied
1,175000.0,20%-<30%,455000.0,55.0,1,Not Hispanic or Latino,White,Female,>74,38.22,Loan originated
1,255000.0,45,325000.0,85.0,1,Not Hispanic or Latino,White,Male,35-44,80.0,Loan originated
1,405000.0,36,505000.0,117.0,1,Hispanic or Latino,White,Female,35-44,80.0,Loan originated
1,345000.0,43,365000.0,113.0,1,Not Hispanic or Latino,Asian,Male,25-34,95.0,Loan originated
1,545000.0,42,685000.0,127.0,1,Not Hispanic or Latino,Black or African American,Male,45-54,80.0,Loan originated
1,485000.0,>60%,535000.0,132.0,1,Not Hispanic or Latino,Asian,Male,<25,90.0,Application denied
1,375000.0,37,395000.0,135.0,1,Not Hispanic or Latino,White,Male,35-44,95.0,Loan originated
1,755000.0,38,795000.0,198.0,1,Not Hispanic or Latino,White,Female,35-44,95.0,Loan originated
1,375000.0,48,465000.0,98.0,1,Not Hispanic or Latino,Asian,Female,25-34,80.0,Loan originated
1,495000.0,48,525000.0,167.0,1,Not Hispanic or Latino,Asian,Female,55-64,94.996,Loan originated
1,365000.0,44,415000.0,72.0,1,Hispanic or Latino,White,Male,25-34,87.89,Loan originated
1,485000.0,44,1025000.0,123.0,1,Not Hispanic or Latino,Asian,Female,25-34,47.317,Loan originated
1,345000.0,48,365000.0,100.0,1,Hispanic or Latino,White,Male,35-44,95.0,Loan originated
1,265000.0,30%-<36%,365000.0,89.0,1,Not Hispanic or Latino,White,Female,25-34,72.222,Loan originated
1,405000.0,46,515000.0,106.0,1,Not Hispanic or Latino,White,Female,35-44,78.017,Loan originated
1,185000.0,30%-<36%,235000.0,108.0,1,Not Hispanic or Latino,Native Hawaiian or Other Pacific Islander,Female,35-44,80.0,Loan originated
1,955000.0,>60%,1195000.0,193.0,1,Not Hispanic or Latino,Asian,Male,35-44,80.0,Application denied
1,535000.0,44,665000.0,153.0,1,Not Hispanic or Latino,Asian,Female,35-44,80.0,Loan originated
1,315000.0,50%-60%,405000.0,69.0,1,Hispanic or Latino,American Indian or Alaska Native,Female,35-44,76.039,Application denied
1,395000.0,48,435000.0,96.0,1,Hispanic or Latino,White,Male,55-64,90.0,Loan originated
1,705000.0,46,785000.0,220.0,1,Not Hispanic or Latino,Black or African American,Male,35-44,89.99,Loan originated
1,545000.0,36,575000.0,170.0,1,Not Hispanic or Latino,White,Male,35-44,94.74,Application denied
1,635000.0,46,705000.0,219.0,1,Not Hispanic or Latino,Asian,Male,35-44,90.0,Loan originated
1,355000.0,48,395000.0,81.0,1,Hispanic or Latino,American Indian or Alaska Native,Male,35-44,88.0,Loan originated
1,785000.0,39,1045000.0,201.0,1,Not Hispanic or Latino,Asian,Female,35-44,75.0,Loan originated
1,455000.0,30%-<36%,855000.0,170.0,1,Not Hispanic or Latino,White,Female,25-34,53.271,Loan originated
1,585000.0,48,615000.0,140.0,1,Not Hispanic or Latino,Asian,Male,35-44,94.96,Application denied
1,555000.0,44,1225000.0,211.0,1,Not Hispanic or Latino,White,Male,55-64,45.08,Loan originated
1,495000.0,20%-<30%,705000.0,170.0,1,Not Hispanic or Latino,Asian,Male,35-44,70.0,Loan originated
1,215000.0,45,465000.0,60.0,1,Hispanic or Latino,White,Male,45-54,45.652,Loan originated
1,715000.0,39,755000.0,197.0,1,Not Hispanic or Latino,Black or African American,Male,35-44,95.0,Loan originated
1,585000.0,30%-<36%,695000.0,259.0,1,Not Hispanic or Latino,White,Female,25-34,85.0,Loan originated
1,625000.0,>60%,775000.0,137.0,1,Not Hispanic or Latino,Asian,Male,35-44,80.0,Application denied
1,15000.0,40,445000.0,97.0,1,Hispanic or Latino,White,Male,35-44,100.0,Loan originated
1,175000.0,49,195000.0,85.0,1,Hispanic or Latino,White,Female,45-54,89.63,Loan originated
1,485000.0,47,605000.0,126.0,1,Not Hispanic or Latino,Asian,Female,45-54,80.0,Loan originated
1,555000.0,47,735000.0,144.0,1,Not Hispanic or Latino,White,Female,35-44,75.0,Loan originated
1,395000.0,36,465000.0,144.0,1,Hispanic or Latino,White,Male,45-54,85.0,Loan originated
1,55000.0,39,115000.0,42.0,1,Not Hispanic or Latino,White,Female,>74,47.38,Loan originated
1,765000.0,48,855000.0,173.0,1,Not Hispanic or Latino,White,Male,25-34,90.0,Loan originated
1,195000.0,20%-<30%,245000.0,271.0,1,Not Hispanic or Latino,White,Male,<25,80.0,Loan originated
1,225000.0,<20%,1255000.0,760.0,1,Hispanic or Latino,White,Female,35-44,17.6,Loan originated
1,515000.0,<20%,865000.0,417.0,1,Not Hispanic or Latino,White,Male,55-64,59.542,Loan originated
1,585000.0,47,635000.0,144.0,1,Not Hispanic or Latino,Asian,Male,35-44,92.0,Loan originated
1,285000.0,48,295000.0,69.0,1,Not Hispanic or Latino,White,Male,25-34,97.0,Loan originated
1,225000.0,20%-<30%,445000.0,92.0,1,Not Hispanic or Latino,White,Female,35-44,50.0,Loan originated
1,875000.0,49,1315000.0,307.0,1,Not Hispanic or Latino,White,Male,45-54,66.54,Loan originated
1,615000.0,43,775000.0,135.0,1,Not Hispanic or Latino,Asian,Male,25-34,80.0,Application denied
1,645000.0,49,715000.0,138.0,1,Not Hispanic or Latino,Black or African American,Female,25-34,89.99,Loan originated
1,705000.0,46,1195000.0,190.0,1,Hispanic or Latino,White,Male,25-34,58.382,Loan originated
1,555000.0,46,705000.0,134.0,1,Not Hispanic or Latino,Asian,Female,25-34,100.0,Loan originated
1,335000.0,43,425000.0,85.0,1,Hispanic or Latino,White,Female,35-44,80.0,Loan originated
1,145000.0,49,295000.0,74.0,1,Not Hispanic or Latino,White,Female,25-34,48.0,Loan originated
1,405000.0,40,605000.0,105.0,1,Not Hispanic or Latino,White,Female,65-74,68.167,Loan originated
1,895000.0,40,1125000.0,305.0,1,Not Hispanic or Latino,White,Female,25-34,80.0,Loan originated
1,635000.0,38,755000.0,162.0,1,Not Hispanic or Latino,Asian,Male,45-54,85.0,Loan originated
1,395000.0,49,415000.0,94.0,1,Not Hispanic or Latino,Asian,Male,25-34,95.0,Loan originated
1,535000.0,48,625000.0,166.0,1,Hispanic or Latino,White,Male,35-44,84.993,Loan originated
1,395000.0,49,635000.0,90.0,1,Not Hispanic or Latino,White,Male,35-44,63.0,Loan originated
1,305000.0,20%-<30%,555000.0,117.0,1,Not Hispanic or Latino,Asian,Male,<25,54.545,Loan originated
1,565000.0,30%-<36%,1565000.0,2530.0,1,Not Hispanic or Latino,Asian,Female,45-54,35.78,Loan originated
1,505000.0,48,635000.0,210.0,1,Not Hispanic or Latino,White,Male,<25,80.0,Loan originated
1,395000.0,46,525000.0,85.0,1,Not Hispanic or Latino,White,Male,25-34,75.0,Loan originated
1,675000.0,50%-60%,905000.0,143.0,1,Not Hispanic or Latino,White,Male,25-34,76.0,Application denied
1,625000.0,20%-<30%,695000.0,204.0,1,Not Hispanic or Latino,Asian,Male,35-44,90.0,Loan originated
1,305000.0,47,1125000.0,150.0,1,Not Hispanic or Latino,Asian,Male,55-64,26.596,Loan originated
1,325000.0,30%-<36%,405000.0,100.0,1,Not Hispanic or Latino,Asian,Male,25-34,80.0,Application denied
1,685000.0,47,855000.0,188.0,1,Hispanic or Latino,White,Male,45-54,80.0,Loan originated
1,1135000.0,39,1425000.0,363.0,1,Not Hispanic or Latino,White,Male,55-64,80.0,Loan originated
1,875000.0,20%-<30%,1095000.0,355.0,1,Not Hispanic or Latino,Asian,Female,25-34,80.0,Loan originated
1,685000.0,<20%,855000.0,497.0,1,Not Hispanic or Latino,Asian,Male,35-44,80.0,Loan originated
1,885000.0,43,1285000.0,266.0,1,Not Hispanic or Latino,White,Male,35-44,68.872,Loan originated
1,585000.0,50%-60%,605000.0,124.0,1,Hispanic or Latino,White,Male,45-54,100.0,Loan originated
1,985000.0,41,1225000.0,373.0,1,Not Hispanic or Latino,White,Male,55-64,80.0,Loan originated
1,665000.0,50%-60%,785000.0,104.0,1,Hispanic or Latino,White,Male,35-44,85.0,Application denied
1,605000.0,<20%,865000.0,2004.0,1,Not Hispanic or Latino,Asian,Male,35-44,69.767,Loan originated
1,365000.0,49,455000.0,73.0,1,Not Hispanic or Latino,White,Female,25-34,80.0,Loan originated
1,665000.0,45,895000.0,161.0,1,Hispanic or Latino,White,Male,45-54,74.27,Loan originated
1,255000.0,49,315000.0,45.0,1,Hispanic or Latino,White,Male,45-54,80.0,Loan originated
1,515000.0,45,765000.0,140.0,1,Not Hispanic or Latino,Asian,Female,<25,67.44,Loan originated
1,755000.0,20%-<30%,845000.0,359.0,1,Not Hispanic or Latino,Asian,Female,35-44,89.524,Loan originated
1,105000.0,<20%,405000.0,140.0,1,Hispanic or Latino,White,Male,35-44,25.0,Loan originated
1,1045000.0,42,1495000.0,236.0,1,Not Hispanic or Latino,Asian,Male,25-34,70.0,Loan originated
1,325000.0,30%-<36%,335000.0,130.0,1,Not Hispanic or Latino,White,Female,55-64,97.0,Loan originated
1,535000.0,43,675000.0,272.0,1,Hispanic or Latino,White,Female,45-54,80.0,Loan originated
1,725000.0,40,905000.0,180.0,1,Not Hispanic or Latino,Asian,Male,35-44,80.0,Loan originated
1,485000.0,49,655000.0,106.0,1,Hispanic or Latino,White,Female,45-54,73.85,Loan originated
1,285000.0,20%-<30%,355000.0,117.0,1,Not Hispanic or Latino,White,Male,25-34,80.0,Loan originated
1,595000.0,>60%,635000.0,73.0,1,Hispanic or Latino,White,Female,35-44,95.0,Loan originated
1,295000.0,40,295000.0,102.0,1,Hispanic or Latino,White,Female,<25,100.0,Loan originated
1,225000.0,49,785000.0,64.0,1,Not Hispanic or Latino,White,Female,45-54,29.045,Loan originated
1,365000.0,48,455000.0,130.0,1,Hispanic or Latino,White,Female,25-34,79.31,Loan originated
1,365000.0,30%-<36%,375000.0,140.0,1,Not Hispanic or Latino,Asian,Male,25-34,97.0,Loan originated
1,85000.0,40,305000.0,69.0,1,Not Hispanic or Latino,White,Female,65-74,27.67,Loan originated
1,1125000.0,>60%,1415000.0,226.0,1,Not Hispanic or Latino,Asian,Male,35-44,80.0,Application denied
1,455000.0,45,575000.0,144.0,1,Not Hispanic or Latino,White,Male,35-44,80.0,Loan originated
1,255000.0,30%-<36%,375000.0,95.0,1,Not Hispanic or Latino,Asian,Female,35-44,67.204,Loan originated
1,155000.0,36,675000.0,103.0,1,Not Hispanic or Latino,Asian,Male,35-44,22.388,Loan originated
1,505000.0,30%-<36%,805000.0,163.0,1,Not Hispanic or Latino,Asian,Male,25-34,62.825,Loan originated
1,745000.0,30%-<36%,825000.0,260.0,1,Not Hispanic or Latino,Asian,Male,45-54,90.0,Loan originated
1,685000.0,30%-<36%,975000.0,333.0,1,Not Hispanic or Latino,Asian,Male,25-34,70.0,Loan originated
1,255000.0,44,905000.0,95.0,1,Not Hispanic or Latino,White,Female,65-74,27.778,Loan originated
1,335000.0,48,485000.0,163.0,1,Not Hispanic or Latino,Asian,Female,35-44,70.0,Loan originated
1,805000.0,37,855000.0,235.0,1,Hispanic or Latino,White,Female,25-34,95.0,Loan originated
1,765000.0,44,1015000.0,212.0,1,Not Hispanic or Latino,White,Female,45-54,75.891,Loan originated
1,765000.0,40,855000.0,340.0,1,Not Hispanic or Latino,Asian,Male,45-54,89.994,Loan originated
1,295000.0,49,305000.0,62.0,1,Not Hispanic or Latino,White,Male,45-54,97.0,Loan originated
1,705000.0,39,875000.0,202.0,1,Hispanic or Latino,White,Female,45-54,80.0,Loan originated
1,855000.0,44,895000.0,189.0,1,Not Hispanic or Latino,White,Female,55-64,94.998,Loan originated
1,745000.0,43,935000.0,161.0,1,Hispanic or Latino,White,Female,25-34,80.0,Loan originated
1,265000.0,38,515000.0,82.0,1,Not Hispanic or Latino,White,Male,35-44,51.0,Loan originated
1,505000.0,30%-<36%,635000.0,224.0,1,Not Hispanic or Latino,White,Male,45-54,80.0,Loan originated
1,65000.0,<20%,65000.0,61.0,1,Hispanic or Latino,White,Male,25-34,95.89,Application denied
1,385000.0,47,485000.0,108.0,1,Not Hispanic or Latino,Asian,Female,45-54,80.0,Loan originated
1,125000.0,30%-<36%,315000.0,72.0,1,Not Hispanic or Latino,White,Female,35-44,39.683,Loan originated
1,1125000.0,49,1505000.0,270.0,1,Not Hispanic or Latino,Asian,Male,<25,85.0,Loan originated
1,505000.0,43,565000.0,155.0,1,Not Hispanic or Latino,Asian,Male,25-34,88.0,Loan originated
1,405000.0,30%-<36%,445000.0,138.0,1,Not Hispanic or Latino,White,Female,65-74,90.0,Loan originated
1,1005000.0,20%-<30%,2525000.0,555.0,1,Not Hispanic or Latino,White,Female,45-54,39.6,Loan originated
1,355000.0,30%-<36%,595000.0,135.0,1,Not Hispanic or Latino,Asian,Male,25-34,60.0,Loan originated
1,235000.0,45,895000.0,82.0,1,Not Hispanic or Latino,White,Female,45-54,26.257,Loan originated
1,295000.0,49,315000.0,78.0,1,Hispanic or Latino,White,Male,25-34,95.0,Loan originated
1,285000.0,49,615000.0,73.0,1,Not Hispanic or Latino,Asian,Male,45-54,46.0,Loan originated
1,325000.0,43,335000.0,70.0,1,Hispanic or Latino,White,Male,25-34,100.0,Loan originated
1,755000.0,30%-<36%,1005000.0,251.0,1,Hispanic or Latino,White,Male,35-44,75.0,Loan originated
1,1025000.0,41,1365000.0,230.0,1,Not Hispanic or Latino,White,Male,35-44,75.0,Loan originated
1,475000.0,44,595000.0,129.0,1,Not Hispanic or Latino,Asian,Female,25-34,80.0,Loan originated
1,365000.0,43,665000.0,85.0,1,Not Hispanic or Latino,Native Hawaiian or Other Pacific Islander,Male,35-44,54.887,Loan originated
1,475000.0,>60%,1185000.0,246.0,1,Not Hispanic or Latino,2 or more minority races,Female,45-54,81.2,Application denied
1,495000.0,41,775000.0,137.0,1,Not Hispanic or Latino,White,Male,25-34,63.871,Loan originated
1,545000.0,48,685000.0,138.0,1,Not Hispanic or Latino,Asian,Male,55-64,80.0,Loan originated
1,465000.0,20%-<30%,865000.0,386.0,1,Hispanic or Latino,White,Male,25-34,53.488,Loan originated
1,435000.0,46,545000.0,96.0,1,Not Hispanic or Latino,White,Male,45-54,80.0,Loan originated
1,315000.0,46,335000.0,99.0,1,Not Hispanic or Latino,White,Male,35-44,95.0,Loan originated
1,645000.0,46,805000.0,130.0,1,Not Hispanic or Latino,Asian,Male,35-44,80.0,Loan originated
1,755000.0,38,885000.0,236.0,1,Not Hispanic or Latino,White,Male,55-64,85.03,Loan originated
1,455000.0,46,1405000.0,145.0,1,Not Hispanic or Latino,Asian,Female,25-34,32.143,Loan originated
1,475000.0,49,505000.0,100.0,1,Hispanic or Latino,Asian,Male,25-34,93.775,Loan originated
1,595000.0,30%-<36%,665000.0,191.0,1,Hispanic or Latino,White,Male,35-44,90.0,Loan originated
1,465000.0,43,875000.0,111.0,1,Not Hispanic or Latino,Asian,Female,25-34,52.87,Loan originated
1,545000.0,38,675000.0,269.0,1,Not Hispanic or Latino,White,Male,35-44,80.0,Loan originated
1,105000.0,41,485000.0,55.0,1,Not Hispanic or Latino,White,Male,45-54,22.407,Loan originated
1,175000.0,49,525000.0,60.0,1,Not Hispanic or Latino,White,Female,55-64,33.025,Loan originated
1,895000.0,49,955000.0,192.0,1,Not Hispanic or Latino,Asian,Male,35-44,93.404,Loan originated
1,425000.0,44,495000.0,160.0,1,Hispanic or Latino,White,Male,55-64,85.0,Loan originated
1,495000.0,49,525000.0,94.0,1,Hispanic or Latino,White,Male,25-34,95.0,Loan originated
1,495000.0,44,665000.0,117.0,1,Not Hispanic or Latino,White,Female,35-44,75.0,Loan originated
1,705000.0,44,745000.0,193.0,1,Hispanic or Latino,White,Male,35-44,95.0,Loan originated
1,625000.0,30%-<36%,1655000.0,215.0,1,Not Hispanic or Latino,White,Male,35-44,37.76,Loan originated
1,595000.0,41,925000.0,145.0,1,Not Hispanic or Latino,White,Male,35-44,65.0,Loan originated
1,165000.0,38,205000.0,42.0,1,Not Hispanic or Latino,White,Female,35-44,94.5,Loan originated
1,675000.0,48,815000.0,133.0,1,Not Hispanic or Latino,Asian,Male,25-34,83.0,Loan originated
1,725000.0,39,745000.0,197.0,1,Not Hispanic or Latino,Asian,Female,45-54,97.0,Loan originated
1,975000.0,30%-<36%,1225000.0,300.0,1,Not Hispanic or Latino,White,Male,55-64,80.0,Loan originated
1,855000.0,40,1255000.0,454.0,1,Not Hispanic or Latino,Asian,Female,35-44,68.0,Loan originated
1,1135000.0,37,1515000.0,274.0,1,Not Hispanic or Latino,Asian,Female,35-44,75.0,Loan originated
1,365000.0,44,485000.0,90.0,1,Not Hispanic or Latino,Asian,Male,25-34,95.0,Loan originated
1,535000.0,48,625000.0,108.0,1,Not Hispanic or Latino,Asian,Male,25-34,85.0,Loan originated
1,505000.0,>60%,535000.0,114.0,1,Not Hispanic or Latino,Black or African American,Female,25-34,95.0,Application denied
1,455000.0,49,695000.0,102.0,1,Not Hispanic or Latino,White,Female,65-74,65.0,Loan originated
1,405000.0,37,605000.0,122.0,1,Not Hispanic or Latino,White,Male,25-34,66.759,Loan originated
1,255000.0,41,275000.0,100.0,1,Hispanic or Latino,White,Male,45-54,95.0,Loan originated
1,525000.0,47,555000.0,105.0,1,Not Hispanic or Latino,Asian,Male,35-44,95.0,Loan originated
1,355000.0,48,445000.0,73.0,1,Hispanic or Latino,White,Female,25-34,80.0,Loan originated
1,585000.0,42,735000.0,305.0,1,Not Hispanic or Latino,Asian,Male,<25,80.0,Loan originated
1,955000.0,47,1155000.0,529.0,1,Not Hispanic or Latino,White,Male,35-44,83.0,Loan originated
1,145000.0,20%-<30%,615000.0,122.0,1,Hispanic or Latino,White,Male,45-54,24.275,Loan originated
1,435000.0,48,455000.0,85.0,1,Hispanic or Latino,White,Male,45-54,95.0,Loan originated
1,645000.0,36,805000.0,182.0,1,Not Hispanic or Latino,Asian,Male,25-34,80.0,Loan originated
1,365000.0,41,625000.0,102.0,1,Not Hispanic or Latino,Asian,Female,55-64,58.88,Loan originated
1,465000.0,47,575000.0,102.0,1,Not Hispanic or Latino,White,Male,25-34,80.0,Loan originated
1,185000.0,20%-<30%,345000.0,70.0,1,Not Hispanic or Latino,White,Female,25-34,52.9,Loan originated
1,435000.0,20%-<30%,1515000.0,260.0,1,Not Hispanic or Latino,Asian,Female,25-34,28.477,Application denied
1,485000.0,47,515000.0,115.0,1,Hispanic or Latino,White,Female,25-34,95.0,Loan originated
1,515000.0,48,645000.0,99.0,1,Hispanic or Latino,White,Male,25-34,83.852,Application denied
1,605000.0,38,755000.0,147.0,1,Not Hispanic or Latino,White,Male,35-44,80.0,Loan originated
1,535000.0,42,665000.0,135.0,1,Not Hispanic or Latino,White,Male,55-64,80.0,Loan originated
1,225000.0,48,285000.0,79.0,1,Not Hispanic or Latino,White,Male,>74,80.0,Loan originated
1,615000.0,20%-<30%,655000.0,211.0,1,Not Hispanic or Latino,White,Female,35-44,95.0,Loan originated
1,265000.0,47,365000.0,62.0,1,Not Hispanic or Latino,White,Female,45-54,100.904,Loan originated
1,345000.0,48,455000.0,87.0,1,Not Hispanic or Latino,White,Male,25-34,75.0,Loan originated
1,385000.0,30%-<36%,615000.0,129.0,1,Hispanic or Latino,White,Male,35-44,62.93,Loan originated
1,865000.0,48,1155000.0,180.0,1,Not Hispanic or Latino,White,Male,45-54,75.0,Loan originated
1,445000.0,<20%,475000.0,550.0,1,Not Hispanic or Latino,White,Male,<25,95.0,Loan originated
1,155000.0,49,385000.0,70.0,1,Hispanic or Latino,White,Male,35-44,40.38,Loan originated
1,305000.0,20%-<30%,375000.0,148.0,1,Hispanic or Latino,White,Male,25-34,80.0,Loan originated
1,1035000.0,42,1705000.0,271.0,1,Not Hispanic or Latino,White,Male,45-54,60.73,Loan originated
1,365000.0,43,455000.0,86.0,1,Not Hispanic or Latino,Asian,Female,<25,80.0,Loan originated
1,635000.0,42,665000.0,171.0,1,Not Hispanic or Latino,Asian,Male,35-44,95.0,Loan originated
1,625000.0,20%-<30%,1325000.0,250.0,1,Not Hispanic or Latino,White,Male,45-54,47.13,Loan originated
1,545000.0,50%-60%,855000.0,127.0,1,Not Hispanic or Latino,White,Female,45-54,65.0,Loan originated
1,505000.0,30%-<36%,725000.0,203.0,1,Not Hispanic or Latino,Asian,Male,25-34,70.49,Application denied
1,345000.0,44,435000.0,78.0,1,Not Hispanic or Latino,Asian,Male,45-54,80.0,Loan originated
1,475000.0,20%-<30%,595000.0,347.0,1,Hispanic or Latino,White,Male,25-34,80.0,Loan originated
1,755000.0,40,1055000.0,191.0,1,Not Hispanic or Latino,White,Male,35-44,71.51,Loan originated
1,525000.0,47,545000.0,130.0,1,Hispanic or Latino,White,Female,45-54,97.0,Loan originated
1,765000.0,36,2075000.0,270.0,1,Not Hispanic or Latino,Asian,Male,55-64,36.87,Loan originated
1,405000.0,44,425000.0,91.0,1,Hispanic or Latino,White,Female,45-54,95.0,Loan originated
1,415000.0,43,555000.0,165.0,1,Not Hispanic or Latino,Asian,Female,55-64,75.0,Application denied
1,255000.0,49,415000.0,56.0,1,Hispanic or Latino,White,Female,35-44,63.0,Loan originated
1,1095000.0,30%-<36%,1145000.0,414.0,1,Not Hispanic or Latino,White,Female,35-44,95.0,Loan originated
1,715000.0,45,955000.0,182.0,1,Not Hispanic or Latino,White,Female,35-44,75.0,Loan originated
1,375000.0,43,395000.0,149.0,1,Hispanic or Latino,White,Male,35-44,95.0,Loan originated
1,505000.0,47,645000.0,100.0,1,Hispanic or Latino,White,Male,25-34,79.375,Loan originated
1,345000.0,43,665000.0,87.0,1,Not Hispanic or Latino,White,Female,25-34,51.737,Loan originated
1,605000.0,46,755000.0,176.0,1,Not Hispanic or Latino,White,Female,65-74,80.0,Loan originated
1,165000.0,38,185000.0,91.0,1,Hispanic or Latino,White,Female,45-54,92.0,Loan originated
1,915000.0,49,1235000.0,187.0,1,Not Hispanic or Latino,White,Female,25-34,74.0,Loan originated
1,605000.0,37,805000.0,246.0,1,Not Hispanic or Latino,Asian,Male,25-34,75.0,Loan originated
1,515000.0,30%-<36%,545000.0,147.0,1,Not Hispanic or Latino,Native Hawaiian or Other Pacific Islander,Female,45-54,95.0,Loan originated
1,365000.0,43,465000.0,109.0,1,Hispanic or Latino,White,Male,35-44,80.0,Loan originated
1,845000.0,20%-<30%,1125000.0,361.0,1,Not Hispanic or Latino,White,Female,25-34,75.0,Loan originated
1,995000.0,44,1245000.0,793.0,1,Not Hispanic or Latino,Black or African American,Male,25-34,80.0,Loan originated
1,725000.0,>60%,905000.0,64.0,1,Not Hispanic or Latino,Black or African American,Female,65-74,80.0,Application denied
1,535000.0,30%-<36%,935000.0,172.0,1,Not Hispanic or Latino,Asian,Male,35-44,58.0,Loan originated
1,455000.0,30%-<36%,575000.0,151.0,1,Not Hispanic or Latino,Asian,Male,25-34,80.0,Loan originated
1,685000.0,48,815000.0,180.0,1,Not Hispanic or Latino,Asian,Male,25-34,85.0,Loan originated
1,305000.0,<20%,615000.0,210.0,1,Hispanic or Latino,White,Male,25-34,50.0,Loan originated
1,195000.0,49,335000.0,42.0,1,Hispanic or Latino,White,Female,25-34,57.58,Loan originated
1,925000.0,42,1155000.0,267.0,1,Not Hispanic or Latino,Black or African American,Female,45-54,80.0,Loan originated
1,575000.0,46,655000.0,128.0,1,Not Hispanic or Latino,Asian,Male,25-34,88.482,Loan originated
1,525000.0,<20%,655000.0,2007.0,1,Not Hispanic or Latino,White,Male,35-44,80.0,Application denied
1,595000.0,47,745000.0,228.0,1,Not Hispanic or Latino,Asian,Male,45-54,80.0,Loan originated
1,675000.0,36,795000.0,319.0,1,Hispanic or Latino,White,Male,<25,85.0,Loan originated
1,495000.0,47,525000.0,163.0,1,Not Hispanic or Latino,White,Male,55-64,95.0,Loan originated
1,765000.0,44,805000.0,173.0,1,Hispanic or Latino,White,Male,25-34,95.0,Loan originated
1,465000.0,45,735000.0,199.0,1,Hispanic or Latino,White,Female,55-64,63.265,Loan originated
1,605000.0,30%-<36%,805000.0,385.0,1,Not Hispanic or Latino,Asian,Male,35-44,75.0,Loan originated
1,235000.0,39,295000.0,66.0,1,Not Hispanic or Latino,White,Male,65-74,80.0,Loan originated
1,565000.0,47,705000.0,378.0,1,Not Hispanic or Latino,Asian,Male,<25,80.0,Loan originated
1,355000.0,45,515000.0,180.0,1,Not Hispanic or Latino,Black or African American,Female,55-64,70.0,Loan originated
1,395000.0,49,495000.0,74.0,1,Hispanic or Latino,White,Male,35-44,79.4,Loan originated
1,575000.0,46,715000.0,117.0,1,Not Hispanic or Latino,White,Male,25-34,80.0,Loan originated
1,395000.0,30%-<36%,685000.0,138.0,1,Not Hispanic or Latino,White,Female,25-34,77.51,Loan originated
1,685000.0,40,865000.0,163.0,1,Not Hispanic or Latino,Black or African American,Female,35-44,80.0,Loan originated
1,15000.0,>60%,385000.0,61.0,1,Hispanic or Latino,White,Male,45-54,100.0,Application denied
1,485000.0,30%-<36%,765000.0,241.0,1,Not Hispanic or Latino,White,Male,35-44,63.838,Loan originated
1,505000.0,>60%,1465000.0,149.0,1,Not Hispanic or Latino,White,Male,25-34,34.09,Application denied
1,785000.0,43,985000.0,332.0,1,Not Hispanic or Latino,Asian,Male,35-44,80.0,Loan originated
1,405000.0,40,585000.0,154.0,1,Not Hispanic or Latino,Asian,Male,65-74,70.0,Loan originated
1,605000.0,37,765000.0,162.0,1,Not Hispanic or Latino,White,Male,35-44,80.0,Loan originated
1,715000.0,39,795000.0,217.0,1,Not Hispanic or Latino,Asian,Male,35-44,89.949,Loan originated
1,555000.0,36,935000.0,18.0,1,Not Hispanic or Latino,Asian,Male,35-44,60.0,Loan originated
1,875000.0,<20%,1095000.0,149.0,1,Not Hispanic or Latino,White,Male,25-34,80.0,Application denied
1,685000.0,49,855000.0,300.0,1,Not Hispanic or Latino,White,Male,45-54,80.0,Loan originated
1,555000.0,37,685000.0,255.0,1,Not Hispanic or Latino,White,Female,45-54,80.0,Loan originated
1,555000.0,30%-<36%,1355000.0,352.0,1,Not Hispanic or Latino,Asian,Male,35-44,40.0,Loan originated
1,565000.0,39,625000.0,332.0,1,Hispanic or Latino,White,Male,25-34,89.99,Loan originated
1,575000.0,49,675000.0,159.0,1,Hispanic or Latino,White,Male,25-34,85.0,Loan originated
1,435000.0,>60%,545000.0,124.0,1,Not Hispanic or Latino,White,Female,65-74,80.0,Application denied
1,155000.0,30%-<36%,605000.0,105.0,1,Not Hispanic or Latino,Asian,Male,65-74,24.635,Loan originated
1,765000.0,49,955000.0,349.0,1,Not Hispanic or Latino,White,Female,35-44,80.0,Loan originated
1,525000.0,37,635000.0,141.0,1,Not Hispanic or Latino,Asian,Male,35-44,81.75,Loan originated
1,435000.0,30%-<36%,545000.0,136.0,1,Hispanic or Latino,White,Female,45-54,80.0,Loan originated
1,555000.0,48,745000.0,112.0,1,Hispanic or Latino,White,Male,45-54,75.0,Loan originated
1,545000.0,30%-<36%,685000.0,186.0,1,Not Hispanic or Latino,White,Female,25-34,80.0,Loan originated
1,745000.0,48,925000.0,145.0,1,Not Hispanic or Latino,White,Male,35-44,80.0,Loan originated
1,175000.0,49,225000.0,82.0,1,Not Hispanic or Latino,White,Male,45-54,75.556,Loan originated
1,635000.0,44,985000.0,186.0,1,Not Hispanic or Latino,Asian,Male,35-44,65.0,Loan originated
1,255000.0,30%-<36%,455000.0,85.0,1,Not Hispanic or Latino,Asian,Male,25-34,56.348,Loan originated
1,655000.0,44,725000.0,202.0,1,Not Hispanic or Latino,Asian,Female,35-44,90.0,Loan originated
1,455000.0,30%-<36%,505000.0,231.0,1,Not Hispanic or Latino,Asian,Male,35-44,90.39,Application denied
1,355000.0,<20%,755000.0,414.0,1,Not Hispanic or Latino,Asian,Male,35-44,46.67,Application denied
1,465000.0,>60%,475000.0,62.0,1,Hispanic or Latino,White,Female,55-64,97.0,Application denied
1,395000.0,40,785000.0,163.0,1,Not Hispanic or Latino,White,Male,25-34,50.0,Loan originated
1,405000.0,30%-<36%,1055000.0,141.0,1,Not Hispanic or Latino,Asian,Male,25-34,38.01,Loan originated
1,425000.0,46,435000.0,90.0,1,Not Hispanic or Latino,Asian,Male,35-44,98.067,Loan originated
1,1005000.0,39,2305000.0,260.0,1,Not Hispanic or Latino,Asian,Female,25-34,43.47,Loan originated
1,795000.0,44,1145000.0,190.0,1,Not Hispanic or Latino,White,Female,35-44,69.298,Loan originated
1,675000.0,>60%,755000.0,140.0,1,Not Hispanic or Latino,White,Male,35-44,90.0,Application denied
1,365000.0,20%-<30%,385000.0,121.0,1,Not Hispanic or Latino,White,Male,25-34,95.0,Loan originated
1,335000.0,44,395000.0,79.0,1,Not Hispanic or Latino,White,Male,35-44,85.0,Loan originated
1,335000.0,45,355000.0,70.0,1,Not Hispanic or Latino,Asian,Female,25-34,100.0,Loan originated
1,265000.0,43,325000.0,53.0,1,Not Hispanic or Latino,Asian,Male,35-44,80.0,Loan originated
1,635000.0,40,795000.0,209.0,1,Not Hispanic or Latino,White,Female,45-54,80.0,Loan originated
1,485000.0,20%-<30%,565000.0,212.0,1,Not Hispanic or Latino,White,Male,45-54,85.714,Loan originated
1,425000.0,46,575000.0,99.0,1,Not Hispanic or Latino,White,Female,<25,75.0,Loan originated
1,625000.0,41,705000.0,185.0,1,Not Hispanic or Latino,Black or African American,Female,55-64,88.0,Loan originated
1,635000.0,20%-<30%,885000.0,397.0,1,Not Hispanic or Latino,White,Male,35-44,71.591,Loan originated
1,525000.0,47,655000.0,107.0,1,Not Hispanic or Latino,White,Female,35-44,80.0,Loan originated
1,675000.0,47,715000.0,156.0,1,Hispanic or Latino,White,Female,25-34,95.0,Loan originated
1,995000.0,37,1245000.0,299.0,1,Hispanic or Latino,White,Male,35-44,80.0,Loan originated
1,375000.0,45,435000.0,82.0,1,Hispanic or Latino,White,Male,25-34,87.209,Loan originated
1,605000.0,49,645000.0,135.0,1,Not Hispanic or Latino,Asian,Male,25-34,95.0,Loan originated
1,615000.0,48,955000.0,137.0,1,Hispanic or Latino,White,Female,35-44,65.0,Loan originated
1,205000.0,30%-<36%,905000.0,106.0,1,Not Hispanic or Latino,White,Female,45-54,22.222,Loan originated
1,175000.0,38,235000.0,106.0,1,Not Hispanic or Latino,White,Male,45-54,75.0,Loan originated
1,405000.0,42,545000.0,130.0,1,Not Hispanic or Latino,White,Female,45-54,75.0,Loan originated
1,455000.0,46,805000.0,195.0,1,Hispanic or Latino,White,Male,35-44,55.901,Loan originated
1,465000.0,40,585000.0,104.0,1,Not Hispanic or Latino,Asian,Female,25-34,80.0,Loan originated
1,1005000.0,43,1955000.0,242.0,1,Not Hispanic or Latino,White,Male,35-44,51.282,Loan originated
1,625000.0,44,655000.0,158.0,1,Hispanic or Latino,White,Male,35-44,95.0,Loan originated
1,445000.0,40,535000.0,107.0,1,Not Hispanic or Latino,Asian,Female,25-34,83.21,Loan originated
1,655000.0,30%-<36%,1295000.0,176.0,1,Not Hispanic or Latino,White,Male,35-44,52.0,Loan originated
1,775000.0,46,1125000.0,209.0,1,Not Hispanic or Latino,White,Male,35-44,68.889,Loan originated
1,235000.0,<20%,275000.0,303.0,1,Hispanic or Latino,White,Male,35-44,85.455,Loan originated
1,1145000.0,44,1475000.0,271.0,1,Not Hispanic or Latino,Asian,Male,>74,78.079,Loan originated
1,325000.0,30%-<36%,405000.0,347.0,1,Hispanic or Latino,White,Male,55-64,80.0,Loan originated
1,545000.0,49,615000.0,130.0,1,Hispanic or Latino,White,Female,45-54,90.0,Loan originated
1,695000.0,39,865000.0,220.0,1,Not Hispanic or Latino,White,Male,35-44,80.0,Loan originated
1,355000.0,49,445000.0,73.0,1,Hispanic or Latino,White,Male,25-34,80.0,Loan originated
1,545000.0,20%-<30%,845000.0,249.0,1,Not Hispanic or Latino,White,Female,45-54,64.286,Application denied
1,765000.0,49,855000.0,207.0,1,Not Hispanic or Latino,White,Male,25-34,88.99,Loan originated
1,545000.0,44,685000.0,155.0,1,Not Hispanic or Latino,White,Female,25-34,80.0,Loan originated
1,575000.0,41,925000.0,176.0,1,Not Hispanic or Latino,Asian,Male,25-34,62.0,Loan originated
1,615000.0,30%-<36%,765000.0,173.0,1,Hispanic or Latino,White,Male,45-54,80.0,Loan originated
1,375000.0,46,385000.0,84.0,1,Hispanic or Latino,White,Male,25-34,100.0,Loan originated
1,485000.0,38,505000.0,135.0,1,Hispanic or Latino,White,Female,65-74,97.0,Loan originated
1,125000.0,37,325000.0,80.0,1,Not Hispanic or Latino,White,Female,25-34,39.21,Loan originated
1,725000.0,38,765000.0,210.0,1,Not Hispanic or Latino,Black or African American,Female,45-54,95.0,Loan originated
1,335000.0,20%-<30%,355000.0,162.0,1,Not Hispanic or Latino,White,Male,35-44,95.0,Loan originated
1,765000.0,48,835000.0,184.0,1,Not Hispanic or Latino,Asian,Male,25-34,92.355,Loan originated
1,485000.0,49,775000.0,157.0,1,Not Hispanic or Latino,White,Male,45-54,63.0,Loan originated
1,535000.0,50%-60%,535000.0,174.0,1,Not Hispanic or Latino,Black or African American,Female,25-34,100.0,Application denied
1,275000.0,40,285000.0,80.0,1,Hispanic or Latino,White,Female,35-44,95.0,Loan originated
1,855000.0,36,1205000.0,315.0,1,Not Hispanic or Latino,White,Female,35-44,71.0,Loan originated
1,705000.0,49,785000.0,210.0,1,Not Hispanic or Latino,Asian,Male,25-34,90.0,Loan originated
1,635000.0,41,665000.0,148.0,1,Not Hispanic or Latino,Black or African American,Male,25-34,95.0,Loan originated
1,755000.0,49,795000.0,169.0,1,Not Hispanic or Latino,White,Male,25-34,95.0,Loan originated
1,685000.0,44,725000.0,144.0,1,Hispanic or Latino,White,Male,35-44,95.0,Loan originated
1,455000.0,30%-<36%,605000.0,134.0,1,Not Hispanic or Latino,White,Female,55-64,75.0,Loan originated
1,395000.0,48,495000.0,94.0,1,Not Hispanic or Latino,White,Male,55-64,80.0,Loan originated
1,445000.0,30%-<36%,555000.0,160.0,1,Not Hispanic or Latino,White,Female,65-74,80.0,Loan originated
1,115000.0,20%-<30%,125000.0,155.0,1,Not Hispanic or Latino,White,Male,35-44,92.0,Application denied
1,185000.0,41,205000.0,42.0,1,Not Hispanic or Latino,Asian,Female,35-44,90.0,Loan originated
1,475000.0,50%-60%,595000.0,124.0,1,Hispanic or Latino,White,Female,35-44,80.0,Application denied
1,1105000.0,46,2105000.0,449.0,1,Not Hispanic or Latino,White,Male,45-54,52.381,Loan originated
1,615000.0,47,775000.0,169.0,1,Not Hispanic or Latino,Asian,Female,35-44,80.0,Loan originated
1,445000.0,20%-<30%,555000.0,219.0,1,Not Hispanic or Latino,Asian,Male,25-34,80.0,Application denied
1,315000.0,30%-<36%,755000.0,120.0,1,Not Hispanic or Latino,Asian,Female,25-34,42.0,Loan originated
1,425000.0,49,545000.0,81.0,1,Not Hispanic or Latino,White,Female,35-44,79.0,Loan originated
1,395000.0,39,465000.0,131.0,1,Not Hispanic or Latino,White,Female,55-64,85.0,Loan originated
1,905000.0,30%-<36%,945000.0,390.0,1,Not Hispanic or Latino,White,Male,25-34,95.0,Loan originated
1,1145000.0,30%-<36%,1435000.0,510.0,1,Not Hispanic or Latino,White,Female,25-34,80.0,Loan originated
1,645000.0,47,1165000.0,136.0,1,Not Hispanic or Latino,White,Female,45-54,55.6,Loan originated
1,205000.0,45,855000.0,89.0,1,Not Hispanic or Latino,White,Female,55-64,23.529,Loan originated
1,355000.0,49,445000.0,80.0,1,Hispanic or Latino,White,Female,25-34,100.0,Loan originated
1,525000.0,30%-<36%,655000.0,188.0,1,Not Hispanic or Latino,Asian,Male,35-44,80.0,Loan originated
1,555000.0,37,755000.0,172.0,1,Not Hispanic or Latino,Asian,Male,55-64,72.481,Loan originated
1,345000.0,39,435000.0,122.0,1,Hispanic or Latino,White,Male,35-44,80.0,Loan originated
1,525000.0,49,555000.0,160.0,1,Hispanic or Latino,White,Male,35-44,95.0,Loan originated
1,455000.0,49,525000.0,86.0,1,Not Hispanic or Latino,White,Male,25-34,88.35,Loan originated
1,575000.0,48,605000.0,391.0,1,Not Hispanic or Latino,White,Male,25-34,95.0,Loan originated
1,875000.0,44,1095000.0,240.0,1,Not Hispanic or Latino,Asian,Male,25-34,80.0,Loan originated
1,535000.0,20%-<30%,675000.0,358.0,1,Not Hispanic or Latino,Black or African American,Female,55-64,80.0,Loan originated
1,765000.0,20%-<30%,1265000.0,469.0,1,Not Hispanic or Latino,White,Male,45-54,61.0,Loan originated
1,645000.0,30%-<36%,875000.0,204.0,1,Not Hispanic or Latino,White,Male,45-54,73.77,Loan originated
1,865000.0,20%-<30%,1245000.0,384.0,1,Not Hispanic or Latino,Asian,Female,35-44,79.818,Loan originated
1,455000.0,40,565000.0,103.0,1,Not Hispanic or Latino,Asian,Male,55-64,80.0,Loan originated
1,505000.0,46,525000.0,132.0,1,Hispanic or Latino,White,Female,35-44,97.0,Loan originated
1,425000.0,30%-<36%,535000.0,186.0,1,Not Hispanic or Latino,White,Female,45-54,80.0,Loan originated
1,275000.0,48,375000.0,81.0,1,Hispanic or Latino,White,Male,35-44,74.324,Loan originated
1,675000.0,20%-<30%,1125000.0,300.0,1,Not Hispanic or Latino,White,Male,25-34,60.0,Loan originated
1,755000.0,20%-<30%,1505000.0,288.0,1,Not Hispanic or Latino,American Indian or Alaska Native,Female,45-54,50.0,Loan originated
1,755000.0,50%-60%,795000.0,184.0,1,Not Hispanic or Latino,Black or African American,Female,55-64,94.99,Application denied
1,505000.0,38,795000.0,15.0,1,Not Hispanic or Latino,Asian,Female,25-34,63.21,Loan originated
1,115000.0,45,505000.0,50.0,1,Not Hispanic or Latino,White,Female,65-74,24.0,Loan originated
1,455000.0,20%-<30%,1505000.0,250.0,1,Not Hispanic or Latino,White,Male,55-64,30.0,Loan originated
1,755000.0,20%-<30%,775000.0,393.0,1,Not Hispanic or Latino,Asian,Female,25-34,97.0,Loan originated
1,565000.0,44,715000.0,227.0,1,Not Hispanic or Latino,Asian,Female,35-44,80.0,Loan originated
1,1005000.0,49,1255000.0,220.0,1,Not Hispanic or Latino,White,Male,45-54,80.0,Loan originated
1,145000.0,49,505000.0,37.0,1,Hispanic or Latino,White,Male,55-64,27.97,Loan originated
1,965000.0,42,1825000.0,285.0,1,Not Hispanic or Latino,White,Female,55-64,52.77,Loan originated
1,445000.0,49,475000.0,84.0,1,Not Hispanic or Latino,Asian,Female,25-34,95.0,Loan originated
1,545000.0,30%-<36%,645000.0,224.0,1,Hispanic or Latino,White,Male,55-64,85.0,Application denied
1,165000.0,41,235000.0,47.0,1,Hispanic or Latino,White,Male,35-44,70.0,Loan originated
1,535000.0,38,675000.0,136.0,1,Not Hispanic or Latino,White,Male,25-34,80.0,Loan originated
1,415000.0,49,505000.0,95.0,1,Not Hispanic or Latino,Asian,Female,25-34,82.0,Loan originated
1,715000.0,47,895000.0,152.0,1,Not Hispanic or Latino,Black or African American,Male,35-44,80.0,Loan originated
1,595000.0,48,745000.0,141.0,1,Hispanic or Latino,White,Male,35-44,80.0,Loan originated
1,415000.0,45,465000.0,175.0,1,Hispanic or Latino,White,Female,25-34,95.0,Loan originated
1,395000.0,20%-<30%,715000.0,165.0,1,Not Hispanic or Latino,Asian,Female,35-44,55.0,Loan originated
1,225000.0,48,925000.0,61.0,1,Not Hispanic or Latino,White,Female,>74,24.0,Loan originated
1,445000.0,30%-<36%,565000.0,151.0,1,Not Hispanic or Latino,White,Female,55-64,80.0,Loan originated
1,595000.0,44,625000.0,129.0,1,Not Hispanic or Latino,White,Male,25-34,94.994,Loan originated
1,545000.0,39,615000.0,182.0,1,Not Hispanic or Latino,White,Male,65-74,90.0,Loan originated
1,595000.0,46,995000.0,196.0,1,Not Hispanic or Latino,Asian,Female,35-44,60.0,Application denied
1,735000.0,47,975000.0,173.0,1,Not Hispanic or Latino,White,Female,35-44,75.0,Loan originated
1,505000.0,46,855000.0,254.0,1,Not Hispanic or Latino,White,Female,65-74,58.824,Loan originated
1,165000.0,<20%,785000.0,163.0,1,Not Hispanic or Latino,White,Male,55-64,20.279,Loan originated
1,745000.0,30%-<36%,995000.0,540.0,1,Not Hispanic or Latino,American Indian or Alaska Native,Male,25-34,75.0,Loan originated
1,905000.0,36,1125000.0,263.0,1,Not Hispanic or Latino,Asian,Female,25-34,80.0,Loan originated
1,355000.0,30%-<36%,555000.0,524.0,1,Not Hispanic or Latino,White,Male,55-64,63.636,Loan originated
1,945000.0,47,995000.0,312.0,1,Hispanic or Latino,White,Male,35-44,95.0,Loan originated
1,285000.0,41,335000.0,102.0,1,Not Hispanic or Latino,White,Male,25-34,85.0,Loan originated
1,965000.0,39,1215000.0,243.0,1,Not Hispanic or Latino,White,Female,45-54,80.0,Loan originated
1,635000.0,48,885000.0,155.0,1,Not Hispanic or Latino,Black or African American,Female,35-44,71.751,Loan originated
1,415000.0,30%-<36%,485000.0,151.0,1,Not Hispanic or Latino,White,Male,35-44,84.6,Loan originated
1,635000.0,49,905000.0,148.0,1,Not Hispanic or Latino,Asian,Male,25-34,70.0,Loan originated
1,525000.0,49,695000.0,106.0,1,Not Hispanic or Latino,Asian,Male,25-34,95.0,Loan originated
1,495000.0,41,615000.0,176.0,1,Not Hispanic or Latino,White,Female,65-74,80.0,Loan originated
1,505000.0,38,625000.0,159.0,1,Not Hispanic or Latino,Asian,Male,45-54,80.0,Loan originated
1,445000.0,48,565000.0,107.0,1,Not Hispanic or Latino,White,Male,35-44,80.0,Loan originated
1,765000.0,30%-<36%,1645000.0,340.0,1,Not Hispanic or Latino,Black or African American,Male,35-44,46.6463,Loan originated
1,505000.0,20%-<30%,1405000.0,366.0,1,Not Hispanic or Latino,White,Female,55-64,35.714,Loan originated
1,1065000.0,48,1325000.0,332.0,1,Hispanic or Latino,White,Male,45-54,80.0,Loan originated
1,485000.0,42,605000.0,258.0,1,Not Hispanic or Latino,Asian,Male,35-44,80.0,Loan originated
1,815000.0,40,865000.0,411.0,1,Not Hispanic or Latino,White,Male,<25,95.0,Loan originated
1,405000.0,30%-<36%,765000.0,180.0,1,Not Hispanic or Latino,White,Female,25-34,52.98,Loan originated
1,835000.0,47,1435000.0,270.0,1,Not Hispanic or Latino,Asian,Male,35-44,58.29,Loan originated
1,195000.0,46,385000.0,52.0,1,Not Hispanic or Latino,White,Female,65-74,50.0,Loan originated
1,675000.0,50%-60%,835000.0,200.0,1,Not Hispanic or Latino,White,Female,25-34,80.0,Application denied
1,925000.0,39,1155000.0,225.0,1,Not Hispanic or Latino,Asian,Male,35-44,79.95,Loan originated
1,385000.0,20%-<30%,485000.0,343.0,1,Not Hispanic or Latino,White,Male,25-34,80.0,Loan originated
1,365000.0,46,375000.0,82.0,1,Hispanic or Latino,White,Male,25-34,97.0,Loan originated
1,415000.0,30%-<36%,445000.0,157.0,1,Not Hispanic or Latino,White,Male,25-34,95.0,Loan originated
1,525000.0,47,705000.0,101.0,1,Hispanic or Latino,White,Male,35-44,75.0,Loan originated
1,965000.0,45,1015000.0,279.0,1,Not Hispanic or Latino,White,Female,65-74,95.0,Loan originated
1,305000.0,41,875000.0,114.0,1,Not Hispanic or Latino,Asian,Female,45-54,34.286,Loan originated
1,875000.0,40,925000.0,245.0,1,Not Hispanic or Latino,Asian,Male,45-54,95.0,Loan originated
1,735000.0,30%-<36%,985000.0,299.0,1,Not Hispanic or Latino,Asian,Female,45-54,75.0,Loan originated
1,545000.0,42,645000.0,143.0,1,Not Hispanic or Latino,White,Male,35-44,85.0,Loan originated
1,305000.0,36,1205000.0,112.0,1,Not Hispanic or Latino,White,Male,65-74,25.0,Loan originated
1,615000.0,<20%,885000.0,526.0,1,Hispanic or Latino,White,Male,45-54,70.0,Loan originated
1,595000.0,46,845000.0,180.0,1,Not Hispanic or Latino,White,Female,55-64,70.0,Loan originated
1,525000.0,41,665000.0,153.0,1,Not Hispanic or Latino,White,Male,45-54,80.0,Loan originated
1,745000.0,30%-<36%,875000.0,271.0,1,Not Hispanic or Latino,White,Female,25-34,85.0,Loan originated
1,1005000.0,43,1575000.0,258.0,1,Not Hispanic or Latino,Asian,Male,35-44,63.48,Loan originated
1,415000.0,45,515000.0,119.0,1,Hispanic or Latino,White,Male,25-34,80.0,Loan originated
1,355000.0,>60%,395000.0,65.0,1,Hispanic or Latino,White,Male,45-54,92.48,Application denied
1,325000.0,30%-<36%,625000.0,130.0,1,Not Hispanic or Latino,White,Male,35-44,51.807,Loan originated
1,165000.0,49,235000.0,71.0,1,Hispanic or Latino,White,Male,45-54,70.0,Loan originated
1,375000.0,30%-<36%,395000.0,129.0,1,Hispanic or Latino,White,Male,25-34,95.0,Loan originated
1,395000.0,49,415000.0,130.0,1,Not Hispanic or Latino,Native Hawaiian or Other Pacific Islander,Male,25-34,95.0,Loan originated
1,375000.0,30%-<36%,525000.0,137.0,1,Not Hispanic or Latino,White,Female,65-74,73.067,Loan originated
1,185000.0,47,455000.0,58.0,1,Not Hispanic or Latino,White,Female,65-74,41.45,Loan originated
1,435000.0,47,465000.0,115.0,1,Hispanic or Latino,White,Male,35-44,95.0,Loan originated
1,1095000.0,20%-<30%,1365000.0,411.0,1,Not Hispanic or Latino,White,Female,55-64,80.0,Loan originated
1,305000.0,44,385000.0,180.0,1,Hispanic or Latino,White,Male,45-54,80.0,Loan originated
1,585000.0,47,765000.0,130.0,1,Not Hispanic or Latino,White,Male,55-64,77.0,Loan originated
1,345000.0,49,445000.0,77.0,1,Not Hispanic or Latino,Asian,Male,25-34,97.0,Loan originated
1,445000.0,46,765000.0,139.0,1,Hispanic or Latino,White,Female,45-54,80.0,Loan originated
1,845000.0,37,1055000.0,235.0,1,Not Hispanic or Latino,White,Male,45-54,80.0,Loan originated
1,685000.0,49,915000.0,135.0,1,Not Hispanic or Latino,White,Male,35-44,75.0,Loan originated
1,575000.0,49,1225000.0,117.0,1,Not Hispanic or Latino,Asian,Male,35-44,46.939,Loan originated
1,765000.0,>60%,1105000.0,74.0,1,Hispanic or Latino,White,Female,35-44,69.668,Application denied
1,1085000.0,49,1215000.0,225.0,1,Not Hispanic or Latino,White,Male,25-34,89.752,Loan originated
1,965000.0,39,1605000.0,293.0,1,Not Hispanic or Latino,Asian,Male,45-54,60.0,Loan originated
1,575000.0,42,675000.0,156.0,1,Not Hispanic or Latino,Asian,Female,45-54,84.934,Loan originated
1,205000.0,30%-<36%,445000.0,179.0,1,Not Hispanic or Latino,White,Male,55-64,45.455,Loan originated
1,365000.0,38,385000.0,98.0,1,Not Hispanic or Latino,White,Male,<25,95.0,Loan originated
1,625000.0,41,665000.0,142.0,1,Hispanic or Latino,White,Male,35-44,95.0,Loan originated
1,265000.0,49,275000.0,88.0,1,Not Hispanic or Latino,White,Female,25-34,97.0,Loan originated
1,425000.0,40,535000.0,119.0,1,Not Hispanic or Latino,White,Male,55-64,80.0,Loan originated
1,425000.0,20%-<30%,505000.0,194.0,1,Hispanic or Latino,White,Male,45-54,85.0,Loan originated
1,315000.0,20%-<30%,375000.0,104.0,1,Hispanic or Latino,White,Male,<25,105.0,Loan originated
1,585000.0,36,615000.0,161.0,1,Not Hispanic or Latino,Black or African American,Female,55-64,95.0,Loan originated
1,935000.0,40,1165000.0,601.0,1,Not Hispanic or Latino,Asian,Male,35-44,80.0,Loan originated
1,235000.0,49,315000.0,62.0,1,Not Hispanic or Latino,White,Male,45-54,75.0,Loan originated
1,705000.0,46,885000.0,161.0,1,Not Hispanic or Latino,White,Male,35-44,80.0,Loan originated
1,575000.0,49,725000.0,227.0,1,Hispanic or Latino,White,Female,55-64,80.0,Loan originated
1,605000.0,43,865000.0,162.0,1,Not Hispanic or Latino,Asian,Female,25-34,69.767,Loan originated
1,765000.0,50%-60%,1505000.0,218.0,1,Not Hispanic or Latino,White,Male,25-34,73.333,Application denied
1,605000.0,20%-<30%,765000.0,206.0,1,Hispanic or Latino,White,Male,25-34,80.0,Loan originated
1,565000.0,30%-<36%,585000.0,216.0,1,Hispanic or Latino,White,Female,35-44,97.0,Loan originated
1,305000.0,45,485000.0,80.0,1,Not Hispanic or Latino,White,Male,25-34,61.856,Loan originated
1,605000.0,20%-<30%,755000.0,511.0,1,Not Hispanic or Latino,White,Male,45-54,80.0,Loan originated
1,565000.0,30%-<36%,675000.0,178.0,1,Not Hispanic or Latino,Asian,Female,25-34,84.93,Loan originated
1,435000.0,46,455000.0,92.0,1,Not Hispanic or Latino,Native Hawaiian or Other Pacific Islander,Male,55-64,97.0,Loan originated
1,275000.0,30%-<36%,285000.0,86.0,1,Hispanic or Latino,White,Female,35-44,95.0,Loan originated
1,305000.0,49,365000.0,57.0,1,Hispanic or Latino,White,Male,35-44,105.0,Loan originated
1,435000.0,42,585000.0,181.0,1,Not Hispanic or Latino,Asian,Male,45-54,75.0,Loan originated
1,375000.0,49,385000.0,92.0,1,Not Hispanic or Latino,White,Female,25-34,97.0,Loan originated
1,315000.0,37,395000.0,117.0,1,Hispanic or Latino,White,Female,35-44,80.0,Loan originated
1,125000.0,45,535000.0,42.0,1,Hispanic or Latino,White,Male,35-44,23.364,Loan originated
1,245000.0,37,625000.0,67.0,1,Hispanic or Latino,White,Female,45-54,39.0,Loan originated
1,745000.0,41,1245000.0,422.0,1,Not Hispanic or Latino,Black or African American,Male,55-64,60.0,Loan originated
1,315000.0,47,325000.0,64.0,1,Hispanic or Latino,White,Male,35-44,97.0,Loan originated
1,595000.0,48,925000.0,159.0,1,Not Hispanic or Latino,White,Male,55-64,64.46,Loan originated
1,295000.0,48,415000.0,72.0,1,Hispanic or Latino,White,Male,25-34,97.0,Loan originated
1,385000.0,39,545000.0,105.0,1,Not Hispanic or Latino,Asian,Female,65-74,70.0,Loan originated
1,255000.0,40,425000.0,130.0,1,Not Hispanic or Latino,White,Female,45-54,59.133,Loan originated
1,445000.0,43,475000.0,119.0,1,Hispanic or Latino,White,Male,25-34,95.0,Loan originated
1,265000.0,50%-60%,295000.0,57.0,1,Hispanic or Latino,White,Female,35-44,90.0,Application denied
1,435000.0,49,725000.0,96.0,1,Not Hispanic or Latino,White,Male,25-34,66.0,Application denied
1,235000.0,38,335000.0,156.0,1,Not Hispanic or Latino,White,Female,35-44,70.0,Loan originated
1,495000.0,30%-<36%,655000.0,214.0,1,Not Hispanic or Latino,White,Male,55-64,75.0,Loan originated
1,405000.0,20%-<30%,1655000.0,247.0,1,Not Hispanic or Latino,White,Male,35-44,24.242,Loan originated
1,785000.0,49,1055000.0,300.0,1,Not Hispanic or Latino,White,Male,35-44,75.0,Loan originated
1,455000.0,45,535000.0,138.0,1,Hispanic or Latino,White,Male,35-44,85.0,Loan originated
1,695000.0,38,995000.0,191.0,1,Not Hispanic or Latino,White,Female,45-54,70.0,Loan originated
1,305000.0,20%-<30%,315000.0,107.0,1,Not Hispanic or Latino,White,Male,45-54,97.0,Loan originated
1,305000.0,36,405000.0,93.0,1,Not Hispanic or Latino,Asian,Female,35-44,95.0,Loan originated
1,275000.0,20%-<30%,775000.0,172.0,1,Not Hispanic or Latino,Asian,Female,55-64,35.18,Loan originated
1,285000.0,43,335000.0,80.0,1,Not Hispanic or Latino,Black or African American,Male,55-64,105.0,Loan originated
1,805000.0,45,1005000.0,256.0,1,Not Hispanic or Latino,White,Male,25-34,80.0,Loan originated
1,335000.0,48,395000.0,71.0,1,Not Hispanic or Latino,White,Male,35-44,85.55,Loan originated
1,705000.0,40,725000.0,214.0,1,Not Hispanic or Latino,White,Male,35-44,97.0,Loan originated
1,505000.0,46,625000.0,150.0,1,Hispanic or Latino,White,Male,55-64,80.0,Loan originated
1,755000.0,49,985000.0,148.0,1,Not Hispanic or Latino,Asian,Male,25-34,77.0,Loan originated
1,805000.0,42,1355000.0,266.0,1,Not Hispanic or Latino,White,Female,35-44,59.259,Loan originated
1,515000.0,49,755000.0,111.0,1,Not Hispanic or Latino,White,Male,25-34,68.0,Loan originated
1,435000.0,38,545000.0,123.0,1,Hispanic or Latino,White,Female,35-44,83.0,Loan originated
1,225000.0,38,535000.0,86.0,1,Hispanic or Latino,White,Female,35-44,41.45,Loan originated
1,705000.0,30%-<36%,835000.0,329.0,1,Not Hispanic or Latino,White,Male,45-54,85.0,Loan originated
1,715000.0,41,735000.0,191.0,1,Not Hispanic or Latino,Black or African American,Male,35-44,97.0,Loan originated
1,305000.0,50%-60%,505000.0,203.0,1,Not Hispanic or Latino,Asian,Female,45-54,60.0,Application denied
1,385000.0,49,515000.0,76.0,1,Not Hispanic or Latino,Asian,Male,55-64,74.585,Loan originated
1,365000.0,<20%,1365000.0,284.0,1,Not Hispanic or Latino,White,Female,65-74,26.74,Loan originated
1,435000.0,43,1275000.0,150.0,1,Not Hispanic or Latino,White,Male,25-34,34.0,Loan originated
1,525000.0,42,655000.0,118.0,1,Not Hispanic or Latino,White,Male,65-74,80.0,Loan originated
1,85000.0,37,235000.0,35.0,1,Not Hispanic or Latino,White,Female,55-64,33.898,Loan originated
1,655000.0,47,875000.0,141.0,1,Not Hispanic or Latino,Asian,Male,25-34,75.0,Loan originated
1,685000.0,38,925000.0,216.0,1,Not Hispanic or Latino,White,Female,45-54,74.99,Loan originated
1,695000.0,20%-<30%,925000.0,278.0,1,Not Hispanic or Latino,White,Female,35-44,75.0,Loan originated
1,595000.0,49,645000.0,135.0,1,Not Hispanic or Latino,Asian,Female,25-34,91.66,Loan originated
1,165000.0,30%-<36%,175000.0,128.0,1,Not Hispanic or Latino,White,Female,55-64,95.0,Loan originated
1,1125000.0,39,1255000.0,303.0,1,Not Hispanic or Latino,White,Male,35-44,89.9,Loan originated
1,395000.0,20%-<30%,415000.0,143.0,1,Hispanic or Latino,White,Male,35-44,95.0,Loan originated
1,655000.0,30%-<36%,675000.0,220.0,1,Not Hispanic or Latino,White,Male,25-34,97.0,Loan originated
1,495000.0,46,615000.0,116.0,1,Not Hispanic or Latino,White,Female,>74,80.0,Loan originated
1,1025000.0,41,1375000.0,379.0,1,Not Hispanic or Latino,Asian,Male,35-44,74.546,Loan originated
1,375000.0,42,695000.0,123.0,1,Not Hispanic or Latino,Asian,Female,25-34,54.93,Loan originated
1,285000.0,48,295000.0,67.0,1,Not Hispanic or Latino,Black or African American,Male,<25,97.0,Loan originated
1,765000.0,44,1025000.0,219.0,1,Not Hispanic or Latino,White,Male,25-34,89.517,Loan originated
1,385000.0,47,415000.0,150.0,1,Hispanic or Latino,White,Female,35-44,92.683,Loan originated
1,335000.0,20%-<30%,635000.0,184.0,1,Not Hispanic or Latino,White,Female,55-64,52.756,Loan originated
1,695000.0,46,735000.0,155.0,1,Not Hispanic or Latino,Black or African American,Male,25-34,95.0,Loan originated
1,885000.0,36,1105000.0,232.0,1,Not Hispanic or Latino,Asian,Female,45-54,80.0,Loan originated
1,455000.0,43,685000.0,101.0,1,Hispanic or Latino,White,Female,65-74,69.23,Loan originated
1,865000.0,38,1155000.0,229.0,1,Not Hispanic or Latino,Asian,Female,55-64,75.0,Loan originated
1,695000.0,41,775000.0,165.0,1,Not Hispanic or Latino,White,Male,25-34,89.935,Loan originated
1,245000.0,49,245000.0,50.0,1,Hispanic or Latino,White,Male,35-44,100.0,Loan originated
1,365000.0,46,465000.0,86.0,1,Hispanic or Latino,White,Female,25-34,100.0,Loan originated
1,645000.0,39,675000.0,159.0,1,Hispanic or Latino,White,Male,55-64,95.0,Loan originated
1,645000.0,41,805000.0,170.0,1,Not Hispanic or Latino,Asian,Female,25-34,80.0,Loan originated
1,855000.0,48,955000.0,231.0,1,Hispanic or Latino,White,Male,45-54,90.0,Loan originated
1,15000.0,43,525000.0,146.0,1,Not Hispanic or Latino,Black or African American,Female,25-34,3.5,Loan originated
1,405000.0,45,425000.0,105.0,1,Hispanic or Latino,White,Female,35-44,96.429,Loan originated
1,1005000.0,50%-60%,1255000.0,214.0,1,Not Hispanic or Latino,Black or African American,Female,45-54,80.0,Loan originated
1,645000.0,38,755000.0,190.0,1,Not Hispanic or Latino,White,Male,25-34,86.019,Loan originated
1,655000.0,20%-<30%,775000.0,305.0,1,Not Hispanic or Latino,Asian,Male,35-44,85.0,Loan originated
1,365000.0,30%-<36%,425000.0,133.0,1,Not Hispanic or Latino,White,Female,45-54,87.0,Loan originated
1,225000.0,30%-<36%,255000.0,114.0,1,Hispanic or Latino,White,Male,55-64,89.33,Loan originated
1,475000.0,49,505000.0,130.0,1,Hispanic or Latino,White,Female,25-34,95.0,Loan originated
1,135000.0,44,305000.0,44.0,1,Not Hispanic or Latino,White,Female,45-54,103.481,Loan originated
1,355000.0,40,805000.0,94.0,1,Not Hispanic or Latino,Asian,Female,35-44,43.299,Loan originated
1,325000.0,40,435000.0,77.0,1,Hispanic or Latino,White,Female,<25,100.0,Loan originated
1,525000.0,39,755000.0,197.0,1,Not Hispanic or Latino,White,Male,35-44,70.0,Loan originated
1,795000.0,47,1325000.0,175.0,1,Not Hispanic or Latino,Asian,Female,45-54,60.0,Loan originated
1,445000.0,30%-<36%,775000.0,169.0,1,Not Hispanic or Latino,White,Male,35-44,57.143,Loan originated
1,425000.0,49,505000.0,170.0,1,Not Hispanic or Latino,White,Male,35-44,85.0,Loan originated
1,405000.0,30%-<36%,425000.0,339.0,1,Hispanic or Latino,White,Male,25-34,95.0,Loan originated
1,305000.0,39,385000.0,69.0,1,Hispanic or Latino,White,Female,25-34,80.0,Loan originated
1,575000.0,43,715000.0,293.0,1,Not Hispanic or Latino,White,Male,45-54,80.0,Loan originated
1,305000.0,47,615000.0,66.0,1,Not Hispanic or Latino,Asian,Male,55-64,50.0,Loan originated
1,435000.0,43,455000.0,117.0,1,Hispanic or Latino,White,Female,25-34,97.0,Loan originated
1,705000.0,41,1135000.0,279.0,1,Not Hispanic or Latino,White,Male,65-74,61.538,Loan originated
1,475000.0,41,555000.0,232.0,1,Not Hispanic or Latino,White,Male,55-64,85.766,Loan originated
1,795000.0,49,1575000.0,180.0,1,Not Hispanic or Latino,White,Female,45-54,50.476,Loan originated
1,535000.0,20%-<30%,665000.0,194.0,1,Not Hispanic or Latino,White,Male,25-34,80.0,Loan originated
1,345000.0,43,355000.0,77.0,1,Not Hispanic or Latino,White,Male,55-64,97.0,Loan originated
1,505000.0,40,855000.0,134.0,1,Hispanic or Latino,White,Male,35-44,58.685,Loan originated
1,485000.0,40,545000.0,190.0,1,Not Hispanic or Latino,Asian,Female,55-64,90.0,Loan originated
1,605000.0,48,865000.0,127.0,1,Not Hispanic or Latino,Asian,Female,25-34,71.98,Loan originated
1,265000.0,44,705000.0,75.0,1,Not Hispanic or Latino,White,Male,45-54,36.879,Loan originated
1,585000.0,46,735000.0,191.0,1,Hispanic or Latino,White,Male,45-54,80.0,Loan originated
1,335000.0,48,885000.0,94.0,1,Not Hispanic or Latino,Asian,Female,<25,38.0,Loan originated
1,415000.0,20%-<30%,515000.0,130.0,1,Hispanic or Latino,White,Male,25-34,79.61,Loan originated
1,295000.0,39,305000.0,97.0,1,Not Hispanic or Latino,Black or African American,Female,45-54,97.0,Loan originated
1,265000.0,49,275000.0,58.0,1,Not Hispanic or Latino,White,Female,25-34,95.0,Loan originated
1,365000.0,47,465000.0,107.0,1,Not Hispanic or Latino,Asian,Female,35-44,80.0,Loan originated
1,385000.0,30%-<36%,475000.0,147.0,1,Not Hispanic or Latino,Asian,Male,35-44,79.991,Loan originated
1,815000.0,39,855000.0,275.0,1,Not Hispanic or Latino,Black or African American,Female,45-54,95.29,Loan originated
1,485000.0,49,795000.0,96.0,1,Not Hispanic or Latino,Asian,Female,25-34,61.671,Loan originated
1,435000.0,44,715000.0,145.0,1,Hispanic or Latino,White,Male,25-34,60.0,Loan originated
1,465000.0,45,485000.0,144.0,1,Not Hispanic or Latino,White,Male,35-44,95.0,Loan originated
1,395000.0,48,845000.0,100.0,1,Not Hispanic or Latino,Asian,Male,35-44,46.989,Loan originated
1,455000.0,36,855000.0,127.0,1,Not Hispanic or Latino,Asian,Male,25-34,52.941,Loan originated
1,255000.0,49,255000.0,97.0,1,Not Hispanic or Latino,White,Male,25-34,100.395,Loan originated
1,475000.0,50%-60%,505000.0,85.0,1,Hispanic or Latino,White,Female,35-44,95.0,Loan originated
1,375000.0,39,425000.0,109.0,1,Not Hispanic or Latino,White,Male,25-34,88.12,Loan originated
1,515000.0,39,1025000.0,144.0,1,Not Hispanic or Latino,White,Female,55-64,50.0,Loan originated
1,845000.0,30%-<36%,1055000.0,392.0,1,Not Hispanic or Latino,White,Male,25-34,80.0,Loan originated
1,755000.0,<20%,1185000.0,582.0,1,Not Hispanic or Latino,Asian,Male,45-54,63.18,Loan originated
1,675000.0,20%-<30%,1355000.0,300.0,1,Not Hispanic or Latino,Asian,Male,35-44,50.0,Loan originated
1,355000.0,37,455000.0,112.0,1,Not Hispanic or Latino,White,Male,25-34,79.0,Loan originated
1,905000.0,47,1125000.0,368.0,1,Not Hispanic or Latino,White,Male,25-34,80.0,Loan originated
1,905000.0,50%-60%,1255000.0,300.0,1,Not Hispanic or Latino,White,Male,55-64,72.0,Application denied
1,355000.0,42,395000.0,76.0,1,Hispanic or Latino,White,Female,35-44,90.0,Loan originated
1,365000.0,43,855000.0,110.0,1,Not Hispanic or Latino,White,Male,55-64,43.24,Loan originated
1,295000.0,44,425000.0,78.0,1,Hispanic or Latino,White,Female,25-34,70.0,Loan originated
1,135000.0,40,135000.0,68.0,1,Hispanic or Latino,White,Female,45-54,95.0,Application denied
1,735000.0,30%-<36%,975000.0,433.0,1,Hispanic or Latino,White,Female,35-44,75.0,Loan originated
1,695000.0,>60%,895000.0,49.0,1,Hispanic or Latino,White,Male,<25,77.528,Application denied
1,555000.0,46,565000.0,133.0,1,Not Hispanic or Latino,Asian,Female,35-44,97.0,Loan originated
1,585000.0,38,615000.0,157.0,1,Not Hispanic or Latino,White,Female,>74,94.99,Loan originated
1,415000.0,30%-<36%,435000.0,190.0,1,Hispanic or Latino,White,Female,25-34,97.0,Loan originated
1,1095000.0,39,1375000.0,228.0,1,Not Hispanic or Latino,White,Male,35-44,80.0,Loan originated
1,955000.0,42,1195000.0,256.0,1,Not Hispanic or Latino,Asian,Male,45-54,80.0,Loan originated
1,485000.0,40,615000.0,274.0,1,Not Hispanic or Latino,White,Male,55-64,78.69,Loan originated
1,245000.0,40,355000.0,133.0,1,Not Hispanic or Latino,Asian,Female,55-64,70.571,Loan originated
1,525000.0,20%-<30%,815000.0,1365.0,1,Not Hispanic or Latino,White,Male,55-64,64.079,Loan originated
1,285000.0,37,295000.0,82.0,1,Hispanic or Latino,White,Male,25-34,97.0,Loan originated
1,765000.0,42,825000.0,222.0,1,Not Hispanic or Latino,White,Female,25-34,93.37,Loan originated
1,135000.0,49,775000.0,47.0,1,Hispanic or Latino,White,Female,25-34,17.386,Loan originated
1,385000.0,40,1505000.0,166.0,1,Not Hispanic or Latino,White,Male,55-64,25.405,Loan originated
1,345000.0,44,485000.0,93.0,1,Not Hispanic or Latino,Asian,Male,25-34,70.0,Application denied
1,985000.0,48,1155000.0,287.0,1,Not Hispanic or Latino,White,Male,>74,85.0,Loan originated
1,545000.0,37,695000.0,174.0,1,Not Hispanic or Latino,Asian,Female,25-34,78.55,Loan originated
1,755000.0,30%-<36%,945000.0,365.0,1,Hispanic or Latino,White,Female,55-64,80.0,Loan originated
1,315000.0,<20%,515000.0,158.0,1,Hispanic or Latino,White,Male,25-34,61.08,Loan originated
1,445000.0,<20%,575000.0,277.0,1,Hispanic or Latino,White,Male,25-34,80.0,Loan originated
1,555000.0,20%-<30%,1295000.0,208.0,1,Not Hispanic or Latino,Asian,Female,45-54,42.497,Loan originated
1,755000.0,38,1295000.0,183.0,1,Not Hispanic or Latino,Asian,Female,25-34,58.09,Loan originated
1,415000.0,46,615000.0,101.0,1,Not Hispanic or Latino,White,Male,35-44,67.421,Loan originated
1,745000.0,42,935000.0,173.0,1,Hispanic or Latino,White,Male,45-54,80.0,Loan originated
1,655000.0,39,685000.0,191.0,1,Not Hispanic or Latino,White,Male,25-34,95.0,Loan originated
1,455000.0,46,475000.0,213.0,1,Not Hispanic or Latino,White,Female,65-74,95.0,Loan originated
1,285000.0,47,825000.0,104.0,1,Not Hispanic or Latino,White,Female,>74,34.54,Loan originated
1,1005000.0,46,1305000.0,200.0,1,Hispanic or Latino,White,Female,35-44,78.0,Loan originated
1,905000.0,49,1135000.0,188.0,1,Not Hispanic or Latino,White,Female,35-44,79.63,Loan originated
1,395000.0,42,425000.0,112.0,1,Hispanic or Latino,White,Male,<25,95.0,Application denied
1,455000.0,50%-60%,485000.0,81.0,1,Hispanic or Latino,White,Male,25-34,95.0,Loan originated
1,655000.0,46,825000.0,167.0,1,Not Hispanic or Latino,Asian,Male,25-34,80.0,Loan originated
1,455000.0,38,565000.0,133.0,1,Not Hispanic or Latino,White,Male,35-44,80.0,Loan originated
1,435000.0,20%-<30%,685000.0,195.0,1,Not Hispanic or Latino,Asian,Male,35-44,63.24,Loan originated
1,325000.0,49,345000.0,65.0,1,Hispanic or Latino,White,Female,45-54,94.118,Loan originated
1,225000.0,49,235000.0,78.0,1,Not Hispanic or Latino,White,Male,<25,95.0,Loan originated
1,345000.0,>60%,435000.0,49.0,1,Not Hispanic or Latino,Asian,Female,25-34,80.0,Application denied
1,425000.0,49,455000.0,179.0,1,Not Hispanic or Latino,Asian,Male,25-34,95.0,Loan originated
1,595000.0,48,635000.0,143.0,1,Not Hispanic or Latino,Black or African American,Female,35-44,92.92,Application denied
1,255000.0,39,265000.0,86.0,1,Not Hispanic or Latino,White,Male,<25,95.0,Loan originated
1,655000.0,20%-<30%,1055000.0,345.0,1,Not Hispanic or Latino,White,Female,45-54,61.905,Loan originated
1,535000.0,45,595000.0,116.0,1,Not Hispanic or Latino,Asian,Female,25-34,90.0,Loan originated
1,485000.0,30%-<36%,545000.0,194.0,1,Not Hispanic or Latino,Black or African American,Female,45-54,90.0,Loan originated
1,445000.0,30%-<36%,465000.0,163.0,1,Not Hispanic or Latino,White,Female,25-34,95.0,Loan originated
1,435000.0,20%-<30%,545000.0,229.0,1,Not Hispanic or Latino,Asian,Female,25-34,80.0,Loan originated
1,405000.0,20%-<30%,505000.0,182.0,1,Not Hispanic or Latino,White,Male,<25,80.0,Loan originated
1,65000.0,<20%,605000.0,94.0,1,Not Hispanic or Latino,Asian,Male,65-74,11.16,Loan originated
1,415000.0,48,535000.0,74.0,1,Not Hispanic or Latino,Asian,Male,25-34,77.024,Loan originated
1,155000.0,43,995000.0,74.0,1,Not Hispanic or Latino,Asian,Female,65-74,16.0,Loan originated
1,765000.0,30%-<36%,875000.0,237.0,1,Hispanic or Latino,White,Male,45-54,87.616,Loan originated
1,355000.0,41,445000.0,158.0,1,Not Hispanic or Latino,White,Female,55-64,80.0,Loan originated
1,705000.0,47,1325000.0,165.0,1,Not Hispanic or Latino,White,Female,45-54,53.0,Loan originated
1,775000.0,41,1175000.0,183.0,1,Not Hispanic or Latino,White,Male,55-64,66.0,Loan originated
1,445000.0,48,825000.0,114.0,1,Hispanic or Latino,White,Male,25-34,53.659,Loan originated
1,595000.0,42,995000.0,190.0,1,Hispanic or Latino,White,Male,45-54,59.8,Loan originated
1,565000.0,45,705000.0,295.0,1,Not Hispanic or Latino,Asian,Male,>74,80.0,Loan originated
1,425000.0,38,755000.0,150.0,1,Not Hispanic or Latino,Asian,Female,25-34,56.0,Loan originated
1,815000.0,30%-<36%,865000.0,260.0,1,Hispanic or Latino,White,Male,45-54,95.0,Loan originated
1,405000.0,45,455000.0,105.0,1,Not Hispanic or Latino,White,Male,25-34,90.0,Loan originated
1,535000.0,41,565000.0,132.0,1,Not Hispanic or Latino,White,Female,35-44,95.0,Loan originated
1,805000.0,44,845000.0,182.0,1,Not Hispanic or Latino,Asian,Male,35-44,94.975,Loan originated
1,805000.0,37,1005000.0,197.0,1,Not Hispanic or Latino,Asian,Female,25-34,95.0,Loan originated
1,135000.0,42,465000.0,44.0,1,Not Hispanic or Latino,White,Female,35-44,102.656,Loan originated
1,1445000.0,42,2305000.0,381.0,1,Not Hispanic or Latino,Asian,Male,45-54,62.826,Loan originated
1,405000.0,45,505000.0,92.0,1,Not Hispanic or Latino,Black or African American,Female,35-44,80.0,Loan originated
1,495000.0,43,615000.0,121.0,1,Not Hispanic or Latino,Black or African American,Female,25-34,80.0,Loan originated
1,585000.0,44,625000.0,133.0,1,Not Hispanic or Latino,White,Female,55-64,95.0,Loan originated
1,335000.0,36,375000.0,174.0,1,Hispanic or Latino,White,Male,25-34,89.0,Loan originated
1,285000.0,47,355000.0,68.0,1,Hispanic or Latino,White,Male,25-34,80.0,Loan originated
1,355000.0,20%-<30%,915000.0,219.0,1,Not Hispanic or Latino,White,Male,55-64,38.251,Loan originated
1,835000.0,47,885000.0,288.0,1,Hispanic or Latino,White,Male,35-44,95.0,Loan originated
1,605000.0,44,1405000.0,140.0,1,Not Hispanic or Latino,Asian,Female,35-44,42.86,Loan originated
1,995000.0,45,1425000.0,226.0,1,Not Hispanic or Latino,White,Female,55-64,70.0,Loan originated
1,475000.0,49,495000.0,171.0,1,Hispanic or Latino,White,Female,55-64,95.0,Loan originated
1,765000.0,20%-<30%,955000.0,320.0,1,Not Hispanic or Latino,Asian,Male,25-34,80.0,Loan originated
1,405000.0,46,505000.0,110.0,1,Not Hispanic or Latino,White,Female,25-34,79.99,Loan originated
1,905000.0,47,1135000.0,182.0,1,Not Hispanic or Latino,Asian,Male,35-44,79.19,Loan originated
1,325000.0,49,405000.0,94.0,1,Not Hispanic or Latino,White,Female,55-64,80.0,Loan originated
1,805000.0,20%-<30%,1005000.0,357.0,1,Hispanic or Latino,White,Male,25-34,80.0,Loan originated
1,395000.0,37,465000.0,111.0,1,Not Hispanic or Latino,Asian,Female,55-64,85.0,Loan originated
1,535000.0,47,555000.0,113.0,1,Not Hispanic or Latino,Black or African American,Male,65-74,100.0,Loan originated
1,655000.0,42,825000.0,222.0,1,Not Hispanic or Latino,Asian,Male,35-44,80.0,Loan originated
1,1125000.0,30%-<36%,1405000.0,340.0,1,Not Hispanic or Latino,White,Male,25-34,80.0,Loan originated
1,1005000.0,20%-<30%,1255000.0,786.0,1,Not Hispanic or Latino,White,Female,45-54,80.0,Loan originated
1,525000.0,44,815000.0,123.0,1,Hispanic or Latino,Asian,Female,25-34,64.347,Loan originated
1,345000.0,45,425000.0,96.0,1,Not Hispanic or Latino,White,Female,35-44,80.0,Loan originated
1,155000.0,49,235000.0,37.0,1,Not Hispanic or Latino,White,Female,25-34,67.0,Loan originated
1,265000.0,30%-<36%,325000.0,331.0,1,Not Hispanic or Latino,White,Male,35-44,80.0,Loan originated
1,315000.0,49,415000.0,109.0,1,Not Hispanic or Latino,White,Female,65-74,75.61,Loan originated
1,495000.0,48,705000.0,166.0,1,Not Hispanic or Latino,White,Female,45-54,70.0,Application denied
1,565000.0,48,585000.0,124.0,1,Hispanic or Latino,White,Female,45-54,96.0,Loan originated
1,385000.0,39,405000.0,97.0,1,Hispanic or Latino,White,Male,35-44,95.0,Loan originated
1,505000.0,20%-<30%,1305000.0,370.0,1,Not Hispanic or Latino,White,Female,35-44,38.462,Loan originated
1,425000.0,49,455000.0,105.0,1,Not Hispanic or Latino,White,Male,35-44,95.0,Loan originated
1,985000.0,43,1375000.0,244.0,1,Not Hispanic or Latino,Asian,Female,25-34,71.73,Loan originated
1,555000.0,41,695000.0,137.0,1,Not Hispanic or Latino,Asian,Female,25-34,80.0,Loan originated
1,715000.0,30%-<36%,895000.0,360.0,1,Not Hispanic or Latino,White,Female,>74,80.0,Loan originated
1,425000.0,44,455000.0,105.0,1,Not Hispanic or Latino,White,Male,35-44,95.0,Loan originated
1,655000.0,46,825000.0,444.0,1,Not Hispanic or Latino,Asian,Female,35-44,80.0,Loan originated
1,325000.0,30%-<36%,445000.0,135.0,1,Not Hispanic or Latino,Asian,Female,45-54,103.0,Loan originated
1,625000.0,47,655000.0,160.0,1,Not Hispanic or Latino,Asian,Male,25-34,95.0,Loan originated
1,255000.0,48,275000.0,75.0,1,Hispanic or Latino,White,Male,45-54,94.0,Loan originated
1,215000.0,41,225000.0,62.0,1,Not Hispanic or Latino,Black or African American,Male,<25,95.0,Loan originated
1,575000.0,49,665000.0,109.0,1,Not Hispanic or Latino,Asian,Female,25-34,87.0,Loan originated
1,135000.0,49,385000.0,32.0,1,Not Hispanic or Latino,2 or more minority races,Female,45-54,35.738,Loan originated
1,535000.0,46,555000.0,118.0,1,Not Hispanic or Latino,Asian,Male,35-44,97.0,Loan originated
1,885000.0,46,935000.0,196.0,1,Not Hispanic or Latino,Black or African American,Female,35-44,95.0,Loan originated
1,625000.0,42,785000.0,164.0,1,Not Hispanic or Latino,Asian,Male,25-34,80.0,Application denied
1,225000.0,40,275000.0,75.0,1,Hispanic or Latino,White,Male,25-34,80.0,Loan originated
1,935000.0,49,1765000.0,190.0,1,Not Hispanic or Latino,Asian,Male,25-34,53.125,Loan originated
1,715000.0,<20%,885000.0,1406.0,1,Not Hispanic or Latino,White,Male,25-34,80.0,Loan originated
1,605000.0,41,655000.0,159.0,1,Hispanic or Latino,White,Male,35-44,93.0,Loan originated
1,185000.0,41,605000.0,78.0,1,Not Hispanic or Latino,White,Female,25-34,56.656,Loan originated
1,765000.0,49,965000.0,182.0,1,Not Hispanic or Latino,White,Male,35-44,79.435,Loan originated
1,605000.0,47,755000.0,129.0,1,Not Hispanic or Latino,White,Male,<25,80.0,Loan originated
1,485000.0,37,505000.0,150.0,1,Not Hispanic or Latino,White,Female,25-34,97.0,Loan originated
1,1185000.0,43,1505000.0,290.0,1,Not Hispanic or Latino,White,Female,35-44,78.933,Loan originated
1,395000.0,47,495000.0,170.0,1,Not Hispanic or Latino,2 or more minority races,Male,45-54,80.0,Loan originated
1,735000.0,30%-<36%,915000.0,209.0,1,Not Hispanic or Latino,White,Male,25-34,80.0,Loan originated
1,665000.0,49,835000.0,124.0,1,Not Hispanic or Latino,Asian,Male,35-44,97.006,Loan originated
1,1055000.0,30%-<36%,1505000.0,354.0,1,Not Hispanic or Latino,Asian,Male,35-44,70.0,Loan originated
1,375000.0,20%-<30%,475000.0,163.0,1,Not Hispanic or Latino,White,Female,25-34,80.0,Loan originated
1,105000.0,48,475000.0,95.0,1,Not Hispanic or Latino,White,Female,65-74,21.05,Loan originated
1,525000.0,47,665000.0,170.0,1,Not Hispanic or Latino,Asian,Male,25-34,80.0,Loan originated
1,1135000.0,49,1515000.0,254.0,1,Not Hispanic or Latino,Asian,Male,45-54,75.0,Loan originated
1,905000.0,43,1355000.0,241.0,1,Not Hispanic or Latino,White,Female,35-44,66.667,Loan originated
1,765000.0,46,955000.0,209.0,1,Hispanic or Latino,White,Female,55-64,80.0,Loan originated
1,415000.0,30%-<36%,465000.0,151.0,1,Not Hispanic or Latino,White,Male,25-34,90.0,Loan originated
1,715000.0,30%-<36%,895000.0,278.0,1,Not Hispanic or Latino,Asian,Male,35-44,80.0,Loan originated
1,485000.0,47,545000.0,102.0,1,Not Hispanic or Latino,White,Male,25-34,90.0,Loan originated
1,465000.0,38,525000.0,146.0,1,Hispanic or Latino,White,Female,35-44,90.0,Loan originated
1,435000.0,36,715000.0,144.0,1,Not Hispanic or Latino,Asian,Female,25-34,60.7,Loan originated
1,245000.0,41,485000.0,100.0,1,Hispanic or Latino,White,Male,35-44,50.516,Loan originated
1,585000.0,49,635000.0,135.0,1,Not Hispanic or Latino,White,Male,35-44,92.0,Loan originated
1,425000.0,45,855000.0,118.0,1,Hispanic or Latino,Black or African American,Female,35-44,102.306,Loan originated
1,505000.0,<20%,745000.0,3730.0,1,Not Hispanic or Latino,Black or African American,Female,65-74,67.11,Loan originated
1,345000.0,39,575000.0,109.0,1,Not Hispanic or Latino,White,Female,65-74,60.0,Loan originated
1,1065000.0,37,1255000.0,389.0,1,Not Hispanic or Latino,White,Male,35-44,85.0,Loan originated
1,615000.0,20%-<30%,775000.0,381.0,1,Hispanic or Latino,White,Male,65-74,75.0,Application denied
1,425000.0,41,495000.0,150.0,1,Not Hispanic or Latino,White,Female,25-34,85.0,Loan originated
1,525000.0,39,665000.0,131.0,1,Not Hispanic or Latino,White,Male,25-34,80.0,Loan originated
1,325000.0,43,345000.0,79.0,1,Not Hispanic or Latino,White,Male,25-34,100.0,Loan originated
1,795000.0,46,885000.0,243.0,1,Not Hispanic or Latino,White,Male,45-54,89.89,Loan originated
1,365000.0,43,615000.0,193.0,1,Not Hispanic or Latino,White,Female,45-54,60.0,Loan originated
1,465000.0,48,555000.0,111.0,1,Not Hispanic or Latino,White,Male,25-34,85.0,Loan originated
1,885000.0,30%-<36%,1185000.0,330.0,1,Not Hispanic or Latino,White,Female,55-64,74.662,Loan originated
1,665000.0,44,695000.0,156.0,1,Hispanic or Latino,White,Male,25-34,95.0,Loan originated
1,155000.0,41,175000.0,51.0,1,Hispanic or Latino,White,Female,55-64,100.671,Loan originated
1,1145000.0,41,1655000.0,566.0,1,Not Hispanic or Latino,White,Male,45-54,89.989,Loan originated
1,135000.0,38,365000.0,45.0,1,Not Hispanic or Latino,Black or African American,Female,25-34,91.136,Loan originated
1,635000.0,36,995000.0,179.0,1,Not Hispanic or Latino,White,Male,35-44,63.0,Loan originated
1,125000.0,20%-<30%,255000.0,93.0,1,Not Hispanic or Latino,White,Female,55-64,48.4,Loan originated
1,425000.0,46,555000.0,18.0,1,Not Hispanic or Latino,Asian,Female,35-44,80.0,Loan originated
1,405000.0,45,605000.0,97.0,1,Not Hispanic or Latino,Asian,Male,25-34,66.667,Loan originated
1,1025000.0,38,1735000.0,297.0,1,Not Hispanic or Latino,Asian,Male,25-34,58.827,Loan originated
1,435000.0,46,455000.0,92.0,1,Not Hispanic or Latino,Asian,Female,25-34,97.0,Loan originated
1,705000.0,40,875000.0,166.0,1,Not Hispanic or Latino,White,Female,35-44,80.0,Loan originated
1,375000.0,30%-<36%,575000.0,125.0,1,Not Hispanic or Latino,White,Female,>74,65.46,Loan originated
1,65000.0,30%-<36%,85000.0,78.0,1,Not Hispanic or Latino,White,Male,55-64,77.42,Application denied
1,1145000.0,49,1525000.0,311.0,1,Not Hispanic or Latino,Asian,Male,45-54,75.25,Loan originated
1,585000.0,45,725000.0,134.0,1,Not Hispanic or Latino,White,Male,35-44,80.0,Loan originated
1,755000.0,30%-<36%,1295000.0,250.0,1,Not Hispanic or Latino,White,Female,35-44,57.839,Loan originated
1,845000.0,49,1205000.0,282.0,1,Not Hispanic or Latino,Asian,Male,65-74,70.0,Loan originated
1,295000.0,38,305000.0,80.0,1,Hispanic or Latino,White,Male,45-54,97.0,Loan originated
1,655000.0,44,695000.0,226.0,1,Not Hispanic or Latino,White,Male,55-64,95.0,Loan originated
1,185000.0,48,195000.0,115.0,1,Not Hispanic or Latino,White,Female,<25,95.0,Loan originated
1,675000.0,37,905000.0,174.0,1,Not Hispanic or Latino,White,Female,25-34,75.0,Loan originated
1,435000.0,49,615000.0,165.0,1,Not Hispanic or Latino,White,Male,55-64,70.0,Loan originated
1,145000.0,20%-<30%,515000.0,105.0,1,Not Hispanic or Latino,White,Female,65-74,29.0,Loan originated
1,505000.0,30%-<36%,635000.0,281.0,1,Not Hispanic or Latino,White,Male,35-44,80.0,Loan originated
1,625000.0,49,695000.0,129.0,1,Not Hispanic or Latino,Asian,Male,25-34,90.106,Loan originated
1,765000.0,20%-<30%,1085000.0,575.0,1,Hispanic or Latino,White,Male,45-54,70.49,Loan originated
1,545000.0,49,645000.0,106.0,1,Not Hispanic or Latino,White,Male,25-34,85.0,Loan originated
1,795000.0,38,845000.0,391.0,1,Not Hispanic or Latino,White,Male,25-34,95.0,Loan originated
1,385000.0,49,485000.0,73.0,1,Not Hispanic or Latino,White,Male,35-44,80.0,Loan originated
1,305000.0,30%-<36%,465000.0,120.0,1,Not Hispanic or Latino,White,Female,45-54,56.52,Application denied
1,765000.0,45,805000.0,240.0,1,Not Hispanic or Latino,White,Female,35-44,94.858,Loan originated
1,825000.0,47,1035000.0,173.0,1,Not Hispanic or Latino,White,Male,25-34,80.0,Loan originated
1,995000.0,49,1435000.0,200.0,1,Not Hispanic or Latino,White,Male,55-64,70.0,Loan originated
1,525000.0,42,1225000.0,133.0,1,Not Hispanic or Latino,Asian,Male,25-34,43.0,Loan originated
1,275000.0,42,465000.0,76.0,1,Not Hispanic or Latino,Asian,Male,35-44,91.0,Loan originated
1,165000.0,48,235000.0,43.0,1,Not Hispanic or Latino,Asian,Male,<25,70.0,Loan originated
1,325000.0,30%-<36%,415000.0,112.0,1,Not Hispanic or Latino,White,Female,25-34,79.04,Loan originated
1,155000.0,30%-<36%,265000.0,83.0,1,Hispanic or Latino,White,Female,25-34,97.0,Loan originated
1,485000.0,43,2485000.0,170.0,1,Not Hispanic or Latino,Asian,Male,45-54,19.558,Loan originated
1,85000.0,48,105000.0,51.0,1,Hispanic or Latino,White,Male,25-34,80.0,Loan originated
1,515000.0,45,545000.0,235.0,1,Not Hispanic or Latino,White,Female,35-44,95.0,Loan originated
1,255000.0,47,555000.0,66.0,1,Not Hispanic or Latino,White,Female,>74,46.14,Loan originated
1,1075000.0,49,1195000.0,229.0,1,Not Hispanic or Latino,Asian,Male,25-34,90.0,Application denied
1,685000.0,48,725000.0,143.0,1,Not Hispanic or Latino,Native Hawaiian or Other Pacific Islander,Female,25-34,95.0,Loan originated
1,385000.0,50%-60%,485000.0,109.0,1,Not Hispanic or Latino,Asian,Female,55-64,79.381,Loan originated
1,665000.0,50%-60%,705000.0,128.0,1,Not Hispanic or Latino,White,Male,65-74,95.0,Loan originated
1,365000.0,47,1235000.0,101.0,1,Not Hispanic or Latino,White,Female,45-54,29.675,Loan originated
1,205000.0,48,215000.0,146.0,1,Hispanic or Latino,White,Male,<25,98.81,Loan originated
1,175000.0,30%-<36%,595000.0,101.0,1,Not Hispanic or Latino,White,Male,25-34,29.661,Loan originated
1,655000.0,47,815000.0,141.0,1,Not Hispanic or Latino,White,Male,25-34,80.0,Loan originated
1,185000.0,43,285000.0,44.0,1,Not Hispanic or Latino,White,Male,65-74,64.286,Loan originated
1,695000.0,49,1255000.0,260.0,1,Not Hispanic or Latino,White,Male,25-34,55.2,Loan originated
1,345000.0,43,365000.0,88.0,1,Not Hispanic or Latino,White,Male,25-34,95.0,Loan originated
1,465000.0,37,485000.0,143.0,1,Not Hispanic or Latino,Asian,Female,35-44,95.0,Loan originated
1,1085000.0,45,1455000.0,263.0,1,Not Hispanic or Latino,White,Male,35-44,75.0,Loan originated
1,365000.0,43,385000.0,93.0,1,Hispanic or Latino,White,Female,35-44,95.0,Loan originated
1,995000.0,44,1115000.0,275.0,1,Hispanic or Latino,White,Male,45-54,90.0,Loan originated
1,375000.0,30%-<36%,475000.0,139.0,1,Not Hispanic or Latino,White,Male,55-64,80.0,Loan originated
1,485000.0,42,605000.0,110.0,1,Not Hispanic or Latino,Asian,Female,35-44,80.0,Loan originated
1,285000.0,46,365000.0,67.0,1,Hispanic or Latino,White,Male,35-44,77.839,Loan originated
1,1065000.0,49,1195000.0,215.0,1,Not Hispanic or Latino,Asian,Male,25-34,89.0,Loan originated
1,345000.0,38,635000.0,115.0,1,Not Hispanic or Latino,Asian,Male,35-44,54.286,Loan originated
1,665000.0,43,945000.0,203.0,1,Not Hispanic or Latino,White,Male,35-44,70.0,Loan originated
1,325000.0,20%-<30%,405000.0,134.0,1,Not Hispanic or Latino,Asian,Female,25-34,80.0,Loan originated
1,675000.0,48,1255000.0,228.0,1,Not Hispanic or Latino,White,Female,45-54,54.0,Loan originated
1,595000.0,39,1225000.0,163.0,1,Not Hispanic or Latino,Asian,Female,35-44,48.085,Loan originated
1,585000.0,39,835000.0,188.0,1,Not Hispanic or Latino,Asian,Male,45-54,70.0,Loan originated
1,685000.0,<20%,985000.0,418.0,1,Not Hispanic or Latino,Asian,Male,25-34,70.0,Loan originated
1,455000.0,<20%,1455000.0,444.0,1,Not Hispanic or Latino,White,Male,35-44,31.034,Loan originated
1,325000.0,48,1725000.0,124.0,1,Not Hispanic or Latino,White,Male,25-34,18.841,Loan originated
1,325000.0,44,355000.0,73.0,1,Hispanic or Latino,White,Male,25-34,90.0,Loan originated
1,625000.0,49,655000.0,192.0,1,Not Hispanic or Latino,White,Male,55-64,95.0,Loan originated
1,675000.0,45,905000.0,234.0,1,Not Hispanic or Latino,White,Male,65-74,75.0,Loan originated
1,205000.0,30%-<36%,625000.0,0.0,1,Hispanic or Latino,White,Female,25-34,31.8,Application denied
1,275000.0,48,295000.0,83.0,1,Hispanic or Latino,White,Male,45-54,95.0,Loan originated
1,435000.0,45,525000.0,146.0,1,Not Hispanic or Latino,White,Female,45-54,104.0,Loan originated
1,445000.0,41,895000.0,123.0,1,Hispanic or Latino,White,Female,65-74,49.944,Loan originated
1,155000.0,30%-<36%,695000.0,96.0,1,Not Hispanic or Latino,Asian,Male,35-44,21.58,Loan originated
1,905000.0,36,955000.0,433.0,1,Not Hispanic or Latino,White,Male,35-44,95.0,Loan originated
1,575000.0,49,615000.0,110.0,1,Not Hispanic or Latino,White,Female,25-34,95.0,Loan originated
1,565000.0,42,595000.0,152.0,1,Hispanic or Latino,White,Male,35-44,95.0,Loan originated
1,815000.0,43,905000.0,261.0,1,Not Hispanic or Latino,Asian,Male,35-44,90.0,Loan originated
1,645000.0,37,815000.0,158.0,1,Hispanic or Latino,Black or African American,Male,55-64,79.556,Loan originated
1,545000.0,<20%,675000.0,744.0,1,Not Hispanic or Latino,White,Male,45-54,80.0,Loan originated
1,525000.0,46,745000.0,103.0,1,Not Hispanic or Latino,Asian,Female,25-34,70.801,Loan originated
1,405000.0,37,775000.0,149.0,1,Not Hispanic or Latino,White,Female,45-54,51.613,Loan originated
1,495000.0,20%-<30%,995000.0,206.0,1,Not Hispanic or Latino,Asian,Male,65-74,49.737,Loan originated
1,595000.0,44,615000.0,194.0,1,Hispanic or Latino,White,Female,35-44,97.0,Loan originated
1,255000.0,40,725000.0,104.0,1,Not Hispanic or Latino,White,Female,65-74,34.48,Loan originated
1,385000.0,30%-<36%,585000.0,119.0,1,Not Hispanic or Latino,White,Male,55-64,65.517,Loan originated
1,305000.0,30%-<36%,325000.0,149.0,1,Hispanic or Latino,White,Male,45-54,95.0,Loan originated
1,915000.0,50%-60%,1225000.0,148.0,1,Not Hispanic or Latino,Asian,Female,25-34,75.0,Application denied
1,535000.0,44,665000.0,126.0,1,Not Hispanic or Latino,Asian,Female,25-34,80.0,Loan originated
1,765000.0,46,855000.0,164.0,1,Hispanic or Latino,White,Female,25-34,90.0,Loan originated
1,265000.0,30%-<36%,445000.0,104.0,1,Not Hispanic or Latino,Asian,Male,35-44,60.0,Loan originated
1,755000.0,40,1555000.0,189.0,1,Not Hispanic or Latino,Asian,Male,25-34,49.0,Loan originated
1,385000.0,44,435000.0,123.0,1,Not Hispanic or Latino,Asian,Female,35-44,90.0,Application denied
1,385000.0,46,405000.0,89.0,1,Hispanic or Latino,White,Male,<25,95.0,Loan originated
1,855000.0,30%-<36%,1515000.0,258.0,1,Not Hispanic or Latino,Asian,Male,35-44,56.29,Loan originated
1,765000.0,30%-<36%,855000.0,251.0,1,Not Hispanic or Latino,White,Female,55-64,90.0,Loan originated
1,735000.0,36,765000.0,310.0,1,Not Hispanic or Latino,Black or African American,Male,25-34,97.0,Loan originated
1,155000.0,<20%,985000.0,156.0,1,Not Hispanic or Latino,Asian,Female,35-44,15.229,Loan originated
1,495000.0,30%-<36%,665000.0,161.0,1,Not Hispanic or Latino,White,Female,25-34,75.0,Loan originated
1,365000.0,48,455000.0,70.0,1,Hispanic or Latino,White,Male,25-34,80.0,Loan originated
1,235000.0,48,445000.0,76.0,1,Not Hispanic or Latino,White,Female,35-44,51.339,Loan originated
1,1145000.0,43,1655000.0,290.0,1,Not Hispanic or Latino,Asian,Male,35-44,69.64,Loan originated
1,315000.0,37,865000.0,149.0,1,Hispanic or Latino,White,Female,55-64,36.46,Loan originated
1,265000.0,44,295000.0,61.0,1,Not Hispanic or Latino,White,Female,35-44,90.0,Loan originated
1,365000.0,20%-<30%,385000.0,175.0,1,Not Hispanic or Latino,White,Male,45-54,95.0,Loan originated
1,1035000.0,49,2205000.0,240.0,1,Not Hispanic or Latino,White,Female,55-64,46.864,Loan originated
1,765000.0,44,955000.0,216.0,1,Not Hispanic or Latino,White,Male,65-74,80.0,Loan originated
1,455000.0,20%-<30%,935000.0,208.0,1,Not Hispanic or Latino,White,Male,35-44,48.925,Loan originated
1,245000.0,50%-60%,505000.0,72.0,1,Not Hispanic or Latino,White,Male,65-74,47.525,Loan originated
1,365000.0,43,425000.0,100.0,1,Not Hispanic or Latino,Asian,Female,<25,88.012,Loan originated
1,765000.0,44,3005000.0,217.0,1,Not Hispanic or Latino,Asian,Male,25-34,25.509,Loan originated
1,625000.0,44,895000.0,163.0,1,Not Hispanic or Latino,White,Male,25-34,69.93,Loan originated
1,1125000.0,47,1735000.0,229.0,1,Not Hispanic or Latino,Asian,Male,25-34,65.0,Loan originated
1,235000.0,49,585000.0,68.0,1,Not Hispanic or Latino,Asian,Female,35-44,40.0,Loan originated
1,625000.0,20%-<30%,775000.0,445.0,1,Not Hispanic or Latino,White,Male,65-74,80.0,Loan originated
1,805000.0,41,955000.0,798.0,1,Not Hispanic or Latino,White,Male,55-64,85.0,Loan originated
1,825000.0,47,875000.0,479.0,1,Not Hispanic or Latino,White,Male,25-34,95.0,Loan originated
1,325000.0,44,435000.0,180.0,1,Not Hispanic or Latino,White,Male,35-44,75.0,Loan originated
1,595000.0,49,1405000.0,132.0,1,Not Hispanic or Latino,Asian,Male,45-54,43.0,Loan originated
1,515000.0,37,545000.0,138.0,1,Not Hispanic or Latino,Black or African American,Female,65-74,95.0,Loan originated
1,545000.0,43,975000.0,165.0,1,Not Hispanic or Latino,Asian,Male,25-34,56.0,Loan originated
1,745000.0,49,1065000.0,170.0,1,Not Hispanic or Latino,White,Female,45-54,69.953,Loan originated
1,295000.0,49,305000.0,58.0,1,Hispanic or Latino,White,Male,25-34,100.0,Loan originated
1,175000.0,46,425000.0,49.0,1,Not Hispanic or Latino,White,Male,35-44,42.0,Loan originated
1,225000.0,30%-<36%,245000.0,72.0,1,Hispanic or Latino,White,Female,65-74,93.75,Loan originated
1,1045000.0,49,1395000.0,220.0,1,Not Hispanic or Latino,Asian,Male,25-34,75.0,Loan originated
1,765000.0,48,1115000.0,158.0,1,Not Hispanic or Latino,Asian,Male,25-34,69.0,Loan originated
1,355000.0,48,415000.0,73.0,1,Not Hispanic or Latino,White,Male,45-54,84.337,Loan originated
1,655000.0,47,1305000.0,164.0,1,Not Hispanic or Latino,Asian,Male,25-34,50.0,Loan originated
1,795000.0,30%-<36%,945000.0,256.0,1,Not Hispanic or Latino,White,Male,65-74,85.0,Loan originated
1,105000.0,47,245000.0,53.0,1,Hispanic or Latino,White,Male,55-64,42.92,Loan originated
1,655000.0,45,775000.0,165.0,1,Not Hispanic or Latino,Asian,Female,35-44,85.0,Loan originated
1,405000.0,42,505000.0,100.0,1,Not Hispanic or Latino,White,Male,35-44,80.0,Loan originated
1,585000.0,50%-60%,605000.0,111.0,1,Hispanic or Latino,White,Female,<25,96.667,Application denied
1,765000.0,46,995000.0,360.0,1,Not Hispanic or Latino,White,Male,35-44,77.374,Loan originated
1,1105000.0,49,1905000.0,334.0,1,Not Hispanic or Latino,Asian,Female,35-44,57.895,Loan originated
1,1005000.0,42,1135000.0,292.0,1,Not Hispanic or Latino,White,Male,35-44,89.049,Loan originated
1,275000.0,50%-60%,385000.0,52.0,1,Not Hispanic or Latino,White,Male,35-44,70.78,Loan originated
1,415000.0,49,755000.0,86.0,1,Not Hispanic or Latino,White,Female,25-34,54.71,Loan originated
1,585000.0,30%-<36%,615000.0,226.0,1,Not Hispanic or Latino,White,Male,25-34,95.0,Loan originated
1,135000.0,20%-<30%,585000.0,67.0,1,Not Hispanic or Latino,Black or African American,Male,25-34,23.077,Loan originated
1,415000.0,46,455000.0,95.0,1,Hispanic or Latino,White,Male,35-44,92.0,Loan originated
1,665000.0,20%-<30%,955000.0,901.0,1,Not Hispanic or Latino,White,Female,45-54,70.0,Loan originated
1,675000.0,49,1495000.0,159.0,1,Not Hispanic or Latino,White,Female,35-44,45.302,Loan originated
1,1005000.0,47,1655000.0,465.0,1,Not Hispanic or Latino,Asian,Male,55-64,60.61,Loan originated
1,245000.0,49,725000.0,84.0,1,Not Hispanic or Latino,White,Male,65-74,33.103,Loan originated
1,505000.0,43,535000.0,121.0,1,Not Hispanic or Latino,Asian,Male,35-44,95.0,Loan originated
1,415000.0,47,605000.0,169.0,1,Hispanic or Latino,White,Female,35-44,69.167,Loan originated
1,605000.0,41,1615000.0,233.0,1,Not Hispanic or Latino,Asian,Male,>74,37.134,Loan originated
1,415000.0,47,525000.0,116.0,1,Not Hispanic or Latino,Asian,Female,35-44,79.27,Loan originated
1,1105000.0,42,1385000.0,303.0,1,Not Hispanic or Latino,Asian,Male,25-34,80.0,Loan originated
1,895000.0,42,1195000.0,221.0,1,Not Hispanic or Latino,Asian,Male,35-44,75.0,Loan originated
1,315000.0,37,615000.0,146.0,1,Not Hispanic or Latino,White,Female,45-54,50.82,Loan originated
1,565000.0,47,715000.0,132.0,1,Hispanic or Latino,White,Male,45-54,80.0,Loan originated
1,765000.0,49,1525000.0,205.0,1,Not Hispanic or Latino,White,Female,25-34,50.266,Loan originated
1,375000.0,30%-<36%,505000.0,133.0,1,Not Hispanic or Latino,White,Male,25-34,75.0,Loan originated
1,285000.0,43,435000.0,73.0,1,Hispanic or Latino,White,Female,25-34,64.368,Loan originated
1,305000.0,20%-<30%,635000.0,158.0,1,Not Hispanic or Latino,White,Male,55-64,52.38,Loan originated
1,465000.0,43,495000.0,122.0,1,Not Hispanic or Latino,White,Male,25-34,95.0,Application denied
1,505000.0,30%-<36%,625000.0,400.0,1,Not Hispanic or Latino,Asian,Female,45-54,80.0,Loan originated
1,765000.0,44,1255000.0,165.0,1,Not Hispanic or Latino,Asian,Male,35-44,60.8,Loan originated
1,625000.0,30%-<36%,785000.0,187.0,1,Not Hispanic or Latino,White,Male,25-34,80.0,Loan originated
1,795000.0,41,935000.0,220.0,1,Not Hispanic or Latino,White,Male,35-44,85.0,Loan originated
1,715000.0,46,795000.0,152.0,1,Not Hispanic or Latino,Asian,Female,35-44,90.0,Loan originated
1,525000.0,42,555000.0,153.0,1,Not Hispanic or Latino,White,Male,45-54,95.0,Loan originated
1,545000.0,38,945000.0,190.0,1,Not Hispanic or Latino,White,Male,25-34,57.85,Loan originated
1,365000.0,30%-<36%,455000.0,264.0,1,Not Hispanic or Latino,White,Male,55-64,80.0,Loan originated
1,675000.0,46,845000.0,197.0,1,Not Hispanic or Latino,Asian,Male,35-44,80.0,Loan originated
1,765000.0,20%-<30%,995000.0,278.0,1,Not Hispanic or Latino,White,Female,45-54,77.429,Loan originated
1,275000.0,30%-<36%,295000.0,103.0,1,Not Hispanic or Latino,White,Male,<25,95.0,Loan originated
1,565000.0,46,595000.0,109.0,1,Not Hispanic or Latino,White,Female,45-54,95.0,Application denied
1,125000.0,20%-<30%,165000.0,133.0,1,Not Hispanic or Latino,White,Male,55-64,73.63,Loan originated
1,395000.0,48,435000.0,132.0,1,Hispanic or Latino,White,Male,25-34,90.0,Loan originated
1,665000.0,36,735000.0,172.0,1,Not Hispanic or Latino,Asian,Female,35-44,90.91,Loan originated
1,955000.0,46,1255000.0,261.0,1,Not Hispanic or Latino,Asian,Male,25-34,76.153,Loan originated
1,415000.0,49,705000.0,95.0,1,Not Hispanic or Latino,White,Male,65-74,57.969,Loan originated
1,445000.0,40,555000.0,115.0,1,Not Hispanic or Latino,White,Male,25-34,80.0,Loan originated
1,205000.0,30%-<36%,455000.0,74.0,1,Not Hispanic or Latino,White,Female,35-44,48.0,Loan originated
1,395000.0,30%-<36%,425000.0,132.0,1,Hispanic or Latino,Native Hawaiian or Other Pacific Islander,Female,25-34,95.0,Loan originated
1,325000.0,48,385000.0,116.0,1,Hispanic or Latino,White,Male,<25,85.0,Loan originated
1,675000.0,30%-<36%,1355000.0,219.0,1,Not Hispanic or Latino,Asian,Male,25-34,50.0,Loan originated
1,475000.0,49,495000.0,137.0,1,Not Hispanic or Latino,White,Male,25-34,95.0,Loan originated
1,565000.0,30%-<36%,625000.0,225.0,1,Not Hispanic or Latino,Asian,Male,25-34,90.0,Loan originated
1,535000.0,50%-60%,545000.0,152.0,1,Hispanic or Latino,White,Male,45-54,100.5,Loan originated
1,515000.0,42,635000.0,170.0,1,Not Hispanic or Latino,Asian,Male,25-34,80.0,Loan originated
1,545000.0,44,575000.0,118.0,1,Hispanic or Latino,White,Male,25-34,95.0,Loan originated
1,375000.0,49,585000.0,79.0,1,Not Hispanic or Latino,Asian,Female,25-34,65.0,Loan originated
1,275000.0,20%-<30%,425000.0,94.0,1,Not Hispanic or Latino,Asian,Male,35-44,64.286,Loan originated
1,955000.0,41,1405000.0,247.0,1,Not Hispanic or Latino,Asian,Male,25-34,67.86,Loan originated
1,105000.0,20%-<30%,135000.0,139.0,1,Not Hispanic or Latino,Asian,Male,55-64,80.82,Application denied
1,675000.0,43,715000.0,185.0,1,Not Hispanic or Latino,Asian,Male,45-54,95.0,Loan originated
1,415000.0,42,465000.0,94.0,1,Not Hispanic or Latino,White,Male,25-34,90.0,Loan originated
1,1145000.0,49,1695000.0,300.0,1,Not Hispanic or Latino,Asian,Male,45-54,82.83,Loan originated
1,955000.0,48,1125000.0,263.0,1,Not Hispanic or Latino,White,Male,45-54,85.0,Loan originated
1,415000.0,50%-60%,455000.0,79.0,1,Not Hispanic or Latino,Asian,Female,55-64,92.0,Loan originated
1,765000.0,40,875000.0,198.0,1,Not Hispanic or Latino,White,Male,35-44,88.0,Loan originated
1,255000.0,>60%,995000.0,34.0,1,Hispanic or Latino,White,Female,55-64,25.025,Application denied
1,755000.0,30%-<36%,945000.0,223.0,1,Not Hispanic or Latino,Asian,Female,55-64,80.0,Loan originated
1,525000.0,49,595000.0,412.0,1,Hispanic or Latino,White,Male,45-54,90.0,Loan originated
1,945000.0,38,995000.0,258.0,1,Not Hispanic or Latino,White,Female,35-44,95.0,Loan originated
1,125000.0,39,345000.0,81.0,1,Not Hispanic or Latino,Asian,Male,25-34,35.0,Loan originated
1,1085000.0,49,1275000.0,297.0,1,Not Hispanic or Latino,White,Female,45-54,85.0,Loan originated
1,825000.0,41,1035000.0,357.0,1,Not Hispanic or Latino,Asian,Male,35-44,80.0,Loan originated
1,355000.0,47,405000.0,77.0,1,Hispanic or Latino,White,Female,25-34,87.67,Loan originated
1,685000.0,30%-<36%,975000.0,417.0,1,Not Hispanic or Latino,White,Male,55-64,70.0,Loan originated
1,475000.0,44,765000.0,209.0,1,Not Hispanic or Latino,White,Male,35-44,62.5,Loan originated
1,755000.0,46,945000.0,205.0,1,Not Hispanic or Latino,Asian,Male,25-34,80.0,Loan originated
1,925000.0,36,1155000.0,271.0,1,Not Hispanic or Latino,White,Male,35-44,80.0,Loan originated
1,645000.0,30%-<36%,805000.0,233.0,1,Not Hispanic or Latino,Asian,Male,45-54,80.0,Loan originated
1,655000.0,48,725000.0,179.0,1,Not Hispanic or Latino,White,Female,45-54,90.0,Loan originated
1,765000.0,43,1485000.0,298.0,1,Not Hispanic or Latino,White,Male,35-44,52.0,Loan originated
1,315000.0,46,325000.0,68.0,1,Hispanic or Latino,White,Female,55-64,100.0,Loan originated
1,845000.0,40,1055000.0,276.0,1,Not Hispanic or Latino,Asian,Male,35-44,80.0,Loan originated
1,885000.0,40,1105000.0,263.0,1,Hispanic or Latino,White,Female,35-44,80.0,Application denied
1,635000.0,43,725000.0,159.0,1,Not Hispanic or Latino,White,Female,25-34,87.931,Loan originated
1,1145000.0,42,2005000.0,307.0,1,Not Hispanic or Latino,White,Male,55-64,58.0,Loan originated
1,455000.0,42,605000.0,136.0,1,Not Hispanic or Latino,Black or African American,Male,35-44,75.0,Loan originated
1,415000.0,49,515000.0,80.0,1,Not Hispanic or Latino,Asian,Male,35-44,80.0,Loan originated
1,5000.0,49,275000.0,73.0,1,Not Hispanic or Latino,White,Female,35-44,101.93,Loan originated
1,695000.0,49,775000.0,144.0,1,Not Hispanic or Latino,Asian,Male,25-34,90.0,Loan originated
1,385000.0,48,435000.0,101.0,1,Not Hispanic or Latino,White,Male,25-34,90.0,Loan originated
1,735000.0,38,815000.0,448.0,1,Not Hispanic or Latino,Native Hawaiian or Other Pacific Islander,Male,45-54,90.0,Loan originated
1,505000.0,47,535000.0,98.0,1,Hispanic or Latino,Asian,Female,35-44,95.0,Loan originated
1,455000.0,20%-<30%,605000.0,122.0,1,Not Hispanic or Latino,Asian,Female,25-34,75.0,Loan originated
1,695000.0,49,835000.0,151.0,1,Hispanic or Latino,White,Male,55-64,83.0,Loan originated
1,435000.0,30%-<36%,575000.0,170.0,1,Not Hispanic or Latino,White,Male,55-64,74.783,Loan originated
1,885000.0,47,1185000.0,180.0,1,Not Hispanic or Latino,White,Male,25-34,75.0,Loan originated
1,455000.0,38,465000.0,147.0,1,Not Hispanic or Latino,White,Male,25-34,97.0,Loan originated
1,405000.0,48,435000.0,93.0,1,Not Hispanic or Latino,White,Male,35-44,95.0,Loan originated
1,625000.0,45,735000.0,153.0,1,Not Hispanic or Latino,White,Male,35-44,85.0,Loan originated
1,615000.0,45,635000.0,161.0,1,Not Hispanic or Latino,Asian,Male,25-34,97.0,Loan originated
1,1065000.0,49,1425000.0,207.0,1,Not Hispanic or Latino,Asian,Male,25-34,75.0,Loan originated
1,1005000.0,46,1755000.0,220.0,1,Not Hispanic or Latino,Asian,Male,25-34,57.143,Loan originated
1,585000.0,49,735000.0,126.0,1,Hispanic or Latino,White,Male,25-34,80.0,Loan originated
1,1115000.0,45,1395000.0,275.0,1,Hispanic or Latino,White,Male,35-44,80.0,Loan originated
1,1055000.0,46,1405000.0,283.0,1,Not Hispanic or Latino,Asian,Male,35-44,75.0,Application denied
1,765000.0,48,2105000.0,190.0,1,Not Hispanic or Latino,Asian,Male,35-44,36.502,Loan originated
1,1145000.0,44,1785000.0,250.0,1,Not Hispanic or Latino,White,Male,35-44,64.308,Loan originated
1,565000.0,38,715000.0,130.0,1,Not Hispanic or Latino,Asian,Female,25-34,80.0,Loan originated
1,1135000.0,42,1985000.0,262.0,1,Not Hispanic or Latino,Asian,Male,35-44,57.071,Loan originated
1,415000.0,44,445000.0,102.0,1,Not Hispanic or Latino,Asian,Female,25-34,95.0,Loan originated
1,545000.0,49,745000.0,114.0,1,Not Hispanic or Latino,Black or African American,Female,55-64,72.97,Loan originated
1,865000.0,50%-60%,1155000.0,221.0,1,Not Hispanic or Latino,White,Female,45-54,75.0,Application denied
1,295000.0,20%-<30%,415000.0,103.0,1,Not Hispanic or Latino,Asian,Male,35-44,70.0,Loan originated
1,325000.0,48,385000.0,83.0,1,Hispanic or Latino,White,Male,25-34,105.0,Loan originated
1,545000.0,39,675000.0,150.0,1,Not Hispanic or Latino,Asian,Male,45-54,80.0,Loan originated
1,495000.0,30%-<36%,545000.0,165.0,1,Hispanic or Latino,White,Male,45-54,90.0,Loan originated
1,535000.0,46,565000.0,190.0,1,Not Hispanic or Latino,Asian,Male,55-64,95.0,Loan originated
1,435000.0,30%-<36%,645000.0,174.0,1,Not Hispanic or Latino,Asian,Male,55-64,67.643,Loan originated
1,655000.0,42,695000.0,149.0,1,Not Hispanic or Latino,White,Male,25-34,95.0,Loan originated
1,395000.0,49,495000.0,102.0,1,Not Hispanic or Latino,White,Female,45-54,80.0,Loan originated
1,825000.0,47,915000.0,164.0,1,Hispanic or Latino,White,Male,35-44,93.98,Loan originated
1,385000.0,49,545000.0,131.0,1,Not Hispanic or Latino,White,Female,45-54,70.0,Loan originated
1,205000.0,37,545000.0,118.0,1,Not Hispanic or Latino,White,Female,>74,37.0,Loan originated
1,415000.0,46,595000.0,98.0,1,Not Hispanic or Latino,White,Female,25-34,69.49,Loan originated
1,715000.0,44,955000.0,227.0,1,Not Hispanic or Latino,Asian,Female,25-34,75.0,Loan originated
1,475000.0,42,595000.0,145.0,1,Not Hispanic or Latino,White,Male,35-44,80.0,Application denied
1,595000.0,49,655000.0,216.0,1,Not Hispanic or Latino,White,Female,25-34,90.0,Loan originated
1,265000.0,41,275000.0,68.0,1,Hispanic or Latino,White,Female,25-34,102.556,Loan originated
1,465000.0,40,675000.0,136.0,1,Not Hispanic or Latino,Asian,Male,25-34,69.988,Loan originated
1,165000.0,49,305000.0,42.0,1,Not Hispanic or Latino,White,Female,65-74,54.472,Loan originated
1,575000.0,>60%,735000.0,21.0,1,Not Hispanic or Latino,White,Female,45-54,79.041,Application denied
1,685000.0,45,715000.0,300.0,1,Not Hispanic or Latino,White,Female,55-64,97.0,Loan originated
1,365000.0,47,455000.0,72.0,1,Hispanic or Latino,White,Male,35-44,80.0,Loan originated
1,895000.0,40,1005000.0,258.0,1,Not Hispanic or Latino,White,Female,35-44,89.0,Loan originated
1,675000.0,50%-60%,895000.0,120.0,1,Hispanic or Latino,White,Male,45-54,75.843,Loan originated
1,545000.0,45,615000.0,121.0,1,Not Hispanic or Latino,White,Male,25-34,90.0,Loan originated
1,505000.0,44,565000.0,121.0,1,Not Hispanic or Latino,White,Female,25-34,90.0,Loan originated
1,1105000.0,45,1165000.0,327.0,1,Not Hispanic or Latino,White,Male,35-44,95.0,Loan originated
1,415000.0,45,455000.0,105.0,1,Hispanic or Latino,White,Male,25-34,90.0,Loan originated
1,625000.0,47,785000.0,125.0,1,Not Hispanic or Latino,Asian,Male,55-64,80.0,Loan originated
1,495000.0,46,485000.0,111.0,1,Hispanic or Latino,White,Male,35-44,102.0,Application denied
1,675000.0,39,745000.0,181.0,1,Not Hispanic or Latino,Asian,Female,35-44,90.0,Loan originated
1,805000.0,49,915000.0,382.0,1,Not Hispanic or Latino,Asian,Female,25-34,88.203,Loan originated
1,355000.0,30%-<36%,1155000.0,314.0,1,Not Hispanic or Latino,White,Male,45-54,31.0,Loan originated
1,385000.0,48,455000.0,80.0,1,Not Hispanic or Latino,White,Female,35-44,85.0,Loan originated
1,965000.0,30%-<36%,1205000.0,353.0,1,Not Hispanic or Latino,2 or more minority races,Male,45-54,80.0,Loan originated
1,465000.0,42,715000.0,146.0,1,Not Hispanic or Latino,White,Male,55-64,65.229,Loan originated
1,195000.0,47,205000.0,70.0,1,Not Hispanic or Latino,Black or African American,Male,35-44,95.0,Loan originated
1,625000.0,48,895000.0,137.0,1,Not Hispanic or Latino,Asian,Male,25-34,70.0,Application denied
1,245000.0,48,535000.0,73.0,1,Not Hispanic or Latino,White,Female,45-54,46.226,Loan originated
1,1015000.0,>60%,1265000.0,123.0,1,Not Hispanic or Latino,White,Male,35-44,80.0,Application denied
1,355000.0,30%-<36%,675000.0,150.0,1,Not Hispanic or Latino,Asian,Male,35-44,51.852,Loan originated
1,515000.0,36,575000.0,232.0,1,Not Hispanic or Latino,White,Male,>74,90.0,Loan originated
1,785000.0,48,995000.0,175.0,1,Not Hispanic or Latino,White,Male,<25,80.0,Loan originated
1,1125000.0,42,1505000.0,294.0,1,Not Hispanic or Latino,White,Male,55-64,75.0,Loan originated
1,495000.0,42,555000.0,108.0,1,Not Hispanic or Latino,White,Male,35-44,89.189,Loan originated
1,405000.0,48,505000.0,85.0,1,Not Hispanic or Latino,Asian,Female,25-34,80.0,Loan originated
1,395000.0,47,435000.0,75.0,1,Not Hispanic or Latino,Asian,Male,25-34,90.0,Loan originated
1,165000.0,30%-<36%,675000.0,95.0,1,Not Hispanic or Latino,White,Female,55-64,24.424,Loan originated
1,285000.0,39,405000.0,73.0,1,Not Hispanic or Latino,White,Female,<25,69.652,Loan originated
1,355000.0,45,375000.0,78.0,1,Hispanic or Latino,White,Female,55-64,95.0,Loan originated
1,555000.0,46,655000.0,130.0,1,Hispanic or Latino,White,Male,25-34,85.0,Loan originated
1,635000.0,47,655000.0,202.0,1,Not Hispanic or Latino,White,Female,55-64,97.0,Loan originated
1,1005000.0,50%-60%,2905000.0,241.0,1,Not Hispanic or Latino,White,Female,45-54,34.483,Loan originated
1,1085000.0,41,1355000.0,307.0,1,Not Hispanic or Latino,White,Female,55-64,80.0,Loan originated
1,485000.0,30%-<36%,605000.0,180.0,1,Not Hispanic or Latino,Asian,Female,35-44,80.0,Loan originated
1,1005000.0,49,1405000.0,200.0,1,Hispanic or Latino,White,Male,25-34,71.429,Application denied
1,555000.0,30%-<36%,755000.0,165.0,1,Not Hispanic or Latino,Asian,Male,35-44,73.333,Loan originated
1,235000.0,49,265000.0,196.0,1,Not Hispanic or Latino,White,Male,45-54,90.0,Loan originated
1,755000.0,44,1015000.0,346.0,1,Not Hispanic or Latino,White,Male,35-44,84.16,Loan originated
1,685000.0,38,1375000.0,469.0,1,Not Hispanic or Latino,Asian,Male,45-54,50.0,Loan originated
1,595000.0,42,625000.0,130.0,1,Not Hispanic or Latino,Asian,Female,25-34,95.0,Loan originated
1,515000.0,48,735000.0,140.0,1,Not Hispanic or Latino,White,Male,25-34,70.0,Loan originated
1,415000.0,40,515000.0,140.0,1,Not Hispanic or Latino,White,Male,35-44,80.0,Loan originated
1,615000.0,30%-<36%,775000.0,190.0,1,Not Hispanic or Latino,White,Male,25-34,79.99,Loan originated
1,305000.0,43,785000.0,118.0,1,Not Hispanic or Latino,Asian,Female,55-64,38.111,Loan originated
1,225000.0,47,405000.0,49.0,1,Not Hispanic or Latino,White,Male,65-74,56.25,Loan originated
1,175000.0,37,335000.0,51.0,1,Hispanic or Latino,White,Male,25-34,52.24,Loan originated
1,585000.0,48,645000.0,129.0,1,Hispanic or Latino,White,Male,45-54,90.0,Loan originated
1,175000.0,43,585000.0,68.0,1,Hispanic or Latino,White,Male,<25,31.0,Loan originated
1,355000.0,50%-60%,565000.0,68.0,1,Not Hispanic or Latino,Asian,Male,55-64,62.858,Loan originated
1,765000.0,37,855000.0,240.0,1,Not Hispanic or Latino,White,Female,35-44,91.0,Loan originated
1,385000.0,46,435000.0,155.0,1,Not Hispanic or Latino,Asian,Male,55-64,90.0,Loan originated
1,135000.0,49,235000.0,30.0,1,Not Hispanic or Latino,White,Female,65-74,58.696,Loan originated
1,1155000.0,41,2155000.0,365.0,1,Not Hispanic or Latino,White,Male,>74,53.489,Loan originated
1,835000.0,42,925000.0,222.0,1,Hispanic or Latino,White,Female,35-44,90.0,Loan originated
1,385000.0,37,545000.0,109.0,1,Not Hispanic or Latino,White,Female,65-74,70.559,Loan originated
1,665000.0,39,785000.0,182.0,1,Not Hispanic or Latino,Asian,Male,35-44,85.0,Loan originated
1,675000.0,>60%,855000.0,120.0,1,Not Hispanic or Latino,White,Female,35-44,78.817,Loan originated
1,425000.0,49,735000.0,92.0,1,Hispanic or Latino,White,Female,35-44,57.53,Loan originated
1,355000.0,43,455000.0,109.0,1,Not Hispanic or Latino,White,Male,35-44,78.022,Loan originated
1,955000.0,30%-<36%,1455000.0,301.0,1,Not Hispanic or Latino,Asian,Female,25-34,65.517,Loan originated
1,465000.0,45,575000.0,90.0,1,Not Hispanic or Latino,White,Female,45-54,80.0,Loan originated
1,195000.0,20%-<30%,205000.0,125.0,1,Not Hispanic or Latino,White,Male,45-54,95.0,Loan originated
1,905000.0,42,1305000.0,235.0,1,Not Hispanic or Latino,Asian,Male,35-44,70.0,Loan originated
1,875000.0,50%-60%,1095000.0,189.0,1,Not Hispanic or Latino,Asian,Female,35-44,81.0,Application denied
1,915000.0,49,955000.0,339.0,1,Not Hispanic or Latino,Asian,Male,35-44,95.0,Loan originated
1,275000.0,30%-<36%,345000.0,78.0,1,Not Hispanic or Latino,White,Female,45-54,80.0,Loan originated
1,705000.0,44,955000.0,157.0,1,Not Hispanic or Latino,Asian,Male,25-34,73.684,Loan originated
1,715000.0,48,895000.0,164.0,1,Hispanic or Latino,White,Male,45-54,80.0,Loan originated
1,505000.0,37,625000.0,200.0,1,Not Hispanic or Latino,White,Female,35-44,80.0,Loan originated
1,405000.0,20%-<30%,505000.0,141.0,1,Not Hispanic or Latino,Asian,Female,55-64,80.0,Loan originated
1,385000.0,41,425000.0,182.0,1,Not Hispanic or Latino,Asian,Female,35-44,90.0,Loan originated
1,95000.0,44,495000.0,49.0,1,Hispanic or Latino,White,Female,35-44,20.0,Loan originated
1,565000.0,49,665000.0,121.0,1,Not Hispanic or Latino,Asian,Female,35-44,85.0,Loan originated
1,625000.0,43,1275000.0,182.0,1,Not Hispanic or Latino,White,Female,35-44,49.02,Loan originated
1,655000.0,40,725000.0,150.0,1,Not Hispanic or Latino,Asian,Male,25-34,90.0,Loan originated
1,1045000.0,45,1305000.0,245.0,1,Not Hispanic or Latino,Asian,Male,35-44,80.0,Loan originated
1,305000.0,46,315000.0,68.0,1,Hispanic or Latino,White,Male,25-34,97.0,Loan originated
1,335000.0,45,585000.0,174.0,1,Not Hispanic or Latino,White,Male,<25,57.542,Loan originated
1,325000.0,44,355000.0,72.0,1,Not Hispanic or Latino,White,Male,<25,92.857,Loan originated
1,355000.0,49,365000.0,74.0,1,Not Hispanic or Latino,White,Male,55-64,97.0,Loan originated
1,1005000.0,45,1155000.0,306.0,1,Not Hispanic or Latino,2 or more minority races,Male,25-34,88.0,Loan originated
1,1435000.0,46,1515000.0,363.0,1,Not Hispanic or Latino,Black or African American,Male,25-34,95.0,Loan originated
1,275000.0,42,295000.0,108.0,1,Not Hispanic or Latino,White,Male,35-44,95.0,Loan originated
1,245000.0,49,255000.0,60.0,1,Hispanic or Latino,White,Male,35-44,95.0,Loan originated
1,745000.0,43,925000.0,209.0,1,Not Hispanic or Latino,White,Male,<25,80.0,Application denied
1,355000.0,50%-60%,455000.0,80.0,1,Hispanic or Latino,White,Female,25-34,77.778,Loan originated
1,425000.0,47,545000.0,127.0,1,Not Hispanic or Latino,Black or African American,Male,65-74,77.064,Loan originated
1,605000.0,48,715000.0,152.0,1,Hispanic or Latino,White,Male,35-44,85.0,Loan originated
1,25000.0,20%-<30%,775000.0,190.0,1,Hispanic or Latino,White,Female,45-54,100.0,Application denied
1,365000.0,50%-60%,455000.0,70.0,1,Not Hispanic or Latino,White,Female,25-34,79.121,Loan originated
1,865000.0,42,1565000.0,234.0,1,Not Hispanic or Latino,Asian,Male,25-34,55.13,Loan originated
1,665000.0,50%-60%,715000.0,163.0,1,Not Hispanic or Latino,White,Female,35-44,92.998,Loan originated
1,475000.0,<20%,855000.0,309.0,1,Not Hispanic or Latino,White,Female,65-74,56.0,Loan originated
1,655000.0,40,1705000.0,205.0,1,Hispanic or Latino,White,Female,35-44,38.235,Loan originated
1,735000.0,>60%,935000.0,149.0,1,Not Hispanic or Latino,Asian,Male,35-44,76.375,Application denied
1,265000.0,20%-<30%,535000.0,185.0,1,Not Hispanic or Latino,White,Male,65-74,49.057,Loan originated
1,355000.0,41,515000.0,124.0,1,Not Hispanic or Latino,White,Female,55-64,69.444,Loan originated
1,365000.0,40,515000.0,108.0,1,Not Hispanic or Latino,White,Female,45-54,71.153,Loan originated
1,75000.0,20%-<30%,95000.0,59.0,1,Hispanic or Latino,White,Male,65-74,77.36,Application denied
1,265000.0,44,295000.0,95.0,1,Hispanic or Latino,White,Male,35-44,90.0,Loan originated
1,365000.0,42,385000.0,93.0,1,Not Hispanic or Latino,White,Female,25-34,95.0,Loan originated
1,585000.0,49,775000.0,252.0,1,Not Hispanic or Latino,Asian,Female,55-64,75.0,Loan originated
1,495000.0,45,985000.0,120.0,1,Not Hispanic or Latino,White,Female,45-54,100.607,Loan originated
1,895000.0,44,1255000.0,273.0,1,Not Hispanic or Latino,Asian,Female,35-44,71.92,Loan originated
1,365000.0,49,435000.0,79.0,1,Hispanic or Latino,White,Female,45-54,100.0,Loan originated
1,185000.0,46,255000.0,47.0,1,Not Hispanic or Latino,Asian,Female,35-44,75.0,Loan originated
1,445000.0,44,815000.0,121.0,1,Not Hispanic or Latino,White,Female,55-64,53.988,Loan originated
1,665000.0,42,835000.0,187.0,1,Hispanic or Latino,White,Male,35-44,80.0,Application denied
1,215000.0,41,225000.0,95.0,1,Hispanic or Latino,White,Female,25-34,95.0,Loan originated
1,315000.0,38,395000.0,81.0,1,Not Hispanic or Latino,White,Male,25-34,80.0,Loan originated
1,765000.0,45,815000.0,250.0,1,Not Hispanic or Latino,Black or African American,Male,35-44,94.0,Loan originated
1,435000.0,36,585000.0,176.0,1,Hispanic or Latino,White,Female,25-34,75.0,Loan originated
1,925000.0,49,1155000.0,279.0,1,Not Hispanic or Latino,White,Male,55-64,80.0,Loan originated
1,385000.0,46,1555000.0,134.0,1,Not Hispanic or Latino,White,Male,35-44,25.0,Loan originated
1,845000.0,36,1055000.0,385.0,1,Not Hispanic or Latino,White,Female,35-44,80.0,Loan originated
1,445000.0,30%-<36%,505000.0,189.0,1,Not Hispanic or Latino,White,Female,35-44,90.0,Loan originated
1,765000.0,40,845000.0,178.0,1,Hispanic or Latino,White,Female,25-34,91.256,Loan originated
1,345000.0,45,365000.0,104.0,1,Not Hispanic or Latino,Asian,Male,45-54,95.0,Loan originated
1,575000.0,36,765000.0,176.0,1,Not Hispanic or Latino,Asian,Male,25-34,75.0,Loan originated
1,625000.0,38,775000.0,152.0,1,Not Hispanic or Latino,White,Male,45-54,80.0,Loan originated
1,635000.0,49,675000.0,139.0,1,Not Hispanic or Latino,Asian,Female,35-44,95.0,Loan originated
1,435000.0,20%-<30%,575000.0,146.0,1,Not Hispanic or Latino,White,Female,25-34,75.0,Loan originated
1,385000.0,38,565000.0,111.0,1,Not Hispanic or Latino,White,Female,35-44,67.86,Loan originated
1,705000.0,49,1575000.0,210.0,1,Not Hispanic or Latino,White,Female,35-44,44.444,Loan originated
1,555000.0,30%-<36%,695000.0,550.0,1,Hispanic or Latino,White,Male,55-64,80.0,Loan originated
1,445000.0,20%-<30%,495000.0,155.0,1,Not Hispanic or Latino,White,Male,<25,89.8,Loan originated
1,395000.0,49,545000.0,85.0,1,Not Hispanic or Latino,Black or African American,Female,45-54,71.22,Loan originated
1,105000.0,30%-<36%,125000.0,121.0,1,Not Hispanic or Latino,Native Hawaiian or Other Pacific Islander,Male,45-54,85.0,Application denied
1,575000.0,30%-<36%,815000.0,265.0,1,Not Hispanic or Latino,White,Male,65-74,70.0,Loan originated
1,595000.0,37,625000.0,180.0,1,Not Hispanic or Latino,Asian,Female,35-44,95.0,Application denied
1,305000.0,38,565000.0,111.0,1,Not Hispanic or Latino,Asian,Male,45-54,53.305,Loan originated
1,255000.0,47,265000.0,77.0,1,Not Hispanic or Latino,Black or African American,Male,35-44,95.0,Loan originated
1,665000.0,44,695000.0,149.0,1,Hispanic or Latino,White,Female,35-44,95.0,Loan originated
1,275000.0,30%-<36%,775000.0,92.0,1,Not Hispanic or Latino,White,Female,55-64,35.65,Loan originated
1,575000.0,40,715000.0,158.0,1,Hispanic or Latino,White,Male,25-34,80.0,Application denied
1,305000.0,45,405000.0,69.0,1,Not Hispanic or Latino,White,Female,55-64,75.0,Loan originated
1,765000.0,41,2555000.0,286.0,1,Not Hispanic or Latino,White,Male,55-64,30.06,Loan originated
1,525000.0,30%-<36%,945000.0,173.0,1,Not Hispanic or Latino,Asian,Female,35-44,56.52,Loan originated
1,545000.0,38,605000.0,280.0,1,Not Hispanic or Latino,White,Male,65-74,90.0,Loan originated
1,605000.0,49,675000.0,133.0,1,Not Hispanic or Latino,Asian,Male,25-34,90.0,Loan originated
1,665000.0,49,735000.0,137.0,1,Not Hispanic or Latino,Asian,Male,35-44,90.0,Application denied
1,805000.0,30%-<36%,1005000.0,379.0,1,Not Hispanic or Latino,Asian,Male,55-64,80.0,Loan originated
1,425000.0,48,445000.0,182.0,1,Hispanic or Latino,White,Male,45-54,95.0,Loan originated
1,55000.0,30%-<36%,65000.0,62.0,1,Not Hispanic or Latino,Black or African American,Female,45-54,95.0,Loan originated
1,655000.0,44,955000.0,175.0,1,Not Hispanic or Latino,White,Female,45-54,68.42,Loan originated
1,305000.0,37,1945000.0,147.0,1,Not Hispanic or Latino,Asian,Male,35-44,15.424,Loan originated
1,85000.0,20%-<30%,85000.0,75.0,1,Not Hispanic or Latino,Asian,Male,45-54,95.0,Loan originated
1,465000.0,49,665000.0,125.0,1,Not Hispanic or Latino,Asian,Male,45-54,70.0,Loan originated
1,765000.0,30%-<36%,865000.0,231.0,1,Not Hispanic or Latino,Black or African American,Male,35-44,89.128,Loan originated
1,425000.0,30%-<36%,525000.0,137.0,1,Hispanic or Latino,White,Male,25-34,80.0,Loan originated
1,595000.0,49,995000.0,133.0,1,Not Hispanic or Latino,Asian,Female,45-54,59.875,Loan originated
1,515000.0,37,535000.0,157.0,1,Not Hispanic or Latino,Asian,Male,35-44,97.0,Loan originated
1,525000.0,49,2555000.0,164.0,1,Not Hispanic or Latino,Asian,Male,35-44,21.0,Loan originated
1,275000.0,30%-<36%,485000.0,88.0,1,Hispanic or Latino,White,Female,35-44,58.198,Loan originated
1,1105000.0,30%-<36%,1705000.0,305.0,1,Hispanic or Latino,White,Female,35-44,65.0,Loan originated
1,435000.0,47,465000.0,364.0,1,Not Hispanic or Latino,White,Male,<25,95.0,Loan originated
1,715000.0,20%-<30%,755000.0,228.0,1,Not Hispanic or Latino,Asian,Male,35-44,95.0,Loan originated
1,455000.0,42,485000.0,99.0,1,Hispanic or Latino,White,Male,25-34,93.141,Loan originated
1,715000.0,46,895000.0,176.0,1,Not Hispanic or Latino,Native Hawaiian or Other Pacific Islander,Male,35-44,80.0,Loan originated
1,745000.0,<20%,995000.0,783.0,1,Not Hispanic or Latino,White,Male,65-74,75.0,Loan originated
1,765000.0,42,955000.0,325.0,1,Hispanic or Latino,White,Male,35-44,80.0,Loan originated
1,685000.0,44,855000.0,226.0,1,Not Hispanic or Latino,White,Male,45-54,80.0,Loan originated
1,265000.0,30%-<36%,295000.0,89.0,1,Not Hispanic or Latino,Black or African American,Female,45-54,90.0,Application denied
1,415000.0,43,435000.0,103.0,1,Hispanic or Latino,White,Male,25-34,97.0,Loan originated
1,765000.0,45,1295000.0,185.0,1,Not Hispanic or Latino,Asian,Male,25-34,58.95,Loan originated
1,275000.0,49,575000.0,81.0,1,Not Hispanic or Latino,Asian,Female,>74,47.368,Loan originated
1,275000.0,20%-<30%,635000.0,168.0,1,Not Hispanic or Latino,Asian,Male,35-44,44.15,Loan originated
1,795000.0,41,835000.0,120.0,1,Hispanic or Latino,White,Male,65-74,95.0,Loan originated
1,215000.0,20%-<30%,225000.0,103.0,1,Not Hispanic or Latino,White,Male,45-54,95.0,Loan originated
1,965000.0,37,1205000.0,278.0,1,Not Hispanic or Latino,Native Hawaiian or Other Pacific Islander,Female,45-54,80.0,Loan originated
1,165000.0,40,195000.0,99.0,1,Not Hispanic or Latino,Asian,Female,25-34,95.0,Application denied
1,265000.0,30%-<36%,285000.0,100.0,1,Not Hispanic or Latino,White,Male,25-34,95.0,Loan originated
1,475000.0,49,835000.0,103.0,1,Hispanic or Latino,White,Female,45-54,56.524,Loan originated
1,115000.0,40,595000.0,51.0,1,Not Hispanic or Latino,Asian,Female,65-74,18.613,Loan originated
1,685000.0,48,735000.0,141.0,1,Not Hispanic or Latino,White,Female,35-44,93.493,Loan originated
1,625000.0,20%-<30%,775000.0,264.0,1,Not Hispanic or Latino,White,Male,45-54,80.0,Loan originated
1,325000.0,48,395000.0,58.0,1,Hispanic or Latino,White,Male,25-34,84.0,Loan originated
1,685000.0,42,755000.0,228.0,1,Not Hispanic or Latino,White,Female,35-44,90.0,Application denied
1,455000.0,38,485000.0,115.0,1,Not Hispanic or Latino,White,Female,25-34,95.0,Loan originated
1,405000.0,42,435000.0,117.0,1,Hispanic or Latino,White,Male,45-54,95.0,Loan originated
1,505000.0,41,805000.0,120.0,1,Not Hispanic or Latino,White,Male,25-34,62.594,Loan originated
1,755000.0,48,945000.0,187.0,1,Not Hispanic or Latino,Black or African American,Female,45-54,95.873,Loan originated
1,405000.0,49,675000.0,95.0,1,Not Hispanic or Latino,Asian,Male,55-64,59.9,Loan originated
1,695000.0,49,865000.0,157.0,1,Not Hispanic or Latino,Black or African American,Female,55-64,80.0,Loan originated
1,305000.0,<20%,855000.0,189.0,1,Not Hispanic or Latino,White,Male,55-64,35.294,Loan originated
1,675000.0,30%-<36%,845000.0,190.0,1,Not Hispanic or Latino,Asian,Female,35-44,80.0,Loan originated
1,585000.0,40,655000.0,170.0,1,Hispanic or Latino,White,Female,35-44,90.0,Loan originated
1,385000.0,42,475000.0,224.0,1,Not Hispanic or Latino,White,Female,35-44,80.0,Loan originated
1,335000.0,43,435000.0,90.0,1,Not Hispanic or Latino,Asian,Female,35-44,79.0,Loan originated
1,605000.0,41,755000.0,152.0,1,Not Hispanic or Latino,White,Female,55-64,80.0,Loan originated
1,615000.0,43,775000.0,318.0,1,Not Hispanic or Latino,White,Male,35-44,80.0,Application denied
1,765000.0,42,805000.0,223.0,1,Hispanic or Latino,White,Male,25-34,95.0,Loan originated
1,125000.0,41,145000.0,91.0,1,Not Hispanic or Latino,White,Male,55-64,82.76,Loan originated
1,405000.0,48,845000.0,124.0,1,Not Hispanic or Latino,White,Female,25-34,47.506,Loan originated
1,955000.0,49,1065000.0,181.0,1,Hispanic or Latino,White,Female,25-34,89.812,Loan originated
1,325000.0,38,345000.0,137.0,1,Not Hispanic or Latino,White,Male,35-44,95.0,Loan originated
1,1065000.0,47,1445000.0,273.0,1,Not Hispanic or Latino,Asian,Male,35-44,73.509,Loan originated
1,615000.0,48,675000.0,263.0,1,Not Hispanic or Latino,White,Male,25-34,92.239,Loan originated
1,385000.0,48,405000.0,140.0,1,Not Hispanic or Latino,American Indian or Alaska Native,Female,35-44,95.0,Loan originated
1,755000.0,47,1415000.0,152.0,1,Not Hispanic or Latino,Asian,Male,45-54,53.191,Loan originated
1,105000.0,49,465000.0,40.0,1,Not Hispanic or Latino,White,Male,65-74,22.814,Loan originated
1,415000.0,44,605000.0,95.0,1,Not Hispanic or Latino,White,Male,25-34,102.58,Loan originated
1,395000.0,44,415000.0,127.0,1,Not Hispanic or Latino,White,Male,45-54,95.0,Loan originated
1,305000.0,49,805000.0,77.0,1,Not Hispanic or Latino,Asian,Male,25-34,37.887,Loan originated
1,695000.0,30%-<36%,815000.0,408.0,1,Not Hispanic or Latino,Asian,Female,35-44,85.0,Loan originated
1,845000.0,30%-<36%,1205000.0,266.0,1,Not Hispanic or Latino,White,Male,35-44,70.0,Loan originated
1,975000.0,41,1775000.0,265.0,1,Not Hispanic or Latino,White,Male,45-54,54.93,Loan originated
1,345000.0,39,435000.0,97.0,1,Not Hispanic or Latino,White,Male,25-34,80.0,Loan originated
1,825000.0,49,1025000.0,213.0,1,Not Hispanic or Latino,Asian,Male,45-54,80.0,Loan originated
1,185000.0,50%-60%,235000.0,52.0,1,Hispanic or Latino,White,Male,55-64,80.0,Application denied
1,205000.0,43,275000.0,54.0,1,Not Hispanic or Latino,White,Male,25-34,75.0,Loan originated
1,565000.0,49,755000.0,142.0,1,Hispanic or Latino,White,Male,45-54,75.0,Loan originated
1,585000.0,40,625000.0,133.0,1,Not Hispanic or Latino,White,Male,35-44,95.0,Loan originated
1,485000.0,42,695000.0,229.0,1,Not Hispanic or Latino,Asian,Male,35-44,70.0,Loan originated
1,975000.0,49,1085000.0,207.0,1,Not Hispanic or Latino,Asian,Male,25-34,90.0,Loan originated
1,385000.0,43,455000.0,105.0,1,Not Hispanic or Latino,White,Male,35-44,85.0,Loan originated
1,315000.0,42,335000.0,95.0,1,Not Hispanic or Latino,White,Male,35-44,95.0,Loan originated
1,265000.0,48,335000.0,193.0,1,Not Hispanic or Latino,Asian,Male,25-34,80.0,Loan originated
1,675000.0,46,705000.0,157.0,1,Not Hispanic or Latino,White,Female,45-54,97.0,Loan originated
1,415000.0,48,515000.0,107.0,1,Hispanic or Latino,White,Male,45-54,80.0,Application denied
1,855000.0,38,1105000.0,212.0,1,Not Hispanic or Latino,Asian,Male,25-34,77.273,Loan originated
1,925000.0,30%-<36%,1155000.0,292.0,1,Not Hispanic or Latino,White,Female,25-34,80.0,Loan originated
1,505000.0,36,565000.0,201.0,1,Hispanic or Latino,White,Male,45-54,90.0,Loan originated
1,825000.0,<20%,1105000.0,1385.0,1,Not Hispanic or Latino,Asian,Male,55-64,75.0,Application denied
1,465000.0,37,615000.0,185.0,1,Not Hispanic or Latino,White,Female,35-44,75.0,Loan originated
1,1035000.0,42,1295000.0,231.0,1,Hispanic or Latino,White,Male,45-54,80.0,Loan originated
1,405000.0,46,515000.0,86.0,1,Not Hispanic or Latino,White,Male,25-34,80.0,Loan originated
1,435000.0,44,845000.0,136.0,1,Not Hispanic or Latino,White,Female,45-54,52.1,Loan originated
1,635000.0,30%-<36%,655000.0,188.0,1,Not Hispanic or Latino,White,Male,25-34,97.0,Loan originated
1,685000.0,36,725000.0,178.0,1,Hispanic or Latino,White,Female,55-64,95.0,Loan originated
1,125000.0,20%-<30%,135000.0,83.0,1,Hispanic or Latino,White,Male,25-34,95.0,Loan originated
1,785000.0,47,1705000.0,228.0,1,Not Hispanic or Latino,White,Female,35-44,45.882,Loan originated
1,605000.0,48,1335000.0,150.0,1,Hispanic or Latino,White,Female,35-44,45.113,Loan originated
1,695000.0,30%-<36%,875000.0,311.0,1,Not Hispanic or Latino,Asian,Male,25-34,80.0,Loan originated
1,745000.0,30%-<36%,925000.0,362.0,1,Not Hispanic or Latino,Black or African American,Female,25-34,80.0,Loan originated
1,705000.0,44,795000.0,158.0,1,Not Hispanic or Latino,White,Male,35-44,88.608,Application denied
1,445000.0,49,575000.0,89.0,1,Not Hispanic or Latino,Asian,Female,<25,76.522,Loan originated
1,765000.0,<20%,835000.0,494.0,1,Not Hispanic or Latino,Asian,Male,55-64,92.0,Loan originated
1,365000.0,43,965000.0,177.0,1,Not Hispanic or Latino,White,Female,25-34,73.958,Loan originated
1,375000.0,49,525000.0,78.0,1,Not Hispanic or Latino,Asian,Male,65-74,72.0,Loan originated
1,355000.0,50%-60%,435000.0,67.0,1,Hispanic or Latino,White,Male,25-34,80.183,Application denied
1,575000.0,49,715000.0,117.0,1,Hispanic or Latino,White,Male,25-34,80.0,Loan originated
1,665000.0,20%-<30%,735000.0,303.0,1,Hispanic or Latino,White,Male,65-74,89.989,Loan originated
1,685000.0,44,805000.0,216.0,1,Not Hispanic or Latino,Asian,Female,35-44,85.0,Loan originated
1,155000.0,40,445000.0,57.0,1,Not Hispanic or Latino,White,Female,65-74,34.091,Loan originated
1,355000.0,44,445000.0,80.0,1,Not Hispanic or Latino,White,Female,45-54,80.0,Loan originated
1,325000.0,43,405000.0,82.0,1,Hispanic or Latino,White,Female,25-34,80.0,Loan originated
1,295000.0,45,435000.0,110.0,1,Hispanic or Latino,White,Male,25-34,66.667,Application denied
1,305000.0,<20%,655000.0,250.0,1,Not Hispanic or Latino,Asian,Female,25-34,46.154,Application denied
1,765000.0,49,1175000.0,199.0,1,Not Hispanic or Latino,White,Female,35-44,65.191,Loan originated
1,655000.0,30%-<36%,875000.0,196.0,1,Not Hispanic or Latino,White,Female,45-54,75.0,Loan originated
1,245000.0,46,495000.0,194.0,1,Not Hispanic or Latino,Asian,Female,45-54,50.0,Loan originated
1,495000.0,45,525000.0,248.0,1,Not Hispanic or Latino,Asian,Female,25-34,95.0,Loan originated
1,435000.0,39,965000.0,135.0,1,Hispanic or Latino,White,Male,55-64,46.237,Loan originated
1,435000.0,49,545000.0,111.0,1,Hispanic or Latino,White,Female,25-34,80.0,Loan originated
1,575000.0,20%-<30%,725000.0,243.0,1,Not Hispanic or Latino,Asian,Male,25-34,80.0,Loan originated
1,435000.0,20%-<30%,545000.0,193.0,1,Not Hispanic or Latino,Black or African American,Male,25-34,80.0,Loan originated
1,325000.0,20%-<30%,505000.0,228.0,1,Not Hispanic or Latino,White,Male,45-54,65.0,Loan originated
1,665000.0,43,985000.0,169.0,1,Not Hispanic or Latino,White,Male,35-44,67.857,Loan originated
1,925000.0,30%-<36%,1155000.0,308.0,1,Not Hispanic or Latino,Asian,Male,25-34,80.0,Loan originated
1,455000.0,42,655000.0,145.0,1,Not Hispanic or Latino,Asian,Female,45-54,73.984,Loan originated
1,615000.0,43,825000.0,251.0,1,Hispanic or Latino,White,Male,65-74,75.0,Loan originated
1,355000.0,41,625000.0,101.0,1,Not Hispanic or Latino,Asian,Female,45-54,56.8,Loan originated
1,465000.0,38,1515000.0,150.0,1,Not Hispanic or Latino,Asian,Female,25-34,30.46,Application denied
1,355000.0,48,445000.0,70.0,1,Not Hispanic or Latino,Asian,Female,45-54,80.0,Loan originated
1,765000.0,48,805000.0,174.0,1,Not Hispanic or Latino,Asian,Female,35-44,95.0,Loan originated
1,875000.0,49,1465000.0,237.0,1,Not Hispanic or Latino,White,Female,25-34,60.274,Loan originated
1,495000.0,>60%,555000.0,84.0,1,Hispanic or Latino,Native Hawaiian or Other Pacific Islander,Male,35-44,90.0,Application denied
1,1105000.0,36,1305000.0,813.0,1,Not Hispanic or Latino,Asian,Female,25-34,85.0,Loan originated
1,735000.0,49,985000.0,150.0,1,Not Hispanic or Latino,Asian,Male,25-34,75.0,Loan originated
1,635000.0,45,615000.0,287.0,1,Hispanic or Latino,White,Female,35-44,104.77,Application denied
1,235000.0,49,585000.0,75.0,1,Not Hispanic or Latino,White,Male,25-34,40.06,Loan originated
1,765000.0,43,975000.0,266.0,1,Hispanic or Latino,White,Male,35-44,78.62,Loan originated
1,555000.0,46,585000.0,164.0,1,Not Hispanic or Latino,Black or African American,Female,45-54,99.9,Loan originated
1,405000.0,49,425000.0,156.0,1,Not Hispanic or Latino,White,Female,65-74,95.0,Loan originated
1,865000.0,39,965000.0,302.0,1,Not Hispanic or Latino,White,Female,45-54,89.99,Loan originated
1,705000.0,>60%,885000.0,123.0,1,Not Hispanic or Latino,White,Male,35-44,80.0,Application denied
1,885000.0,30%-<36%,1115000.0,699.0,1,Hispanic or Latino,White,Male,45-54,80.0,Loan originated
1,345000.0,38,425000.0,188.0,1,Hispanic or Latino,White,Male,25-34,80.0,Application denied
1,655000.0,49,875000.0,242.0,1,Not Hispanic or Latino,Asian,Female,45-54,75.0,Loan originated
1,335000.0,47,395000.0,87.0,1,Not Hispanic or Latino,White,Male,25-34,85.0,Loan originated
1,425000.0,49,525000.0,84.0,1,Not Hispanic or Latino,Native Hawaiian or Other Pacific Islander,Female,55-64,100.0,Loan originated
1,735000.0,39,925000.0,205.0,1,Not Hispanic or Latino,White,Male,35-44,80.0,Loan originated
1,445000.0,37,895000.0,239.0,1,Not Hispanic or Latino,Asian,Female,45-54,50.0,Loan originated
1,315000.0,20%-<30%,415000.0,303.0,1,Hispanic or Latino,White,Male,55-64,75.0,Loan originated
1,185000.0,45,535000.0,58.0,1,Not Hispanic or Latino,White,Female,>74,33.962,Loan originated
1,385000.0,39,965000.0,145.0,1,Not Hispanic or Latino,White,Female,45-54,40.0,Loan originated
1,345000.0,40,675000.0,97.0,1,Not Hispanic or Latino,Black or African American,Female,35-44,54.525,Loan originated
1,375000.0,20%-<30%,505000.0,291.0,1,Not Hispanic or Latino,White,Female,55-64,75.0,Loan originated
1,525000.0,45,555000.0,113.0,1,Not Hispanic or Latino,White,Female,25-34,95.0,Loan originated
1,755000.0,30%-<36%,795000.0,426.0,1,Not Hispanic or Latino,White,Male,45-54,95.0,Loan originated
