loan_purpose,loan_amount,debt_to_income_ratio,property_value,income,occupancy_type,derived_ethnicity,derived_race,derived_sex,applicant_age,loan_to_value_ratio,action_taken
1,355000.0,30%-<36%,435000.0,143.0,1,Not Hispanic or Latino,White,Male,45-54,84.244,Loan originated
1,435000.0,47,565000.0,141.0,1,Hispanic or Latino,White,Male,35-44,77.679,Loan originated
1,295000.0,46,315000.0,71.0,1,Not Hispanic or Latino,White,Male,25-34,95.0,Loan originated
1,485000.0,46,605000.0,105.0,1,Not Hispanic or Latino,Asian,Female,35-44,80.0,Loan originated
1,305000.0,20%-<30%,885000.0,221.0,1,Hispanic or Latino,White,Male,55-64,34.2,Loan originated
1,625000.0,48,925000.0,134.0,1,Not Hispanic or Latino,Asian,Male,45-54,68.0,Loan originated
1,345000.0,49,425000.0,69.0,1,Not Hispanic or Latino,Black or African American,Female,35-44,80.0,Loan originated
1,435000.0,48,535000.0,150.0,1,Not Hispanic or Latino,White,Female,55-64,80.0,Application denied
1,755000.0,39,2655000.0,537.0,1,Not Hispanic or Latino,White,Female,65-74,28.302,Loan originated
1,475000.0,44,595000.0,115.0,1,Not Hispanic or Latino,White,Female,25-34,80.0,Loan originated
1,675000.0,49,845000.0,134.0,1,Hispanic or Latino,Asian,Male,35-44,80.0,Loan originated
1,555000.0,45,1075000.0,267.0,1,Not Hispanic or Latino,White,Male,55-64,51.402,Loan originated
1,635000.0,47,795000.0,174.0,1,Hispanic or Latino,White,Male,35-44,80.0,Loan originated
1,335000.0,49,345000.0,204.0,1,Hispanic or Latino,White,Male,25-34,95.0,Loan originated
1,755000.0,45,935000.0,185.0,1,Not Hispanic or Latino,Asian,Male,25-34,80.0,Loan originated
1,325000.0,49,625000.0,83.0,1,Not Hispanic or Latino,White,Female,>74,51.61,Loan originated
1,605000.0,20%-<30%,765000.0,261.0,1,Hispanic or Latino,White,Male,45-54,80.0,Loan originated
1,365000.0,44,485000.0,90.0,1,Not Hispanic or Latino,Asian,Male,25-34,95.0,Loan originated
1,325000.0,49,465000.0,83.0,1,Not Hispanic or Latino,White,Male,25-34,70.0,Loan originated
1,945000.0,50%-60%,1465000.0,187.0,1,Not Hispanic or Latino,White,Female,25-34,65.0,Loan originated
1,415000.0,20%-<30%,965000.0,218.0,1,Hispanic or Latino,White,Female,45-54,42.488,Loan originated
1,405000.0,45,505000.0,133.0,1,Hispanic or Latino,White,Female,55-64,80.0,Loan originated
1,765000.0,30%-<36%,1205000.0,237.0,1,Not Hispanic or Latino,Asian,Male,45-54,63.75,Loan originated
1,275000.0,44,325000.0,70.0,1,Hispanic or Latino,White,Male,45-54,88.817,Loan originated
1,485000.0,49,575000.0,105.0,1,Hispanic or Latino,White,Male,35-44,85.0,Loan originated
1,645000.0,47,805000.0,155.0,1,Not Hispanic or Latino,Asian,Female,45-54,79.999,Loan originated
1,245000.0,40,645000.0,141.0,1,Not Hispanic or Latino,White,Male,55-64,38.367,Loan originated
1,355000.0,48,785000.0,88.0,1,Not Hispanic or Latino,White,Male,65-74,45.223,Loan originated
1,215000.0,30%-<36%,265000.0,85.0,1,Hispanic or Latino,White,Female,55-64,80.0,Loan originated
1,565000.0,30%-<36%,865000.0,160.0,1,Not Hispanic or Latino,White,Male,25-34,65.116,Loan originated
1,645000.0,20%-<30%,765000.0,279.0,1,Not Hispanic or Latino,White,Male,35-44,85.027,Loan originated
1,1005000.0,38,1525000.0,289.0,1,Not Hispanic or Latino,Asian,Female,25-34,65.37,Loan originated
1,565000.0,46,715000.0,260.0,1,Not Hispanic or Latino,Asian,Female,45-54,80.0,Loan originated
1,765000.0,<20%,955000.0,732.0,1,Hispanic or Latino,White,Male,35-44,80.0,Loan originated
1,585000.0,40,615000.0,176.0,1,Hispanic or Latino,White,Male,25-34,94.999,Loan originated
1,425000.0,44,1255000.0,150.0,1,Not Hispanic or Latino,White,Female,55-64,33.87,Loan originated
1,285000.0,46,665000.0,134.0,1,Not Hispanic or Latino,White,Female,45-54,43.12,Loan originated
1,505000.0,40,635000.0,174.0,1,Not Hispanic or Latino,Asian,Female,55-64,80.0,Loan originated
1,405000.0,48,505000.0,99.0,1,Not Hispanic or Latino,Asian,Male,35-44,80.0,Loan originated
1,475000.0,46,755000.0,127.0,1,Not Hispanic or Latino,Asian,Male,35-44,62.25,Loan originated
1,765000.0,44,955000.0,200.0,1,Not Hispanic or Latino,Asian,Male,35-44,80.0,Loan originated
1,905000.0,38,1135000.0,227.0,1,Not Hispanic or Latino,Asian,Male,35-44,80.0,Loan originated
1,705000.0,44,1205000.0,162.0,1,Not Hispanic or Latino,Asian,Female,65-74,58.333,Loan originated
1,235000.0,41,535000.0,168.0,1,Not Hispanic or Latino,White,Female,55-64,43.609,Loan originated
1,635000.0,49,855000.0,261.0,1,Hispanic or Latino,White,Female,25-34,75.0,Loan originated
1,1085000.0,49,1505000.0,212.0,1,Not Hispanic or Latino,White,Male,35-44,72.0,Loan originated
1,165000.0,40,495000.0,255.0,1,Not Hispanic or Latino,Asian,Male,<25,33.0,Loan originated
1,365000.0,45,455000.0,101.0,1,Not Hispanic or Latino,White,Male,25-34,80.0,Loan originated
1,1045000.0,30%-<36%,1305000.0,242.0,1,Not Hispanic or Latino,White,Male,35-44,80.0,Loan originated
1,425000.0,48,565000.0,116.0,1,Not Hispanic or Latino,Asian,Female,35-44,74.949,Loan originated
1,665000.0,45,825000.0,157.0,1,Not Hispanic or Latino,Asian,Male,25-34,80.0,Loan originated
1,455000.0,36,575000.0,138.0,1,Not Hispanic or Latino,White,Female,55-64,80.0,Loan originated
1,235000.0,20%-<30%,465000.0,120.0,1,Not Hispanic or Latino,Asian,Female,45-54,50.0,Loan originated
1,825000.0,42,1075000.0,251.0,1,Not Hispanic or Latino,White,Male,35-44,77.0,Loan originated
1,465000.0,45,615000.0,136.0,1,Not Hispanic or Latino,Asian,Female,25-34,75.0,Loan originated
1,695000.0,49,775000.0,144.0,1,Not Hispanic or Latino,Asian,Male,25-34,90.0,Loan originated
1,475000.0,48,725000.0,113.0,1,Hispanic or Latino,White,Female,55-64,65.706,Loan originated
1,285000.0,40,305000.0,67.0,1,Hispanic or Latino,White,Female,25-34,95.0,Loan originated
1,455000.0,45,655000.0,416.0,1,Not Hispanic or Latino,White,Female,>74,69.349,Loan originated
1,225000.0,40,685000.0,77.0,1,Not Hispanic or Latino,White,Male,55-64,33.088,Loan originated
1,75000.0,50%-60%,75000.0,52.0,1,Not Hispanic or Latino,White,Male,55-64,95.0,Loan originated
1,765000.0,30%-<36%,905000.0,293.0,1,Not Hispanic or Latino,Asian,Male,35-44,90.0,Loan originated
1,305000.0,48,395000.0,72.0,1,Hispanic or Latino,White,Male,45-54,75.477,Loan originated
1,965000.0,49,1375000.0,280.0,1,Not Hispanic or Latino,White,Male,45-54,70.0,Loan originated
1,505000.0,47,765000.0,116.0,1,Not Hispanic or Latino,Asian,Female,45-54,65.359,Loan originated
1,225000.0,20%-<30%,285000.0,117.0,1,Not Hispanic or Latino,White,Male,45-54,80.0,Loan originated
1,625000.0,46,785000.0,153.0,1,Not Hispanic or Latino,White,Female,45-54,80.0,Application denied
1,515000.0,44,575000.0,122.0,1,Not Hispanic or Latino,White,Male,25-34,90.0,Loan originated
1,765000.0,41,875000.0,186.0,1,Not Hispanic or Latino,White,Female,45-54,87.908,Loan originated
1,525000.0,46,585000.0,167.0,1,Not Hispanic or Latino,White,Female,25-34,90.0,Loan originated
1,915000.0,40,1225000.0,256.0,1,Not Hispanic or Latino,White,Male,25-34,75.0,Loan originated
1,485000.0,20%-<30%,615000.0,162.0,1,Not Hispanic or Latino,Asian,Male,25-34,80.0,Loan originated
1,885000.0,20%-<30%,1105000.0,331.0,1,Not Hispanic or Latino,White,Male,45-54,80.0,Loan originated
1,245000.0,30%-<36%,555000.0,90.0,1,Not Hispanic or Latino,2 or more minority races,Female,65-74,43.16,Loan originated
1,595000.0,44,615000.0,194.0,1,Hispanic or Latino,White,Female,35-44,97.0,Loan originated
1,355000.0,>60%,445000.0,39.0,1,Hispanic or Latino,White,Female,35-44,80.0,Application denied
1,395000.0,<20%,415000.0,0.0,1,Hispanic or Latino,White,Male,45-54,95.0,Application denied
1,765000.0,42,975000.0,379.0,1,Not Hispanic or Latino,Asian,Male,45-54,78.65,Loan originated
1,915000.0,48,1305000.0,190.0,1,Not Hispanic or Latino,White,Male,45-54,70.0,Loan originated
1,565000.0,46,645000.0,166.0,1,Not Hispanic or Latino,Asian,Male,25-34,88.0,Loan originated
1,575000.0,>60%,605000.0,110.0,1,Not Hispanic or Latino,Black or African American,Male,35-44,96.0,Application denied
1,925000.0,42,975000.0,230.0,1,Not Hispanic or Latino,Black or African American,Female,35-44,95.0,Loan originated
1,265000.0,43,335000.0,61.0,1,Not Hispanic or Latino,White,Male,25-34,78.788,Loan originated
1,485000.0,41,605000.0,107.0,1,Not Hispanic or Latino,White,Male,25-34,80.0,Loan originated
1,745000.0,46,825000.0,249.0,1,Hispanic or Latino,White,Male,35-44,90.0,Loan originated
1,1125000.0,46,1405000.0,257.0,1,Not Hispanic or Latino,White,Male,45-54,80.0,Loan originated
1,755000.0,42,1225000.0,203.0,1,Hispanic or Latino,White,Male,25-34,61.475,Loan originated
1,375000.0,30%-<36%,535000.0,99.0,1,Not Hispanic or Latino,White,Male,35-44,70.093,Loan originated
1,885000.0,39,1385000.0,217.0,1,Not Hispanic or Latino,Asian,Male,25-34,63.768,Loan originated
1,1145000.0,49,1585000.0,266.0,1,Not Hispanic or Latino,Asian,Male,55-64,72.769,Loan originated
1,295000.0,30%-<36%,585000.0,320.0,1,Not Hispanic or Latino,White,Male,35-44,50.0,Loan originated
1,235000.0,47,295000.0,145.0,1,Hispanic or Latino,White,Male,25-34,80.0,Loan originated
1,175000.0,36,345000.0,60.0,1,Hispanic or Latino,White,Female,<25,50.0,Loan originated
1,535000.0,30%-<36%,675000.0,170.0,1,Not Hispanic or Latino,Asian,Female,25-34,80.0,Loan originated
1,365000.0,30%-<36%,455000.0,132.0,1,Not Hispanic or Latino,White,Male,25-34,80.0,Loan originated
1,485000.0,39,535000.0,167.0,1,Not Hispanic or Latino,White,Female,35-44,90.0,Loan originated
1,405000.0,48,445000.0,84.0,1,Not Hispanic or Latino,Asian,Male,35-44,90.0,Loan originated
1,335000.0,41,485000.0,131.0,1,Not Hispanic or Latino,Black or African American,Female,55-64,70.0,Application denied
1,365000.0,40,385000.0,83.0,1,Not Hispanic or Latino,Asian,Male,25-34,95.0,Loan originated
1,555000.0,46,1095000.0,188.0,1,Not Hispanic or Latino,White,Male,55-64,50.917,Loan originated
1,495000.0,48,755000.0,111.0,1,Not Hispanic or Latino,White,Female,35-44,66.0,Loan originated
1,355000.0,49,435000.0,99.0,1,Not Hispanic or Latino,Asian,Male,25-34,80.0,Loan originated
1,955000.0,39,1195000.0,259.0,1,Not Hispanic or Latino,White,Male,35-44,80.0,Loan originated
1,625000.0,49,775000.0,141.0,1,Not Hispanic or Latino,White,Female,>74,80.0,Loan originated
1,445000.0,30%-<36%,745000.0,165.0,1,Hispanic or Latino,White,Female,35-44,59.947,Loan originated
1,785000.0,30%-<36%,1175000.0,281.0,1,Not Hispanic or Latino,Asian,Male,25-34,66.383,Loan originated
1,215000.0,45,315000.0,48.0,1,Hispanic or Latino,White,Female,45-54,102.032,Loan originated
1,385000.0,40,635000.0,120.0,1,Not Hispanic or Latino,White,Female,45-54,60.0,Loan originated
1,255000.0,<20%,785000.0,265.0,1,Not Hispanic or Latino,Asian,Female,35-44,32.8,Loan originated
1,245000.0,38,265000.0,145.0,1,Not Hispanic or Latino,White,Female,45-54,95.0,Loan originated
1,1025000.0,30%-<36%,1365000.0,313.0,1,Not Hispanic or Latino,Asian,Male,35-44,75.0,Loan originated
1,655000.0,50%-60%,685000.0,126.0,1,Hispanic or Latino,White,Male,25-34,95.0,Loan originated
1,1105000.0,44,1505000.0,248.0,1,Not Hispanic or Latino,Asian,Female,25-34,73.34,Loan originated
1,855000.0,30%-<36%,1005000.0,267.0,1,Not Hispanic or Latino,Asian,Male,35-44,85.0,Loan originated
1,285000.0,20%-<30%,355000.0,192.0,1,Hispanic or Latino,White,Male,25-34,80.0,Loan originated
1,465000.0,41,715000.0,103.0,1,Not Hispanic or Latino,Asian,Female,35-44,65.0,Loan originated
1,1105000.0,42,2305000.0,280.0,1,Not Hispanic or Latino,Asian,Female,25-34,48.0,Loan originated
1,705000.0,40,905000.0,185.0,1,Not Hispanic or Latino,White,Female,35-44,77.778,Loan originated
1,285000.0,20%-<30%,355000.0,117.0,1,Not Hispanic or Latino,White,Male,25-34,80.0,Loan originated
1,505000.0,49,725000.0,150.0,1,Hispanic or Latino,White,Female,35-44,70.0,Loan originated
1,265000.0,39,325000.0,83.0,1,Not Hispanic or Latino,Black or African American,Male,35-44,80.0,Loan originated
1,285000.0,46,305000.0,83.0,1,Hispanic or Latino,White,Male,55-64,95.0,Loan originated
1,465000.0,37,465000.0,132.0,1,Hispanic or Latino,American Indian or Alaska Native,Female,35-44,100.0,Loan originated
1,685000.0,44,855000.0,170.0,1,Not Hispanic or Latino,White,Male,35-44,80.0,Loan originated
1,415000.0,36,435000.0,153.0,1,Hispanic or Latino,White,Female,65-74,100.0,Loan originated
1,1005000.0,30%-<36%,1665000.0,225.0,1,Not Hispanic or Latino,Asian,Male,45-54,60.083,Loan originated
1,765000.0,48,955000.0,190.0,1,Not Hispanic or Latino,White,Male,35-44,80.0,Loan originated
1,595000.0,44,665000.0,164.0,1,Not Hispanic or Latino,Asian,Female,35-44,90.0,Loan originated
1,505000.0,41,565000.0,147.0,1,Hispanic or Latino,American Indian or Alaska Native,Male,25-34,90.0,Loan originated
1,695000.0,30%-<36%,875000.0,217.0,1,Hispanic or Latino,White,Female,55-64,80.0,Loan originated
1,835000.0,42,1045000.0,230.0,1,Not Hispanic or Latino,Asian,Male,25-34,80.0,Application denied
1,545000.0,<20%,1795000.0,362.0,1,Hispanic or Latino,White,Female,35-44,30.36,Loan originated
1,645000.0,38,805000.0,162.0,1,Not Hispanic or Latino,Asian,Male,25-34,80.0,Loan originated
1,475000.0,46,505000.0,96.0,1,Not Hispanic or Latino,White,Male,25-34,94.53,Loan originated
1,235000.0,45,255000.0,100.0,1,Hispanic or Latino,White,Female,45-54,93.54,Loan originated
1,285000.0,38,925000.0,111.0,1,Not Hispanic or Latino,White,Female,45-54,30.84,Loan originated
1,455000.0,41,575000.0,150.0,1,Not Hispanic or Latino,White,Male,<25,80.0,Loan originated
1,605000.0,38,1065000.0,156.0,1,Not Hispanic or Latino,White,Male,35-44,56.49,Loan originated
1,565000.0,39,765000.0,137.0,1,Not Hispanic or Latino,White,Female,25-34,73.856,Loan originated
1,825000.0,20%-<30%,965000.0,445.0,1,Not Hispanic or Latino,Asian,Male,35-44,85.0,Loan originated
1,625000.0,48,655000.0,156.0,1,Not Hispanic or Latino,Asian,Male,35-44,95.0,Loan originated
1,585000.0,30%-<36%,975000.0,180.0,1,Not Hispanic or Latino,White,Female,55-64,60.0,Loan originated
1,405000.0,40,875000.0,139.0,1,Not Hispanic or Latino,Asian,Female,35-44,46.0,Loan originated
1,115000.0,30%-<36%,305000.0,71.0,1,Not Hispanic or Latino,Asian,Female,45-54,37.294,Application denied
1,445000.0,20%-<30%,695000.0,207.0,1,Not Hispanic or Latino,Asian,Female,35-44,63.798,Loan originated
1,795000.0,37,1255000.0,361.0,1,Not Hispanic or Latino,Asian,Male,35-44,65.0,Loan originated
1,725000.0,30%-<36%,935000.0,219.0,1,Not Hispanic or Latino,White,Female,45-54,77.005,Loan originated
1,765000.0,20%-<30%,825000.0,399.0,1,Not Hispanic or Latino,White,Male,25-34,93.0,Loan originated
1,395000.0,50%-60%,425000.0,69.0,1,Hispanic or Latino,White,Male,35-44,95.0,Application denied
1,455000.0,37,565000.0,261.0,1,Not Hispanic or Latino,Asian,Female,55-64,79.965,Application denied
1,1125000.0,30%-<36%,1255000.0,396.0,1,Not Hispanic or Latino,White,Female,35-44,90.0,Loan originated
1,475000.0,<20%,585000.0,2923.0,1,Not Hispanic or Latino,White,Male,25-34,80.0,Loan originated
1,265000.0,37,335000.0,72.0,1,Not Hispanic or Latino,White,Female,25-34,80.0,Loan originated
1,1045000.0,30%-<36%,1305000.0,332.0,1,Not Hispanic or Latino,Asian,Male,35-44,80.0,Loan originated
1,715000.0,30%-<36%,865000.0,300.0,1,Not Hispanic or Latino,White,Female,55-64,83.163,Loan originated
1,865000.0,42,1085000.0,233.0,1,Not Hispanic or Latino,Asian,Male,25-34,80.0,Loan originated
1,515000.0,>60%,545000.0,112.0,1,Not Hispanic or Latino,Black or African American,Male,55-64,95.0,Application denied
1,585000.0,47,845000.0,120.0,1,Not Hispanic or Latino,White,Male,25-34,70.0,Loan originated
1,1145000.0,40,1345000.0,312.0,1,Not Hispanic or Latino,Asian,Female,35-44,85.0,Loan originated
1,435000.0,20%-<30%,635000.0,259.0,1,Not Hispanic or Latino,White,Male,35-44,68.504,Loan originated
1,335000.0,45,445000.0,72.0,1,Not Hispanic or Latino,Asian,Male,25-34,75.0,Loan originated
1,215000.0,43,275000.0,73.0,1,Hispanic or Latino,White,Male,<25,80.0,Loan originated
1,1105000.0,48,1425000.0,260.0,1,Hispanic or Latino,White,Male,45-54,78.0,Loan originated
1,65000.0,45,145000.0,56.0,1,Hispanic or Latino,White,Female,55-64,46.309,Loan originated
1,605000.0,47,805000.0,131.0,1,Not Hispanic or Latino,White,Female,55-64,75.0,Loan originated
1,625000.0,20%-<30%,745000.0,231.0,1,Not Hispanic or Latino,White,Male,45-54,83.221,Loan originated
1,435000.0,20%-<30%,475000.0,195.0,1,Not Hispanic or Latino,White,Male,25-34,90.0,Loan originated
1,315000.0,50%-60%,595000.0,93.0,1,Not Hispanic or Latino,White,Male,35-44,52.59,Loan originated
1,855000.0,40,1005000.0,206.0,1,Not Hispanic or Latino,Asian,Male,25-34,85.0,Loan originated
1,125000.0,37,385000.0,59.0,1,Not Hispanic or Latino,White,Female,65-74,32.25,Loan originated
1,905000.0,47,1365000.0,180.0,1,Not Hispanic or Latino,White,Female,45-54,66.18,Loan originated
1,605000.0,30%-<36%,925000.0,286.0,1,Not Hispanic or Latino,Asian,Male,35-44,64.87,Loan originated
1,735000.0,39,815000.0,184.0,1,Hispanic or Latino,White,Male,25-34,90.0,Loan originated
1,515000.0,30%-<36%,645000.0,142.0,1,Not Hispanic or Latino,Asian,Male,45-54,80.0,Loan originated
1,765000.0,46,1055000.0,244.0,1,Not Hispanic or Latino,Asian,Male,35-44,73.005,Loan originated
1,355000.0,43,505000.0,94.0,1,Not Hispanic or Latino,Asian,Female,25-34,70.0,Loan originated
1,915000.0,44,965000.0,211.0,1,Not Hispanic or Latino,Asian,Male,25-34,95.0,Loan originated
1,965000.0,43,1085000.0,212.0,1,Not Hispanic or Latino,White,Female,35-44,89.0,Loan originated
1,705000.0,30%-<36%,1015000.0,229.0,1,Not Hispanic or Latino,Asian,Female,45-54,69.28,Loan originated
1,195000.0,46,205000.0,102.0,1,Not Hispanic or Latino,White,Female,45-54,95.66,Application denied
1,435000.0,40,515000.0,214.0,1,Hispanic or Latino,Asian,Female,35-44,85.0,Loan originated
1,615000.0,49,765000.0,135.0,1,Not Hispanic or Latino,Asian,Male,25-34,80.0,Loan originated
1,615000.0,43,655000.0,188.0,1,Not Hispanic or Latino,White,Female,35-44,95.0,Loan originated
1,225000.0,<20%,435000.0,156.0,1,Not Hispanic or Latino,White,Female,55-64,50.691,Loan originated
1,345000.0,49,495000.0,73.0,1,Not Hispanic or Latino,White,Male,35-44,69.339,Loan originated
1,355000.0,30%-<36%,865000.0,146.0,1,Not Hispanic or Latino,2 or more minority races,Male,35-44,40.449,Loan originated
1,495000.0,43,575000.0,120.0,1,Not Hispanic or Latino,White,Female,25-34,85.965,Loan originated
1,635000.0,42,795000.0,132.0,1,Not Hispanic or Latino,White,Male,35-44,80.0,Loan originated
1,935000.0,41,1205000.0,220.0,1,Not Hispanic or Latino,White,Male,25-34,78.125,Application denied
1,595000.0,30%-<36%,665000.0,226.0,1,Not Hispanic or Latino,White,Female,25-34,90.0,Loan originated
1,495000.0,38,665000.0,148.0,1,Not Hispanic or Latino,Asian,Female,55-64,75.0,Loan originated
1,625000.0,30%-<36%,855000.0,260.0,1,Hispanic or Latino,White,Male,35-44,75.0,Loan originated
1,235000.0,>60%,295000.0,129.0,1,Not Hispanic or Latino,White,Male,55-64,80.0,Application denied
1,385000.0,49,585000.0,173.0,1,Not Hispanic or Latino,White,Male,25-34,65.0,Loan originated
1,1005000.0,38,1255000.0,239.0,1,Not Hispanic or Latino,White,Female,35-44,80.0,Loan originated
1,575000.0,49,605000.0,114.0,1,Hispanic or Latino,White,Male,25-34,95.0,Loan originated
1,635000.0,39,665000.0,193.0,1,Not Hispanic or Latino,Asian,Male,25-34,94.89,Application denied
1,575000.0,49,725000.0,227.0,1,Hispanic or Latino,White,Female,55-64,80.0,Loan originated
1,235000.0,42,245000.0,88.0,1,Hispanic or Latino,White,Male,35-44,100.4,Loan originated
1,675000.0,38,845000.0,204.0,1,Not Hispanic or Latino,White,Female,35-44,80.0,Loan originated
1,715000.0,48,795000.0,198.0,1,Not Hispanic or Latino,Asian,Male,35-44,90.0,Loan originated
1,775000.0,47,1105000.0,196.0,1,Not Hispanic or Latino,White,Male,45-54,70.0,Loan originated
1,395000.0,43,405000.0,90.0,1,Hispanic or Latino,White,Male,25-34,99.63,Loan originated
1,365000.0,45,415000.0,83.0,1,Hispanic or Latino,White,Female,35-44,90.0,Loan originated
1,1045000.0,45,1305000.0,245.0,1,Not Hispanic or Latino,Asian,Male,35-44,80.0,Loan originated
1,1145000.0,43,1635000.0,475.0,1,Not Hispanic or Latino,Asian,Male,35-44,70.0,Loan originated
1,745000.0,45,925000.0,213.0,1,Not Hispanic or Latino,Asian,Male,45-54,80.0,Loan originated
1,635000.0,46,675000.0,117.0,1,Hispanic or Latino,White,Male,45-54,96.49,Loan originated
1,375000.0,>60%,395000.0,54.0,1,Hispanic or Latino,White,Female,55-64,95.0,Application denied
1,385000.0,44,645000.0,96.0,1,Not Hispanic or Latino,Black or African American,Male,55-64,60.0,Application denied
1,585000.0,20%-<30%,735000.0,442.0,1,Not Hispanic or Latino,White,Male,45-54,80.0,Loan originated
1,505000.0,20%-<30%,1505000.0,235.0,1,Not Hispanic or Latino,Asian,Female,55-64,34.0,Loan originated
1,875000.0,42,1095000.0,297.0,1,Not Hispanic or Latino,Asian,Male,35-44,80.0,Loan originated
1,705000.0,46,975000.0,162.0,1,Not Hispanic or Latino,Asian,Male,35-44,72.0,Loan originated
1,675000.0,47,765000.0,164.0,1,Hispanic or Latino,White,Male,45-54,89.0,Loan originated
1,705000.0,42,835000.0,275.0,1,Not Hispanic or Latino,White,Male,35-44,85.0,Loan originated
1,375000.0,37,445000.0,132.0,1,Not Hispanic or Latino,White,Female,25-34,85.0,Loan originated
1,285000.0,42,985000.0,97.0,1,Not Hispanic or Latino,White,Female,35-44,28.426,Loan originated
1,325000.0,47,335000.0,70.0,1,Hispanic or Latino,White,Male,<25,100.0,Loan originated
1,875000.0,38,1165000.0,374.0,1,Not Hispanic or Latino,Black or African American,Male,45-54,75.0,Loan originated
1,975000.0,39,1225000.0,258.0,1,Not Hispanic or Latino,Asian,Male,45-54,80.0,Loan originated
1,405000.0,30%-<36%,705000.0,148.0,1,Not Hispanic or Latino,White,Male,65-74,57.143,Loan originated
1,685000.0,49,855000.0,151.0,1,Hispanic or Latino,White,Male,35-44,80.0,Application denied
1,365000.0,43,375000.0,91.0,1,Not Hispanic or Latino,White,Female,25-34,97.0,Loan originated
1,595000.0,44,625000.0,150.0,1,Hispanic or Latino,White,Female,25-34,95.0,Loan originated
1,345000.0,44,945000.0,92.0,1,Not Hispanic or Latino,Asian,Female,25-34,36.575,Loan originated
1,605000.0,37,715000.0,169.0,1,Not Hispanic or Latino,Asian,Male,25-34,85.0,Loan originated
1,765000.0,47,905000.0,178.0,1,Hispanic or Latino,White,Male,45-54,85.0,Loan originated
1,365000.0,43,455000.0,98.0,1,Hispanic or Latino,White,Female,55-64,100.0,Loan originated
1,845000.0,40,1055000.0,222.0,1,Hispanic or Latino,White,Male,55-64,80.0,Loan originated
1,545000.0,50%-60%,685000.0,113.0,1,Not Hispanic or Latino,White,Female,25-34,80.0,Application denied
1,485000.0,37,655000.0,235.0,1,Not Hispanic or Latino,Asian,Male,45-54,75.0,Loan originated
1,1095000.0,39,1465000.0,307.0,1,Not Hispanic or Latino,White,Male,35-44,75.0,Loan originated
1,665000.0,42,695000.0,197.0,1,Not Hispanic or Latino,White,Female,45-54,94.99,Loan originated
1,885000.0,41,1195000.0,241.0,1,Not Hispanic or Latino,Asian,Male,25-34,74.3,Loan originated
1,505000.0,42,535000.0,131.0,1,Not Hispanic or Latino,White,Male,55-64,95.0,Loan originated
1,385000.0,48,395000.0,77.0,1,Hispanic or Latino,White,Female,25-34,97.0,Loan originated
1,275000.0,46,365000.0,160.0,1,Not Hispanic or Latino,White,Male,35-44,75.0,Loan originated
1,235000.0,41,285000.0,61.0,1,Hispanic or Latino,White,Female,<25,84.155,Loan originated
1,445000.0,47,465000.0,100.0,1,Not Hispanic or Latino,White,Male,35-44,97.0,Loan originated
1,355000.0,44,405000.0,113.0,1,Not Hispanic or Latino,White,Male,25-34,87.654,Loan originated
1,945000.0,49,1005000.0,180.0,1,Not Hispanic or Latino,Asian,Male,35-44,94.8,Loan originated
1,495000.0,49,615000.0,95.0,1,Hispanic or Latino,White,Male,35-44,80.0,Loan originated
1,375000.0,46,475000.0,115.0,1,Hispanic or Latino,White,Female,45-54,80.0,Loan originated
1,645000.0,30%-<36%,805000.0,195.0,1,Not Hispanic or Latino,Asian,Male,25-34,80.0,Loan originated
1,355000.0,20%-<30%,475000.0,193.0,1,Hispanic or Latino,Asian,Female,45-54,75.0,Loan originated
1,525000.0,42,705000.0,133.0,1,Not Hispanic or Latino,White,Male,35-44,75.0,Loan originated
1,695000.0,<20%,925000.0,764.0,1,Not Hispanic or Latino,White,Female,35-44,75.0,Loan originated
1,945000.0,43,1925000.0,319.0,1,Not Hispanic or Latino,Asian,Male,45-54,49.125,Loan originated
1,695000.0,40,755000.0,290.0,1,Not Hispanic or Latino,White,Female,35-44,92.053,Application denied
1,1035000.0,42,1295000.0,243.0,1,Not Hispanic or Latino,Asian,Male,35-44,79.92,Loan originated
1,855000.0,40,875000.0,242.0,1,Hispanic or Latino,White,Male,45-54,96.701,Loan originated
1,805000.0,49,1015000.0,177.0,1,Not Hispanic or Latino,White,Male,65-74,80.0,Application denied
1,295000.0,41,325000.0,127.0,1,Hispanic or Latino,White,Male,25-34,93.44,Loan originated
1,635000.0,38,845000.0,195.0,1,Not Hispanic or Latino,White,Female,45-54,75.0,Loan originated
1,425000.0,43,535000.0,150.0,1,Not Hispanic or Latino,White,Male,25-34,80.0,Loan originated
1,755000.0,30%-<36%,845000.0,226.0,1,Not Hispanic or Latino,White,Female,25-34,90.0,Loan originated
1,655000.0,47,815000.0,149.0,1,Not Hispanic or Latino,White,Male,25-34,80.0,Loan originated
1,865000.0,47,1155000.0,181.0,1,Not Hispanic or Latino,White,Male,25-34,75.0,Loan originated
1,1135000.0,30%-<36%,1415000.0,1080.0,1,Hispanic or Latino,White,Male,45-54,80.0,Loan originated
1,725000.0,45,925000.0,152.0,1,Hispanic or Latino,American Indian or Alaska Native,Female,25-34,79.0,Loan originated
1,575000.0,46,605000.0,136.0,1,Not Hispanic or Latino,White,Male,25-34,95.0,Loan originated
1,655000.0,49,1105000.0,161.0,1,Not Hispanic or Latino,White,Female,45-54,59.556,Loan originated
1,555000.0,47,585000.0,121.0,1,Not Hispanic or Latino,White,Male,25-34,95.0,Loan originated
1,325000.0,49,645000.0,91.0,1,Not Hispanic or Latino,White,Female,65-74,50.75,Loan originated
1,525000.0,42,555000.0,211.0,1,Hispanic or Latino,White,Male,45-54,95.0,Loan originated
1,365000.0,42,455000.0,134.0,1,Not Hispanic or Latino,Asian,Female,35-44,80.0,Loan originated
1,445000.0,44,565000.0,118.0,1,Not Hispanic or Latino,Black or African American,Male,35-44,80.0,Loan originated
1,215000.0,30%-<36%,285000.0,93.0,1,Not Hispanic or Latino,Asian,Female,25-34,75.0,Loan originated
1,765000.0,45,1505000.0,180.0,1,Not Hispanic or Latino,Asian,Male,25-34,51.093,Loan originated
1,475000.0,49,625000.0,113.0,1,Not Hispanic or Latino,White,Female,55-64,75.0,Loan originated
1,685000.0,46,855000.0,264.0,1,Hispanic or Latino,White,Male,35-44,80.0,Loan originated
1,665000.0,47,705000.0,126.0,1,Not Hispanic or Latino,White,Male,35-44,95.0,Loan originated
1,275000.0,44,625000.0,70.0,1,Not Hispanic or Latino,American Indian or Alaska Native,Female,55-64,44.0,Loan originated
1,595000.0,48,845000.0,211.0,1,Not Hispanic or Latino,Asian,Male,45-54,70.0,Loan originated
1,365000.0,42,495000.0,303.0,1,Not Hispanic or Latino,White,Female,35-44,75.0,Loan originated
1,725000.0,43,915000.0,199.0,1,Not Hispanic or Latino,White,Male,35-44,80.0,Loan originated
1,635000.0,45,905000.0,200.0,1,Not Hispanic or Latino,Asian,Male,35-44,70.0,Loan originated
1,735000.0,47,985000.0,175.0,1,Hispanic or Latino,Black or African American,Male,35-44,75.0,Loan originated
1,415000.0,43,525000.0,126.0,1,Not Hispanic or Latino,Asian,Male,35-44,80.0,Loan originated
1,285000.0,46,355000.0,66.0,1,Hispanic or Latino,White,Male,25-34,80.0,Loan originated
1,595000.0,47,625000.0,157.0,1,Not Hispanic or Latino,Black or African American,Female,25-34,95.0,Loan originated
1,1125000.0,20%-<30%,1405000.0,809.0,1,Not Hispanic or Latino,White,Female,45-54,80.0,Loan originated
1,575000.0,30%-<36%,725000.0,166.0,1,Not Hispanic or Latino,White,Male,25-34,80.0,Loan originated
1,465000.0,30%-<36%,585000.0,130.0,1,Not Hispanic or Latino,White,Male,35-44,80.0,Loan originated
1,495000.0,36,615000.0,263.0,1,Not Hispanic or Latino,White,Female,25-34,80.0,Loan originated
1,905000.0,43,1405000.0,446.0,1,Not Hispanic or Latino,White,Female,>74,65.0,Loan originated
1,595000.0,47,735000.0,139.0,1,Not Hispanic or Latino,Asian,Female,35-44,80.0,Loan originated
1,155000.0,36,495000.0,124.0,1,Not Hispanic or Latino,White,Male,55-64,31.0,Loan originated
1,405000.0,20%-<30%,605000.0,163.0,1,Not Hispanic or Latino,White,Male,55-64,66.667,Loan originated
1,425000.0,42,625000.0,100.0,1,Not Hispanic or Latino,White,Male,45-54,67.74,Loan originated
1,335000.0,30%-<36%,415000.0,226.0,1,Not Hispanic or Latino,White,Female,45-54,80.0,Loan originated
1,1145000.0,20%-<30%,2205000.0,555.0,1,Not Hispanic or Latino,White,Male,55-64,53.0,Loan originated
1,645000.0,50%-60%,995000.0,151.0,1,Not Hispanic or Latino,Asian,Male,25-34,64.26,Application denied
1,605000.0,42,765000.0,160.0,1,Not Hispanic or Latino,Asian,Female,35-44,80.0,Loan originated
1,275000.0,38,345000.0,145.0,1,Not Hispanic or Latino,White,Male,55-64,80.0,Loan originated
1,525000.0,48,615000.0,130.0,1,Hispanic or Latino,Asian,Female,25-34,85.0,Loan originated
1,615000.0,48,1375000.0,138.0,1,Not Hispanic or Latino,Asian,Female,35-44,44.364,Loan originated
1,355000.0,46,365000.0,91.0,1,Not Hispanic or Latino,White,Female,65-74,96.99,Loan originated
1,475000.0,20%-<30%,955000.0,230.0,1,Not Hispanic or Latino,White,Male,35-44,50.0,Loan originated
1,585000.0,46,685000.0,188.0,1,Not Hispanic or Latino,Asian,Female,65-74,85.0,Loan originated
1,535000.0,49,595000.0,160.0,1,Hispanic or Latino,White,Female,35-44,90.0,Loan originated
1,575000.0,44,825000.0,166.0,1,Not Hispanic or Latino,Asian,Female,35-44,70.0,Loan originated
1,375000.0,44,475000.0,164.0,1,Hispanic or Latino,White,Male,35-44,80.0,Loan originated
1,405000.0,50%-60%,405000.0,85.0,1,Hispanic or Latino,White,Male,<25,100.0,Application denied
1,415000.0,36,435000.0,114.0,1,Hispanic or Latino,White,Male,35-44,97.0,Loan originated
1,765000.0,45,895000.0,169.0,1,Not Hispanic or Latino,White,Female,45-54,95.0,Loan originated
1,675000.0,44,805000.0,161.0,1,Not Hispanic or Latino,White,Male,45-54,83.75,Loan originated
1,645000.0,36,805000.0,175.0,1,Not Hispanic or Latino,Asian,Female,25-34,80.0,Loan originated
1,385000.0,30%-<36%,575000.0,148.0,1,Not Hispanic or Latino,Asian,Male,25-34,66.667,Loan originated
1,285000.0,30%-<36%,885000.0,96.0,1,Not Hispanic or Latino,White,Male,35-44,32.12,Loan originated
1,915000.0,40,985000.0,224.0,1,Not Hispanic or Latino,Asian,Male,35-44,94.0,Loan originated
1,665000.0,49,705000.0,158.0,1,Not Hispanic or Latino,Asian,Female,25-34,95.0,Loan originated
1,895000.0,47,1115000.0,171.0,1,Not Hispanic or Latino,Asian,Male,35-44,80.0,Loan originated
1,465000.0,42,965000.0,138.0,1,Not Hispanic or Latino,White,Male,35-44,48.187,Loan originated
1,235000.0,30%-<36%,295000.0,84.0,1,Hispanic or Latino,White,Male,25-34,80.0,Loan originated
1,415000.0,20%-<30%,515000.0,195.0,1,Not Hispanic or Latino,Black or African American,Male,35-44,80.0,Loan originated
1,655000.0,44,945000.0,158.0,1,Not Hispanic or Latino,White,Female,25-34,69.644,Loan originated
1,505000.0,45,625000.0,120.0,1,Not Hispanic or Latino,White,Male,25-34,80.0,Loan originated
1,615000.0,36,635000.0,168.0,1,Hispanic or Latino,White,Male,25-34,97.0,Loan originated
1,375000.0,30%-<36%,425000.0,163.0,1,Hispanic or Latino,White,Female,35-44,90.0,Loan originated
1,495000.0,36,525000.0,190.0,1,Not Hispanic or Latino,White,Male,25-34,95.0,Loan originated
1,205000.0,47,715000.0,68.0,1,Not Hispanic or Latino,White,Female,35-44,28.169,Loan originated
1,245000.0,49,295000.0,65.0,1,Hispanic or Latino,White,Female,65-74,85.0,Loan originated
1,995000.0,43,1055000.0,279.0,1,Not Hispanic or Latino,White,Male,45-54,95.0,Loan originated
1,1025000.0,30%-<36%,1275000.0,325.0,1,Not Hispanic or Latino,White,Male,25-34,80.0,Loan originated
1,735000.0,20%-<30%,925000.0,469.0,1,Hispanic or Latino,White,Female,45-54,80.0,Loan originated
1,535000.0,30%-<36%,675000.0,172.0,1,Not Hispanic or Latino,2 or more minority races,Female,35-44,80.0,Loan originated
1,265000.0,48,335000.0,100.0,1,Hispanic or Latino,White,Male,45-54,80.0,Loan originated
1,555000.0,42,575000.0,138.0,1,Not Hispanic or Latino,American Indian or Alaska Native,Male,35-44,97.0,Loan originated
1,415000.0,40,425000.0,110.0,1,Not Hispanic or Latino,Black or African American,Female,25-34,97.0,Loan originated
1,755000.0,46,1905000.0,173.0,1,Not Hispanic or Latino,Asian,Female,25-34,39.29,Loan originated
1,255000.0,38,275000.0,81.0,1,Not Hispanic or Latino,White,Male,25-34,94.606,Loan originated
1,495000.0,40,665000.0,113.0,1,Not Hispanic or Latino,Asian,Female,25-34,75.0,Loan originated
1,205000.0,37,255000.0,108.0,1,Not Hispanic or Latino,White,Female,35-44,81.38,Loan originated
1,595000.0,50%-60%,615000.0,114.0,1,Not Hispanic or Latino,2 or more minority races,Female,35-44,97.0,Loan originated
1,355000.0,43,515000.0,109.0,1,Not Hispanic or Latino,White,Male,45-54,70.0,Loan originated
1,505000.0,43,675000.0,202.0,1,Not Hispanic or Latino,White,Male,25-34,74.993,Loan originated
1,375000.0,39,435000.0,96.0,1,Not Hispanic or Latino,White,Female,35-44,90.338,Loan originated
1,365000.0,48,655000.0,77.0,1,Not Hispanic or Latino,Asian,Female,35-44,56.0,Loan originated
1,315000.0,44,335000.0,118.0,1,Not Hispanic or Latino,Asian,Female,25-34,95.0,Application denied
1,625000.0,45,785000.0,152.0,1,Not Hispanic or Latino,Asian,Female,25-34,80.0,Loan originated
1,275000.0,30%-<36%,285000.0,90.0,1,Not Hispanic or Latino,Black or African American,Male,55-64,100.0,Loan originated
1,525000.0,30%-<36%,725000.0,175.0,1,Not Hispanic or Latino,White,Female,25-34,72.414,Loan originated
1,1145000.0,30%-<36%,2635000.0,763.0,1,Not Hispanic or Latino,Asian,Male,45-54,43.641,Loan originated
1,485000.0,40,535000.0,108.0,1,Hispanic or Latino,White,Male,35-44,90.0,Loan originated
1,85000.0,30%-<36%,95000.0,103.0,1,Not Hispanic or Latino,White,Male,55-64,94.44,Loan originated
1,535000.0,46,735000.0,121.0,1,Not Hispanic or Latino,Asian,Male,55-64,72.75,Loan originated
1,655000.0,49,685000.0,199.0,1,Not Hispanic or Latino,White,Male,25-34,95.0,Loan originated
1,605000.0,44,675000.0,158.0,1,Not Hispanic or Latino,Asian,Male,35-44,90.0,Loan originated
1,605000.0,49,755000.0,128.0,1,Not Hispanic or Latino,White,Male,25-34,80.0,Loan originated
1,1015000.0,30%-<36%,1355000.0,357.0,1,Not Hispanic or Latino,Asian,Male,35-44,75.0,Loan originated
1,1075000.0,30%-<36%,1675000.0,293.0,1,Not Hispanic or Latino,Asian,Male,25-34,64.179,Loan originated
1,405000.0,30%-<36%,505000.0,122.0,1,Not Hispanic or Latino,White,Male,35-44,80.0,Loan originated
1,595000.0,47,705000.0,164.0,1,Not Hispanic or Latino,White,Male,25-34,85.0,Loan originated
1,335000.0,38,355000.0,139.0,1,Not Hispanic or Latino,White,Female,25-34,100.0,Loan originated
1,385000.0,36,485000.0,145.0,1,Not Hispanic or Latino,Asian,Female,25-34,80.0,Loan originated
1,235000.0,30%-<36%,465000.0,103.0,1,Not Hispanic or Latino,White,Female,65-74,50.0,Loan originated
1,905000.0,30%-<36%,1355000.0,298.0,1,Not Hispanic or Latino,Asian,Male,35-44,66.667,Loan originated
1,595000.0,20%-<30%,855000.0,286.0,1,Not Hispanic or Latino,Asian,Female,25-34,70.0,Loan originated
1,455000.0,45,545000.0,107.0,1,Not Hispanic or Latino,Black or African American,Male,45-54,83.333,Loan originated
1,445000.0,49,465000.0,89.0,1,Hispanic or Latino,White,Male,25-34,95.0,Loan originated
1,485000.0,30%-<36%,615000.0,138.0,1,Not Hispanic or Latino,White,Male,25-34,80.0,Loan originated
1,395000.0,20%-<30%,465000.0,167.0,1,Not Hispanic or Latino,White,Male,35-44,85.0,Loan originated
1,635000.0,30%-<36%,745000.0,176.0,1,Not Hispanic or Latino,White,Female,25-34,85.0,Loan originated
1,475000.0,47,685000.0,110.0,1,Hispanic or Latino,White,Female,45-54,70.0,Loan originated
1,345000.0,49,375000.0,74.0,1,Hispanic or Latino,American Indian or Alaska Native,Male,25-34,93.514,Loan originated
1,575000.0,20%-<30%,605000.0,225.0,1,Hispanic or Latino,White,Female,25-34,95.0,Loan originated
1,435000.0,50%-60%,615000.0,91.0,1,Hispanic or Latino,White,Female,35-44,70.0,Loan originated
1,675000.0,30%-<36%,715000.0,186.0,1,Hispanic or Latino,White,Female,35-44,95.0,Loan originated
1,425000.0,48,545000.0,92.0,1,Not Hispanic or Latino,White,Male,<25,77.372,Loan originated
1,885000.0,49,1105000.0,174.0,1,Not Hispanic or Latino,White,Male,45-54,80.0,Loan originated
1,295000.0,20%-<30%,695000.0,135.0,1,Not Hispanic or Latino,White,Female,65-74,42.446,Loan originated
1,765000.0,42,855000.0,205.0,1,Not Hispanic or Latino,White,Female,35-44,89.9,Loan originated
1,625000.0,40,785000.0,391.0,1,Not Hispanic or Latino,Asian,Male,<25,80.0,Loan originated
1,195000.0,>60%,385000.0,41.0,1,Not Hispanic or Latino,White,Female,55-64,51.436,Loan originated
1,1105000.0,42,2755000.0,396.0,1,Not Hispanic or Latino,Asian,Male,45-54,40.0,Loan originated
1,355000.0,44,415000.0,92.0,1,Not Hispanic or Latino,Black or African American,Male,55-64,86.473,Application denied
1,655000.0,44,755000.0,148.0,1,Not Hispanic or Latino,Asian,Male,25-34,86.753,Loan originated
1,595000.0,49,625000.0,206.0,1,Hispanic or Latino,Asian,Male,45-54,95.0,Loan originated
1,495000.0,<20%,625000.0,504.0,1,Hispanic or Latino,White,Female,45-54,80.0,Application denied
1,425000.0,20%-<30%,605000.0,260.0,1,Not Hispanic or Latino,White,Male,25-34,70.833,Loan originated
1,395000.0,43,535000.0,102.0,1,Not Hispanic or Latino,White,Male,25-34,75.0,Loan originated
1,765000.0,42,965000.0,238.0,1,Not Hispanic or Latino,White,Male,35-44,82.52,Loan originated
1,605000.0,30%-<36%,755000.0,219.0,1,Not Hispanic or Latino,White,Male,35-44,80.0,Loan originated
1,225000.0,44,285000.0,47.0,1,Not Hispanic or Latino,White,Female,25-34,100.0,Loan originated
1,355000.0,30%-<36%,445000.0,155.0,1,Not Hispanic or Latino,Black or African American,Female,45-54,100.0,Loan originated
1,605000.0,49,845000.0,126.0,1,Not Hispanic or Latino,Asian,Male,25-34,71.174,Loan originated
1,365000.0,<20%,375000.0,207.0,1,Not Hispanic or Latino,White,Male,45-54,97.0,Loan originated
1,315000.0,45,455000.0,72.0,1,Not Hispanic or Latino,Asian,Female,35-44,70.0,Loan originated
1,105000.0,37,465000.0,53.0,1,Not Hispanic or Latino,White,Female,65-74,22.391,Loan originated
1,225000.0,49,505000.0,67.0,1,Hispanic or Latino,White,Female,65-74,56.559,Loan originated
1,565000.0,38,715000.0,151.0,1,Not Hispanic or Latino,Asian,Female,35-44,80.0,Loan originated
1,505000.0,36,725000.0,250.0,1,Not Hispanic or Latino,Asian,Female,45-54,70.0,Loan originated
1,135000.0,37,145000.0,104.0,1,Not Hispanic or Latino,White,Female,55-64,90.0,Loan originated
1,395000.0,41,455000.0,110.0,1,Hispanic or Latino,White,Male,45-54,85.0,Loan originated
1,685000.0,42,855000.0,169.0,1,Hispanic or Latino,White,Female,35-44,80.0,Loan originated
1,1015000.0,30%-<36%,1265000.0,347.0,1,Not Hispanic or Latino,White,Male,45-54,80.0,Loan originated
1,195000.0,50%-60%,495000.0,80.0,1,Not Hispanic or Latino,White,Female,35-44,89.95,Loan originated
1,515000.0,42,575000.0,133.0,1,Hispanic or Latino,White,Female,35-44,89.9,Loan originated
1,435000.0,20%-<30%,625000.0,197.0,1,Not Hispanic or Latino,Asian,Male,<25,70.0,Loan originated
1,705000.0,49,745000.0,151.0,1,Not Hispanic or Latino,White,Male,35-44,95.0,Loan originated
1,465000.0,47,505000.0,165.0,1,Not Hispanic or Latino,Black or African American,Male,45-54,93.0,Loan originated
1,255000.0,48,515000.0,58.0,1,Hispanic or Latino,Asian,Male,35-44,50.0,Loan originated
1,455000.0,42,705000.0,118.0,1,Not Hispanic or Latino,Asian,Female,35-44,65.0,Loan originated
1,525000.0,49,655000.0,143.0,1,Not Hispanic or Latino,Asian,Female,35-44,80.0,Loan originated
1,375000.0,37,505000.0,145.0,1,Not Hispanic or Latino,Asian,Female,25-34,75.0,Loan originated
1,325000.0,49,415000.0,72.0,1,Not Hispanic or Latino,White,Female,35-44,80.0,Loan originated
1,145000.0,39,245000.0,66.0,1,Hispanic or Latino,White,Male,55-64,59.514,Loan originated
1,245000.0,20%-<30%,335000.0,95.0,1,Not Hispanic or Latino,White,Female,35-44,74.0,Loan originated
1,125000.0,46,345000.0,37.0,1,Not Hispanic or Latino,White,Female,65-74,36.77,Loan originated
1,315000.0,30%-<36%,395000.0,84.0,1,Hispanic or Latino,White,Male,25-34,80.0,Loan originated
1,315000.0,20%-<30%,385000.0,131.0,1,Not Hispanic or Latino,White,Female,35-44,80.0,Loan originated
1,1125000.0,42,2205000.0,282.0,1,Not Hispanic or Latino,Asian,Male,45-54,50.91,Loan originated
1,515000.0,42,615000.0,129.0,1,Hispanic or Latino,White,Female,35-44,103.9,Loan originated
1,685000.0,30%-<36%,915000.0,272.0,1,Not Hispanic or Latino,White,Male,35-44,75.0,Loan originated
1,325000.0,40,335000.0,97.0,1,Hispanic or Latino,White,Female,55-64,97.0,Loan originated
1,375000.0,41,935000.0,121.0,1,Not Hispanic or Latino,Asian,Male,25-34,40.0,Loan originated
1,325000.0,44,615000.0,70.0,1,Not Hispanic or Latino,White,Male,25-34,53.279,Loan originated
1,655000.0,36,775000.0,221.0,1,Not Hispanic or Latino,White,Male,35-44,83.871,Loan originated
1,675000.0,49,755000.0,142.0,1,Hispanic or Latino,White,Male,35-44,90.0,Loan originated
1,715000.0,46,815000.0,160.0,1,Hispanic or Latino,White,Male,35-44,88.098,Loan originated
1,395000.0,47,775000.0,144.0,1,Hispanic or Latino,White,Male,25-34,51.299,Loan originated
1,275000.0,<20%,675000.0,181.0,1,Not Hispanic or Latino,White,Female,55-64,40.48,Loan originated
1,1125000.0,37,1405000.0,428.0,1,Hispanic or Latino,White,Male,45-54,80.0,Loan originated
1,365000.0,44,385000.0,103.0,1,Hispanic or Latino,White,Female,35-44,95.0,Loan originated
1,565000.0,42,625000.0,126.0,1,Not Hispanic or Latino,Asian,Female,25-34,90.0,Loan originated
1,325000.0,45,335000.0,78.0,1,Hispanic or Latino,White,Male,25-34,97.0,Loan originated
1,255000.0,50%-60%,335000.0,60.0,1,Not Hispanic or Latino,White,Female,25-34,76.119,Application denied
1,125000.0,20%-<30%,195000.0,120.0,1,Not Hispanic or Latino,White,Male,35-44,65.789,Loan originated
1,825000.0,41,1035000.0,357.0,1,Not Hispanic or Latino,Asian,Male,35-44,80.0,Loan originated
1,475000.0,43,495000.0,217.0,1,Not Hispanic or Latino,Asian,Female,25-34,95.0,Loan originated
1,355000.0,20%-<30%,735000.0,94.0,1,Not Hispanic or Latino,Asian,Female,35-44,48.22,Loan originated
1,645000.0,46,815000.0,156.0,1,Not Hispanic or Latino,White,Female,25-34,80.0,Loan originated
1,335000.0,43,425000.0,78.0,1,Not Hispanic or Latino,Asian,Male,35-44,79.9,Loan originated
1,565000.0,36,595000.0,145.0,1,Not Hispanic or Latino,White,Female,25-34,95.0,Loan originated
1,305000.0,30%-<36%,385000.0,87.0,1,Not Hispanic or Latino,White,Female,25-34,80.0,Loan originated
1,815000.0,43,1415000.0,194.0,1,Not Hispanic or Latino,Asian,Male,25-34,57.24,Loan originated
1,575000.0,46,715000.0,117.0,1,Not Hispanic or Latino,White,Female,25-34,80.0,Loan originated
1,505000.0,44,755000.0,132.0,1,Not Hispanic or Latino,White,Female,55-64,73.333,Loan originated
1,765000.0,49,955000.0,151.0,1,Hispanic or Latino,White,Female,35-44,80.0,Loan originated
1,585000.0,37,735000.0,176.0,1,Not Hispanic or Latino,White,Female,25-34,80.0,Loan originated
1,755000.0,45,1005000.0,260.0,1,Not Hispanic or Latino,White,Male,35-44,80.0,Loan originated
1,745000.0,20%-<30%,995000.0,466.0,1,Not Hispanic or Latino,Asian,Female,35-44,75.0,Application denied
1,115000.0,45,415000.0,67.0,1,Hispanic or Latino,White,Female,55-64,27.0,Loan originated
1,255000.0,37,315000.0,189.0,1,Hispanic or Latino,White,Male,>74,80.0,Loan originated
1,805000.0,30%-<36%,1155000.0,308.0,1,Not Hispanic or Latino,White,Male,65-74,70.0,Loan originated
1,115000.0,20%-<30%,175000.0,128.0,1,Not Hispanic or Latino,Asian,Female,55-64,65.42,Loan originated
1,345000.0,20%-<30%,385000.0,133.0,1,Not Hispanic or Latino,Black or African American,Male,35-44,90.0,Loan originated
1,515000.0,45,545000.0,120.0,1,Hispanic or Latino,White,Male,35-44,95.0,Loan originated
1,515000.0,43,545000.0,122.0,1,Hispanic or Latino,White,Male,25-34,95.0,Loan originated
1,415000.0,39,475000.0,126.0,1,Not Hispanic or Latino,White,Male,25-34,88.0,Loan originated
1,265000.0,41,1155000.0,473.0,1,Not Hispanic or Latino,Black or African American,Female,35-44,90.0,Loan originated
1,305000.0,41,675000.0,86.0,1,Not Hispanic or Latino,White,Female,55-64,45.0,Application denied
1,875000.0,44,1205000.0,201.0,1,Not Hispanic or Latino,White,Female,45-54,72.434,Loan originated
1,725000.0,42,1205000.0,186.0,1,Not Hispanic or Latino,Asian,Female,25-34,60.0,Loan originated
1,155000.0,39,305000.0,50.0,1,Not Hispanic or Latino,White,Male,25-34,50.82,Loan originated
1,665000.0,47,695000.0,135.0,1,Not Hispanic or Latino,Black or African American,Male,25-34,95.0,Loan originated
1,295000.0,49,975000.0,92.0,1,Not Hispanic or Latino,White,Female,55-64,30.825,Loan originated
1,415000.0,39,435000.0,132.0,1,Hispanic or Latino,White,Male,25-34,95.0,Loan originated
1,1085000.0,49,1355000.0,229.0,1,Not Hispanic or Latino,White,Male,25-34,80.0,Loan originated
1,245000.0,48,375000.0,62.0,1,Hispanic or Latino,White,Female,45-54,65.684,Loan originated
1,45000.0,30%-<36%,145000.0,58.0,1,Not Hispanic or Latino,White,Female,65-74,33.14,Loan originated
1,275000.0,49,365000.0,55.0,1,Not Hispanic or Latino,White,Male,35-44,75.0,Loan originated
1,315000.0,39,635000.0,75.0,1,Not Hispanic or Latino,Asian,Male,35-44,50.0,Loan originated
1,265000.0,37,775000.0,98.0,1,Not Hispanic or Latino,White,Male,25-34,34.241,Loan originated
1,435000.0,37,865000.0,194.0,1,Not Hispanic or Latino,White,Female,55-64,50.0,Loan originated
1,855000.0,46,955000.0,228.0,1,Not Hispanic or Latino,Asian,Male,45-54,89.98,Loan originated
1,625000.0,49,845000.0,143.0,1,Hispanic or Latino,2 or more minority races,Female,25-34,73.37,Loan originated
1,445000.0,48,455000.0,91.0,1,Hispanic or Latino,White,Female,35-44,97.0,Loan originated
1,125000.0,20%-<30%,135000.0,83.0,1,Hispanic or Latino,White,Male,25-34,95.0,Loan originated
1,515000.0,45,735000.0,126.0,1,Not Hispanic or Latino,White,Female,>74,70.0,Loan originated
1,1005000.0,37,2605000.0,314.0,1,Not Hispanic or Latino,White,Male,25-34,38.388,Application denied
1,745000.0,49,855000.0,212.0,1,Not Hispanic or Latino,Asian,Male,25-34,87.5,Loan originated
1,235000.0,41,495000.0,83.0,1,Not Hispanic or Latino,White,Male,35-44,47.236,Loan originated
1,485000.0,40,605000.0,115.0,1,Not Hispanic or Latino,Asian,Male,35-44,80.0,Loan originated
1,635000.0,44,795000.0,138.0,1,Not Hispanic or Latino,Asian,Female,25-34,80.0,Loan originated
1,445000.0,<20%,465000.0,595.0,1,Not Hispanic or Latino,Asian,Male,45-54,95.0,Loan originated
1,575000.0,39,1575000.0,200.0,1,Not Hispanic or Latino,White,Male,55-64,36.508,Loan originated
1,1045000.0,40,1185000.0,420.0,1,Not Hispanic or Latino,White,Male,45-54,88.47,Application denied
1,655000.0,50%-60%,735000.0,128.0,1,Not Hispanic or Latino,Asian,Female,45-54,75.75,Application denied
1,1145000.0,37,1435000.0,366.0,1,Not Hispanic or Latino,Asian,Male,25-34,80.0,Loan originated
1,515000.0,20%-<30%,695000.0,193.0,1,Not Hispanic or Latino,White,Female,35-44,75.0,Loan originated
1,565000.0,43,585000.0,165.0,1,Hispanic or Latino,White,Female,45-54,97.0,Loan originated
1,625000.0,36,775000.0,198.0,1,Not Hispanic or Latino,Asian,Male,35-44,80.0,Loan originated
1,335000.0,46,435000.0,84.0,1,Not Hispanic or Latino,White,Male,35-44,77.064,Loan originated
1,585000.0,48,835000.0,168.0,1,Not Hispanic or Latino,Asian,Female,55-64,70.0,Loan originated
1,495000.0,47,865000.0,127.0,1,Not Hispanic or Latino,Asian,Male,35-44,56.79,Loan originated
1,445000.0,46,565000.0,119.0,1,Not Hispanic or Latino,Asian,Male,35-44,80.0,Loan originated
1,645000.0,42,805000.0,161.0,1,Not Hispanic or Latino,Asian,Male,25-34,80.0,Loan originated
1,955000.0,49,1515000.0,212.0,1,Not Hispanic or Latino,White,Male,45-54,63.328,Loan originated
1,1125000.0,49,1495000.0,300.0,1,Not Hispanic or Latino,White,Male,35-44,75.0,Loan originated
1,495000.0,20%-<30%,505000.0,266.0,1,Hispanic or Latino,American Indian or Alaska Native,Female,25-34,97.0,Loan originated
1,215000.0,20%-<30%,335000.0,130.0,1,Not Hispanic or Latino,White,Male,55-64,62.704,Loan originated
1,525000.0,47,655000.0,107.0,1,Not Hispanic or Latino,White,Female,35-44,80.0,Loan originated
1,845000.0,30%-<36%,885000.0,311.0,1,Not Hispanic or Latino,Asian,Female,25-34,95.0,Loan originated
1,665000.0,30%-<36%,705000.0,204.0,1,Not Hispanic or Latino,White,Male,45-54,95.0,Loan originated
1,745000.0,49,885000.0,180.0,1,Hispanic or Latino,White,Male,55-64,85.0,Loan originated
1,265000.0,43,355000.0,107.0,1,Not Hispanic or Latino,White,Male,55-64,75.0,Loan originated
1,255000.0,44,305000.0,68.0,1,Hispanic or Latino,White,Male,25-34,105.0,Loan originated
1,705000.0,48,1015000.0,145.0,1,Not Hispanic or Latino,Asian,Male,25-34,69.15,Loan originated
1,655000.0,47,695000.0,159.0,1,Hispanic or Latino,White,Male,35-44,95.0,Loan originated
1,445000.0,42,465000.0,126.0,1,Hispanic or Latino,White,Male,35-44,95.0,Loan originated
1,135000.0,41,475000.0,46.0,1,Not Hispanic or Latino,Black or African American,Male,65-74,51.0,Loan originated
1,265000.0,30%-<36%,285000.0,59.0,1,Not Hispanic or Latino,Black or African American,Male,<25,92.982,Loan originated
1,375000.0,46,465000.0,80.0,1,Not Hispanic or Latino,White,Male,35-44,80.0,Loan originated
1,715000.0,36,795000.0,255.0,1,Not Hispanic or Latino,White,Male,25-34,89.995,Loan originated
1,75000.0,30%-<36%,75000.0,170.0,1,Hispanic or Latino,White,Male,<25,95.0,Application denied
1,705000.0,49,745000.0,152.0,1,Hispanic or Latino,White,Female,45-54,95.0,Loan originated
1,655000.0,48,1025000.0,124.0,1,Not Hispanic or Latino,Asian,Female,45-54,64.0,Loan originated
1,385000.0,41,475000.0,155.0,1,Not Hispanic or Latino,White,Female,35-44,80.0,Loan originated
1,485000.0,39,685000.0,150.0,1,Not Hispanic or Latino,Asian,Female,25-34,70.0,Loan originated
1,565000.0,42,785000.0,964.0,1,Not Hispanic or Latino,White,Female,25-34,71.8,Loan originated
1,925000.0,20%-<30%,1085000.0,505.0,1,Not Hispanic or Latino,Asian,Female,35-44,85.0,Loan originated
1,585000.0,44,1125000.0,166.0,1,Not Hispanic or Latino,Asian,Male,65-74,51.464,Loan originated
1,465000.0,20%-<30%,585000.0,211.0,1,Not Hispanic or Latino,White,Male,55-64,80.0,Loan originated
1,685000.0,47,755000.0,147.0,1,Not Hispanic or Latino,Asian,Male,25-34,92.0,Loan originated
1,905000.0,47,1295000.0,207.0,1,Not Hispanic or Latino,Asian,Male,35-44,70.0,Loan originated
1,255000.0,45,265000.0,57.0,1,Hispanic or Latino,White,Male,35-44,95.0,Loan originated
1,95000.0,49,665000.0,37.0,1,Not Hispanic or Latino,Asian,Male,65-74,13.54,Loan originated
1,505000.0,20%-<30%,625000.0,209.0,1,Not Hispanic or Latino,White,Female,35-44,80.0,Loan originated
1,445000.0,30%-<36%,1015000.0,220.0,1,Not Hispanic or Latino,Asian,Male,25-34,43.38,Loan originated
1,125000.0,38,125000.0,65.0,1,Hispanic or Latino,White,Male,25-34,100.46,Application denied
1,355000.0,<20%,1675000.0,431.0,1,Not Hispanic or Latino,White,Female,65-74,20.846,Loan originated
1,495000.0,43,625000.0,118.0,1,Not Hispanic or Latino,Black or African American,Male,35-44,80.0,Loan originated
1,635000.0,39,755000.0,248.0,1,Hispanic or Latino,Asian,Male,25-34,85.0,Loan originated
1,765000.0,30%-<36%,955000.0,413.0,1,Not Hispanic or Latino,Asian,Male,35-44,80.0,Loan originated
1,1105000.0,<20%,1305000.0,472.0,1,Not Hispanic or Latino,White,Male,35-44,85.0,Loan originated
1,465000.0,20%-<30%,575000.0,197.0,1,Not Hispanic or Latino,Asian,Female,25-34,80.0,Loan originated
1,715000.0,49,885000.0,145.0,1,Not Hispanic or Latino,White,Male,25-34,80.0,Loan originated
1,265000.0,43,535000.0,80.0,1,Not Hispanic or Latino,White,Female,45-54,49.53,Loan originated
1,335000.0,50%-60%,345000.0,112.0,1,Hispanic or Latino,American Indian or Alaska Native,Female,55-64,95.0,Application denied
1,385000.0,49,585000.0,77.0,1,Hispanic or Latino,White,Male,35-44,65.928,Loan originated
1,385000.0,50%-60%,435000.0,97.0,1,Hispanic or Latino,White,Male,65-74,88.61,Loan originated
1,495000.0,43,625000.0,109.0,1,Not Hispanic or Latino,Asian,Male,25-34,80.0,Loan originated
1,385000.0,36,395000.0,111.0,1,Hispanic or Latino,American Indian or Alaska Native,Female,45-54,100.0,Loan originated
1,675000.0,>60%,755000.0,140.0,1,Not Hispanic or Latino,White,Male,35-44,90.0,Application denied
1,155000.0,20%-<30%,955000.0,149.0,1,Not Hispanic or Latino,Asian,Male,25-34,15.789,Loan originated
1,645000.0,48,675000.0,139.0,1,Hispanic or Latino,White,Male,35-44,95.0,Loan originated
1,765000.0,47,1355000.0,178.0,1,Not Hispanic or Latino,Asian,Female,45-54,56.7,Loan originated
1,345000.0,49,875000.0,82.0,1,Hispanic or Latino,Asian,Female,<25,40.0,Loan originated
1,435000.0,40,465000.0,119.0,1,Hispanic or Latino,White,Female,35-44,95.0,Loan originated
1,635000.0,37,795000.0,182.0,1,Not Hispanic or Latino,Asian,Female,35-44,80.0,Loan originated
1,725000.0,49,935000.0,132.0,1,Not Hispanic or Latino,White,Female,45-54,77.005,Loan originated
1,325000.0,20%-<30%,1195000.0,164.0,1,Hispanic or Latino,White,Male,35-44,26.962,Loan originated
1,685000.0,46,725000.0,169.0,1,Hispanic or Latino,White,Female,35-44,95.0,Loan originated
1,615000.0,42,655000.0,193.0,1,Hispanic or Latino,White,Female,25-34,95.0,Loan originated
1,695000.0,49,945000.0,143.0,1,Not Hispanic or Latino,Asian,Male,35-44,73.936,Loan originated
1,655000.0,48,695000.0,162.0,1,Hispanic or Latino,White,Female,65-74,95.0,Application denied
1,665000.0,43,985000.0,169.0,1,Not Hispanic or Latino,White,Male,35-44,67.857,Loan originated
1,45000.0,50%-60%,65000.0,55.0,1,Not Hispanic or Latino,White,Male,65-74,67.21,Application denied
1,565000.0,30%-<36%,715000.0,230.0,1,Not Hispanic or Latino,White,Male,25-34,80.0,Loan originated
1,445000.0,30%-<36%,495000.0,579.0,1,Not Hispanic or Latino,White,Male,35-44,90.0,Loan originated
1,655000.0,44,815000.0,157.0,1,Not Hispanic or Latino,Asian,Male,25-34,80.0,Loan originated
1,515000.0,20%-<30%,645000.0,194.0,1,Not Hispanic or Latino,Asian,Male,25-34,79.99,Loan originated
1,205000.0,<20%,305000.0,300.0,1,Hispanic or Latino,White,Male,55-64,67.67,Loan originated
1,535000.0,30%-<36%,685000.0,224.0,1,Hispanic or Latino,White,Male,25-34,80.0,Loan originated
1,765000.0,20%-<30%,1085000.0,365.0,1,Not Hispanic or Latino,White,Female,45-54,71.12,Loan originated
1,215000.0,45,465000.0,60.0,1,Hispanic or Latino,White,Male,45-54,45.652,Loan originated
1,955000.0,46,1125000.0,258.0,1,Hispanic or Latino,White,Male,35-44,85.0,Loan originated
1,765000.0,38,1285000.0,204.0,1,Hispanic or Latino,White,Male,25-34,59.887,Loan originated
1,375000.0,30%-<36%,595000.0,140.0,1,Not Hispanic or Latino,Asian,Male,25-34,63.0,Loan originated
1,515000.0,30%-<36%,645000.0,181.0,1,Not Hispanic or Latino,White,Male,35-44,80.0,Loan originated
1,885000.0,30%-<36%,1105000.0,301.0,1,Not Hispanic or Latino,White,Female,45-54,80.0,Loan originated
1,505000.0,44,565000.0,138.0,1,Hispanic or Latino,White,Female,35-44,90.0,Loan originated
1,225000.0,48,265000.0,46.0,1,Hispanic or Latino,White,Male,<25,87.975,Loan originated
1,205000.0,45,515000.0,58.0,1,Not Hispanic or Latino,Asian,Female,65-74,38.513,Loan originated
1,265000.0,45,285000.0,63.0,1,Hispanic or Latino,White,Male,35-44,95.0,Loan originated
1,385000.0,49,455000.0,94.0,1,Hispanic or Latino,White,Male,25-34,97.0,Application denied
1,755000.0,40,1255000.0,284.0,1,Not Hispanic or Latino,White,Male,25-34,60.0,Loan originated
1,305000.0,50%-60%,445000.0,73.0,1,Not Hispanic or Latino,White,Male,55-64,69.545,Loan originated
1,315000.0,48,455000.0,108.0,1,Not Hispanic or Latino,White,Female,65-74,70.0,Loan originated
1,1065000.0,49,1355000.0,219.0,1,Not Hispanic or Latino,White,Female,55-64,78.229,Loan originated
1,435000.0,41,485000.0,100.0,1,Hispanic or Latino,Black or African American,Female,35-44,90.0,Loan originated
1,605000.0,30%-<36%,1485000.0,369.0,1,Not Hispanic or Latino,White,Female,45-54,40.541,Loan originated
1,695000.0,39,925000.0,248.0,1,Not Hispanic or Latino,Asian,Female,25-34,75.0,Loan originated
1,1125000.0,30%-<36%,1185000.0,386.0,1,Not Hispanic or Latino,Black or African American,Male,25-34,95.0,Loan originated
1,775000.0,37,1025000.0,182.0,1,Not Hispanic or Latino,Asian,Male,35-44,75.61,Loan originated
1,405000.0,43,1535000.0,202.0,1,Not Hispanic or Latino,White,Male,65-74,26.093,Loan originated
1,1145000.0,50%-60%,1305000.0,309.0,1,Not Hispanic or Latino,White,Male,35-44,89.0,Loan originated
1,1075000.0,42,1355000.0,260.0,1,Not Hispanic or Latino,Asian,Male,25-34,79.407,Loan originated
1,1145000.0,46,1565000.0,689.0,1,Not Hispanic or Latino,White,Male,55-64,73.28,Loan originated
1,995000.0,43,1325000.0,260.0,1,Not Hispanic or Latino,Asian,Male,45-54,75.0,Loan originated
1,505000.0,42,625000.0,124.0,1,Not Hispanic or Latino,White,Male,35-44,80.0,Loan originated
1,435000.0,36,465000.0,127.0,1,Not Hispanic or Latino,2 or more minority races,Male,25-34,95.0,Loan originated
1,345000.0,44,495000.0,90.0,1,Not Hispanic or Latino,White,Male,25-34,70.0,Loan originated
1,575000.0,42,645000.0,159.0,1,Not Hispanic or Latino,Asian,Female,25-34,90.0,Loan originated
1,255000.0,38,1775000.0,141.0,1,Not Hispanic or Latino,Asian,Female,45-54,14.124,Loan originated
1,495000.0,49,755000.0,253.0,1,Not Hispanic or Latino,Asian,Male,35-44,65.33,Loan originated
1,475000.0,46,505000.0,105.0,1,Hispanic or Latino,White,Male,55-64,95.0,Loan originated
1,535000.0,47,545000.0,163.0,1,Not Hispanic or Latino,Black or African American,Male,25-34,97.0,Loan originated
1,605000.0,49,885000.0,115.0,1,Not Hispanic or Latino,White,Female,25-34,67.57,Loan originated
1,385000.0,43,555000.0,110.0,1,Hispanic or Latino,White,Male,35-44,68.22,Loan originated
1,855000.0,46,945000.0,215.0,1,Not Hispanic or Latino,Asian,Male,25-34,90.0,Loan originated
1,255000.0,48,425000.0,83.0,1,Not Hispanic or Latino,White,Male,65-74,60.0,Loan originated
1,405000.0,37,605000.0,122.0,1,Not Hispanic or Latino,White,Male,25-34,66.759,Loan originated
1,535000.0,30%-<36%,705000.0,175.0,1,Not Hispanic or Latino,Asian,Female,25-34,75.0,Loan originated
1,155000.0,20%-<30%,545000.0,130.0,1,Not Hispanic or Latino,White,Male,55-64,27.528,Loan originated
1,435000.0,20%-<30%,545000.0,179.0,1,Hispanic or Latino,White,Male,25-34,80.0,Loan originated
1,95000.0,20%-<30%,355000.0,136.0,1,Not Hispanic or Latino,White,Female,55-64,26.0,Loan originated
1,365000.0,47,385000.0,98.0,1,Hispanic or Latino,Asian,Female,25-34,95.0,Loan originated
1,485000.0,37,915000.0,132.0,1,Not Hispanic or Latino,White,Male,25-34,52.877,Loan originated
1,305000.0,44,745000.0,107.0,1,Not Hispanic or Latino,Asian,Male,25-34,40.541,Loan originated
1,355000.0,>60%,925000.0,92.0,1,Not Hispanic or Latino,Asian,Male,65-74,38.04,Application denied
1,305000.0,20%-<30%,505000.0,105.0,1,Not Hispanic or Latino,Asian,Male,25-34,60.0,Loan originated
1,495000.0,37,625000.0,145.0,1,Not Hispanic or Latino,White,Female,45-54,80.0,Loan originated
1,305000.0,20%-<30%,655000.0,155.0,1,Not Hispanic or Latino,Asian,Male,25-34,46.118,Loan originated
1,855000.0,49,1225000.0,180.0,1,Not Hispanic or Latino,Asian,Male,25-34,69.551,Loan originated
1,455000.0,20%-<30%,1355000.0,210.0,1,Not Hispanic or Latino,Asian,Female,35-44,33.333,Loan originated
1,955000.0,42,1195000.0,425.0,1,Not Hispanic or Latino,White,Male,55-64,80.0,Loan originated
1,725000.0,49,905000.0,155.0,1,Not Hispanic or Latino,Asian,Male,35-44,80.0,Loan originated
1,975000.0,47,1365000.0,200.0,1,Not Hispanic or Latino,White,Male,45-54,71.575,Loan originated
1,315000.0,40,345000.0,144.0,1,Hispanic or Latino,White,Female,35-44,90.0,Loan originated
1,665000.0,48,775000.0,147.0,1,Not Hispanic or Latino,White,Male,25-34,86.0,Loan originated
1,345000.0,20%-<30%,395000.0,136.0,1,Not Hispanic or Latino,Black or African American,Female,55-64,88.228,Loan originated
1,565000.0,43,585000.0,145.0,1,Not Hispanic or Latino,White,Male,35-44,97.0,Loan originated
1,205000.0,20%-<30%,255000.0,114.0,1,Not Hispanic or Latino,White,Male,65-74,80.0,Loan originated
1,715000.0,30%-<36%,795000.0,230.0,1,Not Hispanic or Latino,Asian,Male,35-44,89.995,Loan originated
1,445000.0,48,555000.0,81.0,1,Not Hispanic or Latino,Asian,Male,35-44,80.0,Loan originated
1,595000.0,40,685000.0,145.0,1,Not Hispanic or Latino,Asian,Male,45-54,86.326,Loan originated
1,1095000.0,37,1815000.0,336.0,1,Not Hispanic or Latino,Asian,Male,25-34,60.0,Loan originated
1,765000.0,41,1365000.0,391.0,1,Not Hispanic or Latino,White,Female,25-34,56.0,Loan originated
1,405000.0,43,855000.0,100.0,1,Not Hispanic or Latino,Asian,Female,25-34,47.06,Loan originated
1,285000.0,38,355000.0,83.0,1,Not Hispanic or Latino,White,Male,25-34,80.0,Loan originated
1,565000.0,30%-<36%,585000.0,240.0,1,Hispanic or Latino,Black or African American,Female,35-44,97.0,Loan originated
1,385000.0,41,485000.0,153.0,1,Not Hispanic or Latino,Asian,Male,25-34,80.0,Loan originated
1,605000.0,47,1015000.0,225.0,1,Hispanic or Latino,White,Male,35-44,60.0,Loan originated
1,215000.0,47,805000.0,61.0,1,Not Hispanic or Latino,White,Female,55-64,27.14,Loan originated
1,975000.0,38,1085000.0,245.0,1,Hispanic or Latino,White,Male,45-54,90.0,Loan originated
1,705000.0,20%-<30%,945000.0,277.0,1,Not Hispanic or Latino,White,Male,35-44,75.0,Loan originated
1,545000.0,39,675000.0,150.0,1,Not Hispanic or Latino,Asian,Male,45-54,80.0,Loan originated
1,755000.0,46,1005000.0,216.0,1,Not Hispanic or Latino,Asian,Female,25-34,75.0,Loan originated
1,135000.0,30%-<36%,495000.0,56.0,1,Not Hispanic or Latino,White,Male,25-34,26.45,Loan originated
1,315000.0,46,335000.0,150.0,1,Not Hispanic or Latino,White,Male,35-44,95.0,Loan originated
1,765000.0,30%-<36%,955000.0,465.0,1,Not Hispanic or Latino,White,Male,35-44,80.0,Loan originated
1,165000.0,46,385000.0,61.0,1,Hispanic or Latino,White,Male,55-64,43.194,Loan originated
1,485000.0,49,515000.0,119.0,1,Hispanic or Latino,White,Female,45-54,95.0,Loan originated
1,665000.0,46,695000.0,190.0,1,Not Hispanic or Latino,Black or African American,Male,25-34,95.0,Application denied
1,995000.0,50%-60%,1445000.0,300.0,1,Hispanic or Latino,White,Male,35-44,69.45,Application denied
1,255000.0,30%-<36%,825000.0,115.0,1,Not Hispanic or Latino,White,Male,55-64,30.49,Loan originated
1,765000.0,39,955000.0,192.0,1,Not Hispanic or Latino,Asian,Male,55-64,80.0,Loan originated
1,575000.0,40,715000.0,304.0,1,Not Hispanic or Latino,Asian,Male,55-64,80.0,Loan originated
1,765000.0,38,805000.0,231.0,1,Not Hispanic or Latino,White,Female,25-34,95.0,Loan originated
1,445000.0,49,795000.0,94.0,1,Not Hispanic or Latino,Asian,Male,25-34,55.76,Loan originated
1,275000.0,20%-<30%,635000.0,168.0,1,Not Hispanic or Latino,Asian,Male,35-44,44.15,Loan originated
1,705000.0,50%-60%,885000.0,149.0,1,Not Hispanic or Latino,White,Female,45-54,80.0,Application denied
1,975000.0,20%-<30%,1085000.0,379.0,1,Not Hispanic or Latino,White,Male,35-44,90.0,Loan originated
1,105000.0,20%-<30%,135000.0,199.0,1,Not Hispanic or Latino,White,Female,55-64,80.0,Loan originated
1,575000.0,36,785000.0,151.0,1,Not Hispanic or Latino,Asian,Male,25-34,73.718,Loan originated
1,445000.0,40,465000.0,112.0,1,Not Hispanic or Latino,White,Female,55-64,95.0,Loan originated
1,485000.0,46,805000.0,121.0,1,Not Hispanic or Latino,Asian,Male,25-34,60.0,Loan originated
1,765000.0,38,1095000.0,202.0,1,Not Hispanic or Latino,Asian,Male,25-34,70.459,Loan originated
1,405000.0,45,515000.0,99.0,1,Not Hispanic or Latino,White,Male,25-34,80.0,Loan originated
1,515000.0,48,575000.0,109.0,1,Not Hispanic or Latino,Asian,Male,25-34,90.0,Loan originated
1,405000.0,47,435000.0,126.0,1,Not Hispanic or Latino,White,Male,55-64,95.0,Loan originated
1,585000.0,47,655000.0,454.0,1,Not Hispanic or Latino,Asian,Male,35-44,90.0,Loan originated
1,735000.0,41,775000.0,242.0,1,Not Hispanic or Latino,White,Male,35-44,95.0,Loan originated
1,405000.0,44,455000.0,109.0,1,Not Hispanic or Latino,Asian,Female,45-54,89.0,Loan originated
1,505000.0,38,635000.0,141.0,1,Not Hispanic or Latino,Asian,Male,45-54,79.488,Loan originated
1,425000.0,44,1205000.0,116.0,1,Not Hispanic or Latino,Asian,Male,25-34,35.417,Loan originated
1,395000.0,20%-<30%,485000.0,141.0,1,Not Hispanic or Latino,Asian,Female,45-54,80.0,Loan originated
1,565000.0,30%-<36%,625000.0,213.0,1,Not Hispanic or Latino,White,Male,35-44,90.0,Loan originated
1,455000.0,41,605000.0,143.0,1,Not Hispanic or Latino,White,Male,45-54,75.0,Loan originated
1,485000.0,20%-<30%,565000.0,212.0,1,Not Hispanic or Latino,White,Male,45-54,85.714,Loan originated
1,715000.0,>60%,795000.0,140.0,1,Hispanic or Latino,White,Male,35-44,89.948,Application denied
1,465000.0,20%-<30%,585000.0,311.0,1,Not Hispanic or Latino,Asian,Male,35-44,80.0,Loan originated
1,575000.0,47,765000.0,120.0,1,Not Hispanic or Latino,Asian,Male,35-44,75.0,Loan originated
1,385000.0,45,405000.0,112.0,1,Not Hispanic or Latino,Black or African American,Male,45-54,95.0,Loan originated
1,765000.0,49,1275000.0,158.0,1,Not Hispanic or Latino,White,Female,65-74,60.122,Loan originated
1,605000.0,30%-<36%,875000.0,232.0,1,Hispanic or Latino,White,Female,<25,70.0,Application denied
1,665000.0,45,835000.0,130.0,1,Not Hispanic or Latino,Asian,Male,25-34,80.0,Loan originated
1,1085000.0,40,1455000.0,250.0,1,Not Hispanic or Latino,White,Male,25-34,75.0,Loan originated
1,275000.0,47,305000.0,75.0,1,Not Hispanic or Latino,White,Male,55-64,90.0,Loan originated
1,355000.0,20%-<30%,575000.0,148.0,1,Not Hispanic or Latino,White,Male,25-34,60.87,Loan originated
1,435000.0,41,545000.0,233.0,1,Not Hispanic or Latino,White,Female,25-34,80.0,Loan originated
1,985000.0,42,1235000.0,480.0,1,Hispanic or Latino,White,Male,35-44,80.0,Loan originated
1,625000.0,39,785000.0,170.0,1,Not Hispanic or Latino,White,Male,35-44,80.0,Loan originated
1,715000.0,43,755000.0,158.0,1,Not Hispanic or Latino,White,Female,25-34,95.0,Application denied
1,535000.0,49,575000.0,128.0,1,Not Hispanic or Latino,White,Male,25-34,94.0,Loan originated
1,555000.0,30%-<36%,1495000.0,215.0,1,Not Hispanic or Latino,White,Female,55-64,36.91,Loan originated
1,655000.0,30%-<36%,735000.0,192.0,1,Not Hispanic or Latino,Asian,Male,25-34,89.99,Loan originated
1,545000.0,49,635000.0,227.0,1,Hispanic or Latino,White,Male,65-74,85.0,Loan originated
1,435000.0,48,465000.0,104.0,1,Not Hispanic or Latino,2 or more minority races,Female,25-34,95.0,Loan originated
1,505000.0,>60%,955000.0,100.0,1,Not Hispanic or Latino,Asian,Female,25-34,52.63,Application denied
1,465000.0,38,715000.0,153.0,1,Not Hispanic or Latino,Asian,Female,35-44,64.819,Loan originated
1,315000.0,49,515000.0,78.0,1,Hispanic or Latino,White,Female,35-44,60.0,Application denied
1,385000.0,43,475000.0,106.0,1,Hispanic or Latino,Asian,Male,25-34,80.0,Application denied
1,575000.0,48,655000.0,128.0,1,Not Hispanic or Latino,Asian,Male,25-34,88.471,Loan originated
1,695000.0,42,1155000.0,263.0,1,Not Hispanic or Latino,Asian,Female,45-54,60.0,Loan originated
1,895000.0,46,1015000.0,200.0,1,Not Hispanic or Latino,White,Male,35-44,88.0,Loan originated
1,475000.0,50%-60%,755000.0,181.0,1,Not Hispanic or Latino,White,Female,45-54,63.333,Loan originated
1,285000.0,42,295000.0,68.0,1,Not Hispanic or Latino,White,Female,25-34,95.0,Loan originated
1,235000.0,49,305000.0,235.0,1,Not Hispanic or Latino,White,Female,35-44,78.405,Loan originated
1,375000.0,30%-<36%,395000.0,180.0,1,Not Hispanic or Latino,White,Female,35-44,95.0,Loan originated
1,105000.0,30%-<36%,905000.0,66.0,1,Not Hispanic or Latino,White,Female,55-64,11.05,Loan originated
1,835000.0,44,3715000.0,275.0,1,Not Hispanic or Latino,White,Male,55-64,22.38,Loan originated
1,715000.0,37,1035000.0,328.0,1,Not Hispanic or Latino,White,Male,35-44,89.99,Loan originated
1,875000.0,41,1005000.0,216.0,1,Not Hispanic or Latino,Asian,Male,35-44,87.0,Loan originated
1,185000.0,20%-<30%,525000.0,97.0,1,Not Hispanic or Latino,White,Female,>74,34.898,Loan originated
1,465000.0,45,525000.0,103.0,1,Hispanic or Latino,White,Male,25-34,88.626,Loan originated
1,485000.0,20%-<30%,605000.0,239.0,1,Not Hispanic or Latino,Asian,Female,55-64,80.0,Loan originated
1,375000.0,30%-<36%,535000.0,153.0,1,Not Hispanic or Latino,White,Female,35-44,70.0,Loan originated
1,365000.0,44,385000.0,169.0,1,Hispanic or Latino,White,Female,25-34,98.33,Loan originated
1,985000.0,44,1175000.0,222.0,1,Not Hispanic or Latino,Asian,Female,25-34,84.085,Loan originated
1,645000.0,30%-<36%,805000.0,291.0,1,Not Hispanic or Latino,Asian,Male,35-44,80.0,Loan originated
1,715000.0,49,755000.0,189.0,1,Not Hispanic or Latino,Asian,Male,45-54,94.967,Loan originated
1,435000.0,48,605000.0,92.0,1,Not Hispanic or Latino,White,Female,45-54,71.9,Loan originated
1,295000.0,20%-<30%,415000.0,105.0,1,Not Hispanic or Latino,White,Male,45-54,71.428,Loan originated
1,675000.0,43,715000.0,179.0,1,Not Hispanic or Latino,Asian,Female,35-44,95.0,Loan originated
1,325000.0,46,465000.0,68.0,1,Not Hispanic or Latino,White,Female,45-54,69.631,Loan originated
1,475000.0,50%-60%,515000.0,169.0,1,Not Hispanic or Latino,Asian,Male,35-44,93.0,Application denied
1,845000.0,42,1055000.0,289.0,1,Not Hispanic or Latino,White,Male,35-44,80.0,Loan originated
1,495000.0,39,625000.0,110.0,1,Not Hispanic or Latino,White,Female,35-44,80.0,Loan originated
1,875000.0,49,1095000.0,197.0,1,Not Hispanic or Latino,Asian,Female,35-44,80.0,Loan originated
1,475000.0,20%-<30%,535000.0,187.0,1,Not Hispanic or Latino,White,Female,25-34,90.0,Loan originated
1,595000.0,20%-<30%,755000.0,230.0,1,Not Hispanic or Latino,Asian,Male,25-34,78.126,Loan originated
1,655000.0,41,1075000.0,148.0,1,Not Hispanic or Latino,Asian,Female,45-54,60.748,Loan originated
1,425000.0,43,545000.0,146.0,1,Not Hispanic or Latino,Asian,Male,25-34,79.0,Loan originated
1,995000.0,42,1745000.0,257.0,1,Not Hispanic or Latino,White,Female,45-54,57.126,Loan originated
1,545000.0,20%-<30%,685000.0,312.0,1,Not Hispanic or Latino,White,Male,25-34,80.0,Loan originated
1,265000.0,42,335000.0,65.0,1,Hispanic or Latino,White,Male,35-44,80.0,Loan originated
1,385000.0,40,485000.0,155.0,1,Not Hispanic or Latino,White,Male,45-54,90.0,Application denied
1,375000.0,<20%,525000.0,-16.0,1,Not Hispanic or Latino,White,Male,35-44,71.429,Application denied
1,595000.0,48,635000.0,131.0,1,Not Hispanic or Latino,White,Female,45-54,95.0,Loan originated
1,875000.0,39,1745000.0,247.0,1,Not Hispanic or Latino,White,Male,55-64,50.0,Loan originated
1,305000.0,30%-<36%,435000.0,120.0,1,Not Hispanic or Latino,White,Female,35-44,70.046,Loan originated
1,345000.0,45,465000.0,87.0,1,Not Hispanic or Latino,White,Female,25-34,75.0,Loan originated
1,365000.0,20%-<30%,715000.0,248.0,1,Not Hispanic or Latino,White,Female,35-44,52.0,Loan originated
1,355000.0,37,905000.0,115.0,1,Not Hispanic or Latino,White,Female,55-64,38.889,Loan originated
1,385000.0,30%-<36%,435000.0,109.0,1,Not Hispanic or Latino,White,Male,65-74,90.0,Loan originated
1,815000.0,46,905000.0,165.0,1,Not Hispanic or Latino,White,Male,35-44,90.0,Loan originated
1,365000.0,45,515000.0,75.0,1,Hispanic or Latino,White,Male,<25,70.0,Loan originated
1,505000.0,49,1115000.0,118.0,1,Not Hispanic or Latino,White,Female,35-44,44.73,Loan originated
1,815000.0,30%-<36%,1015000.0,275.0,1,Not Hispanic or Latino,Asian,Female,25-34,80.0,Loan originated
1,675000.0,47,955000.0,186.0,1,Not Hispanic or Latino,Asian,Female,35-44,70.0,Loan originated
1,975000.0,30%-<36%,1305000.0,414.0,1,Not Hispanic or Latino,White,Male,55-64,75.0,Loan originated
1,1035000.0,42,1705000.0,271.0,1,Not Hispanic or Latino,White,Male,45-54,60.73,Loan originated
1,425000.0,49,825000.0,128.0,1,Not Hispanic or Latino,White,Male,55-64,51.515,Loan originated
1,215000.0,45,815000.0,68.0,1,Not Hispanic or Latino,White,Female,55-64,25.77,Loan originated
1,585000.0,36,735000.0,159.0,1,Hispanic or Latino,White,Female,45-54,80.0,Loan originated
1,955000.0,41,1505000.0,356.0,1,Not Hispanic or Latino,White,Female,55-64,63.12,Loan originated
1,815000.0,49,1105000.0,195.0,1,Not Hispanic or Latino,Black or African American,Male,45-54,74.0,Loan originated
1,455000.0,39,655000.0,308.0,1,Hispanic or Latino,White,Male,45-54,70.0,Loan originated
1,635000.0,45,825000.0,173.0,1,Not Hispanic or Latino,White,Male,55-64,76.829,Loan originated
1,1125000.0,41,1415000.0,522.0,1,Not Hispanic or Latino,Asian,Male,35-44,80.0,Loan originated
1,755000.0,38,885000.0,236.0,1,Not Hispanic or Latino,White,Male,55-64,85.03,Loan originated
1,565000.0,<20%,605000.0,343.0,1,Not Hispanic or Latino,White,Male,35-44,93.333,Loan originated
1,515000.0,40,795000.0,176.0,1,Not Hispanic or Latino,Asian,Male,35-44,64.602,Loan originated
1,145000.0,50%-60%,165000.0,73.0,1,Hispanic or Latino,White,Female,45-54,90.0,Loan originated
1,595000.0,46,795000.0,145.0,1,Not Hispanic or Latino,White,Female,35-44,75.0,Loan originated
1,255000.0,49,475000.0,56.0,1,Hispanic or Latino,White,Female,45-54,53.732,Loan originated
1,955000.0,44,1755000.0,251.0,1,Not Hispanic or Latino,White,Male,45-54,54.286,Loan originated
1,255000.0,45,385000.0,98.0,1,Not Hispanic or Latino,Asian,Male,45-54,65.789,Loan originated
1,485000.0,39,895000.0,163.0,1,Not Hispanic or Latino,Asian,Male,45-54,55.0,Loan originated
1,315000.0,30%-<36%,325000.0,97.0,1,Not Hispanic or Latino,Asian,Female,<25,94.22,Loan originated
1,685000.0,<20%,865000.0,659.0,1,Hispanic or Latino,White,Male,45-54,80.0,Loan originated
1,355000.0,20%-<30%,555000.0,199.0,1,Not Hispanic or Latino,White,Male,55-64,63.636,Loan originated
1,955000.0,44,1455000.0,209.0,1,Not Hispanic or Latino,Black or African American,Female,45-54,66.0,Loan originated
1,695000.0,48,775000.0,188.0,1,Not Hispanic or Latino,White,Male,45-54,90.0,Loan originated
1,765000.0,49,975000.0,266.0,1,Not Hispanic or Latino,Black or African American,Female,55-64,79.0,Loan originated
1,675000.0,30%-<36%,755000.0,311.0,1,Hispanic or Latino,White,Male,35-44,90.0,Loan originated
1,155000.0,47,435000.0,58.0,1,Hispanic or Latino,American Indian or Alaska Native,Male,45-54,34.483,Loan originated
1,405000.0,40,855000.0,116.0,1,Not Hispanic or Latino,White,Male,25-34,47.059,Loan originated
1,65000.0,38,245000.0,69.0,1,Not Hispanic or Latino,White,Female,65-74,28.35,Loan originated
1,215000.0,39,685000.0,64.0,1,Hispanic or Latino,White,Male,45-54,31.0,Loan originated
1,545000.0,20%-<30%,675000.0,305.0,1,Hispanic or Latino,White,Male,45-54,80.0,Loan originated
1,805000.0,39,1205000.0,210.0,1,Not Hispanic or Latino,Asian,Female,45-54,66.667,Loan originated
1,915000.0,20%-<30%,1145000.0,643.0,1,Not Hispanic or Latino,Asian,Male,25-34,80.0,Loan originated
1,925000.0,39,1155000.0,221.0,1,Not Hispanic or Latino,Asian,Female,35-44,80.0,Loan originated
1,605000.0,37,865000.0,197.0,1,Not Hispanic or Latino,Asian,Male,25-34,70.0,Application denied
1,555000.0,49,755000.0,108.0,1,Not Hispanic or Latino,White,Male,25-34,74.0,Loan originated
1,595000.0,49,665000.0,115.0,1,Not Hispanic or Latino,Asian,Female,35-44,90.0,Loan originated
1,585000.0,41,735000.0,150.0,1,Not Hispanic or Latino,White,Male,<25,80.0,Loan originated
1,635000.0,49,945000.0,132.0,1,Not Hispanic or Latino,Asian,Female,35-44,67.054,Loan originated
1,555000.0,20%-<30%,615000.0,205.0,1,Hispanic or Latino,White,Female,25-34,90.0,Loan originated
1,525000.0,44,575000.0,145.0,1,Not Hispanic or Latino,White,Female,35-44,92.0,Loan originated
1,645000.0,43,685000.0,174.0,1,Not Hispanic or Latino,White,Female,35-44,95.0,Loan originated
1,675000.0,48,1615000.0,180.0,1,Not Hispanic or Latino,Asian,Female,25-34,41.79,Loan originated
1,765000.0,42,865000.0,217.0,1,Not Hispanic or Latino,White,Male,35-44,88.555,Loan originated
1,315000.0,40,495000.0,163.0,1,Hispanic or Latino,White,Female,55-64,62.65,Application denied
1,375000.0,50%-60%,475000.0,97.0,1,Not Hispanic or Latino,Black or African American,Male,35-44,103.0,Application denied
1,345000.0,49,555000.0,85.0,1,Not Hispanic or Latino,Asian,Male,25-34,62.5,Loan originated
1,385000.0,49,425000.0,74.0,1,Not Hispanic or Latino,Asian,Male,25-34,91.293,Loan originated
1,495000.0,30%-<36%,845000.0,185.0,1,Not Hispanic or Latino,Asian,Female,45-54,58.72,Loan originated
1,545000.0,38,675000.0,148.0,1,Not Hispanic or Latino,White,Female,45-54,80.0,Loan originated
1,195000.0,30%-<36%,385000.0,65.0,1,Not Hispanic or Latino,White,Female,55-64,51.842,Loan originated
1,785000.0,47,985000.0,172.0,1,Not Hispanic or Latino,Asian,Male,25-34,80.0,Loan originated
1,295000.0,49,415000.0,66.0,1,Hispanic or Latino,White,Female,45-54,69.38,Loan originated
1,325000.0,40,525000.0,98.0,1,Not Hispanic or Latino,White,Female,25-34,61.538,Loan originated
1,455000.0,49,485000.0,118.0,1,Hispanic or Latino,White,Female,35-44,95.0,Loan originated
1,465000.0,37,515000.0,125.0,1,Not Hispanic or Latino,Asian,Male,25-34,90.0,Loan originated
1,265000.0,49,645000.0,79.0,1,Hispanic or Latino,White,Female,45-54,41.294,Loan originated
1,335000.0,43,365000.0,100.0,1,Hispanic or Latino,Asian,Male,35-44,91.781,Loan originated
1,965000.0,30%-<36%,1295000.0,305.0,1,Not Hispanic or Latino,Asian,Female,45-54,75.0,Loan originated
1,635000.0,47,905000.0,128.0,1,Hispanic or Latino,White,Female,45-54,70.0,Loan originated
1,315000.0,48,615000.0,76.0,1,Not Hispanic or Latino,Asian,Female,25-34,51.628,Loan originated
1,525000.0,45,545000.0,148.0,1,Hispanic or Latino,White,Male,25-34,95.0,Loan originated
1,445000.0,30%-<36%,565000.0,131.0,1,Not Hispanic or Latino,White,Male,25-34,80.0,Loan originated
1,625000.0,46,785000.0,258.0,1,Not Hispanic or Latino,Asian,Male,35-44,80.0,Loan originated
1,335000.0,45,355000.0,86.0,1,Hispanic or Latino,White,Male,45-54,95.0,Loan originated
1,545000.0,30%-<36%,775000.0,405.0,1,Not Hispanic or Latino,Asian,Female,45-54,70.0,Loan originated
1,495000.0,47,625000.0,122.0,1,Not Hispanic or Latino,White,Female,35-44,80.0,Application denied
1,565000.0,41,625000.0,140.0,1,Hispanic or Latino,White,Male,35-44,90.0,Loan originated
1,605000.0,41,755000.0,162.0,1,Not Hispanic or Latino,Asian,Male,35-44,80.0,Loan originated
1,395000.0,39,415000.0,98.0,1,Not Hispanic or Latino,Black or African American,Female,35-44,95.0,Loan originated
1,725000.0,20%-<30%,905000.0,504.0,1,Not Hispanic or Latino,White,Male,45-54,80.0,Loan originated
1,475000.0,49,505000.0,95.0,1,Not Hispanic or Latino,White,Male,25-34,95.0,Loan originated
1,345000.0,41,435000.0,363.0,1,Not Hispanic or Latino,Asian,Male,>74,80.0,Loan originated
1,555000.0,49,625000.0,195.0,1,Not Hispanic or Latino,White,Female,25-34,89.0,Loan originated
1,465000.0,49,675000.0,133.0,1,Hispanic or Latino,White,Male,55-64,68.3,Loan originated
1,605000.0,30%-<36%,755000.0,210.0,1,Not Hispanic or Latino,White,Male,35-44,80.0,Loan originated
1,485000.0,42,605000.0,126.0,1,Not Hispanic or Latino,White,Male,35-44,80.0,Loan originated
1,355000.0,39,585000.0,215.0,1,Not Hispanic or Latino,White,Female,55-64,60.0,Loan originated
1,445000.0,30%-<36%,555000.0,165.0,1,Not Hispanic or Latino,White,Male,25-34,80.0,Loan originated
1,985000.0,47,1235000.0,228.0,1,Not Hispanic or Latino,Asian,Male,35-44,80.0,Loan originated
1,165000.0,20%-<30%,385000.0,65.0,1,Hispanic or Latino,White,Male,25-34,91.351,Loan originated
1,725000.0,46,1215000.0,270.0,1,Not Hispanic or Latino,Asian,Male,45-54,60.0,Loan originated
1,745000.0,30%-<36%,785000.0,320.0,1,Not Hispanic or Latino,White,Male,35-44,95.0,Loan originated
1,495000.0,49,715000.0,96.0,1,Not Hispanic or Latino,White,Female,25-34,70.0,Loan originated
1,215000.0,38,285000.0,49.0,1,Hispanic or Latino,White,Female,25-34,75.0,Loan originated
1,1085000.0,37,1355000.0,270.0,1,Not Hispanic or Latino,White,Male,25-34,80.0,Loan originated
1,555000.0,30%-<36%,695000.0,307.0,1,Not Hispanic or Latino,White,Female,25-34,79.285,Loan originated
1,205000.0,38,215000.0,66.0,1,Hispanic or Latino,White,Male,25-34,95.0,Loan originated
1,745000.0,45,785000.0,190.0,1,Not Hispanic or Latino,White,Male,45-54,95.0,Loan originated
1,295000.0,48,365000.0,63.0,1,Hispanic or Latino,White,Female,55-64,80.0,Loan originated
1,735000.0,49,1605000.0,150.0,1,Not Hispanic or Latino,Asian,Male,25-34,45.75,Loan originated
1,255000.0,40,315000.0,60.0,1,Not Hispanic or Latino,White,Female,25-34,80.0,Loan originated
1,505000.0,20%-<30%,1315000.0,220.0,1,Not Hispanic or Latino,White,Male,65-74,37.885,Loan originated
1,285000.0,37,295000.0,77.0,1,Not Hispanic or Latino,Asian,Female,25-34,97.0,Loan originated
1,425000.0,37,725000.0,126.0,1,Hispanic or Latino,White,Male,25-34,58.621,Loan originated
1,845000.0,30%-<36%,1055000.0,273.0,1,Not Hispanic or Latino,White,Male,55-64,80.0,Loan originated
1,375000.0,39,395000.0,102.0,1,Hispanic or Latino,White,Male,25-34,95.0,Loan originated
1,1035000.0,49,1725000.0,239.0,1,Not Hispanic or Latino,Asian,Female,35-44,60.0,Loan originated
1,655000.0,41,775000.0,249.0,1,Hispanic or Latino,White,Male,35-44,85.0,Loan originated
1,705000.0,47,1055000.0,147.0,1,Not Hispanic or Latino,White,Female,35-44,66.67,Loan originated
1,605000.0,47,1505000.0,158.0,1,Hispanic or Latino,White,Male,55-64,40.0,Loan originated
1,515000.0,37,605000.0,167.0,1,Hispanic or Latino,White,Male,45-54,85.0,Loan originated
1,725000.0,<20%,1035000.0,895.0,1,Not Hispanic or Latino,White,Male,25-34,69.652,Loan originated
1,655000.0,20%-<30%,775000.0,344.0,1,Hispanic or Latino,White,Male,35-44,85.0,Loan originated
1,655000.0,40,725000.0,150.0,1,Not Hispanic or Latino,Asian,Male,25-34,90.0,Loan originated
1,725000.0,49,855000.0,136.0,1,Not Hispanic or Latino,Asian,Male,25-34,85.0,Loan originated
1,335000.0,49,455000.0,92.0,1,Not Hispanic or Latino,White,Female,55-64,75.0,Loan originated
1,865000.0,<20%,1085000.0,477.0,1,Not Hispanic or Latino,Asian,Female,45-54,80.0,Loan originated
1,525000.0,36,1045000.0,601.0,1,Not Hispanic or Latino,White,Female,35-44,50.239,Loan originated
1,485000.0,30%-<36%,615000.0,225.0,1,Not Hispanic or Latino,Asian,Female,35-44,80.0,Loan originated
1,625000.0,41,775000.0,269.0,1,Hispanic or Latino,White,Male,25-34,80.0,Loan originated
1,515000.0,30%-<36%,575000.0,182.0,1,Not Hispanic or Latino,Asian,Female,35-44,90.0,Loan originated
1,665000.0,45,825000.0,148.0,1,Not Hispanic or Latino,Asian,Female,45-54,80.0,Loan originated
1,1105000.0,20%-<30%,1695000.0,117.0,1,Not Hispanic or Latino,Asian,Female,55-64,70.0,Loan originated
1,105000.0,30%-<36%,1075000.0,91.0,1,Not Hispanic or Latino,White,Male,55-64,9.31,Loan originated
1,245000.0,30%-<36%,315000.0,184.0,1,Not Hispanic or Latino,Asian,Female,65-74,80.0,Loan originated
1,425000.0,20%-<30%,525000.0,155.0,1,Not Hispanic or Latino,White,Female,<25,82.0,Loan originated
1,695000.0,44,735000.0,185.0,1,Not Hispanic or Latino,Asian,Female,35-44,95.0,Loan originated
1,365000.0,41,455000.0,116.0,1,Not Hispanic or Latino,White,Male,25-34,80.0,Loan originated
1,995000.0,43,1025000.0,299.0,1,Not Hispanic or Latino,Asian,Male,35-44,97.41,Application denied
1,855000.0,41,1305000.0,342.0,1,Hispanic or Latino,White,Male,45-54,65.385,Loan originated
1,395000.0,<20%,435000.0,247.0,1,Not Hispanic or Latino,White,Male,55-64,90.0,Loan originated
1,285000.0,44,305000.0,207.0,1,Not Hispanic or Latino,White,Male,45-54,95.0,Loan originated
1,915000.0,44,965000.0,234.0,1,Not Hispanic or Latino,White,Male,25-34,95.0,Loan originated
1,985000.0,49,1165000.0,199.0,1,Not Hispanic or Latino,Asian,Male,25-34,85.0,Loan originated
1,305000.0,30%-<36%,685000.0,215.0,1,Not Hispanic or Latino,Asian,Female,35-44,44.037,Loan originated
1,565000.0,38,715000.0,130.0,1,Not Hispanic or Latino,Asian,Female,25-34,80.0,Loan originated
1,985000.0,49,1795000.0,222.0,1,Not Hispanic or Latino,White,Male,55-64,55.0,Loan originated
1,455000.0,30%-<36%,515000.0,143.0,1,Not Hispanic or Latino,Black or African American,Male,55-64,90.0,Loan originated
1,505000.0,44,675000.0,147.0,1,Not Hispanic or Latino,White,Female,45-54,75.0,Loan originated
1,315000.0,30%-<36%,415000.0,105.0,1,Not Hispanic or Latino,White,Male,35-44,76.63,Loan originated
1,415000.0,47,515000.0,137.0,1,Not Hispanic or Latino,White,Female,55-64,100.0,Application denied
1,705000.0,20%-<30%,885000.0,259.0,1,Not Hispanic or Latino,White,Male,25-34,80.0,Loan originated
1,565000.0,49,755000.0,142.0,1,Hispanic or Latino,White,Male,45-54,75.0,Loan originated
1,475000.0,45,525000.0,96.0,1,Not Hispanic or Latino,White,Male,25-34,89.99,Loan originated
1,685000.0,49,915000.0,135.0,1,Not Hispanic or Latino,Asian,Male,35-44,75.0,Loan originated
1,255000.0,30%-<36%,1495000.0,166.0,1,Not Hispanic or Latino,White,Female,45-54,16.678,Loan originated
1,625000.0,30%-<36%,785000.0,174.0,1,Not Hispanic or Latino,Asian,Male,25-34,80.0,Loan originated
1,795000.0,47,995000.0,175.0,1,Not Hispanic or Latino,Asian,Female,45-54,80.0,Loan originated
1,405000.0,48,425000.0,111.0,1,Not Hispanic or Latino,White,Male,25-34,95.0,Loan originated
1,685000.0,47,785000.0,135.0,1,Not Hispanic or Latino,Asian,Male,25-34,87.268,Loan originated
1,615000.0,36,765000.0,220.0,1,Not Hispanic or Latino,Asian,Male,55-64,80.0,Loan originated
1,455000.0,45,575000.0,174.0,1,Not Hispanic or Latino,White,Male,25-34,80.0,Loan originated
1,875000.0,48,1035000.0,204.0,1,Not Hispanic or Latino,White,Male,35-44,85.0,Loan originated
1,335000.0,49,355000.0,76.0,1,Not Hispanic or Latino,White,Female,25-34,95.0,Loan originated
1,715000.0,47,915000.0,152.0,1,Not Hispanic or Latino,White,Female,65-74,78.03,Loan originated
1,105000.0,20%-<30%,525000.0,130.0,1,Not Hispanic or Latino,White,Female,55-64,19.231,Loan originated
1,205000.0,30%-<36%,255000.0,399.0,1,Not Hispanic or Latino,White,Male,45-54,80.0,Loan originated
1,1105000.0,42,1385000.0,265.0,1,Not Hispanic or Latino,Asian,Male,35-44,80.0,Loan originated
1,675000.0,49,835000.0,142.0,1,Hispanic or Latino,Asian,Male,25-34,80.0,Loan originated
1,715000.0,44,795000.0,158.0,1,Not Hispanic or Latino,Asian,Male,35-44,90.0,Loan originated
1,785000.0,20%-<30%,975000.0,236.0,1,Not Hispanic or Latino,White,Male,35-44,80.0,Loan originated
1,585000.0,43,615000.0,130.0,1,Not Hispanic or Latino,Asian,Male,35-44,95.0,Loan originated
1,545000.0,49,665000.0,112.0,1,Not Hispanic or Latino,Black or African American,Male,55-64,102.65,Loan originated
1,225000.0,44,525000.0,67.0,1,Not Hispanic or Latino,White,Female,65-74,42.614,Loan originated
1,905000.0,30%-<36%,1135000.0,293.0,1,Not Hispanic or Latino,White,Male,35-44,80.002,Loan originated
1,65000.0,20%-<30%,95000.0,91.0,1,Not Hispanic or Latino,White,Male,45-54,65.15,Loan originated
1,705000.0,49,885000.0,154.0,1,Not Hispanic or Latino,Black or African American,Female,45-54,80.0,Loan originated
1,615000.0,42,645000.0,142.0,1,Not Hispanic or Latino,White,Female,45-54,95.0,Loan originated
1,555000.0,50%-60%,705000.0,88.0,1,Hispanic or Latino,White,Male,35-44,79.0,Application denied
1,525000.0,44,755000.0,175.0,1,Not Hispanic or Latino,White,Female,35-44,70.449,Loan originated
1,425000.0,48,475000.0,100.0,1,Hispanic or Latino,White,Male,25-34,90.0,Loan originated
1,375000.0,20%-<30%,465000.0,159.0,1,Hispanic or Latino,White,Male,35-44,80.0,Loan originated
1,345000.0,49,425000.0,70.0,1,Not Hispanic or Latino,White,Female,45-54,82.143,Application denied
1,525000.0,42,965000.0,158.0,1,Not Hispanic or Latino,Asian,Male,35-44,54.315,Loan originated
1,875000.0,49,1795000.0,182.0,1,Not Hispanic or Latino,Asian,Female,35-44,48.747,Loan originated
1,235000.0,38,255000.0,118.0,1,Not Hispanic or Latino,White,Female,45-54,90.54,Loan originated
1,525000.0,37,585000.0,120.0,1,Hispanic or Latino,White,Female,35-44,90.0,Loan originated
1,95000.0,48,105000.0,68.0,1,Hispanic or Latino,White,Male,25-34,95.0,Loan originated
1,855000.0,41,1185000.0,201.0,1,Not Hispanic or Latino,Asian,Male,25-34,71.59,Loan originated
1,375000.0,>60%,395000.0,51.0,1,Hispanic or Latino,White,Female,35-44,95.7,Application denied
1,405000.0,39,415000.0,133.0,1,Hispanic or Latino,White,Female,45-54,97.0,Loan originated
1,465000.0,43,495000.0,127.0,1,Not Hispanic or Latino,Black or African American,Female,35-44,95.0,Loan originated
1,335000.0,45,355000.0,88.0,1,Not Hispanic or Latino,White,Male,45-54,97.0,Loan originated
1,385000.0,50%-60%,1115000.0,79.0,1,Not Hispanic or Latino,American Indian or Alaska Native,Male,55-64,34.685,Application denied
1,255000.0,20%-<30%,1135000.0,200.0,1,Not Hispanic or Latino,White,Male,35-44,22.124,Loan originated
1,505000.0,30%-<36%,635000.0,150.0,1,Not Hispanic or Latino,Asian,Male,25-34,80.0,Loan originated
1,75000.0,30%-<36%,85000.0,82.0,1,Not Hispanic or Latino,White,Male,25-34,95.0,Loan originated
1,65000.0,30%-<36%,85000.0,68.0,1,Not Hispanic or Latino,White,Male,65-74,77.45,Loan originated
1,535000.0,36,665000.0,182.0,1,Not Hispanic or Latino,White,Male,25-34,80.0,Loan originated
1,115000.0,30%-<36%,125000.0,184.0,1,Hispanic or Latino,White,Male,25-34,90.0,Loan originated
1,1015000.0,>60%,1575000.0,202.0,1,Hispanic or Latino,White,Male,45-54,64.698,Loan originated
1,515000.0,20%-<30%,615000.0,549.0,1,Not Hispanic or Latino,White,Male,55-64,83.09,Loan originated
1,765000.0,45,1015000.0,178.0,1,Not Hispanic or Latino,Asian,Female,25-34,76.0,Loan originated
1,405000.0,36,425000.0,112.0,1,Not Hispanic or Latino,Black or African American,Female,25-34,97.0,Loan originated
1,295000.0,45,795000.0,160.0,1,Not Hispanic or Latino,Asian,Male,35-44,37.319,Loan originated
1,345000.0,20%-<30%,435000.0,124.0,1,Hispanic or Latino,White,Male,25-34,80.0,Loan originated
1,75000.0,20%-<30%,305000.0,57.0,1,Not Hispanic or Latino,White,Male,55-64,25.0,Loan originated
1,1125000.0,20%-<30%,1405000.0,452.0,1,Not Hispanic or Latino,White,Male,35-44,80.0,Loan originated
1,1055000.0,49,1855000.0,216.0,1,Not Hispanic or Latino,Asian,Female,35-44,56.76,Loan originated
1,615000.0,>60%,765000.0,33.0,1,Hispanic or Latino,White,Male,35-44,80.0,Application denied
1,305000.0,30%-<36%,875000.0,102.0,1,Not Hispanic or Latino,Asian,Female,35-44,34.286,Loan originated
1,415000.0,38,565000.0,125.0,1,Hispanic or Latino,White,Female,25-34,73.494,Loan originated
1,165000.0,47,905000.0,60.0,1,Not Hispanic or Latino,White,Female,45-54,18.333,Loan originated
1,365000.0,49,385000.0,79.0,1,Hispanic or Latino,White,Female,55-64,95.0,Loan originated
1,285000.0,50%-60%,335000.0,159.0,1,Not Hispanic or Latino,Black or African American,Female,35-44,85.0,Application denied
1,175000.0,49,915000.0,126.0,1,Not Hispanic or Latino,White,Female,25-34,19.451,Loan originated
1,435000.0,48,545000.0,125.0,1,Not Hispanic or Latino,White,Female,25-34,80.0,Application denied
1,1005000.0,20%-<30%,1515000.0,313.0,1,Not Hispanic or Latino,Asian,Male,35-44,66.225,Loan originated
1,275000.0,30%-<36%,385000.0,94.0,1,Hispanic or Latino,White,Female,45-54,71.43,Loan originated
1,535000.0,40,675000.0,145.0,1,Hispanic or Latino,White,Male,35-44,80.0,Loan originated
1,675000.0,47,845000.0,180.0,1,Not Hispanic or Latino,White,Male,25-34,80.0,Loan originated
1,585000.0,45,725000.0,169.0,1,Not Hispanic or Latino,White,Female,25-34,80.0,Loan originated
1,345000.0,40,435000.0,105.0,1,Not Hispanic or Latino,White,Female,35-44,80.0,Loan originated
1,815000.0,49,1085000.0,179.0,1,Not Hispanic or Latino,Asian,Female,25-34,75.0,Loan originated
1,265000.0,47,325000.0,129.0,1,Hispanic or Latino,White,Male,25-34,80.0,Loan originated
1,335000.0,30%-<36%,905000.0,134.0,1,Not Hispanic or Latino,White,Female,25-34,36.667,Loan originated
1,325000.0,38,385000.0,98.0,1,Hispanic or Latino,White,Male,25-34,85.0,Loan originated
1,385000.0,20%-<30%,475000.0,172.0,1,Not Hispanic or Latino,Asian,Female,45-54,80.0,Application denied
1,515000.0,44,595000.0,203.0,1,Not Hispanic or Latino,Asian,Male,35-44,86.555,Loan originated
1,545000.0,47,605000.0,136.0,1,Not Hispanic or Latino,Asian,Male,25-34,90.27,Loan originated
1,525000.0,48,655000.0,106.0,1,Not Hispanic or Latino,White,Male,45-54,80.0,Loan originated
1,505000.0,<20%,845000.0,335.0,1,Not Hispanic or Latino,Asian,Male,45-54,59.53,Loan originated
1,335000.0,49,445000.0,106.0,1,Hispanic or Latino,White,Female,45-54,75.0,Loan originated
1,335000.0,49,355000.0,66.0,1,Hispanic or Latino,White,Male,35-44,95.0,Loan originated
1,325000.0,43,335000.0,84.0,1,Not Hispanic or Latino,White,Female,35-44,95.0,Loan originated
1,755000.0,36,1255000.0,230.0,1,Not Hispanic or Latino,Asian,Male,35-44,60.0,Loan originated
1,635000.0,38,825000.0,172.0,1,Not Hispanic or Latino,White,Male,25-34,75.995,Loan originated
1,275000.0,37,355000.0,76.0,1,Not Hispanic or Latino,White,Female,>74,79.714,Application denied
1,425000.0,48,525000.0,156.0,1,Not Hispanic or Latino,White,Male,35-44,80.0,Loan originated
1,205000.0,42,1175000.0,79.0,1,Not Hispanic or Latino,White,Female,35-44,17.021,Loan originated
1,815000.0,38,1095000.0,352.0,1,Not Hispanic or Latino,White,Male,25-34,75.0,Loan originated
1,545000.0,36,725000.0,159.0,1,Not Hispanic or Latino,White,Male,25-34,75.0,Loan originated
1,365000.0,20%-<30%,575000.0,198.0,1,Not Hispanic or Latino,White,Female,55-64,63.48,Loan originated
1,535000.0,41,575000.0,191.0,1,Hispanic or Latino,White,Male,45-54,94.5,Loan originated
1,815000.0,41,1085000.0,428.0,1,Not Hispanic or Latino,Asian,Male,35-44,75.0,Loan originated
1,535000.0,47,555000.0,113.0,1,Not Hispanic or Latino,White,Female,25-34,97.0,Loan originated
1,1135000.0,42,1425000.0,281.0,1,Not Hispanic or Latino,Asian,Male,35-44,80.0,Loan originated
1,575000.0,45,765000.0,125.0,1,Not Hispanic or Latino,Asian,Male,45-54,75.0,Loan originated
1,565000.0,49,715000.0,160.0,1,Not Hispanic or Latino,White,Male,55-64,80.0,Loan originated
1,395000.0,30%-<36%,495000.0,146.0,1,Not Hispanic or Latino,White,Female,35-44,80.0,Loan originated
1,765000.0,47,1485000.0,166.0,1,Not Hispanic or Latino,Asian,Male,25-34,51.794,Loan originated
1,645000.0,43,755000.0,231.0,1,Hispanic or Latino,White,Female,45-54,85.0,Loan originated
1,665000.0,38,695000.0,201.0,1,Not Hispanic or Latino,White,Male,55-64,95.0,Loan originated
1,555000.0,49,1355000.0,130.0,1,Not Hispanic or Latino,Asian,Female,25-34,40.981,Loan originated
1,655000.0,40,725000.0,197.0,1,Not Hispanic or Latino,Asian,Female,35-44,89.993,Loan originated
1,855000.0,47,1145000.0,162.0,1,Not Hispanic or Latino,Asian,Male,55-64,75.0,Loan originated
1,415000.0,40,445000.0,99.0,1,Hispanic or Latino,White,Female,25-34,95.0,Loan originated
1,205000.0,46,215000.0,58.0,1,Not Hispanic or Latino,White,Female,25-34,95.0,Loan originated
1,345000.0,30%-<36%,745000.0,163.0,1,Not Hispanic or Latino,White,Female,65-74,46.581,Loan originated
1,385000.0,41,405000.0,118.0,1,Not Hispanic or Latino,White,Female,45-54,100.0,Loan originated
1,395000.0,42,495000.0,123.0,1,Not Hispanic or Latino,Asian,Male,25-34,80.0,Loan originated
1,485000.0,20%-<30%,965000.0,499.0,1,Not Hispanic or Latino,White,Male,35-44,49.914,Loan originated
1,405000.0,30%-<36%,555000.0,127.0,1,Not Hispanic or Latino,White,Female,>74,72.727,Loan originated
1,375000.0,40,675000.0,106.0,1,Not Hispanic or Latino,White,Female,45-54,55.556,Loan originated
1,545000.0,37,675000.0,183.0,1,Not Hispanic or Latino,Asian,Male,55-64,80.0,Loan originated
1,1035000.0,44,1385000.0,225.0,1,Not Hispanic or Latino,White,Female,25-34,75.0,Loan originated
1,215000.0,44,615000.0,78.0,1,Not Hispanic or Latino,White,Male,>74,34.426,Loan originated
1,365000.0,42,385000.0,88.0,1,Hispanic or Latino,White,Male,35-44,95.0,Loan originated
1,175000.0,36,285000.0,65.0,1,Not Hispanic or Latino,White,Female,55-64,62.81,Loan originated
1,445000.0,44,565000.0,297.0,1,Not Hispanic or Latino,Asian,Female,35-44,80.0,Loan originated
1,305000.0,49,505000.0,73.0,1,Hispanic or Latino,White,Female,35-44,61.7,Loan originated
1,15000.0,<20%,15000.0,1972.0,1,Hispanic or Latino,American Indian or Alaska Native,Female,35-44,454.545,Application denied
1,725000.0,49,905000.0,280.0,1,Not Hispanic or Latino,Asian,Male,35-44,80.0,Loan originated
1,325000.0,38,345000.0,113.0,1,Not Hispanic or Latino,White,Male,55-64,95.0,Loan originated
1,405000.0,49,515000.0,102.0,1,Hispanic or Latino,White,Male,55-64,100.0,Loan originated
1,885000.0,30%-<36%,1805000.0,746.0,1,Not Hispanic or Latino,Asian,Female,35-44,49.0,Loan originated
1,1045000.0,30%-<36%,1305000.0,393.0,1,Not Hispanic or Latino,Asian,Female,35-44,80.0,Loan originated
1,405000.0,30%-<36%,885000.0,154.0,1,Not Hispanic or Latino,White,Male,25-34,46.01,Loan originated
1,395000.0,39,405000.0,145.0,1,Not Hispanic or Latino,White,Male,25-34,97.0,Loan originated
1,405000.0,30%-<36%,535000.0,133.0,1,Not Hispanic or Latino,White,Female,45-54,75.0,Loan originated
1,555000.0,41,725000.0,454.0,1,Not Hispanic or Latino,Black or African American,Female,45-54,89.92,Loan originated
1,275000.0,40,305000.0,98.0,1,Hispanic or Latino,White,Male,45-54,90.0,Loan originated
1,585000.0,47,775000.0,117.0,1,Hispanic or Latino,White,Male,35-44,75.0,Loan originated
1,1115000.0,48,1315000.0,250.0,1,Not Hispanic or Latino,White,Male,45-54,85.0,Loan originated
1,425000.0,48,535000.0,129.0,1,Not Hispanic or Latino,White,Female,35-44,80.0,Loan originated
1,615000.0,37,885000.0,173.0,1,Not Hispanic or Latino,Asian,Female,25-34,70.0,Application denied
1,745000.0,40,935000.0,179.0,1,Not Hispanic or Latino,Asian,Male,<25,80.0,Loan originated
1,515000.0,48,575000.0,111.0,1,Hispanic or Latino,White,Female,25-34,90.0,Loan originated
1,455000.0,45,575000.0,101.0,1,Not Hispanic or Latino,Asian,Male,35-44,80.0,Loan originated
1,1125000.0,48,1405000.0,348.0,1,Not Hispanic or Latino,White,Female,35-44,80.0,Loan originated
1,785000.0,30%-<36%,985000.0,570.0,1,Not Hispanic or Latino,Asian,Female,25-34,80.0,Loan originated
1,685000.0,44,725000.0,193.0,1,Not Hispanic or Latino,Asian,Female,25-34,95.0,Loan originated
1,585000.0,30%-<36%,735000.0,182.0,1,Not Hispanic or Latino,White,Male,55-64,80.0,Loan originated
1,715000.0,42,645000.0,513.0,1,Not Hispanic or Latino,Asian,Male,35-44,111.18,Application denied
1,635000.0,49,765000.0,169.0,1,Not Hispanic or Latino,Asian,Female,35-44,82.538,Loan originated
1,255000.0,49,325000.0,81.0,1,Not Hispanic or Latino,White,Male,35-44,76.923,Loan originated
1,505000.0,30%-<36%,565000.0,173.0,1,Not Hispanic or Latino,White,Female,55-64,89.367,Loan originated
1,445000.0,43,555000.0,104.0,1,Hispanic or Latino,White,Male,<25,80.0,Loan originated
1,915000.0,42,1165000.0,229.0,1,Not Hispanic or Latino,Asian,Male,25-34,78.196,Loan originated
1,995000.0,39,1455000.0,299.0,1,Not Hispanic or Latino,Asian,Male,35-44,68.1,Loan originated
1,505000.0,48,635000.0,120.0,1,Not Hispanic or Latino,Black or African American,Female,35-44,80.0,Loan originated
1,365000.0,49,465000.0,81.0,1,Not Hispanic or Latino,Asian,Female,45-54,100.0,Loan originated
1,765000.0,20%-<30%,1605000.0,627.0,1,Not Hispanic or Latino,Asian,Female,35-44,47.5,Loan originated
1,825000.0,45,975000.0,205.0,1,Not Hispanic or Latino,White,Male,35-44,85.0,Loan originated
1,465000.0,41,585000.0,136.0,1,Not Hispanic or Latino,White,Male,25-34,80.0,Loan originated
1,805000.0,41,1005000.0,256.0,1,Not Hispanic or Latino,Asian,Female,45-54,80.0,Loan originated
1,1115000.0,49,1725000.0,246.0,1,Not Hispanic or Latino,Asian,Female,35-44,65.0,Loan originated
1,985000.0,36,1285000.0,391.0,1,Not Hispanic or Latino,Asian,Male,25-34,76.838,Loan originated
1,885000.0,20%-<30%,2775000.0,708.0,1,Not Hispanic or Latino,Asian,Female,35-44,31.712,Loan originated
1,505000.0,41,525000.0,110.0,1,Hispanic or Latino,White,Male,25-34,97.0,Loan originated
1,615000.0,43,645000.0,200.0,1,Hispanic or Latino,White,Female,25-34,95.0,Loan originated
1,845000.0,20%-<30%,1205000.0,657.0,1,Not Hispanic or Latino,Asian,Male,35-44,70.0,Loan originated
1,855000.0,38,1375000.0,222.0,1,Not Hispanic or Latino,White,Male,35-44,61.82,Loan originated
1,715000.0,48,875000.0,152.0,1,Not Hispanic or Latino,Asian,Male,25-34,82.0,Loan originated
1,755000.0,41,945000.0,165.0,1,Not Hispanic or Latino,Asian,Male,25-34,80.0,Loan originated
1,545000.0,38,575000.0,135.0,1,Not Hispanic or Latino,Asian,Male,35-44,95.0,Loan originated
1,235000.0,49,355000.0,53.0,1,Not Hispanic or Latino,White,Male,55-64,68.0,Loan originated
1,295000.0,44,325000.0,86.0,1,Hispanic or Latino,American Indian or Alaska Native,Male,25-34,91.875,Loan originated
1,765000.0,42,825000.0,222.0,1,Not Hispanic or Latino,White,Female,25-34,93.37,Loan originated
1,475000.0,48,595000.0,213.0,1,Not Hispanic or Latino,Asian,Male,65-74,80.0,Loan originated
1,365000.0,49,455000.0,88.0,1,Not Hispanic or Latino,Black or African American,Female,45-54,100.0,Application denied
1,225000.0,<20%,235000.0,156.0,1,Not Hispanic or Latino,Asian,Male,25-34,95.0,Loan originated
1,565000.0,44,755000.0,146.0,1,Not Hispanic or Latino,Asian,Male,35-44,95.014,Loan originated
1,915000.0,46,1225000.0,205.0,1,Not Hispanic or Latino,Asian,Female,25-34,75.0,Loan originated
1,385000.0,43,415000.0,107.0,1,Hispanic or Latino,White,Male,45-54,95.0,Loan originated
1,475000.0,38,595000.0,143.0,1,Not Hispanic or Latino,Asian,Female,45-54,80.0,Loan originated
1,1165000.0,50%-60%,1405000.0,238.0,1,Not Hispanic or Latino,Asian,Female,25-34,82.86,Loan originated
1,335000.0,49,835000.0,95.0,1,Not Hispanic or Latino,White,Female,55-64,39.759,Loan originated
1,725000.0,50%-60%,815000.0,97.0,1,Hispanic or Latino,White,Male,35-44,89.99,Loan originated
1,275000.0,36,295000.0,76.0,1,Hispanic or Latino,White,Female,<25,95.0,Loan originated
1,355000.0,42,585000.0,185.0,1,Not Hispanic or Latino,Asian,Female,35-44,60.0,Loan originated
1,255000.0,42,285000.0,65.0,1,Hispanic or Latino,White,Male,35-44,90.0,Loan originated
1,735000.0,47,915000.0,485.0,1,Not Hispanic or Latino,Asian,Female,<25,79.93,Loan originated
1,525000.0,30%-<36%,655000.0,169.0,1,Not Hispanic or Latino,Asian,Female,25-34,80.0,Loan originated
1,245000.0,46,265000.0,51.0,1,Hispanic or Latino,White,Male,25-34,90.0,Loan originated
1,215000.0,42,775000.0,103.0,1,Hispanic or Latino,White,Female,65-74,27.922,Loan originated
1,645000.0,49,865000.0,150.0,1,Not Hispanic or Latino,White,Male,55-64,75.0,Loan originated
1,765000.0,39,965000.0,212.0,1,Not Hispanic or Latino,White,Male,35-44,80.0,Loan originated
1,1015000.0,38,1355000.0,297.0,1,Not Hispanic or Latino,White,Female,25-34,75.0,Loan originated
1,685000.0,44,715000.0,171.0,1,Hispanic or Latino,White,Male,25-34,95.0,Loan originated
1,225000.0,41,425000.0,66.0,1,Not Hispanic or Latino,White,Female,65-74,52.941,Loan originated
1,555000.0,49,695000.0,112.0,1,Not Hispanic or Latino,Asian,Female,35-44,80.0,Loan originated
1,605000.0,46,755000.0,142.0,1,Not Hispanic or Latino,White,Female,45-54,80.0,Loan originated
1,625000.0,43,915000.0,150.0,1,Not Hispanic or Latino,Asian,Female,25-34,69.0,Loan originated
1,535000.0,45,675000.0,200.0,1,Hispanic or Latino,White,Male,25-34,80.0,Loan originated
1,1045000.0,20%-<30%,1305000.0,420.0,1,Not Hispanic or Latino,White,Male,45-54,80.0,Loan originated
1,315000.0,48,325000.0,66.0,1,Not Hispanic or Latino,Asian,Male,35-44,97.0,Loan originated
1,475000.0,>60%,495000.0,51.0,1,Not Hispanic or Latino,Black or African American,Female,25-34,97.0,Application denied
1,415000.0,20%-<30%,525000.0,200.0,1,Not Hispanic or Latino,White,Male,25-34,80.0,Loan originated
1,165000.0,44,305000.0,33.0,1,Hispanic or Latino,White,Female,25-34,53.0,Loan originated
1,505000.0,20%-<30%,565000.0,237.0,1,Not Hispanic or Latino,Black or African American,Female,35-44,89.982,Loan originated
1,265000.0,42,275000.0,82.0,1,Not Hispanic or Latino,Black or African American,Male,35-44,97.0,Loan originated
1,155000.0,40,185000.0,88.0,1,Hispanic or Latino,White,Male,35-44,86.11,Loan originated
1,965000.0,47,1385000.0,210.0,1,Not Hispanic or Latino,Asian,Female,35-44,70.0,Loan originated
1,395000.0,46,415000.0,157.0,1,Hispanic or Latino,White,Male,45-54,95.0,Loan originated
1,375000.0,48,395000.0,71.0,1,Hispanic or Latino,White,Female,25-34,95.0,Loan originated
1,345000.0,46,465000.0,79.0,1,Hispanic or Latino,White,Female,55-64,87.097,Application denied
1,495000.0,30%-<36%,1245000.0,201.0,1,Not Hispanic or Latino,Asian,Male,45-54,39.88,Loan originated
1,495000.0,49,575000.0,143.0,1,Not Hispanic or Latino,White,Male,35-44,85.0,Loan originated
1,295000.0,46,365000.0,92.0,1,Hispanic or Latino,White,Male,45-54,80.0,Loan originated
1,285000.0,20%-<30%,785000.0,138.0,1,Not Hispanic or Latino,White,Female,45-54,36.0,Loan originated
1,305000.0,49,405000.0,59.0,1,Hispanic or Latino,White,Male,<25,75.0,Loan originated
1,655000.0,39,815000.0,226.0,1,Not Hispanic or Latino,White,Male,35-44,80.0,Loan originated
1,405000.0,49,695000.0,239.0,1,Not Hispanic or Latino,White,Female,45-54,57.31,Loan originated
1,585000.0,45,615000.0,153.0,1,Not Hispanic or Latino,White,Female,25-34,95.0,Loan originated
1,305000.0,39,405000.0,99.0,1,Hispanic or Latino,White,Female,25-34,75.0,Loan originated
1,665000.0,49,1705000.0,157.0,1,Not Hispanic or Latino,White,Male,65-74,38.71,Loan originated
1,615000.0,49,685000.0,160.0,1,Not Hispanic or Latino,White,Female,35-44,90.0,Loan originated
1,355000.0,<20%,415000.0,233.0,1,Hispanic or Latino,White,Male,25-34,85.0,Loan originated
1,225000.0,43,725000.0,73.0,1,Not Hispanic or Latino,White,Female,55-64,31.034,Loan originated
1,495000.0,43,565000.0,106.0,1,Not Hispanic or Latino,Black or African American,Female,55-64,87.68,Loan originated
1,445000.0,47,595000.0,131.0,1,Not Hispanic or Latino,Asian,Male,25-34,75.0,Loan originated
1,305000.0,38,345000.0,102.0,1,Not Hispanic or Latino,White,Female,45-54,87.997,Loan originated
1,1945000.0,49,2435000.0,410.0,1,Not Hispanic or Latino,White,Male,35-44,80.0,Loan originated
1,255000.0,20%-<30%,395000.0,100.0,1,Hispanic or Latino,White,Male,35-44,64.103,Loan originated
1,415000.0,47,525000.0,103.0,1,Not Hispanic or Latino,White,Female,>74,80.0,Loan originated
1,125000.0,20%-<30%,155000.0,140.0,1,Not Hispanic or Latino,Asian,Female,35-44,80.0,Application denied
1,245000.0,40,345000.0,95.0,1,Not Hispanic or Latino,White,Female,35-44,70.588,Loan originated
1,765000.0,44,955000.0,174.0,1,Hispanic or Latino,White,Male,45-54,80.0,Loan originated
1,355000.0,30%-<36%,455000.0,154.0,1,Hispanic or Latino,White,Female,45-54,77.778,Loan originated
1,725000.0,30%-<36%,905000.0,194.0,1,Not Hispanic or Latino,Asian,Male,25-34,80.0,Loan originated
1,1105000.0,36,1305000.0,340.0,1,Not Hispanic or Latino,White,Male,35-44,85.0,Loan originated
1,495000.0,44,705000.0,254.0,1,Not Hispanic or Latino,White,Male,55-64,70.0,Loan originated
1,475000.0,30%-<36%,595000.0,181.0,1,Not Hispanic or Latino,White,Male,25-34,80.0,Loan originated
1,265000.0,40,355000.0,114.0,1,Not Hispanic or Latino,White,Male,55-64,75.0,Loan originated
1,115000.0,44,225000.0,58.0,1,Not Hispanic or Latino,Black or African American,Female,25-34,50.0,Loan originated
1,495000.0,49,625000.0,125.0,1,Not Hispanic or Latino,Asian,Female,35-44,80.0,Loan originated
1,565000.0,47,595000.0,149.0,1,Hispanic or Latino,White,Male,25-34,95.0,Loan originated
1,1005000.0,44,1285000.0,193.0,1,Not Hispanic or Latino,Asian,Male,35-44,78.13,Loan originated
1,1085000.0,41,1355000.0,275.0,1,Not Hispanic or Latino,White,Male,35-44,80.0,Loan originated
1,445000.0,30%-<36%,715000.0,136.0,1,Hispanic or Latino,White,Male,25-34,62.0,Loan originated
1,1045000.0,40,1905000.0,407.0,1,Not Hispanic or Latino,Asian,Male,35-44,54.737,Loan originated
1,905000.0,39,1125000.0,262.0,1,Not Hispanic or Latino,White,Male,35-44,80.0,Loan originated
1,555000.0,38,735000.0,168.0,1,Not Hispanic or Latino,White,Male,35-44,75.51,Loan originated
1,445000.0,47,525000.0,201.0,1,Not Hispanic or Latino,White,Male,25-34,84.121,Loan originated
1,1085000.0,48,1455000.0,211.0,1,Not Hispanic or Latino,White,Male,45-54,75.0,Loan originated
1,565000.0,43,705000.0,176.0,1,Not Hispanic or Latino,White,Male,35-44,80.0,Loan originated
1,485000.0,46,635000.0,109.0,1,Not Hispanic or Latino,Asian,Female,25-34,76.267,Loan originated
1,365000.0,46,455000.0,164.0,1,Not Hispanic or Latino,White,Female,35-44,80.0,Loan originated
1,565000.0,44,625000.0,128.0,1,Not Hispanic or Latino,White,Male,25-34,93.0,Loan originated
1,635000.0,47,855000.0,127.0,1,Not Hispanic or Latino,Asian,Male,<25,92.647,Loan originated
1,615000.0,43,655000.0,214.0,1,Not Hispanic or Latino,Black or African American,Female,55-64,99.75,Loan originated
1,905000.0,37,1205000.0,243.0,1,Not Hispanic or Latino,Asian,Male,35-44,75.0,Loan originated
1,595000.0,47,625000.0,189.0,1,Hispanic or Latino,White,Male,25-34,95.0,Loan originated
1,655000.0,>60%,815000.0,127.0,1,Not Hispanic or Latino,Asian,Male,65-74,79.99,Application denied
1,365000.0,40,455000.0,84.0,1,Not Hispanic or Latino,Asian,Male,25-34,80.0,Loan originated
1,685000.0,<20%,855000.0,1401.0,1,Not Hispanic or Latino,White,Male,25-34,80.0,Loan originated
1,395000.0,30%-<36%,1045000.0,195.0,1,Hispanic or Latino,White,Male,55-64,39.0,Loan originated
1,465000.0,46,625000.0,96.0,1,Not Hispanic or Latino,Asian,Male,35-44,75.0,Loan originated
1,335000.0,42,425000.0,81.0,1,Not Hispanic or Latino,White,Female,<25,80.0,Loan originated
1,705000.0,30%-<36%,875000.0,205.0,1,Not Hispanic or Latino,White,Male,25-34,80.0,Loan originated
1,885000.0,44,1105000.0,200.0,1,Not Hispanic or Latino,White,Female,45-54,80.0,Loan originated
1,455000.0,38,775000.0,138.0,1,Not Hispanic or Latino,Asian,Male,25-34,58.869,Loan originated
1,735000.0,41,915000.0,174.0,1,Not Hispanic or Latino,Asian,Male,35-44,80.0,Loan originated
1,315000.0,30%-<36%,395000.0,110.0,1,Hispanic or Latino,White,Male,35-44,80.0,Application denied
1,525000.0,44,705000.0,134.0,1,Not Hispanic or Latino,White,Male,25-34,74.0,Loan originated
1,75000.0,45,85000.0,63.0,1,Hispanic or Latino,Black or African American,Female,55-64,95.0,Application denied
1,695000.0,47,865000.0,160.0,1,Not Hispanic or Latino,Asian,Female,45-54,80.0,Loan originated
1,195000.0,42,245000.0,86.0,1,Not Hispanic or Latino,White,Male,>74,80.0,Loan originated
1,325000.0,49,335000.0,84.0,1,Not Hispanic or Latino,Black or African American,Female,55-64,103.667,Loan originated
1,695000.0,36,925000.0,191.0,1,Hispanic or Latino,White,Female,35-44,75.0,Loan originated
1,655000.0,40,825000.0,186.0,1,Not Hispanic or Latino,Asian,Male,25-34,80.0,Loan originated
1,475000.0,47,535000.0,128.0,1,Not Hispanic or Latino,White,Male,25-34,90.0,Loan originated
1,365000.0,49,455000.0,178.0,1,Hispanic or Latino,White,Female,65-74,80.0,Loan originated
1,585000.0,42,775000.0,151.0,1,Not Hispanic or Latino,White,Male,25-34,75.0,Loan originated
1,735000.0,48,915000.0,158.0,1,Not Hispanic or Latino,White,Male,35-44,80.0,Loan originated
1,145000.0,45,315000.0,40.0,1,Not Hispanic or Latino,White,Male,>74,44.03,Loan originated
1,355000.0,20%-<30%,375000.0,189.0,1,Not Hispanic or Latino,White,Male,55-64,95.0,Loan originated
1,735000.0,46,825000.0,361.0,1,Hispanic or Latino,White,Male,35-44,90.0,Loan originated
1,115000.0,20%-<30%,135000.0,86.0,1,Hispanic or Latino,White,Female,55-64,90.0,Application denied
1,605000.0,38,975000.0,171.0,1,Not Hispanic or Latino,White,Male,65-74,61.539,Loan originated
1,485000.0,49,725000.0,99.0,1,Not Hispanic or Latino,White,Female,>74,66.83,Loan originated
1,555000.0,38,585000.0,143.0,1,Hispanic or Latino,White,Female,65-74,95.0,Loan originated
1,765000.0,46,925000.0,189.0,1,Not Hispanic or Latino,Asian,Male,25-34,83.313,Loan originated
1,205000.0,30%-<36%,335000.0,264.0,1,Not Hispanic or Latino,White,Male,55-64,59.701,Loan originated
1,565000.0,46,715000.0,172.0,1,Not Hispanic or Latino,Black or African American,Female,35-44,90.0,Loan originated
1,475000.0,>60%,445000.0,70.0,1,Not Hispanic or Latino,Asian,Male,35-44,108.023,Application denied
1,505000.0,42,845000.0,137.0,1,Not Hispanic or Latino,Asian,Female,25-34,59.0,Loan originated
1,405000.0,40,435000.0,243.0,1,Hispanic or Latino,White,Female,45-54,95.0,Loan originated
1,705000.0,46,885000.0,218.0,1,Not Hispanic or Latino,Asian,Male,35-44,79.998,Loan originated
1,605000.0,30%-<36%,1005000.0,209.0,1,Not Hispanic or Latino,White,Female,35-44,60.0,Loan originated
1,605000.0,30%-<36%,825000.0,312.0,1,Not Hispanic or Latino,White,Female,45-54,74.0,Loan originated
1,575000.0,30%-<36%,835000.0,236.0,1,Not Hispanic or Latino,Asian,Male,55-64,68.367,Loan originated
1,585000.0,44,725000.0,144.0,1,Not Hispanic or Latino,Asian,Male,55-64,80.0,Loan originated
1,585000.0,45,935000.0,130.0,1,Not Hispanic or Latino,Asian,Female,35-44,62.599,Loan originated
1,325000.0,20%-<30%,625000.0,149.0,1,Not Hispanic or Latino,Asian,Female,45-54,60.0,Loan originated
1,515000.0,43,545000.0,115.0,1,Hispanic or Latino,White,Female,35-44,95.0,Loan originated
1,295000.0,30%-<36%,785000.0,132.0,1,Not Hispanic or Latino,Asian,Male,45-54,37.179,Loan originated
1,565000.0,44,705000.0,139.0,1,Hispanic or Latino,White,Female,35-44,80.0,Loan originated
1,535000.0,43,715000.0,125.0,1,Not Hispanic or Latino,Asian,Male,25-34,75.0,Loan originated
1,845000.0,49,885000.0,157.0,1,Not Hispanic or Latino,Asian,Male,35-44,95.0,Loan originated
1,395000.0,49,435000.0,76.0,1,Hispanic or Latino,White,Male,45-54,90.0,Loan originated
1,745000.0,30%-<36%,925000.0,284.0,1,Hispanic or Latino,White,Male,35-44,80.0,Loan originated
1,485000.0,<20%,605000.0,411.0,1,Not Hispanic or Latino,White,Male,35-44,80.0,Loan originated
1,595000.0,44,625000.0,148.0,1,Hispanic or Latino,White,Female,45-54,95.0,Loan originated
1,255000.0,30%-<36%,605000.0,151.0,1,Hispanic or Latino,Asian,Male,65-74,41.67,Application denied
1,345000.0,48,435000.0,72.0,1,Not Hispanic or Latino,Asian,Female,25-34,80.0,Loan originated
1,45000.0,20%-<30%,55000.0,72.0,1,Not Hispanic or Latino,White,Male,55-64,75.0,Application denied
1,755000.0,30%-<36%,845000.0,297.0,1,Hispanic or Latino,White,Male,25-34,90.0,Loan originated
1,115000.0,<20%,445000.0,83.0,1,Not Hispanic or Latino,White,Male,65-74,26.136,Loan originated
1,525000.0,30%-<36%,555000.0,185.0,1,Hispanic or Latino,White,Male,45-54,95.0,Loan originated
1,155000.0,30%-<36%,845000.0,83.0,1,Hispanic or Latino,White,Female,55-64,17.858,Loan originated
1,1005000.0,41,1495000.0,279.0,1,Not Hispanic or Latino,Asian,Male,45-54,66.697,Loan originated
1,605000.0,47,715000.0,159.0,1,Not Hispanic or Latino,White,Male,25-34,85.0,Application denied
1,715000.0,47,845000.0,182.0,1,Not Hispanic or Latino,Asian,Male,45-54,85.0,Loan originated
1,455000.0,49,575000.0,80.0,1,Not Hispanic or Latino,White,Male,35-44,80.0,Loan originated
1,505000.0,30%-<36%,625000.0,147.0,1,Not Hispanic or Latino,Asian,Female,25-34,80.0,Loan originated
1,535000.0,30%-<36%,825000.0,287.0,1,Not Hispanic or Latino,Asian,Male,55-64,65.0,Loan originated
1,765000.0,48,875000.0,178.0,1,Not Hispanic or Latino,Asian,Male,45-54,88.0,Loan originated
1,565000.0,42,705000.0,137.0,1,Not Hispanic or Latino,Asian,Male,25-34,80.0,Loan originated
1,525000.0,48,705000.0,128.0,1,Hispanic or Latino,White,Male,45-54,75.0,Loan originated
1,205000.0,41,215000.0,49.0,1,Hispanic or Latino,White,Male,35-44,95.0,Loan originated
1,605000.0,40,1275000.0,188.0,1,Not Hispanic or Latino,White,Female,55-64,47.244,Loan originated
1,875000.0,20%-<30%,1035000.0,292.0,1,Not Hispanic or Latino,White,Female,35-44,85.0,Loan originated
1,405000.0,49,455000.0,93.0,1,Hispanic or Latino,White,Male,55-64,90.0,Loan originated
1,515000.0,36,545000.0,144.0,1,Hispanic or Latino,White,Female,45-54,95.0,Application denied
1,515000.0,49,645000.0,130.0,1,Not Hispanic or Latino,White,Male,35-44,80.0,Application denied
1,185000.0,20%-<30%,565000.0,121.0,1,Not Hispanic or Latino,White,Male,55-64,33.0,Loan originated
1,725000.0,39,805000.0,183.0,1,Not Hispanic or Latino,White,Male,25-34,90.0,Loan originated
1,325000.0,20%-<30%,675000.0,124.0,1,Hispanic or Latino,White,Male,35-44,47.761,Loan originated
1,45000.0,45,65000.0,39.0,1,Not Hispanic or Latino,White,Male,>74,77.42,Application denied
1,395000.0,41,495000.0,99.0,1,Hispanic or Latino,White,Male,35-44,80.0,Loan originated
1,565000.0,37,805000.0,546.0,1,Not Hispanic or Latino,Asian,Male,55-64,70.0,Loan originated
1,455000.0,43,505000.0,115.0,1,Not Hispanic or Latino,White,Male,25-34,89.7,Loan originated
1,675000.0,30%-<36%,745000.0,211.0,1,Hispanic or Latino,White,Female,25-34,90.0,Loan originated
1,635000.0,47,795000.0,174.0,1,Not Hispanic or Latino,Asian,Male,25-34,79.99,Loan originated
1,555000.0,47,695000.0,125.0,1,Hispanic or Latino,White,Male,35-44,83.0,Application denied
1,495000.0,45,615000.0,148.0,1,Hispanic or Latino,White,Male,25-34,80.0,Loan originated
1,565000.0,47,665000.0,143.0,1,Not Hispanic or Latino,Asian,Female,25-34,85.0,Loan originated
1,425000.0,30%-<36%,535000.0,150.0,1,Not Hispanic or Latino,White,Male,55-64,80.0,Loan originated
1,375000.0,38,475000.0,145.0,1,Not Hispanic or Latino,White,Male,35-44,80.0,Loan originated
1,365000.0,39,475000.0,90.0,1,Not Hispanic or Latino,White,Male,<25,76.596,Loan originated
1,105000.0,20%-<30%,505000.0,80.0,1,Not Hispanic or Latino,White,Female,65-74,20.067,Loan originated
1,435000.0,41,455000.0,145.0,1,Not Hispanic or Latino,Asian,Female,25-34,96.5,Application denied
1,725000.0,41,905000.0,194.0,1,Not Hispanic or Latino,Asian,Male,<25,80.0,Loan originated
1,615000.0,49,645000.0,223.0,1,Not Hispanic or Latino,Asian,Male,35-44,95.0,Loan originated
1,565000.0,20%-<30%,705000.0,250.0,1,Not Hispanic or Latino,White,Female,25-34,80.0,Loan originated
1,545000.0,49,995000.0,138.0,1,Not Hispanic or Latino,Asian,Male,45-54,54.054,Loan originated
1,705000.0,49,745000.0,136.0,1,Hispanic or Latino,White,Male,45-54,95.0,Loan originated
1,825000.0,<20%,1035000.0,601.0,1,Not Hispanic or Latino,Asian,Male,45-54,80.0,Loan originated
1,365000.0,38,535000.0,245.0,1,Not Hispanic or Latino,White,Female,>74,67.381,Loan originated
1,405000.0,39,505000.0,130.0,1,Not Hispanic or Latino,White,Female,25-34,80.0,Loan originated
1,285000.0,20%-<30%,405000.0,102.0,1,Not Hispanic or Latino,Asian,Male,35-44,70.0,Loan originated
1,715000.0,36,1025000.0,220.0,1,Not Hispanic or Latino,White,Female,25-34,70.0,Loan originated
1,1085000.0,37,1555000.0,317.0,1,Not Hispanic or Latino,Asian,Male,35-44,70.0,Loan originated
1,885000.0,46,935000.0,188.0,1,Not Hispanic or Latino,White,Male,25-34,95.0,Loan originated
1,675000.0,50%-60%,795000.0,288.0,1,Not Hispanic or Latino,Asian,Male,25-34,85.0,Application denied
1,625000.0,47,835000.0,180.0,1,Not Hispanic or Latino,White,Female,45-54,75.0,Loan originated
1,1085000.0,20%-<30%,1355000.0,651.0,1,Not Hispanic or Latino,Asian,Female,55-64,80.0,Loan originated
1,1125000.0,50%-60%,1605000.0,249.0,1,Not Hispanic or Latino,White,Male,35-44,70.0,Loan originated
1,545000.0,30%-<36%,575000.0,325.0,1,Hispanic or Latino,White,Male,35-44,95.0,Loan originated
1,525000.0,47,755000.0,112.0,1,Not Hispanic or Latino,Asian,Male,45-54,70.0,Loan originated
1,705000.0,38,725000.0,236.0,1,Hispanic or Latino,White,Male,45-54,97.0,Loan originated
1,415000.0,44,465000.0,103.0,1,Not Hispanic or Latino,Black or African American,Male,45-54,99.07,Loan originated
1,505000.0,43,525000.0,117.0,1,Hispanic or Latino,White,Male,25-34,94.896,Loan originated
1,635000.0,39,795000.0,200.0,1,Not Hispanic or Latino,White,Male,45-54,80.0,Loan originated
1,845000.0,41,1055000.0,186.0,1,Not Hispanic or Latino,Asian,Male,25-34,80.0,Loan originated
1,665000.0,49,735000.0,239.0,1,Hispanic or Latino,White,Male,35-44,89.8,Loan originated
1,445000.0,49,895000.0,115.0,1,Not Hispanic or Latino,White,Female,65-74,50.0,Loan originated
1,105000.0,49,115000.0,33.0,1,Not Hispanic or Latino,American Indian or Alaska Native,Male,55-64,100.0,Loan originated
1,455000.0,42,655000.0,145.0,1,Not Hispanic or Latino,Asian,Female,45-54,73.984,Loan originated
1,215000.0,42,265000.0,73.0,1,Not Hispanic or Latino,White,Female,35-44,80.0,Loan originated
1,395000.0,37,445000.0,107.0,1,Hispanic or Latino,White,Male,25-34,88.764,Loan originated
1,755000.0,47,1415000.0,152.0,1,Not Hispanic or Latino,Asian,Male,45-54,53.191,Loan originated
1,245000.0,43,425000.0,80.0,1,Not Hispanic or Latino,White,Female,45-54,56.471,Loan originated
1,505000.0,49,685000.0,9.0,1,Not Hispanic or Latino,Asian,Female,45-54,72.57,Loan originated
1,1145000.0,46,1205000.0,308.0,1,Hispanic or Latino,White,Male,25-34,95.0,Loan originated
1,275000.0,42,455000.0,69.0,1,Not Hispanic or Latino,White,Male,35-44,59.934,Loan originated
1,695000.0,41,875000.0,155.0,1,Not Hispanic or Latino,Black or African American,Female,35-44,80.0,Loan originated
1,345000.0,45,435000.0,113.0,1,Not Hispanic or Latino,White,Male,45-54,80.0,Loan originated
1,455000.0,20%-<30%,575000.0,375.0,1,Hispanic or Latino,White,Male,45-54,80.0,Loan originated
1,105000.0,20%-<30%,105000.0,118.0,1,Not Hispanic or Latino,White,Female,45-54,95.0,Loan originated
1,625000.0,40,775000.0,155.0,1,Not Hispanic or Latino,White,Female,55-64,80.0,Loan originated
1,165000.0,48,525000.0,85.0,1,Not Hispanic or Latino,Black or African American,Male,55-64,31.11,Loan originated
1,425000.0,36,445000.0,117.0,1,Hispanic or Latino,White,Male,35-44,95.0,Loan originated
1,895000.0,30%-<36%,1375000.0,257.0,1,Not Hispanic or Latino,Asian,Male,35-44,65.0,Loan originated
1,305000.0,20%-<30%,705000.0,188.0,1,Not Hispanic or Latino,Asian,Male,25-34,43.262,Loan originated
1,965000.0,48,1075000.0,201.0,1,Not Hispanic or Latino,White,Male,<25,90.0,Loan originated
1,375000.0,40,395000.0,136.0,1,Not Hispanic or Latino,Native Hawaiian or Other Pacific Islander,Male,25-34,97.0,Loan originated
1,1055000.0,41,1415000.0,311.0,1,Not Hispanic or Latino,White,Male,45-54,75.0,Loan originated
1,205000.0,>60%,1205000.0,40.0,1,Not Hispanic or Latino,White,Female,65-74,16.667,Application denied
1,515000.0,49,755000.0,111.0,1,Not Hispanic or Latino,White,Male,25-34,68.0,Loan originated
1,265000.0,40,435000.0,119.0,1,Not Hispanic or Latino,White,Female,65-74,59.77,Loan originated
1,335000.0,45,415000.0,94.0,1,Hispanic or Latino,White,Female,35-44,80.0,Loan originated
1,705000.0,<20%,785000.0,679.0,1,Not Hispanic or Latino,White,Female,35-44,90.0,Loan originated
1,595000.0,46,745000.0,158.0,1,Not Hispanic or Latino,Asian,Male,25-34,80.0,Loan originated
1,135000.0,<20%,175000.0,84.0,1,Hispanic or Latino,White,Female,25-34,80.0,Loan originated
1,345000.0,20%-<30%,435000.0,204.0,1,Not Hispanic or Latino,Asian,Male,35-44,80.0,Loan originated
1,325000.0,47,335000.0,95.0,1,Not Hispanic or Latino,Asian,Male,35-44,101.94,Loan originated
1,605000.0,49,815000.0,124.0,1,Hispanic or Latino,White,Female,35-44,74.07,Loan originated
1,1125000.0,20%-<30%,1405000.0,450.0,1,Not Hispanic or Latino,Black or African American,Female,35-44,80.0,Loan originated
1,485000.0,49,535000.0,104.0,1,Hispanic or Latino,White,Male,25-34,90.0,Loan originated
1,435000.0,47,685000.0,103.0,1,Not Hispanic or Latino,Asian,Male,55-64,63.236,Loan originated
1,485000.0,49,625000.0,98.0,1,Not Hispanic or Latino,Asian,Male,35-44,76.8,Loan originated
1,305000.0,37,315000.0,85.0,1,Not Hispanic or Latino,White,Female,45-54,97.0,Loan originated
1,765000.0,48,1275000.0,166.0,1,Not Hispanic or Latino,White,Male,35-44,60.0,Loan originated
1,375000.0,>60%,395000.0,40.0,1,Not Hispanic or Latino,Asian,Male,<25,95.0,Application denied
1,925000.0,30%-<36%,1155000.0,433.0,1,Not Hispanic or Latino,White,Female,25-34,80.0,Loan originated
1,475000.0,44,875000.0,123.0,1,Not Hispanic or Latino,White,Female,45-54,54.286,Application denied
1,465000.0,41,525000.0,111.0,1,Hispanic or Latino,White,Female,35-44,90.0,Loan originated
1,615000.0,45,715000.0,189.0,1,Not Hispanic or Latino,White,Female,65-74,86.62,Loan originated
1,215000.0,30%-<36%,855000.0,111.0,1,Not Hispanic or Latino,White,Male,65-74,25.176,Loan originated
1,1105000.0,36,1565000.0,417.0,1,Not Hispanic or Latino,White,Male,45-54,70.288,Loan originated
1,545000.0,49,735000.0,120.0,1,Not Hispanic or Latino,White,Male,25-34,75.0,Loan originated
1,575000.0,48,595000.0,114.0,1,Hispanic or Latino,White,Male,35-44,99.521,Loan originated
1,405000.0,42,575000.0,101.0,1,Hispanic or Latino,White,Male,45-54,70.0,Loan originated
1,245000.0,30%-<36%,545000.0,86.0,1,Not Hispanic or Latino,White,Female,35-44,44.954,Loan originated
1,655000.0,47,1305000.0,164.0,1,Not Hispanic or Latino,Asian,Male,25-34,50.0,Loan originated
1,405000.0,47,735000.0,96.0,1,Not Hispanic or Latino,White,Female,25-34,54.795,Loan originated
1,495000.0,20%-<30%,615000.0,333.0,1,Hispanic or Latino,White,Female,45-54,80.0,Loan originated
1,695000.0,46,1085000.0,161.0,1,Not Hispanic or Latino,White,Female,25-34,64.47,Loan originated
1,555000.0,41,755000.0,125.0,1,Not Hispanic or Latino,Asian,Female,25-34,73.333,Loan originated
1,295000.0,45,405000.0,70.0,1,Hispanic or Latino,White,Female,35-44,99.0,Loan originated
1,465000.0,50%-60%,485000.0,90.0,1,Hispanic or Latino,White,Male,45-54,95.0,Loan originated
1,405000.0,49,735000.0,81.0,1,Not Hispanic or Latino,Asian,Male,55-64,55.301,Loan originated
1,315000.0,39,345000.0,86.0,1,Hispanic or Latino,White,Male,25-34,90.0,Loan originated
1,435000.0,20%-<30%,755000.0,240.0,1,Hispanic or Latino,White,Female,45-54,58.223,Loan originated
1,695000.0,43,735000.0,190.0,1,Hispanic or Latino,White,Male,25-34,95.0,Loan originated
1,475000.0,49,585000.0,101.0,1,Not Hispanic or Latino,Asian,Male,35-44,80.0,Loan originated
1,1005000.0,49,1255000.0,230.0,1,Not Hispanic or Latino,Black or African American,Female,45-54,80.0,Loan originated
1,495000.0,49,755000.0,160.0,1,Not Hispanic or Latino,White,Female,25-34,65.333,Loan originated
1,725000.0,20%-<30%,805000.0,285.0,1,Hispanic or Latino,White,Male,45-54,89.99,Loan originated
1,775000.0,41,1295000.0,221.0,1,Not Hispanic or Latino,Asian,Female,35-44,59.689,Loan originated
1,275000.0,20%-<30%,635000.0,173.0,1,Not Hispanic or Latino,White,Male,45-54,42.52,Loan originated
1,395000.0,48,415000.0,83.0,1,Hispanic or Latino,White,Male,25-34,95.0,Loan originated
1,545000.0,39,675000.0,169.0,1,Hispanic or Latino,White,Male,45-54,80.0,Loan originated
1,955000.0,47,1215000.0,227.0,1,Not Hispanic or Latino,White,Female,25-34,78.512,Loan originated
1,435000.0,47,545000.0,162.0,1,Not Hispanic or Latino,White,Female,55-64,80.0,Loan originated
1,1025000.0,39,1285000.0,271.0,1,Not Hispanic or Latino,White,Male,35-44,80.0,Loan originated
1,435000.0,20%-<30%,545000.0,400.0,1,Not Hispanic or Latino,Black or African American,Male,65-74,80.0,Loan originated
1,655000.0,36,735000.0,164.0,1,Not Hispanic or Latino,White,Male,35-44,89.792,Loan originated
1,135000.0,44,215000.0,80.0,1,Not Hispanic or Latino,White,Female,>74,62.79,Loan originated
1,315000.0,42,615000.0,226.0,1,Not Hispanic or Latino,White,Male,55-64,51.535,Loan originated
1,125000.0,20%-<30%,455000.0,73.0,1,Not Hispanic or Latino,White,Male,35-44,28.0,Loan originated
1,475000.0,48,495000.0,124.0,1,Not Hispanic or Latino,Asian,Male,25-34,96.0,Loan originated
1,685000.0,44,855000.0,198.0,1,Not Hispanic or Latino,White,Female,35-44,80.0,Loan originated
1,405000.0,43,425000.0,147.0,1,Hispanic or Latino,White,Female,45-54,95.0,Loan originated
1,505000.0,46,675000.0,170.0,1,Not Hispanic or Latino,Asian,Male,65-74,75.0,Loan originated
1,95000.0,50%-60%,115000.0,117.0,1,Hispanic or Latino,White,Female,55-64,80.0,Application denied
1,765000.0,45,1235000.0,173.0,1,Not Hispanic or Latino,Asian,Female,25-34,62.005,Loan originated
1,745000.0,46,825000.0,187.0,1,Not Hispanic or Latino,White,Male,35-44,90.0,Loan originated
1,465000.0,49,585000.0,102.0,1,Not Hispanic or Latino,Asian,Male,25-34,80.0,Loan originated
1,435000.0,49,455000.0,83.0,1,Not Hispanic or Latino,White,Female,25-34,95.0,Loan originated
1,275000.0,43,285000.0,113.0,1,Not Hispanic or Latino,White,Male,<25,95.0,Loan originated
1,405000.0,40,505000.0,107.0,1,Hispanic or Latino,White,Male,35-44,80.0,Loan originated
1,255000.0,20%-<30%,1115000.0,255.0,1,Not Hispanic or Latino,White,Female,35-44,22.48,Loan originated
1,725000.0,<20%,905000.0,1124.0,1,Not Hispanic or Latino,White,Female,55-64,80.0,Loan originated
1,505000.0,39,1315000.0,200.0,1,Not Hispanic or Latino,White,Female,35-44,38.02,Loan originated
1,795000.0,46,995000.0,165.0,1,Not Hispanic or Latino,White,Male,>74,80.0,Loan originated
1,125000.0,30%-<36%,325000.0,55.0,1,Not Hispanic or Latino,White,Female,>74,39.21,Loan originated
1,345000.0,48,425000.0,220.0,1,Not Hispanic or Latino,White,Male,<25,80.0,Loan originated
1,345000.0,43,435000.0,83.0,1,Not Hispanic or Latino,White,Female,45-54,80.0,Loan originated
1,725000.0,44,1365000.0,200.0,1,Not Hispanic or Latino,White,Male,45-54,53.309,Loan originated
1,995000.0,50%-60%,1105000.0,210.0,1,Not Hispanic or Latino,White,Male,55-64,90.0,Application denied
1,505000.0,>60%,1245000.0,225.0,1,Not Hispanic or Latino,Black or African American,Male,55-64,40.548,Application denied
1,305000.0,39,345000.0,85.0,1,Hispanic or Latino,White,Male,25-34,90.0,Loan originated
1,905000.0,44,1805000.0,214.0,1,Not Hispanic or Latino,Asian,Male,45-54,50.0,Loan originated
1,705000.0,42,1305000.0,173.0,1,Not Hispanic or Latino,White,Male,65-74,53.846,Loan originated
1,425000.0,46,535000.0,106.0,1,Not Hispanic or Latino,Asian,Male,<25,80.0,Loan originated
1,465000.0,47,525000.0,115.0,1,Not Hispanic or Latino,White,Female,25-34,90.0,Loan originated
1,525000.0,>60%,545000.0,17.0,1,Hispanic or Latino,White,Female,45-54,100.0,Application denied
1,185000.0,47,395000.0,52.0,1,Hispanic or Latino,White,Female,65-74,47.436,Loan originated
1,535000.0,43,1085000.0,145.0,1,Not Hispanic or Latino,Asian,Female,25-34,49.31,Loan originated
1,595000.0,48,635000.0,108.0,1,Not Hispanic or Latino,White,Male,25-34,98.0,Loan originated
1,535000.0,30%-<36%,935000.0,172.0,1,Not Hispanic or Latino,Asian,Male,35-44,58.0,Loan originated
1,205000.0,41,265000.0,117.0,1,Hispanic or Latino,White,Male,55-64,76.92,Loan originated
1,385000.0,20%-<30%,5555000.0,131.0,1,Not Hispanic or Latino,White,Male,35-44,73.077,Loan originated
1,465000.0,44,495000.0,116.0,1,Hispanic or Latino,White,Male,45-54,95.0,Loan originated
1,685000.0,47,805000.0,146.0,1,Hispanic or Latino,White,Male,25-34,86.0,Loan originated
1,325000.0,46,365000.0,68.0,1,Not Hispanic or Latino,White,Male,25-34,90.0,Loan originated
1,505000.0,37,535000.0,130.0,1,Hispanic or Latino,White,Female,35-44,94.964,Loan originated
1,415000.0,40,445000.0,115.0,1,Not Hispanic or Latino,White,Female,35-44,94.0,Loan originated
1,155000.0,48,165000.0,38.0,1,Hispanic or Latino,White,Female,45-54,95.0,Loan originated
1,485000.0,47,695000.0,104.0,1,Hispanic or Latino,White,Male,<25,70.0,Loan originated
1,1055000.0,42,1265000.0,257.0,1,Not Hispanic or Latino,Asian,Male,45-54,83.333,Loan originated
1,705000.0,43,905000.0,161.0,1,Not Hispanic or Latino,Asian,Female,35-44,77.899,Loan originated
1,305000.0,49,975000.0,120.0,1,Not Hispanic or Latino,White,Female,55-64,30.769,Application denied
1,1055000.0,38,3055000.0,522.0,1,Not Hispanic or Latino,Asian,Male,35-44,34.426,Loan originated
1,235000.0,49,625000.0,69.0,1,Not Hispanic or Latino,White,Male,<25,37.918,Loan originated
1,635000.0,>60%,705000.0,108.0,1,Not Hispanic or Latino,White,Male,55-64,90.0,Application denied
1,415000.0,20%-<30%,695000.0,177.0,1,Hispanic or Latino,White,Male,35-44,60.0,Loan originated
1,485000.0,43,645000.0,145.0,1,Hispanic or Latino,White,Male,35-44,75.0,Loan originated
1,385000.0,30%-<36%,555000.0,115.0,1,Not Hispanic or Latino,Asian,Female,25-34,70.0,Loan originated
1,975000.0,43,1395000.0,226.0,1,Not Hispanic or Latino,White,Male,35-44,70.0,Loan originated
1,755000.0,30%-<36%,1135000.0,248.0,1,Hispanic or Latino,White,Female,25-34,67.0,Loan originated
1,365000.0,30%-<36%,515000.0,118.0,1,Not Hispanic or Latino,White,Female,45-54,71.0,Loan originated
1,365000.0,30%-<36%,945000.0,128.0,1,Not Hispanic or Latino,Asian,Male,35-44,38.624,Loan originated
1,315000.0,49,355000.0,63.0,1,Hispanic or Latino,White,Male,25-34,90.0,Loan originated
1,735000.0,46,975000.0,180.0,1,Not Hispanic or Latino,Asian,Male,25-34,75.0,Loan originated
1,645000.0,20%-<30%,1285000.0,524.0,1,Not Hispanic or Latino,Asian,Male,45-54,50.0,Loan originated
1,835000.0,38,1115000.0,368.0,1,Not Hispanic or Latino,White,Male,<25,75.0,Loan originated
1,605000.0,20%-<30%,645000.0,275.0,1,Not Hispanic or Latino,White,Male,35-44,95.0,Loan originated
1,555000.0,44,565000.0,454.0,1,Hispanic or Latino,White,Female,25-34,90.0,Application denied
1,365000.0,<20%,715000.0,363.0,1,Not Hispanic or Latino,White,Male,35-44,51.049,Loan originated
1,535000.0,20%-<30%,635000.0,238.0,1,Not Hispanic or Latino,White,Male,45-54,84.921,Loan originated
1,255000.0,30%-<36%,425000.0,91.0,1,Hispanic or Latino,White,Male,35-44,60.0,Loan originated
1,455000.0,45,915000.0,130.0,1,Not Hispanic or Latino,Asian,Female,35-44,98.91,Loan originated
1,185000.0,43,195000.0,66.0,1,Not Hispanic or Latino,White,Male,25-34,98.8,Loan originated
1,345000.0,30%-<36%,435000.0,121.0,1,Not Hispanic or Latino,White,Male,35-44,80.0,Loan originated
1,445000.0,20%-<30%,675000.0,252.0,1,Not Hispanic or Latino,White,Male,55-64,65.0,Loan originated
1,475000.0,49,495000.0,106.0,1,Not Hispanic or Latino,Black or African American,Female,65-74,95.0,Loan originated
1,755000.0,41,1355000.0,232.0,1,Not Hispanic or Latino,Asian,Female,65-74,55.556,Loan originated
1,1105000.0,48,1225000.0,329.0,1,Not Hispanic or Latino,Asian,Male,35-44,89.96,Loan originated
1,325000.0,47,415000.0,74.0,1,Not Hispanic or Latino,White,Female,45-54,80.0,Loan originated
1,405000.0,43,1025000.0,115.0,1,Not Hispanic or Latino,White,Male,25-34,39.216,Loan originated
1,335000.0,43,355000.0,105.0,1,Not Hispanic or Latino,White,Female,45-54,95.0,Loan originated
1,755000.0,45,795000.0,223.0,1,Not Hispanic or Latino,Black or African American,Male,35-44,95.0,Loan originated
1,735000.0,42,775000.0,174.0,1,Not Hispanic or Latino,White,Male,45-54,95.0,Loan originated
1,525000.0,30%-<36%,655000.0,189.0,1,Not Hispanic or Latino,Asian,Male,35-44,79.966,Loan originated
1,405000.0,41,455000.0,154.0,1,Not Hispanic or Latino,White,Male,25-34,90.0,Loan originated
1,455000.0,41,465000.0,108.0,1,Hispanic or Latino,White,Female,35-44,97.0,Loan originated
1,765000.0,<20%,1535000.0,676.0,1,Not Hispanic or Latino,White,Male,65-74,50.101,Loan originated
1,765000.0,49,825000.0,217.0,1,Not Hispanic or Latino,White,Female,35-44,92.372,Loan originated
1,725000.0,38,945000.0,240.0,1,Not Hispanic or Latino,White,Male,55-64,80.0,Loan originated
1,405000.0,49,505000.0,120.0,1,Not Hispanic or Latino,White,Male,<25,80.0,Loan originated
1,885000.0,<20%,1105000.0,560.0,1,Not Hispanic or Latino,White,Male,55-64,80.0,Loan originated
1,485000.0,49,505000.0,182.0,1,Hispanic or Latino,White,Male,25-34,99.97,Loan originated
1,455000.0,20%-<30%,1475000.0,283.0,1,Not Hispanic or Latino,Black or African American,Female,55-64,30.508,Loan originated
1,335000.0,47,425000.0,70.0,1,Hispanic or Latino,White,Male,65-74,80.0,Loan originated
1,1025000.0,43,1525000.0,355.0,1,Not Hispanic or Latino,White,Male,35-44,67.105,Loan originated
1,1025000.0,36,1375000.0,308.0,1,Not Hispanic or Latino,White,Male,45-54,74.46,Loan originated
1,235000.0,42,365000.0,65.0,1,Not Hispanic or Latino,Asian,Male,55-64,65.0,Loan originated
1,545000.0,37,725000.0,200.0,1,Not Hispanic or Latino,Asian,Male,45-54,75.0,Loan originated
1,595000.0,44,665000.0,164.0,1,Not Hispanic or Latino,White,Female,55-64,90.0,Loan originated
1,535000.0,44,665000.0,116.0,1,Not Hispanic or Latino,Asian,Female,55-64,100.0,Loan originated
1,355000.0,30%-<36%,625000.0,144.0,1,Not Hispanic or Latino,Asian,Female,35-44,56.76,Loan originated
1,555000.0,38,1685000.0,203.0,1,Not Hispanic or Latino,Asian,Male,45-54,32.74,Loan originated
1,525000.0,20%-<30%,555000.0,238.0,1,Hispanic or Latino,White,Female,35-44,95.0,Loan originated
1,715000.0,<20%,1195000.0,600.0,1,Not Hispanic or Latino,White,Male,25-34,60.0,Loan originated
1,905000.0,45,1205000.0,201.0,1,Not Hispanic or Latino,Asian,Male,25-34,75.0,Loan originated
1,415000.0,42,465000.0,169.0,1,Hispanic or Latino,White,Female,55-64,90.0,Loan originated
1,235000.0,47,495000.0,220.0,1,Not Hispanic or Latino,White,Female,>74,47.896,Loan originated
1,535000.0,41,635000.0,193.0,1,Hispanic or Latino,White,Male,35-44,85.0,Application denied
1,565000.0,41,635000.0,151.0,1,Not Hispanic or Latino,White,Female,35-44,90.0,Loan originated
1,1145000.0,>60%,1685000.0,170.0,1,Not Hispanic or Latino,Asian,Male,35-44,68.393,Application denied
1,765000.0,45,1125000.0,170.0,1,Not Hispanic or Latino,White,Male,45-54,68.138,Loan originated
1,915000.0,42,1225000.0,218.0,1,Not Hispanic or Latino,Asian,Male,25-34,75.0,Loan originated
1,565000.0,45,705000.0,135.0,1,Hispanic or Latino,White,Male,35-44,80.0,Loan originated
1,525000.0,44,585000.0,139.0,1,Not Hispanic or Latino,Black or African American,Female,45-54,90.0,Loan originated
1,655000.0,45,935000.0,154.0,1,Not Hispanic or Latino,Asian,Female,25-34,70.0,Loan originated
1,695000.0,30%-<36%,865000.0,232.0,1,Hispanic or Latino,American Indian or Alaska Native,Male,25-34,80.0,Loan originated
1,565000.0,41,805000.0,222.0,1,Hispanic or Latino,White,Female,55-64,70.0,Loan originated
1,475000.0,47,535000.0,125.0,1,Not Hispanic or Latino,Asian,Female,25-34,89.0,Loan originated
1,555000.0,47,655000.0,112.0,1,Not Hispanic or Latino,Asian,Female,45-54,84.615,Loan originated
1,245000.0,44,275000.0,64.0,1,Hispanic or Latino,White,Male,25-34,90.0,Application denied
1,765000.0,41,955000.0,190.0,1,Not Hispanic or Latino,Black or African American,Male,35-44,80.0,Loan originated
1,1075000.0,<20%,1345000.0,911.0,1,Not Hispanic or Latino,White,Male,45-54,80.0,Loan originated
1,885000.0,44,1105000.0,242.0,1,Not Hispanic or Latino,Asian,Male,25-34,80.0,Loan originated
1,765000.0,47,1025000.0,247.0,1,Not Hispanic or Latino,Asian,Female,55-64,75.0,Loan originated
1,375000.0,39,535000.0,162.0,1,Not Hispanic or Latino,White,Male,35-44,70.093,Loan originated
1,315000.0,47,415000.0,93.0,1,Not Hispanic or Latino,White,Male,35-44,75.0,Loan originated
1,775000.0,36,915000.0,239.0,1,Not Hispanic or Latino,Asian,Male,55-64,85.0,Loan originated
1,515000.0,49,645000.0,99.0,1,Not Hispanic or Latino,Asian,Female,35-44,80.0,Loan originated
1,825000.0,<20%,975000.0,570.0,1,Not Hispanic or Latino,White,Female,25-34,85.0,Loan originated
1,375000.0,46,535000.0,77.0,1,Not Hispanic or Latino,White,Female,35-44,70.0,Loan originated
1,225000.0,38,285000.0,70.0,1,Not Hispanic or Latino,Black or African American,Female,65-74,80.0,Loan originated
1,975000.0,30%-<36%,1575000.0,331.0,1,Not Hispanic or Latino,Asian,Male,35-44,62.0,Loan originated
1,1105000.0,46,2105000.0,449.0,1,Not Hispanic or Latino,White,Male,45-54,52.381,Loan originated
1,555000.0,49,575000.0,136.0,1,Hispanic or Latino,White,Female,35-44,100.0,Loan originated
1,485000.0,30%-<36%,615000.0,200.0,1,Not Hispanic or Latino,Asian,Male,35-44,80.0,Loan originated
1,305000.0,48,375000.0,105.0,1,Not Hispanic or Latino,White,Male,35-44,80.0,Loan originated
1,705000.0,48,885000.0,164.0,1,Not Hispanic or Latino,Asian,Male,25-34,79.64,Loan originated
1,335000.0,44,645000.0,117.0,1,Hispanic or Latino,White,Male,55-64,51.875,Loan originated
1,675000.0,45,725000.0,185.0,1,Not Hispanic or Latino,White,Male,55-64,93.0,Loan originated
1,555000.0,37,1325000.0,175.0,1,Not Hispanic or Latino,Asian,Female,45-54,42.0,Loan originated
1,405000.0,40,605000.0,105.0,1,Not Hispanic or Latino,White,Female,65-74,68.167,Loan originated
1,765000.0,37,785000.0,194.0,1,Hispanic or Latino,American Indian or Alaska Native,Male,35-44,97.0,Loan originated
1,425000.0,46,445000.0,164.0,1,Hispanic or Latino,White,Male,35-44,97.0,Loan originated
1,525000.0,30%-<36%,775000.0,222.0,1,Not Hispanic or Latino,Black or African American,Male,55-64,67.57,Loan originated
1,665000.0,49,835000.0,157.0,1,Not Hispanic or Latino,Asian,Male,35-44,80.0,Loan originated
1,765000.0,30%-<36%,815000.0,258.0,1,Not Hispanic or Latino,White,Female,55-64,93.87,Loan originated
1,315000.0,49,335000.0,78.0,1,Hispanic or Latino,White,Male,55-64,95.0,Loan originated
1,555000.0,43,655000.0,160.0,1,Not Hispanic or Latino,Asian,Male,45-54,84.733,Loan originated
1,35000.0,50%-60%,125000.0,48.0,1,Not Hispanic or Latino,White,Male,>74,28.23,Loan originated
1,655000.0,43,695000.0,187.0,1,Not Hispanic or Latino,Asian,Male,35-44,95.0,Loan originated
1,675000.0,36,715000.0,174.0,1,Hispanic or Latino,White,Male,25-34,95.0,Loan originated
1,475000.0,48,965000.0,121.0,1,Hispanic or Latino,White,Female,45-54,49.0,Loan originated
1,485000.0,47,575000.0,109.0,1,Not Hispanic or Latino,Asian,Male,35-44,85.0,Loan originated
1,205000.0,20%-<30%,265000.0,95.0,1,Hispanic or Latino,White,Female,35-44,80.0,Loan originated
1,335000.0,49,535000.0,61.0,1,Not Hispanic or Latino,Asian,Male,45-54,62.347,Loan originated
1,725000.0,30%-<36%,915000.0,215.0,1,Not Hispanic or Latino,Asian,Female,45-54,80.0,Loan originated
1,605000.0,20%-<30%,765000.0,374.0,1,Hispanic or Latino,White,Male,45-54,80.0,Loan originated
1,225000.0,44,535000.0,61.0,1,Not Hispanic or Latino,White,Female,55-64,41.509,Loan originated
1,145000.0,48,445000.0,53.0,1,Not Hispanic or Latino,White,Male,35-44,31.818,Loan originated
1,15000.0,45,505000.0,135.0,1,Not Hispanic or Latino,White,Female,55-64,100.0,Loan originated
1,615000.0,49,685000.0,210.0,1,Not Hispanic or Latino,White,Male,45-54,90.0,Loan originated
1,365000.0,44,385000.0,98.0,1,Not Hispanic or Latino,Asian,Female,35-44,95.0,Loan originated
1,15000.0,30%-<36%,545000.0,151.0,1,Hispanic or Latino,White,Male,25-34,100.0,Loan originated
1,505000.0,42,565000.0,169.0,1,Not Hispanic or Latino,White,Male,55-64,93.0,Loan originated
1,995000.0,41,1105000.0,721.0,1,Not Hispanic or Latino,Asian,Male,45-54,90.0,Loan originated
1,735000.0,44,775000.0,163.0,1,Not Hispanic or Latino,White,Male,35-44,95.0,Loan originated
1,925000.0,44,1155000.0,257.0,1,Hispanic or Latino,White,Female,35-44,80.0,Loan originated
1,1005000.0,46,1105000.0,234.0,1,Not Hispanic or Latino,White,Female,45-54,91.455,Loan originated
1,265000.0,36,405000.0,95.0,1,Not Hispanic or Latino,White,Male,45-54,65.0,Application denied
1,605000.0,40,835000.0,156.0,1,Not Hispanic or Latino,Asian,Female,25-34,72.0,Loan originated
1,455000.0,37,465000.0,163.0,1,Not Hispanic or Latino,White,Female,25-34,97.0,Loan originated
1,805000.0,40,1075000.0,332.0,1,Not Hispanic or Latino,Black or African American,Female,65-74,75.0,Loan originated
1,1005000.0,39,2535000.0,406.0,1,Not Hispanic or Latino,Asian,Female,45-54,39.526,Loan originated
1,525000.0,45,585000.0,110.0,1,Not Hispanic or Latino,Asian,Male,25-34,90.0,Loan originated
1,525000.0,45,555000.0,225.0,1,Hispanic or Latino,White,Male,35-44,95.0,Loan originated
1,535000.0,47,715000.0,441.0,1,Hispanic or Latino,White,Male,35-44,75.0,Loan originated
1,375000.0,47,445000.0,109.0,1,Not Hispanic or Latino,Native Hawaiian or Other Pacific Islander,Female,35-44,103.82,Loan originated
1,265000.0,46,535000.0,72.0,1,Hispanic or Latino,White,Male,45-54,48.598,Loan originated
1,495000.0,39,625000.0,129.0,1,Not Hispanic or Latino,Asian,Female,25-34,80.0,Loan originated
1,595000.0,48,615000.0,147.0,1,Not Hispanic or Latino,White,Male,25-34,97.0,Loan originated
1,385000.0,44,515000.0,117.0,1,Not Hispanic or Latino,Asian,Female,35-44,75.0,Loan originated
1,475000.0,36,595000.0,253.0,1,Not Hispanic or Latino,Asian,Male,55-64,80.0,Loan originated
1,565000.0,44,625000.0,163.0,1,Not Hispanic or Latino,Black or African American,Male,35-44,90.0,Loan originated
1,745000.0,49,935000.0,142.0,1,Not Hispanic or Latino,White,Male,35-44,80.0,Loan originated
1,305000.0,49,655000.0,67.0,1,Not Hispanic or Latino,White,Male,45-54,48.0,Loan originated
1,395000.0,49,535000.0,73.0,1,Not Hispanic or Latino,White,Female,25-34,75.0,Loan originated
1,685000.0,>60%,1185000.0,55.0,1,Not Hispanic or Latino,Asian,Female,35-44,58.143,Application denied
1,485000.0,41,515000.0,140.0,1,Hispanic or Latino,White,Male,45-54,95.0,Loan originated
1,385000.0,42,515000.0,136.0,1,Hispanic or Latino,White,Male,25-34,74.76,Application denied
1,635000.0,30%-<36%,785000.0,200.0,1,Not Hispanic or Latino,White,Female,35-44,80.0,Loan originated
1,165000.0,49,215000.0,74.0,1,Not Hispanic or Latino,White,Female,35-44,83.0,Loan originated
1,585000.0,30%-<36%,785000.0,174.0,1,Hispanic or Latino,White,Male,55-64,74.522,Loan originated
1,325000.0,30%-<36%,345000.0,184.0,1,Hispanic or Latino,White,Female,55-64,95.0,Loan originated
1,735000.0,38,915000.0,202.0,1,Not Hispanic or Latino,White,Male,45-54,80.0,Loan originated
1,475000.0,20%-<30%,595000.0,208.0,1,Not Hispanic or Latino,White,Female,25-34,80.0,Loan originated
1,475000.0,30%-<36%,885000.0,195.0,1,Not Hispanic or Latino,Asian,Female,35-44,54.02,Loan originated
1,705000.0,37,745000.0,178.0,1,Not Hispanic or Latino,Asian,Female,<25,95.0,Loan originated
1,305000.0,45,905000.0,102.0,1,Hispanic or Latino,White,Female,65-74,33.333,Loan originated
1,395000.0,37,985000.0,150.0,1,Not Hispanic or Latino,Asian,Male,35-44,39.796,Loan originated
1,945000.0,30%-<36%,995000.0,338.0,1,Not Hispanic or Latino,White,Male,35-44,95.0,Loan originated
1,355000.0,45,595000.0,113.0,1,Not Hispanic or Latino,White,Female,>74,58.72,Loan originated
1,445000.0,20%-<30%,595000.0,148.0,1,Not Hispanic or Latino,Asian,Female,45-54,74.79,Loan originated
1,405000.0,48,485000.0,82.0,1,Not Hispanic or Latino,White,Female,<25,85.0,Loan originated
1,585000.0,30%-<36%,965000.0,371.0,1,Not Hispanic or Latino,White,Female,55-64,60.499,Loan originated
1,1075000.0,47,1435000.0,374.0,1,Not Hispanic or Latino,Asian,Male,35-44,74.975,Loan originated
1,485000.0,39,515000.0,117.0,1,Hispanic or Latino,White,Male,35-44,95.0,Loan originated
1,965000.0,49,1535000.0,206.0,1,Not Hispanic or Latino,White,Male,45-54,64.0,Loan originated
1,285000.0,30%-<36%,305000.0,95.0,1,Hispanic or Latino,White,Male,65-74,95.0,Application denied
1,315000.0,41,395000.0,410.0,1,Not Hispanic or Latino,White,Male,25-34,80.0,Loan originated
1,135000.0,50%-60%,205000.0,89.0,1,Not Hispanic or Latino,White,Male,55-64,65.0,Loan originated
1,695000.0,38,775000.0,274.0,1,Hispanic or Latino,American Indian or Alaska Native,Male,45-54,90.0,Loan originated
1,475000.0,41,685000.0,188.0,1,Not Hispanic or Latino,White,Male,25-34,70.002,Loan originated
1,125000.0,20%-<30%,155000.0,67.0,1,Hispanic or Latino,White,Male,55-64,80.0,Loan originated
1,985000.0,20%-<30%,1225000.0,710.0,1,Not Hispanic or Latino,White,Male,45-54,80.0,Loan originated
1,295000.0,43,695000.0,90.0,1,Not Hispanic or Latino,Asian,Male,25-34,42.731,Loan originated
1,525000.0,44,615000.0,214.0,1,Not Hispanic or Latino,2 or more minority races,Female,<25,85.0,Loan originated
1,305000.0,44,385000.0,69.0,1,Not Hispanic or Latino,White,Male,<25,80.0,Loan originated
1,395000.0,30%-<36%,495000.0,156.0,1,Not Hispanic or Latino,Asian,Female,25-34,80.0,Loan originated
1,815000.0,42,865000.0,197.0,1,Not Hispanic or Latino,White,Male,35-44,95.0,Loan originated
1,1065000.0,47,1405000.0,247.0,1,Not Hispanic or Latino,Asian,Female,25-34,75.409,Loan originated
1,685000.0,49,855000.0,261.0,1,Not Hispanic or Latino,Asian,Male,35-44,80.0,Loan originated
1,295000.0,47,985000.0,164.0,1,Hispanic or Latino,American Indian or Alaska Native,Male,65-74,29.988,Loan originated
1,465000.0,39,665000.0,151.0,1,Not Hispanic or Latino,White,Female,45-54,70.0,Loan originated
1,1025000.0,30%-<36%,1775000.0,387.0,1,Not Hispanic or Latino,White,Male,35-44,57.8,Loan originated
1,285000.0,44,415000.0,59.0,1,Hispanic or Latino,White,Male,25-34,69.0,Loan originated
1,765000.0,46,955000.0,152.0,1,Hispanic or Latino,White,Male,45-54,80.0,Loan originated
1,665000.0,48,685000.0,155.0,1,Hispanic or Latino,White,Male,35-44,97.0,Loan originated
1,735000.0,48,775000.0,163.0,1,Not Hispanic or Latino,White,Female,25-34,95.0,Loan originated
1,925000.0,37,1525000.0,300.0,1,Not Hispanic or Latino,Black or African American,Female,45-54,60.526,Loan originated
1,645000.0,30%-<36%,675000.0,205.0,1,Hispanic or Latino,White,Male,45-54,95.0,Loan originated
1,675000.0,49,795000.0,184.0,1,Hispanic or Latino,White,Male,35-44,85.0,Loan originated
1,365000.0,48,495000.0,108.0,1,Not Hispanic or Latino,Asian,Male,55-64,75.0,Loan originated
1,405000.0,49,855000.0,99.0,1,Not Hispanic or Latino,Asian,Female,25-34,47.059,Loan originated
1,245000.0,37,485000.0,121.0,1,Not Hispanic or Latino,White,Female,35-44,50.0,Loan originated
1,225000.0,49,285000.0,55.0,1,Hispanic or Latino,White,Male,25-34,83.0,Loan originated
1,105000.0,20%-<30%,505000.0,84.0,1,Not Hispanic or Latino,White,Female,>74,20.0,Loan originated
1,575000.0,40,725000.0,172.0,1,Not Hispanic or Latino,Asian,Male,25-34,80.0,Loan originated
1,445000.0,44,625000.0,96.0,1,Not Hispanic or Latino,White,Male,>74,71.82,Loan originated
1,235000.0,20%-<30%,315000.0,132.0,1,Not Hispanic or Latino,White,Male,25-34,76.0,Loan originated
1,235000.0,50%-60%,385000.0,76.0,1,Not Hispanic or Latino,White,Male,>74,62.5,Application denied
1,235000.0,42,315000.0,57.0,1,Not Hispanic or Latino,White,Male,25-34,75.0,Loan originated
1,795000.0,41,835000.0,260.0,1,Not Hispanic or Latino,Asian,Female,35-44,95.0,Loan originated
1,585000.0,49,735000.0,123.0,1,Not Hispanic or Latino,White,Male,45-54,80.0,Loan originated
1,825000.0,47,1255000.0,231.0,1,Not Hispanic or Latino,Asian,Female,25-34,66.0,Loan originated
1,755000.0,49,795000.0,189.0,1,Hispanic or Latino,White,Male,35-44,95.0,Loan originated
1,505000.0,30%-<36%,1495000.0,213.0,1,Not Hispanic or Latino,Asian,Female,45-54,33.557,Loan originated
1,545000.0,48,685000.0,221.0,1,Hispanic or Latino,American Indian or Alaska Native,Male,<25,80.0,Loan originated
1,565000.0,50%-60%,715000.0,170.0,1,Not Hispanic or Latino,Asian,Male,45-54,80.0,Application denied
1,565000.0,44,705000.0,140.0,1,Hispanic or Latino,White,Male,45-54,80.0,Loan originated
1,425000.0,47,535000.0,168.0,1,Not Hispanic or Latino,Asian,Female,65-74,80.0,Loan originated
1,765000.0,47,1025000.0,161.0,1,Hispanic or Latino,White,Male,45-54,75.0,Loan originated
1,295000.0,49,495000.0,64.0,1,Not Hispanic or Latino,White,Male,45-54,60.0,Loan originated
1,395000.0,30%-<36%,495000.0,135.0,1,Hispanic or Latino,White,Female,<25,80.0,Loan originated
1,205000.0,41,305000.0,57.0,1,Hispanic or Latino,White,Male,25-34,65.574,Loan originated
1,765000.0,39,955000.0,349.0,1,Not Hispanic or Latino,Asian,Female,25-34,80.0,Loan originated
1,405000.0,>60%,505000.0,39.0,1,Not Hispanic or Latino,Asian,Male,<25,80.0,Application denied
1,385000.0,20%-<30%,395000.0,157.0,1,Not Hispanic or Latino,White,Male,25-34,100.0,Loan originated
1,665000.0,38,695000.0,314.0,1,Not Hispanic or Latino,Black or African American,Male,25-34,97.0,Application denied
1,585000.0,49,655000.0,215.0,1,Not Hispanic or Latino,White,Male,35-44,90.0,Loan originated
1,395000.0,49,495000.0,85.0,1,Not Hispanic or Latino,White,Female,25-34,80.0,Loan originated
1,275000.0,37,325000.0,85.0,1,Not Hispanic or Latino,Asian,Female,45-54,84.986,Loan originated
1,685000.0,30%-<36%,975000.0,417.0,1,Not Hispanic or Latino,White,Male,55-64,70.0,Loan originated
1,515000.0,43,605000.0,126.0,1,Not Hispanic or Latino,White,Female,25-34,85.0,Loan originated
1,755000.0,39,795000.0,224.0,1,Not Hispanic or Latino,White,Female,35-44,95.0,Loan originated
1,435000.0,20%-<30%,545000.0,170.0,1,Not Hispanic or Latino,White,Female,25-34,80.0,Application denied
1,285000.0,41,295000.0,82.0,1,Not Hispanic or Latino,White,Male,65-74,97.0,Loan originated
1,155000.0,49,695000.0,83.0,1,Not Hispanic or Latino,White,Female,65-74,21.676,Loan originated
1,685000.0,39,975000.0,183.0,1,Not Hispanic or Latino,White,Male,35-44,70.0,Loan originated
1,665000.0,36,685000.0,201.0,1,Not Hispanic or Latino,Black or African American,Male,35-44,97.0,Loan originated
1,545000.0,44,915000.0,130.0,1,Not Hispanic or Latino,Native Hawaiian or Other Pacific Islander,Male,35-44,59.016,Loan originated
1,505000.0,48,635000.0,110.0,1,Not Hispanic or Latino,White,Female,45-54,80.0,Loan originated
1,1125000.0,<20%,1325000.0,634.0,1,Not Hispanic or Latino,White,Female,35-44,84.848,Loan originated
1,355000.0,49,945000.0,83.0,1,Not Hispanic or Latino,White,Female,45-54,37.632,Loan originated
1,755000.0,20%-<30%,845000.0,278.0,1,Not Hispanic or Latino,Asian,Female,35-44,90.0,Loan originated
1,725000.0,48,915000.0,185.0,1,Not Hispanic or Latino,White,Male,65-74,80.0,Loan originated
1,495000.0,47,525000.0,185.0,1,Hispanic or Latino,White,Female,45-54,95.0,Loan originated
1,555000.0,20%-<30%,625000.0,215.0,1,Not Hispanic or Latino,Asian,Male,45-54,90.0,Loan originated
1,205000.0,20%-<30%,755000.0,163.0,1,Not Hispanic or Latino,White,Male,65-74,26.667,Loan originated
1,485000.0,44,885000.0,116.0,1,Not Hispanic or Latino,White,Female,>74,54.802,Loan originated
1,585000.0,48,1085000.0,127.0,1,Not Hispanic or Latino,Asian,Male,55-64,53.917,Loan originated
1,275000.0,30%-<36%,345000.0,83.0,1,Not Hispanic or Latino,Asian,Male,<25,80.0,Loan originated
1,495000.0,49,625000.0,110.0,1,Not Hispanic or Latino,Asian,Female,35-44,80.0,Loan originated
1,1135000.0,41,1265000.0,308.0,1,Not Hispanic or Latino,Asian,Female,25-34,89.98,Loan originated
1,645000.0,48,675000.0,165.0,1,Not Hispanic or Latino,White,Male,45-54,94.819,Loan originated
1,565000.0,47,725000.0,159.0,1,Not Hispanic or Latino,Native Hawaiian or Other Pacific Islander,Male,45-54,77.931,Loan originated
1,545000.0,<20%,805000.0,550.0,1,Hispanic or Latino,White,Male,55-64,67.5,Loan originated
1,805000.0,48,1175000.0,176.0,1,Not Hispanic or Latino,White,Male,55-64,68.09,Loan originated
1,315000.0,20%-<30%,395000.0,130.0,1,Hispanic or Latino,White,Male,35-44,80.0,Loan originated
1,785000.0,40,1125000.0,219.0,1,Not Hispanic or Latino,White,Male,55-64,70.0,Loan originated
1,705000.0,44,875000.0,211.0,1,Hispanic or Latino,White,Male,35-44,80.0,Loan originated
1,955000.0,45,1455000.0,255.0,1,Not Hispanic or Latino,Asian,Male,55-64,66.0,Loan originated
1,545000.0,40,565000.0,140.0,1,Not Hispanic or Latino,White,Male,35-44,97.0,Loan originated
1,325000.0,44,355000.0,87.0,1,Not Hispanic or Latino,Black or African American,Female,45-54,90.0,Loan originated
1,55000.0,<20%,455000.0,81.0,1,Not Hispanic or Latino,White,Female,>74,12.0,Loan originated
1,305000.0,44,1225000.0,105.0,1,Not Hispanic or Latino,Asian,Female,65-74,25.0,Loan originated
1,595000.0,48,795000.0,170.0,1,Not Hispanic or Latino,White,Female,45-54,75.0,Loan originated
1,385000.0,42,395000.0,128.0,1,Not Hispanic or Latino,White,Male,35-44,97.0,Loan originated
1,335000.0,46,1755000.0,181.0,1,Not Hispanic or Latino,Black or African American,Male,45-54,19.054,Loan originated
1,725000.0,36,855000.0,220.0,1,Not Hispanic or Latino,Asian,Female,25-34,85.0,Loan originated
1,995000.0,49,1425000.0,250.0,1,Not Hispanic or Latino,White,Female,35-44,70.0,Loan originated
1,525000.0,<20%,665000.0,435.0,1,Not Hispanic or Latino,Asian,Male,35-44,80.0,Loan originated
1,305000.0,50%-60%,1105000.0,75.0,1,Not Hispanic or Latino,Asian,Male,35-44,27.273,Application denied
1,605000.0,39,675000.0,78.0,1,Not Hispanic or Latino,White,Male,<25,90.0,Loan originated
1,645000.0,49,1005000.0,160.0,1,Not Hispanic or Latino,Asian,Female,35-44,64.0,Loan originated
1,465000.0,20%-<30%,525000.0,212.0,1,Not Hispanic or Latino,White,Male,35-44,88.571,Loan originated
1,495000.0,48,555000.0,113.0,1,Hispanic or Latino,White,Male,25-34,90.0,Loan originated
1,635000.0,36,675000.0,191.0,1,Hispanic or Latino,White,Male,25-34,95.0,Loan originated
1,545000.0,42,575000.0,149.0,1,Not Hispanic or Latino,Black or African American,Female,35-44,95.0,Loan originated
1,635000.0,36,1045000.0,228.0,1,Not Hispanic or Latino,Asian,Female,45-54,60.28,Loan originated
1,475000.0,20%-<30%,525000.0,140.0,1,Not Hispanic or Latino,White,Female,45-54,90.0,Loan originated
1,485000.0,44,495000.0,130.0,1,Not Hispanic or Latino,White,Female,35-44,100.0,Loan originated
1,355000.0,47,395000.0,79.0,1,Not Hispanic or Latino,White,Male,25-34,90.0,Loan originated
1,935000.0,47,985000.0,177.0,1,Not Hispanic or Latino,Asian,Male,35-44,95.0,Loan originated
1,625000.0,49,695000.0,127.0,1,Not Hispanic or Latino,Asian,Male,55-64,90.0,Loan originated
1,1125000.0,47,1605000.0,366.0,1,Not Hispanic or Latino,White,Male,35-44,85.0,Loan originated
1,485000.0,45,505000.0,136.0,1,Not Hispanic or Latino,Black or African American,Female,45-54,100.0,Loan originated
1,395000.0,44,415000.0,165.0,1,Hispanic or Latino,White,Male,25-34,94.999,Loan originated
1,515000.0,50%-60%,605000.0,107.0,1,Hispanic or Latino,White,Female,45-54,85.0,Application denied
1,845000.0,37,1055000.0,206.0,1,Not Hispanic or Latino,Asian,Male,25-34,80.0,Loan originated
1,295000.0,49,365000.0,82.0,1,Hispanic or Latino,White,Male,35-44,81.57,Loan originated
1,265000.0,45,275000.0,75.0,1,Hispanic or Latino,American Indian or Alaska Native,Male,35-44,96.481,Application denied
1,305000.0,49,385000.0,91.0,1,Not Hispanic or Latino,White,Male,45-54,80.0,Loan originated
1,705000.0,47,785000.0,164.0,1,Not Hispanic or Latino,White,Female,35-44,90.0,Loan originated
1,435000.0,46,485000.0,120.0,1,Hispanic or Latino,White,Male,35-44,89.691,Loan originated
1,805000.0,30%-<36%,1255000.0,359.0,1,Not Hispanic or Latino,Asian,Male,25-34,63.95,Loan originated
1,735000.0,49,1115000.0,188.0,1,Not Hispanic or Latino,White,Female,25-34,65.65,Loan originated
1,335000.0,30%-<36%,865000.0,118.0,1,Not Hispanic or Latino,White,Male,55-64,38.728,Loan originated
1,405000.0,49,675000.0,95.0,1,Not Hispanic or Latino,Asian,Male,55-64,59.9,Loan originated
1,395000.0,47,605000.0,129.0,1,Not Hispanic or Latino,White,Male,35-44,66.584,Loan originated
1,455000.0,46,505000.0,130.0,1,Not Hispanic or Latino,White,Female,35-44,90.0,Loan originated
1,205000.0,20%-<30%,285000.0,78.0,1,Not Hispanic or Latino,White,Male,65-74,69.618,Loan originated
1,665000.0,<20%,835000.0,858.0,1,Not Hispanic or Latino,White,Male,35-44,80.0,Loan originated
1,425000.0,49,615000.0,93.0,1,Not Hispanic or Latino,White,Female,35-44,70.0,Loan originated
1,705000.0,47,785000.0,193.0,1,Not Hispanic or Latino,Asian,Male,45-54,90.0,Loan originated
1,465000.0,30%-<36%,885000.0,165.0,1,Not Hispanic or Latino,White,Male,25-34,52.187,Loan originated
1,545000.0,41,665000.0,158.0,1,Not Hispanic or Latino,Asian,Female,25-34,81.818,Loan originated
1,655000.0,43,815000.0,166.0,1,Not Hispanic or Latino,Asian,Male,35-44,80.0,Loan originated
1,305000.0,49,445000.0,61.0,1,Not Hispanic or Latino,White,Female,25-34,70.0,Loan originated
1,465000.0,20%-<30%,775000.0,628.0,1,Not Hispanic or Latino,Asian,Female,<25,60.0,Loan originated
1,765000.0,49,905000.0,178.0,1,Not Hispanic or Latino,Asian,Female,25-34,85.172,Loan originated
1,545000.0,50%-60%,945000.0,141.0,1,Hispanic or Latino,White,Female,35-44,58.0,Loan originated
1,715000.0,41,895000.0,182.0,1,Not Hispanic or Latino,Asian,Male,25-34,80.0,Loan originated
1,465000.0,30%-<36%,555000.0,228.0,1,Hispanic or Latino,White,Male,35-44,84.49,Loan originated
1,425000.0,30%-<36%,565000.0,206.0,1,Not Hispanic or Latino,White,Male,35-44,75.0,Loan originated
1,155000.0,49,305000.0,56.0,1,Not Hispanic or Latino,White,Female,>74,50.82,Loan originated
1,265000.0,<20%,825000.0,270.0,1,Not Hispanic or Latino,White,Female,65-74,31.707,Loan originated
1,595000.0,47,625000.0,122.0,1,Hispanic or Latino,White,Female,35-44,95.0,Loan originated
1,305000.0,44,485000.0,105.0,1,Not Hispanic or Latino,Asian,Male,<25,64.439,Loan originated
1,335000.0,42,355000.0,105.0,1,Not Hispanic or Latino,White,Female,35-44,95.0,Loan originated
1,1095000.0,37,1285000.0,342.0,1,Not Hispanic or Latino,White,Male,35-44,86.0,Loan originated
1,375000.0,20%-<30%,855000.0,204.0,1,Not Hispanic or Latino,Asian,Male,35-44,43.86,Loan originated
1,805000.0,30%-<36%,1665000.0,285.0,1,Not Hispanic or Latino,White,Male,45-54,48.19,Loan originated
1,575000.0,<20%,825000.0,452.0,1,Not Hispanic or Latino,Asian,Male,25-34,70.0,Loan originated
1,545000.0,45,685000.0,113.0,1,Not Hispanic or Latino,Asian,Female,35-44,86.26,Loan originated
1,465000.0,<20%,495000.0,272.0,1,Hispanic or Latino,White,Female,35-44,95.0,Loan originated
1,545000.0,46,565000.0,115.0,1,Not Hispanic or Latino,Asian,Female,<25,96.429,Loan originated
1,285000.0,38,385000.0,210.0,1,Not Hispanic or Latino,White,Male,45-54,75.0,Loan originated
1,715000.0,44,745000.0,157.0,1,Not Hispanic or Latino,White,Female,25-34,95.0,Loan originated
1,555000.0,30%-<36%,1055000.0,246.0,1,Not Hispanic or Latino,Asian,Male,55-64,52.38,Loan originated
1,105000.0,44,115000.0,166.0,1,Not Hispanic or Latino,White,Female,55-64,95.0,Loan originated
1,305000.0,42,2125000.0,139.0,1,Not Hispanic or Latino,Asian,Male,35-44,15.0,Loan originated
1,755000.0,49,1405000.0,206.0,1,Not Hispanic or Latino,White,Male,35-44,53.571,Loan originated
1,505000.0,43,955000.0,209.0,1,Not Hispanic or Latino,White,Male,55-64,52.632,Loan originated
1,525000.0,45,805000.0,164.0,1,Not Hispanic or Latino,White,Female,55-64,65.0,Loan originated
1,345000.0,47,355000.0,62.0,1,Hispanic or Latino,White,Female,25-34,95.0,Loan originated
1,375000.0,47,415000.0,79.0,1,Not Hispanic or Latino,White,Male,35-44,90.0,Loan originated
1,905000.0,42,1205000.0,288.0,1,Not Hispanic or Latino,Asian,Male,25-34,75.0,Loan originated
1,775000.0,20%-<30%,1395000.0,805.0,1,Hispanic or Latino,White,Female,45-54,55.556,Loan originated
1,125000.0,20%-<30%,155000.0,67.0,1,Not Hispanic or Latino,White,Male,55-64,82.0,Loan originated
1,875000.0,50%-60%,925000.0,163.0,1,Hispanic or Latino,White,Female,55-64,95.0,Application denied
1,495000.0,48,585000.0,115.0,1,Not Hispanic or Latino,Asian,Female,35-44,85.0,Loan originated
1,615000.0,20%-<30%,655000.0,250.0,1,Not Hispanic or Latino,White,Male,45-54,95.0,Application denied
1,1005000.0,50%-60%,1325000.0,181.0,1,Not Hispanic or Latino,Asian,Female,25-34,75.758,Loan originated
1,485000.0,45,645000.0,117.0,1,Not Hispanic or Latino,American Indian or Alaska Native,Female,25-34,75.0,Loan originated
1,995000.0,30%-<36%,1335000.0,350.0,1,Hispanic or Latino,White,Male,35-44,89.925,Loan originated
1,285000.0,50%-60%,395000.0,50.0,1,Not Hispanic or Latino,White,Female,65-74,70.886,Loan originated
1,55000.0,41,95000.0,39.0,1,Not Hispanic or Latino,White,Female,45-54,55.1,Loan originated
1,665000.0,48,855000.0,150.0,1,Not Hispanic or Latino,White,Male,35-44,78.0,Loan originated
1,275000.0,48,305000.0,99.0,1,Not Hispanic or Latino,White,Female,45-54,90.0,Loan originated
1,235000.0,38,335000.0,156.0,1,Not Hispanic or Latino,White,Female,35-44,70.0,Loan originated
1,735000.0,40,1235000.0,384.0,1,Not Hispanic or Latino,White,Male,45-54,59.35,Loan originated
1,475000.0,47,595000.0,98.0,1,Not Hispanic or Latino,Asian,Male,45-54,80.0,Loan originated
1,715000.0,<20%,1025000.0,1281.0,1,Not Hispanic or Latino,White,Male,65-74,70.0,Loan originated
1,1085000.0,48,1355000.0,333.0,1,Not Hispanic or Latino,White,Female,35-44,80.0,Loan originated
1,375000.0,48,455000.0,89.0,1,Hispanic or Latino,White,Male,25-34,82.222,Loan originated
1,425000.0,43,625000.0,144.0,1,Not Hispanic or Latino,Asian,Female,55-64,68.204,Loan originated
1,365000.0,49,385000.0,72.0,1,Hispanic or Latino,White,Female,35-44,95.0,Loan originated
1,125000.0,46,425000.0,70.0,1,Not Hispanic or Latino,Asian,Male,35-44,29.08,Loan originated
1,985000.0,30%-<36%,1235000.0,282.0,1,Not Hispanic or Latino,White,Female,35-44,80.0,Loan originated
1,285000.0,49,665000.0,69.0,1,Not Hispanic or Latino,Asian,Female,35-44,42.424,Loan originated
1,385000.0,50%-60%,485000.0,92.0,1,Not Hispanic or Latino,Black or African American,Male,55-64,80.0,Loan originated
1,535000.0,43,555000.0,156.0,1,Not Hispanic or Latino,Asian,Male,25-34,95.0,Loan originated
1,495000.0,44,555000.0,163.0,1,Hispanic or Latino,White,Male,25-34,89.27,Loan originated
1,555000.0,38,695000.0,183.0,1,Not Hispanic or Latino,White,Female,25-34,80.0,Loan originated
1,505000.0,48,635000.0,120.0,1,Not Hispanic or Latino,American Indian or Alaska Native,Male,25-34,80.0,Loan originated
1,585000.0,30%-<36%,725000.0,195.0,1,Not Hispanic or Latino,White,Male,25-34,80.0,Loan originated
1,305000.0,>60%,625000.0,129.0,1,Not Hispanic or Latino,Asian,Male,45-54,48.39,Application denied
1,325000.0,49,415000.0,67.0,1,Hispanic or Latino,White,Male,25-34,80.0,Loan originated
1,235000.0,47,325000.0,57.0,1,Not Hispanic or Latino,White,Male,35-44,72.05,Loan originated
1,475000.0,46,595000.0,133.0,1,Not Hispanic or Latino,White,Male,25-34,80.0,Loan originated
1,365000.0,36,485000.0,130.0,1,Hispanic or Latino,White,Male,35-44,75.0,Loan originated
1,405000.0,39,885000.0,224.0,1,Not Hispanic or Latino,White,Male,55-64,45.12,Loan originated
1,1145000.0,49,1955000.0,229.0,1,Not Hispanic or Latino,White,Male,45-54,59.0,Loan originated
1,965000.0,41,1205000.0,245.0,1,Not Hispanic or Latino,White,Male,45-54,80.0,Loan originated
1,1145000.0,48,1265000.0,258.0,1,Not Hispanic or Latino,Asian,Female,35-44,91.19,Loan originated
1,1085000.0,39,1355000.0,301.0,1,Not Hispanic or Latino,Asian,Male,35-44,80.0,Loan originated
1,765000.0,50%-60%,1105000.0,211.0,1,Not Hispanic or Latino,White,Female,35-44,69.69,Application denied
1,475000.0,40,595000.0,220.0,1,Not Hispanic or Latino,Asian,Male,25-34,80.0,Loan originated
1,375000.0,43,575000.0,88.0,1,Not Hispanic or Latino,Asian,Male,25-34,64.912,Loan originated
1,405000.0,45,485000.0,110.0,1,Not Hispanic or Latino,Asian,Female,25-34,82.988,Loan originated
1,495000.0,48,515000.0,98.0,1,Hispanic or Latino,American Indian or Alaska Native,Male,25-34,97.0,Loan originated
1,305000.0,46,385000.0,75.0,1,Hispanic or Latino,White,Male,35-44,80.0,Loan originated
1,575000.0,30%-<36%,875000.0,183.0,1,Not Hispanic or Latino,White,Male,25-34,65.52,Loan originated
1,385000.0,48,405000.0,75.0,1,Not Hispanic or Latino,Asian,Male,45-54,95.0,Loan originated
1,575000.0,30%-<36%,815000.0,265.0,1,Not Hispanic or Latino,White,Male,65-74,70.0,Loan originated
1,605000.0,44,1455000.0,154.0,1,Not Hispanic or Latino,Asian,Female,65-74,42.0,Loan originated
1,765000.0,20%-<30%,965000.0,319.0,1,Not Hispanic or Latino,White,Female,35-44,79.43,Loan originated
1,315000.0,20%-<30%,375000.0,120.0,1,Not Hispanic or Latino,White,Male,35-44,85.0,Loan originated
1,25000.0,39,615000.0,164.0,1,Hispanic or Latino,White,Male,35-44,100.0,Loan originated
1,205000.0,39,435000.0,148.0,1,Not Hispanic or Latino,White,Female,45-54,47.0,Loan originated
1,1085000.0,40,1355000.0,234.0,1,Not Hispanic or Latino,Asian,Female,25-34,80.0,Loan originated
1,765000.0,39,1155000.0,289.0,1,Not Hispanic or Latino,White,Male,45-54,79.13,Loan originated
1,575000.0,50%-60%,725000.0,180.0,1,Not Hispanic or Latino,White,Male,65-74,79.997,Loan originated
1,675000.0,41,835000.0,198.0,1,Not Hispanic or Latino,Asian,Male,25-34,80.0,Loan originated
1,755000.0,20%-<30%,1375000.0,347.0,1,Not Hispanic or Latino,White,Male,35-44,54.545,Loan originated
1,345000.0,42,435000.0,0.0,1,Not Hispanic or Latino,White,Male,35-44,79.989,Loan originated
1,155000.0,48,555000.0,57.0,1,Not Hispanic or Latino,White,Female,65-74,28.0,Loan originated
1,435000.0,41,675000.0,104.0,1,Hispanic or Latino,White,Male,25-34,64.179,Loan originated
1,1125000.0,40,1615000.0,376.0,1,Not Hispanic or Latino,White,Male,25-34,89.876,Loan originated
1,575000.0,44,725000.0,180.0,1,Not Hispanic or Latino,Asian,Female,45-54,80.0,Loan originated
1,645000.0,46,805000.0,193.0,1,Not Hispanic or Latino,Asian,Male,65-74,80.0,Loan originated
1,565000.0,30%-<36%,675000.0,179.0,1,Not Hispanic or Latino,White,Female,25-34,85.0,Loan originated
1,705000.0,42,1395000.0,203.0,1,Not Hispanic or Latino,Asian,Female,25-34,50.251,Loan originated
1,485000.0,49,575000.0,96.0,1,Hispanic or Latino,White,Male,25-34,84.25,Loan originated
1,585000.0,49,635000.0,135.0,1,Not Hispanic or Latino,White,Male,35-44,92.0,Loan originated
1,645000.0,30%-<36%,805000.0,250.0,1,Not Hispanic or Latino,Asian,Male,35-44,80.0,Loan originated
1,955000.0,47,1365000.0,196.0,1,Not Hispanic or Latino,Asian,Male,25-34,70.0,Loan originated
1,485000.0,36,505000.0,122.0,1,Not Hispanic or Latino,Black or African American,Male,35-44,95.0,Loan originated
1,765000.0,40,905000.0,168.0,1,Not Hispanic or Latino,White,Male,45-54,85.0,Loan originated
1,1085000.0,49,2285000.0,233.0,1,Not Hispanic or Latino,Asian,Male,25-34,47.59,Loan originated
1,255000.0,37,425000.0,83.0,1,Not Hispanic or Latino,White,Male,65-74,58.824,Loan originated
1,425000.0,30%-<36%,445000.0,116.0,1,Not Hispanic or Latino,Asian,Female,35-44,95.0,Loan originated
1,535000.0,37,715000.0,163.0,1,Not Hispanic or Latino,Asian,Female,25-34,75.0,Loan originated
1,235000.0,20%-<30%,515000.0,113.0,1,Not Hispanic or Latino,White,Male,55-64,45.726,Loan originated
1,545000.0,30%-<36%,845000.0,183.0,1,Not Hispanic or Latino,Asian,Male,35-44,64.286,Loan originated
1,615000.0,49,775000.0,143.0,1,Not Hispanic or Latino,Asian,Female,45-54,80.0,Loan originated
1,365000.0,20%-<30%,785000.0,204.0,1,Not Hispanic or Latino,White,Female,55-64,45.86,Loan originated
1,765000.0,47,955000.0,176.0,1,Hispanic or Latino,White,Male,35-44,89.95,Loan originated
1,605000.0,46,755000.0,156.0,1,Not Hispanic or Latino,White,Male,25-34,80.0,Loan originated
1,375000.0,30%-<36%,655000.0,250.0,1,Not Hispanic or Latino,White,Male,55-64,56.923,Loan originated
1,265000.0,30%-<36%,395000.0,131.0,1,Not Hispanic or Latino,Asian,Male,45-54,90.0,Loan originated
1,205000.0,48,215000.0,146.0,1,Hispanic or Latino,White,Male,<25,98.81,Loan originated
1,255000.0,40,605000.0,83.0,1,Not Hispanic or Latino,White,Female,65-74,42.259,Loan originated
1,185000.0,41,475000.0,63.0,1,Not Hispanic or Latino,White,Female,45-54,38.298,Loan originated
1,515000.0,47,575000.0,153.0,1,Not Hispanic or Latino,White,Female,25-34,89.6,Loan originated
1,335000.0,30%-<36%,355000.0,136.0,1,Hispanic or Latino,White,Female,35-44,95.0,Loan originated
1,655000.0,20%-<30%,815000.0,215.0,1,Not Hispanic or Latino,Asian,Male,45-54,80.0,Loan originated
1,765000.0,49,965000.0,163.0,1,Not Hispanic or Latino,American Indian or Alaska Native,Female,45-54,79.518,Loan originated
1,925000.0,42,1155000.0,267.0,1,Not Hispanic or Latino,Black or African American,Female,45-54,80.0,Loan originated
1,705000.0,50%-60%,1105000.0,150.0,1,Not Hispanic or Latino,White,Female,>74,63.636,Loan originated
1,465000.0,43,585000.0,120.0,1,Hispanic or Latino,White,Male,25-34,80.0,Loan originated
1,745000.0,49,925000.0,146.0,1,Not Hispanic or Latino,Asian,Female,35-44,80.0,Loan originated
1,285000.0,20%-<30%,355000.0,124.0,1,Not Hispanic or Latino,White,Female,45-54,80.0,Loan originated
1,685000.0,30%-<36%,915000.0,206.0,1,Not Hispanic or Latino,Asian,Male,35-44,75.0,Loan originated
1,725000.0,41,895000.0,197.0,1,Hispanic or Latino,White,Female,<25,80.0,Loan originated
1,945000.0,38,1175000.0,233.0,1,Not Hispanic or Latino,Asian,Male,35-44,80.0,Loan originated
1,685000.0,49,775000.0,173.0,1,Not Hispanic or Latino,Asian,Male,25-34,88.226,Loan originated
1,455000.0,43,525000.0,106.0,1,Not Hispanic or Latino,Black or African American,Female,45-54,85.0,Application denied
1,455000.0,30%-<36%,735000.0,175.0,1,Not Hispanic or Latino,Asian,Male,35-44,61.644,Application denied
1,155000.0,30%-<36%,265000.0,83.0,1,Hispanic or Latino,White,Female,25-34,97.0,Loan originated
1,425000.0,41,455000.0,108.0,1,Hispanic or Latino,White,Male,35-44,95.0,Loan originated
1,445000.0,47,555000.0,99.0,1,Not Hispanic or Latino,White,Female,25-34,80.0,Loan originated
1,905000.0,20%-<30%,1655000.0,416.0,1,Not Hispanic or Latino,White,Female,65-74,54.55,Loan originated
1,845000.0,40,1305000.0,289.0,1,Hispanic or Latino,Asian,Male,55-64,65.0,Loan originated
1,1125000.0,40,1405000.0,307.0,1,Not Hispanic or Latino,Asian,Male,>74,80.0,Loan originated
1,685000.0,30%-<36%,805000.0,204.0,1,Hispanic or Latino,White,Male,<25,85.0,Loan originated
1,955000.0,37,1205000.0,261.0,1,Hispanic or Latino,White,Male,35-44,79.542,Loan originated
1,235000.0,43,445000.0,71.0,1,Not Hispanic or Latino,Asian,Female,35-44,100.0,Loan originated
1,405000.0,49,1305000.0,105.0,1,Not Hispanic or Latino,Asian,Male,25-34,31.0,Loan originated
1,305000.0,30%-<36%,385000.0,127.0,1,Hispanic or Latino,White,Male,35-44,80.0,Loan originated
1,965000.0,20%-<30%,1205000.0,364.0,1,Not Hispanic or Latino,White,Male,45-54,80.0,Loan originated
1,335000.0,38,425000.0,108.0,1,Hispanic or Latino,White,Male,45-54,80.0,Loan originated
1,435000.0,48,455000.0,114.0,1,Hispanic or Latino,American Indian or Alaska Native,Female,35-44,95.0,Loan originated
1,545000.0,36,905000.0,215.0,1,Not Hispanic or Latino,White,Female,45-54,60.0,Loan originated
1,505000.0,20%-<30%,875000.0,314.0,1,Not Hispanic or Latino,White,Male,65-74,57.471,Loan originated
1,455000.0,20%-<30%,1175000.0,195.0,1,Not Hispanic or Latino,White,Female,55-64,38.298,Loan originated
1,585000.0,49,735000.0,111.0,1,Not Hispanic or Latino,Asian,Male,25-34,79.774,Loan originated
1,405000.0,36,455000.0,116.0,1,Hispanic or Latino,White,Male,35-44,89.13,Application denied
1,975000.0,41,1175000.0,20.0,1,Not Hispanic or Latino,Asian,Male,25-34,82.91,Loan originated
1,145000.0,39,385000.0,147.0,1,Hispanic or Latino,White,Female,25-34,38.71,Application denied
1,345000.0,<20%,435000.0,188.0,1,Not Hispanic or Latino,White,Female,65-74,80.0,Loan originated
1,655000.0,48,815000.0,137.0,1,Not Hispanic or Latino,White,Female,35-44,80.0,Loan originated
1,385000.0,47,425000.0,116.0,1,Not Hispanic or Latino,Black or African American,Male,25-34,90.0,Loan originated
1,365000.0,47,525000.0,83.0,1,Not Hispanic or Latino,Black or African American,Female,45-54,90.476,Loan originated
1,265000.0,45,295000.0,90.0,1,Not Hispanic or Latino,Black or African American,Male,45-54,90.0,Loan originated
1,1105000.0,<20%,2155000.0,4290.0,1,Not Hispanic or Latino,White,Male,35-44,52.0,Loan originated
1,1055000.0,39,1245000.0,365.0,1,Not Hispanic or Latino,White,Male,35-44,85.0,Loan originated
1,495000.0,47,525000.0,115.0,1,Hispanic or Latino,Asian,Female,25-34,95.0,Loan originated
1,135000.0,41,315000.0,68.0,1,Hispanic or Latino,White,Male,65-74,42.0,Loan originated
1,645000.0,36,815000.0,184.0,1,Not Hispanic or Latino,White,Male,55-64,80.0,Loan originated
1,265000.0,48,355000.0,53.0,1,Hispanic or Latino,White,Female,35-44,74.648,Loan originated
1,495000.0,30%-<36%,525000.0,149.0,1,Hispanic or Latino,White,Male,45-54,96.984,Loan originated
1,705000.0,47,1005000.0,189.0,1,Not Hispanic or Latino,Asian,Female,25-34,70.0,Loan originated
1,435000.0,45,455000.0,104.0,1,Hispanic or Latino,White,Male,<25,97.0,Loan originated
1,715000.0,<20%,895000.0,586.0,1,Hispanic or Latino,White,Female,25-34,80.0,Application denied
1,335000.0,30%-<36%,675000.0,145.0,1,Not Hispanic or Latino,White,Female,25-34,100.0,Loan originated
1,165000.0,20%-<30%,1015000.0,126.0,1,Not Hispanic or Latino,White,Male,55-64,16.256,Loan originated
1,865000.0,20%-<30%,1165000.0,315.0,1,Not Hispanic or Latino,White,Male,25-34,74.29,Loan originated
1,325000.0,36,555000.0,87.0,1,Hispanic or Latino,White,Female,65-74,58.182,Loan originated
1,355000.0,48,1045000.0,127.0,1,Not Hispanic or Latino,Asian,Female,55-64,33.39,Loan originated
1,505000.0,20%-<30%,555000.0,263.0,1,Not Hispanic or Latino,White,Female,35-44,89.9,Application denied
1,1145000.0,44,1785000.0,250.0,1,Not Hispanic or Latino,White,Male,35-44,64.308,Loan originated
1,485000.0,45,665000.0,118.0,1,Not Hispanic or Latino,White,Male,35-44,73.263,Loan originated
1,345000.0,49,365000.0,95.0,1,Not Hispanic or Latino,White,Male,55-64,95.0,Loan originated
1,595000.0,48,745000.0,147.0,1,Hispanic or Latino,White,Female,35-44,80.0,Loan originated
1,515000.0,49,645000.0,163.0,1,Hispanic or Latino,White,Female,55-64,80.0,Loan originated
1,245000.0,49,545000.0,71.0,1,Not Hispanic or Latino,White,Female,<25,45.387,Loan originated
1,465000.0,20%-<30%,625000.0,277.0,1,Not Hispanic or Latino,Asian,Female,25-34,75.0,Loan originated
1,325000.0,40,625000.0,108.0,1,Not Hispanic or Latino,Asian,Male,25-34,52.0,Loan originated
1,215000.0,47,245000.0,54.0,1,Hispanic or Latino,White,Female,25-34,90.0,Loan originated
1,505000.0,30%-<36%,625000.0,180.0,1,Hispanic or Latino,White,Male,35-44,80.0,Application denied
1,1005000.0,47,1225000.0,254.0,1,Not Hispanic or Latino,Asian,Male,35-44,81.92,Loan originated
1,475000.0,41,595000.0,111.0,1,Hispanic or Latino,White,Female,45-54,80.0,Loan originated
1,555000.0,38,2115000.0,253.0,1,Not Hispanic or Latino,Asian,Male,25-34,27.0,Loan originated
1,295000.0,43,315000.0,110.0,1,Hispanic or Latino,White,Male,<25,98.325,Loan originated
1,455000.0,49,485000.0,117.0,1,Not Hispanic or Latino,Asian,Female,45-54,94.0,Loan originated
1,805000.0,30%-<36%,905000.0,342.0,1,Not Hispanic or Latino,White,Female,35-44,89.9,Loan originated
1,575000.0,50%-60%,605000.0,181.0,1,Not Hispanic or Latino,White,Male,35-44,95.0,Application denied
1,585000.0,46,685000.0,241.0,1,Not Hispanic or Latino,Asian,Male,25-34,85.0,Loan originated
1,455000.0,41,635000.0,266.0,1,Hispanic or Latino,White,Male,35-44,71.429,Loan originated
1,765000.0,30%-<36%,855000.0,215.0,1,Not Hispanic or Latino,Asian,Male,45-54,90.0,Loan originated
1,935000.0,38,1175000.0,228.0,1,Not Hispanic or Latino,Asian,Male,45-54,80.0,Loan originated
1,515000.0,30%-<36%,915000.0,140.0,1,Hispanic or Latino,White,Male,35-44,56.04,Loan originated
1,485000.0,42,605000.0,258.0,1,Not Hispanic or Latino,Asian,Male,35-44,80.0,Loan originated
1,355000.0,20%-<30%,445000.0,118.0,1,Not Hispanic or Latino,White,Male,25-34,80.0,Loan originated
1,695000.0,30%-<36%,1195000.0,222.0,1,Not Hispanic or Latino,White,Male,45-54,58.299,Application denied
1,1005000.0,42,1255000.0,287.0,1,Not Hispanic or Latino,White,Male,25-34,80.0,Loan originated
1,355000.0,>60%,505000.0,48.0,1,Hispanic or Latino,White,Female,55-64,70.0,Application denied
1,435000.0,30%-<36%,545000.0,128.0,1,Not Hispanic or Latino,Asian,Male,25-34,80.0,Loan originated
1,435000.0,45,715000.0,134.0,1,Not Hispanic or Latino,White,Male,65-74,60.915,Loan originated
1,425000.0,30%-<36%,1015000.0,152.0,1,Not Hispanic or Latino,White,Female,55-64,41.955,Loan originated
1,945000.0,30%-<36%,1595000.0,319.0,1,Not Hispanic or Latino,White,Female,45-54,59.43,Loan originated
1,675000.0,20%-<30%,845000.0,901.0,1,Not Hispanic or Latino,White,Female,25-34,80.0,Loan originated
1,455000.0,49,565000.0,100.0,1,Not Hispanic or Latino,Asian,Female,45-54,80.0,Loan originated
1,745000.0,20%-<30%,765000.0,382.0,1,Not Hispanic or Latino,Asian,Male,25-34,97.0,Loan originated
1,565000.0,40,915000.0,142.0,1,Not Hispanic or Latino,White,Male,35-44,61.749,Loan originated
1,235000.0,38,285000.0,72.0,1,Not Hispanic or Latino,White,Male,35-44,85.0,Loan originated
1,605000.0,48,1335000.0,150.0,1,Hispanic or Latino,White,Female,35-44,45.113,Loan originated
1,325000.0,30%-<36%,655000.0,109.0,1,Not Hispanic or Latino,Asian,Male,25-34,49.677,Loan originated
1,185000.0,44,435000.0,46.0,1,Not Hispanic or Latino,Asian,Male,45-54,43.154,Loan originated
1,955000.0,43,1195000.0,243.0,1,Not Hispanic or Latino,White,Female,35-44,80.0,Loan originated
1,735000.0,48,815000.0,147.0,1,Not Hispanic or Latino,Asian,Male,35-44,90.0,Loan originated
1,905000.0,44,1135000.0,217.0,1,Not Hispanic or Latino,White,Male,25-34,80.0,Loan originated
1,255000.0,44,415000.0,99.0,1,Hispanic or Latino,White,Male,55-64,63.05,Loan originated
1,435000.0,42,665000.0,143.0,1,Hispanic or Latino,2 or more minority races,Female,35-44,64.354,Loan originated
1,725000.0,48,905000.0,172.0,1,Not Hispanic or Latino,White,Male,45-54,79.373,Loan originated
1,525000.0,47,755000.0,132.0,1,Not Hispanic or Latino,White,Female,55-64,70.0,Loan originated
1,585000.0,49,875000.0,116.0,1,Hispanic or Latino,White,Female,45-54,67.0,Loan originated
1,735000.0,20%-<30%,975000.0,272.0,1,Not Hispanic or Latino,Asian,Male,25-34,75.0,Loan originated
1,375000.0,49,465000.0,77.0,1,Not Hispanic or Latino,White,Male,25-34,80.0,Loan originated
1,445000.0,46,495000.0,112.0,1,Not Hispanic or Latino,Asian,Male,25-34,90.0,Loan originated
1,335000.0,38,395000.0,166.0,1,Hispanic or Latino,White,Female,35-44,85.0,Loan originated
1,615000.0,47,815000.0,125.0,1,Not Hispanic or Latino,White,Male,35-44,75.0,Loan originated
1,755000.0,47,1205000.0,163.0,1,Not Hispanic or Latino,Asian,Male,25-34,62.5,Loan originated
1,505000.0,48,985000.0,120.0,1,Not Hispanic or Latino,Asian,Male,25-34,51.02,Loan originated
1,105000.0,30%-<36%,155000.0,79.0,1,Not Hispanic or Latino,White,Female,35-44,67.11,Loan originated
1,445000.0,49,665000.0,103.0,1,Not Hispanic or Latino,White,Female,65-74,66.917,Loan originated
1,345000.0,43,435000.0,127.0,1,Not Hispanic or Latino,White,Male,25-34,80.0,Loan originated
1,255000.0,41,365000.0,66.0,1,Hispanic or Latino,American Indian or Alaska Native,Female,35-44,69.0,Loan originated
1,1115000.0,46,1175000.0,275.0,1,Hispanic or Latino,White,Female,35-44,95.0,Loan originated
1,825000.0,48,915000.0,165.0,1,Not Hispanic or Latino,Asian,Female,25-34,89.836,Loan originated
1,425000.0,44,455000.0,95.0,1,Not Hispanic or Latino,Black or African American,Female,35-44,95.0,Loan originated
1,145000.0,45,345000.0,55.0,1,Not Hispanic or Latino,White,Male,25-34,42.775,Loan originated
1,215000.0,36,235000.0,155.0,1,Hispanic or Latino,White,Male,35-44,90.0,Loan originated
1,695000.0,36,735000.0,278.0,1,Hispanic or Latino,White,Male,25-34,95.0,Loan originated
1,395000.0,42,695000.0,119.0,1,Not Hispanic or Latino,Asian,Male,<25,56.585,Loan originated
1,315000.0,30%-<36%,425000.0,99.0,1,Not Hispanic or Latino,2 or more minority races,Female,25-34,75.0,Loan originated
1,665000.0,45,745000.0,155.0,1,Not Hispanic or Latino,Asian,Male,45-54,89.99,Loan originated
1,375000.0,50%-60%,645000.0,125.0,1,Not Hispanic or Latino,White,Male,65-74,57.364,Loan originated
1,765000.0,45,1435000.0,514.0,1,Not Hispanic or Latino,White,Male,55-64,53.418,Loan originated
1,505000.0,41,2575000.0,204.0,1,Not Hispanic or Latino,White,Male,65-74,19.417,Loan originated
1,605000.0,46,1065000.0,134.0,1,Not Hispanic or Latino,Asian,Female,45-54,56.604,Loan originated
1,445000.0,47,565000.0,115.0,1,Hispanic or Latino,White,Male,45-54,80.0,Loan originated
1,585000.0,42,685000.0,125.0,1,Not Hispanic or Latino,Asian,Male,25-34,84.99,Loan originated
1,175000.0,42,185000.0,97.0,1,Hispanic or Latino,White,Male,25-34,95.0,Application denied
1,805000.0,20%-<30%,1405000.0,598.0,1,Not Hispanic or Latino,White,Female,55-64,57.143,Loan originated
1,435000.0,40,465000.0,106.0,1,Not Hispanic or Latino,White,Male,45-54,95.0,Loan originated
1,235000.0,48,245000.0,53.0,1,Hispanic or Latino,White,Female,<25,100.4,Loan originated
1,725000.0,46,765000.0,157.0,1,Not Hispanic or Latino,White,Male,25-34,95.0,Loan originated
1,25000.0,20%-<30%,55000.0,36.0,1,Not Hispanic or Latino,White,Male,65-74,50.0,Application denied
1,475000.0,20%-<30%,585000.0,269.0,1,Not Hispanic or Latino,Asian,Male,25-34,80.0,Application denied
1,465000.0,47,585000.0,107.0,1,Not Hispanic or Latino,Asian,Male,35-44,80.0,Loan originated
1,795000.0,40,995000.0,185.0,1,Not Hispanic or Latino,White,Female,25-34,80.0,Loan originated
1,365000.0,30%-<36%,385000.0,140.0,1,Not Hispanic or Latino,White,Female,35-44,95.0,Loan originated
1,925000.0,46,1855000.0,205.0,1,Not Hispanic or Latino,White,Female,55-64,49.73,Loan originated
1,475000.0,48,595000.0,274.0,1,Not Hispanic or Latino,Asian,Male,65-74,80.0,Loan originated
1,325000.0,45,405000.0,75.0,1,Hispanic or Latino,White,Female,55-64,80.0,Loan originated
1,695000.0,49,875000.0,270.0,1,Not Hispanic or Latino,White,Female,65-74,80.0,Loan originated
1,345000.0,>60%,525000.0,60.0,1,Not Hispanic or Latino,White,Female,35-44,66.346,Application denied
1,335000.0,48,405000.0,85.0,1,Hispanic or Latino,White,Male,45-54,82.0,Loan originated
1,425000.0,41,725000.0,128.0,1,Hispanic or Latino,White,Female,45-54,58.333,Loan originated
1,575000.0,50%-60%,1105000.0,149.0,1,Hispanic or Latino,White,Female,45-54,52.386,Loan originated
1,355000.0,47,385000.0,74.0,1,Hispanic or Latino,American Indian or Alaska Native,Male,65-74,90.0,Application denied
1,865000.0,42,1565000.0,234.0,1,Not Hispanic or Latino,Asian,Male,25-34,55.13,Loan originated
1,355000.0,38,475000.0,130.0,1,Not Hispanic or Latino,White,Female,25-34,74.0,Loan originated
1,305000.0,40,375000.0,91.0,1,Not Hispanic or Latino,White,Male,55-64,80.0,Loan originated
1,315000.0,47,325000.0,84.0,1,Hispanic or Latino,White,Male,25-34,101.94,Loan originated
1,505000.0,48,845000.0,154.0,1,Hispanic or Latino,White,Female,45-54,59.097,Loan originated
1,435000.0,38,625000.0,176.0,1,Not Hispanic or Latino,Asian,Female,35-44,70.0,Loan originated
1,515000.0,49,545000.0,256.0,1,Not Hispanic or Latino,White,Female,35-44,95.0,Loan originated
1,395000.0,41,645000.0,111.0,1,Not Hispanic or Latino,White,Male,>74,60.94,Application denied
1,625000.0,44,895000.0,163.0,1,Not Hispanic or Latino,White,Male,25-34,69.93,Loan originated
1,455000.0,48,925000.0,190.0,1,Not Hispanic or Latino,White,Male,65-74,48.65,Application denied
1,505000.0,39,865000.0,221.0,1,Not Hispanic or Latino,White,Female,65-74,57.803,Loan originated
1,85000.0,45,125000.0,67.0,1,Not Hispanic or Latino,White,Male,55-64,67.2,Application denied
1,275000.0,36,1275000.0,150.0,1,Not Hispanic or Latino,White,Female,45-54,22.0,Loan originated
1,635000.0,47,795000.0,114.0,1,Not Hispanic or Latino,Asian,Female,25-34,98.963,Loan originated
1,1005000.0,20%-<30%,2105000.0,435.0,1,Hispanic or Latino,White,Female,25-34,47.62,Loan originated
1,475000.0,49,1075000.0,128.0,1,Not Hispanic or Latino,White,Male,55-64,44.57,Loan originated
1,425000.0,41,465000.0,96.0,1,Not Hispanic or Latino,White,Male,45-54,91.613,Loan originated
1,365000.0,44,555000.0,89.0,1,Hispanic or Latino,White,Female,25-34,101.815,Loan originated
1,385000.0,46,885000.0,103.0,1,Not Hispanic or Latino,Asian,Male,25-34,44.0,Loan originated
1,565000.0,49,635000.0,143.0,1,Not Hispanic or Latino,Asian,Male,35-44,90.0,Loan originated
1,275000.0,44,515000.0,81.0,1,Hispanic or Latino,White,Female,25-34,80.0,Loan originated
1,525000.0,39,585000.0,116.0,1,Not Hispanic or Latino,Asian,Male,35-44,89.99,Loan originated
1,435000.0,45,535000.0,200.0,1,Not Hispanic or Latino,White,Male,45-54,80.0,Loan originated
1,605000.0,49,1425000.0,213.0,1,Not Hispanic or Latino,White,Male,>74,42.105,Loan originated
1,265000.0,30%-<36%,615000.0,132.0,1,Not Hispanic or Latino,White,Female,45-54,43.089,Loan originated
1,445000.0,36,555000.0,147.0,1,Not Hispanic or Latino,White,Male,35-44,80.0,Loan originated
1,935000.0,47,1105000.0,306.0,1,Not Hispanic or Latino,Asian,Male,45-54,84.887,Application denied
1,735000.0,30%-<36%,835000.0,228.0,1,Not Hispanic or Latino,Asian,Male,35-44,88.611,Loan originated
1,375000.0,30%-<36%,865000.0,131.0,1,Not Hispanic or Latino,Asian,Female,35-44,43.023,Loan originated
1,605000.0,46,765000.0,139.0,1,Hispanic or Latino,Native Hawaiian or Other Pacific Islander,Male,25-34,80.0,Loan originated
1,355000.0,43,505000.0,145.0,1,Not Hispanic or Latino,Black or African American,Female,>74,70.0,Loan originated
1,715000.0,48,1195000.0,169.0,1,Not Hispanic or Latino,White,Male,35-44,60.0,Loan originated
1,1025000.0,49,1295000.0,208.0,1,Not Hispanic or Latino,White,Male,35-44,79.05,Loan originated
1,765000.0,38,785000.0,217.0,1,Not Hispanic or Latino,White,Male,65-74,97.0,Loan originated
1,905000.0,40,1125000.0,276.0,1,Not Hispanic or Latino,Asian,Male,35-44,80.0,Loan originated
1,605000.0,41,1305000.0,211.0,1,Not Hispanic or Latino,Asian,Male,45-54,46.16,Loan originated
1,575000.0,42,605000.0,135.0,1,Not Hispanic or Latino,Asian,Male,45-54,95.0,Loan originated
1,675000.0,49,715000.0,180.0,1,Not Hispanic or Latino,Asian,Male,35-44,95.0,Loan originated
1,465000.0,41,495000.0,104.0,1,Hispanic or Latino,White,Male,<25,95.0,Loan originated
1,325000.0,49,345000.0,92.0,1,Hispanic or Latino,White,Female,65-74,95.0,Application denied
1,435000.0,20%-<30%,695000.0,397.0,1,Not Hispanic or Latino,Asian,Female,25-34,62.32,Loan originated
1,655000.0,20%-<30%,875000.0,342.0,1,Hispanic or Latino,White,Male,55-64,75.0,Loan originated
1,725000.0,39,725000.0,636.0,1,Not Hispanic or Latino,White,Male,25-34,70.0,Loan originated
1,1145000.0,30%-<36%,1425000.0,345.0,1,Not Hispanic or Latino,White,Male,25-34,80.0,Loan originated
1,485000.0,37,495000.0,153.0,1,Hispanic or Latino,White,Male,45-54,100.4,Loan originated
1,355000.0,43,375000.0,107.0,1,Hispanic or Latino,White,Male,<25,95.0,Loan originated
1,465000.0,41,735000.0,141.0,1,Hispanic or Latino,White,Male,45-54,64.0,Loan originated
1,535000.0,<20%,765000.0,694.0,1,Hispanic or Latino,White,Male,35-44,70.0,Loan originated
1,515000.0,47,545000.0,119.0,1,Not Hispanic or Latino,White,Female,35-44,95.0,Loan originated
1,595000.0,<20%,745000.0,391.0,1,Not Hispanic or Latino,Asian,Male,>74,80.0,Loan originated
1,415000.0,46,525000.0,84.0,1,Not Hispanic or Latino,White,Female,45-54,80.0,Loan originated
1,155000.0,49,195000.0,53.0,1,Hispanic or Latino,White,Male,25-34,80.0,Loan originated
1,605000.0,36,835000.0,189.0,1,Not Hispanic or Latino,Asian,Male,35-44,71.64,Loan originated
1,585000.0,20%-<30%,725000.0,215.0,1,Not Hispanic or Latino,White,Female,35-44,80.0,Loan originated
1,575000.0,47,585000.0,151.0,1,Hispanic or Latino,White,Male,35-44,97.0,Loan originated
1,325000.0,30%-<36%,725000.0,116.0,1,Hispanic or Latino,White,Male,65-74,45.0,Loan originated
1,265000.0,37,365000.0,76.0,1,Not Hispanic or Latino,American Indian or Alaska Native,Male,25-34,72.22,Loan originated
1,475000.0,42,595000.0,109.0,1,Hispanic or Latino,White,Male,25-34,80.0,Loan originated
1,395000.0,46,675000.0,130.0,1,Not Hispanic or Latino,Asian,Female,35-44,57.56,Loan originated
1,485000.0,30%-<36%,655000.0,296.0,1,Not Hispanic or Latino,White,Male,55-64,75.0,Loan originated
1,255000.0,46,365000.0,64.0,1,Not Hispanic or Latino,White,Male,<25,98.2,Loan originated
1,785000.0,46,1305000.0,294.0,1,Not Hispanic or Latino,Asian,Male,55-64,60.0,Loan originated
1,765000.0,44,875000.0,258.0,1,Not Hispanic or Latino,Asian,Male,45-54,87.506,Loan originated
1,795000.0,46,995000.0,192.0,1,Not Hispanic or Latino,White,Male,35-44,80.0,Loan originated
1,1125000.0,36,1405000.0,363.0,1,Not Hispanic or Latino,Asian,Male,35-44,80.0,Loan originated
1,415000.0,30%-<36%,585000.0,134.0,1,Not Hispanic or Latino,White,Female,25-34,70.0,Loan originated
1,455000.0,49,565000.0,266.0,1,Not Hispanic or Latino,Asian,Male,45-54,80.0,Loan originated
1,315000.0,30%-<36%,515000.0,137.0,1,Not Hispanic or Latino,Asian,Female,45-54,61.165,Loan originated
1,255000.0,43,265000.0,87.0,1,Not Hispanic or Latino,Black or African American,Male,55-64,100.0,Application denied
1,305000.0,30%-<36%,525000.0,102.0,1,Not Hispanic or Latino,White,Male,>74,57.14,Loan originated
1,495000.0,41,655000.0,132.0,1,Not Hispanic or Latino,White,Male,35-44,75.0,Loan originated
1,245000.0,20%-<30%,305000.0,133.0,1,Not Hispanic or Latino,White,Male,35-44,80.0,Loan originated
1,685000.0,20%-<30%,855000.0,310.0,1,Not Hispanic or Latino,White,Female,55-64,80.0,Loan originated
1,405000.0,48,1805000.0,119.0,1,Not Hispanic or Latino,White,Male,45-54,22.223,Loan originated
1,765000.0,38,1415000.0,300.0,1,Not Hispanic or Latino,Asian,Male,35-44,53.9,Loan originated
1,15000.0,30%-<36%,315000.0,94.0,1,Not Hispanic or Latino,White,Male,45-54,100.0,Loan originated
1,505000.0,37,855000.0,137.0,1,Not Hispanic or Latino,White,Male,35-44,58.824,Loan originated
1,425000.0,42,835000.0,122.0,1,Not Hispanic or Latino,White,Female,25-34,50.68,Loan originated
1,975000.0,43,1155000.0,251.0,1,Not Hispanic or Latino,White,Male,35-44,85.0,Loan originated
1,1055000.0,41,1355000.0,257.0,1,Not Hispanic or Latino,Asian,Female,25-34,77.48,Loan originated
1,385000.0,47,415000.0,150.0,1,Hispanic or Latino,White,Female,35-44,92.683,Loan originated
1,505000.0,30%-<36%,985000.0,156.0,1,Not Hispanic or Latino,White,Male,25-34,50.761,Loan originated
1,665000.0,37,2105000.0,280.0,1,Not Hispanic or Latino,White,Female,55-64,31.667,Loan originated
1,625000.0,30%-<36%,695000.0,180.0,1,Not Hispanic or Latino,Black or African American,Male,55-64,90.0,Loan originated
1,645000.0,20%-<30%,865000.0,360.0,1,Not Hispanic or Latino,White,Female,35-44,75.0,Loan originated
1,565000.0,44,675000.0,134.0,1,Not Hispanic or Latino,Asian,Male,<25,103.14,Loan originated
1,755000.0,>60%,1005000.0,41.0,1,Not Hispanic or Latino,White,Male,65-74,75.0,Application denied
1,95000.0,30%-<36%,385000.0,77.0,1,Not Hispanic or Latino,White,Female,65-74,23.684,Loan originated
1,765000.0,37,1875000.0,300.0,1,Not Hispanic or Latino,Asian,Male,35-44,40.88,Loan originated
1,655000.0,46,675000.0,164.0,1,Hispanic or Latino,White,Male,25-34,97.0,Loan originated
1,645000.0,46,805000.0,161.0,1,Not Hispanic or Latino,White,Female,25-34,80.0,Loan originated
1,265000.0,49,335000.0,54.0,1,Hispanic or Latino,White,Male,25-34,80.0,Loan originated
1,215000.0,47,275000.0,53.0,1,Not Hispanic or Latino,White,Male,65-74,80.0,Loan originated
1,645000.0,49,755000.0,140.0,1,Hispanic or Latino,White,Male,35-44,84.999,Loan originated
1,445000.0,30%-<36%,565000.0,148.0,1,Not Hispanic or Latino,Asian,Female,45-54,80.0,Loan originated
1,415000.0,42,415000.0,119.0,1,Hispanic or Latino,White,Male,25-34,99.835,Application denied
