loan_purpose,loan_amount,debt_to_income_ratio,property_value,income,occupancy_type,derived_ethnicity,derived_race,derived_sex,applicant_age,loan_to_value_ratio,action_taken
1,465000.0,39,585000.0,123.0,1,Not Hispanic or Latino,Asian,Male,25-34,80.0,Loan originated
1,335000.0,30%-<36%,355000.0,271.0,1,Not Hispanic or Latino,White,Male,25-34,94.148,Loan originated
1,885000.0,37,1105000.0,577.0,1,Not Hispanic or Latino,Black or African American,Male,55-64,80.0,Loan originated
1,725000.0,48,805000.0,181.0,1,Hispanic or Latino,White,Male,45-54,90.0,Loan originated
1,415000.0,20%-<30%,495000.0,219.0,1,Not Hispanic or Latino,White,Male,55-64,85.0,Loan originated
1,765000.0,30%-<36%,895000.0,229.0,1,Not Hispanic or Latino,Asian,Female,35-44,85.0,Loan originated
1,455000.0,47,485000.0,113.0,1,Hispanic or Latino,Black or African American,Male,35-44,95.0,Loan originated
1,15000.0,40,415000.0,160.0,1,Hispanic or Latino,White,Female,45-54,100.0,Loan originated
1,995000.0,37,1055000.0,498.0,1,Not Hispanic or Latino,White,Female,25-34,95.0,Loan originated
1,695000.0,39,1115000.0,167.0,1,Not Hispanic or Latino,White,Male,25-34,61.883,Loan originated
1,805000.0,20%-<30%,1005000.0,357.0,1,Hispanic or Latino,White,Male,25-34,80.0,Loan originated
1,515000.0,30%-<36%,565000.0,192.0,1,Not Hispanic or Latino,White,Female,35-44,90.989,Loan originated
1,565000.0,45,625000.0,163.0,1,Not Hispanic or Latino,White,Male,45-54,90.0,Loan originated
1,115000.0,40,165000.0,64.0,1,Hispanic or Latino,White,Male,25-34,70.0,Loan originated
1,775000.0,<20%,2055000.0,0.0,1,Not Hispanic or Latino,White,Male,55-64,37.56,Application denied
1,445000.0,38,555000.0,108.0,1,Not Hispanic or Latino,Asian,Female,45-54,80.0,Loan originated
1,515000.0,46,685000.0,131.0,1,Not Hispanic or Latino,White,Female,25-34,95.0,Loan originated
1,515000.0,49,545000.0,127.0,1,Not Hispanic or Latino,American Indian or Alaska Native,Male,25-34,98.33,Loan originated
1,15000.0,30%-<36%,445000.0,131.0,1,Hispanic or Latino,White,Female,25-34,100.0,Loan originated
1,495000.0,41,1265000.0,165.0,1,Not Hispanic or Latino,White,Female,45-54,39.135,Loan originated
1,335000.0,47,425000.0,85.0,1,Not Hispanic or Latino,White,Female,25-34,80.0,Loan originated
1,675000.0,45,755000.0,144.0,1,Not Hispanic or Latino,White,Male,25-34,90.0,Application denied
1,275000.0,50%-60%,275000.0,75.0,1,Not Hispanic or Latino,Black or African American,Male,25-34,101.75,Application denied
1,325000.0,40,345000.0,80.0,1,Hispanic or Latino,White,Male,55-64,95.0,Loan originated
1,745000.0,30%-<36%,945000.0,263.0,1,Hispanic or Latino,White,Male,35-44,80.0,Loan originated
1,655000.0,46,765000.0,209.0,1,Not Hispanic or Latino,White,Male,35-44,85.0,Loan originated
1,495000.0,49,655000.0,104.0,1,Hispanic or Latino,White,Male,35-44,75.0,Loan originated
1,555000.0,49,825000.0,124.0,1,Not Hispanic or Latino,White,Female,35-44,67.394,Loan originated
1,625000.0,38,665000.0,158.0,1,Not Hispanic or Latino,White,Male,25-34,95.0,Loan originated
1,665000.0,30%-<36%,795000.0,191.0,1,Not Hispanic or Latino,White,Male,25-34,83.019,Loan originated
1,405000.0,41,455000.0,112.0,1,Not Hispanic or Latino,Black or African American,Female,65-74,89.89,Loan originated
1,605000.0,<20%,985000.0,13562.0,1,Not Hispanic or Latino,Asian,Male,25-34,61.58,Loan originated
1,135000.0,30%-<36%,605000.0,99.0,1,Hispanic or Latino,White,Male,35-44,22.5,Loan originated
1,715000.0,49,745000.0,151.0,1,Not Hispanic or Latino,Asian,Female,35-44,95.0,Loan originated
1,725000.0,37,975000.0,229.0,1,Not Hispanic or Latino,Asian,Male,55-64,74.1,Loan originated
1,285000.0,37,295000.0,77.0,1,Not Hispanic or Latino,Asian,Female,25-34,97.0,Loan originated
1,535000.0,39,675000.0,198.0,1,Not Hispanic or Latino,Asian,Male,55-64,80.0,Application denied
1,645000.0,49,685000.0,269.0,1,Not Hispanic or Latino,Asian,Male,35-44,95.0,Application denied
1,675000.0,44,715000.0,157.0,1,Hispanic or Latino,Asian,Male,35-44,95.0,Loan originated
1,685000.0,48,805000.0,171.0,1,Not Hispanic or Latino,White,Male,35-44,85.0,Loan originated
1,145000.0,47,255000.0,36.0,1,Not Hispanic or Latino,White,Female,65-74,54.902,Loan originated
1,455000.0,44,475000.0,124.0,1,Hispanic or Latino,White,Female,55-64,95.0,Loan originated
1,905000.0,30%-<36%,1125000.0,240.0,1,Hispanic or Latino,White,Male,25-34,80.0,Loan originated
1,915000.0,42,1225000.0,336.0,1,Not Hispanic or Latino,White,Male,55-64,75.0,Loan originated
1,1075000.0,42,1395000.0,259.0,1,Not Hispanic or Latino,White,Female,45-54,80.0,Loan originated
1,505000.0,48,535000.0,148.0,1,Hispanic or Latino,White,Female,25-34,95.0,Loan originated
1,705000.0,49,825000.0,156.0,1,Not Hispanic or Latino,Black or African American,Female,45-54,85.0,Loan originated
1,605000.0,43,675000.0,171.0,1,Hispanic or Latino,White,Male,35-44,90.0,Loan originated
1,295000.0,48,505000.0,66.0,1,Not Hispanic or Latino,White,Male,35-44,58.335,Loan originated
1,395000.0,48,865000.0,98.0,1,Not Hispanic or Latino,Asian,Female,25-34,46.0,Loan originated
1,485000.0,49,565000.0,103.0,1,Not Hispanic or Latino,White,Male,25-34,86.0,Loan originated
1,425000.0,43,535000.0,150.0,1,Not Hispanic or Latino,White,Male,25-34,80.0,Loan originated
1,505000.0,39,715000.0,240.0,1,Not Hispanic or Latino,White,Female,>74,70.0,Loan originated
1,405000.0,39,415000.0,133.0,1,Hispanic or Latino,White,Female,45-54,97.0,Loan originated
1,325000.0,48,385000.0,70.0,1,Not Hispanic or Latino,White,Female,<25,84.42,Loan originated
1,675000.0,30%-<36%,1195000.0,238.0,1,Not Hispanic or Latino,Asian,Male,45-54,56.706,Loan originated
1,375000.0,30%-<36%,535000.0,189.0,1,Not Hispanic or Latino,White,Male,35-44,69.953,Loan originated
1,235000.0,46,785000.0,227.0,1,Not Hispanic or Latino,Asian,Male,35-44,29.872,Loan originated
1,435000.0,39,585000.0,121.0,1,Not Hispanic or Latino,Asian,Female,25-34,74.359,Loan originated
1,495000.0,41,705000.0,142.0,1,Hispanic or Latino,White,Male,25-34,70.0,Loan originated
1,355000.0,49,555000.0,96.0,1,Hispanic or Latino,White,Male,45-54,63.636,Loan originated
1,395000.0,<20%,1595000.0,373.0,1,Not Hispanic or Latino,White,Female,55-64,24.76,Loan originated
1,535000.0,39,555000.0,165.0,1,Not Hispanic or Latino,White,Male,25-34,97.0,Loan originated
1,925000.0,44,1155000.0,257.0,1,Hispanic or Latino,White,Female,35-44,80.0,Loan originated
1,135000.0,45,145000.0,75.0,1,Hispanic or Latino,White,Male,35-44,95.0,Loan originated
1,425000.0,42,445000.0,131.0,1,Not Hispanic or Latino,White,Female,25-34,97.0,Loan originated
1,445000.0,42,475000.0,90.0,1,Hispanic or Latino,White,Female,35-44,95.0,Loan originated
1,385000.0,48,535000.0,82.0,1,Hispanic or Latino,White,Male,25-34,72.0,Loan originated
1,495000.0,41,615000.0,128.0,1,Not Hispanic or Latino,Asian,Female,35-44,80.0,Loan originated
1,425000.0,39,525000.0,157.0,1,Not Hispanic or Latino,White,Male,35-44,80.0,Loan originated
1,445000.0,30%-<36%,555000.0,159.0,1,Not Hispanic or Latino,White,Male,35-44,80.0,Loan originated
1,425000.0,48,525000.0,91.0,1,Not Hispanic or Latino,White,Male,25-34,100.0,Loan originated
1,565000.0,30%-<36%,635000.0,922.0,1,Not Hispanic or Latino,Asian,Male,25-34,90.0,Loan originated
1,305000.0,47,535000.0,78.0,1,Not Hispanic or Latino,White,Female,65-74,56.075,Loan originated
1,555000.0,49,585000.0,128.0,1,Hispanic or Latino,White,Male,25-34,95.0,Loan originated
1,955000.0,40,1205000.0,270.0,1,Not Hispanic or Latino,Asian,Female,25-34,80.0,Loan originated
1,1135000.0,37,1415000.0,300.0,1,Not Hispanic or Latino,Asian,Male,35-44,80.0,Loan originated
1,725000.0,45,905000.0,164.0,1,Not Hispanic or Latino,Asian,Male,55-64,80.0,Loan originated
1,605000.0,36,1005000.0,180.0,1,Not Hispanic or Latino,Asian,Female,35-44,60.0,Loan originated
1,355000.0,48,425000.0,72.0,1,Hispanic or Latino,White,Male,35-44,85.0,Loan originated
1,395000.0,45,405000.0,96.0,1,Hispanic or Latino,White,Female,25-34,100.0,Loan originated
1,765000.0,43,855000.0,321.0,1,Not Hispanic or Latino,Asian,Male,35-44,90.0,Loan originated
1,625000.0,46,825000.0,189.0,1,Hispanic or Latino,White,Male,<25,80.0,Loan originated
1,305000.0,39,745000.0,94.0,1,Not Hispanic or Latino,White,Female,55-64,40.023,Loan originated
1,505000.0,20%-<30%,675000.0,204.0,1,Not Hispanic or Latino,White,Male,<25,75.0,Loan originated
1,455000.0,38,515000.0,342.0,1,Not Hispanic or Latino,Asian,Male,<25,90.0,Loan originated
1,285000.0,20%-<30%,425000.0,96.0,1,Not Hispanic or Latino,White,Male,55-64,67.53,Loan originated
1,795000.0,49,935000.0,187.0,1,Hispanic or Latino,Asian,Female,45-54,85.0,Loan originated
1,395000.0,40,445000.0,115.0,1,Not Hispanic or Latino,White,Male,35-44,90.0,Loan originated
1,485000.0,42,645000.0,125.0,1,Not Hispanic or Latino,White,Female,25-34,75.0,Loan originated
1,925000.0,30%-<36%,1265000.0,265.0,1,Not Hispanic or Latino,Asian,Male,35-44,73.333,Loan originated
1,705000.0,40,885000.0,295.0,1,Not Hispanic or Latino,White,Male,25-34,80.0,Loan originated
1,375000.0,37,395000.0,135.0,1,Not Hispanic or Latino,White,Male,35-44,95.0,Loan originated
1,725000.0,45,815000.0,158.0,1,Not Hispanic or Latino,Asian,Male,25-34,90.0,Application denied
1,655000.0,42,695000.0,219.0,1,Not Hispanic or Latino,White,Male,45-54,95.0,Loan originated
1,175000.0,40,875000.0,97.0,1,Not Hispanic or Latino,White,Male,>74,19.99,Loan originated
1,375000.0,40,465000.0,126.0,1,Not Hispanic or Latino,White,Female,25-34,80.0,Loan originated
1,525000.0,47,795000.0,145.0,1,Not Hispanic or Latino,White,Male,45-54,65.837,Loan originated
1,445000.0,20%-<30%,485000.0,185.0,1,Not Hispanic or Latino,White,Male,25-34,91.716,Loan originated
1,5000.0,20%-<30%,5000.0,65.0,1,Hispanic or Latino,Asian,Female,55-64,113.662,Application denied
1,225000.0,45,585000.0,92.0,1,Hispanic or Latino,White,Male,45-54,38.793,Loan originated
1,845000.0,38,1055000.0,239.0,1,Not Hispanic or Latino,Asian,Female,35-44,80.0,Loan originated
1,345000.0,20%-<30%,685000.0,314.0,1,Not Hispanic or Latino,Asian,Male,<25,50.0,Loan originated
1,1185000.0,45,1585000.0,257.0,1,Not Hispanic or Latino,Asian,Male,25-34,75.0,Loan originated
1,735000.0,38,815000.0,190.0,1,Hispanic or Latino,White,Male,55-64,90.0,Loan originated
1,565000.0,45,705000.0,231.0,1,Not Hispanic or Latino,White,Male,45-54,80.0,Loan originated
1,315000.0,20%-<30%,425000.0,147.0,1,Not Hispanic or Latino,White,Male,35-44,75.0,Loan originated
1,1005000.0,36,1255000.0,282.0,1,Not Hispanic or Latino,Black or African American,Male,35-44,80.0,Loan originated
1,655000.0,30%-<36%,875000.0,622.0,1,Not Hispanic or Latino,White,Male,65-74,74.97,Loan originated
1,955000.0,44,1275000.0,210.0,1,Not Hispanic or Latino,Asian,Female,25-34,75.0,Application denied
1,385000.0,41,475000.0,155.0,1,Not Hispanic or Latino,White,Female,35-44,80.0,Loan originated
1,625000.0,46,775000.0,127.0,1,Not Hispanic or Latino,White,Male,25-34,80.0,Loan originated
1,745000.0,50%-60%,1455000.0,143.0,1,Not Hispanic or Latino,Asian,Female,35-44,51.173,Loan originated
1,335000.0,49,1245000.0,122.0,1,Not Hispanic or Latino,White,Female,45-54,27.0,Loan originated
1,565000.0,49,625000.0,155.0,1,Hispanic or Latino,White,Male,35-44,89.857,Loan originated
1,1505000.0,>60%,2505000.0,190.0,1,Hispanic or Latino,American Indian or Alaska Native,Female,35-44,60.0,Application denied
1,795000.0,44,885000.0,190.0,1,Not Hispanic or Latino,White,Male,35-44,90.0,Loan originated
1,1005000.0,42,1505000.0,215.0,1,Not Hispanic or Latino,Asian,Male,35-44,81.0,Loan originated
1,235000.0,49,585000.0,68.0,1,Not Hispanic or Latino,Asian,Female,35-44,40.0,Loan originated
1,935000.0,20%-<30%,1335000.0,425.0,1,Not Hispanic or Latino,Asian,Female,35-44,70.0,Loan originated
1,155000.0,45,175000.0,37.0,1,Not Hispanic or Latino,American Indian or Alaska Native,Male,35-44,85.0,Loan originated
1,295000.0,47,585000.0,135.0,1,Not Hispanic or Latino,White,Female,25-34,50.0,Loan originated
1,1015000.0,48,1285000.0,492.0,1,Not Hispanic or Latino,White,Male,25-34,80.0,Loan originated
1,615000.0,49,725000.0,133.0,1,Hispanic or Latino,White,Female,35-44,85.0,Loan originated
1,415000.0,36,515000.0,156.0,1,Not Hispanic or Latino,Asian,Male,35-44,80.0,Loan originated
1,705000.0,41,1185000.0,241.0,1,Not Hispanic or Latino,Asian,Male,35-44,59.322,Loan originated
1,605000.0,36,2405000.0,783.0,1,Not Hispanic or Latino,White,Female,45-54,25.0,Loan originated
1,395000.0,49,645000.0,90.0,1,Not Hispanic or Latino,White,Female,45-54,60.938,Loan originated
1,725000.0,42,745000.0,187.0,1,Not Hispanic or Latino,Asian,Female,35-44,97.0,Loan originated
1,705000.0,48,765000.0,142.0,1,Hispanic or Latino,White,Male,25-34,92.76,Loan originated
1,705000.0,46,885000.0,154.0,1,Not Hispanic or Latino,White,Female,25-34,80.0,Loan originated
1,595000.0,30%-<36%,695000.0,238.0,1,Not Hispanic or Latino,White,Male,25-34,85.0,Loan originated
1,705000.0,49,1005000.0,153.0,1,Not Hispanic or Latino,Asian,Male,35-44,70.0,Loan originated
1,425000.0,47,535000.0,95.0,1,Not Hispanic or Latino,Asian,Male,45-54,100.0,Loan originated
1,635000.0,48,705000.0,275.0,1,Not Hispanic or Latino,White,Male,25-34,90.0,Loan originated
1,405000.0,47,585000.0,106.0,1,Hispanic or Latino,White,Female,35-44,70.0,Loan originated
1,395000.0,<20%,495000.0,305.0,1,Not Hispanic or Latino,White,Male,35-44,80.0,Loan originated
1,405000.0,47,535000.0,89.0,1,Not Hispanic or Latino,Asian,Male,65-74,75.0,Loan originated
1,155000.0,30%-<36%,455000.0,82.0,1,Not Hispanic or Latino,Asian,Female,25-34,32.82,Loan originated
1,565000.0,43,585000.0,165.0,1,Hispanic or Latino,White,Female,45-54,97.0,Loan originated
1,1125000.0,40,1405000.0,456.0,1,Not Hispanic or Latino,White,Male,25-34,80.0,Loan originated
1,705000.0,45,885000.0,191.0,1,Not Hispanic or Latino,Asian,Female,35-44,80.0,Loan originated
1,1925000.0,42,2405000.0,450.0,1,Not Hispanic or Latino,White,Male,25-34,80.0,Loan originated
1,765000.0,49,985000.0,180.0,1,Not Hispanic or Latino,White,Male,45-54,78.14,Loan originated
1,735000.0,42,865000.0,176.0,1,Not Hispanic or Latino,American Indian or Alaska Native,Male,25-34,85.0,Loan originated
1,415000.0,50%-60%,455000.0,58.0,1,Hispanic or Latino,White,Male,<25,90.593,Loan originated
1,395000.0,30%-<36%,1165000.0,185.0,1,Not Hispanic or Latino,White,Male,65-74,33.906,Loan originated
1,365000.0,37,455000.0,126.0,1,Not Hispanic or Latino,White,Female,>74,80.0,Loan originated
1,855000.0,30%-<36%,1255000.0,315.0,1,Not Hispanic or Latino,White,Male,65-74,68.0,Loan originated
1,635000.0,40,675000.0,201.0,1,Not Hispanic or Latino,Asian,Male,25-34,95.0,Loan originated
1,435000.0,36,475000.0,160.0,1,Not Hispanic or Latino,White,Female,45-54,91.649,Loan originated
1,445000.0,43,495000.0,158.0,1,Not Hispanic or Latino,Black or African American,Male,45-54,90.0,Loan originated
1,855000.0,49,955000.0,231.0,1,Hispanic or Latino,White,Female,55-64,90.0,Loan originated
1,355000.0,47,535000.0,81.0,1,Hispanic or Latino,White,Female,25-34,66.853,Loan originated
1,1145000.0,49,1355000.0,215.0,1,Hispanic or Latino,White,Male,45-54,85.17,Loan originated
1,445000.0,<20%,555000.0,539.0,1,Hispanic or Latino,White,Female,45-54,80.0,Loan originated
1,715000.0,45,885000.0,152.0,1,Not Hispanic or Latino,Asian,Male,25-34,80.0,Loan originated
1,665000.0,39,825000.0,192.0,1,Not Hispanic or Latino,White,Male,45-54,80.0,Loan originated
1,955000.0,42,1265000.0,391.0,1,Not Hispanic or Latino,White,Female,45-54,75.0,Loan originated
1,665000.0,40,695000.0,171.0,1,Not Hispanic or Latino,Asian,Female,35-44,95.0,Loan originated
1,215000.0,36,215000.0,52.0,1,Not Hispanic or Latino,White,Male,25-34,97.0,Application denied
1,625000.0,44,695000.0,189.0,1,Hispanic or Latino,White,Male,35-44,89.93,Loan originated
1,305000.0,44,705000.0,-36.0,1,Not Hispanic or Latino,White,Female,65-74,43.513,Loan originated
1,725000.0,40,755000.0,189.0,1,Not Hispanic or Latino,Asian,Female,25-34,100.0,Loan originated
1,235000.0,30%-<36%,295000.0,88.0,1,Not Hispanic or Latino,White,Female,35-44,95.0,Loan originated
1,565000.0,42,655000.0,155.0,1,Not Hispanic or Latino,White,Male,25-34,86.544,Loan originated
1,205000.0,44,275000.0,227.0,1,Not Hispanic or Latino,White,Male,35-44,75.0,Loan originated
1,655000.0,49,765000.0,117.0,1,Not Hispanic or Latino,Asian,Male,35-44,85.0,Loan originated
1,525000.0,49,655000.0,138.0,1,Not Hispanic or Latino,White,Female,35-44,80.0,Loan originated
1,245000.0,49,385000.0,70.0,1,Not Hispanic or Latino,Black or African American,Female,65-74,63.636,Loan originated
1,235000.0,49,685000.0,66.0,1,Not Hispanic or Latino,White,Female,65-74,33.82,Loan originated
1,655000.0,49,695000.0,150.0,1,Not Hispanic or Latino,White,Male,25-34,95.0,Loan originated
1,495000.0,48,615000.0,143.0,1,Not Hispanic or Latino,White,Male,65-74,80.0,Loan originated
1,585000.0,20%-<30%,735000.0,223.0,1,Not Hispanic or Latino,White,Female,35-44,80.0,Loan originated
1,765000.0,47,985000.0,208.0,1,Not Hispanic or Latino,White,Male,25-34,77.822,Loan originated
1,615000.0,>60%,1615000.0,205.0,1,Not Hispanic or Latino,White,Male,55-64,37.888,Application denied
1,435000.0,48,435000.0,120.0,1,Not Hispanic or Latino,White,Male,25-34,99.23,Application denied
1,875000.0,42,1505000.0,229.0,1,Not Hispanic or Latino,Asian,Female,25-34,58.21,Loan originated
1,475000.0,41,525000.0,159.0,1,Not Hispanic or Latino,White,Female,35-44,90.0,Loan originated
1,345000.0,47,545000.0,89.0,1,Not Hispanic or Latino,Black or African American,Female,35-44,63.035,Loan originated
1,595000.0,49,745000.0,155.0,1,Not Hispanic or Latino,Asian,Female,55-64,80.0,Loan originated
1,495000.0,43,715000.0,144.0,1,Not Hispanic or Latino,Native Hawaiian or Other Pacific Islander,Female,35-44,68.531,Loan originated
1,525000.0,44,605000.0,115.0,1,Not Hispanic or Latino,Asian,Female,45-54,85.95,Loan originated
1,415000.0,<20%,535000.0,281.0,1,Not Hispanic or Latino,Black or African American,Male,65-74,80.0,Loan originated
1,575000.0,36,725000.0,321.0,1,Not Hispanic or Latino,White,Female,55-64,80.0,Loan originated
1,345000.0,>60%,435000.0,49.0,1,Not Hispanic or Latino,Asian,Female,25-34,80.0,Application denied
1,205000.0,40,345000.0,73.0,1,Not Hispanic or Latino,White,Male,45-54,66.67,Application denied
1,325000.0,>60%,1505000.0,25.0,1,Not Hispanic or Latino,Black or African American,Female,>74,21.667,Application denied
1,435000.0,20%-<30%,475000.0,195.0,1,Not Hispanic or Latino,White,Male,25-34,90.0,Loan originated
1,305000.0,37,1125000.0,230.0,1,Not Hispanic or Latino,White,Female,35-44,28.0,Loan originated
1,535000.0,46,665000.0,157.0,1,Not Hispanic or Latino,White,Male,35-44,80.0,Loan originated
1,655000.0,30%-<36%,825000.0,206.0,1,Hispanic or Latino,White,Male,35-44,80.0,Loan originated
1,425000.0,<20%,615000.0,835.0,1,Not Hispanic or Latino,White,Female,35-44,80.0,Application denied
1,555000.0,36,695000.0,170.0,1,Not Hispanic or Latino,Asian,Male,35-44,80.0,Loan originated
1,795000.0,45,995000.0,263.0,1,Not Hispanic or Latino,White,Female,45-54,80.0,Loan originated
1,495000.0,49,555000.0,133.0,1,Hispanic or Latino,White,Male,45-54,90.0,Loan originated
1,285000.0,<20%,485000.0,207.0,1,Not Hispanic or Latino,Asian,Male,25-34,58.763,Loan originated
1,215000.0,46,445000.0,78.0,1,Not Hispanic or Latino,White,Female,35-44,49.32,Loan originated
1,565000.0,37,755000.0,162.0,1,Not Hispanic or Latino,Asian,Male,35-44,75.0,Loan originated
1,145000.0,44,435000.0,62.0,1,Not Hispanic or Latino,White,Male,55-64,33.333,Loan originated
1,625000.0,37,645000.0,172.0,1,Not Hispanic or Latino,Asian,Male,35-44,96.999,Loan originated
1,325000.0,43,345000.0,100.0,1,Not Hispanic or Latino,White,Male,35-44,95.0,Loan originated
1,425000.0,44,455000.0,95.0,1,Not Hispanic or Latino,Black or African American,Female,35-44,95.0,Loan originated
1,575000.0,30%-<36%,755000.0,156.0,1,Not Hispanic or Latino,Asian,Male,35-44,75.372,Loan originated
1,145000.0,36,195000.0,80.0,1,Not Hispanic or Latino,White,Male,35-44,70.45,Loan originated
1,295000.0,40,325000.0,70.0,1,Not Hispanic or Latino,White,Male,25-34,90.0,Loan originated
1,255000.0,30%-<36%,325000.0,72.0,1,Not Hispanic or Latino,White,Female,<25,80.0,Loan originated
1,875000.0,39,975000.0,285.0,1,Hispanic or Latino,White,Male,45-54,90.0,Loan originated
1,655000.0,45,735000.0,149.0,1,Not Hispanic or Latino,White,Female,35-44,89.041,Loan originated
1,585000.0,38,725000.0,155.0,1,Not Hispanic or Latino,Asian,Male,25-34,80.0,Loan originated
1,465000.0,49,985000.0,96.0,1,Not Hispanic or Latino,White,Female,45-54,47.857,Loan originated
1,315000.0,20%-<30%,835000.0,132.0,1,Not Hispanic or Latino,White,Female,45-54,38.0,Loan originated
1,255000.0,20%-<30%,385000.0,104.0,1,Hispanic or Latino,White,Male,35-44,66.408,Loan originated
1,245000.0,50%-60%,505000.0,72.0,1,Not Hispanic or Latino,White,Male,65-74,47.525,Loan originated
1,635000.0,47,795000.0,174.0,1,Hispanic or Latino,White,Male,35-44,80.0,Loan originated
1,455000.0,44,575000.0,136.0,1,Not Hispanic or Latino,White,Female,55-64,80.0,Loan originated
1,705000.0,40,745000.0,201.0,1,Not Hispanic or Latino,Asian,Male,35-44,95.0,Loan originated
1,435000.0,47,535000.0,89.0,1,Not Hispanic or Latino,White,Male,25-34,80.0,Loan originated
1,615000.0,46,1195000.0,329.0,1,Not Hispanic or Latino,White,Male,25-34,51.246,Loan originated
1,425000.0,41,605000.0,138.0,1,Not Hispanic or Latino,White,Male,25-34,70.0,Loan originated
1,555000.0,37,795000.0,447.0,1,Not Hispanic or Latino,White,Female,65-74,70.0,Loan originated
1,645000.0,30%-<36%,875000.0,204.0,1,Not Hispanic or Latino,White,Male,45-54,73.77,Loan originated
1,375000.0,20%-<30%,505000.0,291.0,1,Not Hispanic or Latino,White,Female,55-64,75.0,Loan originated
1,725000.0,36,995000.0,265.0,1,Hispanic or Latino,White,Male,35-44,72.0,Loan originated
1,1105000.0,30%-<36%,1375000.0,461.0,1,Not Hispanic or Latino,White,Female,45-54,80.0,Loan originated
1,1105000.0,38,1305000.0,326.0,1,Not Hispanic or Latino,Asian,Male,35-44,85.0,Loan originated
1,335000.0,20%-<30%,485000.0,208.0,1,Not Hispanic or Latino,Asian,Female,65-74,70.0,Loan originated
1,1005000.0,39,1975000.0,330.0,1,Hispanic or Latino,White,Male,55-64,50.64,Loan originated
1,525000.0,47,875000.0,126.0,1,Hispanic or Latino,White,Male,25-34,59.862,Loan originated
1,895000.0,37,1325000.0,245.0,1,Not Hispanic or Latino,White,Male,35-44,68.152,Loan originated
1,555000.0,30%-<36%,625000.0,155.0,1,Not Hispanic or Latino,Asian,Male,25-34,89.989,Loan originated
1,225000.0,45,455000.0,64.0,1,Not Hispanic or Latino,Black or African American,Female,55-64,49.952,Loan originated
1,905000.0,30%-<36%,1285000.0,300.0,1,Not Hispanic or Latino,White,Male,25-34,70.0,Loan originated
1,305000.0,44,315000.0,119.0,1,Not Hispanic or Latino,White,Male,65-74,95.0,Loan originated
1,285000.0,45,485000.0,82.0,1,Hispanic or Latino,White,Female,35-44,60.0,Loan originated
1,645000.0,30%-<36%,865000.0,211.0,1,Not Hispanic or Latino,Asian,Female,45-54,75.0,Loan originated
1,825000.0,30%-<36%,1105000.0,222.0,1,Not Hispanic or Latino,White,Male,35-44,75.0,Loan originated
1,705000.0,49,1425000.0,170.0,1,Not Hispanic or Latino,Asian,Male,35-44,49.123,Loan originated
1,575000.0,43,725000.0,138.0,1,Not Hispanic or Latino,Asian,Male,35-44,80.0,Loan originated
1,495000.0,47,865000.0,127.0,1,Not Hispanic or Latino,Asian,Male,35-44,56.79,Loan originated
1,315000.0,49,415000.0,110.0,1,Hispanic or Latino,American Indian or Alaska Native,Male,35-44,75.904,Loan originated
1,165000.0,49,255000.0,46.0,1,Not Hispanic or Latino,White,Male,55-64,72.0,Application denied
1,685000.0,50%-60%,855000.0,150.0,1,Not Hispanic or Latino,White,Male,35-44,80.0,Application denied
1,105000.0,>60%,385000.0,38.0,1,Hispanic or Latino,White,Male,65-74,27.632,Application denied
1,1505000.0,47,2345000.0,315.0,1,Not Hispanic or Latino,Asian,Male,55-64,64.26,Loan originated
1,765000.0,41,1365000.0,186.0,1,Not Hispanic or Latino,Asian,Male,25-34,56.02,Loan originated
1,815000.0,41,1085000.0,428.0,1,Not Hispanic or Latino,Asian,Male,35-44,75.0,Loan originated
1,785000.0,44,875000.0,152.0,1,Not Hispanic or Latino,White,Male,<25,90.0,Loan originated
1,395000.0,40,495000.0,136.0,1,Not Hispanic or Latino,White,Female,45-54,79.798,Loan originated
1,445000.0,47,745000.0,166.0,1,Not Hispanic or Latino,White,Male,55-64,60.0,Loan originated
1,725000.0,44,1325000.0,250.0,1,Not Hispanic or Latino,Asian,Male,35-44,54.717,Loan originated
1,305000.0,20%-<30%,375000.0,315.0,1,Not Hispanic or Latino,Asian,Male,55-64,80.0,Loan originated
1,615000.0,43,765000.0,146.0,1,Not Hispanic or Latino,Asian,Male,45-54,99.61,Loan originated
1,645000.0,42,765000.0,211.0,1,Not Hispanic or Latino,White,Male,35-44,85.0,Loan originated
1,345000.0,40,645000.0,180.0,1,Not Hispanic or Latino,White,Male,35-44,53.544,Loan originated
1,505000.0,37,625000.0,205.0,1,Not Hispanic or Latino,White,Female,25-34,80.0,Loan originated
1,465000.0,48,495000.0,114.0,1,Hispanic or Latino,White,Male,25-34,95.0,Loan originated
1,405000.0,30%-<36%,705000.0,252.0,1,Not Hispanic or Latino,Asian,Male,55-64,56.738,Loan originated
1,335000.0,47,525000.0,81.0,1,Not Hispanic or Latino,White,Female,35-44,63.0,Loan originated
1,355000.0,45,755000.0,102.0,1,Not Hispanic or Latino,Asian,Female,45-54,46.67,Loan originated
1,1025000.0,30%-<36%,1155000.0,345.0,1,Not Hispanic or Latino,Asian,Male,35-44,88.783,Loan originated
1,395000.0,39,565000.0,152.0,1,Hispanic or Latino,White,Male,45-54,70.0,Loan originated
1,385000.0,47,395000.0,90.0,1,Not Hispanic or Latino,White,Male,25-34,97.0,Loan originated
1,505000.0,20%-<30%,905000.0,345.0,1,Not Hispanic or Latino,White,Male,35-44,55.556,Loan originated
1,625000.0,49,895000.0,141.0,1,Not Hispanic or Latino,Asian,Female,35-44,70.0,Loan originated
1,235000.0,49,245000.0,78.0,1,Hispanic or Latino,Black or African American,Female,25-34,100.0,Loan originated
1,565000.0,30%-<36%,815000.0,177.0,1,Hispanic or Latino,American Indian or Alaska Native,Female,45-54,70.0,Loan originated
1,445000.0,38,555000.0,325.0,1,Not Hispanic or Latino,Asian,Male,35-44,80.0,Loan originated
1,275000.0,30%-<36%,375000.0,77.0,1,Not Hispanic or Latino,Asian,Female,35-44,73.33,Loan originated
1,585000.0,39,595000.0,198.0,1,Hispanic or Latino,White,Male,25-34,97.0,Loan originated
1,315000.0,20%-<30%,415000.0,361.0,1,Hispanic or Latino,White,Male,55-64,75.0,Loan originated
1,385000.0,30%-<36%,515000.0,291.0,1,Not Hispanic or Latino,White,Female,45-54,75.0,Loan originated
1,945000.0,39,1185000.0,300.0,1,Not Hispanic or Latino,White,Male,35-44,80.0,Loan originated
1,535000.0,36,625000.0,306.0,1,Not Hispanic or Latino,Asian,Female,45-54,85.0,Loan originated
1,435000.0,49,485000.0,98.0,1,Not Hispanic or Latino,Asian,Female,25-34,90.0,Loan originated
1,165000.0,38,175000.0,60.0,1,Hispanic or Latino,White,Male,25-34,100.0,Loan originated
1,825000.0,45,915000.0,240.0,1,Hispanic or Latino,White,Female,55-64,90.0,Loan originated
1,355000.0,50%-60%,515000.0,63.0,1,Hispanic or Latino,White,Male,45-54,70.0,Loan originated
1,505000.0,<20%,655000.0,156.0,1,Not Hispanic or Latino,Native Hawaiian or Other Pacific Islander,Male,25-34,76.923,Application denied
1,455000.0,48,555000.0,146.0,1,Not Hispanic or Latino,White,Male,35-44,83.0,Loan originated
1,625000.0,30%-<36%,655000.0,378.0,1,Not Hispanic or Latino,Black or African American,Male,35-44,94.65,Loan originated
1,585000.0,41,735000.0,150.0,1,Not Hispanic or Latino,White,Male,<25,80.0,Loan originated
1,905000.0,42,1515000.0,209.0,1,Not Hispanic or Latino,Asian,Male,45-54,60.0,Loan originated
1,505000.0,40,1085000.0,204.0,1,Not Hispanic or Latino,Black or African American,Female,65-74,47.0,Loan originated
1,405000.0,30%-<36%,435000.0,117.0,1,Hispanic or Latino,White,Female,35-44,92.6,Application denied
1,515000.0,47,645000.0,252.0,1,Not Hispanic or Latino,Asian,Female,35-44,80.0,Loan originated
1,355000.0,44,395000.0,105.0,1,Hispanic or Latino,White,Male,25-34,90.84,Loan originated
1,395000.0,49,665000.0,98.0,1,Not Hispanic or Latino,Black or African American,Female,55-64,60.0,Loan originated
1,105000.0,49,175000.0,42.0,1,Not Hispanic or Latino,White,Male,45-54,59.0,Loan originated
1,705000.0,46,955000.0,151.0,1,Not Hispanic or Latino,Asian,Male,25-34,73.684,Loan originated
1,425000.0,20%-<30%,605000.0,298.0,1,Hispanic or Latino,White,Female,65-74,71.25,Loan originated
1,765000.0,45,955000.0,353.0,1,Not Hispanic or Latino,White,Male,35-44,80.0,Loan originated
1,285000.0,47,575000.0,81.0,1,Not Hispanic or Latino,Asian,Female,25-34,50.0,Loan originated
1,345000.0,30%-<36%,425000.0,98.0,1,Not Hispanic or Latino,White,Male,25-34,80.0,Loan originated
1,255000.0,44,555000.0,72.0,1,Hispanic or Latino,White,Female,35-44,45.455,Loan originated
1,205000.0,>60%,905000.0,125.0,1,Not Hispanic or Latino,Asian,Female,35-44,22.22,Application denied
1,425000.0,30%-<36%,565000.0,170.0,1,Not Hispanic or Latino,Asian,Male,25-34,75.007,Loan originated
1,635000.0,30%-<36%,745000.0,218.0,1,Hispanic or Latino,White,Male,45-54,85.0,Loan originated
1,525000.0,48,805000.0,114.0,1,Not Hispanic or Latino,Asian,Male,25-34,65.0,Loan originated
1,945000.0,49,1355000.0,187.0,1,Not Hispanic or Latino,Asian,Male,35-44,70.0,Loan originated
1,535000.0,20%-<30%,665000.0,250.0,1,Not Hispanic or Latino,Asian,Male,25-34,80.0,Loan originated
1,415000.0,47,465000.0,96.0,1,Not Hispanic or Latino,White,Male,35-44,90.0,Loan originated
1,565000.0,20%-<30%,1855000.0,291.0,1,Not Hispanic or Latino,White,Male,55-64,30.4,Loan originated
1,275000.0,42,295000.0,108.0,1,Not Hispanic or Latino,White,Male,35-44,95.0,Loan originated
1,605000.0,37,715000.0,169.0,1,Not Hispanic or Latino,Asian,Male,25-34,85.0,Loan originated
1,515000.0,49,575000.0,108.0,1,Hispanic or Latino,White,Female,65-74,90.0,Loan originated
1,655000.0,43,725000.0,168.0,1,Hispanic or Latino,White,Male,35-44,89.99,Application denied
1,585000.0,45,615000.0,143.0,1,Not Hispanic or Latino,White,Male,25-34,95.0,Loan originated
1,445000.0,41,555000.0,106.0,1,Not Hispanic or Latino,Asian,Male,35-44,80.0,Loan originated
1,705000.0,49,875000.0,228.0,1,Not Hispanic or Latino,Asian,Male,45-54,80.0,Loan originated
1,575000.0,40,675000.0,150.0,1,Not Hispanic or Latino,White,Male,25-34,85.0,Loan originated
1,705000.0,30%-<36%,975000.0,295.0,1,Not Hispanic or Latino,White,Male,35-44,72.165,Loan originated
1,215000.0,30%-<36%,225000.0,120.0,1,Not Hispanic or Latino,White,Male,25-34,95.0,Loan originated
1,605000.0,49,1535000.0,141.0,1,Not Hispanic or Latino,White,Male,25-34,39.21,Loan originated
1,1005000.0,20%-<30%,1515000.0,313.0,1,Not Hispanic or Latino,Asian,Male,35-44,66.225,Loan originated
1,475000.0,<20%,945000.0,1286.0,1,Not Hispanic or Latino,White,Male,55-64,50.0,Loan originated
1,665000.0,40,735000.0,154.0,1,Not Hispanic or Latino,Asian,Male,45-54,89.892,Loan originated
1,855000.0,30%-<36%,1105000.0,295.0,1,Not Hispanic or Latino,White,Female,45-54,77.273,Loan originated
1,515000.0,47,705000.0,114.0,1,Hispanic or Latino,White,Female,55-64,72.84,Loan originated
1,765000.0,48,835000.0,184.0,1,Not Hispanic or Latino,Asian,Male,25-34,92.355,Loan originated
1,315000.0,45,615000.0,70.0,1,Not Hispanic or Latino,Asian,Male,55-64,50.82,Loan originated
1,535000.0,47,575000.0,155.0,1,Hispanic or Latino,White,Male,35-44,93.86,Loan originated
1,975000.0,47,1155000.0,210.0,1,Not Hispanic or Latino,Asian,Male,35-44,85.0,Loan originated
1,385000.0,50%-60%,435000.0,97.0,1,Hispanic or Latino,White,Male,65-74,88.61,Loan originated
1,655000.0,46,825000.0,167.0,1,Not Hispanic or Latino,Asian,Male,25-34,80.0,Loan originated
1,715000.0,20%-<30%,895000.0,473.0,1,Not Hispanic or Latino,White,Male,35-44,80.0,Loan originated
1,765000.0,49,875000.0,217.0,1,Not Hispanic or Latino,Asian,Male,45-54,87.934,Loan originated
1,655000.0,44,815000.0,147.0,1,Not Hispanic or Latino,Black or African American,Female,55-64,80.0,Loan originated
1,1125000.0,30%-<36%,1505000.0,446.0,1,Not Hispanic or Latino,White,Male,35-44,75.0,Loan originated
1,305000.0,43,405000.0,170.0,1,Not Hispanic or Latino,White,Male,45-54,75.0,Loan originated
1,465000.0,49,585000.0,175.0,1,Not Hispanic or Latino,Asian,Female,35-44,80.0,Loan originated
1,585000.0,42,725000.0,166.0,1,Not Hispanic or Latino,Asian,Male,25-34,80.0,Loan originated
1,245000.0,42,325000.0,74.0,1,Hispanic or Latino,White,Female,45-54,76.563,Loan originated
1,635000.0,30%-<36%,795000.0,232.0,1,Not Hispanic or Latino,White,Female,45-54,80.0,Loan originated
1,265000.0,50%-60%,295000.0,112.0,1,Hispanic or Latino,White,Female,55-64,90.1,Loan originated
1,745000.0,46,935000.0,308.0,1,Not Hispanic or Latino,Asian,Male,45-54,80.0,Loan originated
1,625000.0,>60%,775000.0,137.0,1,Not Hispanic or Latino,Asian,Male,35-44,80.0,Application denied
1,505000.0,37,635000.0,161.0,1,Not Hispanic or Latino,White,Female,25-34,79.912,Loan originated
1,455000.0,42,765000.0,117.0,1,Not Hispanic or Latino,White,Male,35-44,60.0,Loan originated
1,315000.0,46,355000.0,72.0,1,Hispanic or Latino,White,Female,35-44,90.0,Loan originated
1,465000.0,47,545000.0,203.0,1,Not Hispanic or Latino,White,Female,35-44,85.0,Loan originated
1,885000.0,38,1105000.0,197.0,1,Not Hispanic or Latino,Asian,Male,35-44,80.0,Loan originated
1,605000.0,40,635000.0,163.0,1,Not Hispanic or Latino,Asian,Male,45-54,95.0,Loan originated
1,185000.0,43,225000.0,54.0,1,Not Hispanic or Latino,White,Female,45-54,80.0,Loan originated
1,245000.0,48,755000.0,68.0,1,Not Hispanic or Latino,White,Male,<25,32.0,Loan originated
1,465000.0,38,625000.0,131.0,1,Not Hispanic or Latino,White,Male,25-34,73.768,Loan originated
1,545000.0,45,685000.0,113.0,1,Not Hispanic or Latino,Asian,Female,35-44,86.26,Loan originated
1,925000.0,48,1165000.0,333.0,1,Hispanic or Latino,White,Male,25-34,80.0,Loan originated
1,345000.0,41,645000.0,96.0,1,Not Hispanic or Latino,Asian,Male,25-34,53.91,Loan originated
1,355000.0,48,615000.0,84.0,1,Not Hispanic or Latino,White,Female,55-64,58.0,Loan originated
1,495000.0,49,955000.0,104.0,1,Not Hispanic or Latino,Asian,Female,25-34,51.63,Loan originated
1,445000.0,49,555000.0,89.0,1,Not Hispanic or Latino,White,Female,25-34,80.0,Loan originated
1,125000.0,46,355000.0,46.0,1,Not Hispanic or Latino,White,Male,65-74,35.714,Loan originated
1,365000.0,30%-<36%,465000.0,140.0,1,Hispanic or Latino,White,Female,25-34,78.274,Loan originated
1,465000.0,20%-<30%,585000.0,208.0,1,Hispanic or Latino,Asian,Male,25-34,80.0,Loan originated
1,415000.0,30%-<36%,525000.0,191.0,1,Hispanic or Latino,White,Female,25-34,80.0,Loan originated
1,275000.0,50%-60%,285000.0,57.0,1,Hispanic or Latino,White,Female,55-64,97.0,Loan originated
1,545000.0,42,815000.0,133.0,1,Not Hispanic or Latino,White,Female,25-34,83.239,Loan originated
1,1065000.0,44,1325000.0,280.0,1,Not Hispanic or Latino,Asian,Male,35-44,80.0,Loan originated
1,295000.0,30%-<36%,585000.0,320.0,1,Not Hispanic or Latino,White,Male,35-44,50.0,Loan originated
1,425000.0,20%-<30%,845000.0,184.0,1,Hispanic or Latino,White,Male,25-34,50.29,Loan originated
1,935000.0,41,1165000.0,236.0,1,Not Hispanic or Latino,White,Male,25-34,80.0,Loan originated
1,485000.0,49,505000.0,112.0,1,Hispanic or Latino,White,Female,25-34,95.0,Loan originated
1,585000.0,49,605000.0,116.0,1,Not Hispanic or Latino,Asian,Female,25-34,100.0,Loan originated
1,395000.0,<20%,565000.0,314.0,1,Not Hispanic or Latino,White,Female,35-44,69.64,Loan originated
1,195000.0,50%-60%,215000.0,76.0,1,Not Hispanic or Latino,White,Female,25-34,93.0,Application denied
1,375000.0,37,745000.0,107.0,1,Not Hispanic or Latino,Asian,Male,25-34,50.0,Loan originated
1,225000.0,20%-<30%,1185000.0,150.0,1,Not Hispanic or Latino,Asian,Female,35-44,18.613,Loan originated
1,915000.0,49,1075000.0,176.0,1,Not Hispanic or Latino,White,Female,55-64,85.0,Loan originated
1,755000.0,48,945000.0,167.0,1,Hispanic or Latino,White,Female,55-64,80.0,Application denied
1,405000.0,47,905000.0,65.0,1,Not Hispanic or Latino,White,Male,65-74,44.345,Loan originated
1,335000.0,<20%,885000.0,252.0,1,Not Hispanic or Latino,White,Male,45-54,38.133,Loan originated
1,995000.0,38,1255000.0,321.0,1,Not Hispanic or Latino,White,Male,45-54,80.0,Loan originated
1,345000.0,30%-<36%,385000.0,139.0,1,Not Hispanic or Latino,White,Female,35-44,88.402,Loan originated
1,355000.0,49,445000.0,75.0,1,Not Hispanic or Latino,Asian,Male,35-44,80.0,Loan originated
1,315000.0,49,525000.0,184.0,1,Not Hispanic or Latino,Asian,Male,25-34,60.0,Loan originated
1,165000.0,20%-<30%,205000.0,99.0,1,Not Hispanic or Latino,White,Female,25-34,80.0,Loan originated
1,685000.0,45,865000.0,209.0,1,Not Hispanic or Latino,Asian,Female,55-64,80.0,Loan originated
1,485000.0,30%-<36%,535000.0,183.0,1,Not Hispanic or Latino,White,Male,25-34,90.0,Loan originated
1,295000.0,30%-<36%,315000.0,226.0,1,Not Hispanic or Latino,Asian,Female,35-44,95.0,Loan originated
1,1005000.0,40,1275000.0,737.0,1,Not Hispanic or Latino,White,Female,65-74,78.431,Loan originated
1,455000.0,48,605000.0,100.0,1,Not Hispanic or Latino,White,Female,<25,75.0,Loan originated
1,445000.0,30%-<36%,565000.0,151.0,1,Not Hispanic or Latino,White,Female,55-64,80.0,Loan originated
1,405000.0,41,855000.0,236.0,1,Not Hispanic or Latino,White,Female,65-74,47.059,Loan originated
1,275000.0,50%-60%,325000.0,82.0,1,Not Hispanic or Latino,White,Female,25-34,85.0,Application denied
1,735000.0,47,775000.0,156.0,1,Not Hispanic or Latino,Black or African American,Male,35-44,98.0,Loan originated
1,655000.0,36,1055000.0,216.0,1,Not Hispanic or Latino,White,Male,35-44,61.905,Loan originated
1,575000.0,30%-<36%,615000.0,234.0,1,Hispanic or Latino,White,Male,45-54,94.2,Loan originated
1,845000.0,20%-<30%,1125000.0,361.0,1,Not Hispanic or Latino,White,Female,25-34,75.0,Loan originated
1,905000.0,49,2405000.0,420.0,1,Not Hispanic or Latino,Asian,Male,65-74,37.5,Loan originated
1,395000.0,45,465000.0,94.0,1,Hispanic or Latino,White,Male,45-54,85.0,Application denied
1,635000.0,43,795000.0,148.0,1,Not Hispanic or Latino,Asian,Male,25-34,80.0,Loan originated
1,475000.0,30%-<36%,635000.0,456.0,1,Not Hispanic or Latino,Asian,Male,25-34,75.0,Loan originated
1,165000.0,49,495000.0,57.0,1,Not Hispanic or Latino,White,Female,55-64,33.993,Loan originated
1,365000.0,20%-<30%,465000.0,153.0,1,Not Hispanic or Latino,Asian,Female,35-44,80.0,Loan originated
1,685000.0,39,855000.0,221.0,1,Not Hispanic or Latino,White,Female,65-74,80.0,Loan originated
1,325000.0,41,475000.0,111.0,1,Hispanic or Latino,White,Male,25-34,68.42,Loan originated
1,635000.0,48,675000.0,151.0,1,Not Hispanic or Latino,Asian,Female,35-44,95.0,Loan originated
1,765000.0,30%-<36%,1125000.0,284.0,1,Hispanic or Latino,White,Female,55-64,68.393,Loan originated
1,285000.0,37,395000.0,74.0,1,Hispanic or Latino,White,Female,<25,70.886,Loan originated
1,535000.0,45,595000.0,174.0,1,Not Hispanic or Latino,White,Male,35-44,90.0,Loan originated
1,575000.0,43,605000.0,144.0,1,Not Hispanic or Latino,Asian,Male,25-34,95.0,Loan originated
1,635000.0,49,735000.0,144.0,1,Not Hispanic or Latino,Black or African American,Female,35-44,85.998,Loan originated
1,205000.0,49,845000.0,68.0,1,Not Hispanic or Latino,White,Female,>74,24.0,Loan originated
1,765000.0,49,1185000.0,263.0,1,Not Hispanic or Latino,White,Male,45-54,64.64,Loan originated
1,505000.0,48,635000.0,179.0,1,Hispanic or Latino,Asian,Male,25-34,80.0,Loan originated
1,155000.0,40,575000.0,68.0,1,Not Hispanic or Latino,White,Male,55-64,27.193,Loan originated
1,485000.0,48,545000.0,93.0,1,Hispanic or Latino,White,Male,45-54,90.0,Loan originated
1,485000.0,39,685000.0,150.0,1,Not Hispanic or Latino,Asian,Female,25-34,70.0,Loan originated
1,675000.0,48,725000.0,251.0,1,Not Hispanic or Latino,White,Male,25-34,93.75,Loan originated
1,375000.0,48,645000.0,109.0,1,Hispanic or Latino,White,Female,25-34,57.011,Loan originated
1,435000.0,48,655000.0,95.0,1,Not Hispanic or Latino,White,Female,35-44,67.0,Loan originated
1,155000.0,49,595000.0,52.0,1,Not Hispanic or Latino,White,Male,>74,25.126,Loan originated
1,365000.0,30%-<36%,865000.0,150.0,1,Not Hispanic or Latino,Asian,Female,25-34,42.26,Loan originated
1,325000.0,30%-<36%,575000.0,114.0,1,Not Hispanic or Latino,White,Male,25-34,57.0,Loan originated
1,115000.0,20%-<30%,135000.0,39.0,1,Not Hispanic or Latino,White,Male,45-54,85.0,Loan originated
1,465000.0,41,585000.0,119.0,1,Not Hispanic or Latino,Asian,Female,25-34,80.0,Loan originated
1,635000.0,41,715000.0,149.0,1,Hispanic or Latino,2 or more minority races,Male,25-34,90.0,Loan originated
1,375000.0,37,755000.0,141.0,1,Hispanic or Latino,White,Male,25-34,50.0,Loan originated
1,1015000.0,20%-<30%,1135000.0,520.0,1,Not Hispanic or Latino,White,Female,35-44,90.0,Loan originated
1,785000.0,43,825000.0,216.0,1,Not Hispanic or Latino,White,Male,35-44,95.0,Loan originated
1,875000.0,48,1245000.0,215.0,1,Not Hispanic or Latino,Asian,Male,25-34,70.0,Loan originated
1,995000.0,39,1525000.0,271.0,1,Not Hispanic or Latino,White,Male,45-54,64.918,Loan originated
1,355000.0,44,365000.0,97.0,1,Hispanic or Latino,2 or more minority races,Female,45-54,97.0,Loan originated
1,575000.0,49,615000.0,161.0,1,Not Hispanic or Latino,White,Male,35-44,95.0,Loan originated
1,495000.0,48,625000.0,123.0,1,Not Hispanic or Latino,White,Female,55-64,80.0,Loan originated
1,505000.0,46,725000.0,137.0,1,Not Hispanic or Latino,White,Male,25-34,70.0,Loan originated
1,285000.0,30%-<36%,765000.0,120.0,1,Not Hispanic or Latino,White,Male,65-74,36.877,Loan originated
1,425000.0,49,435000.0,133.0,1,Hispanic or Latino,White,Male,25-34,100.0,Loan originated
1,615000.0,30%-<36%,725000.0,205.0,1,Not Hispanic or Latino,Asian,Male,35-44,85.0,Loan originated
1,655000.0,48,695000.0,162.0,1,Hispanic or Latino,White,Female,65-74,95.0,Application denied
1,275000.0,42,305000.0,155.0,1,Hispanic or Latino,White,Male,45-54,90.0,Loan originated
1,385000.0,48,785000.0,88.0,1,Not Hispanic or Latino,Asian,Male,25-34,48.846,Loan originated
1,645000.0,20%-<30%,805000.0,347.0,1,Not Hispanic or Latino,White,Male,25-34,80.0,Loan originated
1,535000.0,46,595000.0,131.0,1,Not Hispanic or Latino,Asian,Female,25-34,90.0,Loan originated
1,295000.0,41,355000.0,72.0,1,Hispanic or Latino,White,Male,45-54,85.0,Loan originated
1,775000.0,49,815000.0,145.0,1,Hispanic or Latino,White,Male,55-64,95.0,Loan originated
1,325000.0,38,345000.0,137.0,1,Not Hispanic or Latino,White,Male,35-44,95.0,Loan originated
1,515000.0,30%-<36%,545000.0,156.0,1,Not Hispanic or Latino,White,Male,25-34,95.0,Loan originated
1,905000.0,40,955000.0,343.0,1,Not Hispanic or Latino,White,Male,25-34,95.0,Loan originated
1,865000.0,30%-<36%,1265000.0,385.0,1,Not Hispanic or Latino,White,Female,65-74,68.304,Loan originated
1,645000.0,43,675000.0,150.0,1,Hispanic or Latino,White,Female,25-34,95.0,Loan originated
1,245000.0,40,305000.0,70.0,1,Not Hispanic or Latino,White,Male,45-54,80.0,Loan originated
1,605000.0,44,755000.0,171.0,1,Not Hispanic or Latino,Asian,Male,35-44,80.0,Application denied
1,325000.0,30%-<36%,435000.0,111.0,1,Not Hispanic or Latino,Asian,Male,45-54,95.0,Loan originated
1,275000.0,48,555000.0,63.0,1,Hispanic or Latino,White,Female,45-54,99.996,Loan originated
1,325000.0,20%-<30%,405000.0,355.0,1,Not Hispanic or Latino,White,Male,65-74,80.0,Loan originated
1,565000.0,>60%,625000.0,122.0,1,Not Hispanic or Latino,White,Male,25-34,95.0,Application denied
1,335000.0,44,425000.0,72.0,1,Not Hispanic or Latino,Asian,Male,25-34,80.0,Loan originated
1,875000.0,49,1315000.0,307.0,1,Not Hispanic or Latino,White,Male,45-54,66.54,Loan originated
1,925000.0,40,1255000.0,430.0,1,Not Hispanic or Latino,White,Male,65-74,74.08,Loan originated
1,365000.0,48,385000.0,108.0,1,Hispanic or Latino,White,Male,25-34,95.0,Loan originated
1,485000.0,37,615000.0,125.0,1,Not Hispanic or Latino,White,Male,25-34,80.0,Loan originated
1,565000.0,45,595000.0,245.0,1,Hispanic or Latino,White,Male,45-54,95.0,Loan originated
1,495000.0,46,515000.0,103.0,1,Not Hispanic or Latino,White,Female,25-34,97.0,Loan originated
1,685000.0,49,725000.0,240.0,1,Not Hispanic or Latino,Asian,Male,35-44,95.0,Loan originated
1,1085000.0,30%-<36%,1355000.0,366.0,1,Not Hispanic or Latino,Asian,Male,25-34,80.0,Loan originated
1,545000.0,44,565000.0,180.0,1,Not Hispanic or Latino,White,Female,35-44,96.991,Loan originated
1,875000.0,40,1275000.0,209.0,1,Not Hispanic or Latino,White,Male,45-54,68.63,Loan originated
1,435000.0,30%-<36%,445000.0,147.0,1,Not Hispanic or Latino,White,Male,45-54,97.0,Loan originated
1,315000.0,20%-<30%,755000.0,153.0,1,Not Hispanic or Latino,White,Male,55-64,41.131,Loan originated
1,605000.0,46,1005000.0,134.0,1,Not Hispanic or Latino,White,Male,35-44,60.0,Loan originated
1,225000.0,45,625000.0,84.0,1,Not Hispanic or Latino,Asian,Female,65-74,35.484,Loan originated
1,455000.0,46,485000.0,124.0,1,Not Hispanic or Latino,White,Female,25-34,95.0,Loan originated
1,495000.0,43,555000.0,168.0,1,Not Hispanic or Latino,White,Male,25-34,90.0,Loan originated
1,445000.0,49,895000.0,95.0,1,Not Hispanic or Latino,Asian,Female,25-34,49.999,Loan originated
1,505000.0,>60%,905000.0,1.0,1,Not Hispanic or Latino,Asian,Male,45-54,55.6,Application denied
1,355000.0,20%-<30%,495000.0,244.0,1,Not Hispanic or Latino,White,Female,25-34,71.283,Loan originated
1,105000.0,48,365000.0,65.0,1,Not Hispanic or Latino,White,Female,>74,27.778,Loan originated
1,495000.0,41,535000.0,125.0,1,Not Hispanic or Latino,White,Male,<25,92.0,Loan originated
1,325000.0,20%-<30%,415000.0,114.0,1,Hispanic or Latino,White,Male,25-34,80.0,Loan originated
1,375000.0,47,385000.0,86.0,1,Not Hispanic or Latino,Black or African American,Male,25-34,97.0,Loan originated
1,415000.0,30%-<36%,465000.0,201.0,1,Not Hispanic or Latino,White,Male,45-54,89.913,Loan originated
1,885000.0,46,935000.0,188.0,1,Not Hispanic or Latino,White,Male,25-34,95.0,Loan originated
1,1005000.0,47,1285000.0,315.0,1,Hispanic or Latino,White,Female,45-54,77.822,Loan originated
1,235000.0,42,285000.0,72.0,1,Hispanic or Latino,White,Male,35-44,85.0,Application denied
1,645000.0,<20%,765000.0,0.0,1,Not Hispanic or Latino,White,Male,25-34,85.0,Application denied
1,305000.0,30%-<36%,405000.0,99.0,1,Not Hispanic or Latino,White,Female,65-74,75.31,Loan originated
1,915000.0,41,1305000.0,225.0,1,Not Hispanic or Latino,Asian,Male,25-34,70.0,Loan originated
1,435000.0,37,725000.0,141.0,1,Not Hispanic or Latino,White,Male,55-64,60.554,Loan originated
1,605000.0,42,1015000.0,151.0,1,Not Hispanic or Latino,White,Male,55-64,60.0,Loan originated
1,435000.0,40,545000.0,135.0,1,Not Hispanic or Latino,White,Male,35-44,80.0,Loan originated
1,435000.0,30%-<36%,455000.0,136.0,1,Not Hispanic or Latino,White,Female,55-64,100.0,Loan originated
1,645000.0,30%-<36%,685000.0,195.0,1,Not Hispanic or Latino,Asian,Male,45-54,95.0,Loan originated
1,495000.0,49,665000.0,169.0,1,Not Hispanic or Latino,Asian,Female,45-54,75.0,Loan originated
1,885000.0,42,1105000.0,205.0,1,Not Hispanic or Latino,2 or more minority races,Male,35-44,80.0,Loan originated
1,305000.0,30%-<36%,505000.0,123.0,1,Not Hispanic or Latino,White,Male,45-54,60.0,Loan originated
1,685000.0,41,865000.0,156.0,1,Not Hispanic or Latino,White,Male,45-54,80.0,Loan originated
1,315000.0,49,395000.0,71.0,1,Hispanic or Latino,White,Female,25-34,80.0,Loan originated
1,625000.0,40,785000.0,244.0,1,Not Hispanic or Latino,White,Male,35-44,80.0,Loan originated
1,355000.0,48,445000.0,90.0,1,Not Hispanic or Latino,Asian,Female,35-44,80.0,Loan originated
1,695000.0,48,1085000.0,163.0,1,Not Hispanic or Latino,Asian,Female,<25,64.391,Loan originated
1,485000.0,20%-<30%,605000.0,333.0,1,Not Hispanic or Latino,White,Female,35-44,80.0,Loan originated
1,785000.0,30%-<36%,1465000.0,354.0,1,Not Hispanic or Latino,Asian,Male,35-44,53.216,Loan originated
1,525000.0,40,725000.0,175.0,1,Not Hispanic or Latino,White,Male,35-44,72.333,Loan originated
1,525000.0,44,955000.0,190.0,1,Not Hispanic or Latino,White,Male,25-34,54.97,Loan originated
1,385000.0,48,405000.0,98.0,1,Not Hispanic or Latino,White,Male,35-44,95.0,Loan originated
1,845000.0,43,1055000.0,204.0,1,Not Hispanic or Latino,Asian,Female,45-54,80.0,Loan originated
1,285000.0,30%-<36%,955000.0,107.0,1,Hispanic or Latino,Asian,Female,35-44,29.906,Loan originated
1,565000.0,47,595000.0,163.0,1,Hispanic or Latino,White,Female,25-34,95.0,Loan originated
1,295000.0,30%-<36%,425000.0,110.0,1,Not Hispanic or Latino,Asian,Female,25-34,69.882,Loan originated
1,515000.0,49,575000.0,190.0,1,Not Hispanic or Latino,Asian,Female,25-34,89.99,Loan originated
1,325000.0,44,465000.0,94.0,1,Not Hispanic or Latino,White,Female,55-64,68.818,Loan originated
1,255000.0,30%-<36%,415000.0,74.0,1,Hispanic or Latino,White,Male,45-54,60.976,Loan originated
1,165000.0,40,175000.0,55.0,1,Hispanic or Latino,White,Female,25-34,95.0,Application denied
1,455000.0,30%-<36%,685000.0,153.0,1,Hispanic or Latino,White,Female,45-54,67.009,Loan originated
1,255000.0,48,1015000.0,93.0,1,Not Hispanic or Latino,White,Female,>74,24.752,Loan originated
1,175000.0,45,225000.0,164.0,1,Not Hispanic or Latino,Asian,Male,35-44,75.0,Loan originated
1,495000.0,>60%,495000.0,72.0,1,Hispanic or Latino,White,Male,25-34,100.0,Application denied
1,485000.0,36,605000.0,168.0,1,Not Hispanic or Latino,White,Female,45-54,80.0,Loan originated
1,1105000.0,46,1455000.0,230.0,1,Not Hispanic or Latino,Asian,Male,35-44,75.862,Loan originated
1,685000.0,30%-<36%,855000.0,220.0,1,Not Hispanic or Latino,Asian,Male,25-34,80.0,Loan originated
1,215000.0,48,555000.0,68.0,1,Not Hispanic or Latino,White,Male,35-44,38.182,Loan originated
1,395000.0,47,425000.0,98.0,1,Not Hispanic or Latino,White,Male,35-44,95.0,Loan originated
1,1055000.0,39,1315000.0,394.0,1,Not Hispanic or Latino,Asian,Male,45-54,80.0,Loan originated
1,265000.0,48,525000.0,59.0,1,Not Hispanic or Latino,White,Male,25-34,50.857,Loan originated
1,745000.0,50%-60%,925000.0,149.0,1,Not Hispanic or Latino,White,Female,35-44,80.0,Application denied
1,555000.0,44,695000.0,207.0,1,Not Hispanic or Latino,Asian,Female,25-34,80.0,Loan originated
1,505000.0,20%-<30%,555000.0,170.0,1,Not Hispanic or Latino,Asian,Male,25-34,92.0,Loan originated
1,445000.0,40,555000.0,98.0,1,Hispanic or Latino,Native Hawaiian or Other Pacific Islander,Female,25-34,80.0,Loan originated
1,665000.0,43,895000.0,166.0,1,Not Hispanic or Latino,White,Female,55-64,75.0,Loan originated
1,365000.0,40,995000.0,177.0,1,Not Hispanic or Latino,White,Male,65-74,36.87,Loan originated
1,175000.0,45,235000.0,70.0,1,Hispanic or Latino,White,Male,<25,76.0,Loan originated
1,435000.0,30%-<36%,455000.0,120.0,1,Not Hispanic or Latino,White,Female,45-54,95.0,Loan originated
1,675000.0,44,715000.0,379.0,1,Not Hispanic or Latino,White,Male,25-34,95.0,Loan originated
1,395000.0,20%-<30%,645000.0,196.0,1,Not Hispanic or Latino,White,Female,45-54,61.516,Loan originated
1,645000.0,49,685000.0,253.0,1,Not Hispanic or Latino,White,Male,<25,95.0,Loan originated
1,235000.0,44,255000.0,57.0,1,Hispanic or Latino,White,Male,<25,95.0,Loan originated
1,665000.0,30%-<36%,745000.0,189.0,1,Not Hispanic or Latino,Asian,Male,35-44,90.0,Loan originated
1,335000.0,45,1035000.0,216.0,1,Not Hispanic or Latino,White,Female,45-54,32.37,Loan originated
1,145000.0,49,415000.0,38.0,1,Hispanic or Latino,White,Female,65-74,35.854,Loan originated
1,515000.0,43,645000.0,150.0,1,Not Hispanic or Latino,Asian,Female,25-34,80.0,Loan originated
1,255000.0,45,565000.0,114.0,1,Not Hispanic or Latino,White,Male,65-74,44.444,Loan originated
1,455000.0,20%-<30%,605000.0,182.0,1,Hispanic or Latino,White,Male,25-34,75.0,Loan originated
1,715000.0,30%-<36%,755000.0,229.0,1,Hispanic or Latino,Asian,Female,35-44,95.0,Loan originated
1,365000.0,40,465000.0,88.0,1,Not Hispanic or Latino,Black or African American,Female,65-74,79.0,Application denied
1,715000.0,20%-<30%,755000.0,228.0,1,Not Hispanic or Latino,Asian,Male,35-44,95.0,Loan originated
1,455000.0,30%-<36%,515000.0,130.0,1,Not Hispanic or Latino,White,Male,25-34,89.0,Loan originated
1,765000.0,43,885000.0,189.0,1,Not Hispanic or Latino,White,Male,65-74,86.769,Loan originated
1,385000.0,30%-<36%,395000.0,118.0,1,Not Hispanic or Latino,White,Male,65-74,96.054,Loan originated
1,385000.0,30%-<36%,435000.0,194.0,1,Not Hispanic or Latino,White,Female,25-34,90.0,Loan originated
1,125000.0,49,445000.0,41.0,1,Not Hispanic or Latino,White,Female,45-54,28.0,Loan originated
1,225000.0,46,515000.0,69.0,1,Hispanic or Latino,White,Male,45-54,43.107,Loan originated
1,365000.0,30%-<36%,455000.0,123.0,1,Not Hispanic or Latino,White,Male,35-44,80.0,Loan originated
1,905000.0,<20%,1635000.0,793.0,1,Not Hispanic or Latino,Asian,Female,55-64,55.0,Loan originated
1,965000.0,47,1385000.0,210.0,1,Not Hispanic or Latino,Asian,Female,35-44,70.0,Loan originated
1,395000.0,44,525000.0,86.0,1,Hispanic or Latino,White,Male,45-54,75.0,Loan originated
1,435000.0,48,545000.0,122.0,1,Not Hispanic or Latino,Asian,Female,35-44,80.0,Loan originated
1,925000.0,47,1435000.0,215.0,1,Not Hispanic or Latino,White,Male,35-44,66.12,Loan originated
1,265000.0,49,325000.0,47.0,1,Hispanic or Latino,White,Male,25-34,100.0,Loan originated
1,195000.0,30%-<36%,215000.0,73.0,1,Hispanic or Latino,White,Male,35-44,90.0,Loan originated
1,445000.0,50%-60%,505000.0,98.0,1,Not Hispanic or Latino,Asian,Male,35-44,87.128,Loan originated
1,1145000.0,49,1505000.0,240.0,1,Not Hispanic or Latino,Asian,Male,45-54,76.655,Loan originated
1,315000.0,43,535000.0,99.0,1,Hispanic or Latino,White,Male,45-54,60.0,Loan originated
1,735000.0,38,815000.0,448.0,1,Not Hispanic or Latino,Native Hawaiian or Other Pacific Islander,Male,45-54,90.0,Loan originated
1,675000.0,49,905000.0,313.0,1,Hispanic or Latino,White,Male,25-34,75.0,Loan originated
1,485000.0,48,685000.0,218.0,1,Not Hispanic or Latino,Asian,Male,35-44,70.0,Loan originated
1,495000.0,38,705000.0,147.0,1,Not Hispanic or Latino,White,Male,35-44,70.0,Loan originated
1,325000.0,46,545000.0,84.0,1,Not Hispanic or Latino,Asian,Female,25-34,60.0,Loan originated
1,1035000.0,30%-<36%,1605000.0,279.0,1,Not Hispanic or Latino,Asian,Female,45-54,64.438,Loan originated
1,405000.0,30%-<36%,455000.0,129.0,1,Hispanic or Latino,White,Male,35-44,90.0,Loan originated
1,1125000.0,48,1255000.0,273.0,1,Not Hispanic or Latino,White,Female,45-54,90.0,Loan originated
1,535000.0,20%-<30%,675000.0,129.0,1,Not Hispanic or Latino,Asian,Female,35-44,80.0,Loan originated
1,925000.0,42,1235000.0,427.0,1,Not Hispanic or Latino,Asian,Male,55-64,75.0,Loan originated
1,555000.0,44,735000.0,139.0,1,Not Hispanic or Latino,Asian,Male,35-44,75.0,Loan originated
1,705000.0,39,1105000.0,176.0,1,Not Hispanic or Latino,White,Female,35-44,63.638,Loan originated
1,645000.0,36,835000.0,178.0,1,Not Hispanic or Latino,White,Male,25-34,78.0,Loan originated
1,725000.0,20%-<30%,805000.0,295.0,1,Not Hispanic or Latino,Asian,Male,45-54,89.99,Loan originated
1,425000.0,44,445000.0,125.0,1,Not Hispanic or Latino,Asian,Male,65-74,95.0,Loan originated
1,325000.0,44,405000.0,216.0,1,Not Hispanic or Latino,White,Male,45-54,80.0,Loan originated
1,725000.0,20%-<30%,935000.0,248.0,1,Not Hispanic or Latino,White,Female,45-54,77.01,Loan originated
1,765000.0,40,955000.0,181.0,1,Not Hispanic or Latino,Asian,Male,35-44,80.0,Loan originated
1,475000.0,50%-60%,955000.0,103.0,1,Not Hispanic or Latino,White,Male,>74,50.0,Loan originated
1,595000.0,49,645000.0,135.0,1,Not Hispanic or Latino,Asian,Female,25-34,91.66,Loan originated
1,325000.0,48,465000.0,64.0,1,Not Hispanic or Latino,White,Female,55-64,70.652,Loan originated
1,1145000.0,39,1305000.0,479.0,1,Not Hispanic or Latino,Asian,Male,35-44,88.448,Loan originated
1,195000.0,20%-<30%,245000.0,96.0,1,Not Hispanic or Latino,Asian,Male,35-44,80.0,Loan originated
1,215000.0,20%-<30%,275000.0,78.0,1,Not Hispanic or Latino,White,Male,25-34,80.0,Loan originated
1,505000.0,40,635000.0,187.0,1,Not Hispanic or Latino,White,Female,35-44,79.999,Loan originated
1,225000.0,20%-<30%,1025000.0,134.0,1,Not Hispanic or Latino,Asian,Female,35-44,22.56,Loan originated
1,545000.0,48,675000.0,200.0,1,Not Hispanic or Latino,Black or African American,Female,55-64,80.0,Loan originated
1,315000.0,44,375000.0,79.0,1,Not Hispanic or Latino,Black or African American,Male,35-44,84.8,Loan originated
1,915000.0,44,1715000.0,219.0,1,Not Hispanic or Latino,Asian,Male,25-34,52.969,Loan originated
1,355000.0,20%-<30%,1055000.0,206.0,1,Not Hispanic or Latino,Asian,Male,45-54,33.334,Loan originated
1,615000.0,47,615000.0,120.0,1,Not Hispanic or Latino,Asian,Female,45-54,100.0,Loan originated
1,975000.0,41,1225000.0,256.0,1,Not Hispanic or Latino,White,Male,35-44,80.0,Application denied
1,675000.0,44,905000.0,250.0,1,Not Hispanic or Latino,Asian,Female,35-44,75.0,Loan originated
1,155000.0,48,195000.0,68.0,1,Not Hispanic or Latino,White,Male,35-44,80.0,Loan originated
1,375000.0,44,525000.0,182.0,1,Not Hispanic or Latino,Asian,Male,35-44,72.0,Loan originated
1,915000.0,41,1205000.0,211.0,1,Not Hispanic or Latino,White,Female,35-44,75.833,Loan originated
1,305000.0,43,315000.0,67.0,1,Hispanic or Latino,White,Male,<25,94.654,Loan originated
1,765000.0,49,865000.0,149.0,1,Not Hispanic or Latino,White,Male,25-34,89.01,Loan originated
1,185000.0,42,505000.0,57.0,1,Not Hispanic or Latino,White,Male,35-44,36.039,Loan originated
1,365000.0,42,385000.0,94.0,1,Not Hispanic or Latino,Asian,Male,45-54,95.0,Loan originated
1,585000.0,<20%,835000.0,326.0,1,Hispanic or Latino,White,Male,25-34,69.999,Loan originated
1,955000.0,48,1285000.0,183.0,1,Not Hispanic or Latino,Asian,Female,25-34,73.93,Loan originated
1,535000.0,30%-<36%,1135000.0,184.0,1,Not Hispanic or Latino,White,Female,45-54,46.9,Loan originated
1,525000.0,30%-<36%,555000.0,185.0,1,Hispanic or Latino,White,Male,45-54,95.0,Loan originated
1,365000.0,30%-<36%,385000.0,115.0,1,Hispanic or Latino,White,Male,35-44,95.0,Loan originated
1,545000.0,45,685000.0,135.0,1,Not Hispanic or Latino,Asian,Male,25-34,80.0,Loan originated
1,325000.0,47,455000.0,73.0,1,Not Hispanic or Latino,White,Female,25-34,72.667,Loan originated
1,265000.0,44,335000.0,72.0,1,Not Hispanic or Latino,White,Female,25-34,80.0,Loan originated
1,535000.0,30%-<36%,665000.0,193.0,1,Not Hispanic or Latino,Asian,Male,35-44,80.0,Loan originated
1,365000.0,39,405000.0,103.0,1,Hispanic or Latino,White,Male,45-54,90.0,Loan originated
1,575000.0,47,725000.0,112.0,1,Hispanic or Latino,White,Female,35-44,80.0,Application denied
1,285000.0,42,305000.0,154.0,1,Not Hispanic or Latino,Asian,Female,55-64,95.0,Loan originated
1,535000.0,49,675000.0,120.0,1,Not Hispanic or Latino,White,Male,55-64,79.409,Loan originated
1,425000.0,30%-<36%,505000.0,127.0,1,Hispanic or Latino,White,Male,35-44,104.653,Loan originated
1,475000.0,42,535000.0,130.0,1,Hispanic or Latino,White,Male,55-64,89.327,Loan originated
1,575000.0,20%-<30%,1095000.0,383.0,1,Not Hispanic or Latino,White,Male,55-64,60.0,Loan originated
1,865000.0,48,1085000.0,190.0,1,Not Hispanic or Latino,Asian,Male,45-54,80.0,Loan originated
1,395000.0,<20%,525000.0,272.0,1,Not Hispanic or Latino,Asian,Male,25-34,76.0,Loan originated
1,715000.0,20%-<30%,895000.0,288.0,1,Hispanic or Latino,White,Male,45-54,80.0,Loan originated
1,385000.0,48,415000.0,95.0,1,Hispanic or Latino,White,Male,25-34,93.0,Loan originated
1,505000.0,41,765000.0,160.0,1,Not Hispanic or Latino,White,Female,25-34,65.02,Loan originated
1,355000.0,20%-<30%,435000.0,145.0,1,Hispanic or Latino,White,Male,25-34,80.0,Loan originated
1,625000.0,49,1015000.0,217.0,1,Not Hispanic or Latino,Asian,Female,35-44,61.0,Loan originated
1,505000.0,40,665000.0,161.0,1,Hispanic or Latino,White,Male,35-44,85.0,Loan originated
1,205000.0,49,905000.0,56.0,1,Not Hispanic or Latino,White,Female,>74,22.778,Loan originated
1,295000.0,30%-<36%,395000.0,90.0,1,Not Hispanic or Latino,White,Male,55-64,75.0,Loan originated
1,515000.0,36,755000.0,197.0,1,Not Hispanic or Latino,White,Male,25-34,71.83,Loan originated
1,855000.0,49,1435000.0,191.0,1,Not Hispanic or Latino,American Indian or Alaska Native,Female,45-54,74.99,Loan originated
1,675000.0,43,715000.0,209.0,1,Not Hispanic or Latino,Asian,Female,25-34,94.999,Loan originated
1,625000.0,45,785000.0,145.0,1,Not Hispanic or Latino,Asian,Male,35-44,80.0,Loan originated
1,255000.0,43,555000.0,77.0,1,Not Hispanic or Latino,White,Female,65-74,45.045045045,Loan originated
1,775000.0,46,1035000.0,185.0,1,Not Hispanic or Latino,White,Female,35-44,75.0,Loan originated
1,675000.0,48,1255000.0,228.0,1,Not Hispanic or Latino,White,Female,45-54,54.0,Loan originated
1,185000.0,50%-60%,195000.0,74.0,1,Hispanic or Latino,White,Female,35-44,95.0,Application denied
1,825000.0,36,1215000.0,236.0,1,Not Hispanic or Latino,White,Male,35-44,68.0,Loan originated
1,405000.0,30%-<36%,1005000.0,134.0,1,Not Hispanic or Latino,Asian,Male,25-34,40.0,Loan originated
1,275000.0,43,345000.0,83.0,1,Hispanic or Latino,White,Female,65-74,100.0,Loan originated
1,335000.0,45,355000.0,70.0,1,Not Hispanic or Latino,Asian,Female,25-34,100.0,Loan originated
1,315000.0,46,325000.0,78.0,1,Not Hispanic or Latino,Asian,Female,45-54,97.0,Loan originated
1,785000.0,43,985000.0,332.0,1,Not Hispanic or Latino,Asian,Male,35-44,80.0,Loan originated
1,335000.0,41,415000.0,91.0,1,Not Hispanic or Latino,Asian,Male,45-54,80.0,Loan originated
1,685000.0,30%-<36%,865000.0,211.0,1,Not Hispanic or Latino,Asian,Female,25-34,80.0,Loan originated
1,415000.0,20%-<30%,735000.0,160.0,1,Not Hispanic or Latino,Asian,Male,45-54,56.463,Loan originated
1,635000.0,41,715000.0,180.0,1,Hispanic or Latino,White,Male,35-44,90.0,Loan originated
1,215000.0,44,225000.0,86.0,1,Not Hispanic or Latino,White,Female,25-34,93.0,Loan originated
1,395000.0,20%-<30%,995000.0,186.0,1,Hispanic or Latino,White,Female,25-34,39.88,Loan originated
1,705000.0,36,885000.0,215.0,1,Not Hispanic or Latino,White,Male,35-44,80.0,Loan originated
1,485000.0,49,535000.0,168.0,1,Not Hispanic or Latino,Asian,Male,35-44,89.875,Application denied
1,1005000.0,>60%,1345000.0,75.0,1,Hispanic or Latino,White,Male,35-44,75.0,Application denied
1,605000.0,48,1485000.0,167.0,1,Not Hispanic or Latino,Asian,Female,45-54,40.541,Loan originated
1,415000.0,37,435000.0,141.0,1,Hispanic or Latino,White,Male,25-34,95.0,Loan originated
1,445000.0,48,585000.0,144.0,1,Not Hispanic or Latino,White,Male,35-44,75.0,Loan originated
1,295000.0,41,505000.0,95.0,1,Not Hispanic or Latino,Asian,Female,45-54,60.0,Loan originated
1,455000.0,>60%,475000.0,64.0,1,Hispanic or Latino,White,Male,35-44,95.0,Loan originated
1,315000.0,43,355000.0,101.0,1,Hispanic or Latino,White,Male,25-34,88.57,Loan originated
1,1115000.0,20%-<30%,1395000.0,467.0,1,Not Hispanic or Latino,White,Male,55-64,80.0,Loan originated
1,485000.0,20%-<30%,515000.0,256.0,1,Hispanic or Latino,American Indian or Alaska Native,Male,25-34,95.0,Loan originated
1,655000.0,20%-<30%,1205000.0,520.0,1,Not Hispanic or Latino,White,Male,45-54,54.167,Loan originated
1,725000.0,41,905000.0,208.0,1,Not Hispanic or Latino,Asian,Female,35-44,80.0,Loan originated
1,235000.0,30%-<36%,435000.0,72.0,1,Hispanic or Latino,White,Male,25-34,53.488,Loan originated
1,245000.0,43,275000.0,62.0,1,Hispanic or Latino,White,Female,25-34,90.0,Loan originated
1,445000.0,44,565000.0,108.0,1,Hispanic or Latino,White,Male,35-44,78.483,Loan originated
1,935000.0,47,1255000.0,206.0,1,Not Hispanic or Latino,White,Male,35-44,75.0,Application denied
1,925000.0,38,1165000.0,223.0,1,Not Hispanic or Latino,Asian,Male,35-44,80.0,Loan originated
1,385000.0,40,405000.0,142.0,1,Not Hispanic or Latino,White,Male,45-54,95.0,Loan originated
1,505000.0,43,1755000.0,101.0,1,Not Hispanic or Latino,White,Female,>74,29.0,Loan originated
1,425000.0,39,525000.0,279.0,1,Not Hispanic or Latino,White,Female,>74,80.0,Loan originated
1,665000.0,20%-<30%,885000.0,463.0,1,Not Hispanic or Latino,White,Female,25-34,74.969,Loan originated
1,445000.0,41,1245000.0,143.0,1,Not Hispanic or Latino,Asian,Female,45-54,35.484,Loan originated
1,435000.0,30%-<36%,455000.0,135.0,1,Not Hispanic or Latino,White,Female,25-34,95.0,Loan originated
1,235000.0,42,245000.0,81.0,1,Hispanic or Latino,White,Female,25-34,94.98,Application denied
1,595000.0,46,745000.0,158.0,1,Not Hispanic or Latino,Asian,Male,25-34,80.0,Loan originated
1,615000.0,38,635000.0,170.0,1,Hispanic or Latino,White,Male,35-44,97.0,Loan originated
1,695000.0,45,875000.0,230.0,1,Not Hispanic or Latino,Asian,Male,35-44,80.0,Loan originated
1,495000.0,48,615000.0,135.0,1,Not Hispanic or Latino,Asian,Female,45-54,80.0,Loan originated
1,735000.0,49,765000.0,172.0,1,Hispanic or Latino,White,Male,25-34,97.0,Loan originated
1,505000.0,49,535000.0,146.0,1,Hispanic or Latino,White,Male,25-34,95.0,Loan originated
1,355000.0,39,375000.0,114.0,1,Not Hispanic or Latino,White,Female,55-64,95.0,Loan originated
1,545000.0,42,685000.0,216.0,1,Not Hispanic or Latino,White,Male,65-74,80.0,Loan originated
1,295000.0,>60%,465000.0,45.0,1,Not Hispanic or Latino,Asian,Male,35-44,65.0,Loan originated
1,1035000.0,49,1095000.0,264.0,1,Not Hispanic or Latino,White,Male,45-54,95.0,Loan originated
1,315000.0,45,325000.0,94.0,1,Not Hispanic or Latino,White,Female,35-44,95.0,Loan originated
1,465000.0,47,485000.0,107.0,1,Hispanic or Latino,White,Male,35-44,95.0,Loan originated
1,215000.0,20%-<30%,975000.0,165.0,1,Not Hispanic or Latino,White,Female,55-64,22.273,Loan originated
1,945000.0,49,1545000.0,203.0,1,Not Hispanic or Latino,White,Male,35-44,60.999,Loan originated
1,545000.0,45,685000.0,121.0,1,Hispanic or Latino,White,Male,55-64,80.0,Loan originated
1,285000.0,<20%,425000.0,338.0,1,Not Hispanic or Latino,White,Female,55-64,85.0,Loan originated
1,515000.0,43,645000.0,184.0,1,Not Hispanic or Latino,White,Male,55-64,80.0,Application denied
1,415000.0,49,485000.0,88.0,1,Hispanic or Latino,White,Male,25-34,85.0,Loan originated
1,415000.0,39,525000.0,108.0,1,Not Hispanic or Latino,Asian,Female,45-54,80.0,Loan originated
1,425000.0,30%-<36%,635000.0,116.0,1,Not Hispanic or Latino,White,Male,35-44,66.248,Loan originated
1,1005000.0,48,1255000.0,197.0,1,Not Hispanic or Latino,Asian,Male,35-44,80.0,Loan originated
1,675000.0,36,745000.0,200.0,1,Not Hispanic or Latino,White,Female,25-34,90.0,Loan originated
1,875000.0,42,1095000.0,297.0,1,Not Hispanic or Latino,Asian,Male,35-44,80.0,Loan originated
1,275000.0,49,715000.0,71.0,1,Hispanic or Latino,White,Male,65-74,39.0,Loan originated
1,355000.0,44,445000.0,77.0,1,Not Hispanic or Latino,Asian,Male,35-44,79.986,Loan originated
1,715000.0,38,1105000.0,262.0,1,Hispanic or Latino,White,Male,45-54,65.227,Loan originated
1,225000.0,20%-<30%,425000.0,114.0,1,Not Hispanic or Latino,White,Female,35-44,52.941,Loan originated
1,295000.0,49,825000.0,68.0,1,Hispanic or Latino,White,Female,55-64,36.0,Loan originated
1,515000.0,49,645000.0,124.0,1,Hispanic or Latino,White,Female,25-34,80.0,Loan originated
1,315000.0,47,405000.0,90.0,1,Not Hispanic or Latino,White,Male,55-64,79.0,Loan originated
1,595000.0,37,635000.0,167.0,1,Not Hispanic or Latino,Asian,Female,25-34,95.0,Loan originated
1,605000.0,44,755000.0,140.0,1,Not Hispanic or Latino,White,Male,45-54,80.0,Loan originated
1,495000.0,44,1545000.0,220.0,1,Not Hispanic or Latino,White,Male,55-64,32.04,Loan originated
1,995000.0,<20%,1325000.0,1046.0,1,Not Hispanic or Latino,White,Male,25-34,75.0,Loan originated
1,275000.0,36,415000.0,132.0,1,Not Hispanic or Latino,Asian,Male,55-64,65.97,Loan originated
1,735000.0,49,1225000.0,188.0,1,Not Hispanic or Latino,Asian,Female,25-34,59.67,Loan originated
1,665000.0,49,735000.0,89.0,1,Hispanic or Latino,White,Male,35-44,89.796,Application denied
1,315000.0,44,565000.0,112.0,1,Hispanic or Latino,White,Male,45-54,55.397,Loan originated
1,475000.0,39,595000.0,151.0,1,Not Hispanic or Latino,Asian,Female,45-54,80.0,Loan originated
1,545000.0,37,1435000.0,195.0,1,Not Hispanic or Latino,White,Male,35-44,72.769,Loan originated
1,655000.0,30%-<36%,875000.0,196.0,1,Not Hispanic or Latino,White,Female,45-54,75.0,Loan originated
1,885000.0,30%-<36%,1115000.0,699.0,1,Hispanic or Latino,White,Male,45-54,80.0,Loan originated
1,565000.0,49,595000.0,112.0,1,Not Hispanic or Latino,White,Male,45-54,95.0,Loan originated
1,805000.0,44,845000.0,182.0,1,Not Hispanic or Latino,Asian,Male,35-44,94.975,Loan originated
1,585000.0,42,615000.0,155.0,1,Not Hispanic or Latino,White,Male,25-34,95.0,Loan originated
1,895000.0,42,1125000.0,239.0,1,Not Hispanic or Latino,Asian,Male,25-34,80.0,Loan originated
1,675000.0,49,735000.0,151.0,1,Hispanic or Latino,White,Male,25-34,92.5,Loan originated
1,305000.0,30%-<36%,765000.0,150.0,1,Not Hispanic or Latino,White,Male,35-44,39.096,Loan originated
1,375000.0,40,395000.0,101.0,1,Not Hispanic or Latino,Asian,Female,45-54,95.0,Loan originated
1,405000.0,42,515000.0,118.0,1,Hispanic or Latino,White,Female,25-34,80.0,Loan originated
1,365000.0,44,405000.0,110.0,1,Hispanic or Latino,White,Male,45-54,90.0,Loan originated
1,385000.0,30%-<36%,455000.0,135.0,1,Hispanic or Latino,White,Male,35-44,85.0,Loan originated
1,605000.0,49,805000.0,143.0,1,Not Hispanic or Latino,White,Female,45-54,75.0,Loan originated
1,515000.0,44,995000.0,139.0,1,Not Hispanic or Latino,Asian,Male,35-44,52.0,Loan originated
1,425000.0,43,495000.0,128.0,1,Hispanic or Latino,White,Female,55-64,85.972,Loan originated
1,405000.0,49,505000.0,120.0,1,Not Hispanic or Latino,White,Male,<25,80.0,Loan originated
1,925000.0,48,1155000.0,202.0,1,Not Hispanic or Latino,Asian,Female,25-34,80.0,Application denied
1,495000.0,20%-<30%,705000.0,160.0,1,Not Hispanic or Latino,White,Male,45-54,70.0,Loan originated
1,285000.0,49,425000.0,79.0,1,Not Hispanic or Latino,Black or African American,Female,25-34,67.86,Loan originated
1,225000.0,37,1025000.0,100.0,1,Not Hispanic or Latino,Asian,Female,25-34,21.951,Loan originated
1,585000.0,30%-<36%,685000.0,155.0,1,Not Hispanic or Latino,Asian,Male,25-34,85.444,Loan originated
1,465000.0,<20%,575000.0,436.0,1,Hispanic or Latino,White,Female,45-54,80.0,Loan originated
1,355000.0,49,595000.0,87.0,1,Not Hispanic or Latino,White,Female,55-64,60.0,Loan originated
1,345000.0,20%-<30%,865000.0,242.0,1,Not Hispanic or Latino,Asian,Male,35-44,40.161,Loan originated
1,735000.0,41,795000.0,187.0,1,Not Hispanic or Latino,White,Male,35-44,92.405,Loan originated
1,555000.0,43,755000.0,137.0,1,Not Hispanic or Latino,White,Male,<25,73.333,Loan originated
1,565000.0,44,755000.0,131.0,1,Not Hispanic or Latino,Asian,Male,25-34,74.48,Loan originated
1,755000.0,20%-<30%,775000.0,393.0,1,Not Hispanic or Latino,Asian,Female,25-34,97.0,Loan originated
1,115000.0,40,155000.0,119.0,1,Not Hispanic or Latino,White,Female,>74,75.0,Application denied
1,355000.0,48,375000.0,109.0,1,Not Hispanic or Latino,Black or African American,Male,25-34,95.0,Loan originated
1,205000.0,49,295000.0,130.0,1,Hispanic or Latino,White,Female,>74,70.0,Application denied
1,395000.0,42,405000.0,99.0,1,Hispanic or Latino,White,Female,35-44,97.0,Loan originated
1,1135000.0,47,1415000.0,367.0,1,Not Hispanic or Latino,Asian,Male,35-44,80.0,Application denied
1,345000.0,44,435000.0,120.0,1,Hispanic or Latino,White,Male,35-44,80.0,Loan originated
1,605000.0,30%-<36%,805000.0,488.0,1,Not Hispanic or Latino,White,Female,25-34,75.0,Loan originated
1,465000.0,39,515000.0,130.0,1,Not Hispanic or Latino,White,Female,25-34,90.0,Loan originated
1,335000.0,20%-<30%,555000.0,129.0,1,Not Hispanic or Latino,White,Male,25-34,59.459,Loan originated
1,395000.0,30%-<36%,465000.0,126.0,1,Not Hispanic or Latino,White,Male,35-44,85.0,Loan originated
1,425000.0,49,575000.0,127.0,1,Hispanic or Latino,White,Male,45-54,75.0,Loan originated
1,505000.0,40,585000.0,119.0,1,Not Hispanic or Latino,White,Female,25-34,85.47,Loan originated
1,585000.0,39,735000.0,140.0,1,Not Hispanic or Latino,Asian,Male,25-34,80.0,Loan originated
1,445000.0,44,635000.0,180.0,1,Not Hispanic or Latino,Asian,Female,65-74,70.0,Loan originated
1,435000.0,42,545000.0,182.0,1,Not Hispanic or Latino,Asian,Male,25-34,80.0,Loan originated
1,695000.0,40,925000.0,218.0,1,Not Hispanic or Latino,Asian,Male,45-54,74.965,Loan originated
1,405000.0,20%-<30%,595000.0,144.0,1,Hispanic or Latino,White,Male,45-54,68.28,Loan originated
1,515000.0,46,645000.0,107.0,1,Hispanic or Latino,White,Male,25-34,100.0,Loan originated
1,775000.0,42,1105000.0,268.0,1,Not Hispanic or Latino,White,Male,45-54,70.0,Loan originated
1,285000.0,<20%,485000.0,217.0,1,Not Hispanic or Latino,White,Male,55-64,58.333,Loan originated
1,265000.0,41,295000.0,68.0,1,Not Hispanic or Latino,White,Female,25-34,90.0,Loan originated
1,335000.0,20%-<30%,385000.0,153.0,1,Not Hispanic or Latino,White,Male,35-44,88.0,Loan originated
1,505000.0,48,3105000.0,295.0,1,Not Hispanic or Latino,Asian,Male,45-54,80.0,Loan originated
1,1075000.0,44,1335000.0,301.0,1,Not Hispanic or Latino,Asian,Male,55-64,80.0,Loan originated
1,765000.0,20%-<30%,855000.0,300.0,1,Not Hispanic or Latino,White,Female,25-34,89.99,Loan originated
1,495000.0,30%-<36%,525000.0,139.0,1,Hispanic or Latino,White,Female,35-44,95.0,Loan originated
1,135000.0,40,145000.0,105.0,1,Not Hispanic or Latino,Black or African American,Male,35-44,95.0,Loan originated
1,655000.0,41,765000.0,212.0,1,Not Hispanic or Latino,White,Male,55-64,85.0,Loan originated
1,405000.0,20%-<30%,905000.0,200.0,1,Not Hispanic or Latino,White,Male,55-64,44.598,Loan originated
1,685000.0,49,1085000.0,142.0,1,Not Hispanic or Latino,White,Male,35-44,62.96,Loan originated
1,305000.0,47,325000.0,77.0,1,Hispanic or Latino,White,Male,25-34,98.0,Loan originated
1,75000.0,30%-<36%,95000.0,72.0,1,Not Hispanic or Latino,White,Female,35-44,77.78,Loan originated
1,255000.0,20%-<30%,315000.0,125.0,1,Not Hispanic or Latino,Asian,Female,25-34,80.0,Application denied
1,585000.0,49,745000.0,166.0,1,Hispanic or Latino,White,Male,45-54,78.926,Application denied
1,755000.0,49,1005000.0,182.0,1,Not Hispanic or Latino,White,Male,<25,75.0,Loan originated
1,365000.0,49,385000.0,79.0,1,Hispanic or Latino,White,Female,55-64,95.0,Loan originated
1,635000.0,40,795000.0,160.0,1,Not Hispanic or Latino,White,Male,55-64,80.0,Loan originated
1,515000.0,37,615000.0,135.0,1,Not Hispanic or Latino,White,Male,35-44,83.715,Loan originated
1,725000.0,46,905000.0,203.0,1,Not Hispanic or Latino,Asian,Male,25-34,79.99978,Loan originated
1,635000.0,43,825000.0,165.0,1,Hispanic or Latino,White,Male,35-44,76.549,Loan originated
1,715000.0,41,755000.0,236.0,1,Hispanic or Latino,White,Male,25-34,95.0,Loan originated
1,965000.0,30%-<36%,1445000.0,274.0,1,Not Hispanic or Latino,Asian,Male,45-54,66.667,Loan originated
1,455000.0,49,505000.0,87.0,1,Not Hispanic or Latino,American Indian or Alaska Native,Female,25-34,90.0,Loan originated
1,685000.0,42,765000.0,176.0,1,Not Hispanic or Latino,Asian,Female,45-54,89.99,Loan originated
1,385000.0,48,405000.0,110.0,1,Hispanic or Latino,White,Male,35-44,97.0,Loan originated
1,335000.0,45,355000.0,76.0,1,Hispanic or Latino,White,Male,55-64,97.0,Loan originated
1,835000.0,39,1045000.0,236.0,1,Not Hispanic or Latino,Asian,Male,25-34,80.0,Loan originated
1,365000.0,45,765000.0,107.0,1,Not Hispanic or Latino,White,Female,45-54,47.368,Loan originated
1,365000.0,42,365000.0,113.0,1,Not Hispanic or Latino,White,Male,55-64,100.0,Loan originated
1,1015000.0,41,1345000.0,279.0,1,Not Hispanic or Latino,Asian,Male,45-54,89.911,Loan originated
1,765000.0,48,1035000.0,189.0,1,Not Hispanic or Latino,Asian,Male,45-54,74.063,Loan originated
1,555000.0,41,585000.0,156.0,1,Hispanic or Latino,White,Male,35-44,98.325,Loan originated
1,275000.0,49,415000.0,70.0,1,Not Hispanic or Latino,Asian,Female,25-34,66.427,Loan originated
1,585000.0,37,615000.0,402.0,1,Not Hispanic or Latino,White,Female,<25,95.0,Loan originated
1,495000.0,43,515000.0,117.0,1,Hispanic or Latino,White,Male,45-54,97.0,Loan originated
1,405000.0,20%-<30%,515000.0,190.0,1,Not Hispanic or Latino,Asian,Female,35-44,77.902,Loan originated
1,395000.0,49,495000.0,87.0,1,Not Hispanic or Latino,Asian,Female,35-44,100.0,Loan originated
1,235000.0,38,675000.0,75.0,1,Not Hispanic or Latino,Asian,Male,25-34,34.815,Loan originated
1,425000.0,49,535000.0,120.0,1,Hispanic or Latino,White,Female,35-44,100.0,Loan originated
1,685000.0,49,765000.0,215.0,1,Not Hispanic or Latino,Asian,Female,25-34,89.99,Loan originated
1,365000.0,47,865000.0,94.0,1,Not Hispanic or Latino,Asian,Female,35-44,42.528,Loan originated
1,235000.0,48,245000.0,50.0,1,Hispanic or Latino,White,Male,<25,95.0,Loan originated
1,845000.0,41,1065000.0,228.0,1,Not Hispanic or Latino,Black or African American,Female,35-44,80.0,Loan originated
1,525000.0,45,695000.0,114.0,1,Not Hispanic or Latino,Asian,Male,35-44,74.96,Loan originated
1,365000.0,39,525000.0,278.0,1,Not Hispanic or Latino,White,Female,55-64,70.0,Loan originated
1,355000.0,49,375000.0,76.0,1,Hispanic or Latino,White,Male,25-34,98.0,Loan originated
1,895000.0,49,1285000.0,358.0,1,Not Hispanic or Latino,Asian,Female,45-54,70.0,Loan originated
1,665000.0,30%-<36%,975000.0,220.0,1,Not Hispanic or Latino,Asian,Male,45-54,67.99,Loan originated
1,495000.0,39,895000.0,156.0,1,Not Hispanic or Latino,White,Female,>74,55.15,Loan originated
1,445000.0,50%-60%,525000.0,165.0,1,Not Hispanic or Latino,Asian,Male,35-44,85.0,Application denied
1,495000.0,50%-60%,575000.0,184.0,1,Not Hispanic or Latino,Asian,Male,25-34,85.0,Application denied
1,615000.0,20%-<30%,775000.0,340.0,1,Not Hispanic or Latino,Asian,Female,35-44,80.0,Loan originated
1,755000.0,50%-60%,1305000.0,187.0,1,Not Hispanic or Latino,White,Female,>74,57.69,Application denied
1,1015000.0,37,1275000.0,318.0,1,Not Hispanic or Latino,Asian,Male,25-34,79.654,Loan originated
1,635000.0,36,795000.0,195.0,1,Not Hispanic or Latino,White,Male,45-54,80.0,Loan originated
1,465000.0,30%-<36%,485000.0,146.0,1,Hispanic or Latino,White,Male,35-44,96.425,Loan originated
1,345000.0,44,365000.0,73.0,1,Hispanic or Latino,White,Male,45-54,95.0,Loan originated
1,355000.0,44,625000.0,144.0,1,Not Hispanic or Latino,Asian,Female,55-64,57.259,Loan originated
1,935000.0,20%-<30%,1245000.0,560.0,1,Hispanic or Latino,2 or more minority races,Male,25-34,90.0,Loan originated
1,535000.0,45,575000.0,113.0,1,Not Hispanic or Latino,Asian,Male,35-44,93.0,Loan originated
1,355000.0,48,865000.0,117.0,1,Hispanic or Latino,White,Female,65-74,40.388,Loan originated
1,625000.0,49,795000.0,157.0,1,Hispanic or Latino,2 or more minority races,Female,35-44,79.494,Loan originated
1,525000.0,45,725000.0,278.0,1,Not Hispanic or Latino,Asian,Male,25-34,72.414,Loan originated
1,585000.0,46,645000.0,165.0,1,Not Hispanic or Latino,Asian,Male,35-44,90.0,Loan originated
1,475000.0,45,595000.0,115.0,1,Not Hispanic or Latino,White,Female,35-44,80.0,Loan originated
1,385000.0,45,555000.0,98.0,1,Not Hispanic or Latino,White,Female,25-34,69.53,Loan originated
1,655000.0,20%-<30%,835000.0,329.0,1,Not Hispanic or Latino,Asian,Male,25-34,78.76,Loan originated
1,675000.0,44,845000.0,143.0,1,Not Hispanic or Latino,Asian,Male,35-44,80.0,Loan originated
1,385000.0,36,425000.0,188.0,1,Hispanic or Latino,White,Male,55-64,90.0,Loan originated
1,765000.0,49,815000.0,156.0,1,Not Hispanic or Latino,Black or African American,Male,55-64,94.636,Loan originated
1,1045000.0,20%-<30%,1315000.0,425.0,1,Not Hispanic or Latino,Asian,Male,25-34,80.0,Loan originated
1,445000.0,42,555000.0,322.0,1,Not Hispanic or Latino,White,Male,25-34,80.0,Loan originated
1,565000.0,43,615000.0,142.0,1,Hispanic or Latino,White,Male,25-34,91.997,Loan originated
1,705000.0,30%-<36%,1005000.0,209.0,1,Not Hispanic or Latino,White,Male,25-34,70.0,Loan originated
1,545000.0,49,685000.0,220.0,1,Not Hispanic or Latino,Black or African American,Female,65-74,80.0,Loan originated
1,675000.0,20%-<30%,845000.0,411.0,1,Not Hispanic or Latino,Asian,Male,35-44,80.0,Loan originated
1,1005000.0,38,3235000.0,561.0,1,Not Hispanic or Latino,Asian,Male,45-54,30.91,Loan originated
1,645000.0,48,675000.0,165.0,1,Not Hispanic or Latino,White,Male,45-54,94.819,Loan originated
1,245000.0,49,255000.0,72.0,1,Not Hispanic or Latino,White,Female,35-44,95.0,Loan originated
1,885000.0,20%-<30%,3835000.0,434.0,1,Not Hispanic or Latino,White,Male,45-54,66.807,Application denied
1,175000.0,44,265000.0,51.0,1,Not Hispanic or Latino,White,Female,65-74,66.04,Loan originated
1,655000.0,47,1315000.0,142.0,1,Not Hispanic or Latino,Asian,Female,35-44,50.0,Loan originated
1,365000.0,49,415000.0,69.0,1,Hispanic or Latino,White,Female,35-44,87.805,Loan originated
1,55000.0,36,595000.0,58.0,1,Hispanic or Latino,White,Male,55-64,10.0,Loan originated
1,195000.0,30%-<36%,225000.0,98.0,1,Hispanic or Latino,White,Male,45-54,90.0,Loan originated
1,415000.0,49,565000.0,98.0,1,Not Hispanic or Latino,White,Female,55-64,73.26,Loan originated
1,545000.0,37,575000.0,131.0,1,Not Hispanic or Latino,Black or African American,Male,35-44,95.0,Loan originated
1,875000.0,20%-<30%,1035000.0,292.0,1,Not Hispanic or Latino,White,Female,35-44,85.0,Loan originated
1,585000.0,46,655000.0,122.0,1,Hispanic or Latino,White,Female,25-34,90.0,Loan originated
1,765000.0,44,985000.0,248.0,1,Not Hispanic or Latino,Asian,Female,25-34,78.16,Loan originated
1,585000.0,46,735000.0,129.0,1,Not Hispanic or Latino,Asian,Male,25-34,80.0,Loan originated
1,325000.0,41,465000.0,80.0,1,Not Hispanic or Latino,White,Male,65-74,70.17,Loan originated
1,515000.0,20%-<30%,645000.0,194.0,1,Not Hispanic or Latino,Asian,Male,25-34,79.99,Loan originated
1,605000.0,20%-<30%,855000.0,272.0,1,Not Hispanic or Latino,White,Male,55-64,70.58,Loan originated
1,395000.0,46,405000.0,77.0,1,Hispanic or Latino,White,Male,25-34,100.0,Loan originated
1,255000.0,40,265000.0,224.0,1,Not Hispanic or Latino,White,Male,35-44,95.0,Loan originated
1,345000.0,41,465000.0,96.0,1,Hispanic or Latino,White,Female,35-44,75.0,Loan originated
1,325000.0,37,405000.0,100.0,1,Not Hispanic or Latino,Asian,Female,25-34,80.0,Loan originated
1,415000.0,37,465000.0,162.0,1,Not Hispanic or Latino,White,Female,35-44,90.0,Loan originated
1,155000.0,46,615000.0,59.0,1,Not Hispanic or Latino,White,Female,>74,24.359,Loan originated
1,445000.0,40,645000.0,236.0,1,Not Hispanic or Latino,White,Male,55-64,68.992,Loan originated
1,315000.0,38,325000.0,125.0,1,Not Hispanic or Latino,White,Female,35-44,97.0,Loan originated
1,305000.0,20%-<30%,655000.0,113.0,1,Not Hispanic or Latino,White,Female,55-64,46.15,Loan originated
1,1055000.0,30%-<36%,1405000.0,354.0,1,Not Hispanic or Latino,Asian,Male,55-64,75.0,Loan originated
1,335000.0,47,355000.0,73.0,1,Hispanic or Latino,White,Male,<25,97.0,Loan originated
1,345000.0,30%-<36%,385000.0,106.0,1,Not Hispanic or Latino,Black or African American,Female,35-44,89.474,Loan originated
1,765000.0,45,955000.0,185.0,1,Not Hispanic or Latino,White,Female,25-34,79.99,Loan originated
1,305000.0,30%-<36%,655000.0,138.0,1,Not Hispanic or Latino,Asian,Male,35-44,46.154,Loan originated
1,345000.0,38,435000.0,139.0,1,Not Hispanic or Latino,Black or African American,Male,<25,79.5,Loan originated
1,365000.0,39,455000.0,103.0,1,Hispanic or Latino,White,Male,65-74,80.0,Loan originated
1,665000.0,20%-<30%,825000.0,250.0,1,Not Hispanic or Latino,Asian,Male,25-34,79.97,Application denied
1,395000.0,49,495000.0,85.0,1,Not Hispanic or Latino,White,Female,25-34,80.0,Loan originated
1,855000.0,44,1065000.0,205.0,1,Not Hispanic or Latino,White,Female,25-34,80.0,Loan originated
1,765000.0,<20%,1305000.0,3468.0,1,Not Hispanic or Latino,Asian,Male,35-44,58.965,Loan originated
1,545000.0,36,685000.0,195.0,1,Hispanic or Latino,White,Female,35-44,80.0,Loan originated
1,1145000.0,45,1465000.0,369.0,1,Not Hispanic or Latino,White,Male,45-54,78.43,Loan originated
1,535000.0,44,555000.0,150.0,1,Not Hispanic or Latino,White,Male,25-34,97.0,Loan originated
1,725000.0,40,765000.0,278.0,1,Not Hispanic or Latino,White,Male,45-54,95.0,Loan originated
1,685000.0,49,715000.0,455.0,1,Not Hispanic or Latino,Asian,Male,<25,95.0,Loan originated
1,935000.0,20%-<30%,1385000.0,424.0,1,Not Hispanic or Latino,Asian,Female,25-34,70.0,Loan originated
1,355000.0,49,445000.0,79.0,1,Hispanic or Latino,White,Male,35-44,100.0,Loan originated
1,705000.0,48,1015000.0,145.0,1,Not Hispanic or Latino,Asian,Male,25-34,69.15,Loan originated
1,615000.0,49,895000.0,170.0,1,Hispanic or Latino,White,Male,55-64,67.93,Loan originated
1,685000.0,47,875000.0,176.0,1,Not Hispanic or Latino,White,Male,55-64,80.0,Loan originated
1,1105000.0,41,1305000.0,311.0,1,Not Hispanic or Latino,White,Female,35-44,85.0,Loan originated
1,465000.0,30%-<36%,525000.0,267.0,1,Not Hispanic or Latino,White,Female,35-44,90.0,Loan originated
1,215000.0,20%-<30%,435000.0,292.0,1,Not Hispanic or Latino,White,Male,25-34,50.0,Loan originated
1,665000.0,48,825000.0,143.0,1,Not Hispanic or Latino,White,Male,45-54,80.0,Loan originated
1,305000.0,30%-<36%,425000.0,123.0,1,Hispanic or Latino,White,Female,35-44,71.51,Loan originated
1,305000.0,41,375000.0,71.0,1,Not Hispanic or Latino,White,Male,25-34,80.0,Loan originated
1,605000.0,30%-<36%,755000.0,178.0,1,Not Hispanic or Latino,White,Male,25-34,80.0,Loan originated
1,915000.0,43,1145000.0,240.0,1,Not Hispanic or Latino,Black or African American,Female,45-54,80.0,Application denied
1,635000.0,43,775000.0,166.0,1,Not Hispanic or Latino,Black or African American,Female,65-74,86.0,Loan originated
1,385000.0,49,435000.0,88.0,1,Hispanic or Latino,White,Male,35-44,89.301,Loan originated
1,705000.0,30%-<36%,1305000.0,244.0,1,Not Hispanic or Latino,Asian,Female,35-44,53.64,Loan originated
1,605000.0,49,955000.0,119.0,1,Not Hispanic or Latino,White,Female,>74,63.158,Loan originated
1,595000.0,50%-60%,625000.0,109.0,1,Hispanic or Latino,White,Male,35-44,94.665,Loan originated
1,885000.0,30%-<36%,1105000.0,260.0,1,Not Hispanic or Latino,Asian,Male,25-34,80.0,Loan originated
1,985000.0,20%-<30%,1365000.0,543.0,1,Not Hispanic or Latino,White,Female,55-64,72.16,Loan originated
1,635000.0,42,795000.0,154.0,1,Not Hispanic or Latino,White,Female,45-54,80.0,Loan originated
1,35000.0,20%-<30%,45000.0,66.0,1,Not Hispanic or Latino,White,Male,35-44,83.48,Application denied
1,425000.0,39,455000.0,115.0,1,Not Hispanic or Latino,White,Female,35-44,95.0,Loan originated
1,205000.0,46,385000.0,76.0,1,Not Hispanic or Latino,Asian,Female,35-44,53.51,Application denied
1,1005000.0,41,1345000.0,831.0,1,Not Hispanic or Latino,Asian,Female,35-44,75.0,Loan originated
1,585000.0,50%-60%,615000.0,133.0,1,Not Hispanic or Latino,Black or African American,Female,45-54,95.0,Loan originated
1,915000.0,30%-<36%,1145000.0,360.0,1,Not Hispanic or Latino,White,Male,35-44,80.0,Loan originated
1,745000.0,49,935000.0,203.0,1,Not Hispanic or Latino,Asian,Female,65-74,80.0,Application denied
1,215000.0,30%-<36%,225000.0,194.0,1,Not Hispanic or Latino,White,Female,55-64,95.0,Loan originated
1,1095000.0,46,1235000.0,255.0,1,Not Hispanic or Latino,White,Male,35-44,89.0,Loan originated
1,105000.0,20%-<30%,365000.0,87.0,1,Not Hispanic or Latino,White,Female,45-54,27.322,Loan originated
1,325000.0,>60%,1125000.0,50.0,1,Not Hispanic or Latino,White,Male,65-74,29.086,Application denied
1,645000.0,50%-60%,675000.0,130.0,1,Hispanic or Latino,White,Male,35-44,95.0,Loan originated
1,465000.0,49,585000.0,111.0,1,Not Hispanic or Latino,White,Female,65-74,80.0,Loan originated
1,745000.0,47,995000.0,200.0,1,Not Hispanic or Latino,White,Male,45-54,75.0,Loan originated
1,335000.0,48,525000.0,80.0,1,Not Hispanic or Latino,Asian,Male,35-44,64.381,Loan originated
1,485000.0,30%-<36%,535000.0,152.0,1,Not Hispanic or Latino,American Indian or Alaska Native,Female,45-54,89.9,Loan originated
1,565000.0,30%-<36%,705000.0,211.0,1,Not Hispanic or Latino,White,Female,35-44,80.0,Loan originated
1,465000.0,45,625000.0,113.0,1,Not Hispanic or Latino,Asian,Male,<25,75.0,Loan originated
1,245000.0,48,485000.0,138.0,1,Not Hispanic or Latino,Asian,Female,45-54,50.0,Loan originated
1,285000.0,38,355000.0,103.0,1,Not Hispanic or Latino,White,Male,25-34,96.338,Application denied
1,435000.0,30%-<36%,545000.0,137.0,1,Not Hispanic or Latino,White,Female,55-64,80.0,Loan originated
1,245000.0,39,275000.0,81.0,1,Not Hispanic or Latino,White,Female,35-44,92.754,Loan originated
1,765000.0,49,1125000.0,172.0,1,Not Hispanic or Latino,White,Male,35-44,74.09,Loan originated
1,1005000.0,40,1355000.0,251.0,1,Not Hispanic or Latino,White,Male,25-34,73.758,Loan originated
1,765000.0,20%-<30%,1185000.0,270.0,1,Not Hispanic or Latino,White,Female,55-64,65.0,Loan originated
1,485000.0,30%-<36%,605000.0,184.0,1,Not Hispanic or Latino,White,Female,65-74,80.0,Loan originated
1,455000.0,47,915000.0,108.0,1,Hispanic or Latino,White,Male,45-54,49.45,Loan originated
1,475000.0,39,635000.0,146.0,1,Not Hispanic or Latino,Asian,Female,25-34,75.0,Loan originated
1,725000.0,39,745000.0,197.0,1,Not Hispanic or Latino,Asian,Female,45-54,97.0,Loan originated
1,765000.0,38,855000.0,243.0,1,Hispanic or Latino,Asian,Male,45-54,89.958,Loan originated
1,425000.0,45,535000.0,200.0,1,Not Hispanic or Latino,Asian,Male,55-64,80.0,Loan originated
1,365000.0,50%-60%,425000.0,67.0,1,Not Hispanic or Latino,Asian,Female,25-34,86.824,Application denied
1,715000.0,36,745000.0,243.0,1,Hispanic or Latino,White,Male,35-44,95.0,Loan originated
1,675000.0,48,975000.0,184.0,1,Not Hispanic or Latino,Black or African American,Female,45-54,70.0,Loan originated
1,765000.0,40,1055000.0,363.0,1,Not Hispanic or Latino,Asian,Female,<25,73.0,Loan originated
1,395000.0,49,555000.0,115.0,1,Not Hispanic or Latino,Asian,Female,45-54,70.0,Loan originated
1,1065000.0,30%-<36%,1325000.0,348.0,1,Not Hispanic or Latino,White,Male,<25,80.0,Loan originated
1,775000.0,42,1205000.0,182.0,1,Not Hispanic or Latino,Asian,Female,55-64,63.9,Loan originated
1,505000.0,47,555000.0,102.0,1,Not Hispanic or Latino,Asian,Male,25-34,89.675,Loan originated
1,285000.0,45,355000.0,69.0,1,Hispanic or Latino,White,Male,35-44,80.0,Loan originated
1,355000.0,>60%,705000.0,53.0,1,Not Hispanic or Latino,Asian,Female,25-34,50.0,Application denied
1,635000.0,30%-<36%,845000.0,185.0,1,Not Hispanic or Latino,White,Male,25-34,74.441,Loan originated
1,295000.0,49,365000.0,65.0,1,Hispanic or Latino,White,Female,55-64,80.0,Loan originated
1,275000.0,45,295000.0,75.0,1,Hispanic or Latino,American Indian or Alaska Native,Male,25-34,95.0,Loan originated
1,205000.0,50%-60%,635000.0,56.0,1,Not Hispanic or Latino,White,Male,65-74,31.447,Application denied
1,255000.0,41,835000.0,76.0,1,Hispanic or Latino,White,Female,65-74,29.95,Loan originated
1,685000.0,39,1025000.0,180.0,1,Not Hispanic or Latino,Asian,Male,35-44,70.0,Loan originated
1,705000.0,<20%,775000.0,412.0,1,Not Hispanic or Latino,White,Male,25-34,90.0,Loan originated
1,575000.0,38,595000.0,145.0,1,Not Hispanic or Latino,White,Female,25-34,97.0,Loan originated
1,795000.0,41,935000.0,189.0,1,Hispanic or Latino,White,Male,25-34,85.0,Loan originated
1,1025000.0,40,1285000.0,531.0,1,Hispanic or Latino,White,Female,45-54,80.0,Loan originated
1,285000.0,48,355000.0,112.0,1,Not Hispanic or Latino,White,Female,35-44,80.0,Loan originated
1,225000.0,30%-<36%,995000.0,126.0,1,Not Hispanic or Latino,White,Male,65-74,22.659,Loan originated
1,515000.0,47,685000.0,116.0,1,Not Hispanic or Latino,White,Female,35-44,74.89,Loan originated
1,515000.0,50%-60%,525000.0,99.0,1,Not Hispanic or Latino,White,Female,25-34,98.297,Application denied
1,1005000.0,20%-<30%,1485000.0,414.0,1,Not Hispanic or Latino,Asian,Male,35-44,67.204,Loan originated
1,835000.0,47,915000.0,297.0,1,Not Hispanic or Latino,White,Male,35-44,91.484,Loan originated
1,405000.0,50%-60%,445000.0,69.0,1,Hispanic or Latino,White,Male,35-44,92.0,Loan originated
1,725000.0,43,855000.0,170.0,1,Hispanic or Latino,White,Male,45-54,85.0,Loan originated
1,535000.0,49,755000.0,141.0,1,Hispanic or Latino,White,Male,55-64,71.33,Loan originated
1,915000.0,48,1145000.0,179.0,1,Not Hispanic or Latino,Asian,Male,25-34,80.0,Loan originated
1,515000.0,42,535000.0,108.0,1,Hispanic or Latino,Asian,Female,25-34,95.0,Loan originated
1,945000.0,30%-<36%,1595000.0,319.0,1,Not Hispanic or Latino,White,Female,45-54,59.43,Loan originated
1,305000.0,47,365000.0,67.0,1,Hispanic or Latino,White,Female,25-34,104.0,Loan originated
1,1025000.0,30%-<36%,1275000.0,325.0,1,Not Hispanic or Latino,White,Male,25-34,80.0,Loan originated
1,445000.0,49,465000.0,85.0,1,Hispanic or Latino,White,Female,35-44,97.0,Loan originated
1,525000.0,<20%,655000.0,706.0,1,Not Hispanic or Latino,Asian,Male,55-64,80.0,Application denied
1,85000.0,36,405000.0,42.0,1,Not Hispanic or Latino,White,Female,65-74,20.0,Loan originated
1,225000.0,48,345000.0,59.0,1,Not Hispanic or Latino,Asian,Female,35-44,66.0,Loan originated
1,655000.0,42,875000.0,159.0,1,Not Hispanic or Latino,Asian,Male,25-34,75.0,Loan originated
1,855000.0,49,1065000.0,199.0,1,Not Hispanic or Latino,Asian,Female,25-34,80.0,Loan originated
1,385000.0,50%-60%,405000.0,69.0,1,Hispanic or Latino,White,Male,35-44,95.0,Loan originated
1,425000.0,49,555000.0,235.0,1,Not Hispanic or Latino,Asian,Male,35-44,80.0,Loan originated
1,245000.0,>60%,275000.0,33.0,1,Hispanic or Latino,White,Female,<25,90.0,Application denied
1,245000.0,49,255000.0,79.0,1,Not Hispanic or Latino,American Indian or Alaska Native,Male,25-34,97.0,Loan originated
1,1065000.0,41,1255000.0,319.0,1,Not Hispanic or Latino,Black or African American,Male,35-44,85.0,Loan originated
1,995000.0,30%-<36%,1245000.0,391.0,1,Not Hispanic or Latino,White,Male,35-44,80.0,Loan originated
1,395000.0,49,415000.0,117.0,1,Hispanic or Latino,White,Female,65-74,95.0,Loan originated
1,535000.0,<20%,565000.0,313.0,1,Hispanic or Latino,White,Female,45-54,95.0,Loan originated
1,765000.0,41,2305000.0,212.0,1,Not Hispanic or Latino,Asian,Male,25-34,34.0,Loan originated
1,595000.0,38,745000.0,156.0,1,Not Hispanic or Latino,White,Male,45-54,80.0,Loan originated
1,585000.0,30%-<36%,615000.0,196.0,1,Hispanic or Latino,White,Male,35-44,95.715,Loan originated
1,385000.0,42,405000.0,113.0,1,Not Hispanic or Latino,White,Female,35-44,97.0,Loan originated
1,575000.0,49,715000.0,129.0,1,Not Hispanic or Latino,White,Male,35-44,80.0,Loan originated
1,425000.0,46,445000.0,114.0,1,Hispanic or Latino,White,Male,35-44,95.0,Loan originated
1,605000.0,48,675000.0,138.0,1,Not Hispanic or Latino,Asian,Male,35-44,90.0,Loan originated
1,605000.0,48,765000.0,117.0,1,Hispanic or Latino,White,Male,35-44,89.958,Application denied
1,765000.0,42,2175000.0,348.0,1,Not Hispanic or Latino,Asian,Male,55-64,35.26,Loan originated
1,845000.0,<20%,1355000.0,1942.0,1,Not Hispanic or Latino,Asian,Male,45-54,62.593,Loan originated
1,725000.0,45,815000.0,244.0,1,Not Hispanic or Latino,White,Male,35-44,90.0,Loan originated
1,675000.0,43,705000.0,161.0,1,Not Hispanic or Latino,Asian,Female,35-44,100.0,Loan originated
1,25000.0,38,655000.0,151.0,1,Hispanic or Latino,White,Female,55-64,100.0,Loan originated
1,495000.0,42,535000.0,121.0,1,Not Hispanic or Latino,Asian,Female,45-54,92.578,Loan originated
1,645000.0,50%-60%,815000.0,124.0,1,Not Hispanic or Latino,Asian,Female,25-34,78.266,Application denied
1,395000.0,39,415000.0,111.0,1,Hispanic or Latino,White,Male,25-34,97.0,Loan originated
1,665000.0,44,835000.0,186.0,1,Not Hispanic or Latino,White,Male,35-44,80.0,Loan originated
1,955000.0,20%-<30%,1065000.0,458.0,1,Not Hispanic or Latino,Asian,Male,35-44,89.99,Loan originated
1,515000.0,49,535000.0,110.0,1,Hispanic or Latino,White,Female,35-44,97.0,Loan originated
1,485000.0,42,605000.0,106.0,1,Not Hispanic or Latino,White,Male,35-44,80.0,Loan originated
1,755000.0,45,935000.0,165.0,1,Not Hispanic or Latino,Asian,Male,25-34,80.0,Loan originated
1,1075000.0,44,1355000.0,240.0,1,Not Hispanic or Latino,White,Male,25-34,80.0,Loan originated
1,325000.0,49,485000.0,59.0,1,Hispanic or Latino,White,Female,45-54,68.0,Loan originated
1,635000.0,30%-<36%,795000.0,208.0,1,Hispanic or Latino,White,Female,35-44,80.0,Loan originated
1,565000.0,39,755000.0,271.0,1,Not Hispanic or Latino,White,Female,25-34,75.0,Loan originated
1,755000.0,40,1555000.0,189.0,1,Not Hispanic or Latino,Asian,Male,25-34,49.0,Loan originated
1,175000.0,47,185000.0,88.0,1,Not Hispanic or Latino,Asian,Male,25-34,95.0,Application denied
1,525000.0,37,535000.0,142.0,1,Hispanic or Latino,White,Female,25-34,97.0,Loan originated
1,965000.0,44,1385000.0,214.0,1,Not Hispanic or Latino,White,Male,35-44,70.0,Application denied
1,525000.0,42,745000.0,212.0,1,Not Hispanic or Latino,Asian,Female,45-54,70.0,Loan originated
1,705000.0,36,775000.0,216.0,1,Hispanic or Latino,White,Female,35-44,90.84,Loan originated
1,575000.0,30%-<36%,715000.0,224.0,1,Not Hispanic or Latino,Asian,Female,35-44,80.0,Loan originated
1,315000.0,45,455000.0,72.0,1,Not Hispanic or Latino,Asian,Female,35-44,70.0,Loan originated
1,665000.0,41,705000.0,330.0,1,Not Hispanic or Latino,Asian,Female,25-34,95.0,Loan originated
1,765000.0,39,955000.0,187.0,1,Not Hispanic or Latino,Asian,Male,25-34,80.0,Loan originated
1,345000.0,49,465000.0,95.0,1,Not Hispanic or Latino,Asian,Male,45-54,74.194,Loan originated
1,365000.0,48,455000.0,94.0,1,Not Hispanic or Latino,White,Female,>74,80.0,Application denied
1,655000.0,49,875000.0,202.0,1,Not Hispanic or Latino,Asian,Male,45-54,74.371,Loan originated
1,285000.0,42,575000.0,95.0,1,Hispanic or Latino,2 or more minority races,Female,45-54,99.14,Loan originated
1,665000.0,41,725000.0,174.0,1,Not Hispanic or Latino,Asian,Female,25-34,92.0,Loan originated
1,565000.0,46,625000.0,130.0,1,Not Hispanic or Latino,White,Female,45-54,90.0,Loan originated
1,795000.0,48,975000.0,204.0,1,Not Hispanic or Latino,White,Male,55-64,90.0,Application denied
1,695000.0,20%-<30%,865000.0,409.0,1,Not Hispanic or Latino,White,Male,35-44,80.0,Loan originated
1,585000.0,49,735000.0,108.0,1,Not Hispanic or Latino,Asian,Female,45-54,80.0,Loan originated
1,345000.0,49,505000.0,78.0,1,Not Hispanic or Latino,Asian,Female,<25,67.659,Loan originated
1,695000.0,30%-<36%,875000.0,311.0,1,Not Hispanic or Latino,Asian,Male,25-34,80.0,Loan originated
1,1105000.0,43,1225000.0,373.0,1,Not Hispanic or Latino,Asian,Male,35-44,89.99,Loan originated
1,475000.0,42,535000.0,107.0,1,Hispanic or Latino,White,Female,65-74,89.91,Loan originated
1,325000.0,49,355000.0,74.0,1,Not Hispanic or Latino,White,Female,<25,91.43,Loan originated
1,525000.0,20%-<30%,655000.0,258.0,1,Not Hispanic or Latino,White,Female,35-44,80.0,Loan originated
1,555000.0,42,695000.0,166.0,1,Not Hispanic or Latino,Black or African American,Male,55-64,80.0,Loan originated
1,595000.0,30%-<36%,745000.0,175.0,1,Not Hispanic or Latino,Asian,Male,35-44,80.0,Loan originated
1,375000.0,39,735000.0,195.0,1,Not Hispanic or Latino,Asian,Male,55-64,51.0,Loan originated
1,745000.0,>60%,775000.0,157.0,1,Not Hispanic or Latino,Black or African American,Male,45-54,95.0,Application denied
1,815000.0,45,1175000.0,276.0,1,Not Hispanic or Latino,Asian,Female,35-44,70.0,Loan originated
1,765000.0,30%-<36%,1185000.0,303.0,1,Not Hispanic or Latino,White,Male,45-54,64.91,Loan originated
1,395000.0,46,425000.0,99.0,1,Hispanic or Latino,White,Male,25-34,93.004,Loan originated
1,615000.0,45,725000.0,135.0,1,Not Hispanic or Latino,White,Male,45-54,85.0,Loan originated
1,465000.0,46,625000.0,96.0,1,Not Hispanic or Latino,Asian,Male,35-44,75.0,Loan originated
1,655000.0,45,845000.0,468.0,1,Not Hispanic or Latino,Asian,Male,45-54,77.515,Loan originated
1,715000.0,41,795000.0,283.0,1,Not Hispanic or Latino,White,Male,35-44,90.0,Loan originated
1,455000.0,49,535000.0,87.0,1,Not Hispanic or Latino,White,Female,35-44,88.0,Loan originated
1,475000.0,39,495000.0,118.0,1,Hispanic or Latino,White,Male,35-44,97.0,Loan originated
1,955000.0,48,1035000.0,254.0,1,Not Hispanic or Latino,Asian,Female,45-54,91.916,Loan originated
1,755000.0,49,1415000.0,174.0,1,Not Hispanic or Latino,Asian,Male,25-34,52.854,Loan originated
1,275000.0,36,295000.0,113.0,1,Not Hispanic or Latino,White,Female,25-34,100.0,Loan originated
1,555000.0,30%-<36%,715000.0,165.0,1,Not Hispanic or Latino,Asian,Male,45-54,77.913,Loan originated
1,395000.0,49,445000.0,122.0,1,Hispanic or Latino,White,Male,35-44,90.0,Loan originated
1,515000.0,48,545000.0,136.0,1,Not Hispanic or Latino,White,Female,45-54,95.0,Loan originated
1,385000.0,>60%,415000.0,43.0,1,Hispanic or Latino,White,Male,35-44,93.293,Application denied
1,265000.0,49,275000.0,54.0,1,Hispanic or Latino,White,Female,45-54,97.0,Loan originated
1,425000.0,30%-<36%,605000.0,127.0,1,Not Hispanic or Latino,White,Male,35-44,70.0,Loan originated
1,335000.0,<20%,355000.0,375.0,1,Not Hispanic or Latino,White,Female,25-34,95.0,Loan originated
1,425000.0,44,425000.0,102.0,1,Not Hispanic or Latino,Black or African American,Male,25-34,100.0,Loan originated
1,335000.0,38,415000.0,212.0,1,Hispanic or Latino,White,Female,25-34,80.0,Loan originated
1,435000.0,38,545000.0,160.0,1,Not Hispanic or Latino,Asian,Male,55-64,80.0,Loan originated
1,565000.0,49,785000.0,133.0,1,Not Hispanic or Latino,White,Male,35-44,72.12,Loan originated
1,625000.0,46,655000.0,260.0,1,Hispanic or Latino,White,Male,25-34,95.0,Loan originated
1,885000.0,30%-<36%,1105000.0,290.0,1,Not Hispanic or Latino,White,Male,45-54,80.0,Loan originated
1,165000.0,30%-<36%,415000.0,60.0,1,Not Hispanic or Latino,White,Female,65-74,39.759,Loan originated
1,525000.0,30%-<36%,655000.0,147.0,1,Not Hispanic or Latino,Asian,Male,25-34,80.0,Loan originated
1,435000.0,41,545000.0,110.0,1,Not Hispanic or Latino,White,Male,35-44,80.0,Loan originated
1,515000.0,20%-<30%,785000.0,275.0,1,Not Hispanic or Latino,2 or more minority races,Female,45-54,64.892,Loan originated
1,535000.0,36,665000.0,159.0,1,Not Hispanic or Latino,White,Female,25-34,80.0,Loan originated
1,395000.0,37,455000.0,110.0,1,Not Hispanic or Latino,White,Female,35-44,86.667,Loan originated
1,535000.0,44,665000.0,174.0,1,Not Hispanic or Latino,Asian,Female,35-44,79.99994,Loan originated
1,285000.0,42,325000.0,61.0,1,Not Hispanic or Latino,Black or African American,Female,35-44,86.822,Loan originated
1,485000.0,<20%,605000.0,411.0,1,Not Hispanic or Latino,White,Male,35-44,80.0,Loan originated
1,525000.0,49,595000.0,119.0,1,Not Hispanic or Latino,Black or African American,Female,35-44,89.0,Loan originated
1,255000.0,38,405000.0,130.0,1,Not Hispanic or Latino,White,Female,45-54,62.98,Loan originated
1,445000.0,37,845000.0,249.0,1,Not Hispanic or Latino,White,Male,55-64,52.886,Loan originated
1,625000.0,44,895000.0,163.0,1,Not Hispanic or Latino,White,Male,25-34,69.93,Loan originated
1,235000.0,49,425000.0,56.0,1,Hispanic or Latino,White,Male,45-54,55.0,Loan originated
1,1125000.0,20%-<30%,1405000.0,809.0,1,Not Hispanic or Latino,White,Female,45-54,80.0,Loan originated
1,225000.0,41,425000.0,66.0,1,Not Hispanic or Latino,White,Female,65-74,52.941,Loan originated
1,415000.0,38,835000.0,197.0,1,Not Hispanic or Latino,White,Female,25-34,50.0,Loan originated
1,175000.0,44,195000.0,42.0,1,Hispanic or Latino,White,Male,35-44,96.41,Application denied
1,715000.0,48,895000.0,152.0,1,Not Hispanic or Latino,Asian,Male,25-34,80.0,Loan originated
1,345000.0,45,495000.0,107.0,1,Not Hispanic or Latino,White,Female,35-44,69.94,Loan originated
1,225000.0,50%-60%,275000.0,36.0,1,Hispanic or Latino,White,Female,45-54,80.0,Application denied
1,555000.0,42,585000.0,123.0,1,Not Hispanic or Latino,White,Female,35-44,95.0,Loan originated
1,295000.0,37,375000.0,108.0,1,Hispanic or Latino,White,Male,45-54,80.0,Loan originated
1,765000.0,20%-<30%,835000.0,360.0,1,Hispanic or Latino,White,Female,35-44,92.355,Loan originated
1,1005000.0,30%-<36%,1605000.0,327.0,1,Not Hispanic or Latino,Asian,Male,25-34,62.5,Loan originated
1,515000.0,42,545000.0,160.0,1,Not Hispanic or Latino,White,Male,45-54,95.0,Loan originated
1,855000.0,39,1345000.0,250.0,1,Not Hispanic or Latino,Asian,Male,45-54,63.304,Loan originated
1,325000.0,20%-<30%,625000.0,115.0,1,Not Hispanic or Latino,White,Male,25-34,51.613,Loan originated
1,765000.0,43,825000.0,175.0,1,Not Hispanic or Latino,White,Male,25-34,92.467,Loan originated
1,305000.0,50%-60%,325000.0,71.0,1,Not Hispanic or Latino,White,Female,25-34,95.0,Application denied
1,415000.0,30%-<36%,515000.0,132.0,1,Not Hispanic or Latino,White,Female,45-54,80.0,Loan originated
1,415000.0,46,435000.0,102.0,1,Not Hispanic or Latino,Asian,Male,25-34,97.0,Loan originated
1,955000.0,30%-<36%,1375000.0,332.0,1,Not Hispanic or Latino,Asian,Male,45-54,69.267,Loan originated
1,675000.0,30%-<36%,905000.0,201.0,1,Not Hispanic or Latino,Asian,Male,35-44,75.0,Loan originated
1,485000.0,45,495000.0,109.0,1,Not Hispanic or Latino,Black or African American,Female,25-34,97.0,Loan originated
1,215000.0,45,535000.0,89.0,1,Not Hispanic or Latino,White,Male,>74,39.104,Loan originated
1,575000.0,42,605000.0,135.0,1,Not Hispanic or Latino,Asian,Male,45-54,95.0,Loan originated
1,315000.0,49,465000.0,116.0,1,Not Hispanic or Latino,White,Female,55-64,67.437,Loan originated
1,645000.0,46,665000.0,142.0,1,Hispanic or Latino,White,Male,25-34,97.0,Loan originated
1,235000.0,41,405000.0,74.0,1,Not Hispanic or Latino,Black or African American,Female,65-74,57.5,Loan originated
1,415000.0,38,435000.0,145.0,1,Not Hispanic or Latino,White,Male,35-44,95.0,Loan originated
1,915000.0,30%-<36%,1175000.0,237.0,1,Not Hispanic or Latino,White,Male,45-54,77.872,Loan originated
1,655000.0,38,685000.0,213.0,1,Hispanic or Latino,White,Male,35-44,95.0,Loan originated
1,605000.0,49,1435000.0,150.0,1,Hispanic or Latino,White,Female,55-64,42.238,Loan originated
1,445000.0,45,595000.0,191.0,1,Not Hispanic or Latino,White,Female,45-54,74.718,Loan originated
1,505000.0,48,685000.0,114.0,1,Not Hispanic or Latino,Asian,Female,25-34,75.0,Loan originated
1,505000.0,44,635000.0,127.0,1,Hispanic or Latino,Asian,Male,25-34,80.0,Loan originated
1,975000.0,45,1305000.0,233.0,1,Not Hispanic or Latino,Asian,Male,35-44,75.0,Loan originated
1,535000.0,49,595000.0,129.0,1,Hispanic or Latino,White,Male,65-74,90.0,Loan originated
1,335000.0,20%-<30%,565000.0,171.0,1,Hispanic or Latino,White,Male,25-34,60.0,Loan originated
1,785000.0,46,1055000.0,244.0,1,Hispanic or Latino,White,Female,55-64,75.0,Loan originated
1,395000.0,41,555000.0,121.0,1,Not Hispanic or Latino,White,Female,25-34,70.874,Loan originated
1,585000.0,49,625000.0,285.0,1,Not Hispanic or Latino,Asian,Female,35-44,95.0,Loan originated
1,675000.0,42,745000.0,302.0,1,Hispanic or Latino,White,Female,25-34,90.0,Loan originated
1,255000.0,30%-<36%,515000.0,109.0,1,Hispanic or Latino,White,Female,25-34,49.904,Loan originated
1,375000.0,48,395000.0,93.0,1,Hispanic or Latino,White,Male,55-64,95.0,Loan originated
1,645000.0,47,815000.0,144.0,1,Not Hispanic or Latino,Asian,Male,35-44,80.0,Loan originated
1,435000.0,20%-<30%,535000.0,193.0,1,Not Hispanic or Latino,Asian,Male,55-64,80.0,Loan originated
1,345000.0,48,385000.0,84.0,1,Hispanic or Latino,American Indian or Alaska Native,Female,25-34,90.0,Application denied
1,385000.0,49,435000.0,92.0,1,Not Hispanic or Latino,White,Male,55-64,89.9,Loan originated
1,535000.0,30%-<36%,715000.0,225.0,1,Hispanic or Latino,White,Male,45-54,74.825,Loan originated
1,525000.0,20%-<30%,545000.0,214.0,1,Not Hispanic or Latino,Black or African American,Male,<25,95.0,Loan originated
1,585000.0,44,835000.0,154.0,1,Not Hispanic or Latino,Asian,Male,35-44,70.0,Loan originated
1,195000.0,48,335000.0,51.0,1,Not Hispanic or Latino,White,Female,55-64,58.209,Loan originated
1,825000.0,49,1105000.0,184.0,1,Not Hispanic or Latino,Asian,Male,25-34,75.0,Loan originated
1,665000.0,44,705000.0,180.0,1,Not Hispanic or Latino,Black or African American,Female,25-34,95.0,Loan originated
1,315000.0,50%-60%,355000.0,59.0,1,Not Hispanic or Latino,Black or African American,Female,55-64,90.0,Application denied
1,1145000.0,30%-<36%,1355000.0,650.0,1,Hispanic or Latino,White,Male,35-44,85.11,Loan originated
1,295000.0,46,595000.0,89.0,1,Not Hispanic or Latino,Asian,Male,<25,50.0,Loan originated
1,845000.0,42,985000.0,248.0,1,Not Hispanic or Latino,White,Male,25-34,86.54,Loan originated
1,945000.0,38,1185000.0,395.0,1,Not Hispanic or Latino,White,Male,35-44,80.0,Loan originated
1,585000.0,20%-<30%,625000.0,227.0,1,Not Hispanic or Latino,White,Male,35-44,95.0,Loan originated
1,205000.0,36,655000.0,70.0,1,Not Hispanic or Latino,White,Female,35-44,30.77,Loan originated
1,745000.0,40,935000.0,187.0,1,Not Hispanic or Latino,Asian,Male,35-44,96.129,Loan originated
1,115000.0,49,125000.0,60.0,1,Not Hispanic or Latino,White,Male,45-54,97.0,Loan originated
1,1105000.0,41,2275000.0,272.0,1,Not Hispanic or Latino,Asian,Female,25-34,48.255,Loan originated
1,455000.0,30%-<36%,575000.0,160.0,1,Not Hispanic or Latino,Asian,Male,35-44,80.0,Loan originated
1,1105000.0,46,1725000.0,289.0,1,Not Hispanic or Latino,Asian,Male,45-54,63.953,Loan originated
1,325000.0,47,415000.0,74.0,1,Not Hispanic or Latino,White,Female,45-54,80.0,Loan originated
1,585000.0,30%-<36%,1065000.0,191.0,1,Not Hispanic or Latino,White,Female,35-44,54.717,Loan originated
1,505000.0,40,535000.0,141.0,1,Hispanic or Latino,White,Female,45-54,95.0,Loan originated
1,1085000.0,48,2625000.0,247.0,1,Not Hispanic or Latino,Asian,Male,25-34,41.221,Application denied
1,1085000.0,39,1385000.0,302.0,1,Not Hispanic or Latino,White,Male,25-34,80.0,Loan originated
1,455000.0,38,775000.0,138.0,1,Not Hispanic or Latino,Asian,Male,25-34,58.869,Loan originated
1,415000.0,20%-<30%,525000.0,161.0,1,Not Hispanic or Latino,Asian,Female,55-64,80.0,Loan originated
1,445000.0,<20%,465000.0,595.0,1,Not Hispanic or Latino,Asian,Male,45-54,95.0,Loan originated
1,1065000.0,38,1335000.0,295.0,1,Not Hispanic or Latino,White,Male,45-54,80.0,Loan originated
1,875000.0,38,1095000.0,354.0,1,Not Hispanic or Latino,White,Male,35-44,80.0,Loan originated
1,425000.0,46,505000.0,110.0,1,Hispanic or Latino,White,Male,35-44,85.0,Loan originated
1,485000.0,30%-<36%,575000.0,157.0,1,Not Hispanic or Latino,White,Male,45-54,85.0,Loan originated
1,1075000.0,30%-<36%,1795000.0,475.0,1,Not Hispanic or Latino,White,Male,65-74,60.0,Loan originated
1,455000.0,39,565000.0,151.0,1,Not Hispanic or Latino,Asian,Female,35-44,80.0,Loan originated
1,405000.0,47,485000.0,100.0,1,Not Hispanic or Latino,Asian,Female,35-44,83.505,Loan originated
1,995000.0,39,1925000.0,259.0,1,Not Hispanic or Latino,Asian,Male,35-44,51.896,Loan originated
1,465000.0,43,615000.0,114.0,1,Not Hispanic or Latino,Asian,Female,25-34,75.0,Loan originated
1,105000.0,<20%,645000.0,0.0,1,Not Hispanic or Latino,White,Male,55-64,15.63,Application denied
1,1135000.0,44,1425000.0,266.0,1,Not Hispanic or Latino,Asian,Male,25-34,80.0,Loan originated
1,35000.0,20%-<30%,35000.0,52.0,1,Not Hispanic or Latino,White,Male,55-64,93.98,Loan originated
1,215000.0,<20%,1355000.0,275.0,1,Not Hispanic or Latino,White,Male,55-64,15.741,Loan originated
1,635000.0,44,795000.0,152.0,1,Not Hispanic or Latino,Asian,Female,25-34,80.0,Loan originated
1,965000.0,48,1485000.0,205.0,1,Not Hispanic or Latino,White,Male,45-54,64.86,Loan originated
1,765000.0,46,815000.0,186.0,1,Hispanic or Latino,White,Male,25-34,94.636,Loan originated
1,395000.0,38,485000.0,122.0,1,Not Hispanic or Latino,White,Female,65-74,80.0,Loan originated
1,255000.0,>60%,325000.0,101.0,1,Not Hispanic or Latino,Asian,Female,45-54,80.0,Application denied
1,995000.0,20%-<30%,1325000.0,400.0,1,Not Hispanic or Latino,Asian,Male,35-44,74.935,Application denied
1,205000.0,<20%,255000.0,135.0,1,Not Hispanic or Latino,White,Female,25-34,80.0,Loan originated
1,585000.0,47,845000.0,211.0,1,Not Hispanic or Latino,Asian,Female,35-44,70.0,Loan originated
1,765000.0,45,815000.0,160.0,1,Not Hispanic or Latino,White,Male,35-44,95.0,Application denied
1,735000.0,46,775000.0,166.0,1,Hispanic or Latino,White,Female,35-44,95.0,Loan originated
1,625000.0,49,705000.0,148.0,1,Not Hispanic or Latino,Asian,Female,45-54,89.34,Loan originated
1,1135000.0,47,1425000.0,255.0,1,Not Hispanic or Latino,Asian,Female,35-44,80.0,Loan originated
1,575000.0,36,655000.0,200.0,1,Hispanic or Latino,White,Male,45-54,87.692,Loan originated
1,605000.0,49,615000.0,124.0,1,Hispanic or Latino,White,Male,<25,97.0,Loan originated
1,555000.0,41,585000.0,137.0,1,Not Hispanic or Latino,Asian,Male,35-44,95.0,Loan originated
1,805000.0,46,865000.0,168.0,1,Not Hispanic or Latino,Asian,Female,35-44,93.331,Loan originated
1,645000.0,45,675000.0,177.0,1,Not Hispanic or Latino,Asian,Male,35-44,94.999,Loan originated
1,285000.0,48,345000.0,58.0,1,Hispanic or Latino,White,Male,25-34,82.0,Loan originated
1,515000.0,48,955000.0,135.0,1,Not Hispanic or Latino,White,Male,35-44,53.927,Loan originated
1,665000.0,40,765000.0,188.0,1,Not Hispanic or Latino,Asian,Male,45-54,86.28,Loan originated
1,475000.0,42,495000.0,110.0,1,Not Hispanic or Latino,Asian,Female,35-44,94.952,Loan originated
1,45000.0,20%-<30%,65000.0,62.0,1,Not Hispanic or Latino,White,Female,55-64,68.0,Loan originated
1,445000.0,45,525000.0,106.0,1,Not Hispanic or Latino,Asian,Female,35-44,85.0,Loan originated
1,885000.0,49,1105000.0,340.0,1,Not Hispanic or Latino,Asian,Male,35-44,80.0,Loan originated
1,515000.0,20%-<30%,645000.0,489.0,1,Not Hispanic or Latino,White,Male,35-44,80.0,Loan originated
1,595000.0,20%-<30%,745000.0,333.0,1,Not Hispanic or Latino,Asian,Male,45-54,80.0,Loan originated
1,195000.0,48,295000.0,112.0,1,Not Hispanic or Latino,Asian,Female,25-34,65.53,Application denied
1,425000.0,50%-60%,445000.0,73.0,1,Hispanic or Latino,White,Male,45-54,97.0,Loan originated
1,385000.0,49,455000.0,91.0,1,Hispanic or Latino,White,Female,25-34,84.594,Loan originated
1,205000.0,39,355000.0,91.0,1,Not Hispanic or Latino,White,Female,55-64,58.0,Loan originated
1,385000.0,49,465000.0,78.0,1,Not Hispanic or Latino,White,Female,45-54,82.0,Loan originated
1,795000.0,39,835000.0,223.0,1,Not Hispanic or Latino,White,Male,25-34,95.0,Loan originated
1,245000.0,50%-60%,255000.0,47.0,1,Hispanic or Latino,White,Male,25-34,99.5,Application denied
1,555000.0,39,695000.0,170.0,1,Not Hispanic or Latino,Asian,Female,45-54,80.0,Loan originated
1,115000.0,20%-<30%,315000.0,72.0,1,Not Hispanic or Latino,White,Female,55-64,35.484,Loan originated
1,235000.0,41,435000.0,109.0,1,Hispanic or Latino,White,Male,35-44,54.55,Loan originated
1,315000.0,20%-<30%,395000.0,130.0,1,Hispanic or Latino,White,Male,45-54,80.0,Loan originated
1,355000.0,30%-<36%,375000.0,108.0,1,Hispanic or Latino,White,Male,25-34,95.0,Loan originated
1,675000.0,38,1175000.0,204.0,1,Not Hispanic or Latino,Asian,Male,55-64,57.56,Loan originated
1,395000.0,30%-<36%,435000.0,310.0,1,Hispanic or Latino,White,Male,>74,90.0,Loan originated
1,685000.0,30%-<36%,975000.0,221.0,1,Not Hispanic or Latino,Asian,Female,25-34,70.0,Loan originated
1,525000.0,49,595000.0,412.0,1,Hispanic or Latino,White,Male,45-54,90.0,Loan originated
1,435000.0,36,935000.0,110.0,1,Not Hispanic or Latino,White,Female,25-34,46.805,Loan originated
1,435000.0,48,455000.0,133.0,1,Not Hispanic or Latino,White,Female,25-34,95.0,Loan originated
1,245000.0,44,315000.0,65.0,1,Not Hispanic or Latino,White,Male,45-54,80.0,Loan originated
1,535000.0,48,565000.0,176.0,1,Not Hispanic or Latino,Asian,Male,35-44,95.0,Loan originated
1,305000.0,49,525000.0,66.0,1,Hispanic or Latino,White,Female,<25,57.693,Loan originated
1,265000.0,47,455000.0,57.0,1,Not Hispanic or Latino,Asian,Female,25-34,58.5,Loan originated
1,355000.0,20%-<30%,445000.0,135.0,1,Not Hispanic or Latino,White,Female,35-44,80.0,Loan originated
1,515000.0,47,545000.0,108.0,1,Hispanic or Latino,White,Male,35-44,95.0,Loan originated
1,375000.0,30%-<36%,445000.0,115.0,1,Not Hispanic or Latino,Black or African American,Female,45-54,85.0,Loan originated
1,465000.0,20%-<30%,575000.0,174.0,1,Hispanic or Latino,White,Male,35-44,80.0,Loan originated
1,305000.0,<20%,865000.0,705.0,1,Not Hispanic or Latino,White,Male,<25,34.843,Loan originated
1,595000.0,49,855000.0,118.0,1,Not Hispanic or Latino,White,Male,25-34,70.0,Loan originated
1,785000.0,30%-<36%,1125000.0,360.0,1,Not Hispanic or Latino,Asian,Male,35-44,70.0,Loan originated
1,175000.0,45,675000.0,60.0,1,Not Hispanic or Latino,White,Male,45-54,26.119,Loan originated
1,415000.0,44,525000.0,100.0,1,Hispanic or Latino,White,Male,55-64,80.0,Loan originated
1,725000.0,47,1305000.0,154.0,1,Not Hispanic or Latino,Asian,Female,45-54,55.769,Loan originated
1,405000.0,45,505000.0,115.0,1,Not Hispanic or Latino,White,Male,55-64,80.0,Loan originated
1,975000.0,30%-<36%,1395000.0,429.0,1,Not Hispanic or Latino,Asian,Male,65-74,70.0,Loan originated
1,555000.0,49,705000.0,150.0,1,Hispanic or Latino,Asian,Male,35-44,78.723,Loan originated
1,695000.0,45,995000.0,147.0,1,Not Hispanic or Latino,Asian,Female,55-64,70.0,Loan originated
1,255000.0,30%-<36%,315000.0,80.0,1,Not Hispanic or Latino,White,Male,65-74,80.0,Loan originated
1,495000.0,30%-<36%,585000.0,163.0,1,Hispanic or Latino,Black or African American,Female,45-54,84.589,Loan originated
1,555000.0,49,695000.0,105.0,1,Not Hispanic or Latino,White,Male,45-54,80.0,Application denied
1,175000.0,20%-<30%,175000.0,97.0,1,Not Hispanic or Latino,American Indian or Alaska Native,Female,25-34,94.972,Loan originated
1,455000.0,20%-<30%,655000.0,181.0,1,Not Hispanic or Latino,White,Male,35-44,69.651,Loan originated
1,395000.0,49,425000.0,78.0,1,Not Hispanic or Latino,White,Male,25-34,91.765,Loan originated
1,505000.0,30%-<36%,635000.0,369.0,1,Not Hispanic or Latino,Asian,Male,25-34,80.0,Loan originated
1,325000.0,41,895000.0,89.0,1,Hispanic or Latino,White,Male,55-64,36.04,Loan originated
1,455000.0,36,575000.0,135.0,1,Not Hispanic or Latino,White,Male,45-54,80.0,Loan originated
1,325000.0,49,335000.0,69.0,1,Not Hispanic or Latino,Native Hawaiian or Other Pacific Islander,Male,35-44,95.0,Loan originated
1,605000.0,46,1305000.0,143.0,1,Not Hispanic or Latino,White,Female,25-34,46.769,Loan originated
1,675000.0,37,795000.0,204.0,1,Hispanic or Latino,White,Male,45-54,85.0,Loan originated
1,375000.0,30%-<36%,555000.0,117.0,1,Not Hispanic or Latino,Asian,Female,25-34,67.273,Loan originated
1,95000.0,30%-<36%,225000.0,37.0,1,Not Hispanic or Latino,White,Male,65-74,44.0,Loan originated
1,295000.0,30%-<36%,365000.0,89.0,1,Hispanic or Latino,White,Male,45-54,80.0,Loan originated
1,315000.0,44,335000.0,70.0,1,Not Hispanic or Latino,White,Female,<25,95.0,Loan originated
1,1145000.0,41,1955000.0,342.0,1,Not Hispanic or Latino,Asian,Male,55-64,58.965,Loan originated
1,395000.0,46,465000.0,111.0,1,Not Hispanic or Latino,White,Female,65-74,103.632,Loan originated
1,635000.0,30%-<36%,655000.0,188.0,1,Not Hispanic or Latino,White,Male,25-34,97.0,Loan originated
1,1035000.0,44,1605000.0,260.0,1,Not Hispanic or Latino,White,Female,45-54,65.0,Application denied
1,255000.0,42,265000.0,92.0,1,Not Hispanic or Latino,Asian,Male,25-34,97.0,Loan originated
1,545000.0,47,725000.0,323.0,1,Not Hispanic or Latino,White,Male,35-44,75.0,Loan originated
1,195000.0,<20%,205000.0,109.0,1,Not Hispanic or Latino,White,Male,45-54,95.0,Loan originated
1,105000.0,39,185000.0,38.0,1,Not Hispanic or Latino,Asian,Male,<25,58.01,Loan originated
1,665000.0,>60%,1315000.0,28.0,1,Not Hispanic or Latino,White,Male,65-74,51.0,Application denied
1,315000.0,49,345000.0,74.0,1,Hispanic or Latino,White,Female,25-34,90.0,Loan originated
1,295000.0,39,515000.0,84.0,1,Not Hispanic or Latino,White,Female,65-74,60.0,Loan originated
1,195000.0,39,205000.0,106.0,1,Hispanic or Latino,White,Male,55-64,100.0,Loan originated
1,545000.0,49,725000.0,141.0,1,Not Hispanic or Latino,Asian,Male,55-64,75.0,Loan originated
1,565000.0,47,715000.0,188.0,1,Not Hispanic or Latino,White,Male,35-44,80.0,Loan originated
1,505000.0,40,635000.0,230.0,1,Not Hispanic or Latino,Asian,Female,45-54,80.0,Loan originated
1,755000.0,46,1685000.0,236.0,1,Not Hispanic or Latino,Asian,Male,65-74,45.0,Loan originated
1,595000.0,49,1405000.0,132.0,1,Not Hispanic or Latino,Asian,Male,45-54,43.0,Loan originated
1,255000.0,43,265000.0,55.0,1,Not Hispanic or Latino,White,Male,35-44,97.0,Loan originated
1,395000.0,40,785000.0,163.0,1,Not Hispanic or Latino,White,Male,25-34,50.0,Loan originated
1,975000.0,30%-<36%,1305000.0,279.0,1,Not Hispanic or Latino,Asian,Female,35-44,75.0,Loan originated
1,705000.0,36,1175000.0,166.0,1,Not Hispanic or Latino,White,Male,35-44,60.0,Loan originated
1,445000.0,49,795000.0,94.0,1,Not Hispanic or Latino,Asian,Male,25-34,55.76,Loan originated
1,315000.0,40,345000.0,144.0,1,Hispanic or Latino,White,Female,35-44,90.0,Loan originated
1,565000.0,46,715000.0,125.0,1,Not Hispanic or Latino,Asian,Male,25-34,80.0,Loan originated
1,195000.0,46,205000.0,40.0,1,Hispanic or Latino,White,Male,35-44,95.0,Loan originated
1,465000.0,47,555000.0,107.0,1,Hispanic or Latino,White,Female,55-64,85.0,Loan originated
1,735000.0,38,875000.0,202.0,1,Not Hispanic or Latino,White,Male,35-44,85.0,Loan originated
1,275000.0,40,675000.0,120.0,1,Not Hispanic or Latino,White,Female,65-74,40.915,Loan originated
1,655000.0,46,1305000.0,157.0,1,Not Hispanic or Latino,White,Female,55-64,50.0,Loan originated
1,195000.0,48,195000.0,50.0,1,Hispanic or Latino,White,Male,25-34,102.0,Loan originated
1,595000.0,37,625000.0,180.0,1,Not Hispanic or Latino,Asian,Female,35-44,95.0,Application denied
1,765000.0,30%-<36%,975000.0,260.0,1,Not Hispanic or Latino,Asian,Male,35-44,78.59,Application denied
1,495000.0,36,615000.0,142.0,1,Not Hispanic or Latino,Asian,Male,25-34,80.0,Loan originated
1,635000.0,38,795000.0,181.0,1,Not Hispanic or Latino,Black or African American,Male,65-74,80.0,Loan originated
1,505000.0,36,635000.0,134.0,1,Not Hispanic or Latino,White,Male,35-44,80.0,Loan originated
1,345000.0,49,545000.0,71.0,1,Hispanic or Latino,White,Female,25-34,61.819,Loan originated
1,585000.0,41,735000.0,132.0,1,Not Hispanic or Latino,Asian,Male,<25,80.0,Loan originated
1,665000.0,45,705000.0,139.0,1,Not Hispanic or Latino,Asian,Male,35-44,95.0,Loan originated
1,705000.0,30%-<36%,1105000.0,252.0,1,Not Hispanic or Latino,White,Male,35-44,62.222,Loan originated
1,605000.0,43,935000.0,133.0,1,Not Hispanic or Latino,Asian,Female,35-44,65.0,Loan originated
1,615000.0,49,655000.0,134.0,1,Not Hispanic or Latino,Black or African American,Female,45-54,95.0,Loan originated
1,605000.0,49,755000.0,128.0,1,Not Hispanic or Latino,White,Male,25-34,80.0,Loan originated
1,425000.0,48,525000.0,85.0,1,Not Hispanic or Latino,White,Male,45-54,80.0,Loan originated
1,395000.0,40,435000.0,133.0,1,Not Hispanic or Latino,White,Male,35-44,91.861,Loan originated
1,655000.0,49,1155000.0,140.0,1,Not Hispanic or Latino,Asian,Male,<25,57.0,Loan originated
1,425000.0,49,525000.0,87.0,1,Hispanic or Latino,White,Male,45-54,80.0,Application denied
1,435000.0,36,535000.0,141.0,1,Not Hispanic or Latino,Asian,Female,45-54,80.0,Loan originated
1,635000.0,40,675000.0,145.0,1,Not Hispanic or Latino,Asian,Male,35-44,95.0,Loan originated
1,725000.0,42,855000.0,229.0,1,Hispanic or Latino,White,Male,35-44,85.0,Loan originated
1,635000.0,48,795000.0,146.0,1,Not Hispanic or Latino,Asian,Female,25-34,80.0,Loan originated
1,765000.0,37,955000.0,200.0,1,Not Hispanic or Latino,Asian,Female,25-34,80.0,Loan originated
1,335000.0,44,645000.0,117.0,1,Hispanic or Latino,White,Male,55-64,51.875,Loan originated
1,215000.0,45,235000.0,49.0,1,Hispanic or Latino,White,Female,35-44,95.0,Loan originated
1,295000.0,49,445000.0,83.0,1,Not Hispanic or Latino,White,Female,25-34,65.0,Loan originated
1,845000.0,49,1065000.0,187.0,1,Not Hispanic or Latino,White,Male,55-64,79.811,Loan originated
1,205000.0,20%-<30%,615000.0,121.0,1,Not Hispanic or Latino,Asian,Female,35-44,33.005,Loan originated
1,645000.0,37,815000.0,158.0,1,Hispanic or Latino,Black or African American,Male,55-64,79.556,Loan originated
1,505000.0,44,1705000.0,133.0,1,Not Hispanic or Latino,Black or African American,Female,55-64,29.412,Loan originated
1,635000.0,49,795000.0,138.0,1,Not Hispanic or Latino,White,Female,45-54,80.0,Loan originated
1,325000.0,30%-<36%,565000.0,1067.0,1,Hispanic or Latino,White,Male,45-54,57.54,Loan originated
1,305000.0,44,355000.0,109.0,1,Not Hispanic or Latino,White,Male,35-44,85.0,Loan originated
1,525000.0,39,695000.0,230.0,1,Not Hispanic or Latino,White,Female,35-44,74.964,Loan originated
1,545000.0,38,1105000.0,212.0,1,Hispanic or Latino,White,Male,35-44,49.545,Loan originated
1,335000.0,30%-<36%,675000.0,145.0,1,Not Hispanic or Latino,White,Female,25-34,100.0,Loan originated
1,945000.0,43,1255000.0,220.0,1,Hispanic or Latino,Asian,Male,25-34,75.0,Loan originated
1,775000.0,40,655000.0,203.0,1,Not Hispanic or Latino,Black or African American,Male,45-54,95.0,Application denied
1,725000.0,48,1005000.0,272.0,1,Hispanic or Latino,White,Male,35-44,75.0,Loan originated
1,435000.0,45,455000.0,92.0,1,Not Hispanic or Latino,Asian,Female,25-34,100.0,Loan originated
1,295000.0,45,365000.0,75.0,1,Not Hispanic or Latino,Asian,Male,<25,80.0,Loan originated
1,905000.0,49,1525000.0,199.0,1,Not Hispanic or Latino,Asian,Male,45-54,59.36,Loan originated
1,555000.0,44,655000.0,156.0,1,Hispanic or Latino,White,Female,35-44,84.228,Loan originated
1,515000.0,30%-<36%,645000.0,181.0,1,Not Hispanic or Latino,White,Male,35-44,80.0,Loan originated
1,335000.0,49,535000.0,61.0,1,Not Hispanic or Latino,Asian,Male,45-54,62.347,Loan originated
1,815000.0,20%-<30%,1035000.0,465.0,1,Not Hispanic or Latino,White,Female,55-64,80.0,Loan originated
1,865000.0,46,975000.0,210.0,1,Not Hispanic or Latino,Asian,Female,35-44,88.921,Loan originated
1,645000.0,30%-<36%,1255000.0,251.0,1,Not Hispanic or Latino,White,Female,55-64,51.6,Loan originated
1,485000.0,48,635000.0,116.0,1,Not Hispanic or Latino,Asian,Male,55-64,80.0,Loan originated
1,435000.0,20%-<30%,545000.0,273.0,1,Not Hispanic or Latino,White,Male,>74,80.0,Loan originated
1,305000.0,42,405000.0,115.0,1,Not Hispanic or Latino,Asian,Female,35-44,75.0,Loan originated
1,455000.0,30%-<36%,565000.0,142.0,1,Not Hispanic or Latino,White,Male,25-34,80.0,Loan originated
1,1005000.0,44,1825000.0,285.0,1,Not Hispanic or Latino,White,Female,55-64,54.79,Application denied
1,235000.0,20%-<30%,335000.0,138.0,1,Hispanic or Latino,White,Female,45-54,67.65,Loan originated
1,1085000.0,43,1355000.0,267.0,1,Not Hispanic or Latino,White,Female,35-44,80.0,Loan originated
1,105000.0,39,305000.0,176.0,1,Not Hispanic or Latino,White,Female,65-74,33.95,Loan originated
1,765000.0,36,805000.0,204.0,1,Not Hispanic or Latino,White,Female,35-44,95.0,Loan originated
1,75000.0,30%-<36%,375000.0,40.0,1,Not Hispanic or Latino,White,Female,65-74,18.96,Loan originated
1,785000.0,37,1625000.0,208.0,1,Not Hispanic or Latino,Asian,Female,65-74,70.91,Loan originated
1,465000.0,48,585000.0,131.0,1,Not Hispanic or Latino,Asian,Female,35-44,80.0,Loan originated
1,765000.0,44,955000.0,421.0,1,Not Hispanic or Latino,White,Male,25-34,80.0,Loan originated
1,425000.0,49,725000.0,116.0,1,Not Hispanic or Latino,Asian,Male,35-44,59.0,Loan originated
1,485000.0,<20%,605000.0,2082.0,1,Not Hispanic or Latino,Asian,Male,<25,80.0,Loan originated
1,475000.0,30%-<36%,595000.0,248.0,1,Hispanic or Latino,Asian,Male,45-54,80.0,Loan originated
1,505000.0,43,1455000.0,136.0,1,Not Hispanic or Latino,Asian,Female,35-44,35.0,Loan originated
1,485000.0,44,515000.0,108.0,1,Not Hispanic or Latino,Asian,Male,55-64,95.0,Loan originated
1,265000.0,49,335000.0,50.0,1,Not Hispanic or Latino,White,Female,55-64,80.0,Loan originated
1,175000.0,36,235000.0,84.0,1,Hispanic or Latino,White,Male,25-34,76.18,Loan originated
1,445000.0,49,595000.0,95.0,1,Not Hispanic or Latino,White,Male,35-44,75.0,Loan originated
1,605000.0,38,765000.0,171.0,1,Not Hispanic or Latino,Asian,Male,45-54,80.0,Loan originated
1,725000.0,50%-60%,855000.0,176.0,1,Hispanic or Latino,White,Female,45-54,84.837,Loan originated
1,565000.0,49,735000.0,124.0,1,Not Hispanic or Latino,White,Female,65-74,77.822,Loan originated
1,465000.0,41,585000.0,117.0,1,Not Hispanic or Latino,White,Male,25-34,80.0,Loan originated
1,345000.0,30%-<36%,355000.0,168.0,1,Not Hispanic or Latino,White,Male,45-54,97.0,Loan originated
1,1145000.0,40,1755000.0,249.0,1,Not Hispanic or Latino,Asian,Male,25-34,65.6,Loan originated
1,765000.0,41,805000.0,179.0,1,Hispanic or Latino,White,Male,55-64,95.0,Loan originated
1,305000.0,<20%,385000.0,188.0,1,Not Hispanic or Latino,White,Female,25-34,80.0,Loan originated
1,605000.0,49,625000.0,131.0,1,Hispanic or Latino,White,Male,25-34,97.0,Loan originated
1,515000.0,47,775000.0,122.0,1,Not Hispanic or Latino,2 or more minority races,Female,25-34,67.0,Loan originated
1,475000.0,49,605000.0,98.0,1,Not Hispanic or Latino,Black or African American,Female,65-74,78.334,Loan originated
1,405000.0,42,645000.0,218.0,1,Not Hispanic or Latino,White,Female,65-74,62.02,Loan originated
1,415000.0,46,525000.0,84.0,1,Not Hispanic or Latino,White,Female,45-54,80.0,Loan originated
1,435000.0,20%-<30%,545000.0,179.0,1,Hispanic or Latino,White,Male,25-34,80.0,Loan originated
1,295000.0,47,475000.0,57.0,1,Not Hispanic or Latino,White,Male,25-34,62.105,Loan originated
1,995000.0,41,1335000.0,259.0,1,Not Hispanic or Latino,Asian,Male,25-34,75.0,Loan originated
1,815000.0,46,1025000.0,180.0,1,Not Hispanic or Latino,Asian,Female,45-54,80.0,Loan originated
1,455000.0,49,585000.0,94.0,1,Not Hispanic or Latino,Asian,Male,25-34,76.923,Loan originated
1,325000.0,40,805000.0,360.0,1,Not Hispanic or Latino,Asian,Female,55-64,40.0,Loan originated
1,385000.0,36,585000.0,101.0,1,Not Hispanic or Latino,White,Female,45-54,65.517,Loan originated
1,425000.0,42,635000.0,105.0,1,Not Hispanic or Latino,White,Female,25-34,67.0,Loan originated
1,595000.0,40,745000.0,169.0,1,Not Hispanic or Latino,Black or African American,Female,35-44,80.0,Application denied
1,275000.0,49,465000.0,59.0,1,Not Hispanic or Latino,White,Female,45-54,58.44,Loan originated
1,625000.0,49,785000.0,124.0,1,Hispanic or Latino,Asian,Male,35-44,80.0,Loan originated
1,385000.0,44,515000.0,117.0,1,Not Hispanic or Latino,Asian,Female,35-44,75.0,Loan originated
1,255000.0,49,285000.0,71.0,1,Not Hispanic or Latino,White,Male,45-54,90.0,Loan originated
1,595000.0,36,625000.0,158.0,1,Hispanic or Latino,White,Male,45-54,95.0,Loan originated
1,305000.0,44,375000.0,73.0,1,Not Hispanic or Latino,White,Female,35-44,81.081,Loan originated
1,265000.0,38,515000.0,82.0,1,Not Hispanic or Latino,White,Male,35-44,51.0,Loan originated
1,455000.0,49,555000.0,94.0,1,Not Hispanic or Latino,White,Male,25-34,81.818,Loan originated
1,675000.0,42,845000.0,190.0,1,Hispanic or Latino,White,Male,45-54,80.0,Loan originated
1,395000.0,30%-<36%,565000.0,148.0,1,Hispanic or Latino,White,Female,25-34,70.0,Loan originated
1,405000.0,42,545000.0,130.0,1,Not Hispanic or Latino,White,Female,45-54,75.0,Loan originated
1,465000.0,40,585000.0,104.0,1,Not Hispanic or Latino,Asian,Female,25-34,80.0,Loan originated
1,125000.0,38,935000.0,63.0,1,Not Hispanic or Latino,Asian,Female,55-64,15.767,Loan originated
1,565000.0,42,705000.0,254.0,1,Not Hispanic or Latino,White,Male,35-44,80.0,Loan originated
1,485000.0,36,545000.0,158.0,1,Not Hispanic or Latino,Asian,Male,35-44,90.0,Loan originated
1,105000.0,30%-<36%,305000.0,80.0,1,Not Hispanic or Latino,White,Male,25-34,32.787,Loan originated
1,1145000.0,43,1635000.0,475.0,1,Not Hispanic or Latino,Asian,Male,35-44,70.0,Loan originated
1,615000.0,47,775000.0,182.0,1,Not Hispanic or Latino,Black or African American,Female,65-74,83.0,Loan originated
1,575000.0,49,1055000.0,118.0,1,Not Hispanic or Latino,Asian,Female,25-34,54.29,Loan originated
1,555000.0,20%-<30%,695000.0,229.0,1,Not Hispanic or Latino,White,Female,35-44,80.0,Loan originated
1,675000.0,41,705000.0,202.0,1,Hispanic or Latino,White,Male,25-34,97.0,Loan originated
1,735000.0,47,915000.0,237.0,1,Not Hispanic or Latino,White,Female,35-44,80.0,Application denied
1,545000.0,48,565000.0,154.0,1,Not Hispanic or Latino,Asian,Female,25-34,95.0,Loan originated
1,415000.0,50%-60%,415000.0,74.0,1,Hispanic or Latino,White,Male,45-54,100.0,Application denied
1,875000.0,20%-<30%,1425000.0,301.0,1,Not Hispanic or Latino,Asian,Male,35-44,61.26,Loan originated
1,305000.0,36,375000.0,111.0,1,Not Hispanic or Latino,White,Male,35-44,80.0,Loan originated
1,355000.0,48,395000.0,119.0,1,Not Hispanic or Latino,White,Male,45-54,90.0,Loan originated
1,735000.0,49,915000.0,165.0,1,Not Hispanic or Latino,White,Male,45-54,80.0,Loan originated
1,385000.0,42,555000.0,91.0,1,Not Hispanic or Latino,White,Female,65-74,69.344,Loan originated
1,555000.0,30%-<36%,655000.0,173.0,1,Not Hispanic or Latino,White,Male,35-44,85.0,Loan originated
1,255000.0,30%-<36%,905000.0,125.0,1,Not Hispanic or Latino,Asian,Male,25-34,27.93,Loan originated
1,1045000.0,48,1105000.0,240.0,1,Not Hispanic or Latino,2 or more minority races,Male,25-34,95.0,Loan originated
1,895000.0,38,995000.0,282.0,1,Hispanic or Latino,White,Male,45-54,90.0,Loan originated
1,125000.0,42,325000.0,86.0,1,Not Hispanic or Latino,White,Female,55-64,38.706,Loan originated
1,395000.0,40,415000.0,91.0,1,Hispanic or Latino,White,Male,25-34,97.0,Loan originated
1,675000.0,47,845000.0,154.0,1,Hispanic or Latino,Black or African American,Male,35-44,80.0,Loan originated
1,285000.0,>60%,355000.0,28.0,1,Hispanic or Latino,White,Male,35-44,80.0,Application denied
1,305000.0,20%-<30%,375000.0,173.0,1,Not Hispanic or Latino,White,Male,65-74,80.0,Loan originated
1,675000.0,20%-<30%,715000.0,252.0,1,Not Hispanic or Latino,Asian,Female,35-44,94.93,Loan originated
1,745000.0,47,935000.0,227.0,1,Hispanic or Latino,White,Male,45-54,80.0,Loan originated
1,355000.0,30%-<36%,505000.0,98.0,1,Hispanic or Latino,White,Male,35-44,70.0,Loan originated
1,245000.0,49,365000.0,61.0,1,Hispanic or Latino,White,Female,45-54,68.056,Loan originated
1,435000.0,47,755000.0,107.0,1,Hispanic or Latino,White,Male,35-44,56.95,Loan originated
1,385000.0,30%-<36%,565000.0,181.0,1,Not Hispanic or Latino,Asian,Male,25-34,80.0,Loan originated
1,595000.0,49,745000.0,199.0,1,Not Hispanic or Latino,Asian,Male,45-54,80.0,Loan originated
1,535000.0,30%-<36%,585000.0,152.0,1,Not Hispanic or Latino,Asian,Male,25-34,90.0,Loan originated
1,1125000.0,20%-<30%,1405000.0,744.0,1,Not Hispanic or Latino,White,Male,25-34,80.0,Loan originated
1,515000.0,36,695000.0,152.0,1,Not Hispanic or Latino,White,Male,25-34,74.249,Loan originated
1,535000.0,42,555000.0,141.0,1,Not Hispanic or Latino,White,Female,45-54,95.0,Loan originated
1,205000.0,20%-<30%,785000.0,115.0,1,Hispanic or Latino,White,Male,35-44,25.478,Loan originated
1,735000.0,20%-<30%,4435000.0,523.0,1,Not Hispanic or Latino,White,Female,25-34,16.52,Loan originated
1,765000.0,40,935000.0,193.0,1,Not Hispanic or Latino,Asian,Male,45-54,81.836,Loan originated
1,215000.0,50%-60%,975000.0,61.0,1,Not Hispanic or Latino,White,Female,65-74,21.538,Loan originated
1,645000.0,43,805000.0,172.0,1,Not Hispanic or Latino,Asian,Female,45-54,79.41,Loan originated
1,495000.0,20%-<30%,685000.0,222.0,1,Hispanic or Latino,White,Male,35-44,71.399,Loan originated
1,285000.0,<20%,355000.0,724.0,1,Hispanic or Latino,White,Male,35-44,80.0,Loan originated
1,525000.0,36,1225000.0,191.0,1,Not Hispanic or Latino,White,Male,25-34,42.857,Loan originated
1,845000.0,30%-<36%,1055000.0,243.0,1,Not Hispanic or Latino,Asian,Male,35-44,80.0,Loan originated
1,445000.0,49,735000.0,111.0,1,Not Hispanic or Latino,Asian,Female,<25,60.959,Application denied
1,695000.0,44,775000.0,182.0,1,Hispanic or Latino,White,Male,35-44,90.0,Loan originated
1,495000.0,>60%,625000.0,230.0,1,Not Hispanic or Latino,Asian,Male,35-44,80.0,Application denied
1,235000.0,36,295000.0,121.0,1,Not Hispanic or Latino,White,Female,55-64,79.0,Loan originated
1,395000.0,40,425000.0,104.0,1,Hispanic or Latino,White,Male,55-64,95.0,Loan originated
1,675000.0,43,845000.0,170.0,1,Not Hispanic or Latino,Asian,Male,25-34,80.0,Loan originated
1,255000.0,49,515000.0,61.0,1,Not Hispanic or Latino,White,Female,65-74,51.0,Loan originated
1,1145000.0,47,1365000.0,286.0,1,Not Hispanic or Latino,White,Female,55-64,84.236,Loan originated
1,335000.0,41,485000.0,75.0,1,Hispanic or Latino,White,Female,35-44,68.75,Loan originated
1,695000.0,44,775000.0,172.0,1,Hispanic or Latino,White,Female,45-54,90.0,Loan originated
1,485000.0,49,895000.0,168.0,1,Not Hispanic or Latino,Asian,Female,55-64,54.06,Loan originated
1,545000.0,44,805000.0,356.0,1,Hispanic or Latino,White,Female,35-44,68.125,Loan originated
1,755000.0,45,935000.0,230.0,1,Hispanic or Latino,White,Male,35-44,80.0,Application denied
1,615000.0,30%-<36%,735000.0,186.0,1,Not Hispanic or Latino,White,Male,25-34,83.562,Loan originated
1,205000.0,30%-<36%,585000.0,92.0,1,Not Hispanic or Latino,White,Female,45-54,34.188,Loan originated
1,655000.0,44,875000.0,166.0,1,Not Hispanic or Latino,White,Male,25-34,75.0,Application denied
1,255000.0,42,275000.0,97.0,1,Not Hispanic or Latino,White,Male,25-34,95.0,Loan originated
1,995000.0,40,1245000.0,290.0,1,Not Hispanic or Latino,White,Male,25-34,80.0,Loan originated
1,425000.0,41,445000.0,156.0,1,Hispanic or Latino,White,Male,45-54,95.0,Loan originated
1,625000.0,50%-60%,825000.0,115.0,1,Hispanic or Latino,White,Female,35-44,75.0,Application denied
1,595000.0,49,795000.0,122.0,1,Not Hispanic or Latino,Asian,Male,45-54,74.4,Loan originated
1,665000.0,30%-<36%,825000.0,228.0,1,Not Hispanic or Latino,Asian,Female,65-74,80.0,Loan originated
1,385000.0,46,585000.0,117.0,1,Not Hispanic or Latino,White,Female,55-64,65.517,Loan originated
1,1095000.0,49,1155000.0,287.0,1,Hispanic or Latino,American Indian or Alaska Native,Female,35-44,95.0,Loan originated
1,875000.0,30%-<36%,1095000.0,282.0,1,Not Hispanic or Latino,Asian,Male,35-44,80.0,Loan originated
1,405000.0,42,425000.0,102.0,1,Hispanic or Latino,White,Male,25-34,94.118,Loan originated
1,705000.0,45,875000.0,160.0,1,Not Hispanic or Latino,Asian,Male,35-44,80.0,Loan originated
1,575000.0,46,605000.0,127.0,1,Hispanic or Latino,White,Male,35-44,95.0,Loan originated
1,715000.0,38,795000.0,200.0,1,Not Hispanic or Latino,Black or African American,Female,25-34,89.9,Loan originated
1,695000.0,39,735000.0,252.0,1,Not Hispanic or Latino,White,Female,35-44,95.0,Loan originated
1,285000.0,30%-<36%,325000.0,96.0,1,Hispanic or Latino,Asian,Male,25-34,90.0,Loan originated
1,555000.0,30%-<36%,745000.0,510.0,1,Not Hispanic or Latino,Asian,Male,25-34,75.0,Loan originated
1,475000.0,38,595000.0,122.0,1,Not Hispanic or Latino,White,Male,35-44,79.833,Loan originated
1,435000.0,20%-<30%,495000.0,230.0,1,Not Hispanic or Latino,White,Female,55-64,88.0,Loan originated
1,545000.0,30%-<36%,685000.0,162.0,1,Hispanic or Latino,2 or more minority races,Male,25-34,80.0,Loan originated
1,425000.0,30%-<36%,565000.0,135.0,1,Not Hispanic or Latino,Asian,Male,45-54,75.0,Application denied
1,445000.0,47,485000.0,111.0,1,Hispanic or Latino,White,Female,45-54,92.0,Loan originated
1,485000.0,45,705000.0,112.0,1,Not Hispanic or Latino,White,Male,45-54,68.571,Loan originated
1,185000.0,46,195000.0,44.0,1,Not Hispanic or Latino,Asian,Female,35-44,95.0,Application denied
1,855000.0,40,945000.0,205.0,1,Not Hispanic or Latino,Asian,Male,45-54,90.0,Loan originated
1,735000.0,<20%,815000.0,476.0,1,Hispanic or Latino,White,Male,45-54,90.0,Loan originated
1,765000.0,20%-<30%,1105000.0,316.0,1,Not Hispanic or Latino,White,Male,45-54,70.0,Loan originated
1,645000.0,49,815000.0,119.0,1,Not Hispanic or Latino,Asian,Male,55-64,80.0,Loan originated
1,625000.0,45,1255000.0,167.0,1,Not Hispanic or Latino,White,Male,25-34,50.0,Loan originated
1,345000.0,20%-<30%,435000.0,105.0,1,Not Hispanic or Latino,White,Female,45-54,80.0,Loan originated
1,525000.0,30%-<36%,655000.0,150.0,1,Not Hispanic or Latino,Asian,Male,25-34,80.0,Loan originated
1,315000.0,30%-<36%,425000.0,99.0,1,Not Hispanic or Latino,2 or more minority races,Female,25-34,75.0,Loan originated
1,575000.0,20%-<30%,715000.0,282.0,1,Hispanic or Latino,White,Male,25-34,80.0,Loan originated
1,655000.0,43,875000.0,175.0,1,Not Hispanic or Latino,Asian,Male,45-54,75.0,Loan originated
1,365000.0,42,455000.0,128.0,1,Not Hispanic or Latino,Asian,Male,55-64,80.0,Loan originated
1,275000.0,44,325000.0,84.0,1,Not Hispanic or Latino,White,Female,45-54,85.0,Loan originated
1,805000.0,45,1255000.0,188.0,1,Not Hispanic or Latino,White,Male,35-44,64.0,Loan originated
1,435000.0,40,545000.0,181.0,1,Not Hispanic or Latino,White,Male,25-34,80.0,Loan originated
1,625000.0,48,665000.0,135.0,1,Not Hispanic or Latino,White,Male,25-34,95.0,Loan originated
1,115000.0,30%-<36%,305000.0,71.0,1,Not Hispanic or Latino,White,Male,65-74,38.667,Loan originated
1,535000.0,49,715000.0,108.0,1,Not Hispanic or Latino,White,Female,45-54,74.825,Loan originated
1,765000.0,48,965000.0,210.0,1,Not Hispanic or Latino,Asian,Male,45-54,79.84,Loan originated
1,175000.0,<20%,955000.0,280.0,1,Not Hispanic or Latino,White,Male,45-54,19.0,Loan originated
1,615000.0,49,1015000.0,123.0,1,Not Hispanic or Latino,Asian,Male,25-34,61.089,Loan originated
1,565000.0,46,715000.0,120.0,1,Not Hispanic or Latino,Asian,Male,25-34,80.0,Application denied
1,1105000.0,42,1585000.0,328.0,1,Not Hispanic or Latino,Asian,Male,35-44,69.63,Loan originated
1,335000.0,20%-<30%,475000.0,133.0,1,Not Hispanic or Latino,Asian,Male,25-34,69.932,Loan originated
1,245000.0,46,305000.0,127.0,1,Hispanic or Latino,White,Female,35-44,80.0,Loan originated
1,725000.0,36,905000.0,215.0,1,Not Hispanic or Latino,White,Female,35-44,80.0,Loan originated
1,435000.0,44,765000.0,145.0,1,Not Hispanic or Latino,White,Female,35-44,57.45,Loan originated
1,175000.0,48,295000.0,59.0,1,Hispanic or Latino,White,Male,35-44,59.0,Loan originated
1,725000.0,49,915000.0,167.0,1,Not Hispanic or Latino,White,Male,35-44,80.0,Loan originated
1,1115000.0,30%-<36%,1405000.0,302.0,1,Not Hispanic or Latino,Asian,Female,25-34,80.0,Loan originated
1,585000.0,30%-<36%,735000.0,267.0,1,Not Hispanic or Latino,Asian,Male,45-54,80.0,Loan originated
1,605000.0,30%-<36%,1205000.0,305.0,1,Not Hispanic or Latino,White,Male,65-74,50.0,Loan originated
1,455000.0,37,565000.0,147.0,1,Not Hispanic or Latino,White,Female,45-54,80.0,Loan originated
1,635000.0,45,785000.0,312.0,1,Not Hispanic or Latino,Asian,Male,55-64,80.0,Loan originated
1,545000.0,<20%,685000.0,360.0,1,Not Hispanic or Latino,White,Male,25-34,80.0,Loan originated
1,655000.0,36,825000.0,230.0,1,Not Hispanic or Latino,White,Female,55-64,80.0,Loan originated
1,785000.0,20%-<30%,985000.0,297.0,1,Not Hispanic or Latino,White,Female,25-34,80.0,Loan originated
1,445000.0,47,495000.0,145.0,1,Not Hispanic or Latino,Asian,Male,45-54,90.0,Loan originated
1,415000.0,48,465000.0,85.0,1,Hispanic or Latino,White,Female,25-34,90.0,Loan originated
1,395000.0,43,415000.0,120.0,1,Not Hispanic or Latino,White,Female,25-34,95.0,Loan originated
1,225000.0,38,275000.0,157.0,1,Not Hispanic or Latino,White,Female,35-44,80.0,Loan originated
1,785000.0,>60%,815000.0,192.0,1,Not Hispanic or Latino,Black or African American,Female,35-44,97.0,Application denied
1,875000.0,47,1345000.0,206.0,1,Not Hispanic or Latino,Asian,Female,35-44,64.572,Loan originated
1,55000.0,43,395000.0,24.0,1,Not Hispanic or Latino,White,Female,25-34,102.394,Loan originated
1,1005000.0,30%-<36%,1275000.0,1554.0,1,Not Hispanic or Latino,White,Male,55-64,83.854,Loan originated
1,685000.0,49,755000.0,136.0,1,Not Hispanic or Latino,Asian,Male,45-54,89.99,Loan originated
1,255000.0,49,595000.0,63.0,1,Not Hispanic or Latino,White,Male,65-74,43.384,Loan originated
1,115000.0,30%-<36%,155000.0,84.0,1,Not Hispanic or Latino,White,Female,55-64,71.39,Loan originated
1,395000.0,45,405000.0,88.0,1,Hispanic or Latino,White,Male,<25,100.0,Loan originated
1,305000.0,47,965000.0,100.0,1,Not Hispanic or Latino,White,Male,<25,30.992,Loan originated
1,195000.0,48,205000.0,71.0,1,Not Hispanic or Latino,White,Female,45-54,97.0,Loan originated
1,505000.0,49,595000.0,108.0,1,Not Hispanic or Latino,2 or more minority races,Male,35-44,89.99,Loan originated
1,485000.0,46,605000.0,110.0,1,Not Hispanic or Latino,White,Male,25-34,80.0,Loan originated
1,805000.0,30%-<36%,1085000.0,233.0,1,Not Hispanic or Latino,White,Male,35-44,74.352,Loan originated
1,495000.0,44,925000.0,131.0,1,Hispanic or Latino,White,Male,35-44,54.0,Loan originated
1,495000.0,47,555000.0,112.0,1,Not Hispanic or Latino,Asian,Female,25-34,93.0,Loan originated
1,455000.0,49,485000.0,109.0,1,Hispanic or Latino,White,Female,25-34,94.79,Application denied
1,255000.0,36,315000.0,125.0,1,Not Hispanic or Latino,Black or African American,Female,25-34,80.0,Loan originated
1,395000.0,30%-<36%,565000.0,184.0,1,Not Hispanic or Latino,Asian,Female,35-44,70.0,Loan originated
1,735000.0,41,865000.0,211.0,1,Not Hispanic or Latino,Asian,Male,35-44,85.0,Loan originated
1,845000.0,49,1055000.0,170.0,1,Hispanic or Latino,White,Female,35-44,80.0,Loan originated
1,455000.0,45,585000.0,105.0,1,Hispanic or Latino,White,Male,35-44,77.513,Loan originated
1,145000.0,36,155000.0,112.0,1,Hispanic or Latino,White,Male,25-34,93.33,Application denied
1,535000.0,49,755000.0,284.0,1,Not Hispanic or Latino,White,Female,<25,70.0,Loan originated
1,715000.0,47,915000.0,152.0,1,Not Hispanic or Latino,White,Female,65-74,78.03,Loan originated
1,515000.0,49,575000.0,111.0,1,Not Hispanic or Latino,Black or African American,Female,45-54,90.0,Loan originated
1,65000.0,30%-<36%,75000.0,94.0,1,Not Hispanic or Latino,White,Male,>74,84.81,Loan originated
1,355000.0,40,375000.0,117.0,1,Not Hispanic or Latino,White,Male,25-34,98.0,Loan originated
1,535000.0,47,665000.0,156.0,1,Not Hispanic or Latino,Asian,Male,65-74,80.0,Loan originated
1,675000.0,30%-<36%,745000.0,178.0,1,Not Hispanic or Latino,Asian,Female,25-34,89.96,Loan originated
1,415000.0,20%-<30%,525000.0,157.0,1,Not Hispanic or Latino,White,Male,45-54,80.0,Loan originated
1,445000.0,42,465000.0,128.0,1,Hispanic or Latino,White,Male,25-34,97.0,Loan originated
1,905000.0,46,1125000.0,268.0,1,Not Hispanic or Latino,White,Male,65-74,80.0,Loan originated
1,665000.0,42,855000.0,192.0,1,Not Hispanic or Latino,White,Female,35-44,89.99,Loan originated
1,365000.0,42,385000.0,149.0,1,Not Hispanic or Latino,Asian,Male,<25,95.0,Loan originated
1,265000.0,<20%,825000.0,191.0,1,Not Hispanic or Latino,White,Female,45-54,32.2,Loan originated
1,665000.0,49,835000.0,182.0,1,Not Hispanic or Latino,White,Female,55-64,80.0,Loan originated
1,995000.0,45,1105000.0,200.0,1,Not Hispanic or Latino,Asian,Female,45-54,90.0,Loan originated
1,765000.0,20%-<30%,2725000.0,730.0,1,Not Hispanic or Latino,White,Female,45-54,28.147,Loan originated
1,385000.0,37,545000.0,109.0,1,Not Hispanic or Latino,White,Female,65-74,70.559,Loan originated
1,1105000.0,30%-<36%,1235000.0,305.0,1,Not Hispanic or Latino,Asian,Male,25-34,90.0,Loan originated
1,675000.0,45,715000.0,161.0,1,Hispanic or Latino,White,Male,25-34,95.0,Loan originated
1,305000.0,39,515000.0,104.0,1,Not Hispanic or Latino,White,Female,65-74,57.75,Loan originated
1,615000.0,36,825000.0,184.0,1,Not Hispanic or Latino,White,Male,35-44,75.0,Loan originated
1,435000.0,42,585000.0,181.0,1,Not Hispanic or Latino,Asian,Male,45-54,75.0,Loan originated
1,935000.0,30%-<36%,1165000.0,377.0,1,Not Hispanic or Latino,White,Male,35-44,80.0,Loan originated
1,455000.0,39,565000.0,347.0,1,Not Hispanic or Latino,Asian,Female,35-44,80.0,Loan originated
1,675000.0,50%-60%,925000.0,108.0,1,Not Hispanic or Latino,White,Male,45-54,73.0,Application denied
1,355000.0,49,665000.0,78.0,1,Not Hispanic or Latino,White,Female,45-54,52.632,Loan originated
1,275000.0,>60%,285000.0,81.0,1,Hispanic or Latino,White,Female,25-34,93.76,Application denied
1,485000.0,37,495000.0,153.0,1,Hispanic or Latino,White,Male,45-54,100.4,Loan originated
1,295000.0,42,315000.0,146.0,1,Not Hispanic or Latino,White,Male,45-54,95.0,Loan originated
1,295000.0,44,375000.0,74.0,1,Hispanic or Latino,White,Female,25-34,80.0,Loan originated
1,605000.0,30%-<36%,905000.0,230.0,1,Not Hispanic or Latino,White,Female,35-44,66.667,Loan originated
1,705000.0,30%-<36%,885000.0,240.0,1,Hispanic or Latino,White,Male,25-34,80.0,Loan originated
1,305000.0,20%-<30%,1035000.0,435.0,1,Hispanic or Latino,White,Male,45-54,29.126,Loan originated
1,335000.0,44,395000.0,79.0,1,Not Hispanic or Latino,White,Male,35-44,85.0,Loan originated
1,695000.0,43,875000.0,200.0,1,Not Hispanic or Latino,Asian,Male,25-34,80.0,Loan originated
1,855000.0,48,1325000.0,173.0,1,Not Hispanic or Latino,Asian,Female,25-34,65.0,Loan originated
1,535000.0,<20%,675000.0,806.0,1,Not Hispanic or Latino,White,Male,>74,80.0,Loan originated
1,555000.0,42,695000.0,148.0,1,Hispanic or Latino,White,Male,25-34,80.0,Loan originated
1,335000.0,46,575000.0,104.0,1,Not Hispanic or Latino,White,Female,35-44,57.895,Loan originated
1,725000.0,48,915000.0,224.0,1,Not Hispanic or Latino,Asian,Female,25-34,80.0,Loan originated
1,755000.0,<20%,1185000.0,582.0,1,Not Hispanic or Latino,Asian,Male,45-54,63.18,Loan originated
1,685000.0,30%-<36%,985000.0,535.0,1,Not Hispanic or Latino,Asian,Female,35-44,69.49,Loan originated
1,375000.0,47,395000.0,72.0,1,Hispanic or Latino,White,Female,25-34,95.0,Loan originated
1,575000.0,20%-<30%,675000.0,210.0,1,Not Hispanic or Latino,White,Male,35-44,85.634,Loan originated
1,335000.0,49,415000.0,88.0,1,Not Hispanic or Latino,White,Female,65-74,80.0,Loan originated
1,1055000.0,44,1865000.0,245.0,1,Not Hispanic or Latino,Black or African American,Female,65-74,56.452,Loan originated
1,545000.0,43,565000.0,152.0,1,Hispanic or Latino,White,Male,35-44,97.0,Loan originated
1,445000.0,<20%,935000.0,284.0,1,Not Hispanic or Latino,White,Female,65-74,47.74,Loan originated
1,415000.0,49,495000.0,85.0,1,Not Hispanic or Latino,White,Female,55-64,88.0,Loan originated
1,725000.0,49,2175000.0,515.0,1,Not Hispanic or Latino,Asian,Male,55-64,33.333,Loan originated
1,385000.0,40,635000.0,122.0,1,Not Hispanic or Latino,White,Male,55-64,60.63,Loan originated
1,695000.0,36,1345000.0,217.0,1,Not Hispanic or Latino,White,Female,65-74,51.493,Loan originated
1,555000.0,>60%,585000.0,117.0,1,Not Hispanic or Latino,White,Female,35-44,95.0,Application denied
1,485000.0,39,655000.0,176.0,1,Not Hispanic or Latino,White,Female,25-34,75.0,Loan originated
1,435000.0,44,455000.0,98.0,1,Hispanic or Latino,White,Female,25-34,95.0,Loan originated
1,465000.0,30%-<36%,525000.0,142.0,1,Hispanic or Latino,Asian,Male,25-34,90.0,Loan originated
1,765000.0,41,1115000.0,247.0,1,Not Hispanic or Latino,Black or African American,Male,35-44,69.045,Loan originated
1,1145000.0,47,1455000.0,269.0,1,Not Hispanic or Latino,White,Female,25-34,79.172,Loan originated
1,285000.0,39,325000.0,114.0,1,Hispanic or Latino,American Indian or Alaska Native,Male,35-44,90.0,Loan originated
1,1425000.0,42,1905000.0,295.0,1,Not Hispanic or Latino,Asian,Male,35-44,75.0,Loan originated
1,455000.0,42,505000.0,97.0,1,Hispanic or Latino,White,Female,25-34,89.963,Loan originated
1,375000.0,46,585000.0,93.0,1,Not Hispanic or Latino,White,Male,55-64,65.0,Loan originated
1,755000.0,47,1265000.0,354.0,1,Not Hispanic or Latino,Asian,Male,35-44,59.289,Loan originated
1,375000.0,45,465000.0,92.0,1,Hispanic or Latino,White,Female,35-44,80.0,Loan originated
1,505000.0,42,635000.0,150.0,1,Not Hispanic or Latino,Black or African American,Male,35-44,80.0,Loan originated
1,475000.0,46,645000.0,155.0,1,Not Hispanic or Latino,Asian,Female,25-34,73.002,Loan originated
1,335000.0,48,405000.0,79.0,1,Hispanic or Latino,American Indian or Alaska Native,Female,25-34,103.0,Loan originated
1,535000.0,36,565000.0,343.0,1,Not Hispanic or Latino,White,Male,55-64,95.0,Loan originated
1,495000.0,48,555000.0,103.0,1,Hispanic or Latino,White,Female,45-54,90.0,Loan originated
1,745000.0,45,825000.0,157.0,1,Not Hispanic or Latino,Asian,Male,45-54,90.0,Loan originated
1,665000.0,41,785000.0,205.0,1,Not Hispanic or Latino,White,Male,25-34,85.0,Loan originated
1,255000.0,30%-<36%,265000.0,79.0,1,Hispanic or Latino,White,Male,45-54,95.0,Loan originated
1,765000.0,20%-<30%,965000.0,319.0,1,Not Hispanic or Latino,White,Female,35-44,79.43,Loan originated
1,185000.0,20%-<30%,935000.0,350.0,1,Not Hispanic or Latino,Asian,Male,35-44,19.355,Loan originated
1,275000.0,20%-<30%,775000.0,128.0,1,Not Hispanic or Latino,White,Female,25-34,36.0,Loan originated
1,315000.0,38,395000.0,81.0,1,Not Hispanic or Latino,White,Male,25-34,80.0,Loan originated
1,65000.0,20%-<30%,135000.0,81.0,1,Hispanic or Latino,White,Male,45-54,52.29,Loan originated
1,475000.0,20%-<30%,1185000.0,295.0,1,Not Hispanic or Latino,White,Male,45-54,40.0,Loan originated
1,395000.0,44,495000.0,145.0,1,Hispanic or Latino,White,Male,25-34,80.0,Loan originated
1,285000.0,38,305000.0,99.0,1,Not Hispanic or Latino,White,Male,35-44,95.0,Loan originated
1,295000.0,47,555000.0,90.0,1,Hispanic or Latino,White,Male,35-44,53.827,Loan originated
1,435000.0,41,495000.0,171.0,1,Not Hispanic or Latino,White,Female,45-54,90.0,Loan originated
1,765000.0,36,975000.0,215.0,1,Not Hispanic or Latino,Asian,Male,35-44,78.615,Loan originated
1,635000.0,43,655000.0,155.0,1,Not Hispanic or Latino,Asian,Male,25-34,97.0,Loan originated
1,665000.0,20%-<30%,745000.0,303.0,1,Hispanic or Latino,White,Male,45-54,89.99,Loan originated
1,625000.0,44,645000.0,182.0,1,Hispanic or Latino,White,Male,45-54,97.078,Application denied
1,805000.0,39,1205000.0,210.0,1,Not Hispanic or Latino,Asian,Female,45-54,66.667,Loan originated
1,85000.0,50%-60%,115000.0,38.0,1,Not Hispanic or Latino,White,Female,>74,76.09,Application denied
1,605000.0,<20%,755000.0,648.0,1,Not Hispanic or Latino,White,Female,65-74,80.0,Loan originated
1,765000.0,46,855000.0,217.0,1,Hispanic or Latino,White,Male,25-34,89.591,Loan originated
1,915000.0,42,1145000.0,200.0,1,Not Hispanic or Latino,Asian,Male,25-34,79.33,Loan originated
1,455000.0,48,535000.0,210.0,1,Not Hispanic or Latino,Asian,Male,55-64,85.0,Loan originated
1,495000.0,49,755000.0,253.0,1,Not Hispanic or Latino,Asian,Male,35-44,65.33,Loan originated
1,775000.0,30%-<36%,915000.0,235.0,1,Not Hispanic or Latino,White,Male,35-44,85.0,Loan originated
1,395000.0,49,495000.0,74.0,1,Not Hispanic or Latino,Asian,Male,45-54,80.0,Application denied
1,985000.0,47,1045000.0,218.0,1,Not Hispanic or Latino,Black or African American,Female,35-44,95.0,Loan originated
1,565000.0,41,705000.0,159.0,1,Not Hispanic or Latino,White,Female,35-44,80.0,Loan originated
1,95000.0,45,225000.0,62.0,1,Not Hispanic or Latino,White,Female,65-74,41.57,Loan originated
1,575000.0,38,1225000.0,206.0,1,Not Hispanic or Latino,White,Male,25-34,47.131,Loan originated
1,535000.0,49,665000.0,216.0,1,Not Hispanic or Latino,Asian,Female,35-44,80.0,Loan originated
1,465000.0,20%-<30%,545000.0,218.0,1,Hispanic or Latino,White,Male,35-44,85.0,Loan originated
1,405000.0,30%-<36%,455000.0,172.0,1,Not Hispanic or Latino,White,Female,55-64,90.0,Loan originated
1,895000.0,30%-<36%,995000.0,342.0,1,Not Hispanic or Latino,White,Male,35-44,90.0,Loan originated
1,255000.0,<20%,315000.0,183.0,1,Not Hispanic or Latino,White,Female,35-44,79.009,Loan originated
1,305000.0,37,415000.0,96.0,1,Not Hispanic or Latino,White,Female,45-54,73.17,Loan originated
1,545000.0,49,605000.0,146.0,1,Not Hispanic or Latino,White,Female,35-44,90.0,Loan originated
1,1025000.0,30%-<36%,1405000.0,381.0,1,Not Hispanic or Latino,White,Female,65-74,72.857,Loan originated
1,505000.0,44,535000.0,172.0,1,Hispanic or Latino,White,Male,25-34,95.0,Loan originated
1,445000.0,30%-<36%,495000.0,183.0,1,Not Hispanic or Latino,White,Male,35-44,90.0,Loan originated
1,745000.0,36,785000.0,199.0,1,Not Hispanic or Latino,Asian,Male,45-54,95.0,Loan originated
1,765000.0,47,965000.0,166.0,1,Not Hispanic or Latino,Asian,Male,45-54,79.69,Loan originated
1,515000.0,49,605000.0,103.0,1,Hispanic or Latino,White,Female,35-44,88.0,Loan originated
1,115000.0,41,805000.0,84.0,1,Not Hispanic or Latino,White,Female,65-74,14.375,Loan originated
1,315000.0,47,325000.0,71.0,1,Hispanic or Latino,White,Male,25-34,97.0,Loan originated
1,215000.0,49,445000.0,48.0,1,Hispanic or Latino,White,Female,25-34,47.73,Loan originated
1,1135000.0,39,1345000.0,265.0,1,Not Hispanic or Latino,White,Male,45-54,85.0,Loan originated
1,505000.0,30%-<36%,605000.0,156.0,1,Hispanic or Latino,White,Male,25-34,84.0,Loan originated
1,705000.0,30%-<36%,935000.0,254.0,1,Not Hispanic or Latino,White,Male,25-34,75.0,Loan originated
1,285000.0,40,605000.0,87.0,1,Not Hispanic or Latino,White,Female,45-54,46.281,Loan originated
1,545000.0,46,845000.0,171.0,1,Not Hispanic or Latino,White,Male,35-44,64.497,Loan originated
1,595000.0,46,745000.0,126.0,1,Not Hispanic or Latino,Asian,Female,25-34,80.0,Loan originated
1,525000.0,41,555000.0,157.0,1,Not Hispanic or Latino,White,Female,45-54,95.0,Loan originated
1,195000.0,20%-<30%,215000.0,106.0,1,Hispanic or Latino,White,Female,45-54,95.0,Loan originated
1,345000.0,46,595000.0,101.0,1,Hispanic or Latino,White,Female,25-34,57.983,Loan originated
1,845000.0,30%-<36%,845000.0,433.0,1,Hispanic or Latino,White,Male,35-44,100.0,Loan originated
1,225000.0,46,285000.0,64.0,1,Hispanic or Latino,White,Male,35-44,80.0,Loan originated
1,595000.0,49,745000.0,125.0,1,Not Hispanic or Latino,White,Female,55-64,80.0,Loan originated
1,495000.0,49,645000.0,130.0,1,Not Hispanic or Latino,Asian,Female,35-44,76.744,Loan originated
1,765000.0,42,955000.0,192.0,1,Not Hispanic or Latino,Asian,Female,35-44,80.0,Loan originated
1,605000.0,30%-<36%,945000.0,193.0,1,Not Hispanic or Latino,Asian,Male,55-64,64.0,Loan originated
1,475000.0,30%-<36%,995000.0,185.0,1,Not Hispanic or Latino,White,Male,35-44,47.236,Loan originated
1,105000.0,42,455000.0,49.0,1,Not Hispanic or Latino,White,Female,25-34,21.882,Loan originated
1,485000.0,48,615000.0,129.0,1,Hispanic or Latino,White,Female,35-44,100.0,Application denied
1,765000.0,48,1115000.0,219.0,1,Not Hispanic or Latino,White,Female,45-54,69.0,Loan originated
1,105000.0,20%-<30%,125000.0,63.0,1,Not Hispanic or Latino,White,Female,55-64,85.0,Loan originated
1,685000.0,50%-60%,705000.0,139.0,1,Hispanic or Latino,White,Female,25-34,97.0,Loan originated
1,75000.0,42,85000.0,60.0,1,Not Hispanic or Latino,White,Female,45-54,85.0,Loan originated
1,295000.0,>60%,375000.0,54.0,1,Hispanic or Latino,White,Male,25-34,75.0,Application denied
1,555000.0,44,1255000.0,169.0,1,Not Hispanic or Latino,Asian,Male,55-64,44.0,Loan originated
1,705000.0,46,725000.0,191.0,1,Hispanic or Latino,White,Female,35-44,100.0,Loan originated
1,265000.0,49,645000.0,79.0,1,Hispanic or Latino,White,Female,45-54,41.294,Loan originated
1,365000.0,48,385000.0,88.0,1,Not Hispanic or Latino,Black or African American,Female,35-44,95.0,Application denied
1,975000.0,>60%,1265000.0,224.0,1,Not Hispanic or Latino,Black or African American,Female,55-64,76.98,Application denied
1,445000.0,49,575000.0,185.0,1,Not Hispanic or Latino,Asian,Male,<25,76.5,Loan originated
1,645000.0,43,855000.0,165.0,1,Not Hispanic or Latino,Asian,Male,25-34,75.0,Loan originated
1,765000.0,41,2555000.0,286.0,1,Not Hispanic or Latino,White,Male,55-64,30.06,Loan originated
1,745000.0,49,855000.0,212.0,1,Not Hispanic or Latino,Asian,Male,25-34,87.5,Loan originated
1,435000.0,45,455000.0,113.0,1,Not Hispanic or Latino,Black or African American,Female,35-44,95.0,Loan originated
1,555000.0,<20%,625000.0,723.0,1,Hispanic or Latino,White,Male,25-34,90.0,Loan originated
1,545000.0,>60%,605000.0,101.0,1,Hispanic or Latino,White,Female,35-44,90.0,Application denied
1,745000.0,48,995000.0,240.0,1,Not Hispanic or Latino,White,Female,35-44,75.0,Loan originated
1,405000.0,20%-<30%,505000.0,141.0,1,Not Hispanic or Latino,Asian,Female,55-64,80.0,Loan originated
1,375000.0,30%-<36%,445000.0,125.0,1,Not Hispanic or Latino,Black or African American,Female,25-34,88.07,Loan originated
1,675000.0,20%-<30%,715000.0,292.0,1,Not Hispanic or Latino,Asian,Male,25-34,95.0,Loan originated
1,645000.0,20%-<30%,805000.0,297.0,1,Not Hispanic or Latino,White,Male,25-34,80.0,Loan originated
1,705000.0,38,785000.0,234.0,1,Hispanic or Latino,White,Female,45-54,90.0,Loan originated
1,485000.0,44,505000.0,140.0,1,Not Hispanic or Latino,Asian,Male,25-34,97.0,Loan originated
1,225000.0,44,235000.0,151.0,1,Not Hispanic or Latino,White,Male,35-44,95.0,Loan originated
1,485000.0,30%-<36%,605000.0,130.0,1,Not Hispanic or Latino,White,Male,<25,80.0,Loan originated
1,305000.0,44,385000.0,69.0,1,Not Hispanic or Latino,White,Male,<25,80.0,Loan originated
1,475000.0,49,495000.0,98.0,1,Hispanic or Latino,White,Male,<25,95.0,Loan originated
1,455000.0,49,675000.0,88.0,1,Not Hispanic or Latino,White,Female,45-54,67.407,Loan originated
1,695000.0,49,775000.0,144.0,1,Hispanic or Latino,White,Male,35-44,90.0,Loan originated
1,645000.0,42,725000.0,152.0,1,Not Hispanic or Latino,Black or African American,Male,35-44,90.0,Loan originated
1,595000.0,<20%,665000.0,3685.0,1,Hispanic or Latino,White,Female,55-64,90.0,Loan originated
1,505000.0,48,565000.0,183.0,1,Not Hispanic or Latino,Black or African American,Male,55-64,90.0,Loan originated
1,265000.0,30%-<36%,325000.0,331.0,1,Not Hispanic or Latino,White,Male,35-44,80.0,Loan originated
1,445000.0,48,555000.0,251.0,1,Hispanic or Latino,White,Male,45-54,80.0,Loan originated
1,305000.0,44,315000.0,91.0,1,Hispanic or Latino,White,Male,35-44,97.0,Loan originated
1,505000.0,43,795000.0,140.0,1,Not Hispanic or Latino,Asian,Female,35-44,93.3,Loan originated
1,1065000.0,40,1255000.0,245.0,1,Not Hispanic or Latino,White,Male,35-44,85.0,Loan originated
1,355000.0,20%-<30%,405000.0,165.0,1,Not Hispanic or Latino,White,Male,25-34,89.98,Application denied
1,235000.0,45,245000.0,83.0,1,Not Hispanic or Latino,White,Female,35-44,100.0,Loan originated
1,605000.0,20%-<30%,1275000.0,397.0,1,Not Hispanic or Latino,Asian,Male,35-44,48.0,Loan originated
1,405000.0,45,435000.0,85.0,1,Not Hispanic or Latino,White,Male,25-34,91.954,Loan originated
1,625000.0,44,775000.0,325.0,1,Hispanic or Latino,White,Male,55-64,80.0,Loan originated
1,105000.0,20%-<30%,145000.0,167.0,1,Hispanic or Latino,White,Male,<25,71.43,Loan originated
1,345000.0,30%-<36%,355000.0,119.0,1,Not Hispanic or Latino,Asian,Female,35-44,97.0,Loan originated
1,655000.0,46,825000.0,444.0,1,Not Hispanic or Latino,Asian,Female,35-44,80.0,Loan originated
1,675000.0,49,755000.0,231.0,1,Not Hispanic or Latino,White,Male,35-44,90.0,Loan originated
1,125000.0,48,215000.0,92.0,1,Hispanic or Latino,White,Female,45-54,58.5,Loan originated
1,365000.0,49,455000.0,71.0,1,Hispanic or Latino,White,Male,25-34,80.0,Loan originated
1,545000.0,42,785000.0,128.0,1,Not Hispanic or Latino,White,Female,55-64,70.0,Loan originated
1,1005000.0,>60%,1075000.0,106.0,1,Not Hispanic or Latino,White,Male,25-34,94.042,Application denied
1,405000.0,40,505000.0,115.0,1,Not Hispanic or Latino,White,Female,35-44,80.0,Loan originated
1,395000.0,44,495000.0,102.0,1,Not Hispanic or Latino,White,Female,35-44,80.0,Loan originated
1,105000.0,50%-60%,125000.0,59.0,1,Not Hispanic or Latino,Black or African American,Female,65-74,81.6,Application denied
1,665000.0,>60%,1285000.0,219.0,1,Not Hispanic or Latino,Asian,Female,25-34,52.71,Loan originated
1,305000.0,41,325000.0,84.0,1,Hispanic or Latino,White,Male,25-34,97.0,Loan originated
1,565000.0,42,615000.0,130.0,1,Not Hispanic or Latino,White,Female,<25,91.869,Loan originated
1,535000.0,<20%,665000.0,512.0,1,Not Hispanic or Latino,White,Male,55-64,80.0,Loan originated
1,445000.0,43,695000.0,111.0,1,Not Hispanic or Latino,White,Female,65-74,64.281,Loan originated
1,625000.0,<20%,1255000.0,985.0,1,Not Hispanic or Latino,White,Male,45-54,50.0,Loan originated
1,535000.0,20%-<30%,815000.0,288.0,1,Not Hispanic or Latino,Asian,Female,25-34,65.333,Loan originated
1,655000.0,30%-<36%,1255000.0,216.0,1,Not Hispanic or Latino,White,Female,25-34,52.0,Loan originated
1,275000.0,<20%,605000.0,232.0,1,Not Hispanic or Latino,White,Male,65-74,45.167,Loan originated
1,445000.0,36,475000.0,124.0,1,Not Hispanic or Latino,White,Female,65-74,95.0,Loan originated
1,255000.0,42,265000.0,68.0,1,Hispanic or Latino,White,Male,<25,100.0,Application denied
1,405000.0,45,425000.0,108.0,1,Not Hispanic or Latino,Asian,Male,25-34,95.0,Loan originated
1,325000.0,44,725000.0,82.0,1,Not Hispanic or Latino,White,Male,35-44,44.46,Loan originated
1,345000.0,49,375000.0,67.0,1,Not Hispanic or Latino,Asian,Female,25-34,93.0,Loan originated
1,555000.0,20%-<30%,685000.0,238.0,1,Not Hispanic or Latino,Black or African American,Male,35-44,80.0,Loan originated
1,535000.0,30%-<36%,565000.0,195.0,1,Not Hispanic or Latino,White,Female,45-54,95.0,Loan originated
1,955000.0,30%-<36%,1195000.0,310.0,1,Hispanic or Latino,White,Female,25-34,80.0,Loan originated
1,805000.0,49,1005000.0,235.0,1,Not Hispanic or Latino,White,Female,35-44,80.0,Loan originated
1,1145000.0,48,2225000.0,376.0,1,Not Hispanic or Latino,Asian,Male,25-34,56.601,Loan originated
1,705000.0,47,1325000.0,268.0,1,Not Hispanic or Latino,Asian,Female,45-54,53.03,Loan originated
1,705000.0,48,875000.0,159.0,1,Not Hispanic or Latino,Asian,Male,25-34,80.0,Loan originated
1,925000.0,49,1155000.0,200.0,1,Not Hispanic or Latino,White,Male,35-44,80.0,Loan originated
1,365000.0,49,645000.0,101.0,1,Not Hispanic or Latino,White,Female,45-54,55.39,Loan originated
1,445000.0,50%-60%,745000.0,116.0,1,Not Hispanic or Latino,White,Male,45-54,60.0,Loan originated
1,475000.0,38,485000.0,362.0,1,Not Hispanic or Latino,White,Male,>74,97.0,Loan originated
1,425000.0,47,535000.0,115.0,1,Not Hispanic or Latino,White,Male,45-54,80.0,Loan originated
1,395000.0,46,1645000.0,126.0,1,Not Hispanic or Latino,Asian,Male,25-34,23.96,Loan originated
1,505000.0,30%-<36%,625000.0,182.0,1,Hispanic or Latino,White,Male,35-44,80.0,Application denied
1,615000.0,47,725000.0,185.0,1,Not Hispanic or Latino,Asian,Female,35-44,85.0,Loan originated
1,765000.0,30%-<36%,985000.0,243.0,1,Not Hispanic or Latino,Asian,Male,35-44,78.219,Loan originated
1,275000.0,20%-<30%,995000.0,300.0,1,Not Hispanic or Latino,Asian,Male,35-44,27.136,Loan originated
1,745000.0,49,805000.0,167.0,1,Not Hispanic or Latino,White,Male,35-44,92.813,Loan originated
1,745000.0,48,925000.0,209.0,1,Not Hispanic or Latino,White,Female,65-74,80.0,Loan originated
1,605000.0,47,715000.0,128.0,1,Not Hispanic or Latino,Asian,Female,35-44,85.0,Loan originated
1,395000.0,42,435000.0,109.0,1,Hispanic or Latino,White,Female,45-54,90.0,Loan originated
1,585000.0,38,745000.0,163.0,1,Not Hispanic or Latino,2 or more minority races,Female,45-54,78.273,Loan originated
1,225000.0,40,275000.0,66.0,1,Hispanic or Latino,American Indian or Alaska Native,Female,65-74,80.0,Loan originated
1,575000.0,30%-<36%,955000.0,225.0,1,Not Hispanic or Latino,Asian,Male,35-44,60.0,Loan originated
1,885000.0,30%-<36%,985000.0,328.0,1,Hispanic or Latino,White,Male,45-54,89.97,Loan originated
1,615000.0,37,765000.0,166.0,1,Hispanic or Latino,Asian,Female,35-44,80.0,Loan originated
1,205000.0,36,1375000.0,99.0,1,Hispanic or Latino,Asian,Male,65-74,14.503,Loan originated
1,425000.0,49,525000.0,102.0,1,Hispanic or Latino,White,Male,25-34,80.0,Application denied
1,295000.0,20%-<30%,365000.0,164.0,1,Not Hispanic or Latino,White,Female,25-34,80.0,Loan originated
1,265000.0,49,675000.0,66.0,1,Not Hispanic or Latino,Asian,Female,45-54,38.69,Loan originated
1,445000.0,43,595000.0,110.0,1,Not Hispanic or Latino,White,Male,25-34,74.996,Loan originated
1,415000.0,20%-<30%,515000.0,388.0,1,Not Hispanic or Latino,White,Male,<25,80.0,Loan originated
1,365000.0,43,375000.0,91.0,1,Not Hispanic or Latino,White,Female,25-34,97.0,Loan originated
1,505000.0,48,705000.0,135.0,1,Hispanic or Latino,White,Male,35-44,71.42,Loan originated
1,485000.0,50%-60%,485000.0,112.0,1,Hispanic or Latino,White,Male,45-54,100.754,Application denied
1,355000.0,48,415000.0,82.0,1,Hispanic or Latino,White,Female,25-34,85.0,Loan originated
1,845000.0,49,1265000.0,177.0,1,Not Hispanic or Latino,White,Male,25-34,67.0,Loan originated
1,235000.0,20%-<30%,285000.0,115.0,1,Hispanic or Latino,White,Male,<25,80.0,Loan originated
1,685000.0,30%-<36%,855000.0,223.0,1,Not Hispanic or Latino,Asian,Female,35-44,80.0,Loan originated
1,415000.0,44,555000.0,268.0,1,Not Hispanic or Latino,Asian,Female,45-54,75.0,Loan originated
1,375000.0,49,395000.0,129.0,1,Not Hispanic or Latino,Asian,Male,<25,95.0,Loan originated
1,665000.0,30%-<36%,965000.0,202.0,1,Not Hispanic or Latino,Asian,Female,35-44,68.912,Loan originated
1,705000.0,44,745000.0,280.0,1,Not Hispanic or Latino,Asian,Male,35-44,95.0,Loan originated
1,355000.0,37,415000.0,244.0,1,Hispanic or Latino,White,Male,25-34,84.819,Loan originated
1,605000.0,20%-<30%,855000.0,220.0,1,Not Hispanic or Latino,Asian,Male,35-44,70.0,Loan originated
1,1095000.0,44,1365000.0,253.0,1,Not Hispanic or Latino,White,Female,55-64,80.0,Loan originated
1,685000.0,37,715000.0,256.0,1,Not Hispanic or Latino,Asian,Male,25-34,97.0,Loan originated
1,1015000.0,43,1275000.0,600.0,1,Not Hispanic or Latino,White,Male,25-34,80.0,Loan originated
1,145000.0,20%-<30%,445000.0,89.0,1,Not Hispanic or Latino,White,Male,55-64,31.818,Loan originated
1,805000.0,37,855000.0,230.0,1,Hispanic or Latino,American Indian or Alaska Native,Female,35-44,95.0,Loan originated
1,405000.0,38,505000.0,98.0,1,Not Hispanic or Latino,2 or more minority races,Female,35-44,83.0,Loan originated
1,435000.0,46,545000.0,104.0,1,Not Hispanic or Latino,White,Male,65-74,80.0,Loan originated
1,545000.0,30%-<36%,1065000.0,265.0,1,Not Hispanic or Latino,Asian,Male,35-44,50.69,Loan originated
1,205000.0,<20%,385000.0,175.0,1,Not Hispanic or Latino,White,Female,35-44,53.0,Loan originated
1,955000.0,50%-60%,1255000.0,319.0,1,Not Hispanic or Latino,Asian,Male,45-54,77.0,Loan originated
1,425000.0,46,505000.0,121.0,1,Not Hispanic or Latino,Black or African American,Female,35-44,105.0,Loan originated
1,675000.0,47,745000.0,144.0,1,Not Hispanic or Latino,White,Female,25-34,90.0,Loan originated
1,305000.0,47,375000.0,113.0,1,Hispanic or Latino,White,Male,35-44,80.0,Loan originated
1,1005000.0,30%-<36%,1755000.0,336.0,1,Not Hispanic or Latino,American Indian or Alaska Native,Male,45-54,56.98,Loan originated
1,755000.0,47,895000.0,177.0,1,Hispanic or Latino,White,Female,35-44,85.0,Loan originated
1,635000.0,45,795000.0,155.0,1,Not Hispanic or Latino,Black or African American,Female,55-64,80.0,Loan originated
1,755000.0,39,955000.0,190.0,1,Not Hispanic or Latino,Asian,Male,35-44,79.474,Loan originated
1,525000.0,47,545000.0,138.0,1,Not Hispanic or Latino,White,Female,55-64,100.0,Loan originated
1,445000.0,47,565000.0,115.0,1,Hispanic or Latino,White,Male,45-54,80.0,Loan originated
1,765000.0,47,855000.0,395.0,1,Not Hispanic or Latino,White,Male,<25,89.412,Loan originated
1,505000.0,42,535000.0,126.0,1,Hispanic or Latino,White,Male,35-44,95.0,Loan originated
1,525000.0,47,555000.0,252.0,1,Hispanic or Latino,White,Male,45-54,95.0,Loan originated
1,455000.0,46,465000.0,100.0,1,Not Hispanic or Latino,Asian,Male,25-34,97.0,Loan originated
1,695000.0,20%-<30%,795000.0,249.0,1,Not Hispanic or Latino,White,Male,35-44,87.498,Loan originated
1,75000.0,49,475000.0,40.0,1,Not Hispanic or Latino,Asian,Female,45-54,14.894,Loan originated
1,705000.0,45,875000.0,174.0,1,Hispanic or Latino,White,Male,<25,80.0,Loan originated
1,685000.0,46,855000.0,264.0,1,Hispanic or Latino,White,Male,35-44,80.0,Loan originated
1,75000.0,20%-<30%,95000.0,144.0,1,Not Hispanic or Latino,White,Male,45-54,80.0,Loan originated
1,475000.0,30%-<36%,595000.0,181.0,1,Not Hispanic or Latino,White,Male,25-34,80.0,Loan originated
1,565000.0,47,705000.0,165.0,1,Not Hispanic or Latino,Asian,Female,25-34,80.0,Loan originated
1,325000.0,20%-<30%,415000.0,116.0,1,Hispanic or Latino,White,Male,25-34,80.0,Loan originated
1,565000.0,50%-60%,705000.0,123.0,1,Hispanic or Latino,White,Female,25-34,100.0,Application denied
1,395000.0,40,495000.0,143.0,1,Not Hispanic or Latino,White,Female,45-54,80.0,Loan originated
1,485000.0,41,665000.0,150.0,1,Not Hispanic or Latino,White,Male,35-44,73.0,Loan originated
1,615000.0,43,645000.0,200.0,1,Hispanic or Latino,White,Female,25-34,95.0,Loan originated
1,575000.0,47,645000.0,162.0,1,Hispanic or Latino,White,Male,45-54,89.0,Loan originated
1,235000.0,45,925000.0,95.0,1,Hispanic or Latino,Asian,Female,55-64,25.352,Loan originated
1,985000.0,49,1235000.0,189.0,1,Not Hispanic or Latino,Asian,Male,25-34,80.0,Loan originated
1,885000.0,44,1105000.0,194.0,1,Not Hispanic or Latino,White,Female,35-44,80.0,Loan originated
1,415000.0,47,435000.0,100.0,1,Not Hispanic or Latino,Asian,Male,25-34,95.0,Loan originated
1,625000.0,50%-60%,1155000.0,133.0,1,Not Hispanic or Latino,White,Female,25-34,54.29,Loan originated
1,395000.0,47,1135000.0,99.0,1,Not Hispanic or Latino,Asian,Female,35-44,35.0,Loan originated
1,835000.0,47,885000.0,201.0,1,Not Hispanic or Latino,Asian,Male,25-34,95.0,Loan originated
1,215000.0,20%-<30%,525000.0,132.0,1,Not Hispanic or Latino,Black or African American,Female,<25,40.385,Loan originated
1,135000.0,36,795000.0,65.0,1,Not Hispanic or Latino,Black or African American,Female,45-54,16.9,Loan originated
1,175000.0,44,175000.0,62.0,1,Hispanic or Latino,White,Male,35-44,97.0,Loan originated
1,645000.0,49,755000.0,140.0,1,Hispanic or Latino,White,Male,35-44,84.999,Loan originated
1,685000.0,48,725000.0,162.0,1,Hispanic or Latino,American Indian or Alaska Native,Male,25-34,95.0,Loan originated
1,435000.0,43,455000.0,94.0,1,Not Hispanic or Latino,White,Female,<25,97.0,Loan originated
1,1125000.0,38,3105000.0,407.0,1,Not Hispanic or Latino,White,Male,>74,36.205,Loan originated
1,155000.0,49,165000.0,52.0,1,Hispanic or Latino,White,Female,35-44,90.0,Application denied
1,675000.0,49,845000.0,166.0,1,Hispanic or Latino,White,Female,25-34,80.0,Loan originated
1,725000.0,42,905000.0,207.0,1,Not Hispanic or Latino,Asian,Female,35-44,80.0,Application denied
1,385000.0,20%-<30%,515000.0,198.0,1,Not Hispanic or Latino,Asian,Female,35-44,75.0,Loan originated
1,185000.0,39,225000.0,69.0,1,Not Hispanic or Latino,White,Male,65-74,82.262,Loan originated
1,495000.0,20%-<30%,665000.0,225.0,1,Not Hispanic or Latino,Asian,Male,35-44,75.0,Loan originated
1,175000.0,49,185000.0,73.0,1,Not Hispanic or Latino,White,Female,45-54,97.0,Application denied
1,545000.0,20%-<30%,945000.0,336.0,1,Hispanic or Latino,White,Male,>74,57.447,Loan originated
1,475000.0,48,595000.0,248.0,1,Not Hispanic or Latino,White,Male,35-44,79.999,Loan originated
1,825000.0,39,1095000.0,235.0,1,Not Hispanic or Latino,White,Male,55-64,74.994,Loan originated
1,435000.0,45,455000.0,118.0,1,Not Hispanic or Latino,Asian,Male,25-34,95.0,Loan originated
1,555000.0,38,985000.0,158.0,1,Not Hispanic or Latino,Asian,Female,25-34,56.122,Loan originated
1,655000.0,49,685000.0,189.0,1,Not Hispanic or Latino,White,Male,55-64,95.0,Loan originated
1,355000.0,30%-<36%,415000.0,182.0,1,Hispanic or Latino,White,Female,25-34,85.0,Loan originated
1,345000.0,30%-<36%,435000.0,124.0,1,Not Hispanic or Latino,White,Female,35-44,80.0,Loan originated
1,445000.0,43,875000.0,186.0,1,Not Hispanic or Latino,White,Female,65-74,50.857,Loan originated
1,475000.0,36,495000.0,192.0,1,Hispanic or Latino,White,Female,25-34,95.0,Loan originated
1,375000.0,40,675000.0,106.0,1,Not Hispanic or Latino,White,Female,45-54,55.556,Loan originated
1,1125000.0,41,1405000.0,338.0,1,Not Hispanic or Latino,White,Male,35-44,80.0,Loan originated
1,425000.0,30%-<36%,575000.0,123.0,1,Hispanic or Latino,White,Female,25-34,75.0,Loan originated
1,205000.0,42,255000.0,279.0,1,Not Hispanic or Latino,White,Male,55-64,80.0,Loan originated
1,755000.0,37,775000.0,221.0,1,Not Hispanic or Latino,Black or African American,Male,35-44,97.0,Loan originated
1,485000.0,49,615000.0,94.0,1,Not Hispanic or Latino,Asian,Female,35-44,80.0,Loan originated
1,405000.0,44,1925000.0,125.0,1,Not Hispanic or Latino,White,Female,55-64,20.737,Loan originated
1,325000.0,45,405000.0,76.0,1,Hispanic or Latino,White,Male,45-54,80.0,Application denied
1,555000.0,42,615000.0,347.0,1,Not Hispanic or Latino,Asian,Male,25-34,90.0,Loan originated
1,455000.0,42,475000.0,201.0,1,Not Hispanic or Latino,White,Male,55-64,95.0,Loan originated
1,255000.0,47,265000.0,66.0,1,Hispanic or Latino,White,Male,<25,95.0,Loan originated
1,255000.0,30%-<36%,355000.0,118.0,1,Not Hispanic or Latino,White,Male,65-74,71.43,Loan originated
1,495000.0,44,525000.0,126.0,1,Not Hispanic or Latino,Asian,Male,35-44,94.095,Loan originated
1,305000.0,30%-<36%,315000.0,87.0,1,Hispanic or Latino,White,Male,25-34,95.0,Loan originated
1,565000.0,47,705000.0,120.0,1,Not Hispanic or Latino,Asian,Female,35-44,80.0,Loan originated
1,615000.0,20%-<30%,635000.0,382.0,1,Hispanic or Latino,White,Male,55-64,97.0,Loan originated
1,685000.0,43,865000.0,325.0,1,Not Hispanic or Latino,Asian,Male,55-64,80.0,Loan originated
1,525000.0,48,655000.0,273.0,1,Not Hispanic or Latino,White,Female,35-44,79.999,Loan originated
1,385000.0,45,485000.0,118.0,1,Hispanic or Latino,White,Male,45-54,80.0,Application denied
1,995000.0,20%-<30%,1105000.0,498.0,1,Not Hispanic or Latino,White,Male,45-54,90.0,Loan originated
1,745000.0,47,765000.0,142.0,1,Hispanic or Latino,White,Male,25-34,97.0,Application denied
1,245000.0,37,645000.0,78.0,1,Not Hispanic or Latino,White,Female,65-74,37.5,Loan originated
1,745000.0,39,925000.0,401.0,1,Not Hispanic or Latino,White,Male,55-64,80.0,Loan originated
1,825000.0,20%-<30%,1055000.0,406.0,1,Not Hispanic or Latino,White,Female,45-54,77.69,Loan originated
1,685000.0,39,855000.0,260.0,1,Not Hispanic or Latino,Asian,Male,25-34,80.0,Loan originated
1,525000.0,44,925000.0,166.0,1,Not Hispanic or Latino,Asian,Male,45-54,56.52,Loan originated
1,665000.0,48,705000.0,214.0,1,Hispanic or Latino,White,Male,35-44,95.0,Loan originated
1,375000.0,39,395000.0,152.0,1,Not Hispanic or Latino,White,Female,45-54,97.0,Loan originated
1,145000.0,47,295000.0,67.0,1,Not Hispanic or Latino,Black or African American,Male,25-34,50.0,Loan originated
1,615000.0,20%-<30%,685000.0,273.0,1,Not Hispanic or Latino,White,Female,25-34,90.0,Loan originated
1,485000.0,49,785000.0,105.0,1,Not Hispanic or Latino,White,Female,45-54,61.538,Loan originated
1,505000.0,30%-<36%,705000.0,197.0,1,Not Hispanic or Latino,White,Male,45-54,71.711,Loan originated
1,785000.0,30%-<36%,985000.0,225.0,1,Not Hispanic or Latino,Asian,Male,25-34,80.0,Loan originated
1,335000.0,42,415000.0,130.0,1,Not Hispanic or Latino,Asian,Female,55-64,80.0,Loan originated
1,175000.0,40,285000.0,46.0,1,Hispanic or Latino,White,Female,<25,63.929,Loan originated
1,655000.0,37,725000.0,218.0,1,Hispanic or Latino,White,Male,<25,90.0,Loan originated
1,495000.0,43,615000.0,129.0,1,Not Hispanic or Latino,White,Male,25-34,80.0,Loan originated
1,725000.0,43,765000.0,176.0,1,Not Hispanic or Latino,Asian,Male,25-34,95.0,Loan originated
1,365000.0,20%-<30%,385000.0,126.0,1,Hispanic or Latino,White,Male,25-34,95.0,Loan originated
1,965000.0,38,1285000.0,472.0,1,Not Hispanic or Latino,Asian,Male,45-54,75.0,Loan originated
1,435000.0,30%-<36%,545000.0,122.0,1,Not Hispanic or Latino,Asian,Female,35-44,80.0,Loan originated
1,585000.0,39,725000.0,152.0,1,Not Hispanic or Latino,White,Female,25-34,80.0,Loan originated
1,505000.0,47,535000.0,151.0,1,Not Hispanic or Latino,White,Female,25-34,94.5,Loan originated
1,645000.0,43,675000.0,149.0,1,Not Hispanic or Latino,Asian,Male,25-34,96.296,Loan originated
1,145000.0,45,195000.0,34.0,1,Not Hispanic or Latino,White,Female,<25,80.0,Application denied
1,135000.0,<20%,535000.0,219.0,1,Not Hispanic or Latino,Asian,Male,45-54,25.763,Loan originated
1,335000.0,41,395000.0,79.0,1,Not Hispanic or Latino,White,Male,35-44,85.0,Loan originated
1,815000.0,45,965000.0,210.0,1,Not Hispanic or Latino,Asian,Male,25-34,85.0,Loan originated
1,445000.0,36,555000.0,119.0,1,Not Hispanic or Latino,Asian,Female,25-34,80.0,Loan originated
1,235000.0,39,435000.0,146.0,1,Not Hispanic or Latino,Black or African American,Male,45-54,53.488,Loan originated
1,185000.0,30%-<36%,465000.0,67.0,1,Not Hispanic or Latino,Asian,Female,25-34,38.71,Loan originated
1,355000.0,48,445000.0,79.0,1,Not Hispanic or Latino,White,Female,45-54,79.279,Loan originated
1,685000.0,43,865000.0,177.0,1,Not Hispanic or Latino,White,Male,45-54,80.0,Loan originated
1,555000.0,44,695000.0,156.0,1,Hispanic or Latino,White,Female,55-64,80.0,Loan originated
1,375000.0,30%-<36%,505000.0,111.0,1,Not Hispanic or Latino,Asian,Male,<25,73.705,Loan originated
1,345000.0,41,365000.0,81.0,1,Hispanic or Latino,White,Female,25-34,92.954,Application denied
1,485000.0,<20%,615000.0,0.0,1,Hispanic or Latino,White,Female,25-34,80.0,Application denied
1,675000.0,49,1495000.0,159.0,1,Not Hispanic or Latino,White,Female,35-44,45.302,Loan originated
1,485000.0,20%-<30%,605000.0,190.0,1,Not Hispanic or Latino,White,Male,25-34,80.0,Loan originated
1,365000.0,30%-<36%,515000.0,169.0,1,Not Hispanic or Latino,Asian,Female,55-64,70.0,Loan originated
1,765000.0,38,855000.0,234.0,1,Not Hispanic or Latino,White,Male,35-44,90.0,Loan originated
1,795000.0,30%-<36%,885000.0,228.0,1,Not Hispanic or Latino,White,Male,<25,90.0,Loan originated
1,345000.0,20%-<30%,385000.0,324.0,1,Hispanic or Latino,White,Female,25-34,89.9,Loan originated
1,195000.0,30%-<36%,245000.0,135.0,1,Hispanic or Latino,White,Male,25-34,80.0,Loan originated
1,785000.0,49,825000.0,202.0,1,Not Hispanic or Latino,Asian,Female,35-44,95.0,Loan originated
1,275000.0,37,355000.0,70.0,1,Not Hispanic or Latino,White,Female,65-74,83.0,Loan originated
1,715000.0,20%-<30%,955000.0,1048.0,1,Not Hispanic or Latino,White,Male,55-64,75.0,Loan originated
1,345000.0,47,385000.0,92.0,1,Not Hispanic or Latino,White,Male,35-44,89.793,Loan originated
1,275000.0,30%-<36%,775000.0,92.0,1,Not Hispanic or Latino,White,Female,55-64,35.65,Loan originated
1,775000.0,47,1305000.0,180.0,1,Not Hispanic or Latino,Asian,Female,35-44,59.769,Loan originated
1,635000.0,48,1125000.0,127.0,1,Not Hispanic or Latino,Asian,Female,45-54,56.09973,Loan originated
1,285000.0,20%-<30%,355000.0,122.0,1,Not Hispanic or Latino,Asian,Female,25-34,80.0,Loan originated
1,915000.0,41,1315000.0,653.0,1,Not Hispanic or Latino,White,Male,25-34,70.0,Loan originated
1,215000.0,20%-<30%,715000.0,142.0,1,Not Hispanic or Latino,White,Female,65-74,30.119,Loan originated
1,985000.0,>60%,1235000.0,150.0,1,Not Hispanic or Latino,Asian,Male,25-34,80.0,Application denied
1,125000.0,50%-60%,155000.0,63.0,1,Hispanic or Latino,White,Male,55-64,84.31,Application denied
1,325000.0,48,545000.0,71.0,1,Hispanic or Latino,White,Female,35-44,60.0,Loan originated
1,185000.0,45,245000.0,51.0,1,Not Hispanic or Latino,White,Female,25-34,75.0,Loan originated
1,1115000.0,43,1855000.0,310.0,1,Not Hispanic or Latino,Asian,Female,25-34,60.0,Loan originated
1,765000.0,47,915000.0,285.0,1,Not Hispanic or Latino,White,Female,45-54,83.98,Loan originated
1,445000.0,42,555000.0,189.0,1,Not Hispanic or Latino,White,Female,55-64,80.0,Loan originated
1,385000.0,30%-<36%,475000.0,126.0,1,Not Hispanic or Latino,White,Male,65-74,80.0,Loan originated
1,355000.0,30%-<36%,625000.0,144.0,1,Not Hispanic or Latino,Asian,Female,35-44,56.76,Loan originated
1,955000.0,20%-<30%,1655000.0,404.0,1,Not Hispanic or Latino,White,Male,35-44,57.8,Loan originated
1,405000.0,37,435000.0,117.0,1,Hispanic or Latino,White,Female,35-44,92.6,Loan originated
1,435000.0,30%-<36%,545000.0,138.0,1,Not Hispanic or Latino,White,Male,55-64,80.0,Loan originated
1,295000.0,41,395000.0,102.0,1,Not Hispanic or Latino,White,Female,55-64,74.994,Loan originated
1,495000.0,48,525000.0,127.0,1,Not Hispanic or Latino,White,Male,25-34,94.97,Loan originated
1,535000.0,47,575000.0,187.0,1,Not Hispanic or Latino,White,Female,35-44,94.0,Loan originated
1,485000.0,50%-60%,625000.0,101.0,1,Hispanic or Latino,White,Female,45-54,77.419,Application denied
1,475000.0,>60%,1185000.0,246.0,1,Not Hispanic or Latino,2 or more minority races,Female,45-54,81.2,Application denied
1,725000.0,42,855000.0,209.0,1,Hispanic or Latino,White,Male,35-44,85.0,Loan originated
1,295000.0,39,425000.0,106.0,1,Not Hispanic or Latino,White,Female,55-64,70.0,Loan originated
1,565000.0,49,705000.0,125.0,1,Hispanic or Latino,White,Female,45-54,80.0,Loan originated
1,335000.0,42,485000.0,207.0,1,Not Hispanic or Latino,White,Male,65-74,68.041,Loan originated
1,615000.0,38,825000.0,155.0,1,Not Hispanic or Latino,White,Female,35-44,75.0,Loan originated
1,575000.0,40,825000.0,241.0,1,Not Hispanic or Latino,White,Male,35-44,69.697,Loan originated
1,605000.0,30%-<36%,765000.0,167.0,1,Not Hispanic or Latino,Asian,Female,35-44,80.0,Loan originated
1,765000.0,45,825000.0,163.0,1,Not Hispanic or Latino,Black or African American,Male,35-44,92.683,Loan originated
1,675000.0,49,905000.0,129.0,1,Not Hispanic or Latino,Asian,Female,55-64,75.0,Loan originated
1,645000.0,20%-<30%,815000.0,263.0,1,Not Hispanic or Latino,White,Female,25-34,80.0,Loan originated
1,475000.0,36,495000.0,150.0,1,Hispanic or Latino,White,Female,25-34,95.0,Application denied
1,185000.0,36,565000.0,67.0,1,Not Hispanic or Latino,White,Female,55-64,32.66,Loan originated
1,825000.0,43,1035000.0,357.0,1,Not Hispanic or Latino,White,Male,35-44,80.0,Loan originated
1,155000.0,30%-<36%,365000.0,57.0,1,Hispanic or Latino,White,Female,55-64,41.667,Loan originated
1,735000.0,30%-<36%,915000.0,400.0,1,Not Hispanic or Latino,White,Male,35-44,80.0,Loan originated
1,265000.0,30%-<36%,515000.0,84.0,1,Not Hispanic or Latino,Asian,Female,55-64,52.1,Loan originated
1,365000.0,41,385000.0,87.0,1,Not Hispanic or Latino,White,Male,25-34,95.0,Loan originated
1,495000.0,48,545000.0,196.0,1,Hispanic or Latino,White,Male,35-44,90.0,Loan originated
1,575000.0,20%-<30%,725000.0,243.0,1,Not Hispanic or Latino,Asian,Male,25-34,80.0,Loan originated
1,495000.0,45,615000.0,124.0,1,Not Hispanic or Latino,White,Male,25-34,80.0,Loan originated
1,695000.0,47,925000.0,223.0,1,Not Hispanic or Latino,Asian,Male,35-44,75.0,Loan originated
1,505000.0,<20%,635000.0,608.0,1,Hispanic or Latino,White,Male,45-54,80.0,Loan originated
1,905000.0,48,1375000.0,189.0,1,Not Hispanic or Latino,White,Female,55-64,65.455,Loan originated
1,635000.0,44,655000.0,211.0,1,Not Hispanic or Latino,Asian,Female,25-34,97.0,Loan originated
1,355000.0,30%-<36%,445000.0,106.0,1,Hispanic or Latino,White,Male,25-34,80.0,Loan originated
1,895000.0,40,1005000.0,258.0,1,Not Hispanic or Latino,White,Female,35-44,89.0,Loan originated
1,365000.0,47,525000.0,94.0,1,Not Hispanic or Latino,Asian,Male,55-64,70.0,Loan originated
1,555000.0,42,575000.0,138.0,1,Not Hispanic or Latino,American Indian or Alaska Native,Male,35-44,97.0,Loan originated
1,415000.0,39,555000.0,158.0,1,Not Hispanic or Latino,Asian,Female,45-54,75.0,Loan originated
1,375000.0,47,585000.0,116.0,1,Not Hispanic or Latino,White,Female,35-44,64.103,Loan originated
1,1125000.0,47,1905000.0,265.0,1,Not Hispanic or Latino,Asian,Male,35-44,58.947,Loan originated
1,355000.0,43,445000.0,86.0,1,Not Hispanic or Latino,White,Male,35-44,80.0,Loan originated
1,205000.0,20%-<30%,805000.0,123.0,1,Not Hispanic or Latino,Asian,Male,25-34,25.721,Loan originated
1,465000.0,37,665000.0,124.0,1,Not Hispanic or Latino,Asian,Male,25-34,69.925,Loan originated
1,365000.0,43,385000.0,192.0,1,Not Hispanic or Latino,Asian,Male,25-34,95.0,Loan originated
1,665000.0,45,965000.0,150.0,1,Not Hispanic or Latino,Asian,Male,35-44,68.912,Loan originated
1,755000.0,41,835000.0,273.0,1,Not Hispanic or Latino,White,Male,35-44,90.0,Loan originated
1,975000.0,37,1305000.0,267.0,1,Not Hispanic or Latino,White,Male,35-44,74.985,Loan originated
1,345000.0,20%-<30%,915000.0,161.0,1,Not Hispanic or Latino,White,Female,35-44,38.04,Loan originated
1,355000.0,44,425000.0,169.0,1,Hispanic or Latino,White,Male,35-44,85.0,Loan originated
1,655000.0,48,735000.0,168.0,1,Not Hispanic or Latino,White,Male,35-44,90.0,Loan originated
1,535000.0,20%-<30%,665000.0,219.0,1,Not Hispanic or Latino,White,Male,35-44,80.0,Loan originated
1,205000.0,47,215000.0,51.0,1,Hispanic or Latino,White,Male,25-34,95.0,Application denied
1,305000.0,47,315000.0,94.0,1,Hispanic or Latino,White,Male,65-74,95.0,Loan originated
1,185000.0,<20%,385000.0,217.0,1,Hispanic or Latino,White,Male,45-54,47.368,Loan originated
1,475000.0,39,625000.0,125.0,1,Not Hispanic or Latino,Black or African American,Male,55-64,76.0,Loan originated
1,525000.0,48,655000.0,120.0,1,Hispanic or Latino,White,Male,45-54,80.0,Loan originated
1,325000.0,30%-<36%,775000.0,133.0,1,Not Hispanic or Latino,White,Female,55-64,41.56,Loan originated
1,515000.0,45,535000.0,119.0,1,Hispanic or Latino,White,Male,25-34,100.0,Loan originated
1,935000.0,20%-<30%,1555000.0,409.0,1,Not Hispanic or Latino,White,Male,45-54,60.0,Loan originated
1,345000.0,20%-<30%,365000.0,165.0,1,Not Hispanic or Latino,White,Female,35-44,95.0,Loan originated
1,315000.0,37,745000.0,112.0,1,Not Hispanic or Latino,Asian,Female,25-34,41.892,Loan originated
1,1005000.0,30%-<36%,1255000.0,709.0,1,Not Hispanic or Latino,White,Male,55-64,80.0,Loan originated
1,815000.0,30%-<36%,1175000.0,276.0,1,Not Hispanic or Latino,White,Female,>74,70.0,Loan originated
1,315000.0,43,565000.0,102.0,1,Not Hispanic or Latino,White,Male,25-34,55.357,Loan originated
1,655000.0,20%-<30%,1005000.0,429.0,1,Hispanic or Latino,White,Male,45-54,65.0,Loan originated
1,365000.0,37,495000.0,237.0,1,Not Hispanic or Latino,Asian,Male,35-44,75.0,Loan originated
1,345000.0,46,845000.0,94.0,1,Not Hispanic or Latino,White,Female,65-74,41.152,Loan originated
1,515000.0,30%-<36%,645000.0,142.0,1,Not Hispanic or Latino,Asian,Male,45-54,80.0,Loan originated
1,575000.0,40,775000.0,12.0,1,Not Hispanic or Latino,Asian,Male,45-54,75.0,Loan originated
1,455000.0,49,775000.0,132.0,1,Not Hispanic or Latino,White,Male,35-44,59.0,Loan originated
1,505000.0,20%-<30%,895000.0,280.0,1,Not Hispanic or Latino,Asian,Female,45-54,55.617,Loan originated
1,105000.0,49,605000.0,51.0,1,Not Hispanic or Latino,White,Female,45-54,17.0,Application denied
1,475000.0,48,505000.0,290.0,1,Hispanic or Latino,White,Male,25-34,95.0,Loan originated
1,415000.0,44,525000.0,90.0,1,Hispanic or Latino,White,Male,35-44,80.0,Loan originated
1,745000.0,20%-<30%,1285000.0,455.0,1,Not Hispanic or Latino,White,Male,35-44,58.203,Loan originated
1,515000.0,36,735000.0,167.0,1,Not Hispanic or Latino,White,Male,25-34,69.672,Loan originated
1,525000.0,38,695000.0,145.0,1,Not Hispanic or Latino,Asian,Female,25-34,75.0,Loan originated
1,165000.0,49,315000.0,58.0,1,Not Hispanic or Latino,White,Female,65-74,102.871,Loan originated
1,1025000.0,<20%,1375000.0,1403.0,1,Not Hispanic or Latino,White,Female,45-54,75.0,Application denied
1,335000.0,46,345000.0,72.0,1,Hispanic or Latino,White,Female,25-34,97.0,Loan originated
1,735000.0,50%-60%,1475000.0,167.0,1,Not Hispanic or Latino,White,Male,35-44,49.83,Application denied
1,1125000.0,47,1415000.0,273.0,1,Not Hispanic or Latino,Asian,Male,35-44,80.0,Loan originated
1,735000.0,49,815000.0,151.0,1,Not Hispanic or Latino,Asian,Male,25-34,90.0,Loan originated
1,765000.0,49,835000.0,192.0,1,Hispanic or Latino,White,Female,45-54,91.231,Loan originated
1,355000.0,30%-<36%,635000.0,129.0,1,Not Hispanic or Latino,White,Male,25-34,56.35,Loan originated
1,205000.0,47,715000.0,68.0,1,Not Hispanic or Latino,White,Female,35-44,28.169,Loan originated
1,365000.0,49,405000.0,79.0,1,Hispanic or Latino,White,Male,35-44,90.0,Loan originated
1,715000.0,45,1025000.0,157.0,1,Not Hispanic or Latino,White,Male,65-74,70.0,Loan originated
1,1055000.0,37,1355000.0,314.0,1,Hispanic or Latino,White,Female,25-34,77.86,Loan originated
1,515000.0,20%-<30%,735000.0,219.0,1,Not Hispanic or Latino,White,Male,25-34,70.0,Loan originated
1,625000.0,30%-<36%,775000.0,214.0,1,Not Hispanic or Latino,Asian,Male,25-34,80.0,Loan originated
1,435000.0,39,685000.0,239.0,1,Not Hispanic or Latino,White,Male,45-54,64.0,Loan originated
1,735000.0,47,935000.0,178.0,1,Hispanic or Latino,Black or African American,Male,45-54,78.075,Application denied
1,805000.0,38,1005000.0,247.0,1,Not Hispanic or Latino,White,Female,35-44,80.0,Loan originated
1,865000.0,30%-<36%,1075000.0,284.0,1,Not Hispanic or Latino,Asian,Male,35-44,80.0,Loan originated
1,885000.0,41,1105000.0,492.0,1,Not Hispanic or Latino,Asian,Female,35-44,80.0,Loan originated
1,695000.0,48,875000.0,137.0,1,Not Hispanic or Latino,Asian,Female,35-44,80.0,Loan originated
1,495000.0,30%-<36%,495000.0,170.0,1,Hispanic or Latino,White,Male,35-44,99.82,Loan originated
1,445000.0,37,475000.0,173.0,1,Not Hispanic or Latino,Black or African American,Female,55-64,93.508,Loan originated
