loan_purpose,loan_amount,debt_to_income_ratio,property_value,income,occupancy_type,derived_ethnicity,derived_race,derived_sex,applicant_age,loan_to_value_ratio,action_taken
1,555000.0,49,725000.0,124.0,1,Not Hispanic or Latino,White,Male,35-44,96.528,Loan originated
1,675000.0,49,715000.0,146.0,1,Hispanic or Latino,White,Female,65-74,94.568,Loan originated
1,325000.0,41,845000.0,97.0,1,Not Hispanic or Latino,White,Female,55-64,37.857,Loan originated
1,735000.0,48,775000.0,151.0,1,Hispanic or Latino,White,Male,45-54,95.0,Loan originated
1,485000.0,41,605000.0,137.0,1,Not Hispanic or Latino,White,Female,45-54,80.0,Loan originated
1,375000.0,39,625000.0,157.0,1,Not Hispanic or Latino,White,Female,55-64,60.0,Loan originated
1,555000.0,30%-<36%,685000.0,166.0,1,Not Hispanic or Latino,Asian,Male,55-64,80.0,Loan originated
1,695000.0,41,725000.0,180.0,1,Hispanic or Latino,White,Male,25-34,97.0,Loan originated
1,625000.0,<20%,785000.0,603.0,1,Not Hispanic or Latino,Asian,Female,25-34,80.0,Loan originated
1,435000.0,30%-<36%,545000.0,123.0,1,Not Hispanic or Latino,White,Female,35-44,80.0,Loan originated
1,365000.0,49,455000.0,87.0,1,Not Hispanic or Latino,Asian,Female,35-44,80.0,Loan originated
1,505000.0,<20%,745000.0,3730.0,1,Not Hispanic or Latino,Black or African American,Female,65-74,67.11,Loan originated
1,485000.0,20%-<30%,965000.0,191.0,1,Not Hispanic or Latino,Asian,Male,55-64,50.0,Loan originated
1,725000.0,47,765000.0,186.0,1,Not Hispanic or Latino,White,Female,55-64,95.0,Loan originated
1,695000.0,38,725000.0,317.0,1,Not Hispanic or Latino,Asian,Female,25-34,96.5,Loan originated
1,215000.0,50%-60%,225000.0,93.0,1,Hispanic or Latino,White,Female,35-44,95.0,Application denied
1,755000.0,<20%,1545000.0,2652.0,1,Not Hispanic or Latino,White,Female,45-54,48.544,Loan originated
1,495000.0,48,625000.0,114.0,1,Not Hispanic or Latino,White,Male,35-44,100.0,Loan originated
1,125000.0,20%-<30%,445000.0,120.0,1,Not Hispanic or Latino,White,Female,25-34,96.629,Loan originated
1,405000.0,48,505000.0,99.0,1,Not Hispanic or Latino,Asian,Male,35-44,80.0,Loan originated
1,255000.0,30%-<36%,265000.0,79.0,1,Hispanic or Latino,White,Male,45-54,95.0,Loan originated
1,385000.0,49,555000.0,85.0,1,Not Hispanic or Latino,White,Female,25-34,70.0,Loan originated
1,255000.0,49,305000.0,59.0,1,Not Hispanic or Latino,Black or African American,Female,65-74,84.0,Loan originated
1,465000.0,<20%,615000.0,1138.0,1,Not Hispanic or Latino,Asian,Male,<25,75.0,Loan originated
1,495000.0,46,695000.0,124.0,1,Hispanic or Latino,White,Male,45-54,71.014,Loan originated
1,605000.0,45,755000.0,168.0,1,Not Hispanic or Latino,Asian,Male,45-54,80.0,Loan originated
1,775000.0,49,1035000.0,150.0,1,Not Hispanic or Latino,Asian,Male,55-64,75.0,Loan originated
1,755000.0,<20%,1195000.0,893.0,1,Hispanic or Latino,White,Male,35-44,62.762,Loan originated
1,335000.0,46,395000.0,99.0,1,Not Hispanic or Latino,White,Female,65-74,84.615,Loan originated
1,665000.0,39,735000.0,174.0,1,Hispanic or Latino,White,Male,45-54,89.999,Loan originated
1,355000.0,49,935000.0,148.0,1,Not Hispanic or Latino,White,Female,25-34,37.634,Loan originated
1,655000.0,39,695000.0,257.0,1,Not Hispanic or Latino,White,Male,45-54,95.0,Loan originated
1,765000.0,49,1265000.0,204.0,1,Not Hispanic or Latino,Asian,Male,25-34,60.318,Loan originated
1,395000.0,20%-<30%,645000.0,196.0,1,Not Hispanic or Latino,White,Female,45-54,61.516,Loan originated
1,445000.0,44,465000.0,116.0,1,Hispanic or Latino,White,Female,45-54,95.0,Loan originated
1,265000.0,30%-<36%,265000.0,90.0,1,Not Hispanic or Latino,White,Male,35-44,97.0,Loan originated
1,45000.0,30%-<36%,95000.0,73.0,1,Hispanic or Latino,White,Male,25-34,47.37,Loan originated
1,655000.0,44,955000.0,175.0,1,Not Hispanic or Latino,White,Female,45-54,68.42,Loan originated
1,585000.0,44,655000.0,129.0,1,Not Hispanic or Latino,Asian,Female,25-34,89.9,Loan originated
1,625000.0,49,675000.0,115.0,1,Not Hispanic or Latino,White,Female,25-34,92.593,Loan originated
1,585000.0,49,735000.0,117.0,1,Not Hispanic or Latino,Asian,Female,25-34,80.0,Loan originated
1,575000.0,47,695000.0,156.0,1,Not Hispanic or Latino,White,Male,<25,83.809,Loan originated
1,445000.0,43,465000.0,122.0,1,Hispanic or Latino,White,Male,25-34,95.0,Loan originated
1,665000.0,49,695000.0,307.0,1,Hispanic or Latino,White,Male,35-44,95.0,Loan originated
1,155000.0,44,215000.0,50.0,1,Not Hispanic or Latino,White,Male,<25,75.0,Loan originated
1,1015000.0,48,1285000.0,492.0,1,Not Hispanic or Latino,White,Male,25-34,80.0,Loan originated
1,585000.0,49,745000.0,130.0,1,Not Hispanic or Latino,Asian,Male,25-34,98.92,Loan originated
1,385000.0,47,515000.0,107.0,1,Not Hispanic or Latino,White,Female,45-54,73.79,Loan originated
1,755000.0,49,895000.0,214.0,1,Not Hispanic or Latino,Black or African American,Female,35-44,85.0,Loan originated
1,735000.0,43,1145000.0,177.0,1,Not Hispanic or Latino,White,Male,25-34,64.386,Loan originated
1,45000.0,45,65000.0,39.0,1,Not Hispanic or Latino,White,Male,>74,77.42,Application denied
1,745000.0,47,935000.0,190.0,1,Not Hispanic or Latino,Asian,Male,35-44,80.0,Loan originated
1,305000.0,42,355000.0,136.0,1,Not Hispanic or Latino,White,Female,55-64,85.57,Application denied
1,175000.0,<20%,195000.0,134.0,1,Not Hispanic or Latino,White,Female,35-44,89.474,Loan originated
1,325000.0,30%-<36%,445000.0,135.0,1,Not Hispanic or Latino,Asian,Female,45-54,103.0,Loan originated
1,375000.0,49,395000.0,92.0,1,Hispanic or Latino,Asian,Female,25-34,96.256,Loan originated
1,825000.0,44,1615000.0,231.0,1,Not Hispanic or Latino,White,Male,35-44,51.04,Loan originated
1,605000.0,47,1105000.0,132.0,1,Not Hispanic or Latino,Asian,Female,25-34,55.0,Loan originated
1,465000.0,30%-<36%,575000.0,143.0,1,Not Hispanic or Latino,White,Male,25-34,80.0,Loan originated
1,415000.0,44,575000.0,108.0,1,Not Hispanic or Latino,Asian,Male,25-34,71.93,Loan originated
1,105000.0,30%-<36%,245000.0,96.0,1,Not Hispanic or Latino,White,Male,35-44,40.6,Loan originated
1,375000.0,41,465000.0,108.0,1,Not Hispanic or Latino,Black or African American,Female,35-44,100.0,Loan originated
1,305000.0,38,795000.0,142.0,1,Not Hispanic or Latino,White,Female,55-64,37.547,Loan originated
1,505000.0,>60%,975000.0,51.0,1,Not Hispanic or Latino,Asian,Male,35-44,51.11,Application denied
1,485000.0,48,535000.0,98.0,1,Not Hispanic or Latino,White,Female,25-34,91.51,Loan originated
1,515000.0,45,645000.0,163.0,1,Not Hispanic or Latino,White,Female,25-34,80.0,Loan originated
1,885000.0,30%-<36%,985000.0,307.0,1,Not Hispanic or Latino,Asian,Male,25-34,89.99,Loan originated
1,955000.0,48,1585000.0,205.0,1,Not Hispanic or Latino,Asian,Male,25-34,60.0,Loan originated
1,355000.0,20%-<30%,715000.0,172.0,1,Not Hispanic or Latino,Asian,Female,35-44,50.0,Loan originated
1,645000.0,20%-<30%,805000.0,308.0,1,Not Hispanic or Latino,Asian,Female,45-54,80.0,Loan originated
1,325000.0,47,415000.0,72.0,1,Not Hispanic or Latino,White,Female,25-34,80.0,Loan originated
1,285000.0,44,305000.0,82.0,1,Hispanic or Latino,White,Male,55-64,98.0,Loan originated
1,595000.0,49,645000.0,108.0,1,Not Hispanic or Latino,Black or African American,Female,25-34,92.0,Loan originated
1,385000.0,46,475000.0,83.0,1,Not Hispanic or Latino,White,Male,25-34,80.0,Loan originated
1,715000.0,42,845000.0,225.0,1,Not Hispanic or Latino,White,Female,35-44,85.0,Loan originated
1,325000.0,49,925000.0,82.0,1,Not Hispanic or Latino,Asian,Male,25-34,35.33,Loan originated
1,675000.0,36,1405000.0,219.0,1,Not Hispanic or Latino,White,Male,55-64,49.0,Loan originated
1,485000.0,20%-<30%,495000.0,204.0,1,Not Hispanic or Latino,White,Male,35-44,97.0,Loan originated
1,575000.0,43,635000.0,146.0,1,Hispanic or Latino,White,Female,45-54,90.0,Loan originated
1,775000.0,20%-<30%,1105000.0,442.0,1,Not Hispanic or Latino,White,Male,65-74,70.0,Loan originated
1,1145000.0,49,1305000.0,335.0,1,Not Hispanic or Latino,Asian,Female,25-34,88.385,Loan originated
1,475000.0,>60%,485000.0,30.0,1,Not Hispanic or Latino,White,Male,25-34,97.0,Application denied
1,205000.0,44,275000.0,98.0,1,Not Hispanic or Latino,White,Female,45-54,75.0,Loan originated
1,805000.0,42,1055000.0,193.0,1,Not Hispanic or Latino,Asian,Male,25-34,76.19,Loan originated
1,625000.0,38,775000.0,151.0,1,Not Hispanic or Latino,White,Female,25-34,80.0,Loan originated
1,505000.0,48,625000.0,115.0,1,Not Hispanic or Latino,White,Female,25-34,80.0,Loan originated
1,425000.0,47,655000.0,7.0,1,Not Hispanic or Latino,Asian,Male,<25,64.62,Loan originated
1,665000.0,20%-<30%,825000.0,264.0,1,Not Hispanic or Latino,Asian,Male,55-64,80.0,Loan originated
1,205000.0,46,335000.0,124.0,1,Not Hispanic or Latino,White,Female,55-64,60.0,Loan originated
1,995000.0,48,1245000.0,285.0,1,Not Hispanic or Latino,White,Male,55-64,80.0,Loan originated
1,975000.0,49,1775000.0,197.0,1,Not Hispanic or Latino,Asian,Male,35-44,54.86,Loan originated
1,135000.0,<20%,765000.0,242.0,1,Hispanic or Latino,White,Male,45-54,17.572,Loan originated
1,195000.0,49,335000.0,42.0,1,Hispanic or Latino,White,Female,25-34,57.58,Loan originated
1,485000.0,45,505000.0,136.0,1,Not Hispanic or Latino,Black or African American,Female,45-54,100.0,Loan originated
1,585000.0,30%-<36%,615000.0,195.0,1,Not Hispanic or Latino,Asian,Female,35-44,95.0,Loan originated
1,705000.0,37,745000.0,202.0,1,Not Hispanic or Latino,Asian,Female,25-34,95.0,Loan originated
1,695000.0,20%-<30%,635000.0,216.0,1,Not Hispanic or Latino,American Indian or Alaska Native,Male,<25,108.661,Application denied
1,625000.0,47,695000.0,110.0,1,Hispanic or Latino,White,Female,25-34,89.855,Loan originated
1,285000.0,47,1085000.0,100.0,1,Not Hispanic or Latino,White,Female,55-64,26.267,Loan originated
1,455000.0,49,785000.0,92.0,1,Not Hispanic or Latino,White,Female,45-54,57.54,Loan originated
1,325000.0,20%-<30%,1125000.0,158.0,1,Not Hispanic or Latino,White,Female,35-44,28.952,Loan originated
1,965000.0,38,1205000.0,384.0,1,Hispanic or Latino,White,Male,55-64,80.0,Loan originated
1,735000.0,20%-<30%,915000.0,321.0,1,Not Hispanic or Latino,Asian,Male,55-64,80.0,Loan originated
1,965000.0,<20%,1385000.0,2400.0,1,Not Hispanic or Latino,White,Male,45-54,70.0,Loan originated
1,825000.0,48,915000.0,165.0,1,Not Hispanic or Latino,Asian,Female,25-34,89.836,Loan originated
1,535000.0,36,895000.0,220.0,1,Hispanic or Latino,White,Male,35-44,60.0,Loan originated
1,645000.0,39,1295000.0,194.0,1,Not Hispanic or Latino,Asian,Male,35-44,49.612,Loan originated
1,635000.0,48,715000.0,164.0,1,Not Hispanic or Latino,Black or African American,Male,45-54,90.0,Loan originated
1,705000.0,49,745000.0,167.0,1,Hispanic or Latino,White,Female,35-44,95.0,Loan originated
1,335000.0,48,345000.0,90.0,1,Hispanic or Latino,White,Male,45-54,95.0,Loan originated
1,885000.0,30%-<36%,935000.0,242.0,1,Not Hispanic or Latino,White,Female,35-44,95.0,Loan originated
1,335000.0,30%-<36%,735000.0,101.0,1,Not Hispanic or Latino,Asian,Female,55-64,45.205,Loan originated
1,475000.0,30%-<36%,825000.0,227.0,1,Not Hispanic or Latino,White,Female,45-54,57.576,Loan originated
1,155000.0,46,215000.0,70.0,1,Hispanic or Latino,White,Male,35-44,74.952,Loan originated
1,645000.0,49,835000.0,130.0,1,Not Hispanic or Latino,White,Male,35-44,95.0,Loan originated
1,645000.0,36,805000.0,194.0,1,Not Hispanic or Latino,White,Male,55-64,80.0,Loan originated
1,325000.0,36,405000.0,87.0,1,Not Hispanic or Latino,White,Female,55-64,80.0,Loan originated
1,495000.0,50%-60%,515000.0,189.0,1,Not Hispanic or Latino,Black or African American,Female,25-34,94.99,Application denied
1,505000.0,30%-<36%,1045000.0,265.0,1,Not Hispanic or Latino,Asian,Female,35-44,48.78,Loan originated
1,205000.0,47,255000.0,47.0,1,Hispanic or Latino,White,Male,35-44,80.0,Loan originated
1,675000.0,49,1155000.0,232.0,1,Not Hispanic or Latino,White,Female,55-64,58.26,Application denied
1,535000.0,<20%,685000.0,360.0,1,Not Hispanic or Latino,Asian,Female,25-34,77.941,Loan originated
1,725000.0,46,915000.0,153.0,1,Not Hispanic or Latino,Asian,Male,45-54,80.0,Loan originated
1,795000.0,37,985000.0,217.0,1,Not Hispanic or Latino,White,Male,25-34,80.0,Loan originated
1,605000.0,48,715000.0,152.0,1,Hispanic or Latino,White,Male,35-44,85.0,Loan originated
1,385000.0,30%-<36%,455000.0,189.0,1,Hispanic or Latino,White,Male,35-44,85.0,Loan originated
1,765000.0,30%-<36%,805000.0,270.0,1,Not Hispanic or Latino,Asian,Male,35-44,95.0,Loan originated
1,305000.0,41,715000.0,104.0,1,Not Hispanic or Latino,Asian,Female,25-34,43.52,Loan originated
1,545000.0,30%-<36%,615000.0,222.0,1,Not Hispanic or Latino,White,Female,35-44,89.984,Loan originated
1,325000.0,47,605000.0,96.0,1,Hispanic or Latino,White,Male,55-64,53.048,Loan originated
1,355000.0,45,565000.0,90.0,1,Not Hispanic or Latino,White,Male,25-34,61.959,Loan originated
1,375000.0,48,495000.0,87.0,1,Not Hispanic or Latino,Asian,Female,35-44,75.0,Loan originated
1,1005000.0,38,1455000.0,250.0,1,Not Hispanic or Latino,Asian,Female,45-54,68.966,Loan originated
1,325000.0,36,735000.0,105.0,1,Not Hispanic or Latino,Asian,Male,25-34,89.02,Loan originated
1,655000.0,49,815000.0,163.0,1,Not Hispanic or Latino,White,Female,>74,80.0,Loan originated
1,275000.0,49,335000.0,121.0,1,Not Hispanic or Latino,White,Male,45-54,84.0,Loan originated
1,465000.0,38,675000.0,147.0,1,Not Hispanic or Latino,Asian,Female,45-54,70.0,Loan originated
1,455000.0,37,565000.0,155.0,1,Not Hispanic or Latino,Asian,Male,45-54,80.0,Loan originated
1,555000.0,49,575000.0,136.0,1,Hispanic or Latino,White,Female,35-44,100.0,Loan originated
1,275000.0,48,915000.0,89.0,1,Not Hispanic or Latino,Asian,Female,55-64,29.97,Loan originated
1,585000.0,43,695000.0,139.0,1,Not Hispanic or Latino,Asian,Male,25-34,85.0,Loan originated
1,105000.0,20%-<30%,125000.0,63.0,1,Hispanic or Latino,White,Male,25-34,80.0,Loan originated
1,395000.0,47,415000.0,80.0,1,Hispanic or Latino,White,Male,35-44,95.0,Loan originated
1,235000.0,30%-<36%,295000.0,85.0,1,Not Hispanic or Latino,Asian,Male,25-34,80.0,Loan originated
1,505000.0,<20%,635000.0,401.0,1,Hispanic or Latino,White,Male,45-54,80.0,Loan originated
1,335000.0,45,475000.0,77.0,1,Hispanic or Latino,White,Male,25-34,72.0,Loan originated
1,635000.0,48,675000.0,215.0,1,Not Hispanic or Latino,Black or African American,Male,25-34,95.0,Loan originated
1,55000.0,42,65000.0,38.0,1,Not Hispanic or Latino,White,Female,65-74,82.49,Loan originated
1,325000.0,46,535000.0,80.0,1,Not Hispanic or Latino,Asian,Male,25-34,60.0,Loan originated
1,305000.0,37,785000.0,112.0,1,Hispanic or Latino,White,Female,55-64,38.981,Loan originated
1,625000.0,47,785000.0,204.0,1,Not Hispanic or Latino,Asian,Male,35-44,80.0,Loan originated
1,245000.0,30%-<36%,315000.0,184.0,1,Not Hispanic or Latino,Asian,Female,65-74,80.0,Loan originated
1,455000.0,41,565000.0,236.0,1,Not Hispanic or Latino,Asian,Male,45-54,80.0,Loan originated
1,275000.0,<20%,555000.0,560.0,1,Hispanic or Latino,White,Female,65-74,50.0,Loan originated
1,1005000.0,47,1225000.0,254.0,1,Not Hispanic or Latino,Asian,Male,35-44,81.92,Loan originated
1,685000.0,30%-<36%,865000.0,211.0,1,Not Hispanic or Latino,Asian,Female,25-34,80.0,Loan originated
1,255000.0,48,275000.0,75.0,1,Hispanic or Latino,White,Male,45-54,94.0,Loan originated
1,565000.0,36,625000.0,180.0,1,Not Hispanic or Latino,Asian,Female,25-34,90.0,Loan originated
1,605000.0,47,755000.0,131.0,1,Not Hispanic or Latino,Asian,Male,35-44,80.0,Loan originated
1,565000.0,20%-<30%,705000.0,405.0,1,Not Hispanic or Latino,Asian,Male,25-34,80.0,Loan originated
1,195000.0,20%-<30%,215000.0,106.0,1,Hispanic or Latino,White,Female,45-54,95.0,Loan originated
1,815000.0,39,1015000.0,246.0,1,Not Hispanic or Latino,Asian,Male,25-34,80.0,Loan originated
1,365000.0,20%-<30%,1275000.0,250.0,1,Not Hispanic or Latino,White,Male,45-54,28.74,Loan originated
1,455000.0,46,565000.0,120.0,1,Not Hispanic or Latino,White,Female,25-34,80.0,Loan originated
1,685000.0,40,865000.0,163.0,1,Not Hispanic or Latino,Black or African American,Female,35-44,80.0,Loan originated
1,605000.0,>60%,805000.0,118.0,1,Not Hispanic or Latino,White,Female,35-44,75.0,Application denied
1,565000.0,30%-<36%,715000.0,133.0,1,Not Hispanic or Latino,Asian,Male,35-44,79.01,Loan originated
1,1145000.0,39,3905000.0,366.0,1,Not Hispanic or Latino,Asian,Male,55-64,29.48,Loan originated
1,525000.0,37,905000.0,160.0,1,Not Hispanic or Latino,White,Female,55-64,58.196,Loan originated
1,245000.0,46,755000.0,134.0,1,Not Hispanic or Latino,White,Male,35-44,32.58,Loan originated
1,425000.0,42,475000.0,181.0,1,Hispanic or Latino,White,Male,<25,90.0,Loan originated
1,755000.0,38,945000.0,249.0,1,Not Hispanic or Latino,Asian,Female,25-34,80.0,Loan originated
1,285000.0,42,325000.0,68.0,1,Not Hispanic or Latino,Asian,Male,25-34,90.0,Loan originated
1,615000.0,30%-<36%,765000.0,367.0,1,Not Hispanic or Latino,White,Male,35-44,80.0,Loan originated
1,885000.0,41,1195000.0,241.0,1,Not Hispanic or Latino,Asian,Male,25-34,74.3,Loan originated
1,625000.0,30%-<36%,635000.0,245.0,1,Hispanic or Latino,White,Female,35-44,97.0,Loan originated
1,325000.0,46,345000.0,83.0,1,Hispanic or Latino,White,Male,45-54,95.0,Loan originated
1,435000.0,30%-<36%,585000.0,196.0,1,Not Hispanic or Latino,Asian,Male,55-64,75.0,Loan originated
1,495000.0,47,615000.0,131.0,1,Hispanic or Latino,Native Hawaiian or Other Pacific Islander,Female,35-44,80.0,Loan originated
1,335000.0,48,805000.0,74.0,1,Hispanic or Latino,White,Female,>74,41.25,Loan originated
1,545000.0,47,685000.0,242.0,1,Hispanic or Latino,Asian,Male,35-44,80.0,Loan originated
1,475000.0,49,495000.0,152.0,1,Hispanic or Latino,White,Male,45-54,95.0,Application denied
1,355000.0,44,455000.0,93.0,1,Not Hispanic or Latino,Asian,Male,25-34,79.99,Loan originated
1,765000.0,20%-<30%,1615000.0,324.0,1,Not Hispanic or Latino,White,Female,65-74,47.313,Loan originated
1,485000.0,47,605000.0,103.0,1,Hispanic or Latino,White,Male,25-34,80.0,Loan originated
1,445000.0,20%-<30%,1015000.0,195.0,1,Not Hispanic or Latino,White,Female,55-64,43.35,Loan originated
1,695000.0,46,865000.0,171.0,1,Not Hispanic or Latino,White,Male,25-34,80.0,Loan originated
1,95000.0,41,155000.0,44.0,1,Not Hispanic or Latino,White,Male,25-34,62.0,Application denied
1,375000.0,46,505000.0,83.0,1,Hispanic or Latino,White,Female,35-44,74.0,Loan originated
1,435000.0,41,475000.0,107.0,1,Not Hispanic or Latino,White,Female,25-34,90.526,Loan originated
1,365000.0,20%-<30%,555000.0,175.0,1,Not Hispanic or Latino,White,Female,35-44,65.0,Loan originated
1,485000.0,49,515000.0,187.0,1,Not Hispanic or Latino,White,Male,35-44,95.0,Loan originated
1,245000.0,30%-<36%,845000.0,99.0,1,Not Hispanic or Latino,White,Male,65-74,29.411,Loan originated
1,305000.0,49,335000.0,88.0,1,Hispanic or Latino,White,Female,45-54,90.0,Loan originated
1,625000.0,40,785000.0,221.0,1,Not Hispanic or Latino,White,Female,35-44,80.0,Loan originated
1,595000.0,49,625000.0,125.0,1,Not Hispanic or Latino,White,Male,45-54,95.0,Loan originated
1,475000.0,44,675000.0,260.0,1,Hispanic or Latino,White,Male,65-74,70.0,Loan originated
1,805000.0,46,2085000.0,202.0,1,Not Hispanic or Latino,Asian,Female,25-34,38.45,Loan originated
1,1075000.0,30%-<36%,1345000.0,419.0,1,Not Hispanic or Latino,Asian,Male,35-44,80.0,Loan originated
1,895000.0,20%-<30%,1125000.0,362.0,1,Not Hispanic or Latino,White,Male,45-54,80.0,Loan originated
1,455000.0,45,485000.0,108.0,1,Not Hispanic or Latino,Asian,Male,45-54,95.0,Loan originated
1,315000.0,44,425000.0,81.0,1,Not Hispanic or Latino,Asian,Female,25-34,95.0,Loan originated
1,405000.0,20%-<30%,705000.0,229.0,1,Not Hispanic or Latino,White,Male,45-54,57.447,Loan originated
1,525000.0,37,655000.0,138.0,1,Hispanic or Latino,White,Female,25-34,80.0,Loan originated
1,285000.0,49,445000.0,165.0,1,Not Hispanic or Latino,White,Female,55-64,63.0,Loan originated
1,305000.0,44,2055000.0,413.0,1,Not Hispanic or Latino,White,Male,55-64,14.634,Loan originated
1,525000.0,46,705000.0,122.0,1,Not Hispanic or Latino,Asian,Male,45-54,75.0,Loan originated
1,515000.0,47,555000.0,117.0,1,Not Hispanic or Latino,Black or African American,Female,35-44,92.69,Application denied
1,695000.0,30%-<36%,775000.0,222.0,1,Not Hispanic or Latino,Asian,Female,45-54,90.0,Loan originated
1,345000.0,49,675000.0,72.0,1,Not Hispanic or Latino,White,Female,35-44,51.111,Loan originated
1,245000.0,48,375000.0,66.0,1,Not Hispanic or Latino,White,Female,55-64,66.556451612904,Loan originated
1,485000.0,48,925000.0,119.0,1,Not Hispanic or Latino,White,Male,35-44,52.476,Loan originated
1,965000.0,30%-<36%,1205000.0,319.0,1,Not Hispanic or Latino,Asian,Male,25-34,79.97,Loan originated
1,95000.0,30%-<36%,225000.0,37.0,1,Not Hispanic or Latino,White,Male,65-74,44.0,Loan originated
1,465000.0,41,775000.0,337.0,1,Not Hispanic or Latino,White,Male,45-54,60.0,Loan originated
1,435000.0,49,465000.0,87.0,1,Hispanic or Latino,White,Male,45-54,94.89,Loan originated
1,675000.0,30%-<36%,755000.0,180.0,1,Not Hispanic or Latino,White,Male,35-44,90.0,Loan originated
1,635000.0,39,795000.0,177.0,1,Not Hispanic or Latino,Asian,Male,25-34,80.0,Loan originated
1,615000.0,45,655000.0,126.0,1,Hispanic or Latino,White,Male,<25,95.0,Loan originated
1,235000.0,48,365000.0,59.0,1,Not Hispanic or Latino,White,Male,<25,64.0,Loan originated
1,765000.0,47,905000.0,232.0,1,Hispanic or Latino,White,Female,45-54,85.167,Loan originated
1,1005000.0,48,1255000.0,264.0,1,Not Hispanic or Latino,Asian,Female,35-44,80.0,Loan originated
1,285000.0,45,375000.0,77.0,1,Hispanic or Latino,White,Male,25-34,75.0,Application denied
1,215000.0,49,465000.0,68.0,1,Hispanic or Latino,White,Female,65-74,46.69,Loan originated
1,235000.0,38,255000.0,118.0,1,Not Hispanic or Latino,White,Female,45-54,90.54,Loan originated
1,335000.0,40,375000.0,81.0,1,Hispanic or Latino,White,Female,25-34,90.0,Loan originated
1,475000.0,48,595000.0,274.0,1,Not Hispanic or Latino,Asian,Male,65-74,80.0,Loan originated
1,1085000.0,48,1355000.0,297.0,1,Not Hispanic or Latino,White,Female,55-64,80.0,Loan originated
1,645000.0,20%-<30%,1095000.0,364.0,1,Not Hispanic or Latino,White,Male,25-34,60.0,Loan originated
1,345000.0,48,425000.0,88.0,1,Not Hispanic or Latino,White,Female,45-54,80.0,Loan originated
1,265000.0,47,275000.0,61.0,1,Hispanic or Latino,White,Male,35-44,97.0,Loan originated
1,245000.0,47,305000.0,50.0,1,Not Hispanic or Latino,White,Male,35-44,80.0,Loan originated
1,765000.0,38,985000.0,357.0,1,Not Hispanic or Latino,Black or African American,Male,55-64,78.214,Loan originated
1,925000.0,45,1155000.0,16.0,1,Not Hispanic or Latino,Asian,Male,25-34,80.0,Loan originated
1,275000.0,36,625000.0,115.0,1,Not Hispanic or Latino,Asian,Female,25-34,44.0,Loan originated
1,755000.0,44,1055000.0,200.0,1,Not Hispanic or Latino,Asian,Male,55-64,71.467,Loan originated
1,505000.0,30%-<36%,625000.0,200.0,1,Hispanic or Latino,Asian,Male,45-54,80.0,Loan originated
1,925000.0,50%-60%,1325000.0,168.0,1,Not Hispanic or Latino,Asian,Male,35-44,69.811,Loan originated
1,595000.0,45,635000.0,146.0,1,Not Hispanic or Latino,White,Female,35-44,95.0,Loan originated
1,825000.0,38,1025000.0,214.0,1,Not Hispanic or Latino,White,Female,45-54,80.0,Loan originated
1,665000.0,39,735000.0,182.0,1,Not Hispanic or Latino,Black or African American,Male,55-64,89.99,Loan originated
1,765000.0,48,955000.0,190.0,1,Not Hispanic or Latino,White,Male,35-44,80.0,Loan originated
1,335000.0,48,375000.0,114.0,1,Hispanic or Latino,White,Male,35-44,90.0,Loan originated
1,525000.0,46,555000.0,151.0,1,Hispanic or Latino,White,Female,35-44,95.0,Loan originated
1,555000.0,46,695000.0,267.0,1,Not Hispanic or Latino,Asian,Female,45-54,80.0,Loan originated
1,355000.0,45,485000.0,88.0,1,Hispanic or Latino,White,Male,35-44,99.0,Loan originated
1,555000.0,43,755000.0,137.0,1,Not Hispanic or Latino,White,Male,<25,73.333,Loan originated
1,1095000.0,>60%,1365000.0,222.0,1,Not Hispanic or Latino,Asian,Male,45-54,80.0,Application denied
1,445000.0,44,625000.0,96.0,1,Not Hispanic or Latino,White,Male,>74,71.82,Loan originated
1,185000.0,46,255000.0,47.0,1,Not Hispanic or Latino,Asian,Female,35-44,75.0,Loan originated
1,705000.0,37,1055000.0,186.0,1,Not Hispanic or Latino,Asian,Female,35-44,66.94,Loan originated
1,525000.0,38,655000.0,140.0,1,Hispanic or Latino,White,Male,35-44,80.0,Loan originated
1,405000.0,44,455000.0,125.0,1,Hispanic or Latino,Asian,Male,25-34,89.99,Loan originated
1,345000.0,>60%,425000.0,50.0,1,Not Hispanic or Latino,White,Male,45-54,80.0,Application denied
1,1065000.0,43,1325000.0,287.0,1,Not Hispanic or Latino,Asian,Male,35-44,80.0,Loan originated
1,385000.0,40,475000.0,122.0,1,Not Hispanic or Latino,Asian,Male,25-34,80.0,Loan originated
1,305000.0,41,385000.0,106.0,1,Not Hispanic or Latino,Asian,Female,35-44,80.0,Loan originated
1,225000.0,45,515000.0,65.0,1,Hispanic or Latino,Asian,Male,35-44,44.118,Loan originated
1,815000.0,49,1085000.0,220.0,1,Not Hispanic or Latino,Asian,Male,35-44,75.0,Loan originated
1,765000.0,20%-<30%,1255000.0,271.0,1,Hispanic or Latino,White,Male,35-44,62.0,Loan originated
1,635000.0,30%-<36%,635000.0,220.0,1,Not Hispanic or Latino,White,Male,55-64,70.0,Loan originated
1,405000.0,44,425000.0,101.0,1,Hispanic or Latino,White,Male,45-54,95.0,Loan originated
1,415000.0,36,425000.0,162.0,1,Not Hispanic or Latino,Asian,Male,25-34,97.0,Loan originated
1,445000.0,42,495000.0,134.0,1,Hispanic or Latino,White,Male,25-34,90.0,Loan originated
1,1135000.0,47,1425000.0,261.0,1,Not Hispanic or Latino,White,Male,35-44,80.0,Loan originated
1,585000.0,46,735000.0,128.0,1,Hispanic or Latino,White,Male,45-54,80.0,Loan originated
1,685000.0,45,765000.0,171.0,1,Hispanic or Latino,White,Female,25-34,89.99,Loan originated
1,325000.0,48,335000.0,67.0,1,Hispanic or Latino,White,Female,25-34,97.0,Loan originated
1,405000.0,49,625000.0,91.0,1,Not Hispanic or Latino,White,Male,35-44,65.0,Loan originated
1,325000.0,49,335000.0,65.0,1,Not Hispanic or Latino,White,Female,25-34,97.0,Loan originated
1,645000.0,45,725000.0,168.0,1,Not Hispanic or Latino,White,Female,65-74,90.0,Loan originated
1,105000.0,20%-<30%,365000.0,86.0,1,Not Hispanic or Latino,White,Male,>74,27.101,Loan originated
1,475000.0,36,505000.0,159.0,1,Hispanic or Latino,Asian,Male,25-34,95.0,Loan originated
1,185000.0,42,345000.0,58.0,1,Hispanic or Latino,White,Female,35-44,51.799,Application denied
1,205000.0,<20%,635000.0,141.0,1,Not Hispanic or Latino,Asian,Male,25-34,31.3,Loan originated
1,625000.0,20%-<30%,655000.0,224.0,1,Not Hispanic or Latino,Asian,Male,25-34,95.0,Loan originated
1,275000.0,<20%,1065000.0,228.0,1,Not Hispanic or Latino,White,Female,55-64,25.472,Loan originated
1,185000.0,38,205000.0,82.0,1,Not Hispanic or Latino,Asian,Male,35-44,93.0,Loan originated
1,1065000.0,44,2265000.0,250.0,1,Not Hispanic or Latino,Asian,Male,25-34,46.903,Loan originated
1,615000.0,38,775000.0,556.0,1,Hispanic or Latino,White,Male,<25,80.0,Loan originated
1,345000.0,20%-<30%,435000.0,117.0,1,Not Hispanic or Latino,Asian,Male,25-34,80.0,Loan originated
1,205000.0,<20%,565000.0,150.0,1,Not Hispanic or Latino,White,Female,35-44,35.714,Loan originated
1,695000.0,39,895000.0,188.0,1,Not Hispanic or Latino,Asian,Female,35-44,77.73,Loan originated
1,925000.0,46,1035000.0,291.0,1,Hispanic or Latino,White,Male,25-34,90.0,Loan originated
1,605000.0,40,755000.0,214.0,1,Not Hispanic or Latino,Asian,Female,55-64,80.0,Loan originated
1,485000.0,45,705000.0,112.0,1,Not Hispanic or Latino,White,Male,45-54,68.571,Loan originated
1,285000.0,44,445000.0,75.0,1,Not Hispanic or Latino,Asian,Female,25-34,62.921,Loan originated
1,525000.0,50%-60%,705000.0,168.0,1,Hispanic or Latino,White,Male,45-54,75.0,Loan originated
1,965000.0,47,1395000.0,264.0,1,Not Hispanic or Latino,Asian,Male,55-64,70.0,Loan originated
1,925000.0,41,1155000.0,466.0,1,Not Hispanic or Latino,White,Male,25-34,80.0,Loan originated
1,845000.0,30%-<36%,895000.0,282.0,1,Not Hispanic or Latino,White,Male,25-34,95.0,Loan originated
1,1115000.0,30%-<36%,1665000.0,358.0,1,Not Hispanic or Latino,Asian,Male,25-34,67.03,Loan originated
1,495000.0,30%-<36%,615000.0,152.0,1,Not Hispanic or Latino,Asian,Male,25-34,80.0,Loan originated
1,765000.0,43,885000.0,174.0,1,Not Hispanic or Latino,Asian,Male,35-44,86.42,Loan originated
1,455000.0,48,485000.0,229.0,1,Not Hispanic or Latino,Asian,Male,55-64,95.0,Application denied
1,545000.0,47,575000.0,208.0,1,Not Hispanic or Latino,White,Female,25-34,95.0,Loan originated
1,745000.0,30%-<36%,935000.0,421.0,1,Not Hispanic or Latino,Asian,Male,25-34,80.0,Loan originated
1,325000.0,43,415000.0,132.0,1,Not Hispanic or Latino,Asian,Female,45-54,80.43,Loan originated
1,275000.0,50%-60%,285000.0,110.0,1,Hispanic or Latino,White,Male,55-64,96.37,Application denied
1,445000.0,44,635000.0,175.0,1,Not Hispanic or Latino,Asian,Female,55-64,70.0,Loan originated
1,765000.0,39,1225000.0,280.0,1,Hispanic or Latino,White,Male,25-34,62.571,Loan originated
1,565000.0,20%-<30%,705000.0,221.0,1,Not Hispanic or Latino,Asian,Male,25-34,79.99,Loan originated
1,715000.0,30%-<36%,895000.0,221.0,1,Not Hispanic or Latino,Black or African American,Female,35-44,79.98,Loan originated
1,445000.0,38,555000.0,177.0,1,Not Hispanic or Latino,White,Female,35-44,80.0,Loan originated
1,755000.0,42,835000.0,201.0,1,Not Hispanic or Latino,Asian,Female,25-34,89.99,Loan originated
1,415000.0,41,465000.0,99.0,1,Not Hispanic or Latino,White,Male,35-44,90.0,Loan originated
1,635000.0,30%-<36%,1185000.0,212.0,1,Not Hispanic or Latino,Asian,Male,25-34,56.09,Loan originated
1,825000.0,49,875000.0,221.0,1,Hispanic or Latino,White,Male,35-44,95.0,Loan originated
1,995000.0,48,1195000.0,213.0,1,Not Hispanic or Latino,Asian,Male,35-44,83.0,Loan originated
1,645000.0,44,675000.0,150.0,1,Hispanic or Latino,White,Male,45-54,95.0,Loan originated
1,565000.0,>60%,715000.0,122.0,1,Hispanic or Latino,White,Female,45-54,80.0,Application denied
1,405000.0,48,785000.0,113.0,1,Not Hispanic or Latino,Asian,Female,25-34,51.282,Loan originated
1,395000.0,43,395000.0,171.0,1,Not Hispanic or Latino,Asian,Female,65-74,100.0,Loan originated
1,935000.0,43,1005000.0,228.0,1,Not Hispanic or Latino,Asian,Male,35-44,93.5,Loan originated
1,465000.0,30%-<36%,585000.0,169.0,1,Not Hispanic or Latino,White,Male,35-44,80.0,Loan originated
1,265000.0,36,395000.0,81.0,1,Not Hispanic or Latino,White,Female,25-34,65.823,Loan originated
1,765000.0,49,865000.0,172.0,1,Not Hispanic or Latino,Asian,Male,25-34,88.134,Loan originated
1,195000.0,>60%,385000.0,41.0,1,Not Hispanic or Latino,White,Female,55-64,51.436,Loan originated
1,975000.0,45,1305000.0,233.0,1,Not Hispanic or Latino,Asian,Male,35-44,75.0,Loan originated
1,575000.0,43,725000.0,138.0,1,Not Hispanic or Latino,Asian,Male,35-44,80.0,Loan originated
1,515000.0,20%-<30%,735000.0,225.0,1,Hispanic or Latino,American Indian or Alaska Native,Male,25-34,70.0,Loan originated
1,395000.0,42,475000.0,96.0,1,Not Hispanic or Latino,Asian,Female,45-54,104.0,Loan originated
1,685000.0,45,855000.0,198.0,1,Hispanic or Latino,White,Female,55-64,80.0,Loan originated
1,585000.0,30%-<36%,965000.0,371.0,1,Not Hispanic or Latino,White,Female,55-64,60.499,Loan originated
1,715000.0,39,895000.0,176.0,1,Hispanic or Latino,White,Male,25-34,80.0,Loan originated
1,505000.0,30%-<36%,855000.0,178.0,1,Not Hispanic or Latino,Asian,Male,35-44,58.48,Loan originated
1,615000.0,49,825000.0,160.0,1,Not Hispanic or Latino,Asian,Female,35-44,75.0,Loan originated
1,515000.0,50%-60%,725000.0,116.0,1,Not Hispanic or Latino,White,Female,45-54,71.193,Application denied
1,525000.0,49,665000.0,134.0,1,Not Hispanic or Latino,Asian,Male,35-44,78.842,Loan originated
1,1105000.0,43,1505000.0,259.0,1,Not Hispanic or Latino,Asian,Male,35-44,73.34,Loan originated
1,265000.0,30%-<36%,485000.0,126.0,1,Not Hispanic or Latino,White,Female,55-64,54.375,Loan originated
1,305000.0,49,735000.0,93.0,1,Not Hispanic or Latino,White,Female,65-74,40.595,Loan originated
1,525000.0,45,555000.0,109.0,1,Not Hispanic or Latino,Black or African American,Female,45-54,95.0,Loan originated
1,645000.0,49,855000.0,227.0,1,Not Hispanic or Latino,White,Male,25-34,75.0,Loan originated
1,495000.0,40,705000.0,155.0,1,Not Hispanic or Latino,Asian,Male,35-44,70.0,Loan originated
1,835000.0,42,875000.0,279.0,1,Not Hispanic or Latino,White,Male,25-34,95.0,Loan originated
1,935000.0,30%-<36%,1175000.0,290.0,1,Not Hispanic or Latino,Asian,Female,45-54,79.75,Loan originated
1,395000.0,39,435000.0,99.0,1,Not Hispanic or Latino,Asian,Male,55-64,90.0,Loan originated
1,215000.0,30%-<36%,395000.0,62.0,1,Hispanic or Latino,American Indian or Alaska Native,Male,45-54,54.65,Loan originated
1,475000.0,48,485000.0,90.0,1,Hispanic or Latino,White,Male,25-34,97.0,Loan originated
1,515000.0,46,645000.0,120.0,1,Not Hispanic or Latino,Asian,Male,25-34,80.0,Loan originated
1,1005000.0,37,1355000.0,269.0,1,Not Hispanic or Latino,White,Female,35-44,74.444,Loan originated
1,535000.0,48,835000.0,222.0,1,Not Hispanic or Latino,White,Male,25-34,64.072,Loan originated
1,345000.0,30%-<36%,385000.0,139.0,1,Not Hispanic or Latino,White,Female,35-44,88.402,Loan originated
1,685000.0,47,765000.0,164.0,1,Not Hispanic or Latino,White,Male,25-34,90.18,Loan originated
1,185000.0,43,685000.0,73.0,1,Not Hispanic or Latino,Asian,Male,55-64,26.684,Loan originated
1,575000.0,20%-<30%,975000.0,203.0,1,Not Hispanic or Latino,White,Female,35-44,59.16,Loan originated
1,685000.0,30%-<36%,865000.0,240.0,1,Not Hispanic or Latino,White,Male,35-44,80.0,Loan originated
1,375000.0,43,655000.0,107.0,1,Not Hispanic or Latino,Asian,Female,35-44,57.829,Loan originated
1,1005000.0,48,1295000.0,276.0,1,Not Hispanic or Latino,White,Male,65-74,77.683,Loan originated
1,1095000.0,46,1235000.0,255.0,1,Not Hispanic or Latino,White,Male,35-44,89.0,Loan originated
1,515000.0,48,615000.0,105.0,1,Not Hispanic or Latino,Asian,Male,35-44,85.0,Loan originated
1,405000.0,37,1265000.0,149.0,1,Not Hispanic or Latino,White,Female,55-64,31.696,Loan originated
1,155000.0,50%-60%,185000.0,71.0,1,Not Hispanic or Latino,Black or African American,Female,35-44,85.93,Application denied
1,635000.0,37,795000.0,182.0,1,Not Hispanic or Latino,Asian,Female,35-44,80.0,Loan originated
1,515000.0,44,925000.0,11.0,1,Not Hispanic or Latino,Asian,Male,45-54,56.91,Loan originated
1,305000.0,40,375000.0,171.0,1,Not Hispanic or Latino,White,Female,25-34,80.0,Loan originated
1,195000.0,47,225000.0,49.0,1,Hispanic or Latino,White,Female,35-44,90.0,Loan originated
1,765000.0,47,1705000.0,164.0,1,Not Hispanic or Latino,Asian,Female,45-54,45.091,Loan originated
1,725000.0,48,1315000.0,169.0,1,Not Hispanic or Latino,White,Male,25-34,55.344,Loan originated
1,675000.0,47,1125000.0,165.0,1,Hispanic or Latino,White,Female,35-44,60.0,Loan originated
1,785000.0,48,825000.0,260.0,1,Not Hispanic or Latino,White,Male,25-34,94.99,Loan originated
1,365000.0,45,375000.0,94.0,1,Hispanic or Latino,White,Female,35-44,97.0,Loan originated
1,685000.0,43,855000.0,149.0,1,Not Hispanic or Latino,Asian,Male,25-34,80.0,Loan originated
1,745000.0,40,925000.0,464.0,1,Not Hispanic or Latino,Asian,Male,55-64,79.99,Loan originated
1,375000.0,43,385000.0,148.0,1,Not Hispanic or Latino,White,Male,35-44,102.91,Loan originated
1,485000.0,43,755000.0,118.0,1,Not Hispanic or Latino,Asian,Female,<25,64.039,Loan originated
1,725000.0,47,855000.0,164.0,1,Not Hispanic or Latino,White,Female,25-34,85.0,Loan originated
1,505000.0,45,535000.0,129.0,1,Not Hispanic or Latino,Black or African American,Male,25-34,94.897,Loan originated
1,275000.0,44,285000.0,79.0,1,Hispanic or Latino,White,Female,25-34,97.0,Loan originated
1,445000.0,45,905000.0,92.0,1,Hispanic or Latino,White,Female,25-34,49.0,Loan originated
1,325000.0,49,545000.0,79.0,1,Hispanic or Latino,White,Male,35-44,60.0,Loan originated
1,355000.0,37,475000.0,130.0,1,Not Hispanic or Latino,Asian,Male,<25,73.22,Loan originated
1,15000.0,20%-<30%,415000.0,177.0,1,Hispanic or Latino,White,Female,35-44,100.0,Loan originated
1,215000.0,44,225000.0,61.0,1,Not Hispanic or Latino,Asian,Female,35-44,98.0,Loan originated
1,295000.0,39,325000.0,92.0,1,Not Hispanic or Latino,Asian,Male,45-54,90.0,Loan originated
1,185000.0,47,395000.0,52.0,1,Hispanic or Latino,White,Female,65-74,47.436,Loan originated
1,1685000.0,44,2115000.0,373.0,1,Not Hispanic or Latino,White,Female,45-54,80.0,Loan originated
1,565000.0,30%-<36%,595000.0,290.0,1,Not Hispanic or Latino,White,Male,35-44,95.0,Loan originated
1,345000.0,40,595000.0,142.0,1,Not Hispanic or Latino,White,Female,>74,58.264,Loan originated
1,905000.0,44,1255000.0,201.0,1,Not Hispanic or Latino,Asian,Female,25-34,71.86,Loan originated
1,665000.0,47,785000.0,139.0,1,Not Hispanic or Latino,Asian,Male,25-34,105.0,Loan originated
1,195000.0,20%-<30%,245000.0,116.0,1,Not Hispanic or Latino,White,Male,35-44,80.0,Loan originated
1,1035000.0,48,1095000.0,222.0,1,Not Hispanic or Latino,White,Male,35-44,95.0,Loan originated
1,1145000.0,36,1545000.0,498.0,1,Hispanic or Latino,White,Male,55-64,74.664,Loan originated
1,765000.0,49,815000.0,150.0,1,Hispanic or Latino,White,Male,35-44,94.0,Loan originated
1,525000.0,44,555000.0,206.0,1,Not Hispanic or Latino,White,Female,35-44,95.0,Loan originated
1,325000.0,42,575000.0,94.0,1,Not Hispanic or Latino,White,Female,65-74,56.522,Loan originated
1,365000.0,30%-<36%,385000.0,108.0,1,Not Hispanic or Latino,Asian,Male,25-34,93.51,Loan originated
1,735000.0,43,775000.0,201.0,1,Not Hispanic or Latino,Asian,Male,>74,94.81,Loan originated
1,505000.0,44,675000.0,147.0,1,Not Hispanic or Latino,White,Female,45-54,75.0,Loan originated
1,375000.0,48,475000.0,87.0,1,Hispanic or Latino,White,Male,25-34,77.895,Loan originated
1,295000.0,47,375000.0,77.0,1,Not Hispanic or Latino,White,Male,25-34,80.0,Loan originated
1,705000.0,30%-<36%,725000.0,240.0,1,Not Hispanic or Latino,White,Male,25-34,97.0,Loan originated
1,465000.0,44,575000.0,99.0,1,Not Hispanic or Latino,White,Female,35-44,100.0,Loan originated
1,445000.0,47,635000.0,93.0,1,Not Hispanic or Latino,Asian,Male,25-34,70.0,Loan originated
1,385000.0,49,405000.0,85.0,1,Not Hispanic or Latino,White,Female,35-44,94.0,Loan originated
1,645000.0,41,925000.0,155.0,1,Not Hispanic or Latino,White,Female,55-64,70.0,Loan originated
1,605000.0,47,855000.0,156.0,1,Not Hispanic or Latino,Asian,Male,35-44,69.849,Loan originated
1,745000.0,45,825000.0,157.0,1,Not Hispanic or Latino,Asian,Male,45-54,90.0,Loan originated
1,205000.0,49,1085000.0,72.0,1,Not Hispanic or Latino,Asian,Female,25-34,19.259,Loan originated
1,405000.0,38,435000.0,120.0,1,Not Hispanic or Latino,White,Male,55-64,95.0,Loan originated
1,405000.0,30%-<36%,1105000.0,135.0,1,Not Hispanic or Latino,White,Male,<25,36.199,Loan originated
1,825000.0,<20%,975000.0,326.0,1,Not Hispanic or Latino,White,Female,45-54,85.0,Application denied
1,345000.0,45,365000.0,83.0,1,Not Hispanic or Latino,White,Female,25-34,95.0,Loan originated
1,395000.0,46,425000.0,99.0,1,Hispanic or Latino,White,Male,25-34,93.004,Loan originated
1,605000.0,39,755000.0,145.0,1,Not Hispanic or Latino,Asian,Male,65-74,80.0,Loan originated
1,695000.0,44,775000.0,182.0,1,Hispanic or Latino,White,Male,35-44,90.0,Loan originated
1,725000.0,30%-<36%,845000.0,217.0,1,Not Hispanic or Latino,White,Male,35-44,86.145,Loan originated
1,285000.0,20%-<30%,365000.0,185.0,1,Not Hispanic or Latino,Asian,Male,45-54,80.0,Loan originated
1,855000.0,20%-<30%,1225000.0,408.0,1,Not Hispanic or Latino,Asian,Male,45-54,70.07,Application denied
1,625000.0,49,665000.0,281.0,1,Hispanic or Latino,White,Male,35-44,95.0,Loan originated
1,665000.0,42,705000.0,240.0,1,Not Hispanic or Latino,White,Male,55-64,95.0,Application denied
1,345000.0,44,425000.0,86.0,1,Hispanic or Latino,White,Male,55-64,80.0,Loan originated
1,475000.0,50%-60%,525000.0,91.0,1,Hispanic or Latino,White,Male,25-34,90.0,Application denied
1,815000.0,45,965000.0,210.0,1,Not Hispanic or Latino,Asian,Male,25-34,85.0,Loan originated
1,665000.0,47,865000.0,139.0,1,Not Hispanic or Latino,Asian,Female,45-54,95.0,Loan originated
1,1005000.0,48,1345000.0,214.0,1,Not Hispanic or Latino,Asian,Female,35-44,75.0,Loan originated
1,285000.0,44,315000.0,83.0,1,Not Hispanic or Latino,White,Male,35-44,90.0,Loan originated
1,325000.0,47,335000.0,68.0,1,Hispanic or Latino,White,Male,35-44,97.0,Loan originated
1,375000.0,30%-<36%,525000.0,137.0,1,Not Hispanic or Latino,White,Female,65-74,73.067,Loan originated
1,445000.0,42,895000.0,308.0,1,Not Hispanic or Latino,White,Female,45-54,49.889,Loan originated
1,515000.0,20%-<30%,645000.0,179.0,1,Not Hispanic or Latino,Asian,Female,25-34,80.0,Loan originated
1,505000.0,49,775000.0,110.0,1,Not Hispanic or Latino,Asian,Female,35-44,64.808,Loan originated
1,255000.0,<20%,445000.0,530.0,1,Not Hispanic or Latino,White,Male,<25,58.0,Loan originated
1,605000.0,40,905000.0,200.0,1,Not Hispanic or Latino,Asian,Male,55-64,66.66,Loan originated
1,445000.0,20%-<30%,675000.0,252.0,1,Not Hispanic or Latino,White,Male,55-64,65.0,Loan originated
1,665000.0,48,695000.0,144.0,1,Not Hispanic or Latino,White,Male,45-54,95.0,Loan originated
1,265000.0,40,435000.0,119.0,1,Not Hispanic or Latino,White,Female,65-74,59.77,Loan originated
1,215000.0,49,375000.0,62.0,1,Not Hispanic or Latino,Asian,Male,35-44,59.757,Loan originated
1,345000.0,20%-<30%,435000.0,275.0,1,Not Hispanic or Latino,White,Male,45-54,80.0,Loan originated
1,335000.0,49,505000.0,110.0,1,Not Hispanic or Latino,White,Male,45-54,66.0,Loan originated
1,385000.0,41,455000.0,131.0,1,Not Hispanic or Latino,White,Male,25-34,80.0,Application denied
1,245000.0,30%-<36%,315000.0,134.0,1,Hispanic or Latino,White,Female,65-74,80.0,Loan originated
1,885000.0,49,1285000.0,186.0,1,Not Hispanic or Latino,Asian,Female,25-34,68.75,Loan originated
1,665000.0,46,835000.0,167.0,1,Not Hispanic or Latino,Asian,Female,45-54,80.0,Loan originated
1,735000.0,44,915000.0,188.0,1,Not Hispanic or Latino,White,Female,45-54,80.0,Loan originated
1,885000.0,45,1105000.0,309.0,1,Hispanic or Latino,White,Female,45-54,80.0,Loan originated
1,345000.0,45,405000.0,90.0,1,Hispanic or Latino,White,Female,25-34,85.0,Loan originated
1,205000.0,45,345000.0,53.0,1,Hispanic or Latino,White,Female,45-54,57.97,Loan originated
1,525000.0,49,675000.0,112.0,1,Hispanic or Latino,White,Female,25-34,14.111,Application denied
1,215000.0,46,225000.0,177.0,1,Not Hispanic or Latino,White,Female,55-64,95.0,Loan originated
1,595000.0,>60%,665000.0,110.0,1,Not Hispanic or Latino,White,Female,35-44,90.0,Application denied
1,575000.0,42,725000.0,168.0,1,Not Hispanic or Latino,White,Female,45-54,79.862,Loan originated
1,625000.0,47,685000.0,155.0,1,Hispanic or Latino,Black or African American,Male,35-44,90.0,Loan originated
1,555000.0,>60%,585000.0,99.0,1,Hispanic or Latino,White,Male,25-34,95.0,Application denied
1,475000.0,20%-<30%,675000.0,376.0,1,Not Hispanic or Latino,White,Female,45-54,69.63,Loan originated
1,605000.0,45,755000.0,135.0,1,Not Hispanic or Latino,White,Male,45-54,80.0,Loan originated
1,635000.0,40,705000.0,151.0,1,Not Hispanic or Latino,White,Male,35-44,90.0,Application denied
1,355000.0,48,515000.0,99.0,1,Not Hispanic or Latino,Asian,Female,35-44,69.0,Application denied
1,765000.0,44,1055000.0,191.0,1,Not Hispanic or Latino,Asian,Male,45-54,72.857,Loan originated
1,295000.0,47,345000.0,90.0,1,Hispanic or Latino,White,Male,<25,85.0,Loan originated
1,745000.0,43,995000.0,201.0,1,Not Hispanic or Latino,White,Male,55-64,74.85,Loan originated
1,445000.0,39,565000.0,143.0,1,Not Hispanic or Latino,Black or African American,Female,45-54,80.0,Loan originated
1,985000.0,50%-60%,1275000.0,171.0,1,Not Hispanic or Latino,Asian,Female,25-34,77.255,Loan originated
1,575000.0,36,715000.0,166.0,1,Not Hispanic or Latino,White,Male,25-34,80.0,Loan originated
1,515000.0,39,575000.0,175.0,1,Hispanic or Latino,White,Female,25-34,90.0,Loan originated
1,815000.0,20%-<30%,1015000.0,399.0,1,Hispanic or Latino,White,Male,25-34,80.0,Loan originated
1,475000.0,36,675000.0,463.0,1,Not Hispanic or Latino,Asian,Male,>74,70.0,Loan originated
1,455000.0,41,505000.0,165.0,1,Hispanic or Latino,American Indian or Alaska Native,Male,<25,90.0,Loan originated
1,605000.0,49,1165000.0,140.0,1,Not Hispanic or Latino,White,Male,45-54,51.724,Loan originated
1,325000.0,43,505000.0,89.0,1,Hispanic or Latino,White,Male,45-54,64.0,Loan originated
1,465000.0,37,585000.0,161.0,1,Not Hispanic or Latino,Asian,Female,25-34,80.0,Application denied
1,165000.0,37,225000.0,80.0,1,Not Hispanic or Latino,White,Male,25-34,70.0,Loan originated
1,995000.0,42,1745000.0,257.0,1,Not Hispanic or Latino,White,Female,45-54,57.126,Loan originated
1,655000.0,47,1185000.0,206.0,1,Not Hispanic or Latino,Asian,Male,25-34,56.0,Loan originated
1,285000.0,49,385000.0,75.0,1,Not Hispanic or Latino,Asian,Male,45-54,75.0,Loan originated
1,255000.0,48,965000.0,75.0,1,Not Hispanic or Latino,Asian,Female,<25,26.0,Loan originated
1,685000.0,30%-<36%,935000.0,412.0,1,Not Hispanic or Latino,White,Male,35-44,74.0,Loan originated
1,1025000.0,49,1205000.0,208.0,1,Not Hispanic or Latino,Asian,Male,35-44,86.0,Loan originated
1,795000.0,20%-<30%,935000.0,407.0,1,Not Hispanic or Latino,White,Male,55-64,85.0,Loan originated
1,755000.0,36,1305000.0,168.0,1,Not Hispanic or Latino,Asian,Male,25-34,58.077,Loan originated
1,465000.0,20%-<30%,615000.0,175.0,1,Not Hispanic or Latino,Asian,Male,55-64,75.767,Loan originated
1,345000.0,42,385000.0,91.0,1,Not Hispanic or Latino,White,Male,25-34,90.0,Loan originated
1,145000.0,48,625000.0,49.0,1,Not Hispanic or Latino,Asian,Female,25-34,22.4,Loan originated
1,645000.0,44,1045000.0,169.0,1,Not Hispanic or Latino,White,Male,45-54,61.87,Loan originated
1,535000.0,20%-<30%,905000.0,205.0,1,Not Hispanic or Latino,Asian,Male,65-74,59.223,Loan originated
1,415000.0,43,465000.0,108.0,1,Not Hispanic or Latino,Asian,Female,25-34,90.0,Loan originated
1,535000.0,38,855000.0,182.0,1,Not Hispanic or Latino,White,Female,55-64,62.353,Loan originated
1,555000.0,30%-<36%,575000.0,166.0,1,Hispanic or Latino,White,Male,35-44,100.4,Loan originated
1,255000.0,30%-<36%,325000.0,85.0,1,Not Hispanic or Latino,White,Female,45-54,80.0,Loan originated
1,385000.0,44,415000.0,84.0,1,Not Hispanic or Latino,Asian,Female,35-44,95.0,Loan originated
1,735000.0,47,795000.0,160.0,1,Not Hispanic or Latino,Asian,Male,45-54,93.0,Loan originated
1,35000.0,>60%,35000.0,10.0,1,Hispanic or Latino,White,Male,<25,103.32,Application denied
1,1145000.0,43,1535000.0,359.0,1,Not Hispanic or Latino,Asian,Male,25-34,75.0,Loan originated
1,515000.0,37,575000.0,305.0,1,Not Hispanic or Latino,White,Male,35-44,90.0,Loan originated
1,685000.0,49,855000.0,238.0,1,Not Hispanic or Latino,Asian,Female,25-34,79.989,Loan originated
1,1065000.0,30%-<36%,1335000.0,318.0,1,Not Hispanic or Latino,Asian,Female,45-54,79.99,Loan originated
1,155000.0,20%-<30%,165000.0,94.0,1,Not Hispanic or Latino,White,Male,25-34,95.0,Loan originated
1,555000.0,43,695000.0,138.0,1,Not Hispanic or Latino,White,Female,45-54,100.0,Loan originated
1,1075000.0,49,1405000.0,209.0,1,Not Hispanic or Latino,Black or African American,Female,25-34,76.157,Loan originated
1,635000.0,49,735000.0,130.0,1,Not Hispanic or Latino,Asian,Male,35-44,86.301,Loan originated
1,295000.0,49,885000.0,62.0,1,Hispanic or Latino,White,Male,55-64,32.77,Loan originated
1,555000.0,46,1155000.0,141.0,1,Not Hispanic or Latino,White,Male,35-44,47.826,Loan originated
1,495000.0,44,535000.0,103.0,1,Hispanic or Latino,Asian,Male,25-34,93.0,Loan originated
1,335000.0,37,375000.0,100.0,1,Hispanic or Latino,White,Female,25-34,90.0,Loan originated
1,645000.0,<20%,865000.0,678.0,1,Not Hispanic or Latino,White,Male,55-64,75.0,Loan originated
1,335000.0,43,475000.0,85.0,1,Not Hispanic or Latino,White,Male,25-34,70.53,Loan originated
1,235000.0,45,275000.0,60.0,1,Hispanic or Latino,White,Male,45-54,97.23,Loan originated
1,405000.0,46,655000.0,97.0,1,Not Hispanic or Latino,White,Male,35-44,61.656,Loan originated
1,335000.0,41,735000.0,98.0,1,Not Hispanic or Latino,Asian,Male,45-54,46.0,Loan originated
1,295000.0,41,325000.0,127.0,1,Hispanic or Latino,White,Male,25-34,93.44,Loan originated
1,1045000.0,30%-<36%,1305000.0,283.0,1,Not Hispanic or Latino,Asian,Male,25-34,80.0,Loan originated
1,375000.0,45,565000.0,90.0,1,Hispanic or Latino,White,Female,25-34,67.184,Loan originated
1,805000.0,47,1005000.0,176.0,1,Hispanic or Latino,White,Female,45-54,80.0,Loan originated
1,975000.0,38,1215000.0,267.0,1,Not Hispanic or Latino,Asian,Male,25-34,80.0,Loan originated
1,585000.0,49,655000.0,231.0,1,Not Hispanic or Latino,Asian,Male,65-74,90.0,Loan originated
1,595000.0,48,795000.0,153.0,1,Not Hispanic or Latino,White,Female,55-64,74.684,Loan originated
1,55000.0,20%-<30%,185000.0,34.0,1,Not Hispanic or Latino,White,Female,>74,27.78,Loan originated
1,375000.0,>60%,365000.0,119.0,1,Not Hispanic or Latino,Black or African American,Female,45-54,101.75,Application denied
1,635000.0,41,905000.0,163.0,1,Not Hispanic or Latino,Asian,Male,35-44,70.0,Loan originated
1,605000.0,30%-<36%,635000.0,170.0,1,Not Hispanic or Latino,White,Male,25-34,95.0,Loan originated
1,305000.0,39,545000.0,128.0,1,Not Hispanic or Latino,White,Male,35-44,55.56,Loan originated
1,375000.0,38,385000.0,129.0,1,Hispanic or Latino,White,Male,25-34,97.0,Loan originated
1,555000.0,30%-<36%,695000.0,160.0,1,Hispanic or Latino,White,Male,65-74,80.0,Loan originated
1,105000.0,<20%,135000.0,152.0,1,Not Hispanic or Latino,Asian,Female,25-34,79.0,Loan originated
1,735000.0,47,775000.0,148.0,1,Not Hispanic or Latino,Black or African American,Male,25-34,95.0,Loan originated
1,155000.0,30%-<36%,475000.0,111.0,1,Not Hispanic or Latino,Asian,Female,35-44,31.579,Loan originated
1,155000.0,30%-<36%,195000.0,66.0,1,Hispanic or Latino,White,Male,45-54,90.0,Loan originated
1,625000.0,43,785000.0,194.0,1,Not Hispanic or Latino,Asian,Male,35-44,80.0,Loan originated
1,825000.0,41,1035000.0,306.0,1,Not Hispanic or Latino,Asian,Female,35-44,80.0,Application denied
1,395000.0,20%-<30%,485000.0,172.0,1,Hispanic or Latino,White,Male,45-54,80.0,Loan originated
1,845000.0,49,905000.0,184.0,1,Hispanic or Latino,White,Male,35-44,93.38,Loan originated
1,805000.0,50%-60%,1475000.0,172.0,1,Not Hispanic or Latino,White,Male,55-64,54.23,Application denied
1,325000.0,30%-<36%,425000.0,225.0,1,Hispanic or Latino,Black or African American,Female,55-64,76.39,Loan originated
1,65000.0,30%-<36%,135000.0,79.0,1,Hispanic or Latino,White,Female,45-54,46.11,Loan originated
1,275000.0,48,675000.0,71.0,1,Not Hispanic or Latino,White,Female,35-44,40.299,Loan originated
1,655000.0,42,685000.0,181.0,1,Not Hispanic or Latino,White,Male,45-54,95.0,Loan originated
1,415000.0,49,515000.0,125.0,1,Not Hispanic or Latino,White,Female,25-34,80.0,Loan originated
1,475000.0,49,505000.0,128.0,1,Not Hispanic or Latino,White,Male,25-34,95.0,Loan originated
1,1075000.0,41,2105000.0,376.0,1,Not Hispanic or Latino,Asian,Male,55-64,51.19,Loan originated
1,235000.0,37,645000.0,137.0,1,Not Hispanic or Latino,White,Male,45-54,36.0,Loan originated
1,365000.0,43,525000.0,98.0,1,Not Hispanic or Latino,White,Female,45-54,68.667,Loan originated
1,885000.0,48,1105000.0,170.0,1,Not Hispanic or Latino,Asian,Male,25-34,80.0,Loan originated
1,255000.0,43,295000.0,64.0,1,Not Hispanic or Latino,White,Female,35-44,86.325,Loan originated
1,905000.0,30%-<36%,1205000.0,439.0,1,Not Hispanic or Latino,White,Female,25-34,75.0,Loan originated
1,455000.0,30%-<36%,825000.0,167.0,1,Not Hispanic or Latino,White,Female,45-54,54.55,Application denied
1,965000.0,38,1015000.0,254.0,1,Hispanic or Latino,White,Male,25-34,95.0,Loan originated
1,325000.0,46,545000.0,84.0,1,Not Hispanic or Latino,Asian,Female,25-34,60.0,Loan originated
1,655000.0,48,725000.0,128.0,1,Not Hispanic or Latino,Asian,Male,25-34,90.0,Loan originated
1,465000.0,45,715000.0,171.0,1,Not Hispanic or Latino,White,Male,25-34,65.229,Loan originated
1,615000.0,49,725000.0,144.0,1,Not Hispanic or Latino,White,Male,45-54,85.0,Loan originated
1,375000.0,46,565000.0,107.0,1,Hispanic or Latino,White,Male,55-64,66.964,Loan originated
1,165000.0,49,175000.0,50.0,1,Not Hispanic or Latino,White,Female,35-44,100.0,Loan originated
1,305000.0,49,505000.0,85.0,1,Hispanic or Latino,White,Female,55-64,60.0,Loan originated
1,345000.0,44,355000.0,107.0,1,Hispanic or Latino,White,Male,35-44,97.0,Loan originated
1,515000.0,30%-<36%,605000.0,146.0,1,Not Hispanic or Latino,White,Male,25-34,85.0,Loan originated
1,835000.0,48,1215000.0,223.0,1,Not Hispanic or Latino,Asian,Female,35-44,68.775,Loan originated
1,295000.0,38,795000.0,108.0,1,Not Hispanic or Latino,White,Male,45-54,37.1,Loan originated
1,295000.0,47,305000.0,66.0,1,Not Hispanic or Latino,White,Female,25-34,97.0,Loan originated
1,845000.0,30%-<36%,1055000.0,319.0,1,Not Hispanic or Latino,White,Male,25-34,80.0,Loan originated
1,505000.0,48,635000.0,179.0,1,Hispanic or Latino,Asian,Male,25-34,80.0,Loan originated
1,165000.0,43,465000.0,68.0,1,Not Hispanic or Latino,White,Female,55-64,34.83,Loan originated
1,405000.0,30%-<36%,625000.0,290.0,1,Not Hispanic or Latino,Asian,Female,55-64,65.574,Loan originated
1,655000.0,46,725000.0,137.0,1,Hispanic or Latino,White,Male,25-34,90.0,Loan originated
1,715000.0,41,795000.0,234.0,1,Not Hispanic or Latino,Asian,Female,55-64,90.0,Loan originated
1,575000.0,49,1175000.0,115.0,1,Not Hispanic or Latino,White,Male,25-34,48.936,Loan originated
1,225000.0,30%-<36%,345000.0,85.0,1,Hispanic or Latino,White,Male,45-54,65.0,Loan originated
1,705000.0,47,785000.0,131.0,1,Not Hispanic or Latino,Asian,Female,45-54,89.9,Loan originated
1,555000.0,42,695000.0,138.0,1,Not Hispanic or Latino,Asian,Female,<25,80.0,Loan originated
1,485000.0,30%-<36%,605000.0,130.0,1,Not Hispanic or Latino,White,Male,<25,80.0,Loan originated
1,505000.0,30%-<36%,635000.0,156.0,1,Not Hispanic or Latino,Asian,Female,25-34,80.0,Loan originated
1,555000.0,48,585000.0,113.0,1,Not Hispanic or Latino,Asian,Female,35-44,94.884,Loan originated
1,285000.0,42,355000.0,81.0,1,Not Hispanic or Latino,White,Male,65-74,80.0,Loan originated
1,565000.0,41,705000.0,271.0,1,Not Hispanic or Latino,White,Male,55-64,80.0,Loan originated
1,395000.0,43,415000.0,97.0,1,Hispanic or Latino,White,Male,25-34,95.0,Loan originated
1,345000.0,46,435000.0,103.0,1,Not Hispanic or Latino,White,Female,25-34,80.0,Loan originated
1,525000.0,48,655000.0,242.0,1,Hispanic or Latino,White,Male,35-44,80.0,Loan originated
1,185000.0,47,235000.0,64.0,1,Not Hispanic or Latino,Asian,Female,55-64,80.0,Application denied
1,885000.0,48,935000.0,190.0,1,Not Hispanic or Latino,Asian,Male,25-34,95.0,Loan originated
1,635000.0,45,795000.0,134.0,1,Not Hispanic or Latino,Asian,Female,35-44,80.0,Loan originated
1,505000.0,40,905000.0,130.0,1,Not Hispanic or Latino,Asian,Male,45-54,71.43,Loan originated
1,215000.0,48,255000.0,42.0,1,Not Hispanic or Latino,White,Female,35-44,85.0,Loan originated
1,745000.0,38,835000.0,187.0,1,Not Hispanic or Latino,Asian,Female,35-44,89.99,Loan originated
1,105000.0,45,115000.0,92.0,1,Not Hispanic or Latino,White,Female,65-74,90.0,Loan originated
1,605000.0,30%-<36%,635000.0,226.0,1,Hispanic or Latino,White,Male,25-34,95.0,Loan originated
1,405000.0,20%-<30%,505000.0,309.0,1,Not Hispanic or Latino,Asian,Male,45-54,80.0,Loan originated
1,555000.0,38,695000.0,126.0,1,Hispanic or Latino,White,Female,55-64,80.0,Loan originated
1,345000.0,45,645000.0,96.0,1,Not Hispanic or Latino,Asian,Male,45-54,53.775,Loan originated
1,685000.0,49,855000.0,161.0,1,Not Hispanic or Latino,Asian,Female,35-44,80.0,Loan originated
1,745000.0,46,925000.0,170.0,1,Not Hispanic or Latino,Asian,Male,25-34,80.0,Loan originated
1,305000.0,45,435000.0,87.0,1,Not Hispanic or Latino,White,Female,65-74,70.0,Loan originated
1,135000.0,50%-60%,205000.0,89.0,1,Not Hispanic or Latino,White,Male,55-64,65.0,Loan originated
1,305000.0,36,375000.0,90.0,1,Hispanic or Latino,White,Female,25-34,80.0,Loan originated
1,495000.0,42,595000.0,120.0,1,Not Hispanic or Latino,White,Male,55-64,83.306,Loan originated
1,475000.0,48,595000.0,120.0,1,Not Hispanic or Latino,White,Male,25-34,80.0,Loan originated
1,1115000.0,20%-<30%,1485000.0,738.0,1,Not Hispanic or Latino,White,Female,25-34,75.0,Application denied
1,445000.0,50%-60%,505000.0,98.0,1,Not Hispanic or Latino,Asian,Male,35-44,87.128,Loan originated
1,695000.0,41,805000.0,201.0,1,Not Hispanic or Latino,White,Male,35-44,89.15,Loan originated
1,685000.0,45,725000.0,183.0,1,Hispanic or Latino,White,Female,25-34,98.0,Application denied
1,725000.0,30%-<36%,905000.0,231.0,1,Not Hispanic or Latino,White,Male,25-34,80.0,Loan originated
1,495000.0,46,615000.0,105.0,1,Not Hispanic or Latino,White,Male,25-34,79.919,Loan originated
1,435000.0,45,445000.0,116.0,1,Hispanic or Latino,White,Male,35-44,96.63,Loan originated
1,755000.0,30%-<36%,1005000.0,250.0,1,Not Hispanic or Latino,White,Male,35-44,75.0,Loan originated
1,405000.0,46,445000.0,127.0,1,Not Hispanic or Latino,White,Female,45-54,90.0,Loan originated
1,975000.0,42,1155000.0,210.0,1,Hispanic or Latino,White,Male,25-34,85.0,Loan originated
1,345000.0,20%-<30%,365000.0,260.0,1,Hispanic or Latino,White,Male,35-44,95.0,Loan originated
1,885000.0,49,1025000.0,170.0,1,Not Hispanic or Latino,Asian,Male,35-44,88.0,Loan originated
1,765000.0,41,955000.0,239.0,1,Not Hispanic or Latino,Asian,Female,35-44,80.0,Loan originated
1,295000.0,43,555000.0,90.0,1,Not Hispanic or Latino,White,Female,45-54,53.405,Loan originated
1,765000.0,30%-<36%,855000.0,251.0,1,Not Hispanic or Latino,White,Female,55-64,90.0,Loan originated
1,455000.0,>60%,565000.0,174.0,1,Not Hispanic or Latino,Asian,Male,45-54,80.0,Application denied
1,245000.0,44,315000.0,164.0,1,Not Hispanic or Latino,Asian,Male,55-64,100.0,Loan originated
1,415000.0,41,525000.0,99.0,1,Not Hispanic or Latino,White,Male,25-34,80.0,Loan originated
1,585000.0,37,725000.0,164.0,1,Hispanic or Latino,White,Female,<25,80.0,Loan originated
1,615000.0,48,775000.0,480.0,1,Not Hispanic or Latino,Asian,Male,35-44,80.0,Application denied
1,1105000.0,30%-<36%,1605000.0,352.0,1,Not Hispanic or Latino,White,Male,35-44,68.75,Loan originated
1,215000.0,36,485000.0,65.0,1,Not Hispanic or Latino,White,Female,25-34,44.33,Loan originated
1,365000.0,30%-<36%,425000.0,100.0,1,Not Hispanic or Latino,White,Male,25-34,85.0,Loan originated
1,1075000.0,40,1725000.0,308.0,1,Not Hispanic or Latino,White,Male,35-44,62.2,Loan originated
1,595000.0,39,735000.0,143.0,1,Hispanic or Latino,White,Female,35-44,80.0,Loan originated
1,1005000.0,37,1255000.0,319.0,1,Not Hispanic or Latino,White,Female,35-44,80.0,Loan originated
1,405000.0,38,505000.0,109.0,1,Not Hispanic or Latino,Asian,Female,35-44,78.586,Loan originated
1,1685000.0,49,2255000.0,412.0,1,Not Hispanic or Latino,White,Male,35-44,75.0,Loan originated
1,615000.0,46,645000.0,216.0,1,Not Hispanic or Latino,Black or African American,Male,35-44,95.0,Loan originated
1,615000.0,>60%,655000.0,102.0,1,Not Hispanic or Latino,Black or African American,Female,35-44,95.0,Application denied
1,825000.0,47,875000.0,479.0,1,Not Hispanic or Latino,White,Male,25-34,95.0,Loan originated
1,915000.0,30%-<36%,1055000.0,573.0,1,Not Hispanic or Latino,Asian,Male,25-34,87.0,Loan originated
1,615000.0,30%-<36%,685000.0,212.0,1,Hispanic or Latino,White,Male,35-44,90.0,Loan originated
1,385000.0,20%-<30%,595000.0,173.0,1,Not Hispanic or Latino,Asian,Male,55-64,65.0,Loan originated
1,315000.0,30%-<36%,395000.0,99.0,1,Hispanic or Latino,White,Female,35-44,80.0,Loan originated
1,575000.0,<20%,985000.0,385.0,1,Hispanic or Latino,White,Female,25-34,58.38,Loan originated
1,395000.0,48,435000.0,88.0,1,Not Hispanic or Latino,Asian,Female,25-34,90.0,Loan originated
1,735000.0,50%-60%,975000.0,157.0,1,Hispanic or Latino,White,Female,35-44,75.0,Application denied
1,405000.0,<20%,515000.0,281.0,1,Hispanic or Latino,White,Male,35-44,80.0,Application denied
1,235000.0,48,255000.0,47.0,1,Not Hispanic or Latino,White,Male,55-64,95.0,Loan originated
1,1055000.0,47,1325000.0,220.0,1,Not Hispanic or Latino,Asian,Male,25-34,80.0,Loan originated
1,925000.0,41,1155000.0,210.0,1,Not Hispanic or Latino,White,Male,35-44,80.0,Loan originated
1,225000.0,20%-<30%,275000.0,131.0,1,Hispanic or Latino,American Indian or Alaska Native,Male,35-44,80.0,Loan originated
1,485000.0,43,505000.0,137.0,1,Not Hispanic or Latino,2 or more minority races,Female,25-34,95.0,Application denied
1,875000.0,44,975000.0,235.0,1,Not Hispanic or Latino,Asian,Male,35-44,89.95,Loan originated
1,465000.0,49,525000.0,108.0,1,Not Hispanic or Latino,Asian,Male,<25,89.5,Loan originated
1,305000.0,38,345000.0,82.0,1,Not Hispanic or Latino,White,Female,55-64,88.54,Loan originated
1,635000.0,46,655000.0,141.0,1,Hispanic or Latino,White,Female,35-44,97.0,Loan originated
1,335000.0,20%-<30%,355000.0,151.0,1,Hispanic or Latino,White,Female,25-34,95.0,Loan originated
1,505000.0,>60%,2385000.0,102.0,1,Not Hispanic or Latino,White,Male,55-64,65.06,Application denied
1,525000.0,<20%,675000.0,362.0,1,Not Hispanic or Latino,White,Male,35-44,77.778,Loan originated
1,245000.0,42,255000.0,71.0,1,Not Hispanic or Latino,White,Female,25-34,100.0,Loan originated
1,725000.0,30%-<36%,905000.0,195.0,1,Not Hispanic or Latino,Asian,Female,35-44,80.0,Loan originated
1,505000.0,45,705000.0,134.0,1,Not Hispanic or Latino,Asian,Male,65-74,71.429,Loan originated
1,665000.0,46,835000.0,164.0,1,Not Hispanic or Latino,White,Male,35-44,80.0,Loan originated
1,155000.0,49,155000.0,70.0,1,Not Hispanic or Latino,White,Male,25-34,95.0,Loan originated
1,765000.0,47,945000.0,161.0,1,Not Hispanic or Latino,Asian,Female,55-64,80.851,Application denied
1,405000.0,49,685000.0,142.0,1,Not Hispanic or Latino,Black or African American,Male,35-44,60.0,Loan originated
1,425000.0,48,535000.0,101.0,1,Not Hispanic or Latino,Asian,Female,25-34,80.0,Loan originated
1,715000.0,48,755000.0,159.0,1,Hispanic or Latino,White,Male,35-44,95.0,Loan originated
1,545000.0,37,685000.0,417.0,1,Not Hispanic or Latino,White,Female,45-54,80.0,Loan originated
1,335000.0,41,1155000.0,97.0,1,Not Hispanic or Latino,White,Female,35-44,28.46,Loan originated
1,535000.0,49,675000.0,127.0,1,Hispanic or Latino,White,Male,25-34,79.866,Loan originated
1,675000.0,36,715000.0,185.0,1,Not Hispanic or Latino,Black or African American,Female,45-54,95.0,Loan originated
1,605000.0,46,755000.0,176.0,1,Not Hispanic or Latino,White,Female,65-74,80.0,Loan originated
1,465000.0,39,625000.0,128.0,1,Not Hispanic or Latino,White,Male,25-34,75.0,Loan originated
1,645000.0,44,815000.0,175.0,1,Not Hispanic or Latino,Asian,Male,35-44,80.0,Loan originated
1,565000.0,42,1265000.0,175.0,1,Not Hispanic or Latino,Asian,Male,25-34,44.44,Loan originated
1,435000.0,49,585000.0,187.0,1,Not Hispanic or Latino,White,Male,35-44,75.0,Loan originated
1,635000.0,30%-<36%,1065000.0,190.0,1,Not Hispanic or Latino,White,Male,35-44,60.0,Loan originated
1,575000.0,38,715000.0,225.0,1,Not Hispanic or Latino,Asian,Female,45-54,80.0,Loan originated
1,315000.0,40,335000.0,150.0,1,Hispanic or Latino,White,Female,55-64,95.0,Loan originated
1,415000.0,<20%,515000.0,384.0,1,Not Hispanic or Latino,White,Female,55-64,80.0,Loan originated
1,765000.0,43,1015000.0,13.0,1,Not Hispanic or Latino,Asian,Male,45-54,75.0,Loan originated
1,375000.0,47,755000.0,154.0,1,Not Hispanic or Latino,Asian,Female,25-34,50.0,Loan originated
1,705000.0,45,875000.0,141.0,1,Not Hispanic or Latino,Asian,Male,25-34,80.0,Loan originated
1,465000.0,40,565000.0,144.0,1,Not Hispanic or Latino,Asian,Male,25-34,103.0,Loan originated
1,155000.0,20%-<30%,705000.0,123.0,1,Not Hispanic or Latino,Asian,Female,45-54,21.43,Loan originated
1,565000.0,47,705000.0,100.0,1,Not Hispanic or Latino,Asian,Male,35-44,92.86,Loan originated
1,505000.0,43,635000.0,127.0,1,Not Hispanic or Latino,Asian,Female,25-34,80.0,Loan originated
1,375000.0,>60%,465000.0,65.0,1,Hispanic or Latino,White,Female,45-54,80.0,Application denied
1,315000.0,47,415000.0,93.0,1,Not Hispanic or Latino,White,Male,35-44,75.0,Loan originated
1,635000.0,44,705000.0,187.0,1,Not Hispanic or Latino,Asian,Female,35-44,90.0,Loan originated
1,555000.0,30%-<36%,655000.0,173.0,1,Not Hispanic or Latino,White,Male,35-44,85.0,Loan originated
1,455000.0,50%-60%,505000.0,98.0,1,Not Hispanic or Latino,White,Female,45-54,90.0,Application denied
1,695000.0,20%-<30%,775000.0,318.0,1,Hispanic or Latino,White,Male,45-54,90.0,Loan originated
1,545000.0,44,685000.0,136.0,1,Hispanic or Latino,White,Female,25-34,80.0,Loan originated
1,85000.0,49,315000.0,31.0,1,Hispanic or Latino,White,Male,25-34,25.352,Loan originated
1,545000.0,46,675000.0,126.0,1,Not Hispanic or Latino,Asian,Male,25-34,80.0,Loan originated
1,405000.0,44,955000.0,97.0,1,Not Hispanic or Latino,Asian,Female,35-44,41.88,Loan originated
1,675000.0,50%-60%,685000.0,126.0,1,Not Hispanic or Latino,Asian,Male,45-54,98.705,Application denied
1,645000.0,30%-<36%,725000.0,199.0,1,Not Hispanic or Latino,White,Male,55-64,89.99,Loan originated
1,515000.0,30%-<36%,645000.0,188.0,1,Not Hispanic or Latino,Asian,Male,25-34,79.892,Loan originated
1,525000.0,30%-<36%,655000.0,170.0,1,Not Hispanic or Latino,Asian,Male,25-34,80.0,Loan originated
1,715000.0,42,1025000.0,257.0,1,Not Hispanic or Latino,Asian,Male,25-34,70.0,Loan originated
1,205000.0,30%-<36%,795000.0,88.0,1,Not Hispanic or Latino,White,Male,55-64,25.32,Loan originated
1,455000.0,44,675000.0,112.0,1,Not Hispanic or Latino,Asian,Female,35-44,66.679,Loan originated
1,275000.0,30%-<36%,315000.0,81.0,1,Hispanic or Latino,American Indian or Alaska Native,Male,45-54,90.0,Loan originated
1,765000.0,41,815000.0,189.0,1,Not Hispanic or Latino,Asian,Female,45-54,94.568,Loan originated
1,205000.0,30%-<36%,605000.0,88.0,1,Not Hispanic or Latino,Asian,Male,45-54,33.333,Loan originated
1,465000.0,42,785000.0,117.0,1,Not Hispanic or Latino,Asian,Male,45-54,60.0,Loan originated
1,655000.0,40,835000.0,266.0,1,Not Hispanic or Latino,Asian,Male,55-64,78.15,Loan originated
1,555000.0,40,705000.0,160.0,1,Not Hispanic or Latino,White,Male,45-54,78.613,Loan originated
1,635000.0,<20%,815000.0,0.0,1,Not Hispanic or Latino,White,Male,55-64,77.778,Application denied
1,765000.0,49,815000.0,278.0,1,Not Hispanic or Latino,White,Male,55-64,95.0,Loan originated
1,435000.0,48,455000.0,99.0,1,Hispanic or Latino,White,Female,25-34,95.0,Loan originated
1,405000.0,30%-<36%,855000.0,11.0,1,Not Hispanic or Latino,Asian,Male,25-34,47.06,Loan originated
1,325000.0,20%-<30%,365000.0,101.0,1,Not Hispanic or Latino,White,Male,65-74,88.646,Loan originated
1,355000.0,48,445000.0,159.0,1,Hispanic or Latino,Asian,Male,45-54,80.0,Application denied
1,685000.0,45,855000.0,154.0,1,Not Hispanic or Latino,Asian,Male,25-34,79.999,Loan originated
1,575000.0,43,825000.0,122.0,1,Not Hispanic or Latino,White,Male,35-44,69.1,Loan originated
1,325000.0,49,365000.0,79.0,1,Hispanic or Latino,White,Female,25-34,90.0,Loan originated
1,635000.0,49,665000.0,118.0,1,Not Hispanic or Latino,Asian,Male,25-34,94.542,Loan originated
1,485000.0,<20%,795000.0,442.0,1,Not Hispanic or Latino,White,Male,45-54,80.0,Loan originated
1,375000.0,20%-<30%,575000.0,200.0,1,Not Hispanic or Latino,Asian,Female,25-34,64.912,Loan originated
1,335000.0,39,1135000.0,106.0,1,Not Hispanic or Latino,White,Male,65-74,29.515,Loan originated
1,575000.0,20%-<30%,675000.0,210.0,1,Not Hispanic or Latino,White,Male,35-44,85.634,Loan originated
1,765000.0,38,1205000.0,243.0,1,Not Hispanic or Latino,Asian,Male,35-44,64.0,Loan originated
1,515000.0,49,645000.0,115.0,1,Not Hispanic or Latino,Asian,Male,25-34,79.955,Loan originated
1,475000.0,37,505000.0,234.0,1,Hispanic or Latino,American Indian or Alaska Native,Male,55-64,95.0,Loan originated
1,285000.0,41,725000.0,117.0,1,Not Hispanic or Latino,White,Male,35-44,40.0,Loan originated
1,315000.0,30%-<36%,325000.0,132.0,1,Not Hispanic or Latino,Black or African American,Female,35-44,94.741,Application denied
1,415000.0,47,435000.0,89.0,1,Hispanic or Latino,White,Male,35-44,95.0,Loan originated
1,455000.0,36,535000.0,136.0,1,Not Hispanic or Latino,Asian,Male,25-34,85.0,Loan originated
1,485000.0,42,605000.0,106.0,1,Not Hispanic or Latino,White,Male,35-44,80.0,Loan originated
1,285000.0,46,615000.0,91.0,1,Not Hispanic or Latino,Black or African American,Male,35-44,46.393,Loan originated
1,965000.0,20%-<30%,1205000.0,319.0,1,Not Hispanic or Latino,White,Male,35-44,80.0,Loan originated
1,375000.0,42,505000.0,99.0,1,Not Hispanic or Latino,Asian,Male,25-34,90.25,Loan originated
1,525000.0,47,755000.0,132.0,1,Not Hispanic or Latino,White,Female,55-64,70.0,Loan originated
1,515000.0,20%-<30%,645000.0,188.0,1,Hispanic or Latino,White,Male,35-44,80.0,Loan originated
1,525000.0,43,625000.0,131.0,1,Not Hispanic or Latino,Asian,Female,25-34,83.5,Loan originated
1,465000.0,45,485000.0,97.0,1,Hispanic or Latino,Native Hawaiian or Other Pacific Islander,Male,35-44,94.999,Loan originated
1,715000.0,44,755000.0,176.0,1,Not Hispanic or Latino,Asian,Female,35-44,95.0,Loan originated
1,645000.0,40,815000.0,230.0,1,Not Hispanic or Latino,Asian,Male,35-44,80.0,Loan originated
1,425000.0,30%-<36%,505000.0,133.0,1,Not Hispanic or Latino,White,Female,35-44,85.0,Loan originated
1,825000.0,48,1035000.0,198.0,1,Not Hispanic or Latino,Asian,Male,35-44,80.0,Loan originated
1,275000.0,43,365000.0,119.0,1,Hispanic or Latino,White,Male,35-44,75.0,Loan originated
1,1085000.0,49,1365000.0,299.0,1,Not Hispanic or Latino,White,Male,35-44,80.0,Loan originated
1,235000.0,>60%,315000.0,42.0,1,Hispanic or Latino,White,Male,35-44,74.603,Application denied
1,505000.0,39,985000.0,138.0,1,Hispanic or Latino,White,Male,45-54,50.76,Loan originated
1,485000.0,36,515000.0,150.0,1,Hispanic or Latino,White,Female,25-34,95.0,Loan originated
1,1005000.0,44,1805000.0,268.0,1,Not Hispanic or Latino,White,Female,65-74,55.56,Loan originated
1,515000.0,30%-<36%,645000.0,144.0,1,Not Hispanic or Latino,White,Male,25-34,80.0,Loan originated
1,565000.0,44,705000.0,140.0,1,Hispanic or Latino,White,Male,45-54,80.0,Loan originated
1,755000.0,30%-<36%,895000.0,206.0,1,Not Hispanic or Latino,White,Female,25-34,85.0,Loan originated
1,175000.0,44,175000.0,75.0,1,Hispanic or Latino,White,Female,55-64,96.04,Loan originated
1,825000.0,45,875000.0,254.0,1,Hispanic or Latino,White,Female,35-44,94.286,Loan originated
1,425000.0,20%-<30%,435000.0,210.0,1,Not Hispanic or Latino,White,Male,45-54,97.0,Loan originated
1,915000.0,45,1145000.0,192.0,1,Not Hispanic or Latino,Asian,Male,25-34,80.0,Loan originated
1,105000.0,38,115000.0,86.0,1,Hispanic or Latino,White,Male,45-54,95.0,Application denied
1,1065000.0,36,1325000.0,465.0,1,Not Hispanic or Latino,White,Female,>74,80.0,Loan originated
1,475000.0,<20%,855000.0,309.0,1,Not Hispanic or Latino,White,Female,65-74,56.0,Loan originated
1,595000.0,41,735000.0,145.0,1,Hispanic or Latino,White,Female,25-34,100.0,Loan originated
1,445000.0,36,485000.0,141.0,1,Hispanic or Latino,White,Female,<25,90.0,Loan originated
1,255000.0,30%-<36%,295000.0,68.0,1,Hispanic or Latino,White,Female,25-34,86.441,Loan originated
1,505000.0,49,565000.0,115.0,1,Not Hispanic or Latino,White,Male,25-34,90.0,Loan originated
1,455000.0,43,655000.0,110.0,1,Not Hispanic or Latino,Asian,Male,25-34,69.231,Loan originated
1,715000.0,41,765000.0,205.0,1,Not Hispanic or Latino,Asian,Female,35-44,93.442,Loan originated
1,1095000.0,49,1355000.0,218.0,1,Not Hispanic or Latino,White,Male,35-44,81.0,Loan originated
1,425000.0,<20%,505000.0,299.0,1,Not Hispanic or Latino,White,Female,35-44,85.0,Loan originated
1,315000.0,43,335000.0,104.0,1,Hispanic or Latino,White,Female,25-34,95.0,Loan originated
1,545000.0,46,625000.0,230.0,1,Not Hispanic or Latino,Black or African American,Male,55-64,87.419,Loan originated
1,755000.0,43,1765000.0,18.0,1,Not Hispanic or Latino,Asian,Male,45-54,45.73,Loan originated
1,535000.0,20%-<30%,565000.0,380.0,1,Hispanic or Latino,White,Female,45-54,95.0,Loan originated
1,355000.0,30%-<36%,665000.0,312.0,1,Not Hispanic or Latino,Asian,Male,55-64,53.383,Loan originated
1,555000.0,49,695000.0,206.0,1,Not Hispanic or Latino,White,Female,35-44,80.0,Loan originated
1,545000.0,20%-<30%,735000.0,241.0,1,Not Hispanic or Latino,White,Male,45-54,75.0,Loan originated
1,865000.0,30%-<36%,965000.0,301.0,1,Hispanic or Latino,White,Male,25-34,89.583,Loan originated
1,205000.0,20%-<30%,565000.0,117.0,1,Not Hispanic or Latino,Native Hawaiian or Other Pacific Islander,Female,25-34,35.72,Loan originated
1,265000.0,47,325000.0,129.0,1,Hispanic or Latino,White,Male,25-34,80.0,Loan originated
1,515000.0,30%-<36%,645000.0,150.0,1,Not Hispanic or Latino,Asian,Male,25-34,80.0,Loan originated
1,925000.0,42,975000.0,266.0,1,Not Hispanic or Latino,Asian,Female,35-44,95.0,Loan originated
1,465000.0,48,715000.0,107.0,1,Not Hispanic or Latino,Asian,Female,35-44,64.789,Application denied
1,415000.0,38,555000.0,120.0,1,Not Hispanic or Latino,White,Male,25-34,75.0,Loan originated
1,655000.0,36,815000.0,200.0,1,Not Hispanic or Latino,White,Male,35-44,80.0,Loan originated
1,515000.0,48,575000.0,109.0,1,Not Hispanic or Latino,Asian,Male,25-34,90.0,Loan originated
1,385000.0,40,475000.0,85.0,1,Hispanic or Latino,White,Male,25-34,80.0,Loan originated
1,685000.0,41,855000.0,173.0,1,Not Hispanic or Latino,Asian,Male,35-44,80.0,Loan originated
1,465000.0,30%-<36%,595000.0,266.0,1,Not Hispanic or Latino,Asian,Male,45-54,77.802,Application denied
1,365000.0,30%-<36%,805000.0,148.0,1,Hispanic or Latino,White,Female,45-54,45.625,Loan originated
1,735000.0,47,775000.0,205.0,1,Not Hispanic or Latino,White,Male,25-34,94.824,Loan originated
1,225000.0,30%-<36%,525000.0,99.0,1,Not Hispanic or Latino,Asian,Female,<25,42.695,Loan originated
1,495000.0,46,665000.0,165.0,1,Not Hispanic or Latino,Asian,Male,25-34,75.0,Loan originated
1,755000.0,41,1455000.0,202.0,1,Not Hispanic or Latino,White,Male,55-64,51.724,Loan originated
1,245000.0,30%-<36%,335000.0,96.0,1,Not Hispanic or Latino,White,Male,65-74,75.0,Loan originated
1,465000.0,>60%,675000.0,33.0,1,Not Hispanic or Latino,Asian,Female,25-34,70.0,Application denied
1,905000.0,39,1125000.0,249.0,1,Not Hispanic or Latino,White,Male,35-44,80.0,Loan originated
1,445000.0,20%-<30%,475000.0,278.0,1,Not Hispanic or Latino,White,Female,35-44,95.0,Loan originated
1,425000.0,40,525000.0,142.0,1,Not Hispanic or Latino,White,Male,45-54,80.0,Loan originated
1,695000.0,50%-60%,705000.0,157.0,1,Not Hispanic or Latino,Asian,Male,35-44,99.071,Application denied
1,515000.0,37,645000.0,164.0,1,Not Hispanic or Latino,White,Female,35-44,80.0,Loan originated
1,575000.0,39,715000.0,155.0,1,Not Hispanic or Latino,White,Male,35-44,80.0,Loan originated
1,735000.0,49,955000.0,163.0,1,Not Hispanic or Latino,White,Male,45-54,76.84,Loan originated
1,765000.0,30%-<36%,805000.0,260.0,1,Hispanic or Latino,White,Male,35-44,95.0,Loan originated
1,705000.0,47,735000.0,185.0,1,Hispanic or Latino,White,Female,35-44,102.0,Loan originated
1,505000.0,47,635000.0,115.0,1,Not Hispanic or Latino,Asian,Male,25-34,78.74,Loan originated
1,1105000.0,39,2005000.0,502.0,1,Not Hispanic or Latino,Asian,Female,45-54,55.0,Loan originated
1,585000.0,30%-<36%,725000.0,238.0,1,Not Hispanic or Latino,Asian,Female,35-44,80.0,Loan originated
1,1145000.0,44,1555000.0,250.0,1,Not Hispanic or Latino,Asian,Male,35-44,74.129,Loan originated
1,685000.0,30%-<36%,855000.0,242.0,1,Hispanic or Latino,White,Male,35-44,80.0,Loan originated
1,1075000.0,20%-<30%,1345000.0,487.0,1,Not Hispanic or Latino,American Indian or Alaska Native,Female,25-34,80.0,Loan originated
1,355000.0,47,545000.0,115.0,1,Not Hispanic or Latino,Asian,Female,25-34,65.0,Loan originated
1,1065000.0,46,1335000.0,226.0,1,Not Hispanic or Latino,Asian,Female,35-44,80.0,Loan originated
1,875000.0,49,985000.0,203.0,1,Hispanic or Latino,White,Male,35-44,88.325,Loan originated
1,665000.0,30%-<36%,835000.0,246.0,1,Not Hispanic or Latino,White,Female,25-34,80.0,Loan originated
1,335000.0,46,435000.0,84.0,1,Not Hispanic or Latino,White,Male,35-44,77.064,Loan originated
1,455000.0,49,1355000.0,160.0,1,Not Hispanic or Latino,Asian,Female,45-54,33.58,Loan originated
1,405000.0,47,705000.0,175.0,1,Not Hispanic or Latino,Asian,Female,35-44,57.356,Loan originated
1,585000.0,37,615000.0,159.0,1,Not Hispanic or Latino,White,Male,25-34,94.953,Loan originated
1,535000.0,38,595000.0,140.0,1,Not Hispanic or Latino,White,Male,35-44,89.9,Loan originated
1,255000.0,20%-<30%,345000.0,140.0,1,Not Hispanic or Latino,Asian,Female,35-44,75.0,Loan originated
1,545000.0,44,565000.0,145.0,1,Not Hispanic or Latino,White,Female,45-54,100.0,Loan originated
1,405000.0,20%-<30%,505000.0,269.0,1,Hispanic or Latino,White,Male,35-44,80.0,Loan originated
1,405000.0,30%-<36%,505000.0,163.0,1,Not Hispanic or Latino,White,Male,35-44,80.0,Loan originated
1,95000.0,30%-<36%,595000.0,67.0,1,Not Hispanic or Latino,Black or African American,Male,55-64,15.526,Loan originated
1,365000.0,42,455000.0,83.0,1,Not Hispanic or Latino,2 or more minority races,Female,35-44,80.0,Loan originated
1,655000.0,45,1345000.0,150.0,1,Not Hispanic or Latino,White,Female,35-44,49.0,Loan originated
1,745000.0,30%-<36%,935000.0,554.0,1,Not Hispanic or Latino,White,Male,35-44,80.0,Loan originated
1,235000.0,47,325000.0,57.0,1,Not Hispanic or Latino,White,Male,35-44,72.05,Loan originated
1,395000.0,48,415000.0,98.0,1,Hispanic or Latino,White,Male,25-34,95.0,Loan originated
1,1065000.0,49,1425000.0,207.0,1,Not Hispanic or Latino,Asian,Male,25-34,75.0,Loan originated
1,685000.0,45,855000.0,185.0,1,Hispanic or Latino,White,Female,35-44,80.0,Loan originated
1,755000.0,30%-<36%,885000.0,0.0,1,Not Hispanic or Latino,White,Male,45-54,84.818,Loan originated
1,735000.0,42,975000.0,272.0,1,Not Hispanic or Latino,White,Female,45-54,75.0,Loan originated
1,1075000.0,42,1425000.0,279.0,1,Not Hispanic or Latino,Asian,Male,35-44,75.0,Loan originated
1,355000.0,40,375000.0,88.0,1,Hispanic or Latino,White,Male,45-54,97.0,Loan originated
1,575000.0,20%-<30%,715000.0,295.0,1,Not Hispanic or Latino,Asian,Male,25-34,80.0,Loan originated
1,245000.0,38,515000.0,83.0,1,Not Hispanic or Latino,White,Female,55-64,47.074,Loan originated
1,1005000.0,42,1255000.0,397.0,1,Hispanic or Latino,White,Female,45-54,80.0,Loan originated
1,625000.0,30%-<36%,795000.0,170.0,1,Not Hispanic or Latino,Asian,Male,25-34,78.206,Loan originated
1,405000.0,43,475000.0,119.0,1,Not Hispanic or Latino,Asian,Male,25-34,85.106,Loan originated
1,495000.0,49,625000.0,130.0,1,Not Hispanic or Latino,White,Female,35-44,80.0,Loan originated
1,275000.0,46,295000.0,95.0,1,Not Hispanic or Latino,White,Female,45-54,90.65,Application denied
1,575000.0,48,595000.0,114.0,1,Hispanic or Latino,White,Male,35-44,99.521,Loan originated
1,945000.0,49,1055000.0,222.0,1,Not Hispanic or Latino,White,Female,45-54,89.99,Loan originated
1,145000.0,41,715000.0,67.0,1,Not Hispanic or Latino,Asian,Male,25-34,20.317,Loan originated
1,305000.0,39,805000.0,93.0,1,Not Hispanic or Latino,White,Female,65-74,37.5,Loan originated
1,415000.0,30%-<36%,525000.0,203.0,1,Not Hispanic or Latino,White,Female,55-64,78.571,Application denied
1,145000.0,39,155000.0,130.0,1,Hispanic or Latino,White,Male,55-64,94.84,Application denied
1,565000.0,20%-<30%,715000.0,306.0,1,Not Hispanic or Latino,Asian,Female,35-44,80.0,Loan originated
1,385000.0,46,475000.0,136.0,1,Hispanic or Latino,White,Male,35-44,80.0,Loan originated
1,145000.0,50%-60%,165000.0,73.0,1,Hispanic or Latino,American Indian or Alaska Native,Male,25-34,92.19,Loan originated
1,35000.0,30%-<36%,45000.0,71.0,1,Not Hispanic or Latino,White,Female,55-64,77.31,Application denied
1,345000.0,43,495000.0,95.0,1,Not Hispanic or Latino,White,Female,45-54,69.633,Loan originated
1,385000.0,43,585000.0,190.0,1,Hispanic or Latino,White,Male,35-44,65.606,Loan originated
1,725000.0,42,855000.0,188.0,1,Not Hispanic or Latino,White,Male,25-34,85.0,Loan originated
1,435000.0,47,545000.0,144.0,1,Not Hispanic or Latino,Asian,Male,25-34,80.0,Loan originated
1,805000.0,49,1055000.0,164.0,1,Not Hispanic or Latino,Asian,Male,45-54,76.19,Loan originated
1,1125000.0,39,1505000.0,310.0,1,Not Hispanic or Latino,Asian,Female,25-34,75.0,Loan originated
1,185000.0,41,475000.0,63.0,1,Not Hispanic or Latino,White,Female,45-54,38.298,Loan originated
1,485000.0,37,535000.0,144.0,1,Not Hispanic or Latino,White,Female,25-34,90.0,Loan originated
1,695000.0,40,865000.0,228.0,1,Not Hispanic or Latino,Asian,Male,25-34,80.0,Loan originated
1,515000.0,42,645000.0,196.0,1,Not Hispanic or Latino,White,Female,35-44,80.0,Loan originated
1,505000.0,46,635000.0,128.0,1,Not Hispanic or Latino,White,Male,35-44,80.0,Loan originated
1,335000.0,49,535000.0,77.0,1,Hispanic or Latino,White,Male,35-44,63.0,Loan originated
1,495000.0,48,615000.0,135.0,1,Not Hispanic or Latino,Asian,Female,45-54,80.0,Loan originated
1,1005000.0,44,1285000.0,218.0,1,Not Hispanic or Latino,White,Male,25-34,78.13,Loan originated
1,1145000.0,41,1575000.0,315.0,1,Not Hispanic or Latino,Asian,Female,35-44,73.23,Loan originated
1,405000.0,49,455000.0,93.0,1,Hispanic or Latino,White,Male,55-64,90.0,Loan originated
1,765000.0,43,835000.0,225.0,1,Not Hispanic or Latino,Asian,Male,45-54,91.952,Loan originated
1,395000.0,37,505000.0,285.0,1,Hispanic or Latino,White,Female,55-64,79.0,Loan originated
1,385000.0,47,455000.0,72.0,1,Hispanic or Latino,Black or African American,Male,25-34,85.0,Loan originated
1,755000.0,49,1375000.0,184.0,1,Not Hispanic or Latino,White,Male,45-54,74.37,Loan originated
1,615000.0,37,885000.0,212.0,1,Not Hispanic or Latino,White,Male,45-54,70.0,Loan originated
1,1125000.0,39,1415000.0,305.0,1,Hispanic or Latino,White,Female,25-34,80.0,Loan originated
1,325000.0,<20%,675000.0,409.0,1,Not Hispanic or Latino,White,Female,35-44,48.148,Loan originated
1,865000.0,<20%,1225000.0,0.0,1,Not Hispanic or Latino,Asian,Female,45-54,70.37,Loan originated
1,645000.0,48,805000.0,140.0,1,Not Hispanic or Latino,White,Female,45-54,80.0,Loan originated
1,245000.0,20%-<30%,305000.0,165.0,1,Hispanic or Latino,White,Male,55-64,80.0,Loan originated
1,295000.0,49,495000.0,134.0,1,Not Hispanic or Latino,White,Female,65-74,59.548,Loan originated
1,585000.0,42,735000.0,147.0,1,Not Hispanic or Latino,Black or African American,Female,65-74,80.0,Loan originated
1,1075000.0,42,1205000.0,263.0,1,Not Hispanic or Latino,Asian,Female,35-44,89.917,Loan originated
1,505000.0,30%-<36%,895000.0,302.0,1,Not Hispanic or Latino,Asian,Female,25-34,56.054,Loan originated
1,465000.0,20%-<30%,475000.0,188.0,1,Not Hispanic or Latino,Asian,Female,25-34,96.882,Loan originated
1,475000.0,39,595000.0,163.0,1,Not Hispanic or Latino,Asian,Female,25-34,80.0,Loan originated
1,385000.0,39,525000.0,96.0,1,Not Hispanic or Latino,Asian,Male,45-54,74.28,Loan originated
1,475000.0,46,565000.0,105.0,1,Hispanic or Latino,White,Female,45-54,83.627,Loan originated
1,375000.0,48,455000.0,89.0,1,Hispanic or Latino,White,Male,25-34,82.222,Loan originated
1,735000.0,47,775000.0,217.0,1,Not Hispanic or Latino,White,Male,25-34,95.0,Loan originated
1,375000.0,42,1425000.0,114.0,1,Not Hispanic or Latino,Asian,Male,25-34,26.408,Loan originated
1,255000.0,38,285000.0,73.0,1,Hispanic or Latino,White,Male,25-34,90.0,Loan originated
1,735000.0,>60%,815000.0,142.0,1,Not Hispanic or Latino,Black or African American,Female,55-64,90.0,Application denied
1,375000.0,44,415000.0,87.0,1,Hispanic or Latino,White,Female,25-34,90.0,Loan originated
1,695000.0,20%-<30%,735000.0,244.0,1,Not Hispanic or Latino,Black or African American,Male,55-64,95.0,Loan originated
1,275000.0,48,285000.0,85.0,1,Hispanic or Latino,White,Female,65-74,101.94,Loan originated
1,485000.0,49,515000.0,205.0,1,Hispanic or Latino,White,Female,45-54,95.0,Loan originated
1,755000.0,30%-<36%,835000.0,246.0,1,Not Hispanic or Latino,White,Female,35-44,93.79,Loan originated
1,465000.0,49,715000.0,87.0,1,Not Hispanic or Latino,Asian,Male,25-34,64.78,Loan originated
1,455000.0,43,575000.0,98.0,1,Not Hispanic or Latino,White,Male,45-54,80.0,Loan originated
1,345000.0,38,455000.0,91.0,1,Not Hispanic or Latino,White,Male,35-44,75.556,Loan originated
1,345000.0,30%-<36%,595000.0,132.0,1,Not Hispanic or Latino,White,Male,45-54,57.841,Loan originated
1,765000.0,20%-<30%,855000.0,469.0,1,Not Hispanic or Latino,Asian,Male,45-54,90.0,Loan originated
1,565000.0,<20%,755000.0,447.0,1,Not Hispanic or Latino,White,Male,35-44,75.0,Loan originated
1,765000.0,48,1255000.0,170.0,1,Not Hispanic or Latino,Asian,Male,25-34,62.0,Loan originated
1,485000.0,47,695000.0,104.0,1,Hispanic or Latino,White,Male,<25,70.0,Loan originated
1,435000.0,20%-<30%,495000.0,201.0,1,Hispanic or Latino,White,Male,25-34,90.0,Loan originated
1,885000.0,30%-<36%,1775000.0,287.0,1,Not Hispanic or Latino,White,Female,45-54,50.0,Loan originated
1,545000.0,36,705000.0,163.0,1,Not Hispanic or Latino,Asian,Male,35-44,77.5,Loan originated
1,575000.0,49,645000.0,135.0,1,Hispanic or Latino,White,Male,25-34,90.0,Loan originated
1,355000.0,41,885000.0,114.0,1,Not Hispanic or Latino,Asian,Female,45-54,40.0,Loan originated
1,195000.0,>60%,275000.0,91.0,1,Not Hispanic or Latino,White,Female,55-64,69.091,Application denied
1,115000.0,20%-<30%,235000.0,195.0,1,Not Hispanic or Latino,White,Female,55-64,51.04,Loan originated
1,335000.0,>60%,355000.0,60.0,1,Hispanic or Latino,White,Female,25-34,97.0,Application denied
1,1005000.0,30%-<36%,1345000.0,317.0,1,Not Hispanic or Latino,Asian,Female,45-54,75.0,Loan originated
1,415000.0,39,555000.0,170.0,1,Not Hispanic or Latino,White,Male,35-44,75.0,Loan originated
1,415000.0,37,465000.0,141.0,1,Hispanic or Latino,White,Male,45-54,90.0,Loan originated
1,345000.0,46,425000.0,105.0,1,Not Hispanic or Latino,White,Female,>74,80.0,Loan originated
1,735000.0,30%-<36%,985000.0,215.0,1,Not Hispanic or Latino,White,Female,65-74,75.0,Loan originated
1,365000.0,36,485000.0,111.0,1,Not Hispanic or Latino,Asian,Male,25-34,74.227,Loan originated
1,295000.0,48,335000.0,85.0,1,Hispanic or Latino,White,Male,35-44,90.0,Loan originated
1,515000.0,44,595000.0,203.0,1,Not Hispanic or Latino,Asian,Male,35-44,86.555,Loan originated
1,585000.0,50%-60%,615000.0,133.0,1,Not Hispanic or Latino,Black or African American,Female,45-54,95.0,Loan originated
1,455000.0,37,755000.0,117.0,1,Not Hispanic or Latino,White,Male,25-34,60.0,Loan originated
1,855000.0,20%-<30%,1065000.0,790.0,1,Not Hispanic or Latino,White,Male,55-64,80.0,Loan originated
1,585000.0,20%-<30%,645000.0,258.0,1,Not Hispanic or Latino,White,Male,45-54,89.996,Loan originated
1,495000.0,20%-<30%,535000.0,165.0,1,Not Hispanic or Latino,Asian,Male,35-44,95.0,Loan originated
1,755000.0,44,1005000.0,367.0,1,Not Hispanic or Latino,White,Male,45-54,75.0,Loan originated
1,315000.0,20%-<30%,375000.0,104.0,1,Hispanic or Latino,White,Male,<25,105.0,Loan originated
1,575000.0,46,715000.0,178.0,1,Not Hispanic or Latino,White,Male,25-34,80.0,Loan originated
1,435000.0,47,545000.0,8.0,1,Not Hispanic or Latino,Asian,Male,25-34,79.63,Loan originated
1,755000.0,20%-<30%,1755000.0,441.0,1,Not Hispanic or Latino,White,Male,55-64,42.86,Loan originated
1,415000.0,38,435000.0,133.0,1,Hispanic or Latino,White,Male,35-44,95.0,Loan originated
1,345000.0,<20%,575000.0,203.0,1,Not Hispanic or Latino,White,Male,25-34,60.0,Loan originated
1,715000.0,40,955000.0,204.0,1,Hispanic or Latino,White,Male,25-34,75.0,Loan originated
1,795000.0,30%-<36%,1055000.0,222.0,1,Not Hispanic or Latino,White,Male,45-54,75.71,Loan originated
1,715000.0,37,895000.0,213.0,1,Not Hispanic or Latino,Asian,Male,25-34,79.99,Loan originated
1,475000.0,48,595000.0,248.0,1,Not Hispanic or Latino,White,Male,35-44,79.999,Loan originated
1,435000.0,50%-60%,475000.0,100.0,1,Not Hispanic or Latino,Asian,Female,45-54,90.0,Application denied
1,535000.0,30%-<36%,665000.0,193.0,1,Not Hispanic or Latino,Asian,Male,35-44,80.0,Loan originated
1,655000.0,30%-<36%,1005000.0,237.0,1,Not Hispanic or Latino,White,Male,35-44,65.0,Loan originated
1,325000.0,30%-<36%,515000.0,90.0,1,Hispanic or Latino,White,Female,45-54,64.0,Loan originated
1,615000.0,20%-<30%,775000.0,260.0,1,Not Hispanic or Latino,White,Male,35-44,80.0,Loan originated
1,875000.0,45,1025000.0,198.0,1,Not Hispanic or Latino,Asian,Female,35-44,85.0,Loan originated
1,345000.0,41,435000.0,79.0,1,Not Hispanic or Latino,Asian,Male,25-34,80.0,Loan originated
1,725000.0,43,845000.0,149.0,1,Not Hispanic or Latino,Asian,Male,25-34,85.0,Loan originated
1,695000.0,49,925000.0,280.0,1,Not Hispanic or Latino,White,Male,35-44,89.989,Loan originated
1,515000.0,39,605000.0,150.0,1,Not Hispanic or Latino,Asian,Male,25-34,85.833,Loan originated
1,725000.0,>60%,1375000.0,143.0,1,Not Hispanic or Latino,White,Female,45-54,52.288,Application denied
1,955000.0,41,1775000.0,268.0,1,Not Hispanic or Latino,White,Male,55-64,53.775,Loan originated
1,275000.0,48,285000.0,64.0,1,Hispanic or Latino,White,Male,35-44,100.0,Application denied
1,235000.0,43,335000.0,56.0,1,Hispanic or Latino,White,Female,55-64,69.697,Loan originated
1,335000.0,47,375000.0,89.0,1,Not Hispanic or Latino,Black or African American,Female,35-44,90.0,Loan originated
1,495000.0,39,705000.0,136.0,1,Not Hispanic or Latino,Black or African American,Female,65-74,70.0,Loan originated
1,385000.0,44,415000.0,104.0,1,Hispanic or Latino,White,Male,25-34,92.23,Loan originated
1,455000.0,40,575000.0,215.0,1,Not Hispanic or Latino,Asian,Male,35-44,80.0,Application denied
1,685000.0,47,785000.0,135.0,1,Not Hispanic or Latino,Asian,Male,25-34,87.268,Loan originated
1,1045000.0,40,1605000.0,297.0,1,Not Hispanic or Latino,Asian,Male,25-34,65.0,Loan originated
1,905000.0,49,2305000.0,223.0,1,Not Hispanic or Latino,White,Male,>74,39.046,Loan originated
1,525000.0,48,585000.0,260.0,1,Not Hispanic or Latino,White,Female,35-44,89.999,Loan originated
1,655000.0,39,825000.0,257.0,1,Not Hispanic or Latino,Asian,Male,45-54,80.0,Loan originated
1,265000.0,30%-<36%,275000.0,84.0,1,Not Hispanic or Latino,White,Male,25-34,97.0,Loan originated
1,315000.0,20%-<30%,835000.0,132.0,1,Not Hispanic or Latino,White,Female,45-54,38.0,Loan originated
1,655000.0,47,1955000.0,329.0,1,Not Hispanic or Latino,White,Male,45-54,34.0,Loan originated
1,735000.0,45,925000.0,150.0,1,Not Hispanic or Latino,Asian,Male,25-34,80.0,Loan originated
1,455000.0,47,485000.0,88.0,1,Not Hispanic or Latino,White,Male,35-44,94.0,Loan originated
1,855000.0,20%-<30%,1355000.0,362.0,1,Not Hispanic or Latino,White,Male,25-34,62.96,Loan originated
1,405000.0,48,505000.0,95.0,1,Hispanic or Latino,White,Male,25-34,80.0,Application denied
1,515000.0,47,705000.0,114.0,1,Hispanic or Latino,White,Female,55-64,72.84,Loan originated
1,1005000.0,>60%,3005000.0,181.0,1,Not Hispanic or Latino,Asian,Male,>74,33.333,Application denied
1,875000.0,39,1095000.0,310.0,1,Not Hispanic or Latino,Asian,Male,25-34,80.0,Application denied
1,485000.0,42,605000.0,128.0,1,Not Hispanic or Latino,White,Male,25-34,80.0,Loan originated
1,1075000.0,<20%,1335000.0,1123.0,1,Not Hispanic or Latino,White,Male,35-44,80.0,Loan originated
1,1055000.0,44,1115000.0,237.0,1,Not Hispanic or Latino,White,Female,35-44,95.0,Loan originated
1,425000.0,40,535000.0,190.0,1,Hispanic or Latino,White,Female,55-64,80.0,Loan originated
1,455000.0,45,595000.0,107.0,1,Hispanic or Latino,American Indian or Alaska Native,Male,25-34,76.704,Loan originated
1,485000.0,46,605000.0,106.0,1,Hispanic or Latino,White,Female,25-34,80.0,Loan originated
1,585000.0,48,905000.0,132.0,1,Not Hispanic or Latino,Asian,Male,35-44,64.59,Loan originated
1,405000.0,41,855000.0,236.0,1,Not Hispanic or Latino,White,Female,65-74,47.059,Loan originated
1,975000.0,20%-<30%,1625000.0,384.0,1,Not Hispanic or Latino,Asian,Male,25-34,60.0,Loan originated
1,885000.0,47,1245000.0,220.0,1,Not Hispanic or Latino,White,Female,35-44,80.0,Loan originated
1,525000.0,20%-<30%,535000.0,264.0,1,Hispanic or Latino,White,Male,25-34,97.0,Loan originated
1,265000.0,43,355000.0,107.0,1,Not Hispanic or Latino,White,Male,55-64,75.0,Loan originated
1,945000.0,41,1105000.0,239.0,1,Hispanic or Latino,White,Male,35-44,85.0,Loan originated
1,485000.0,45,605000.0,148.0,1,Not Hispanic or Latino,White,Female,35-44,80.0,Loan originated
1,365000.0,40,455000.0,85.0,1,Hispanic or Latino,White,Male,25-34,80.0,Loan originated
1,725000.0,44,905000.0,184.0,1,Not Hispanic or Latino,Asian,Male,45-54,80.0,Loan originated
1,765000.0,46,1695000.0,228.0,1,Not Hispanic or Latino,White,Female,45-54,45.224,Loan originated
1,235000.0,41,875000.0,77.0,1,Not Hispanic or Latino,Asian,Female,35-44,27.0,Loan originated
1,255000.0,42,465000.0,134.0,1,Not Hispanic or Latino,White,Female,65-74,53.446,Loan originated
1,215000.0,49,255000.0,44.0,1,Hispanic or Latino,White,Male,<25,105.0,Loan originated
1,315000.0,30%-<36%,915000.0,116.0,1,Not Hispanic or Latino,Asian,Male,35-44,34.569,Loan originated
1,705000.0,49,885000.0,205.0,1,Not Hispanic or Latino,White,Female,55-64,79.322,Loan originated
1,575000.0,40,615000.0,176.0,1,Hispanic or Latino,White,Male,35-44,95.0,Loan originated
1,765000.0,42,1255000.0,173.0,1,Not Hispanic or Latino,White,Male,65-74,61.177,Loan originated
1,925000.0,42,1155000.0,242.0,1,Not Hispanic or Latino,White,Female,>74,80.0,Loan originated
1,385000.0,49,405000.0,93.0,1,Hispanic or Latino,White,Male,35-44,95.0,Loan originated
1,435000.0,42,455000.0,150.0,1,Hispanic or Latino,White,Male,35-44,95.0,Loan originated
1,155000.0,20%-<30%,575000.0,119.0,1,Not Hispanic or Latino,Asian,Male,45-54,27.824,Loan originated
1,425000.0,47,495000.0,97.0,1,Hispanic or Latino,White,Male,45-54,86.0,Loan originated
1,795000.0,30%-<36%,995000.0,257.0,1,Not Hispanic or Latino,White,Female,45-54,79.56,Loan originated
1,355000.0,30%-<36%,935000.0,134.0,1,Not Hispanic or Latino,Asian,Female,25-34,37.43,Loan originated
1,425000.0,41,625000.0,118.0,1,Not Hispanic or Latino,Asian,Male,35-44,68.227,Loan originated
1,405000.0,40,455000.0,98.0,1,Not Hispanic or Latino,White,Male,25-34,90.0,Loan originated
1,235000.0,40,595000.0,82.0,1,Not Hispanic or Latino,Asian,Male,55-64,39.45,Loan originated
1,525000.0,48,895000.0,113.0,1,Not Hispanic or Latino,Asian,Male,35-44,58.427,Loan originated
1,345000.0,49,405000.0,72.0,1,Not Hispanic or Latino,Asian,Female,25-34,85.0,Loan originated
1,865000.0,48,1025000.0,240.0,1,Hispanic or Latino,White,Male,35-44,85.0,Loan originated
1,465000.0,49,585000.0,115.0,1,Not Hispanic or Latino,White,Male,35-44,79.31,Loan originated
1,495000.0,44,515000.0,112.0,1,Hispanic or Latino,White,Female,35-44,95.0,Loan originated
1,405000.0,36,435000.0,123.0,1,Hispanic or Latino,White,Male,25-34,95.0,Loan originated
1,635000.0,47,855000.0,139.0,1,Not Hispanic or Latino,Asian,Female,45-54,74.35,Loan originated
1,475000.0,46,755000.0,127.0,1,Not Hispanic or Latino,Asian,Male,35-44,62.25,Loan originated
1,315000.0,44,515000.0,83.0,1,Not Hispanic or Latino,White,Female,55-64,60.79,Loan originated
1,545000.0,20%-<30%,685000.0,452.0,1,Not Hispanic or Latino,Asian,Male,35-44,80.0,Loan originated
1,725000.0,40,805000.0,185.0,1,Not Hispanic or Latino,White,Male,25-34,90.0,Loan originated
1,265000.0,30%-<36%,1195000.0,117.0,1,Not Hispanic or Latino,White,Female,45-54,21.81,Loan originated
1,715000.0,46,845000.0,181.0,1,Not Hispanic or Latino,White,Male,35-44,85.0,Loan originated
1,565000.0,42,865000.0,177.0,1,Not Hispanic or Latino,Asian,Female,45-54,65.238,Loan originated
1,245000.0,39,595000.0,71.0,1,Not Hispanic or Latino,White,Female,>74,41.176,Loan originated
1,895000.0,50%-60%,945000.0,175.0,1,Not Hispanic or Latino,Asian,Female,45-54,95.0,Loan originated
1,315000.0,<20%,515000.0,209.0,1,Not Hispanic or Latino,Asian,Male,45-54,61.464,Loan originated
1,595000.0,46,995000.0,176.0,1,Not Hispanic or Latino,White,Female,35-44,59.799,Loan originated
1,635000.0,<20%,815000.0,291.0,1,Not Hispanic or Latino,Asian,Male,35-44,78.4,Application denied
1,405000.0,39,905000.0,158.0,1,Not Hispanic or Latino,White,Male,35-44,44.934,Loan originated
1,355000.0,40,445000.0,110.0,1,Not Hispanic or Latino,Black or African American,Male,55-64,80.0,Loan originated
1,485000.0,39,545000.0,180.0,1,Hispanic or Latino,White,Female,45-54,90.0,Loan originated
1,445000.0,20%-<30%,495000.0,189.0,1,Not Hispanic or Latino,White,Male,65-74,90.0,Loan originated
1,855000.0,48,1155000.0,185.0,1,Not Hispanic or Latino,White,Female,25-34,73.913,Loan originated
1,565000.0,50%-60%,595000.0,110.0,1,Hispanic or Latino,White,Male,45-54,95.0,Loan originated
1,1045000.0,44,1315000.0,232.0,1,Not Hispanic or Latino,Asian,Male,35-44,79.76,Loan originated
1,595000.0,43,1185000.0,184.0,1,Not Hispanic or Latino,Asian,Female,35-44,50.0,Loan originated
1,535000.0,43,635000.0,125.0,1,Not Hispanic or Latino,White,Male,35-44,84.252,Loan originated
1,805000.0,40,845000.0,185.0,1,Hispanic or Latino,White,Male,25-34,95.0,Loan originated
1,565000.0,20%-<30%,915000.0,284.0,1,Not Hispanic or Latino,White,Female,55-64,61.538,Loan originated
1,285000.0,40,605000.0,87.0,1,Not Hispanic or Latino,White,Female,45-54,46.281,Loan originated
1,565000.0,42,585000.0,153.0,1,Not Hispanic or Latino,White,Female,45-54,97.0,Loan originated
1,225000.0,20%-<30%,715000.0,116.0,1,Hispanic or Latino,White,Female,65-74,31.359,Loan originated
1,245000.0,46,405000.0,260.0,1,Not Hispanic or Latino,White,Female,25-34,60.0,Loan originated
1,335000.0,30%-<36%,355000.0,136.0,1,Hispanic or Latino,White,Female,35-44,95.0,Loan originated
1,85000.0,49,155000.0,76.0,1,Hispanic or Latino,White,Male,25-34,51.95,Loan originated
1,765000.0,20%-<30%,955000.0,259.0,1,Not Hispanic or Latino,Asian,Female,45-54,80.0,Loan originated
1,395000.0,47,495000.0,113.0,1,Hispanic or Latino,White,Male,45-54,80.0,Application denied
1,1145000.0,46,1205000.0,308.0,1,Hispanic or Latino,White,Male,25-34,95.0,Loan originated
1,485000.0,37,975000.0,172.0,1,Not Hispanic or Latino,Asian,Female,35-44,101.621,Loan originated
1,495000.0,20%-<30%,895000.0,241.0,1,Not Hispanic or Latino,Asian,Male,35-44,56.0,Loan originated
1,525000.0,46,655000.0,131.0,1,Not Hispanic or Latino,White,Male,25-34,80.0,Loan originated
1,105000.0,30%-<36%,655000.0,66.0,1,Not Hispanic or Latino,White,Male,>74,15.385,Loan originated
1,485000.0,48,655000.0,103.0,1,Not Hispanic or Latino,Asian,Male,25-34,75.0,Loan originated
1,425000.0,50%-60%,535000.0,93.0,1,Hispanic or Latino,White,Female,35-44,80.0,Application denied
1,175000.0,48,185000.0,35.0,1,Hispanic or Latino,White,Female,<25,95.0,Loan originated
1,465000.0,43,485000.0,120.0,1,Hispanic or Latino,White,Male,35-44,95.0,Loan originated
1,375000.0,37,465000.0,145.0,1,Hispanic or Latino,White,Female,25-34,80.0,Loan originated
1,565000.0,30%-<36%,1125000.0,195.0,1,Not Hispanic or Latino,Black or African American,Female,65-74,50.0,Loan originated
1,395000.0,43,695000.0,144.0,1,Hispanic or Latino,White,Male,35-44,58.0,Loan originated
1,265000.0,20%-<30%,335000.0,256.0,1,Hispanic or Latino,American Indian or Alaska Native,Female,35-44,80.0,Loan originated
1,205000.0,44,225000.0,86.0,1,Not Hispanic or Latino,Black or African American,Female,25-34,90.0,Loan originated
1,375000.0,20%-<30%,465000.0,159.0,1,Hispanic or Latino,White,Male,35-44,80.0,Loan originated
1,665000.0,<20%,825000.0,1083.0,1,Not Hispanic or Latino,White,Female,35-44,80.0,Loan originated
1,425000.0,41,455000.0,104.0,1,Hispanic or Latino,White,Male,25-34,95.0,Loan originated
1,335000.0,41,355000.0,84.0,1,Hispanic or Latino,White,Male,45-54,95.0,Loan originated
1,495000.0,46,555000.0,196.0,1,Not Hispanic or Latino,Black or African American,Female,45-54,90.0,Loan originated
1,525000.0,48,545000.0,109.0,1,Hispanic or Latino,White,Female,45-54,95.0,Loan originated
1,165000.0,<20%,355000.0,113.0,1,Not Hispanic or Latino,White,Male,35-44,46.479,Loan originated
1,285000.0,30%-<36%,555000.0,114.0,1,Not Hispanic or Latino,White,Female,55-64,52.0,Loan originated
1,645000.0,49,805000.0,237.0,1,Hispanic or Latino,White,Male,45-54,80.0,Loan originated
1,635000.0,40,795000.0,173.0,1,Not Hispanic or Latino,White,Male,25-34,80.0,Loan originated
1,405000.0,20%-<30%,595000.0,144.0,1,Hispanic or Latino,White,Male,45-54,68.28,Loan originated
1,535000.0,41,565000.0,133.0,1,Not Hispanic or Latino,Asian,Female,35-44,95.0,Loan originated
1,495000.0,45,625000.0,12.0,1,Not Hispanic or Latino,Asian,Female,35-44,80.0,Loan originated
1,475000.0,42,535000.0,107.0,1,Hispanic or Latino,White,Female,65-74,89.91,Loan originated
1,585000.0,47,735000.0,120.0,1,Hispanic or Latino,White,Male,25-34,80.0,Loan originated
1,425000.0,46,515000.0,100.0,1,Hispanic or Latino,White,Male,65-74,82.93,Loan originated
1,735000.0,48,775000.0,158.0,1,Hispanic or Latino,American Indian or Alaska Native,Female,35-44,95.0,Loan originated
1,735000.0,49,855000.0,147.0,1,Hispanic or Latino,White,Female,55-64,85.882,Loan originated
1,355000.0,20%-<30%,365000.0,125.0,1,Not Hispanic or Latino,White,Male,25-34,100.0,Loan originated
1,275000.0,30%-<36%,625000.0,114.0,1,Not Hispanic or Latino,White,Female,55-64,43.91,Loan originated
1,545000.0,44,605000.0,105.0,1,Hispanic or Latino,White,Female,25-34,90.0,Loan originated
1,445000.0,40,555000.0,128.0,1,Hispanic or Latino,White,Male,35-44,80.0,Loan originated
1,485000.0,43,605000.0,123.0,1,Not Hispanic or Latino,Asian,Male,35-44,80.0,Loan originated
1,335000.0,30%-<36%,685000.0,96.0,1,Not Hispanic or Latino,White,Female,55-64,48.627,Loan originated
1,815000.0,39,865000.0,218.0,1,Not Hispanic or Latino,White,Male,35-44,95.0,Loan originated
1,225000.0,45,405000.0,86.0,1,Not Hispanic or Latino,White,Male,35-44,55.55,Loan originated
1,815000.0,45,905000.0,334.0,1,Not Hispanic or Latino,White,Male,45-54,90.0,Loan originated
1,385000.0,<20%,395000.0,214.0,1,Hispanic or Latino,White,Male,<25,97.0,Loan originated
1,385000.0,30%-<36%,605000.0,165.0,1,Not Hispanic or Latino,White,Male,45-54,63.33,Loan originated
1,705000.0,49,875000.0,140.0,1,Not Hispanic or Latino,Asian,Male,35-44,80.0,Loan originated
1,765000.0,30%-<36%,965000.0,258.0,1,Not Hispanic or Latino,White,Male,35-44,80.0,Loan originated
1,975000.0,49,1225000.0,220.0,1,Not Hispanic or Latino,White,Female,35-44,80.0,Loan originated
1,565000.0,46,715000.0,160.0,1,Not Hispanic or Latino,White,Male,25-34,80.0,Loan originated
1,555000.0,43,695000.0,147.0,1,Not Hispanic or Latino,Asian,Female,25-34,80.0,Loan originated
1,595000.0,30%-<36%,985000.0,278.0,1,Not Hispanic or Latino,White,Male,55-64,90.82,Loan originated
1,295000.0,49,325000.0,72.0,1,Hispanic or Latino,White,Male,25-34,90.0,Loan originated
1,295000.0,43,795000.0,194.0,1,Not Hispanic or Latino,White,Male,65-74,36.709,Loan originated
1,995000.0,<20%,1695000.0,4864.0,1,Not Hispanic or Latino,White,Male,45-54,58.7,Loan originated
1,335000.0,46,355000.0,72.0,1,Hispanic or Latino,White,Male,<25,95.0,Loan originated
1,325000.0,49,425000.0,65.0,1,Not Hispanic or Latino,White,Female,>74,76.303,Loan originated
1,525000.0,49,1155000.0,267.0,1,Not Hispanic or Latino,Asian,Male,55-64,45.65,Application denied
1,385000.0,20%-<30%,475000.0,172.0,1,Not Hispanic or Latino,Asian,Female,45-54,80.0,Application denied
1,575000.0,49,675000.0,159.0,1,Hispanic or Latino,White,Male,25-34,85.0,Loan originated
1,635000.0,48,935000.0,143.0,1,Not Hispanic or Latino,Asian,Male,25-34,67.742,Loan originated
1,185000.0,30%-<36%,985000.0,104.0,1,Not Hispanic or Latino,White,Female,65-74,18.946,Loan originated
1,685000.0,30%-<36%,855000.0,189.0,1,Not Hispanic or Latino,White,Male,35-44,80.0,Loan originated
1,395000.0,47,605000.0,129.0,1,Not Hispanic or Latino,White,Male,35-44,66.584,Loan originated
1,685000.0,30%-<36%,855000.0,216.0,1,Not Hispanic or Latino,White,Male,35-44,80.0,Loan originated
1,675000.0,46,755000.0,217.0,1,Not Hispanic or Latino,White,Male,35-44,90.0,Loan originated
1,185000.0,47,465000.0,54.0,1,Hispanic or Latino,White,Female,55-64,40.645,Loan originated
1,265000.0,36,355000.0,77.0,1,Not Hispanic or Latino,White,Male,<25,74.286,Loan originated
1,385000.0,30%-<36%,455000.0,119.0,1,Hispanic or Latino,White,Male,65-74,85.0,Loan originated
1,395000.0,41,435000.0,112.0,1,Not Hispanic or Latino,Asian,Female,45-54,90.0,Loan originated
1,505000.0,44,995000.0,165.0,1,Not Hispanic or Latino,Asian,Female,25-34,50.9,Loan originated
1,545000.0,46,675000.0,120.0,1,Not Hispanic or Latino,Asian,Female,25-34,80.0,Loan originated
1,915000.0,30%-<36%,1145000.0,1014.0,1,Not Hispanic or Latino,White,Male,25-34,80.0,Loan originated
1,445000.0,47,745000.0,166.0,1,Not Hispanic or Latino,White,Male,55-64,60.0,Loan originated
1,765000.0,20%-<30%,1375000.0,350.0,1,Not Hispanic or Latino,White,Female,25-34,57.85,Loan originated
1,1105000.0,44,1505000.0,271.0,1,Not Hispanic or Latino,Asian,Female,45-54,74.0,Loan originated
1,485000.0,>60%,505000.0,99.0,1,Not Hispanic or Latino,White,Male,55-64,95.752,Application denied
1,435000.0,48,475000.0,132.0,1,Not Hispanic or Latino,White,Male,55-64,91.579,Loan originated
1,765000.0,39,905000.0,312.0,1,Hispanic or Latino,White,Male,25-34,85.0,Loan originated
1,415000.0,44,745000.0,130.0,1,Not Hispanic or Latino,Asian,Female,25-34,55.94,Loan originated
1,1325000.0,36,2205000.0,985.0,1,Not Hispanic or Latino,Asian,Male,35-44,60.0,Loan originated
1,605000.0,41,635000.0,193.0,1,Not Hispanic or Latino,Asian,Female,35-44,95.0,Loan originated
1,335000.0,49,485000.0,81.0,1,Not Hispanic or Latino,White,Female,>74,68.75,Loan originated
1,585000.0,45,595000.0,150.0,1,Hispanic or Latino,White,Female,35-44,97.0,Loan originated
1,585000.0,41,735000.0,146.0,1,Not Hispanic or Latino,White,Male,25-34,80.0,Loan originated
1,105000.0,41,295000.0,37.0,1,Hispanic or Latino,White,Female,25-34,36.61,Loan originated
1,875000.0,44,1275000.0,246.0,1,Hispanic or Latino,White,Female,45-54,68.627,Loan originated
1,1125000.0,45,1605000.0,322.0,1,Not Hispanic or Latino,Asian,Female,25-34,75.0,Loan originated
1,815000.0,>60%,1085000.0,56.0,1,Not Hispanic or Latino,2 or more minority races,Female,45-54,75.0,Application denied
1,675000.0,42,705000.0,177.0,1,Hispanic or Latino,White,Male,35-44,95.0,Loan originated
1,435000.0,49,605000.0,118.0,1,Not Hispanic or Latino,White,Female,45-54,71.67,Loan originated
1,885000.0,40,1105000.0,263.0,1,Hispanic or Latino,White,Female,35-44,80.0,Application denied
1,795000.0,41,835000.0,120.0,1,Hispanic or Latino,White,Male,65-74,95.0,Loan originated
1,385000.0,43,475000.0,105.0,1,Hispanic or Latino,White,Male,25-34,105.319,Application denied
1,935000.0,44,1255000.0,261.0,1,Not Hispanic or Latino,Asian,Male,25-34,75.0,Loan originated
1,415000.0,40,435000.0,183.0,1,Hispanic or Latino,White,Female,25-34,95.0,Loan originated
1,565000.0,42,715000.0,166.0,1,Not Hispanic or Latino,White,Female,25-34,80.0,Loan originated
1,355000.0,42,445000.0,78.0,1,Not Hispanic or Latino,White,Male,35-44,80.0,Loan originated
1,465000.0,49,585000.0,175.0,1,Not Hispanic or Latino,Asian,Female,35-44,80.0,Loan originated
1,325000.0,30%-<36%,405000.0,108.0,1,Not Hispanic or Latino,White,Male,25-34,80.0,Loan originated
1,395000.0,41,695000.0,116.0,1,Not Hispanic or Latino,Asian,Female,45-54,56.83,Loan originated
1,705000.0,20%-<30%,3005000.0,527.0,1,Not Hispanic or Latino,Asian,Male,35-44,23.333,Loan originated
1,485000.0,46,575000.0,105.0,1,Hispanic or Latino,White,Female,45-54,85.0,Loan originated
1,525000.0,20%-<30%,625000.0,209.0,1,Hispanic or Latino,White,Male,25-34,84.0,Loan originated
1,235000.0,45,295000.0,53.0,1,Not Hispanic or Latino,White,Female,55-64,80.0,Loan originated
1,155000.0,37,305000.0,77.0,1,Hispanic or Latino,White,Male,55-64,50.0,Loan originated
1,985000.0,43,1225000.0,317.0,1,Not Hispanic or Latino,Asian,Male,35-44,80.0,Loan originated
1,185000.0,48,685000.0,53.0,1,Not Hispanic or Latino,White,Female,>74,27.314,Loan originated
1,275000.0,39,305000.0,81.0,1,Hispanic or Latino,White,Male,25-34,90.0,Loan originated
1,475000.0,49,525000.0,142.0,1,Hispanic or Latino,White,Female,35-44,90.0,Loan originated
1,535000.0,46,565000.0,190.0,1,Not Hispanic or Latino,Asian,Male,55-64,95.0,Loan originated
1,485000.0,44,585000.0,194.0,1,Hispanic or Latino,White,Female,25-34,83.0,Application denied
1,65000.0,20%-<30%,85000.0,90.0,1,Hispanic or Latino,American Indian or Alaska Native,Female,65-74,75.0,Loan originated
1,745000.0,41,825000.0,200.0,1,Not Hispanic or Latino,White,Female,35-44,90.0,Loan originated
1,345000.0,49,425000.0,64.0,1,Not Hispanic or Latino,White,Female,25-34,80.0,Loan originated
1,155000.0,30%-<36%,165000.0,77.0,1,Hispanic or Latino,White,Male,45-54,94.956,Loan originated
1,105000.0,20%-<30%,355000.0,65.0,1,Hispanic or Latino,White,Male,25-34,28.572,Loan originated
1,485000.0,40,615000.0,274.0,1,Not Hispanic or Latino,White,Male,55-64,78.69,Loan originated
1,885000.0,20%-<30%,1105000.0,417.0,1,Not Hispanic or Latino,White,Male,25-34,80.0,Loan originated
1,365000.0,30%-<36%,375000.0,140.0,1,Not Hispanic or Latino,Asian,Male,25-34,97.0,Loan originated
1,505000.0,49,525000.0,102.0,1,Hispanic or Latino,White,Male,55-64,95.0,Loan originated
1,335000.0,48,355000.0,68.0,1,Hispanic or Latino,White,Female,45-54,95.0,Loan originated
1,645000.0,20%-<30%,805000.0,234.0,1,Hispanic or Latino,White,Female,35-44,80.0,Loan originated
1,155000.0,45,165000.0,40.0,1,Not Hispanic or Latino,White,Male,25-34,95.0,Loan originated
1,485000.0,46,505000.0,150.0,1,Hispanic or Latino,White,Male,45-54,97.0,Loan originated
1,515000.0,42,575000.0,132.0,1,Not Hispanic or Latino,Asian,Male,45-54,90.0,Loan originated
1,1145000.0,46,1435000.0,267.0,1,Not Hispanic or Latino,White,Male,25-34,80.0,Loan originated
1,205000.0,30%-<36%,295000.0,80.0,1,Hispanic or Latino,White,Male,55-64,68.966,Application denied
1,805000.0,49,845000.0,190.0,1,Hispanic or Latino,White,Female,25-34,94.988,Loan originated
1,275000.0,20%-<30%,475000.0,180.0,1,Hispanic or Latino,American Indian or Alaska Native,Female,45-54,58.0,Loan originated
1,665000.0,20%-<30%,955000.0,243.0,1,Not Hispanic or Latino,Asian,Female,65-74,70.0,Loan originated
1,675000.0,40,775000.0,257.0,1,Not Hispanic or Latino,White,Male,25-34,87.097,Loan originated
1,175000.0,<20%,465000.0,319.0,1,Hispanic or Latino,White,Male,35-44,39.0,Loan originated
1,175000.0,36,345000.0,60.0,1,Hispanic or Latino,White,Female,<25,50.0,Loan originated
1,725000.0,30%-<36%,765000.0,271.0,1,Not Hispanic or Latino,Asian,Male,25-34,95.0,Loan originated
1,1115000.0,45,1395000.0,275.0,1,Hispanic or Latino,White,Male,35-44,80.0,Loan originated
1,395000.0,48,415000.0,84.0,1,Not Hispanic or Latino,Black or African American,Female,45-54,100.0,Loan originated
1,365000.0,45,425000.0,82.0,1,Not Hispanic or Latino,White,Female,>74,85.0,Loan originated
1,165000.0,20%-<30%,365000.0,85.0,1,Not Hispanic or Latino,White,Male,25-34,45.205,Loan originated
1,375000.0,42,535000.0,8800.0,1,Not Hispanic or Latino,Asian,Female,35-44,70.0,Loan originated
1,415000.0,44,525000.0,104.0,1,Hispanic or Latino,Black or African American,Male,35-44,100.0,Application denied
1,765000.0,43,865000.0,234.0,1,Not Hispanic or Latino,White,Male,35-44,89.134,Loan originated
1,325000.0,44,345000.0,72.0,1,Hispanic or Latino,White,Female,35-44,95.0,Loan originated
1,1125000.0,42,1405000.0,489.0,1,Not Hispanic or Latino,Asian,Female,35-44,80.0,Loan originated
1,605000.0,49,945000.0,193.0,1,Not Hispanic or Latino,Asian,Female,45-54,64.52,Loan originated
1,175000.0,39,185000.0,46.0,1,Not Hispanic or Latino,White,Female,<25,98.0,Loan originated
1,495000.0,41,625000.0,124.0,1,Hispanic or Latino,White,Male,35-44,79.452,Loan originated
1,705000.0,40,725000.0,197.0,1,Not Hispanic or Latino,Native Hawaiian or Other Pacific Islander,Male,25-34,97.0,Loan originated
1,615000.0,48,645000.0,163.0,1,Not Hispanic or Latino,Asian,Female,55-64,95.0,Loan originated
1,615000.0,20%-<30%,875000.0,300.0,1,Not Hispanic or Latino,Asian,Male,35-44,70.0,Loan originated
1,245000.0,49,315000.0,47.0,1,Hispanic or Latino,White,Female,55-64,80.0,Loan originated
1,895000.0,37,995000.0,257.0,1,Not Hispanic or Latino,White,Female,35-44,90.0,Loan originated
1,425000.0,40,455000.0,112.0,1,Not Hispanic or Latino,White,Female,35-44,95.0,Loan originated
1,375000.0,45,425000.0,76.0,1,Not Hispanic or Latino,White,Male,45-54,90.0,Loan originated
1,1005000.0,48,1905000.0,227.0,1,Not Hispanic or Latino,Asian,Male,45-54,52.63,Loan originated
1,1045000.0,36,1395000.0,308.0,1,Not Hispanic or Latino,Asian,Female,45-54,75.0,Loan originated
1,1145000.0,43,1205000.0,348.0,1,Hispanic or Latino,White,Male,35-44,95.0,Loan originated
1,1025000.0,49,1295000.0,208.0,1,Not Hispanic or Latino,White,Male,35-44,79.05,Loan originated
1,885000.0,44,985000.0,228.0,1,Not Hispanic or Latino,White,Male,35-44,90.0,Loan originated
1,185000.0,42,245000.0,75.0,1,Hispanic or Latino,White,Male,25-34,73.469,Application denied
1,505000.0,30%-<36%,985000.0,156.0,1,Not Hispanic or Latino,White,Male,25-34,50.761,Loan originated
1,425000.0,49,525000.0,79.0,1,Not Hispanic or Latino,Asian,Male,45-54,80.0,Loan originated
1,995000.0,46,1005000.0,240.0,1,Not Hispanic or Latino,White,Male,55-64,99.0,Application denied
1,175000.0,20%-<30%,235000.0,90.0,1,Not Hispanic or Latino,White,Female,55-64,75.0,Loan originated
1,335000.0,47,445000.0,128.0,1,Hispanic or Latino,White,Male,55-64,75.0,Loan originated
1,15000.0,45,485000.0,137.0,1,Hispanic or Latino,White,Female,<25,100.0,Loan originated
1,355000.0,>60%,1055000.0,112.0,1,Not Hispanic or Latino,White,Female,55-64,33.333,Application denied
1,1145000.0,>60%,1355000.0,220.0,1,Not Hispanic or Latino,Asian,Male,45-54,85.172,Application denied
1,845000.0,39,1205000.0,257.0,1,Not Hispanic or Latino,Black or African American,Male,45-54,70.0,Loan originated
1,415000.0,46,825000.0,101.0,1,Not Hispanic or Latino,White,Female,35-44,50.0,Loan originated
1,475000.0,44,535000.0,147.0,1,Not Hispanic or Latino,White,Male,35-44,90.0,Loan originated
1,935000.0,41,1245000.0,241.0,1,Not Hispanic or Latino,White,Male,45-54,75.0,Loan originated
1,645000.0,37,895000.0,203.0,1,Not Hispanic or Latino,Asian,Male,45-54,72.212,Loan originated
1,495000.0,48,555000.0,113.0,1,Hispanic or Latino,White,Male,25-34,90.0,Loan originated
1,115000.0,30%-<36%,125000.0,46.0,1,Not Hispanic or Latino,White,Male,55-64,97.0,Application denied
1,365000.0,30%-<36%,405000.0,148.0,1,Not Hispanic or Latino,White,Female,45-54,89.877,Loan originated
1,885000.0,30%-<36%,1105000.0,282.0,1,Not Hispanic or Latino,White,Male,45-54,80.0,Loan originated
1,1095000.0,40,1375000.0,292.0,1,Not Hispanic or Latino,Black or African American,Male,35-44,80.0,Loan originated
1,485000.0,30%-<36%,605000.0,223.0,1,Not Hispanic or Latino,White,Male,25-34,80.0,Loan originated
1,715000.0,48,895000.0,152.0,1,Not Hispanic or Latino,Asian,Male,25-34,80.0,Loan originated
1,635000.0,30%-<36%,635000.0,285.0,1,Hispanic or Latino,White,Female,25-34,100.0,Loan originated
1,385000.0,46,395000.0,115.0,1,Not Hispanic or Latino,Asian,Female,35-44,97.0,Loan originated
1,335000.0,30%-<36%,415000.0,86.0,1,Not Hispanic or Latino,Asian,Male,25-34,80.0,Loan originated
1,765000.0,49,955000.0,197.0,1,Not Hispanic or Latino,Asian,Female,45-54,80.0,Loan originated
1,865000.0,47,1025000.0,172.0,1,Not Hispanic or Latino,Asian,Male,25-34,99.706,Loan originated
1,625000.0,49,695000.0,139.0,1,Not Hispanic or Latino,Asian,Male,35-44,89.9,Loan originated
1,405000.0,48,425000.0,139.0,1,Not Hispanic or Latino,Asian,Male,25-34,95.0,Loan originated
1,545000.0,47,685000.0,233.0,1,Not Hispanic or Latino,Black or African American,Male,55-64,80.0,Loan originated
1,835000.0,49,885000.0,167.0,1,Hispanic or Latino,White,Male,35-44,95.0,Loan originated
1,295000.0,40,875000.0,218.0,1,Not Hispanic or Latino,Asian,Male,35-44,33.22,Loan originated
1,385000.0,45,1055000.0,168.0,1,Not Hispanic or Latino,Asian,Male,55-64,35.85,Loan originated
1,345000.0,47,355000.0,76.0,1,Hispanic or Latino,White,Male,25-34,97.0,Loan originated
1,295000.0,49,385000.0,60.0,1,Hispanic or Latino,White,Male,65-74,97.63,Loan originated
1,315000.0,40,325000.0,80.0,1,Not Hispanic or Latino,White,Male,<25,97.0,Loan originated
1,395000.0,47,445000.0,132.0,1,Hispanic or Latino,White,Male,25-34,89.887,Loan originated
1,345000.0,41,385000.0,94.0,1,Hispanic or Latino,White,Male,35-44,90.0,Loan originated
1,425000.0,49,795000.0,120.0,1,Hispanic or Latino,Asian,Female,35-44,52.999,Loan originated
1,715000.0,40,895000.0,239.0,1,Not Hispanic or Latino,Asian,Female,35-44,80.0,Loan originated
1,385000.0,45,475000.0,80.0,1,Not Hispanic or Latino,Asian,Male,25-34,100.0,Loan originated
1,245000.0,44,715000.0,78.0,1,Not Hispanic or Latino,Black or African American,Male,65-74,33.896,Loan originated
1,345000.0,<20%,425000.0,254.0,1,Hispanic or Latino,White,Female,35-44,80.0,Loan originated
1,955000.0,49,1355000.0,275.0,1,Not Hispanic or Latino,Asian,Male,25-34,71.0,Loan originated
1,225000.0,50%-60%,305000.0,62.0,1,Hispanic or Latino,White,Female,25-34,76.0,Loan originated
1,185000.0,45,225000.0,44.0,1,Not Hispanic or Latino,White,Male,25-34,80.0,Loan originated
1,255000.0,41,455000.0,95.0,1,Hispanic or Latino,White,Female,45-54,55.556,Loan originated
1,315000.0,40,325000.0,223.0,1,Not Hispanic or Latino,White,Female,<25,95.0,Loan originated
1,1085000.0,47,1275000.0,226.0,1,Hispanic or Latino,White,Male,45-54,85.0,Loan originated
1,305000.0,47,375000.0,73.0,1,Hispanic or Latino,White,Male,<25,80.0,Loan originated
1,505000.0,30%-<36%,605000.0,128.0,1,Not Hispanic or Latino,2 or more minority races,Female,25-34,83.7,Loan originated
1,765000.0,46,1075000.0,250.0,1,Not Hispanic or Latino,White,Male,45-54,71.525,Loan originated
1,945000.0,49,995000.0,336.0,1,Not Hispanic or Latino,Asian,Male,35-44,95.0,Loan originated
1,435000.0,48,545000.0,125.0,1,Not Hispanic or Latino,White,Female,25-34,80.0,Application denied
1,795000.0,20%-<30%,995000.0,385.0,1,Not Hispanic or Latino,Asian,Male,35-44,80.0,Loan originated
1,865000.0,41,1235000.0,296.0,1,Not Hispanic or Latino,White,Female,45-54,89.99,Loan originated
1,365000.0,20%-<30%,405000.0,166.0,1,Not Hispanic or Latino,White,Male,45-54,89.999,Loan originated
1,505000.0,30%-<36%,855000.0,203.0,1,Hispanic or Latino,White,Male,35-44,59.647,Loan originated
1,615000.0,20%-<30%,765000.0,271.0,1,Not Hispanic or Latino,Native Hawaiian or Other Pacific Islander,Male,25-34,80.0,Loan originated
1,785000.0,45,1455000.0,214.0,1,Not Hispanic or Latino,White,Female,>74,54.455,Loan originated
1,495000.0,>60%,585000.0,44.0,1,Hispanic or Latino,White,Male,45-54,85.0,Application denied
1,605000.0,30%-<36%,755000.0,172.0,1,Not Hispanic or Latino,Asian,Male,35-44,80.0,Loan originated
1,235000.0,30%-<36%,355000.0,74.0,1,Not Hispanic or Latino,White,Female,>74,65.0,Loan originated
1,585000.0,30%-<36%,745000.0,192.0,1,Not Hispanic or Latino,Asian,Male,35-44,78.654,Loan originated
1,145000.0,>60%,165000.0,48.0,1,Not Hispanic or Latino,White,Male,65-74,87.5,Application denied
1,245000.0,39,355000.0,58.0,1,Not Hispanic or Latino,White,Female,>74,70.286,Loan originated
1,365000.0,40,535000.0,162.0,1,Not Hispanic or Latino,Asian,Male,45-54,66.98,Loan originated
1,565000.0,42,865000.0,251.0,1,Hispanic or Latino,White,Male,35-44,65.318,Loan originated
1,805000.0,49,855000.0,337.0,1,Not Hispanic or Latino,Asian,Male,35-44,95.0,Loan originated
1,1145000.0,49,2325000.0,288.0,1,Not Hispanic or Latino,White,Female,55-64,49.13,Loan originated
1,515000.0,37,635000.0,216.0,1,Not Hispanic or Latino,Asian,Male,55-64,81.489,Loan originated
1,855000.0,44,905000.0,256.0,1,Hispanic or Latino,White,Male,25-34,95.0,Loan originated
1,565000.0,>60%,775000.0,127.0,1,Hispanic or Latino,White,Female,45-54,72.26,Application denied
1,385000.0,>60%,405000.0,60.0,1,Not Hispanic or Latino,Asian,Male,35-44,95.0,Application denied
1,675000.0,49,755000.0,176.0,1,Not Hispanic or Latino,Asian,Male,25-34,90.0,Loan originated
1,585000.0,48,785000.0,121.0,1,Not Hispanic or Latino,Asian,Male,25-34,74.191,Loan originated
1,245000.0,30%-<36%,305000.0,121.0,1,Not Hispanic or Latino,White,Female,35-44,80.0,Loan originated
1,275000.0,47,365000.0,58.0,1,Not Hispanic or Latino,Asian,Female,<25,96.154,Loan originated
1,595000.0,48,765000.0,122.0,1,Not Hispanic or Latino,Asian,Female,35-44,77.63,Loan originated
1,465000.0,43,805000.0,111.0,1,Not Hispanic or Latino,Asian,Female,35-44,57.143,Loan originated
1,515000.0,44,765000.0,114.0,1,Hispanic or Latino,White,Female,35-44,67.32,Loan originated
1,1135000.0,37,1415000.0,300.0,1,Not Hispanic or Latino,Asian,Male,35-44,80.0,Loan originated
1,435000.0,41,485000.0,106.0,1,Not Hispanic or Latino,White,Female,55-64,90.0,Loan originated
1,185000.0,30%-<36%,215000.0,74.0,1,Hispanic or Latino,White,Male,25-34,85.0,Loan originated
1,685000.0,20%-<30%,855000.0,231.0,1,Not Hispanic or Latino,Asian,Male,35-44,80.0,Loan originated
1,355000.0,36,435000.0,164.0,1,Not Hispanic or Latino,White,Female,65-74,80.0,Loan originated
1,425000.0,44,455000.0,170.0,1,Not Hispanic or Latino,White,Male,25-34,95.0,Loan originated
1,655000.0,30%-<36%,735000.0,235.0,1,Hispanic or Latino,White,Female,65-74,89.9,Loan originated
1,585000.0,20%-<30%,625000.0,227.0,1,Not Hispanic or Latino,White,Male,35-44,95.0,Loan originated
1,945000.0,49,1545000.0,203.0,1,Not Hispanic or Latino,White,Male,35-44,60.999,Loan originated
1,1125000.0,41,1405000.0,289.0,1,Not Hispanic or Latino,Asian,Male,55-64,80.0,Loan originated
1,685000.0,30%-<36%,855000.0,204.0,1,Not Hispanic or Latino,White,Male,35-44,80.0,Loan originated
1,155000.0,<20%,985000.0,156.0,1,Not Hispanic or Latino,Asian,Female,35-44,15.229,Loan originated
1,275000.0,30%-<36%,305000.0,164.0,1,Hispanic or Latino,White,Female,35-44,90.0,Loan originated
1,295000.0,43,385000.0,103.0,1,Not Hispanic or Latino,Asian,Male,35-44,75.0,Loan originated
1,365000.0,49,515000.0,84.0,1,Not Hispanic or Latino,White,Female,55-64,70.0,Loan originated
1,635000.0,30%-<36%,745000.0,211.0,1,Hispanic or Latino,White,Male,45-54,85.0,Loan originated
1,305000.0,36,765000.0,134.0,1,Not Hispanic or Latino,White,Female,45-54,39.113,Loan originated
1,265000.0,30%-<36%,275000.0,94.0,1,Hispanic or Latino,White,Male,65-74,95.0,Loan originated
1,265000.0,46,715000.0,73.0,1,Not Hispanic or Latino,White,Female,55-64,43.089,Loan originated
1,105000.0,49,375000.0,59.0,1,Not Hispanic or Latino,White,Male,65-74,26.35,Application denied
1,255000.0,30%-<36%,1485000.0,211.0,1,Not Hispanic or Latino,White,Male,55-64,16.892,Loan originated
1,435000.0,44,445000.0,155.0,1,Not Hispanic or Latino,White,Male,35-44,97.0,Loan originated
1,795000.0,49,1195000.0,179.0,1,Not Hispanic or Latino,Asian,Female,<25,67.0,Loan originated
1,745000.0,44,825000.0,183.0,1,Not Hispanic or Latino,White,Female,65-74,90.0,Loan originated
1,685000.0,45,975000.0,236.0,1,Hispanic or Latino,White,Female,35-44,70.0,Loan originated
1,265000.0,42,275000.0,82.0,1,Not Hispanic or Latino,Black or African American,Male,35-44,97.0,Loan originated
1,985000.0,40,1225000.0,291.0,1,Not Hispanic or Latino,White,Male,35-44,80.0,Loan originated
1,735000.0,36,865000.0,33.0,1,Hispanic or Latino,White,Male,25-34,85.0,Loan originated
1,785000.0,48,975000.0,160.0,1,Not Hispanic or Latino,White,Female,35-44,95.097,Loan originated
1,965000.0,30%-<36%,1205000.0,559.0,1,Not Hispanic or Latino,White,Male,35-44,80.0,Loan originated
1,545000.0,20%-<30%,675000.0,306.0,1,Hispanic or Latino,White,Male,35-44,80.0,Loan originated
1,595000.0,43,1095000.0,151.0,1,Not Hispanic or Latino,White,Male,25-34,54.5,Loan originated
1,415000.0,39,725000.0,126.0,1,Not Hispanic or Latino,White,Male,35-44,57.75,Loan originated
1,95000.0,41,165000.0,74.0,1,Hispanic or Latino,White,Female,35-44,55.15,Loan originated
1,785000.0,49,1075000.0,144.0,1,Not Hispanic or Latino,White,Male,35-44,74.0,Loan originated
1,405000.0,41,425000.0,162.0,1,Not Hispanic or Latino,Asian,Female,45-54,95.0,Loan originated
1,425000.0,36,495000.0,130.0,1,Not Hispanic or Latino,White,Female,55-64,86.735,Loan originated
1,685000.0,43,865000.0,170.0,1,Not Hispanic or Latino,White,Male,35-44,80.0,Loan originated
1,375000.0,48,385000.0,86.0,1,Hispanic or Latino,White,Male,35-44,100.0,Loan originated
1,625000.0,48,895000.0,137.0,1,Not Hispanic or Latino,Asian,Male,25-34,70.0,Application denied
1,925000.0,49,975000.0,212.0,1,Not Hispanic or Latino,Asian,Male,25-34,95.0,Loan originated
1,425000.0,>60%,495000.0,7.0,1,Hispanic or Latino,White,Male,65-74,85.0,Application denied
1,65000.0,40,685000.0,35.0,1,Not Hispanic or Latino,White,Female,65-74,8.74,Loan originated
1,655000.0,50%-60%,665000.0,141.0,1,Not Hispanic or Latino,White,Male,35-44,98.69,Application denied
1,595000.0,42,745000.0,146.0,1,Not Hispanic or Latino,Asian,Male,35-44,80.0,Loan originated
1,425000.0,20%-<30%,955000.0,303.0,1,Not Hispanic or Latino,Asian,Male,35-44,45.0,Loan originated
1,765000.0,40,4255000.0,286.0,1,Hispanic or Latino,White,Male,35-44,18.071,Loan originated
1,605000.0,38,975000.0,171.0,1,Not Hispanic or Latino,White,Male,65-74,61.539,Loan originated
1,195000.0,44,335000.0,75.0,1,Not Hispanic or Latino,White,Female,45-54,58.71,Loan originated
1,385000.0,44,405000.0,92.0,1,Hispanic or Latino,White,Male,25-34,95.0,Loan originated
1,425000.0,37,535000.0,149.0,1,Not Hispanic or Latino,White,Female,55-64,80.0,Loan originated
1,335000.0,36,355000.0,114.0,1,Not Hispanic or Latino,Asian,Male,25-34,95.0,Application denied
1,805000.0,38,1405000.0,290.0,1,Not Hispanic or Latino,Asian,Female,35-44,57.143,Loan originated
1,765000.0,41,865000.0,265.0,1,Not Hispanic or Latino,2 or more minority races,Male,35-44,89.13,Loan originated
1,905000.0,48,1325000.0,211.0,1,Not Hispanic or Latino,Asian,Female,45-54,68.206,Loan originated
1,575000.0,20%-<30%,605000.0,225.0,1,Hispanic or Latino,White,Female,25-34,95.0,Loan originated
1,295000.0,48,315000.0,104.0,1,Hispanic or Latino,White,Male,25-34,95.0,Loan originated
1,385000.0,49,465000.0,72.0,1,Not Hispanic or Latino,Black or African American,Female,35-44,84.0,Loan originated
1,215000.0,39,235000.0,59.0,1,Not Hispanic or Latino,White,Male,35-44,93.0,Loan originated
1,345000.0,47,445000.0,102.0,1,Not Hispanic or Latino,White,Female,35-44,78.0,Loan originated
1,665000.0,30%-<36%,745000.0,189.0,1,Not Hispanic or Latino,Asian,Male,35-44,90.0,Loan originated
1,165000.0,20%-<30%,205000.0,137.0,1,Hispanic or Latino,White,Male,25-34,80.0,Loan originated
1,355000.0,43,445000.0,74.0,1,Hispanic or Latino,White,Male,35-44,100.0,Loan originated
1,315000.0,46,1085000.0,87.0,1,Not Hispanic or Latino,White,Female,65-74,29.167,Loan originated
1,565000.0,47,705000.0,136.0,1,Not Hispanic or Latino,Asian,Male,25-34,80.0,Loan originated
1,935000.0,42,1075000.0,201.0,1,Not Hispanic or Latino,Asian,Male,35-44,87.68,Loan originated
1,315000.0,36,515000.0,112.0,1,Not Hispanic or Latino,White,Female,25-34,61.165,Loan originated
1,455000.0,40,685000.0,109.0,1,Not Hispanic or Latino,White,Female,35-44,67.0,Loan originated
1,755000.0,43,795000.0,183.0,1,Hispanic or Latino,White,Male,25-34,95.0,Loan originated
1,765000.0,41,875000.0,186.0,1,Not Hispanic or Latino,White,Female,45-54,87.908,Loan originated
1,475000.0,43,505000.0,120.0,1,Not Hispanic or Latino,Asian,Male,25-34,95.0,Loan originated
1,1135000.0,39,1345000.0,265.0,1,Not Hispanic or Latino,White,Male,45-54,85.0,Loan originated
1,255000.0,38,485000.0,76.0,1,Not Hispanic or Latino,White,Female,65-74,52.268,Loan originated
1,335000.0,49,355000.0,68.0,1,Hispanic or Latino,White,Female,35-44,94.0,Loan originated
1,305000.0,>60%,855000.0,55.0,1,Not Hispanic or Latino,White,Male,25-34,35.714,Loan originated
1,1035000.0,40,1335000.0,272.0,1,Not Hispanic or Latino,Asian,Male,45-54,77.53,Loan originated
1,705000.0,49,785000.0,139.0,1,Not Hispanic or Latino,Asian,Male,35-44,90.0,Loan originated
1,535000.0,41,585000.0,128.0,1,Not Hispanic or Latino,Black or African American,Female,25-34,91.453,Loan originated
1,405000.0,48,905000.0,102.0,1,Not Hispanic or Latino,White,Female,>74,44.872,Application denied
1,665000.0,45,1165000.0,156.0,1,Not Hispanic or Latino,White,Male,25-34,58.0,Loan originated
1,595000.0,42,745000.0,195.0,1,Hispanic or Latino,White,Male,55-64,80.0,Loan originated
1,195000.0,30%-<36%,205000.0,76.0,1,Not Hispanic or Latino,Black or African American,Female,25-34,97.0,Loan originated
1,485000.0,40,615000.0,121.0,1,Not Hispanic or Latino,White,Male,25-34,80.0,Loan originated
1,995000.0,47,1475000.0,228.0,1,Hispanic or Latino,White,Male,25-34,70.0,Loan originated
1,75000.0,>60%,1035000.0,36.0,1,Not Hispanic or Latino,White,Female,65-74,7.244,Application denied
1,605000.0,39,625000.0,193.0,1,Not Hispanic or Latino,White,Female,45-54,100.92,Loan originated
1,105000.0,36,135000.0,43.0,1,Hispanic or Latino,White,Male,35-44,80.0,Loan originated
1,375000.0,49,475000.0,97.0,1,Not Hispanic or Latino,Black or African American,Male,55-64,80.0,Loan originated
1,755000.0,30%-<36%,855000.0,253.0,1,Not Hispanic or Latino,Asian,Male,25-34,87.91,Loan originated
1,265000.0,47,335000.0,55.0,1,Hispanic or Latino,White,Male,25-34,80.0,Loan originated
1,505000.0,40,535000.0,145.0,1,Hispanic or Latino,White,Female,45-54,94.0,Loan originated
1,1145000.0,46,1905000.0,477.0,1,Not Hispanic or Latino,Asian,Male,35-44,86.316,Loan originated
1,495000.0,20%-<30%,515000.0,186.0,1,Not Hispanic or Latino,Asian,Male,25-34,97.0,Loan originated
1,55000.0,41,95000.0,42.0,1,Not Hispanic or Latino,White,Female,>74,66.38,Loan originated
1,625000.0,49,695000.0,105.0,1,Not Hispanic or Latino,Asian,Male,35-44,90.0,Loan originated
1,885000.0,48,1855000.0,185.0,1,Not Hispanic or Latino,Asian,Female,35-44,47.838,Loan originated
1,335000.0,49,345000.0,76.0,1,Not Hispanic or Latino,American Indian or Alaska Native,Male,35-44,95.0,Loan originated
1,1045000.0,49,1395000.0,220.0,1,Not Hispanic or Latino,Asian,Male,25-34,75.0,Loan originated
1,425000.0,47,525000.0,120.0,1,Not Hispanic or Latino,White,Male,25-34,80.0,Loan originated
1,645000.0,48,725000.0,139.0,1,Hispanic or Latino,White,Female,25-34,89.45,Application denied
1,735000.0,50%-60%,975000.0,149.0,1,Not Hispanic or Latino,White,Female,35-44,75.0,Application denied
1,905000.0,42,1325000.0,246.0,1,Not Hispanic or Latino,White,Female,55-64,68.182,Application denied
1,365000.0,48,395000.0,69.0,1,Not Hispanic or Latino,White,Female,55-64,92.308,Loan originated
1,625000.0,30%-<36%,775000.0,214.0,1,Not Hispanic or Latino,Asian,Male,25-34,80.0,Loan originated
1,885000.0,48,1105000.0,283.0,1,Not Hispanic or Latino,White,Male,35-44,80.0,Loan originated
1,425000.0,42,525000.0,112.0,1,Hispanic or Latino,White,Male,25-34,80.0,Loan originated
1,765000.0,49,865000.0,197.0,1,Not Hispanic or Latino,Asian,Male,35-44,87.76,Loan originated
1,585000.0,45,615000.0,124.0,1,Not Hispanic or Latino,Asian,Female,25-34,95.0,Loan originated
1,405000.0,39,505000.0,151.0,1,Not Hispanic or Latino,White,Male,65-74,80.0,Loan originated
1,605000.0,47,1355000.0,150.0,1,Not Hispanic or Latino,Asian,Male,25-34,44.444,Loan originated
1,615000.0,44,635000.0,189.0,1,Not Hispanic or Latino,Asian,Female,35-44,97.0,Loan originated
1,435000.0,46,455000.0,92.0,1,Not Hispanic or Latino,Asian,Female,25-34,97.0,Loan originated
1,395000.0,30%-<36%,525000.0,375.0,1,Hispanic or Latino,White,Male,25-34,75.0,Loan originated
1,855000.0,45,1065000.0,219.0,1,Not Hispanic or Latino,White,Female,35-44,80.0,Loan originated
1,545000.0,49,795000.0,107.0,1,Not Hispanic or Latino,White,Male,25-34,68.623,Loan originated
1,625000.0,30%-<36%,665000.0,171.0,1,Not Hispanic or Latino,Asian,Male,35-44,93.985,Loan originated
1,615000.0,47,675000.0,212.0,1,Not Hispanic or Latino,Asian,Female,55-64,89.99,Loan originated
1,705000.0,42,885000.0,224.0,1,Not Hispanic or Latino,Black or African American,Male,35-44,80.0,Loan originated
1,485000.0,49,615000.0,94.0,1,Not Hispanic or Latino,Asian,Female,35-44,80.0,Loan originated
1,315000.0,45,395000.0,87.0,1,Not Hispanic or Latino,White,Female,45-54,80.0,Loan originated
1,195000.0,47,245000.0,57.0,1,Hispanic or Latino,White,Male,45-54,80.0,Loan originated
1,475000.0,20%-<30%,685000.0,177.0,1,Not Hispanic or Latino,White,Male,25-34,70.0,Loan originated
1,5000.0,44,285000.0,93.0,1,Not Hispanic or Latino,White,Male,35-44,100.0,Loan originated
1,405000.0,30%-<36%,415000.0,165.0,1,Hispanic or Latino,White,Male,25-34,97.0,Loan originated
1,205000.0,37,235000.0,104.0,1,Not Hispanic or Latino,White,Male,25-34,90.0,Loan originated
1,395000.0,49,495000.0,81.0,1,Not Hispanic or Latino,2 or more minority races,Male,25-34,80.0,Loan originated
1,555000.0,30%-<36%,585000.0,140.0,1,Hispanic or Latino,White,Male,35-44,95.0,Loan originated
1,685000.0,42,725000.0,161.0,1,Not Hispanic or Latino,White,Female,25-34,95.0,Loan originated
1,765000.0,37,855000.0,237.0,1,Not Hispanic or Latino,Asian,Male,35-44,89.83,Loan originated
1,575000.0,43,635000.0,181.0,1,Hispanic or Latino,White,Male,35-44,90.0,Loan originated
1,585000.0,36,725000.0,153.0,1,Not Hispanic or Latino,Asian,Male,35-44,80.0,Loan originated
1,285000.0,>60%,355000.0,40.0,1,Hispanic or Latino,White,Male,<25,80.0,Application denied
1,1145000.0,49,1505000.0,242.0,1,Not Hispanic or Latino,White,Female,35-44,76.655,Loan originated
1,535000.0,<20%,1075000.0,291.0,1,Not Hispanic or Latino,White,Male,55-64,50.0,Loan originated
1,525000.0,40,655000.0,150.0,1,Not Hispanic or Latino,White,Male,25-34,80.0,Loan originated
1,545000.0,48,605000.0,113.0,1,Not Hispanic or Latino,White,Male,25-34,90.0,Loan originated
1,775000.0,30%-<36%,1075000.0,226.0,1,Not Hispanic or Latino,Asian,Male,45-54,71.963,Loan originated
1,255000.0,44,255000.0,60.0,1,Not Hispanic or Latino,White,Female,25-34,97.0,Loan originated
1,585000.0,30%-<36%,725000.0,187.0,1,Not Hispanic or Latino,White,Male,35-44,80.0,Loan originated
1,325000.0,20%-<30%,585000.0,191.0,1,Not Hispanic or Latino,White,Male,65-74,56.0,Loan originated
1,175000.0,39,285000.0,65.0,1,Not Hispanic or Latino,White,Female,65-74,60.0,Loan originated
1,585000.0,48,1005000.0,144.0,1,Not Hispanic or Latino,Asian,Male,25-34,57.666,Loan originated
1,685000.0,47,705000.0,141.0,1,Not Hispanic or Latino,White,Male,35-44,100.0,Application denied
1,515000.0,40,815000.0,127.0,1,Not Hispanic or Latino,Asian,Female,25-34,62.963,Loan originated
1,595000.0,41,665000.0,150.0,1,Not Hispanic or Latino,Asian,Female,35-44,90.0,Loan originated
1,965000.0,49,1215000.0,371.0,1,Not Hispanic or Latino,Asian,Male,25-34,79.917,Loan originated
1,515000.0,45,535000.0,226.0,1,Hispanic or Latino,White,Male,45-54,95.0,Loan originated
1,295000.0,40,335000.0,84.0,1,Hispanic or Latino,2 or more minority races,Male,35-44,90.0,Loan originated
1,495000.0,42,615000.0,119.0,1,Not Hispanic or Latino,Asian,Male,35-44,79.837,Loan originated
1,335000.0,49,355000.0,86.0,1,Not Hispanic or Latino,White,Female,25-34,95.0,Loan originated
1,675000.0,40,1135000.0,200.0,1,Not Hispanic or Latino,White,Female,>74,59.947,Loan originated
1,315000.0,30%-<36%,435000.0,108.0,1,Not Hispanic or Latino,White,Male,<25,72.0,Loan originated
1,405000.0,40,505000.0,99.0,1,Hispanic or Latino,White,Female,25-34,80.0,Loan originated
1,1075000.0,44,1435000.0,294.0,1,Not Hispanic or Latino,Asian,Female,45-54,75.0,Loan originated
1,445000.0,43,1395000.0,143.0,1,Not Hispanic or Latino,Asian,Male,25-34,31.66,Loan originated
1,405000.0,37,835000.0,147.0,1,Not Hispanic or Latino,White,Female,55-64,47.684,Loan originated
1,405000.0,36,655000.0,121.0,1,Not Hispanic or Latino,Asian,Female,25-34,62.0,Loan originated
1,1105000.0,43,3355000.0,337.0,1,Not Hispanic or Latino,Asian,Female,25-34,32.836,Loan originated
1,485000.0,38,1635000.0,216.0,1,Not Hispanic or Latino,White,Female,45-54,29.44,Loan originated
1,305000.0,45,385000.0,81.0,1,Hispanic or Latino,White,Male,55-64,80.0,Loan originated
1,285000.0,49,435000.0,65.0,1,Hispanic or Latino,White,Female,55-64,88.287,Loan originated
1,255000.0,20%-<30%,1025000.0,346.0,1,Not Hispanic or Latino,White,Male,55-64,24.51,Loan originated
1,405000.0,42,605000.0,108.0,1,Not Hispanic or Latino,White,Female,55-64,66.667,Loan originated
1,445000.0,43,775000.0,144.0,1,Not Hispanic or Latino,Asian,Male,25-34,57.419,Loan originated
1,515000.0,49,545000.0,122.0,1,Hispanic or Latino,White,Female,55-64,95.0,Loan originated
1,405000.0,30%-<36%,605000.0,140.0,1,Not Hispanic or Latino,White,Female,45-54,67.144,Loan originated
1,665000.0,49,835000.0,146.0,1,Not Hispanic or Latino,Asian,Male,25-34,80.0,Loan originated
1,435000.0,46,455000.0,155.0,1,Not Hispanic or Latino,Asian,Male,25-34,100.0,Loan originated
1,265000.0,41,295000.0,68.0,1,Not Hispanic or Latino,White,Female,25-34,90.0,Loan originated
1,265000.0,30%-<36%,505000.0,120.0,1,Not Hispanic or Latino,White,Female,35-44,51.881,Loan originated
1,325000.0,44,1965000.0,210.0,1,Not Hispanic or Latino,White,Male,35-44,16.539,Loan originated
1,955000.0,38,1745000.0,253.0,1,Not Hispanic or Latino,White,Female,35-44,54.54,Loan originated
1,765000.0,40,955000.0,314.0,1,Not Hispanic or Latino,Asian,Male,25-34,80.0,Loan originated
1,465000.0,30%-<36%,485000.0,140.0,1,Not Hispanic or Latino,Asian,Female,25-34,97.0,Loan originated
1,355000.0,45,445000.0,77.0,1,Not Hispanic or Latino,White,Male,25-34,80.0,Loan originated
1,545000.0,44,675000.0,168.0,1,Not Hispanic or Latino,White,Male,45-54,80.0,Loan originated
1,515000.0,49,625000.0,95.0,1,Hispanic or Latino,White,Male,25-34,82.258,Loan originated
1,185000.0,36,195000.0,69.0,1,Not Hispanic or Latino,White,Male,35-44,95.0,Loan originated
1,675000.0,47,975000.0,130.0,1,Not Hispanic or Latino,Asian,Male,25-34,69.897,Loan originated
1,405000.0,45,455000.0,115.0,1,Not Hispanic or Latino,Black or African American,Female,25-34,88.975,Loan originated
1,475000.0,43,515000.0,126.0,1,Hispanic or Latino,White,Female,55-64,91.262,Loan originated
1,575000.0,46,725000.0,176.0,1,Not Hispanic or Latino,Asian,Male,<25,79.346,Loan originated
1,785000.0,47,925000.0,183.0,1,Hispanic or Latino,White,Male,35-44,86.005,Loan originated
1,365000.0,30%-<36%,405000.0,114.0,1,Hispanic or Latino,White,Female,45-54,90.0,Loan originated
1,215000.0,20%-<30%,625000.0,112.0,1,Not Hispanic or Latino,White,Male,35-44,33.871,Loan originated
1,585000.0,20%-<30%,605000.0,360.0,1,Not Hispanic or Latino,Asian,Male,45-54,97.0,Loan originated
1,455000.0,40,775000.0,115.0,1,Not Hispanic or Latino,White,Female,45-54,59.0,Loan originated
1,75000.0,36,75000.0,79.0,1,Not Hispanic or Latino,White,Female,25-34,95.0,Application denied
1,615000.0,43,765000.0,212.0,1,Not Hispanic or Latino,Asian,Female,45-54,80.0,Loan originated
1,1035000.0,45,1295000.0,872.0,1,Not Hispanic or Latino,White,Male,45-54,80.0,Loan originated
1,595000.0,43,805000.0,169.0,1,Not Hispanic or Latino,White,Male,65-74,75.0,Loan originated
1,495000.0,49,645000.0,101.0,1,Hispanic or Latino,White,Female,35-44,95.0,Loan originated
1,515000.0,49,645000.0,163.0,1,Hispanic or Latino,White,Female,55-64,80.0,Loan originated
1,345000.0,49,525000.0,76.0,1,Hispanic or Latino,White,Male,35-44,65.292,Loan originated
1,535000.0,47,575000.0,155.0,1,Hispanic or Latino,White,Male,35-44,93.86,Loan originated
1,605000.0,49,625000.0,114.0,1,Not Hispanic or Latino,Black or African American,Male,45-54,97.0,Loan originated
1,725000.0,49,765000.0,144.0,1,Hispanic or Latino,White,Male,35-44,95.0,Loan originated
1,445000.0,42,595000.0,116.0,1,Not Hispanic or Latino,Asian,Male,35-44,74.791,Loan originated
1,405000.0,46,795000.0,107.0,1,Not Hispanic or Latino,White,Female,65-74,50.88,Loan originated
1,675000.0,49,835000.0,153.0,1,Not Hispanic or Latino,White,Female,25-34,80.0,Loan originated
1,335000.0,39,345000.0,96.0,1,Not Hispanic or Latino,Asian,Female,25-34,95.0,Loan originated
1,935000.0,41,1165000.0,236.0,1,Not Hispanic or Latino,White,Male,25-34,80.0,Loan originated
1,245000.0,42,325000.0,74.0,1,Hispanic or Latino,White,Female,45-54,76.563,Loan originated
1,335000.0,47,595000.0,92.0,1,Not Hispanic or Latino,White,Male,25-34,55.01,Loan originated
1,275000.0,42,675000.0,105.0,1,Not Hispanic or Latino,White,Female,55-64,41.176,Loan originated
1,255000.0,41,325000.0,98.0,1,Not Hispanic or Latino,White,Female,25-34,77.692,Loan originated
1,345000.0,37,425000.0,102.0,1,Not Hispanic or Latino,White,Female,25-34,80.0,Loan originated
1,235000.0,47,1035000.0,98.0,1,Not Hispanic or Latino,Asian,Male,25-34,22.33,Loan originated
1,855000.0,30%-<36%,955000.0,320.0,1,Hispanic or Latino,White,Male,55-64,90.0,Loan originated
1,285000.0,20%-<30%,355000.0,124.0,1,Not Hispanic or Latino,White,Female,45-54,80.0,Loan originated
1,455000.0,49,1805000.0,132.0,1,Not Hispanic or Latino,Asian,Female,55-64,25.0,Loan originated
1,515000.0,49,645000.0,152.0,1,Not Hispanic or Latino,Asian,Male,35-44,80.0,Loan originated
1,575000.0,37,675000.0,188.0,1,Not Hispanic or Latino,White,Female,45-54,85.0,Loan originated
1,485000.0,49,615000.0,270.0,1,Not Hispanic or Latino,White,Female,35-44,80.0,Loan originated
1,625000.0,43,645000.0,179.0,1,Not Hispanic or Latino,White,Female,25-34,97.0,Loan originated
1,635000.0,47,855000.0,127.0,1,Not Hispanic or Latino,Asian,Male,<25,92.647,Loan originated
1,515000.0,44,645000.0,168.0,1,Not Hispanic or Latino,Asian,Female,35-44,79.99975,Loan originated
1,585000.0,30%-<36%,985000.0,226.0,1,Not Hispanic or Latino,White,Male,25-34,59.184,Loan originated
1,395000.0,30%-<36%,435000.0,310.0,1,Hispanic or Latino,White,Male,>74,90.0,Loan originated
1,205000.0,20%-<30%,885000.0,136.0,1,Not Hispanic or Latino,Asian,Male,35-44,23.0,Application denied
1,615000.0,48,875000.0,122.0,1,Not Hispanic or Latino,Asian,Male,65-74,70.0,Application denied
1,365000.0,47,455000.0,93.0,1,Not Hispanic or Latino,Asian,Female,55-64,80.0,Loan originated
1,755000.0,43,945000.0,183.0,1,Not Hispanic or Latino,Asian,Male,35-44,80.0,Loan originated
1,335000.0,37,445000.0,96.0,1,Not Hispanic or Latino,Asian,Male,45-54,75.0,Loan originated
1,385000.0,30%-<36%,485000.0,107.0,1,Not Hispanic or Latino,White,Male,55-64,80.0,Loan originated
1,615000.0,42,725000.0,175.0,1,Hispanic or Latino,White,Male,35-44,85.0,Loan originated
1,515000.0,39,645000.0,194.0,1,Not Hispanic or Latino,Asian,Male,25-34,80.0,Loan originated
1,655000.0,20%-<30%,1005000.0,429.0,1,Hispanic or Latino,White,Male,45-54,65.0,Loan originated
1,285000.0,20%-<30%,365000.0,178.0,1,Not Hispanic or Latino,Asian,Female,35-44,80.0,Loan originated
1,445000.0,47,525000.0,102.0,1,Not Hispanic or Latino,Asian,Male,25-34,85.0,Loan originated
1,345000.0,43,415000.0,78.0,1,Hispanic or Latino,White,Male,25-34,82.927,Loan originated
1,975000.0,30%-<36%,1305000.0,292.0,1,Not Hispanic or Latino,White,Male,45-54,75.0,Loan originated
1,555000.0,30%-<36%,655000.0,242.0,1,Not Hispanic or Latino,White,Male,25-34,84.615,Loan originated
1,1145000.0,40,1325000.0,285.0,1,Not Hispanic or Latino,Asian,Male,35-44,86.038,Loan originated
1,565000.0,42,705000.0,71.0,1,Not Hispanic or Latino,Asian,Male,25-34,80.0,Application denied
1,435000.0,>60%,535000.0,0.0,1,Not Hispanic or Latino,Black or African American,Male,35-44,81.478,Application denied
1,615000.0,30%-<36%,1835000.0,188.0,1,Not Hispanic or Latino,Asian,Female,45-54,34.0,Loan originated
1,725000.0,<20%,905000.0,358.0,1,Not Hispanic or Latino,White,Male,45-54,80.0,Loan originated
1,1065000.0,45,1125000.0,286.0,1,Hispanic or Latino,White,Female,55-64,95.0,Loan originated
1,435000.0,45,885000.0,159.0,1,Not Hispanic or Latino,Asian,Male,55-64,48.32,Loan originated
1,835000.0,45,925000.0,205.0,1,Hispanic or Latino,White,Female,35-44,90.0,Application denied
1,385000.0,49,405000.0,72.0,1,Hispanic or Latino,White,Male,45-54,98.0,Loan originated
1,205000.0,47,215000.0,51.0,1,Hispanic or Latino,White,Male,25-34,95.0,Application denied
1,335000.0,42,355000.0,79.0,1,Not Hispanic or Latino,White,Male,25-34,95.0,Loan originated
1,275000.0,48,475000.0,67.0,1,Not Hispanic or Latino,White,Female,35-44,57.895,Loan originated
1,335000.0,40,345000.0,86.0,1,Hispanic or Latino,White,Female,35-44,101.94,Loan originated
1,685000.0,47,975000.0,204.0,1,Not Hispanic or Latino,Asian,Female,45-54,70.0,Loan originated
1,925000.0,46,1855000.0,205.0,1,Not Hispanic or Latino,White,Female,55-64,49.73,Loan originated
1,165000.0,46,175000.0,36.0,1,Hispanic or Latino,White,Male,<25,97.0,Loan originated
1,975000.0,39,1225000.0,258.0,1,Not Hispanic or Latino,Asian,Male,45-54,80.0,Loan originated
1,425000.0,49,735000.0,92.0,1,Hispanic or Latino,White,Female,35-44,57.53,Loan originated
1,45000.0,49,675000.0,35.0,1,Not Hispanic or Latino,Asian,Female,35-44,6.815,Loan originated
1,395000.0,41,655000.0,136.0,1,Not Hispanic or Latino,Asian,Female,35-44,60.0,Loan originated
1,465000.0,45,615000.0,113.0,1,Hispanic or Latino,White,Male,35-44,75.41,Loan originated
1,105000.0,30%-<36%,255000.0,233.0,1,Not Hispanic or Latino,White,Male,65-74,40.24,Loan originated
1,1145000.0,49,1505000.0,226.0,1,Hispanic or Latino,White,Male,45-54,77.0,Loan originated
1,35000.0,20%-<30%,75000.0,78.0,1,Not Hispanic or Latino,White,Male,35-44,49.94,Loan originated
1,165000.0,47,905000.0,60.0,1,Not Hispanic or Latino,White,Female,45-54,18.333,Loan originated
1,775000.0,>60%,815000.0,106.0,1,Hispanic or Latino,White,Male,35-44,96.84,Application denied
1,355000.0,38,415000.0,109.0,1,Not Hispanic or Latino,Native Hawaiian or Other Pacific Islander,Female,45-54,105.0,Application denied
1,455000.0,36,575000.0,133.0,1,Not Hispanic or Latino,White,Female,35-44,80.0,Loan originated
1,285000.0,45,305000.0,79.0,1,Hispanic or Latino,White,Male,35-44,95.0,Loan originated
1,365000.0,46,455000.0,95.0,1,Not Hispanic or Latino,Asian,Female,55-64,80.0,Application denied
1,245000.0,45,265000.0,79.0,1,Not Hispanic or Latino,White,Male,25-34,95.0,Loan originated
1,535000.0,41,675000.0,143.0,1,Not Hispanic or Latino,Asian,Male,35-44,80.0,Application denied
1,375000.0,>60%,1065000.0,67.0,1,Not Hispanic or Latino,White,Male,55-64,35.244,Application denied
1,505000.0,30%-<36%,565000.0,215.0,1,Not Hispanic or Latino,White,Male,25-34,90.0,Loan originated
1,485000.0,48,645000.0,110.0,1,Not Hispanic or Latino,Asian,Female,35-44,95.0,Loan originated
1,385000.0,45,1235000.0,10.0,1,Not Hispanic or Latino,Asian,Female,35-44,30.89,Loan originated
1,345000.0,20%-<30%,425000.0,121.0,1,Not Hispanic or Latino,White,Male,35-44,80.0,Loan originated
1,755000.0,41,945000.0,210.0,1,Not Hispanic or Latino,White,Male,35-44,80.0,Loan originated
1,965000.0,20%-<30%,1215000.0,343.0,1,Not Hispanic or Latino,White,Female,35-44,80.0,Loan originated
1,475000.0,46,505000.0,112.0,1,Hispanic or Latino,White,Male,45-54,98.0,Loan originated
1,455000.0,20%-<30%,565000.0,310.0,1,Not Hispanic or Latino,White,Male,25-34,80.0,Loan originated
1,725000.0,39,765000.0,180.0,1,Not Hispanic or Latino,Asian,Male,55-64,95.0,Loan originated
1,425000.0,44,445000.0,90.0,1,Hispanic or Latino,White,Female,25-34,95.0,Loan originated
1,635000.0,44,795000.0,152.0,1,Not Hispanic or Latino,Asian,Female,25-34,80.0,Loan originated
1,605000.0,46,755000.0,134.0,1,Not Hispanic or Latino,White,Female,65-74,80.0,Loan originated
1,115000.0,49,3005000.0,75.0,1,Not Hispanic or Latino,Asian,Male,55-64,3.833,Loan originated
1,195000.0,30%-<36%,215000.0,73.0,1,Hispanic or Latino,White,Male,35-44,90.0,Loan originated
1,495000.0,40,825000.0,149.0,1,Not Hispanic or Latino,White,Male,35-44,60.0,Loan originated
1,475000.0,44,505000.0,94.0,1,Hispanic or Latino,White,Female,35-44,95.0,Loan originated
1,415000.0,41,515000.0,108.0,1,Not Hispanic or Latino,White,Female,25-34,80.0,Loan originated
1,755000.0,<20%,855000.0,478.0,1,Not Hispanic or Latino,Asian,Male,45-54,95.0,Loan originated
1,315000.0,37,995000.0,78.0,1,Not Hispanic or Latino,White,Female,>74,32.0,Loan originated
1,715000.0,49,955000.0,220.0,1,Not Hispanic or Latino,White,Male,45-54,75.0,Loan originated
1,385000.0,48,425000.0,130.0,1,Hispanic or Latino,White,Female,65-74,90.0,Application denied
1,475000.0,49,505000.0,100.0,1,Hispanic or Latino,Asian,Male,25-34,93.775,Loan originated
1,285000.0,42,435000.0,176.0,1,Not Hispanic or Latino,White,Male,65-74,65.517,Loan originated
1,245000.0,47,425000.0,52.0,1,Not Hispanic or Latino,Asian,Male,35-44,56.47,Loan originated
1,1005000.0,48,1405000.0,210.0,1,Not Hispanic or Latino,Asian,Female,35-44,71.17,Loan originated
1,765000.0,42,905000.0,185.0,1,Hispanic or Latino,American Indian or Alaska Native,Male,35-44,85.22,Loan originated
1,705000.0,45,725000.0,142.0,1,Not Hispanic or Latino,White,Male,25-34,97.0,Loan originated
1,345000.0,30%-<36%,425000.0,115.0,1,Not Hispanic or Latino,Asian,Female,35-44,80.0,Loan originated
1,675000.0,20%-<30%,695000.0,319.0,1,Not Hispanic or Latino,Asian,Male,35-44,97.0,Loan originated
1,365000.0,37,455000.0,117.0,1,Not Hispanic or Latino,Asian,Male,25-34,79.89,Loan originated
1,375000.0,30%-<36%,575000.0,112.0,1,Not Hispanic or Latino,White,Male,35-44,65.22,Loan originated
1,585000.0,42,775000.0,151.0,1,Not Hispanic or Latino,White,Male,25-34,75.0,Loan originated
1,595000.0,44,735000.0,208.0,1,Hispanic or Latino,White,Male,45-54,80.0,Loan originated
1,845000.0,39,885000.0,202.0,1,Not Hispanic or Latino,Asian,Male,<25,95.0,Loan originated
1,705000.0,49,745000.0,210.0,1,Not Hispanic or Latino,White,Female,25-34,95.0,Loan originated
1,455000.0,48,475000.0,145.0,1,Hispanic or Latino,White,Female,35-44,95.0,Loan originated
1,365000.0,46,455000.0,162.0,1,Hispanic or Latino,Asian,Female,35-44,80.0,Loan originated
1,85000.0,50%-60%,465000.0,38.0,1,Not Hispanic or Latino,Asian,Female,65-74,17.204,Loan originated
1,335000.0,44,345000.0,95.0,1,Hispanic or Latino,White,Male,55-64,97.0,Loan originated
1,295000.0,41,365000.0,76.0,1,Not Hispanic or Latino,White,Female,65-74,80.0,Loan originated
1,255000.0,43,555000.0,116.0,1,Not Hispanic or Latino,Asian,Female,25-34,45.455,Application denied
1,525000.0,46,665000.0,143.0,1,Not Hispanic or Latino,White,Female,45-54,80.0,Loan originated
1,305000.0,37,315000.0,102.0,1,Not Hispanic or Latino,Asian,Male,25-34,97.0,Loan originated
1,355000.0,50%-60%,375000.0,135.0,1,Hispanic or Latino,White,Male,25-34,95.0,Application denied
1,555000.0,45,735000.0,161.0,1,Not Hispanic or Latino,Asian,Male,25-34,75.0,Loan originated
1,885000.0,49,1285000.0,399.0,1,Not Hispanic or Latino,Asian,Female,35-44,68.75,Loan originated
1,1135000.0,49,1565000.0,287.0,1,Not Hispanic or Latino,White,Female,45-54,73.0,Loan originated
1,365000.0,39,385000.0,128.0,1,Hispanic or Latino,White,Male,25-34,95.0,Loan originated
1,685000.0,30%-<36%,865000.0,215.0,1,Not Hispanic or Latino,Asian,Male,25-34,80.0,Loan originated
1,445000.0,<20%,555000.0,266.0,1,Hispanic or Latino,White,Male,35-44,80.0,Loan originated
1,415000.0,20%-<30%,485000.0,208.0,1,Hispanic or Latino,White,Female,65-74,86.05,Loan originated
1,485000.0,45,645000.0,127.0,1,Not Hispanic or Latino,White,Female,45-54,95.0,Loan originated
1,395000.0,49,755000.0,89.0,1,Not Hispanic or Latino,Black or African American,Male,25-34,102.17,Loan originated
1,325000.0,20%-<30%,655000.0,142.0,1,Not Hispanic or Latino,White,Male,55-64,48.855,Loan originated
1,635000.0,20%-<30%,795000.0,284.0,1,Not Hispanic or Latino,White,Male,55-64,80.0,Loan originated
1,675000.0,20%-<30%,1125000.0,300.0,1,Not Hispanic or Latino,White,Male,25-34,60.0,Loan originated
1,705000.0,40,875000.0,449.0,1,Hispanic or Latino,White,Female,55-64,80.0,Loan originated
1,1035000.0,>60%,1155000.0,213.0,1,Not Hispanic or Latino,Asian,Male,35-44,90.0,Application denied
1,335000.0,>60%,355000.0,55.0,1,Hispanic or Latino,White,Male,25-34,94.971,Application denied
1,1115000.0,38,1375000.0,420.0,1,Not Hispanic or Latino,Asian,Male,55-64,80.0,Application denied
1,765000.0,41,835000.0,252.0,1,Not Hispanic or Latino,Native Hawaiian or Other Pacific Islander,Male,65-74,92.355,Loan originated
1,445000.0,30%-<36%,555000.0,173.0,1,Not Hispanic or Latino,Black or African American,Female,45-54,80.0,Loan originated
1,565000.0,38,755000.0,168.0,1,Not Hispanic or Latino,White,Female,55-64,75.0,Loan originated
1,595000.0,46,625000.0,177.0,1,Hispanic or Latino,White,Male,45-54,95.0,Loan originated
1,825000.0,36,1045000.0,428.0,1,Not Hispanic or Latino,White,Female,35-44,80.0,Loan originated
1,775000.0,41,1605000.0,195.0,1,Hispanic or Latino,2 or more minority races,Male,35-44,48.125,Loan originated
1,745000.0,<20%,945000.0,653.0,1,Not Hispanic or Latino,Asian,Male,35-44,80.0,Loan originated
1,415000.0,48,525000.0,90.0,1,Not Hispanic or Latino,Asian,Female,35-44,80.0,Loan originated
1,315000.0,30%-<36%,635000.0,90.0,1,Not Hispanic or Latino,White,Female,55-64,50.0,Loan originated
1,535000.0,48,665000.0,117.0,1,Not Hispanic or Latino,Asian,Female,55-64,80.0,Loan originated
1,725000.0,30%-<36%,865000.0,196.0,1,Not Hispanic or Latino,Asian,Male,35-44,83.537,Loan originated
1,575000.0,47,585000.0,151.0,1,Hispanic or Latino,White,Male,35-44,97.0,Loan originated
1,235000.0,40,335000.0,143.0,1,Hispanic or Latino,White,Male,45-54,68.657,Loan originated
1,765000.0,50%-60%,1105000.0,168.0,1,Hispanic or Latino,White,Male,45-54,69.64,Application denied
1,525000.0,40,595000.0,129.0,1,Hispanic or Latino,White,Male,25-34,88.235,Loan originated
1,725000.0,49,765000.0,175.0,1,Hispanic or Latino,White,Male,35-44,95.0,Loan originated
1,405000.0,40,775000.0,159.0,1,Not Hispanic or Latino,Asian,Female,25-34,51.95,Loan originated
1,685000.0,40,915000.0,168.0,1,Not Hispanic or Latino,Asian,Male,35-44,75.0,Loan originated
1,705000.0,44,845000.0,171.0,1,Hispanic or Latino,Black or African American,Female,45-54,83.011,Loan originated
1,525000.0,41,665000.0,120.0,1,Not Hispanic or Latino,White,Female,55-64,80.0,Loan originated
1,455000.0,49,525000.0,109.0,1,Not Hispanic or Latino,White,Male,35-44,86.0,Loan originated
1,325000.0,30%-<36%,405000.0,100.0,1,Not Hispanic or Latino,White,Female,35-44,80.0,Loan originated
1,485000.0,49,635000.0,112.0,1,Not Hispanic or Latino,Asian,Female,45-54,77.7,Loan originated
1,955000.0,40,1295000.0,233.0,1,Not Hispanic or Latino,Asian,Male,45-54,73.9,Loan originated
1,765000.0,30%-<36%,1025000.0,626.0,1,Not Hispanic or Latino,Asian,Male,35-44,75.0,Loan originated
1,405000.0,48,415000.0,111.0,1,Hispanic or Latino,White,Female,25-34,97.0,Loan originated
1,185000.0,41,225000.0,65.0,1,Not Hispanic or Latino,White,Female,65-74,80.0,Loan originated
1,775000.0,45,1545000.0,269.0,1,Not Hispanic or Latino,White,Male,65-74,50.0,Loan originated
1,395000.0,38,495000.0,114.0,1,Not Hispanic or Latino,White,Male,25-34,80.0,Loan originated
1,655000.0,46,815000.0,149.0,1,Not Hispanic or Latino,White,Male,25-34,80.0,Loan originated
1,215000.0,41,225000.0,62.0,1,Not Hispanic or Latino,Black or African American,Male,<25,95.0,Loan originated
1,615000.0,44,775000.0,151.0,1,Not Hispanic or Latino,White,Male,25-34,80.0,Loan originated
1,775000.0,20%-<30%,1555000.0,391.0,1,Not Hispanic or Latino,White,Male,55-64,50.0,Loan originated
1,1145000.0,48,2225000.0,376.0,1,Not Hispanic or Latino,Asian,Male,25-34,56.601,Loan originated
1,625000.0,44,775000.0,214.0,1,Not Hispanic or Latino,Asian,Male,35-44,80.0,Loan originated
1,245000.0,46,585000.0,60.0,1,Not Hispanic or Latino,White,Female,45-54,41.379,Loan originated
1,655000.0,49,735000.0,167.0,1,Not Hispanic or Latino,Asian,Male,45-54,90.0,Loan originated
1,195000.0,48,205000.0,71.0,1,Not Hispanic or Latino,White,Female,45-54,97.0,Loan originated
1,355000.0,>60%,375000.0,60.0,1,Hispanic or Latino,White,Male,35-44,95.0,Application denied
1,785000.0,41,835000.0,518.0,1,Not Hispanic or Latino,Black or African American,Male,35-44,95.0,Loan originated
1,855000.0,20%-<30%,1685000.0,333.0,1,Not Hispanic or Latino,White,Female,35-44,50.595,Loan originated
1,215000.0,>60%,605000.0,64.0,1,Hispanic or Latino,White,Male,45-54,35.833,Application denied
1,305000.0,42,565000.0,104.0,1,Not Hispanic or Latino,White,Male,35-44,53.982,Loan originated
1,955000.0,30%-<36%,1285000.0,483.0,1,Not Hispanic or Latino,White,Female,45-54,89.99,Loan originated
1,635000.0,43,665000.0,207.0,1,Not Hispanic or Latino,Asian,Female,45-54,95.0,Loan originated
1,445000.0,49,965000.0,96.0,1,Not Hispanic or Latino,Asian,Male,45-54,45.803,Loan originated
1,745000.0,49,925000.0,146.0,1,Not Hispanic or Latino,Asian,Female,35-44,80.0,Loan originated
1,365000.0,20%-<30%,515000.0,129.0,1,Hispanic or Latino,White,Female,45-54,71.41,Loan originated
1,1055000.0,45,1405000.0,209.0,1,Not Hispanic or Latino,White,Female,25-34,75.0,Loan originated
1,165000.0,20%-<30%,175000.0,86.0,1,Not Hispanic or Latino,White,Male,45-54,97.0,Loan originated
1,195000.0,38,445000.0,76.0,1,Not Hispanic or Latino,White,Female,>74,43.82,Loan originated
1,155000.0,41,265000.0,44.0,1,Not Hispanic or Latino,White,Male,65-74,60.0,Loan originated
1,665000.0,46,955000.0,174.0,1,Not Hispanic or Latino,White,Male,25-34,69.47,Loan originated
1,255000.0,47,555000.0,66.0,1,Not Hispanic or Latino,White,Female,>74,46.14,Loan originated
1,615000.0,39,685000.0,148.0,1,Not Hispanic or Latino,White,Male,35-44,90.0,Loan originated
1,105000.0,49,145000.0,63.0,1,Hispanic or Latino,Black or African American,Female,25-34,68.0,Loan originated
1,495000.0,44,1545000.0,220.0,1,Not Hispanic or Latino,White,Male,55-64,32.04,Loan originated
1,1045000.0,48,1305000.0,279.0,1,Not Hispanic or Latino,White,Male,55-64,80.0,Loan originated
1,1035000.0,30%-<36%,1725000.0,320.0,1,Not Hispanic or Latino,White,Male,25-34,60.0,Loan originated
1,245000.0,44,605000.0,310.0,1,Hispanic or Latino,White,Female,25-34,40.0,Loan originated
1,215000.0,42,265000.0,73.0,1,Not Hispanic or Latino,White,Female,35-44,80.0,Loan originated
1,295000.0,49,315000.0,57.0,1,Not Hispanic or Latino,White,Male,<25,95.0,Loan originated
1,345000.0,38,365000.0,152.0,1,Not Hispanic or Latino,White,Male,65-74,94.93,Loan originated
1,395000.0,48,435000.0,118.0,1,Hispanic or Latino,White,Male,25-34,90.0,Loan originated
1,505000.0,38,635000.0,205.0,1,Not Hispanic or Latino,Asian,Female,35-44,80.0,Loan originated
1,765000.0,40,2125000.0,202.0,1,Not Hispanic or Latino,White,Female,55-64,37.0,Loan originated
1,405000.0,40,805000.0,151.0,1,Not Hispanic or Latino,White,Male,45-54,50.0,Loan originated
1,265000.0,47,295000.0,69.0,1,Not Hispanic or Latino,White,Female,55-64,90.0,Loan originated
1,765000.0,49,1295000.0,239.0,1,Not Hispanic or Latino,White,Male,55-64,59.007,Loan originated
1,485000.0,30%-<36%,605000.0,123.0,1,Not Hispanic or Latino,White,Male,25-34,80.0,Loan originated
1,355000.0,47,445000.0,72.0,1,Hispanic or Latino,White,Female,35-44,80.0,Loan originated
1,405000.0,20%-<30%,565000.0,210.0,1,Not Hispanic or Latino,White,Male,35-44,72.321,Loan originated
1,435000.0,30%-<36%,545000.0,192.0,1,Not Hispanic or Latino,White,Male,25-34,80.0,Loan originated
1,425000.0,41,535000.0,130.0,1,Not Hispanic or Latino,White,Male,35-44,80.0,Loan originated
1,555000.0,30%-<36%,715000.0,212.0,1,Not Hispanic or Latino,Asian,Female,35-44,77.742,Loan originated
1,495000.0,45,625000.0,112.0,1,Hispanic or Latino,White,Male,45-54,80.0,Loan originated
1,555000.0,30%-<36%,1055000.0,246.0,1,Not Hispanic or Latino,Asian,Male,55-64,52.38,Loan originated
1,555000.0,49,805000.0,120.0,1,Hispanic or Latino,White,Female,35-44,68.75,Loan originated
1,295000.0,20%-<30%,415000.0,105.0,1,Not Hispanic or Latino,White,Male,45-54,71.428,Loan originated
1,1015000.0,49,1135000.0,202.0,1,Not Hispanic or Latino,Asian,Male,35-44,90.0,Loan originated
1,965000.0,20%-<30%,1455000.0,627.0,1,Not Hispanic or Latino,White,Male,55-64,66.552,Loan originated
1,505000.0,30%-<36%,855000.0,175.0,1,Not Hispanic or Latino,White,Male,35-44,59.255,Loan originated
1,635000.0,40,1085000.0,185.0,1,Not Hispanic or Latino,Asian,Male,25-34,59.0,Loan originated
1,515000.0,45,545000.0,122.0,1,Hispanic or Latino,White,Female,45-54,95.0,Loan originated
1,655000.0,36,1105000.0,177.0,1,Not Hispanic or Latino,White,Male,45-54,59.091,Loan originated
1,675000.0,49,845000.0,127.0,1,Not Hispanic or Latino,Asian,Female,25-34,80.0,Loan originated
1,375000.0,43,415000.0,88.0,1,Not Hispanic or Latino,White,Male,25-34,90.0,Loan originated
1,445000.0,49,475000.0,116.0,1,Hispanic or Latino,White,Female,45-54,98.0,Application denied
1,915000.0,41,1145000.0,283.0,1,Hispanic or Latino,White,Male,45-54,80.0,Loan originated
1,535000.0,41,565000.0,132.0,1,Not Hispanic or Latino,White,Female,35-44,95.0,Loan originated
1,635000.0,20%-<30%,885000.0,397.0,1,Not Hispanic or Latino,White,Male,35-44,71.591,Loan originated
1,975000.0,30%-<36%,1215000.0,515.0,1,Hispanic or Latino,White,Male,45-54,80.0,Loan originated
1,325000.0,47,405000.0,95.0,1,Not Hispanic or Latino,Black or African American,Female,35-44,80.0,Loan originated
1,635000.0,45,715000.0,230.0,1,Not Hispanic or Latino,Asian,Male,25-34,90.0,Loan originated
1,615000.0,46,775000.0,131.0,1,Hispanic or Latino,White,Male,35-44,80.0,Loan originated
1,425000.0,43,625000.0,144.0,1,Not Hispanic or Latino,Asian,Female,55-64,68.204,Loan originated
1,505000.0,42,955000.0,207.0,1,Not Hispanic or Latino,White,Male,35-44,52.63,Loan originated
1,1045000.0,36,1635000.0,353.0,1,Not Hispanic or Latino,White,Male,55-64,63.88,Loan originated
1,765000.0,41,835000.0,252.0,1,Not Hispanic or Latino,White,Male,45-54,92.0,Loan originated
1,765000.0,49,925000.0,153.0,1,Not Hispanic or Latino,White,Female,45-54,100.0,Loan originated
1,515000.0,20%-<30%,1265000.0,242.0,1,Not Hispanic or Latino,White,Male,35-44,40.72,Loan originated
1,995000.0,40,1045000.0,316.0,1,Not Hispanic or Latino,White,Male,55-64,95.0,Loan originated
1,765000.0,49,1005000.0,722.0,1,Not Hispanic or Latino,Asian,Female,45-54,76.655,Loan originated
1,1145000.0,30%-<36%,2305000.0,655.0,1,Not Hispanic or Latino,Asian,Female,35-44,50.0,Loan originated
1,805000.0,42,1025000.0,231.0,1,Not Hispanic or Latino,Asian,Male,35-44,79.314,Loan originated
1,275000.0,45,295000.0,96.0,1,Not Hispanic or Latino,White,Female,45-54,92.46,Application denied
1,545000.0,48,685000.0,104.0,1,Not Hispanic or Latino,White,Female,25-34,80.0,Loan originated
1,385000.0,45,475000.0,99.0,1,Hispanic or Latino,White,Male,45-54,80.0,Loan originated
1,425000.0,45,535000.0,200.0,1,Not Hispanic or Latino,Asian,Male,55-64,80.0,Loan originated
1,395000.0,40,495000.0,136.0,1,Not Hispanic or Latino,White,Female,45-54,79.798,Loan originated
1,1015000.0,44,1375000.0,240.0,1,Not Hispanic or Latino,Asian,Male,25-34,84.0,Loan originated
1,15000.0,30%-<36%,325000.0,97.0,1,Not Hispanic or Latino,Black or African American,Female,35-44,3.5,Loan originated
1,795000.0,49,1055000.0,338.0,1,Not Hispanic or Latino,Asian,Male,<25,75.0,Loan originated
1,525000.0,49,725000.0,99.0,1,Not Hispanic or Latino,White,Female,55-64,72.0,Loan originated
1,605000.0,<20%,905000.0,375.0,1,Not Hispanic or Latino,White,Male,25-34,66.667,Loan originated
1,655000.0,38,1205000.0,172.0,1,Not Hispanic or Latino,Asian,Male,35-44,53.94,Loan originated
1,585000.0,46,885000.0,162.0,1,Not Hispanic or Latino,White,Male,65-74,65.9,Loan originated
1,615000.0,30%-<36%,1005000.0,227.0,1,Not Hispanic or Latino,Asian,Female,45-54,61.68,Loan originated
1,1145000.0,48,1475000.0,294.0,1,Not Hispanic or Latino,White,Male,35-44,77.954,Loan originated
1,225000.0,38,275000.0,105.0,1,Hispanic or Latino,White,Male,25-34,80.0,Loan originated
1,265000.0,48,295000.0,52.0,1,Hispanic or Latino,White,Female,<25,91.0,Loan originated
1,585000.0,38,655000.0,176.0,1,Hispanic or Latino,White,Male,35-44,90.0,Loan originated
1,355000.0,48,425000.0,72.0,1,Hispanic or Latino,White,Male,35-44,85.0,Loan originated
1,585000.0,49,785000.0,245.0,1,Not Hispanic or Latino,White,Male,35-44,75.0,Loan originated
1,665000.0,39,1075000.0,166.0,1,Not Hispanic or Latino,Asian,Female,35-44,61.682,Loan originated
1,765000.0,20%-<30%,855000.0,400.0,1,Not Hispanic or Latino,Asian,Male,35-44,89.889,Loan originated
1,695000.0,41,875000.0,178.0,1,Not Hispanic or Latino,Asian,Male,25-34,80.0,Loan originated
1,265000.0,42,645000.0,128.0,1,Not Hispanic or Latino,Asian,Female,65-74,40.941,Loan originated
1,555000.0,30%-<36%,585000.0,190.0,1,Not Hispanic or Latino,American Indian or Alaska Native,Male,25-34,95.0,Loan originated
1,725000.0,20%-<30%,905000.0,314.0,1,Not Hispanic or Latino,Black or African American,Male,55-64,80.0,Application denied
1,565000.0,20%-<30%,705000.0,178.0,1,Not Hispanic or Latino,Asian,Male,35-44,80.0,Loan originated
1,565000.0,49,715000.0,116.0,1,Not Hispanic or Latino,Asian,Male,35-44,79.79,Loan originated
1,345000.0,49,1345000.0,86.0,1,Not Hispanic or Latino,Asian,Male,55-64,25.746,Loan originated
1,105000.0,44,335000.0,43.0,1,Not Hispanic or Latino,White,Male,>74,30.0,Loan originated
1,775000.0,38,1445000.0,252.0,1,Not Hispanic or Latino,Asian,Female,45-54,53.472,Loan originated
1,675000.0,41,765000.0,176.0,1,Not Hispanic or Latino,White,Male,25-34,88.235,Loan originated
1,345000.0,<20%,1145000.0,315.0,1,Not Hispanic or Latino,Asian,Male,35-44,31.0,Loan originated
1,375000.0,30%-<36%,1515000.0,168.0,1,Not Hispanic or Latino,White,Male,65-74,24.752,Loan originated
1,325000.0,43,405000.0,82.0,1,Hispanic or Latino,White,Female,25-34,80.0,Loan originated
1,165000.0,37,265000.0,76.0,1,Not Hispanic or Latino,White,Male,45-54,61.538,Loan originated
1,455000.0,>60%,1825000.0,82.0,1,Not Hispanic or Latino,White,Female,45-54,25.11,Application denied
1,515000.0,46,645000.0,100.0,1,Not Hispanic or Latino,Asian,Female,35-44,80.0,Loan originated
1,445000.0,46,555000.0,100.0,1,Not Hispanic or Latino,Black or African American,Male,35-44,80.0,Loan originated
1,755000.0,30%-<36%,1565000.0,290.0,1,Not Hispanic or Latino,White,Male,35-44,49.0,Loan originated
1,695000.0,30%-<36%,865000.0,212.0,1,Not Hispanic or Latino,White,Male,25-34,80.0,Loan originated
1,295000.0,39,305000.0,124.0,1,Not Hispanic or Latino,Black or African American,Female,35-44,97.0,Loan originated
1,1065000.0,49,1515000.0,250.0,1,Not Hispanic or Latino,White,Female,>74,70.0,Loan originated
1,435000.0,37,585000.0,146.0,1,Not Hispanic or Latino,Asian,Male,45-54,75.0,Loan originated
1,585000.0,41,705000.0,146.0,1,Not Hispanic or Latino,Asian,Male,45-54,82.474,Loan originated
1,705000.0,45,885000.0,302.0,1,Not Hispanic or Latino,Asian,Male,35-44,80.0,Loan originated
1,805000.0,36,1255000.0,221.0,1,Not Hispanic or Latino,Asian,Female,35-44,64.0,Loan originated
1,255000.0,43,345000.0,105.0,1,Hispanic or Latino,White,Male,35-44,103.993,Loan originated
1,265000.0,50%-60%,275000.0,49.0,1,Not Hispanic or Latino,White,Male,25-34,96.91,Application denied
1,365000.0,49,385000.0,74.0,1,Hispanic or Latino,White,Female,<25,95.0,Loan originated
1,695000.0,42,925000.0,461.0,1,Not Hispanic or Latino,White,Male,35-44,75.0,Loan originated
1,275000.0,44,455000.0,232.0,1,Hispanic or Latino,Asian,Male,45-54,61.111,Loan originated
1,345000.0,20%-<30%,435000.0,150.0,1,Not Hispanic or Latino,White,Male,45-54,80.0,Loan originated
1,475000.0,45,635000.0,101.0,1,Not Hispanic or Latino,Asian,Male,45-54,75.0,Loan originated
1,485000.0,49,805000.0,120.0,1,Not Hispanic or Latino,White,Male,25-34,60.0,Loan originated
1,1005000.0,41,1255000.0,283.0,1,Not Hispanic or Latino,White,Male,55-64,80.0,Loan originated
1,755000.0,45,935000.0,230.0,1,Hispanic or Latino,White,Male,35-44,80.0,Application denied
1,925000.0,48,1425000.0,195.0,1,Not Hispanic or Latino,Asian,Male,35-44,65.0,Loan originated
1,495000.0,30%-<36%,705000.0,587.0,1,Not Hispanic or Latino,White,Male,65-74,70.0,Loan originated
1,215000.0,36,765000.0,84.0,1,Not Hispanic or Latino,Asian,Female,45-54,27.41,Loan originated
1,965000.0,<20%,1205000.0,0.0,1,Not Hispanic or Latino,White,Female,35-44,80.0,Application denied
1,1145000.0,30%-<36%,1355000.0,363.0,1,Not Hispanic or Latino,Asian,Male,35-44,85.0,Loan originated
1,505000.0,>60%,655000.0,24.0,1,Not Hispanic or Latino,Asian,Female,55-64,77.054,Application denied
1,275000.0,47,295000.0,61.0,1,Hispanic or Latino,White,Female,35-44,94.068,Loan originated
1,385000.0,30%-<36%,475000.0,131.0,1,Not Hispanic or Latino,Asian,Male,<25,80.0,Loan originated
1,575000.0,43,815000.0,224.0,1,Not Hispanic or Latino,Asian,Female,25-34,70.0,Loan originated
1,455000.0,44,575000.0,120.0,1,Hispanic or Latino,White,Male,25-34,80.0,Loan originated
1,715000.0,30%-<36%,1025000.0,350.0,1,Not Hispanic or Latino,Asian,Male,45-54,70.0,Loan originated
1,535000.0,30%-<36%,675000.0,120.0,1,Not Hispanic or Latino,Asian,Female,25-34,95.0,Application denied
1,315000.0,40,535000.0,135.0,1,Hispanic or Latino,White,Male,35-44,58.879,Loan originated
1,645000.0,42,805000.0,152.0,1,Not Hispanic or Latino,White,Female,35-44,80.0,Loan originated
1,745000.0,20%-<30%,1065000.0,442.0,1,Not Hispanic or Latino,Asian,Male,<25,70.0,Loan originated
1,485000.0,47,505000.0,150.0,1,Hispanic or Latino,White,Male,55-64,95.0,Loan originated
1,435000.0,41,525000.0,97.0,1,Not Hispanic or Latino,Black or African American,Female,55-64,83.913,Application denied
1,1005000.0,20%-<30%,2725000.0,600.0,1,Not Hispanic or Latino,Asian,Male,45-54,36.7,Application denied
1,145000.0,20%-<30%,445000.0,152.0,1,Not Hispanic or Latino,White,Female,55-64,31.818,Loan originated
1,1065000.0,43,1335000.0,237.0,1,Not Hispanic or Latino,Asian,Female,25-34,80.0,Loan originated
1,305000.0,48,865000.0,75.0,1,Not Hispanic or Latino,Asian,Female,55-64,34.639,Loan originated
1,425000.0,49,1265000.0,207.0,1,Not Hispanic or Latino,White,Female,>74,33.65,Loan originated
1,1045000.0,48,1165000.0,200.0,1,Not Hispanic or Latino,Asian,Male,35-44,89.931,Loan originated
1,205000.0,>60%,455000.0,30.0,1,Not Hispanic or Latino,White,Female,65-74,44.444,Application denied
1,1025000.0,37,1285000.0,377.0,1,Not Hispanic or Latino,Asian,Female,35-44,80.0,Loan originated
1,515000.0,44,545000.0,276.0,1,Not Hispanic or Latino,White,Male,25-34,95.0,Loan originated
1,205000.0,39,455000.0,70.0,1,Hispanic or Latino,White,Male,55-64,45.175,Loan originated
1,285000.0,30%-<36%,305000.0,112.0,1,Not Hispanic or Latino,White,Male,<25,95.0,Loan originated
1,795000.0,20%-<30%,1065000.0,257.0,1,Not Hispanic or Latino,Asian,Male,35-44,75.0,Loan originated
1,455000.0,46,575000.0,122.0,1,Hispanic or Latino,White,Male,45-54,79.993,Loan originated
1,1105000.0,<20%,2155000.0,4290.0,1,Not Hispanic or Latino,White,Male,35-44,52.0,Loan originated
1,505000.0,30%-<36%,765000.0,158.0,1,Not Hispanic or Latino,Asian,Male,35-44,65.789,Loan originated
1,405000.0,36,1375000.0,255.0,1,Not Hispanic or Latino,White,Male,55-64,29.091,Loan originated
1,545000.0,36,575000.0,170.0,1,Not Hispanic or Latino,White,Male,35-44,94.74,Application denied
1,675000.0,46,745000.0,170.0,1,Not Hispanic or Latino,White,Male,25-34,90.0,Loan originated
1,375000.0,47,695000.0,95.0,1,Hispanic or Latino,White,Female,45-54,54.348,Loan originated
1,115000.0,>60%,545000.0,20.0,1,Not Hispanic or Latino,Asian,Female,55-64,21.179,Application denied
1,225000.0,48,365000.0,71.0,1,Not Hispanic or Latino,White,Female,55-64,60.0,Loan originated
1,615000.0,49,715000.0,133.0,1,Hispanic or Latino,White,Male,35-44,86.431,Loan originated
1,535000.0,41,555000.0,127.0,1,Hispanic or Latino,White,Male,25-34,97.28,Application denied
1,675000.0,>60%,705000.0,108.0,1,Not Hispanic or Latino,Asian,Female,35-44,95.0,Application denied
1,185000.0,38,495000.0,84.0,1,Not Hispanic or Latino,White,Female,65-74,36.057,Loan originated
1,735000.0,48,915000.0,158.0,1,Not Hispanic or Latino,White,Male,35-44,80.0,Loan originated
1,455000.0,47,485000.0,113.0,1,Hispanic or Latino,Black or African American,Male,35-44,95.0,Loan originated
1,245000.0,49,565000.0,62.0,1,Not Hispanic or Latino,White,Female,55-64,43.717,Loan originated
1,385000.0,45,485000.0,101.0,1,Not Hispanic or Latino,White,Female,55-64,100.0,Loan originated
1,435000.0,41,455000.0,145.0,1,Not Hispanic or Latino,Asian,Female,25-34,96.5,Application denied
1,725000.0,49,805000.0,227.0,1,Hispanic or Latino,White,Female,25-34,90.0,Loan originated
1,945000.0,30%-<36%,1575000.0,605.0,1,Not Hispanic or Latino,White,Female,55-64,60.0,Loan originated
1,325000.0,30%-<36%,425000.0,88.0,1,Not Hispanic or Latino,White,Female,45-54,76.608,Loan originated
1,545000.0,42,575000.0,147.0,1,Hispanic or Latino,White,Male,35-44,95.0,Loan originated
1,485000.0,44,1025000.0,123.0,1,Not Hispanic or Latino,Asian,Female,25-34,47.317,Loan originated
1,915000.0,44,965000.0,211.0,1,Not Hispanic or Latino,Asian,Male,25-34,95.0,Loan originated
1,285000.0,42,325000.0,61.0,1,Not Hispanic or Latino,Black or African American,Female,35-44,86.822,Loan originated
1,645000.0,49,675000.0,138.0,1,Not Hispanic or Latino,White,Female,45-54,95.0,Loan originated
1,235000.0,20%-<30%,635000.0,129.0,1,Not Hispanic or Latino,White,Female,65-74,38.0,Loan originated
1,485000.0,30%-<36%,515000.0,268.0,1,Hispanic or Latino,White,Male,35-44,94.993,Loan originated
1,245000.0,44,305000.0,59.0,1,Not Hispanic or Latino,American Indian or Alaska Native,Male,25-34,94.454,Loan originated
1,205000.0,30%-<36%,445000.0,71.0,1,Not Hispanic or Latino,Asian,Female,25-34,44.454,Loan originated
1,475000.0,20%-<30%,875000.0,341.0,1,Not Hispanic or Latino,White,Male,45-54,54.14,Loan originated
1,575000.0,47,725000.0,159.0,1,Not Hispanic or Latino,White,Female,35-44,80.0,Loan originated
1,435000.0,30%-<36%,465000.0,183.0,1,Hispanic or Latino,White,Male,55-64,95.0,Loan originated
1,395000.0,38,425000.0,170.0,1,Not Hispanic or Latino,White,Female,55-64,95.0,Loan originated
1,475000.0,49,595000.0,95.0,1,Hispanic or Latino,White,Female,>74,80.0,Loan originated
1,545000.0,49,585000.0,120.0,1,Not Hispanic or Latino,White,Female,25-34,94.31,Loan originated
1,655000.0,49,825000.0,208.0,1,Hispanic or Latino,White,Female,45-54,80.0,Loan originated
1,165000.0,<20%,265000.0,90.0,1,Not Hispanic or Latino,Asian,Female,25-34,61.278,Loan originated
1,125000.0,40,425000.0,43.0,1,Hispanic or Latino,White,Female,25-34,29.412,Loan originated
1,585000.0,41,615000.0,127.0,1,Hispanic or Latino,White,Female,45-54,95.0,Loan originated
1,585000.0,46,655000.0,140.0,1,Not Hispanic or Latino,White,Male,25-34,90.0,Loan originated
1,705000.0,30%-<36%,945000.0,370.0,1,Not Hispanic or Latino,Asian,Male,35-44,75.0,Loan originated
1,965000.0,47,1205000.0,208.0,1,Hispanic or Latino,White,Male,45-54,80.0,Loan originated
1,615000.0,45,685000.0,138.0,1,Hispanic or Latino,White,Male,35-44,89.99,Loan originated
1,475000.0,30%-<36%,635000.0,156.0,1,Not Hispanic or Latino,White,Female,35-44,75.0,Loan originated
1,545000.0,49,645000.0,109.0,1,Not Hispanic or Latino,Black or African American,Female,35-44,85.0,Loan originated
1,455000.0,30%-<36%,655000.0,142.0,1,Not Hispanic or Latino,White,Female,25-34,69.23,Loan originated
1,185000.0,>60%,305000.0,40.0,1,Not Hispanic or Latino,White,Female,>74,60.261,Application denied
1,985000.0,20%-<30%,1525000.0,361.0,1,Not Hispanic or Latino,White,Female,25-34,64.66,Loan originated
1,675000.0,20%-<30%,845000.0,901.0,1,Not Hispanic or Latino,White,Female,25-34,80.0,Loan originated
1,565000.0,38,635000.0,160.0,1,Not Hispanic or Latino,Asian,Female,25-34,89.0,Loan originated
1,625000.0,45,725000.0,196.0,1,Not Hispanic or Latino,White,Male,35-44,86.2,Loan originated
1,205000.0,42,305000.0,55.0,1,Hispanic or Latino,White,Female,35-44,102.0,Loan originated
1,585000.0,39,795000.0,149.0,1,Not Hispanic or Latino,Asian,Female,25-34,74.0,Loan originated
1,885000.0,49,1105000.0,173.0,1,Not Hispanic or Latino,Asian,Female,25-34,80.0,Loan originated
1,345000.0,47,425000.0,120.0,1,Not Hispanic or Latino,White,Female,45-54,80.0,Loan originated
1,345000.0,30%-<36%,565000.0,115.0,1,Hispanic or Latino,White,Female,<25,60.71,Loan originated
1,655000.0,44,725000.0,150.0,1,Not Hispanic or Latino,Asian,Female,35-44,89.903,Loan originated
1,735000.0,36,1205000.0,209.0,1,Not Hispanic or Latino,Asian,Male,45-54,61.25,Loan originated
1,555000.0,45,585000.0,118.0,1,Not Hispanic or Latino,Black or African American,Male,25-34,95.0,Loan originated
1,235000.0,43,535000.0,62.0,1,Not Hispanic or Latino,Black or African American,Male,65-74,98.12,Application denied
1,765000.0,38,985000.0,290.0,1,Not Hispanic or Latino,Asian,Female,45-54,78.21,Loan originated
1,365000.0,43,855000.0,110.0,1,Not Hispanic or Latino,White,Male,55-64,43.24,Loan originated
1,385000.0,48,395000.0,73.0,1,Hispanic or Latino,White,Male,25-34,97.0,Loan originated
1,435000.0,20%-<30%,465000.0,159.0,1,Not Hispanic or Latino,Black or African American,Female,25-34,95.0,Loan originated
1,375000.0,44,515000.0,83.0,1,Hispanic or Latino,White,Male,45-54,72.549,Loan originated
1,695000.0,49,795000.0,159.0,1,Hispanic or Latino,White,Female,45-54,87.42,Loan originated
1,155000.0,46,195000.0,48.0,1,Hispanic or Latino,American Indian or Alaska Native,Male,35-44,80.0,Loan originated
1,995000.0,44,1325000.0,251.0,1,Not Hispanic or Latino,Asian,Male,45-54,75.0,Loan originated
1,805000.0,20%-<30%,1525000.0,431.0,1,Not Hispanic or Latino,White,Female,45-54,52.39,Loan originated
1,395000.0,46,415000.0,108.0,1,Hispanic or Latino,White,Female,35-44,95.0,Loan originated
1,1005000.0,49,2235000.0,238.0,1,Not Hispanic or Latino,White,Male,35-44,44.843,Loan originated
1,395000.0,40,715000.0,114.0,1,Not Hispanic or Latino,Asian,Female,35-44,55.0,Loan originated
1,405000.0,48,485000.0,89.0,1,Hispanic or Latino,White,Female,25-34,84.167,Loan originated
1,625000.0,49,695000.0,127.0,1,Not Hispanic or Latino,Asian,Male,55-64,90.0,Loan originated
1,455000.0,44,1595000.0,272.0,1,Not Hispanic or Latino,Asian,Female,25-34,29.0,Loan originated
1,245000.0,<20%,445000.0,168.0,1,Hispanic or Latino,Asian,Female,65-74,54.853,Loan originated
1,315000.0,30%-<36%,395000.0,84.0,1,Hispanic or Latino,White,Male,25-34,80.0,Loan originated
1,805000.0,39,1075000.0,233.0,1,Not Hispanic or Latino,White,Male,>74,75.0,Application denied
1,715000.0,47,745000.0,206.0,1,Not Hispanic or Latino,Asian,Male,45-54,95.0,Loan originated
1,475000.0,39,595000.0,125.0,1,Hispanic or Latino,White,Male,25-34,80.0,Loan originated
1,365000.0,45,445000.0,115.0,1,Hispanic or Latino,White,Male,45-54,102.0,Application denied
1,475000.0,36,495000.0,192.0,1,Hispanic or Latino,White,Female,25-34,95.0,Loan originated
1,915000.0,45,1395000.0,190.0,1,Not Hispanic or Latino,White,Male,25-34,65.739,Loan originated
1,1045000.0,43,1105000.0,274.0,1,Not Hispanic or Latino,Asian,Male,35-44,95.0,Loan originated
1,475000.0,30%-<36%,495000.0,172.0,1,Hispanic or Latino,White,Male,35-44,95.0,Loan originated
1,395000.0,46,525000.0,88.0,1,Not Hispanic or Latino,Asian,Male,35-44,95.0,Loan originated
1,325000.0,48,395000.0,92.0,1,Not Hispanic or Latino,Black or African American,Female,35-44,103.333,Loan originated
1,335000.0,30%-<36%,475000.0,123.0,1,Not Hispanic or Latino,White,Female,45-54,70.53,Loan originated
1,575000.0,41,955000.0,146.0,1,Not Hispanic or Latino,White,Male,35-44,59.75,Loan originated
1,655000.0,46,1015000.0,147.0,1,Not Hispanic or Latino,White,Male,35-44,65.0,Loan originated
1,645000.0,46,805000.0,149.0,1,Not Hispanic or Latino,White,Male,35-44,98.576,Loan originated
1,365000.0,41,415000.0,100.0,1,Hispanic or Latino,White,Female,35-44,90.0,Loan originated
1,405000.0,45,505000.0,155.0,1,Not Hispanic or Latino,Asian,Male,>74,80.0,Application denied
1,715000.0,39,895000.0,189.0,1,Not Hispanic or Latino,Asian,Male,45-54,80.0,Loan originated
1,355000.0,39,505000.0,227.0,1,Not Hispanic or Latino,White,Male,<25,70.297,Loan originated
1,475000.0,49,595000.0,110.0,1,Not Hispanic or Latino,White,Female,45-54,80.0,Loan originated
1,275000.0,47,375000.0,73.0,1,Hispanic or Latino,White,Male,35-44,75.0,Loan originated
1,665000.0,45,695000.0,158.0,1,Not Hispanic or Latino,White,Female,25-34,97.0,Loan originated
1,75000.0,30%-<36%,875000.0,71.0,1,Not Hispanic or Latino,Asian,Female,45-54,11.409,Loan originated
1,715000.0,39,755000.0,197.0,1,Not Hispanic or Latino,Asian,Male,35-44,95.0,Loan originated
1,895000.0,46,1135000.0,198.0,1,Not Hispanic or Latino,White,Male,45-54,80.0,Loan originated
1,265000.0,30%-<36%,325000.0,98.0,1,Not Hispanic or Latino,White,Male,25-34,80.0,Application denied
1,305000.0,48,375000.0,75.0,1,Hispanic or Latino,American Indian or Alaska Native,Male,35-44,100.0,Application denied
1,765000.0,44,985000.0,248.0,1,Not Hispanic or Latino,Asian,Female,25-34,78.16,Loan originated
1,535000.0,38,665000.0,151.0,1,Hispanic or Latino,White,Female,25-34,80.0,Loan originated
1,315000.0,42,455000.0,81.0,1,Not Hispanic or Latino,Asian,Female,25-34,69.0,Loan originated
1,425000.0,44,1305000.0,178.0,1,Not Hispanic or Latino,White,Male,55-64,32.66,Loan originated
1,475000.0,44,595000.0,113.0,1,Hispanic or Latino,Black or African American,Male,55-64,80.0,Loan originated
1,285000.0,30%-<36%,485000.0,88.0,1,Not Hispanic or Latino,White,Male,25-34,58.543,Loan originated
1,815000.0,30%-<36%,1025000.0,262.0,1,Not Hispanic or Latino,White,Male,55-64,80.0,Loan originated
1,555000.0,40,695000.0,136.0,1,Not Hispanic or Latino,White,Female,25-34,80.0,Loan originated
1,955000.0,49,1085000.0,218.0,1,Not Hispanic or Latino,White,Male,35-44,89.0,Loan originated
1,195000.0,20%-<30%,205000.0,105.0,1,Not Hispanic or Latino,White,Female,45-54,97.0,Loan originated
1,855000.0,41,945000.0,197.0,1,Not Hispanic or Latino,Asian,Male,25-34,89.99,Loan originated
1,445000.0,42,595000.0,117.0,1,Not Hispanic or Latino,Asian,Female,25-34,74.56,Loan originated
1,575000.0,49,715000.0,117.0,1,Hispanic or Latino,White,Female,55-64,80.0,Loan originated
1,905000.0,45,1345000.0,196.0,1,Not Hispanic or Latino,White,Female,35-44,67.165,Loan originated
1,505000.0,45,805000.0,139.0,1,Not Hispanic or Latino,Asian,Female,<25,63.0,Loan originated
1,845000.0,44,1055000.0,193.0,1,Not Hispanic or Latino,Black or African American,Male,25-34,80.0,Loan originated
1,335000.0,37,365000.0,89.0,1,Hispanic or Latino,White,Male,25-34,91.479,Loan originated
1,415000.0,41,435000.0,111.0,1,Hispanic or Latino,White,Female,25-34,98.0,Loan originated
1,575000.0,39,635000.0,178.0,1,Hispanic or Latino,White,Female,25-34,90.0,Loan originated
1,565000.0,41,585000.0,139.0,1,Not Hispanic or Latino,White,Male,55-64,97.0,Loan originated
1,245000.0,50%-60%,715000.0,64.0,1,Hispanic or Latino,White,Female,35-44,33.57,Loan originated
1,505000.0,45,1305000.0,200.0,1,Not Hispanic or Latino,Asian,Male,55-64,38.46,Loan originated
1,505000.0,45,565000.0,113.0,1,Not Hispanic or Latino,Asian,Female,45-54,88.029,Loan originated
1,195000.0,38,255000.0,66.0,1,Not Hispanic or Latino,White,Female,25-34,76.0,Loan originated
1,1205000.0,49,1505000.0,239.0,1,Not Hispanic or Latino,Asian,Female,35-44,80.0,Loan originated
1,255000.0,44,385000.0,73.0,1,Hispanic or Latino,White,Female,25-34,66.234,Loan originated
1,765000.0,30%-<36%,955000.0,303.0,1,Not Hispanic or Latino,White,Male,25-34,80.0,Loan originated
1,715000.0,38,895000.0,200.0,1,Not Hispanic or Latino,White,Male,>74,80.0,Loan originated
1,555000.0,20%-<30%,585000.0,420.0,1,Not Hispanic or Latino,Black or African American,Female,55-64,96.0,Application denied
1,415000.0,42,715000.0,130.0,1,Not Hispanic or Latino,White,Female,35-44,58.042,Loan originated
1,315000.0,48,465000.0,156.0,1,Hispanic or Latino,American Indian or Alaska Native,Male,35-44,70.0,Application denied
1,475000.0,45,505000.0,116.0,1,Hispanic or Latino,White,Male,45-54,95.0,Loan originated
1,315000.0,30%-<36%,335000.0,155.0,1,Not Hispanic or Latino,White,Female,45-54,95.0,Loan originated
1,1005000.0,47,1385000.0,232.0,1,Not Hispanic or Latino,White,Male,55-64,71.994,Loan originated
1,455000.0,44,485000.0,129.0,1,Hispanic or Latino,White,Male,25-34,94.742,Loan originated
1,495000.0,<20%,565000.0,773.0,1,Hispanic or Latino,White,Male,25-34,90.0,Application denied
1,185000.0,37,235000.0,62.0,1,Not Hispanic or Latino,White,Male,25-34,80.0,Loan originated
1,455000.0,37,505000.0,242.0,1,Not Hispanic or Latino,2 or more minority races,Male,55-64,90.0,Loan originated
1,505000.0,44,895000.0,170.0,1,Not Hispanic or Latino,Asian,Male,45-54,55.562,Loan originated
1,335000.0,37,425000.0,135.0,1,Not Hispanic or Latino,Asian,Female,45-54,80.0,Loan originated
1,225000.0,39,205000.0,61.0,1,Hispanic or Latino,White,Female,45-54,111.38,Loan originated
1,435000.0,49,465000.0,90.0,1,Hispanic or Latino,White,Male,25-34,95.0,Loan originated
1,355000.0,46,475000.0,87.0,1,Hispanic or Latino,American Indian or Alaska Native,Male,>74,74.08,Application denied
1,805000.0,42,905000.0,249.0,1,Not Hispanic or Latino,Asian,Male,35-44,89.222,Loan originated
1,725000.0,45,805000.0,151.0,1,Not Hispanic or Latino,Black or African American,Male,65-74,90.0,Loan originated
1,385000.0,46,395000.0,86.0,1,Hispanic or Latino,White,Female,25-34,100.0,Loan originated
1,415000.0,43,515000.0,106.0,1,Hispanic or Latino,White,Male,55-64,80.0,Loan originated
1,395000.0,20%-<30%,415000.0,198.0,1,Not Hispanic or Latino,White,Female,55-64,95.0,Loan originated
1,575000.0,20%-<30%,975000.0,295.0,1,Not Hispanic or Latino,White,Male,45-54,59.01,Loan originated
1,645000.0,42,665000.0,146.0,1,Not Hispanic or Latino,White,Female,25-34,97.0,Loan originated
1,495000.0,20%-<30%,825000.0,521.0,1,Not Hispanic or Latino,Asian,Male,25-34,60.0,Loan originated
1,115000.0,30%-<36%,115000.0,74.0,1,Not Hispanic or Latino,White,Female,65-74,97.44,Application denied
1,585000.0,41,735000.0,242.0,1,Hispanic or Latino,White,Female,55-64,79.452,Loan originated
1,305000.0,<20%,1205000.0,375.0,1,Not Hispanic or Latino,Asian,Male,45-54,25.614,Loan originated
1,355000.0,20%-<30%,395000.0,224.0,1,Not Hispanic or Latino,White,Female,>74,95.0,Loan originated
1,335000.0,46,575000.0,90.0,1,Not Hispanic or Latino,White,Female,45-54,57.895,Loan originated
1,225000.0,<20%,285000.0,137.0,1,Not Hispanic or Latino,Asian,Male,25-34,80.0,Loan originated
1,625000.0,20%-<30%,935000.0,714.0,1,Not Hispanic or Latino,White,Male,45-54,66.845,Loan originated
1,565000.0,47,655000.0,125.0,1,Not Hispanic or Latino,Asian,Male,25-34,85.649,Loan originated
1,315000.0,20%-<30%,505000.0,115.0,1,Not Hispanic or Latino,White,Female,35-44,62.178,Loan originated
1,905000.0,43,2305000.0,322.0,1,Not Hispanic or Latino,Asian,Male,25-34,39.13,Loan originated
1,885000.0,49,1105000.0,340.0,1,Not Hispanic or Latino,Asian,Male,35-44,80.0,Loan originated
1,425000.0,30%-<36%,445000.0,152.0,1,Not Hispanic or Latino,White,Female,25-34,100.0,Loan originated
1,585000.0,39,725000.0,158.0,1,Not Hispanic or Latino,Asian,Male,45-54,80.0,Loan originated
1,415000.0,30%-<36%,715000.0,150.0,1,Not Hispanic or Latino,Asian,Female,35-44,59.0,Loan originated
1,535000.0,48,665000.0,175.0,1,Not Hispanic or Latino,Asian,Female,25-34,80.0,Loan originated
1,655000.0,44,815000.0,178.0,1,Not Hispanic or Latino,White,Female,<25,80.0,Loan originated
1,285000.0,30%-<36%,645000.0,143.0,1,Not Hispanic or Latino,White,Female,35-44,44.444,Loan originated
1,565000.0,>60%,705000.0,75.0,1,Not Hispanic or Latino,Asian,Male,25-34,80.0,Application denied
1,425000.0,<20%,865000.0,281.0,1,Not Hispanic or Latino,Asian,Male,35-44,48.84,Loan originated
1,555000.0,49,1085000.0,230.0,1,Not Hispanic or Latino,White,Female,55-64,50.926,Loan originated
1,255000.0,38,275000.0,81.0,1,Not Hispanic or Latino,White,Male,25-34,94.606,Loan originated
1,445000.0,37,565000.0,123.0,1,Not Hispanic or Latino,White,Male,25-34,80.0,Loan originated
1,995000.0,46,1105000.0,220.0,1,Not Hispanic or Latino,White,Male,25-34,90.0,Loan originated
1,495000.0,30%-<36%,625000.0,205.0,1,Not Hispanic or Latino,White,Female,>74,80.0,Loan originated
1,995000.0,42,1595000.0,285.0,1,Not Hispanic or Latino,Asian,Female,55-64,62.264,Loan originated
1,765000.0,43,805000.0,260.0,1,Hispanic or Latino,White,Female,45-54,95.0,Loan originated
1,1095000.0,39,1375000.0,574.0,1,Not Hispanic or Latino,White,Female,35-44,80.0,Loan originated
1,275000.0,<20%,605000.0,232.0,1,Not Hispanic or Latino,White,Male,65-74,45.167,Loan originated
1,365000.0,42,385000.0,93.0,1,Not Hispanic or Latino,White,Female,25-34,95.0,Loan originated
1,1145000.0,43,4305000.0,364.0,1,Not Hispanic or Latino,Black or African American,Male,45-54,26.74,Loan originated
1,345000.0,42,385000.0,84.0,1,Not Hispanic or Latino,White,Female,35-44,89.9,Loan originated
1,305000.0,47,715000.0,80.0,1,Hispanic or Latino,White,Female,<25,42.475,Loan originated
1,615000.0,47,685000.0,198.0,1,Not Hispanic or Latino,White,Female,25-34,90.0,Loan originated
1,1025000.0,36,1375000.0,308.0,1,Not Hispanic or Latino,White,Male,45-54,74.46,Loan originated
1,745000.0,42,875000.0,180.0,1,Not Hispanic or Latino,White,Female,25-34,85.0,Loan originated
1,1145000.0,30%-<36%,1875000.0,333.0,1,Not Hispanic or Latino,Asian,Female,25-34,61.488,Loan originated
1,455000.0,30%-<36%,535000.0,199.0,1,Not Hispanic or Latino,Asian,Female,55-64,85.0,Loan originated
1,485000.0,49,525000.0,138.0,1,Not Hispanic or Latino,White,Female,65-74,92.308,Loan originated
1,395000.0,45,595000.0,83.0,1,Not Hispanic or Latino,White,Female,35-44,66.171,Loan originated
1,505000.0,36,1505000.0,192.0,1,Hispanic or Latino,White,Female,35-44,33.333,Loan originated
1,575000.0,44,725000.0,187.0,1,Not Hispanic or Latino,Asian,Male,35-44,80.0,Loan originated
1,655000.0,47,695000.0,159.0,1,Hispanic or Latino,White,Male,35-44,95.0,Loan originated
1,575000.0,42,715000.0,208.0,1,Not Hispanic or Latino,Asian,Male,45-54,79.99,Loan originated
1,425000.0,43,725000.0,98.0,1,Not Hispanic or Latino,Black or African American,Female,65-74,58.578,Loan originated
1,825000.0,20%-<30%,1025000.0,357.0,1,Not Hispanic or Latino,White,Female,35-44,80.0,Loan originated
1,775000.0,44,1065000.0,186.0,1,Not Hispanic or Latino,Asian,Male,45-54,75.0,Loan originated
1,265000.0,30%-<36%,275000.0,160.0,1,Not Hispanic or Latino,Asian,Female,45-54,97.0,Loan originated
1,975000.0,38,1225000.0,328.0,1,Not Hispanic or Latino,White,Male,35-44,80.0,Loan originated
1,195000.0,20%-<30%,215000.0,175.0,1,Not Hispanic or Latino,Asian,Male,25-34,90.0,Loan originated
1,835000.0,30%-<36%,875000.0,296.0,1,Not Hispanic or Latino,Black or African American,Male,45-54,95.0,Loan originated
1,615000.0,30%-<36%,655000.0,207.0,1,Not Hispanic or Latino,White,Female,35-44,95.0,Loan originated
1,875000.0,49,1095000.0,197.0,1,Not Hispanic or Latino,Asian,Female,35-44,80.0,Loan originated
1,605000.0,48,855000.0,204.0,1,Not Hispanic or Latino,Asian,Male,35-44,70.589,Loan originated
1,245000.0,20%-<30%,305000.0,192.0,1,Not Hispanic or Latino,Asian,Male,35-44,80.6,Application denied
1,435000.0,20%-<30%,545000.0,178.0,1,Hispanic or Latino,Black or African American,Male,25-34,80.0,Loan originated
1,215000.0,20%-<30%,465000.0,20.0,1,Not Hispanic or Latino,Asian,Female,25-34,50.13,Loan originated
1,615000.0,40,765000.0,170.0,1,Not Hispanic or Latino,Black or African American,Male,45-54,80.0,Loan originated
1,185000.0,48,235000.0,41.0,1,Hispanic or Latino,White,Female,55-64,80.0,Loan originated
1,355000.0,46,375000.0,125.0,1,Not Hispanic or Latino,Asian,Male,35-44,95.0,Loan originated
1,975000.0,40,1155000.0,239.0,1,Not Hispanic or Latino,Asian,Male,35-44,85.0,Loan originated
1,295000.0,>60%,305000.0,56.0,1,Not Hispanic or Latino,Black or African American,Female,25-34,99.167,Application denied
1,765000.0,20%-<30%,895000.0,310.0,1,Not Hispanic or Latino,White,Female,35-44,85.394,Loan originated
1,405000.0,40,1475000.0,124.0,1,Not Hispanic or Latino,White,Male,45-54,27.12,Loan originated
1,385000.0,48,785000.0,87.0,1,Not Hispanic or Latino,White,Male,25-34,48.718,Loan originated
1,865000.0,30%-<36%,1085000.0,244.0,1,Not Hispanic or Latino,White,Male,35-44,80.0,Loan originated
1,365000.0,46,515000.0,79.0,1,Hispanic or Latino,White,Male,35-44,69.903,Loan originated
1,745000.0,42,935000.0,182.0,1,Not Hispanic or Latino,Asian,Male,35-44,80.0,Loan originated
1,255000.0,<20%,475000.0,152.0,1,Hispanic or Latino,White,Male,45-54,52.632,Loan originated
1,885000.0,40,1255000.0,234.0,1,Not Hispanic or Latino,Asian,Male,25-34,70.0,Loan originated
1,555000.0,48,735000.0,130.0,1,Hispanic or Latino,White,Female,55-64,75.0,Loan originated
1,115000.0,20%-<30%,135000.0,55.0,1,Not Hispanic or Latino,White,Male,35-44,80.0,Loan originated
1,1065000.0,30%-<36%,1365000.0,290.0,1,Not Hispanic or Latino,2 or more minority races,Female,35-44,78.022,Loan originated
1,435000.0,30%-<36%,485000.0,147.0,1,Hispanic or Latino,White,Female,25-34,89.583,Loan originated
1,725000.0,41,1185000.0,184.0,1,Not Hispanic or Latino,White,Male,45-54,61.441,Loan originated
1,565000.0,48,665000.0,119.0,1,Not Hispanic or Latino,White,Male,25-34,85.0,Loan originated
