loan_purpose,loan_amount,debt_to_income_ratio,property_value,income,occupancy_type,derived_ethnicity,derived_race,derived_sex,applicant_age,loan_to_value_ratio,action_taken
1,455000.0,20%-<30%,475000.0,253.0,1,Not Hispanic or Latino,White,Male,45-54,95.0,Loan originated
1,525000.0,37,665000.0,197.0,1,Hispanic or Latino,White,Male,35-44,80.0,Loan originated
1,1065000.0,20%-<30%,1115000.0,420.0,1,Not Hispanic or Latino,Asian,Female,45-54,95.0,Loan originated
1,295000.0,43,695000.0,90.0,1,Not Hispanic or Latino,Asian,Male,25-34,42.731,Loan originated
1,95000.0,42,105000.0,78.0,1,Not Hispanic or Latino,Asian,Male,45-54,95.0,Loan originated
1,295000.0,20%-<30%,455000.0,130.0,1,Not Hispanic or Latino,Asian,Female,35-44,64.44,Loan originated
1,235000.0,>60%,315000.0,39.0,1,Hispanic or Latino,White,Male,45-54,75.806,Application denied
1,745000.0,45,995000.0,201.0,1,Not Hispanic or Latino,White,Female,>74,75.0,Loan originated
1,885000.0,48,1365000.0,191.0,1,Not Hispanic or Latino,Asian,Male,45-54,65.0,Loan originated
1,655000.0,30%-<36%,1065000.0,227.0,1,Not Hispanic or Latino,Asian,Male,55-64,61.784,Loan originated
1,295000.0,38,595000.0,150.0,1,Hispanic or Latino,White,Female,45-54,49.579,Loan originated
1,435000.0,44,465000.0,197.0,1,Hispanic or Latino,White,Male,45-54,95.0,Loan originated
1,375000.0,46,385000.0,84.0,1,Hispanic or Latino,White,Male,25-34,100.0,Loan originated
1,985000.0,43,1375000.0,244.0,1,Not Hispanic or Latino,Asian,Female,25-34,71.73,Loan originated
1,475000.0,46,585000.0,102.0,1,Not Hispanic or Latino,Black or African American,Female,45-54,80.0,Loan originated
1,1125000.0,41,1405000.0,289.0,1,Not Hispanic or Latino,Asian,Male,55-64,80.0,Loan originated
1,515000.0,40,545000.0,181.0,1,Hispanic or Latino,White,Male,25-34,95.0,Loan originated
1,625000.0,30%-<36%,735000.0,254.0,1,Hispanic or Latino,Black or African American,Female,55-64,85.0,Loan originated
1,475000.0,38,535000.0,243.0,1,Not Hispanic or Latino,White,Male,55-64,90.0,Loan originated
1,725000.0,49,915000.0,202.0,1,Not Hispanic or Latino,White,Male,25-34,80.0,Loan originated
1,585000.0,47,735000.0,198.0,1,Not Hispanic or Latino,White,Male,35-44,80.0,Loan originated
1,765000.0,43,835000.0,166.0,1,Not Hispanic or Latino,White,Male,25-34,92.355,Loan originated
1,725000.0,45,805000.0,204.0,1,Not Hispanic or Latino,Asian,Female,35-44,90.0,Loan originated
1,745000.0,46,925000.0,167.0,1,Not Hispanic or Latino,Asian,Female,45-54,80.0,Loan originated
1,845000.0,30%-<36%,1205000.0,226.0,1,Not Hispanic or Latino,White,Female,55-64,70.0,Loan originated
1,925000.0,30%-<36%,1055000.0,303.0,1,Not Hispanic or Latino,White,Male,25-34,87.494,Application denied
1,485000.0,49,505000.0,175.0,1,Hispanic or Latino,Black or African American,Male,25-34,95.0,Loan originated
1,665000.0,30%-<36%,1265000.0,202.0,1,Not Hispanic or Latino,White,Female,55-64,52.7,Loan originated
1,675000.0,50%-60%,935000.0,230.0,1,Not Hispanic or Latino,White,Male,45-54,72.0,Loan originated
1,485000.0,44,535000.0,143.0,1,Not Hispanic or Latino,White,Female,25-34,90.0,Loan originated
1,515000.0,49,575000.0,120.0,1,Not Hispanic or Latino,Asian,Female,35-44,90.0,Loan originated
1,145000.0,39,385000.0,147.0,1,Hispanic or Latino,White,Female,25-34,38.71,Application denied
1,885000.0,44,955000.0,193.0,1,Hispanic or Latino,White,Male,35-44,93.584,Loan originated
1,155000.0,43,245000.0,41.0,1,Not Hispanic or Latino,White,Female,65-74,102.45,Loan originated
1,445000.0,42,555000.0,118.0,1,Not Hispanic or Latino,White,Male,25-34,80.0,Loan originated
1,315000.0,44,375000.0,79.0,1,Not Hispanic or Latino,Black or African American,Male,35-44,84.8,Loan originated
1,705000.0,47,785000.0,193.0,1,Not Hispanic or Latino,Asian,Male,45-54,90.0,Loan originated
1,1045000.0,30%-<36%,1305000.0,364.0,1,Not Hispanic or Latino,Asian,Male,45-54,79.97,Loan originated
1,1105000.0,38,1305000.0,326.0,1,Not Hispanic or Latino,Asian,Male,35-44,85.0,Loan originated
1,145000.0,30%-<36%,215000.0,64.0,1,Hispanic or Latino,Asian,Female,35-44,80.0,Loan originated
1,485000.0,47,745000.0,117.0,1,Not Hispanic or Latino,Asian,Female,55-64,65.727,Loan originated
1,485000.0,39,605000.0,282.0,1,Not Hispanic or Latino,Asian,Female,65-74,80.0,Loan originated
1,725000.0,49,1855000.0,205.0,1,Not Hispanic or Latino,Asian,Male,55-64,38.92,Loan originated
1,625000.0,37,835000.0,392.0,1,Not Hispanic or Latino,Asian,Male,45-54,75.0,Loan originated
1,365000.0,47,385000.0,353.0,1,Not Hispanic or Latino,White,Male,35-44,95.0,Loan originated
1,575000.0,44,635000.0,145.0,1,Not Hispanic or Latino,Asian,Female,35-44,90.0,Loan originated
1,805000.0,43,3005000.0,222.0,1,Not Hispanic or Latino,Asian,Female,35-44,27.0,Loan originated
1,345000.0,37,425000.0,102.0,1,Not Hispanic or Latino,White,Female,25-34,80.0,Loan originated
1,845000.0,46,1055000.0,220.0,1,Not Hispanic or Latino,White,Male,45-54,80.0,Loan originated
1,745000.0,20%-<30%,785000.0,301.0,1,Hispanic or Latino,White,Female,25-34,95.0,Loan originated
1,575000.0,46,615000.0,128.0,1,Hispanic or Latino,White,Male,45-54,95.0,Loan originated
1,505000.0,<20%,625000.0,243.0,1,Not Hispanic or Latino,White,Male,45-54,80.0,Loan originated
1,485000.0,49,765000.0,99.0,1,Not Hispanic or Latino,Asian,Female,35-44,63.268,Loan originated
1,535000.0,38,735000.0,161.0,1,Not Hispanic or Latino,Black or African American,Female,45-54,72.829,Loan originated
1,355000.0,49,525000.0,91.0,1,Not Hispanic or Latino,Asian,Female,35-44,69.0,Loan originated
1,345000.0,48,415000.0,68.0,1,Hispanic or Latino,White,Male,35-44,89.0,Application denied
1,405000.0,45,795000.0,92.0,1,Not Hispanic or Latino,White,Male,25-34,51.0,Loan originated
1,495000.0,42,525000.0,109.0,1,Not Hispanic or Latino,Asian,Male,35-44,95.0,Loan originated
1,245000.0,50%-60%,305000.0,116.0,1,Not Hispanic or Latino,Asian,Male,25-34,80.0,Application denied
1,365000.0,30%-<36%,485000.0,220.0,1,Not Hispanic or Latino,White,Male,55-64,75.0,Loan originated
1,405000.0,30%-<36%,425000.0,139.0,1,Not Hispanic or Latino,White,Male,25-34,96.0,Loan originated
1,375000.0,38,535000.0,124.0,1,Not Hispanic or Latino,Asian,Male,25-34,70.0,Loan originated
1,445000.0,50%-60%,605000.0,90.0,1,Hispanic or Latino,White,Male,25-34,74.0,Application denied
1,705000.0,41,1255000.0,161.0,1,Not Hispanic or Latino,Asian,Male,25-34,56.0,Loan originated
1,485000.0,48,605000.0,148.0,1,Not Hispanic or Latino,Asian,Male,25-34,80.0,Loan originated
1,395000.0,47,415000.0,95.0,1,Not Hispanic or Latino,White,Female,35-44,97.0,Loan originated
1,345000.0,30%-<36%,435000.0,133.0,1,Not Hispanic or Latino,Asian,Male,25-34,80.0,Loan originated
1,765000.0,38,905000.0,204.0,1,Hispanic or Latino,White,Male,35-44,85.0,Loan originated
1,925000.0,20%-<30%,1085000.0,505.0,1,Not Hispanic or Latino,Asian,Female,35-44,85.0,Loan originated
1,275000.0,>60%,365000.0,82.0,1,Not Hispanic or Latino,Black or African American,Female,65-74,75.0,Application denied
1,295000.0,30%-<36%,495000.0,133.0,1,Hispanic or Latino,White,Female,55-64,60.0,Loan originated
1,585000.0,38,745000.0,163.0,1,Not Hispanic or Latino,2 or more minority races,Female,45-54,78.273,Loan originated
1,375000.0,20%-<30%,395000.0,214.0,1,Not Hispanic or Latino,Black or African American,Male,45-54,94.987,Loan originated
1,215000.0,36,215000.0,52.0,1,Not Hispanic or Latino,White,Male,25-34,97.0,Application denied
1,525000.0,44,555000.0,122.0,1,Hispanic or Latino,White,Male,25-34,95.0,Loan originated
1,1145000.0,37,1665000.0,317.0,1,Not Hispanic or Latino,White,Male,25-34,69.0,Loan originated
1,725000.0,48,905000.0,172.0,1,Not Hispanic or Latino,White,Male,45-54,79.373,Loan originated
1,555000.0,48,695000.0,123.0,1,Hispanic or Latino,White,Female,65-74,80.0,Loan originated
1,825000.0,48,1035000.0,198.0,1,Not Hispanic or Latino,Asian,Male,35-44,80.0,Loan originated
1,205000.0,49,205000.0,106.0,1,Not Hispanic or Latino,White,Male,35-44,101.75,Loan originated
1,765000.0,37,955000.0,200.0,1,Not Hispanic or Latino,Asian,Female,25-34,80.0,Loan originated
1,1135000.0,47,1425000.0,261.0,1,Not Hispanic or Latino,White,Male,35-44,80.0,Loan originated
1,985000.0,42,1755000.0,324.0,1,Not Hispanic or Latino,White,Male,55-64,56.0,Loan originated
1,305000.0,30%-<36%,765000.0,127.0,1,Hispanic or Latino,American Indian or Alaska Native,Male,45-54,39.21,Loan originated
1,345000.0,38,365000.0,85.0,1,Hispanic or Latino,White,Female,25-34,95.0,Loan originated
1,285000.0,49,295000.0,81.0,1,Not Hispanic or Latino,White,Male,25-34,95.0,Loan originated
1,1065000.0,<20%,1425000.0,62.0,1,Not Hispanic or Latino,Asian,Male,35-44,75.0,Loan originated
1,655000.0,>60%,725000.0,179.0,1,Not Hispanic or Latino,White,Female,25-34,90.0,Application denied
1,495000.0,43,665000.0,152.0,1,Not Hispanic or Latino,White,Female,55-64,75.0,Loan originated
1,385000.0,43,475000.0,100.0,1,Hispanic or Latino,White,Male,35-44,80.0,Application denied
1,185000.0,43,565000.0,56.0,1,Not Hispanic or Latino,Asian,Male,35-44,32.942,Loan originated
1,605000.0,49,865000.0,200.0,1,Not Hispanic or Latino,Asian,Male,35-44,69.36,Loan originated
1,465000.0,37,615000.0,185.0,1,Not Hispanic or Latino,White,Female,35-44,75.0,Loan originated
1,435000.0,48,455000.0,114.0,1,Hispanic or Latino,American Indian or Alaska Native,Female,35-44,95.0,Loan originated
1,605000.0,30%-<36%,765000.0,210.0,1,Not Hispanic or Latino,Asian,Male,25-34,80.0,Loan originated
1,535000.0,<20%,675000.0,540.0,1,Not Hispanic or Latino,American Indian or Alaska Native,Female,25-34,78.983,Loan originated
1,245000.0,48,485000.0,138.0,1,Not Hispanic or Latino,Asian,Female,45-54,50.0,Loan originated
1,575000.0,30%-<36%,1155000.0,237.0,1,Not Hispanic or Latino,Asian,Female,25-34,50.0,Loan originated
1,455000.0,20%-<30%,515000.0,520.0,1,Not Hispanic or Latino,Asian,Male,45-54,90.0,Loan originated
1,585000.0,50%-60%,735000.0,129.0,1,Hispanic or Latino,White,Male,25-34,80.0,Application denied
1,305000.0,49,335000.0,69.0,1,Hispanic or Latino,White,Male,55-64,90.0,Loan originated
1,1055000.0,<20%,1655000.0,1019.0,1,Not Hispanic or Latino,White,Male,25-34,63.636,Loan originated
1,195000.0,44,275000.0,73.0,1,Hispanic or Latino,White,Female,55-64,70.0,Loan originated
1,795000.0,45,1105000.0,184.0,1,Not Hispanic or Latino,White,Male,25-34,72.64,Loan originated
1,165000.0,49,845000.0,30.0,1,Not Hispanic or Latino,White,Female,>74,20.0,Loan originated
1,1125000.0,30%-<36%,1605000.0,493.0,1,Not Hispanic or Latino,Asian,Male,35-44,70.0,Loan originated
1,995000.0,20%-<30%,1655000.0,461.0,1,Not Hispanic or Latino,White,Female,55-64,60.0,Loan originated
1,955000.0,20%-<30%,1595000.0,677.0,1,Not Hispanic or Latino,Asian,Female,55-64,60.0,Loan originated
1,615000.0,44,815000.0,151.0,1,Hispanic or Latino,White,Male,35-44,75.0,Loan originated
1,605000.0,>60%,645000.0,108.0,1,Hispanic or Latino,White,Male,45-54,95.0,Application denied
1,315000.0,44,565000.0,94.0,1,Not Hispanic or Latino,White,Male,<25,56.0,Loan originated
1,635000.0,46,705000.0,219.0,1,Not Hispanic or Latino,Asian,Male,35-44,90.0,Loan originated
1,685000.0,45,765000.0,138.0,1,Not Hispanic or Latino,Asian,Female,25-34,89.869,Loan originated
1,285000.0,30%-<36%,385000.0,148.0,1,Not Hispanic or Latino,White,Male,65-74,75.0,Application denied
1,565000.0,39,765000.0,164.0,1,Not Hispanic or Latino,Asian,Male,25-34,73.718,Loan originated
1,415000.0,41,945000.0,125.0,1,Not Hispanic or Latino,White,Male,25-34,43.61,Loan originated
1,935000.0,20%-<30%,1165000.0,394.0,1,Not Hispanic or Latino,White,Male,35-44,80.0,Loan originated
1,685000.0,30%-<36%,855000.0,197.0,1,Not Hispanic or Latino,Asian,Male,25-34,80.471,Loan originated
1,755000.0,43,1605000.0,391.0,1,Not Hispanic or Latino,White,Male,45-54,46.79,Loan originated
1,395000.0,30%-<36%,565000.0,148.0,1,Hispanic or Latino,White,Female,25-34,70.0,Loan originated
1,655000.0,42,935000.0,21.0,1,Not Hispanic or Latino,Asian,Female,25-34,70.0,Loan originated
1,695000.0,39,865000.0,220.0,1,Not Hispanic or Latino,White,Male,35-44,80.0,Loan originated
1,125000.0,39,135000.0,61.0,1,Not Hispanic or Latino,White,Female,35-44,95.0,Loan originated
1,405000.0,30%-<36%,425000.0,220.0,1,Hispanic or Latino,White,Female,25-34,95.0,Loan originated
1,405000.0,44,1925000.0,125.0,1,Not Hispanic or Latino,White,Female,55-64,20.737,Loan originated
1,605000.0,42,625000.0,150.0,1,Not Hispanic or Latino,Asian,Female,25-34,97.0,Loan originated
1,595000.0,44,615000.0,138.0,1,Hispanic or Latino,White,Male,35-44,97.0,Loan originated
1,295000.0,43,315000.0,109.0,1,Not Hispanic or Latino,Asian,Male,25-34,95.0,Loan originated
1,385000.0,20%-<30%,675000.0,453.0,1,Not Hispanic or Latino,White,Male,25-34,56.72,Loan originated
1,85000.0,44,95000.0,50.0,1,Hispanic or Latino,White,Male,<25,96.74,Application denied
1,395000.0,40,445000.0,108.0,1,Not Hispanic or Latino,White,Female,35-44,88.69,Loan originated
1,305000.0,46,525000.0,78.0,1,Not Hispanic or Latino,White,Female,55-64,57.143,Loan originated
1,445000.0,<20%,495000.0,252.0,1,Not Hispanic or Latino,Asian,Female,35-44,90.0,Loan originated
1,435000.0,43,485000.0,99.0,1,Not Hispanic or Latino,Asian,Male,<25,90.0,Loan originated
1,335000.0,30%-<36%,355000.0,114.0,1,Hispanic or Latino,American Indian or Alaska Native,Male,25-34,95.0,Loan originated
1,565000.0,43,585000.0,132.0,1,Not Hispanic or Latino,Asian,Male,35-44,95.0,Loan originated
1,725000.0,38,1505000.0,246.0,1,Not Hispanic or Latino,Asian,Female,45-54,48.333,Loan originated
1,415000.0,49,515000.0,80.0,1,Not Hispanic or Latino,Asian,Male,35-44,80.0,Loan originated
1,205000.0,43,1255000.0,78.0,1,Not Hispanic or Latino,Asian,Female,25-34,16.0,Loan originated
1,155000.0,20%-<30%,205000.0,104.0,1,Not Hispanic or Latino,White,Male,35-44,77.56,Loan originated
1,405000.0,49,475000.0,114.0,1,Not Hispanic or Latino,White,Male,35-44,85.0,Loan originated
1,405000.0,41,845000.0,117.0,1,Not Hispanic or Latino,White,Female,>74,47.619,Loan originated
1,435000.0,49,455000.0,85.0,1,Hispanic or Latino,White,Female,25-34,99.48,Loan originated
1,685000.0,37,1055000.0,176.0,1,Hispanic or Latino,White,Female,35-44,64.76,Application denied
1,525000.0,<20%,705000.0,2493.0,1,Not Hispanic or Latino,White,Male,25-34,75.0,Loan originated
1,655000.0,46,765000.0,209.0,1,Not Hispanic or Latino,White,Male,35-44,85.0,Loan originated
1,475000.0,36,485000.0,118.0,1,Hispanic or Latino,White,Male,25-34,97.0,Loan originated
1,135000.0,45,145000.0,75.0,1,Hispanic or Latino,White,Male,35-44,95.0,Loan originated
1,645000.0,46,765000.0,151.0,1,Not Hispanic or Latino,Asian,Female,25-34,85.0,Loan originated
1,575000.0,47,775000.0,119.0,1,Not Hispanic or Latino,White,Female,45-54,73.548,Loan originated
1,295000.0,47,305000.0,66.0,1,Hispanic or Latino,White,Female,35-44,95.0,Loan originated
1,515000.0,44,545000.0,140.0,1,Not Hispanic or Latino,Asian,Female,25-34,95.0,Application denied
1,815000.0,49,1105000.0,195.0,1,Not Hispanic or Latino,Black or African American,Male,45-54,74.0,Loan originated
1,475000.0,44,765000.0,209.0,1,Not Hispanic or Latino,White,Male,35-44,62.5,Loan originated
1,1145000.0,43,2055000.0,271.0,1,Not Hispanic or Latino,Asian,Male,35-44,56.089,Loan originated
1,655000.0,49,775000.0,126.0,1,Not Hispanic or Latino,Asian,Male,35-44,84.99,Loan originated
1,565000.0,50%-60%,905000.0,101.0,1,Not Hispanic or Latino,White,Female,45-54,62.745,Application denied
1,615000.0,41,645000.0,151.0,1,Hispanic or Latino,White,Male,35-44,95.0,Loan originated
1,515000.0,41,545000.0,126.0,1,Hispanic or Latino,White,Male,25-34,95.0,Loan originated
1,685000.0,37,855000.0,192.0,1,Not Hispanic or Latino,White,Male,25-34,80.0,Loan originated
1,465000.0,42,965000.0,138.0,1,Not Hispanic or Latino,White,Male,35-44,48.187,Loan originated
1,495000.0,43,575000.0,120.0,1,Not Hispanic or Latino,White,Female,25-34,85.965,Loan originated
1,325000.0,43,335000.0,73.0,1,Hispanic or Latino,American Indian or Alaska Native,Male,35-44,97.0,Loan originated
1,465000.0,<20%,575000.0,466.0,1,Not Hispanic or Latino,American Indian or Alaska Native,Male,25-34,80.0,Loan originated
1,365000.0,47,915000.0,100.0,1,Not Hispanic or Latino,White,Female,55-64,39.891,Loan originated
1,455000.0,>60%,515000.0,172.0,1,Not Hispanic or Latino,Asian,Male,25-34,88.439,Application denied
1,345000.0,20%-<30%,435000.0,154.0,1,Not Hispanic or Latino,Asian,Male,<25,80.0,Loan originated
1,345000.0,37,425000.0,114.0,1,Not Hispanic or Latino,White,Male,35-44,80.0,Loan originated
1,565000.0,46,635000.0,140.0,1,Not Hispanic or Latino,White,Female,45-54,90.0,Loan originated
1,215000.0,49,305000.0,61.0,1,Hispanic or Latino,White,Female,65-74,72.085,Loan originated
1,215000.0,49,725000.0,156.0,1,Not Hispanic or Latino,White,Female,45-54,29.097,Loan originated
1,345000.0,46,785000.0,81.0,1,Hispanic or Latino,White,Male,35-44,44.665,Loan originated
1,785000.0,43,985000.0,618.0,1,Not Hispanic or Latino,White,Female,25-34,80.0,Loan originated
1,735000.0,>60%,1055000.0,95.0,1,Not Hispanic or Latino,Asian,Male,45-54,70.0,Application denied
1,275000.0,45,745000.0,83.0,1,Not Hispanic or Latino,White,Female,25-34,37.162,Loan originated
1,845000.0,48,1205000.0,167.0,1,Not Hispanic or Latino,Asian,Female,35-44,70.0,Loan originated
1,195000.0,40,245000.0,54.0,1,Not Hispanic or Latino,White,Male,35-44,79.167,Loan originated
1,125000.0,46,555000.0,51.0,1,Hispanic or Latino,White,Male,55-64,21.63,Loan originated
1,435000.0,40,695000.0,130.0,1,Not Hispanic or Latino,White,Female,25-34,62.8,Loan originated
1,375000.0,49,705000.0,138.0,1,Not Hispanic or Latino,Asian,Female,45-54,53.39,Loan originated
1,335000.0,40,355000.0,87.0,1,Hispanic or Latino,White,Female,25-34,95.0,Loan originated
1,335000.0,37,595000.0,114.0,1,Not Hispanic or Latino,Asian,Female,25-34,56.65,Loan originated
1,585000.0,20%-<30%,655000.0,237.0,1,Not Hispanic or Latino,White,Male,45-54,90.0,Loan originated
1,395000.0,30%-<36%,415000.0,171.0,1,Not Hispanic or Latino,Asian,Male,35-44,100.0,Application denied
1,255000.0,43,915000.0,105.0,1,Not Hispanic or Latino,White,Female,>74,27.473,Loan originated
1,365000.0,47,465000.0,85.0,1,Hispanic or Latino,White,Female,25-34,78.355,Loan originated
1,1025000.0,20%-<30%,1275000.0,569.0,1,Not Hispanic or Latino,White,Male,35-44,80.0,Loan originated
1,165000.0,49,175000.0,164.0,1,Not Hispanic or Latino,White,Male,35-44,95.0,Loan originated
1,745000.0,49,795000.0,147.0,1,Hispanic or Latino,White,Male,25-34,94.0,Loan originated
1,615000.0,30%-<36%,775000.0,200.0,1,Not Hispanic or Latino,White,Male,35-44,80.0,Loan originated
1,395000.0,43,495000.0,146.0,1,Hispanic or Latino,White,Male,45-54,79.59,Loan originated
1,505000.0,44,585000.0,110.0,1,Not Hispanic or Latino,Asian,Female,35-44,85.0,Loan originated
1,645000.0,<20%,815000.0,393.0,1,Hispanic or Latino,White,Male,45-54,80.0,Loan originated
1,325000.0,49,335000.0,69.0,1,Hispanic or Latino,White,Male,25-34,97.0,Loan originated
1,725000.0,<20%,1205000.0,2528.0,1,Not Hispanic or Latino,White,Male,45-54,80.0,Loan originated
1,275000.0,30%-<36%,295000.0,101.0,1,Hispanic or Latino,White,Female,55-64,95.0,Loan originated
1,15000.0,40,405000.0,93.0,1,Not Hispanic or Latino,White,Male,35-44,100.0,Loan originated
1,485000.0,42,605000.0,258.0,1,Not Hispanic or Latino,Asian,Male,35-44,80.0,Loan originated
1,275000.0,30%-<36%,305000.0,120.0,1,Hispanic or Latino,White,Female,25-34,90.0,Loan originated
1,215000.0,40,285000.0,63.0,1,Hispanic or Latino,White,Female,<25,75.0,Loan originated
1,375000.0,30%-<36%,415000.0,166.0,1,Not Hispanic or Latino,Asian,Female,25-34,90.0,Loan originated
1,715000.0,30%-<36%,895000.0,195.0,1,Not Hispanic or Latino,Asian,Male,35-44,80.0,Loan originated
1,605000.0,20%-<30%,675000.0,204.0,1,Not Hispanic or Latino,White,Female,35-44,90.0,Loan originated
1,195000.0,45,215000.0,60.0,1,Hispanic or Latino,White,Female,25-34,95.0,Loan originated
1,325000.0,43,335000.0,70.0,1,Hispanic or Latino,White,Male,25-34,100.0,Loan originated
1,495000.0,39,625000.0,129.0,1,Not Hispanic or Latino,Asian,Female,25-34,80.0,Loan originated
1,665000.0,49,905000.0,184.0,1,Not Hispanic or Latino,White,Female,>74,74.0,Loan originated
1,605000.0,20%-<30%,805000.0,299.0,1,Not Hispanic or Latino,White,Male,25-34,75.0,Loan originated
1,855000.0,20%-<30%,1065000.0,778.0,1,Not Hispanic or Latino,White,Male,55-64,80.0,Loan originated
1,465000.0,20%-<30%,615000.0,175.0,1,Not Hispanic or Latino,Asian,Male,55-64,75.767,Loan originated
1,535000.0,41,635000.0,193.0,1,Hispanic or Latino,White,Male,35-44,85.0,Application denied
1,645000.0,38,755000.0,395.0,1,Not Hispanic or Latino,White,Male,35-44,85.0,Loan originated
1,665000.0,43,985000.0,169.0,1,Not Hispanic or Latino,White,Male,35-44,67.857,Loan originated
1,715000.0,42,895000.0,150.0,1,Not Hispanic or Latino,White,Female,35-44,80.0,Loan originated
1,555000.0,<20%,1095000.0,1134.0,1,Hispanic or Latino,Asian,Female,<25,50.46,Loan originated
1,315000.0,42,385000.0,96.0,1,Hispanic or Latino,White,Male,25-34,80.0,Loan originated
1,345000.0,44,685000.0,8.0,1,Not Hispanic or Latino,Asian,Female,35-44,50.15,Loan originated
1,545000.0,50%-60%,905000.0,112.0,1,Not Hispanic or Latino,White,Female,25-34,60.0,Loan originated
1,1025000.0,30%-<36%,1365000.0,313.0,1,Not Hispanic or Latino,Asian,Male,35-44,75.0,Loan originated
1,755000.0,20%-<30%,1705000.0,334.0,1,Not Hispanic or Latino,White,Female,35-44,45.0,Loan originated
1,435000.0,30%-<36%,575000.0,155.0,1,Not Hispanic or Latino,White,Male,25-34,75.0,Loan originated
1,905000.0,41,1125000.0,275.0,1,Not Hispanic or Latino,Asian,Female,35-44,80.0,Loan originated
1,665000.0,>60%,705000.0,72.0,1,Hispanic or Latino,White,Female,45-54,95.0,Application denied
1,355000.0,50%-60%,515000.0,71.0,1,Hispanic or Latino,White,Male,35-44,67.961,Application denied
1,635000.0,43,915000.0,177.0,1,Not Hispanic or Latino,White,Female,<25,70.0,Loan originated
1,215000.0,49,485000.0,66.0,1,Hispanic or Latino,White,Female,35-44,43.75,Loan originated
1,535000.0,30%-<36%,1235000.0,177.0,1,Not Hispanic or Latino,White,Male,55-64,43.5,Loan originated
1,685000.0,49,725000.0,165.0,1,Not Hispanic or Latino,Asian,Male,25-34,94.99,Loan originated
1,335000.0,47,355000.0,70.0,1,Not Hispanic or Latino,White,Male,25-34,95.0,Loan originated
1,735000.0,49,925000.0,177.0,1,Not Hispanic or Latino,Asian,Male,35-44,80.0,Loan originated
1,435000.0,20%-<30%,1515000.0,260.0,1,Not Hispanic or Latino,Asian,Female,25-34,28.477,Application denied
1,515000.0,43,575000.0,116.0,1,Hispanic or Latino,White,Male,25-34,90.0,Loan originated
1,625000.0,48,775000.0,254.0,1,Not Hispanic or Latino,White,Female,25-34,80.0,Loan originated
1,215000.0,30%-<36%,365000.0,95.0,1,Hispanic or Latino,White,Male,35-44,59.722,Loan originated
1,585000.0,30%-<36%,605000.0,215.0,1,Not Hispanic or Latino,White,Male,35-44,97.0,Loan originated
1,995000.0,42,1165000.0,260.0,1,Not Hispanic or Latino,Asian,Male,35-44,85.0,Loan originated
1,185000.0,41,195000.0,57.0,1,Not Hispanic or Latino,Asian,Female,45-54,98.0,Loan originated
1,105000.0,30%-<36%,405000.0,81.0,1,Not Hispanic or Latino,White,Female,55-64,27.0,Loan originated
1,965000.0,30%-<36%,1205000.0,438.0,1,Not Hispanic or Latino,Asian,Male,55-64,80.0,Loan originated
1,525000.0,39,555000.0,180.0,1,Hispanic or Latino,White,Male,25-34,95.0,Loan originated
1,365000.0,45,425000.0,114.0,1,Not Hispanic or Latino,White,Female,55-64,85.0,Loan originated
1,325000.0,20%-<30%,395000.0,230.0,1,Hispanic or Latino,White,Male,35-44,80.0,Loan originated
1,95000.0,38,95000.0,103.0,1,Not Hispanic or Latino,White,Female,45-54,93.57,Application denied
1,485000.0,49,515000.0,135.0,1,Not Hispanic or Latino,White,Male,25-34,95.0,Loan originated
1,1115000.0,20%-<30%,1665000.0,593.0,1,Not Hispanic or Latino,Asian,Male,35-44,66.907,Loan originated
1,705000.0,48,795000.0,150.0,1,Not Hispanic or Latino,Asian,Male,35-44,87.829,Loan originated
1,135000.0,41,135000.0,36.0,1,Not Hispanic or Latino,White,Male,35-44,97.0,Loan originated
1,515000.0,41,555000.0,206.0,1,Not Hispanic or Latino,White,Female,25-34,92.727,Loan originated
1,545000.0,39,675000.0,265.0,1,Hispanic or Latino,White,Female,65-74,80.0,Loan originated
1,445000.0,49,595000.0,100.0,1,Not Hispanic or Latino,White,Female,55-64,75.0,Loan originated
1,475000.0,43,665000.0,186.0,1,Not Hispanic or Latino,Asian,Male,35-44,71.9,Loan originated
1,295000.0,49,315000.0,70.0,1,Hispanic or Latino,White,Female,25-34,95.0,Loan originated
1,705000.0,37,875000.0,228.0,1,Not Hispanic or Latino,Asian,Male,55-64,80.0,Loan originated
1,1015000.0,48,1285000.0,492.0,1,Not Hispanic or Latino,White,Male,25-34,80.0,Loan originated
1,725000.0,39,905000.0,187.0,1,Not Hispanic or Latino,Asian,Male,35-44,80.0,Loan originated
1,555000.0,47,585000.0,121.0,1,Not Hispanic or Latino,White,Male,25-34,95.0,Loan originated
1,845000.0,48,895000.0,184.0,1,Hispanic or Latino,White,Male,35-44,95.0,Loan originated
1,555000.0,38,985000.0,158.0,1,Not Hispanic or Latino,Asian,Female,25-34,56.122,Loan originated
1,755000.0,20%-<30%,2305000.0,394.0,1,Not Hispanic or Latino,Asian,Female,25-34,32.61,Application denied
1,485000.0,44,505000.0,168.0,1,Not Hispanic or Latino,White,Male,25-34,97.0,Loan originated
1,395000.0,30%-<36%,425000.0,132.0,1,Hispanic or Latino,Native Hawaiian or Other Pacific Islander,Female,25-34,95.0,Loan originated
1,515000.0,36,645000.0,432.0,1,Not Hispanic or Latino,Asian,Male,35-44,80.0,Application denied
1,755000.0,38,915000.0,206.0,1,Not Hispanic or Latino,Black or African American,Male,35-44,83.0,Loan originated
1,705000.0,36,705000.0,306.0,1,Hispanic or Latino,American Indian or Alaska Native,Male,45-54,99.79,Application denied
1,495000.0,37,515000.0,179.0,1,Not Hispanic or Latino,White,Male,55-64,95.0,Loan originated
1,295000.0,20%-<30%,305000.0,135.0,1,Hispanic or Latino,White,Male,35-44,97.0,Loan originated
1,575000.0,49,635000.0,109.0,1,Hispanic or Latino,White,Male,55-64,90.0,Loan originated
1,205000.0,49,275000.0,75.0,1,Not Hispanic or Latino,Asian,Male,25-34,73.548,Loan originated
1,315000.0,41,395000.0,122.0,1,Not Hispanic or Latino,White,Female,65-74,80.0,Loan originated
1,205000.0,44,535000.0,76.0,1,Not Hispanic or Latino,White,Male,45-54,37.38,Loan originated
1,415000.0,46,515000.0,97.0,1,Not Hispanic or Latino,Asian,Female,25-34,80.0,Loan originated
1,755000.0,41,885000.0,265.0,1,Not Hispanic or Latino,White,Male,45-54,85.0,Loan originated
1,655000.0,37,885000.0,170.0,1,Not Hispanic or Latino,Asian,Male,45-54,74.0,Loan originated
1,405000.0,42,575000.0,101.0,1,Hispanic or Latino,White,Male,45-54,70.0,Loan originated
1,645000.0,47,885000.0,141.0,1,Not Hispanic or Latino,White,Female,35-44,73.164,Loan originated
1,1085000.0,43,1555000.0,323.0,1,Not Hispanic or Latino,Asian,Male,25-34,70.0,Loan originated
1,555000.0,<20%,745000.0,1100.0,1,Not Hispanic or Latino,White,Female,<25,75.0,Loan originated
1,385000.0,20%-<30%,475000.0,172.0,1,Not Hispanic or Latino,Asian,Female,45-54,80.0,Application denied
1,615000.0,38,825000.0,184.0,1,Not Hispanic or Latino,White,Male,35-44,75.0,Loan originated
1,1075000.0,<20%,1205000.0,675.0,1,Not Hispanic or Latino,White,Male,45-54,89.99,Loan originated
1,275000.0,50%-60%,385000.0,52.0,1,Not Hispanic or Latino,White,Male,35-44,70.78,Loan originated
1,785000.0,37,1055000.0,270.0,1,Not Hispanic or Latino,White,Female,35-44,75.0,Loan originated
1,795000.0,38,995000.0,247.0,1,Not Hispanic or Latino,White,Female,25-34,79.98,Loan originated
1,365000.0,20%-<30%,385000.0,252.0,1,Not Hispanic or Latino,Black or African American,Male,45-54,97.0,Loan originated
1,665000.0,48,785000.0,158.0,1,Not Hispanic or Latino,White,Female,25-34,85.0,Application denied
1,375000.0,42,745000.0,177.0,1,Hispanic or Latino,White,Male,45-54,50.0,Loan originated
1,405000.0,40,515000.0,261.0,1,Hispanic or Latino,White,Male,25-34,80.0,Loan originated
1,145000.0,49,335000.0,69.0,1,Not Hispanic or Latino,White,Female,35-44,41.512,Loan originated
1,425000.0,50%-60%,535000.0,123.0,1,Hispanic or Latino,White,Female,45-54,80.0,Application denied
1,595000.0,30%-<36%,805000.0,222.0,1,Not Hispanic or Latino,White,Male,25-34,74.375,Loan originated
1,255000.0,47,315000.0,169.0,1,Not Hispanic or Latino,White,Female,45-54,80.0,Loan originated
1,275000.0,46,275000.0,73.0,1,Not Hispanic or Latino,White,Male,25-34,97.0,Loan originated
1,815000.0,43,1415000.0,194.0,1,Not Hispanic or Latino,Asian,Male,25-34,57.24,Loan originated
1,665000.0,36,1025000.0,197.0,1,Not Hispanic or Latino,White,Male,45-54,65.0,Application denied
1,265000.0,46,435000.0,83.0,1,Hispanic or Latino,White,Male,35-44,61.86,Loan originated
1,105000.0,30%-<36%,115000.0,69.0,1,Not Hispanic or Latino,White,Female,45-54,90.0,Loan originated
1,375000.0,46,425000.0,94.0,1,Not Hispanic or Latino,White,Female,25-34,90.0,Loan originated
1,315000.0,38,325000.0,125.0,1,Not Hispanic or Latino,White,Female,35-44,97.0,Loan originated
1,505000.0,48,655000.0,105.0,1,Not Hispanic or Latino,Asian,Female,25-34,76.923,Loan originated
1,925000.0,40,1155000.0,314.0,1,Not Hispanic or Latino,Asian,Female,35-44,80.0,Loan originated
1,765000.0,37,975000.0,212.0,1,Not Hispanic or Latino,Asian,Female,25-34,79.0,Loan originated
1,325000.0,41,895000.0,89.0,1,Hispanic or Latino,White,Male,55-64,36.04,Loan originated
1,535000.0,<20%,665000.0,512.0,1,Not Hispanic or Latino,White,Male,55-64,80.0,Loan originated
1,395000.0,44,425000.0,107.0,1,Not Hispanic or Latino,Black or African American,Female,45-54,95.0,Loan originated
1,905000.0,46,1385000.0,193.0,1,Hispanic or Latino,White,Male,45-54,64.982,Loan originated
1,435000.0,44,515000.0,189.0,1,Not Hispanic or Latino,White,Male,35-44,85.0,Loan originated
1,515000.0,48,685000.0,110.0,1,Not Hispanic or Latino,White,Male,25-34,75.0,Loan originated
1,445000.0,49,595000.0,95.0,1,Not Hispanic or Latino,White,Male,35-44,75.0,Loan originated
1,605000.0,44,1205000.0,169.0,1,Not Hispanic or Latino,White,Male,25-34,50.0,Loan originated
1,405000.0,20%-<30%,515000.0,189.0,1,Not Hispanic or Latino,Asian,Male,25-34,80.0,Loan originated
1,625000.0,44,895000.0,163.0,1,Not Hispanic or Latino,White,Male,25-34,69.93,Loan originated
1,365000.0,20%-<30%,525000.0,190.0,1,Not Hispanic or Latino,Asian,Male,35-44,70.0,Loan originated
1,875000.0,48,1035000.0,209.0,1,Not Hispanic or Latino,Black or African American,Female,35-44,85.0,Loan originated
1,195000.0,49,365000.0,42.0,1,Not Hispanic or Latino,Asian,Male,45-54,52.349,Loan originated
1,485000.0,37,645000.0,159.0,1,Not Hispanic or Latino,White,Male,65-74,75.0,Loan originated
1,1145000.0,46,1685000.0,365.0,1,Not Hispanic or Latino,Asian,Male,25-34,69.0,Loan originated
1,995000.0,36,1325000.0,272.0,1,Not Hispanic or Latino,White,Female,35-44,75.0,Loan originated
1,325000.0,47,1255000.0,91.0,1,Not Hispanic or Latino,Asian,Female,25-34,25.979,Loan originated
1,455000.0,39,565000.0,131.0,1,Hispanic or Latino,White,Male,<25,80.0,Loan originated
1,295000.0,49,445000.0,70.0,1,Not Hispanic or Latino,White,Female,25-34,66.037,Loan originated
1,625000.0,42,1505000.0,227.0,1,Not Hispanic or Latino,White,Male,55-64,41.396,Loan originated
1,525000.0,40,555000.0,251.0,1,Not Hispanic or Latino,Asian,Male,25-34,95.0,Loan originated
1,855000.0,46,2605000.0,195.0,1,Not Hispanic or Latino,White,Male,45-54,32.692,Loan originated
1,225000.0,41,235000.0,104.0,1,Hispanic or Latino,White,Male,55-64,93.94,Loan originated
1,425000.0,40,525000.0,111.0,1,Not Hispanic or Latino,White,Male,55-64,80.0,Loan originated
1,535000.0,42,775000.0,204.0,1,Not Hispanic or Latino,Asian,Female,25-34,69.032,Loan originated
1,495000.0,43,895000.0,256.0,1,Not Hispanic or Latino,White,Male,65-74,55.506,Loan originated
1,465000.0,43,625000.0,115.0,1,Not Hispanic or Latino,White,Male,25-34,75.0,Loan originated
1,705000.0,>60%,925000.0,21.0,1,Not Hispanic or Latino,White,Male,35-44,76.087,Application denied
1,765000.0,45,1155000.0,200.0,1,Not Hispanic or Latino,Asian,Male,45-54,66.126,Loan originated
1,995000.0,30%-<36%,1245000.0,345.0,1,Not Hispanic or Latino,White,Male,35-44,80.0,Loan originated
1,135000.0,30%-<36%,165000.0,83.0,1,Not Hispanic or Latino,White,Female,25-34,100.0,Loan originated
1,715000.0,39,895000.0,176.0,1,Hispanic or Latino,White,Male,25-34,80.0,Loan originated
1,695000.0,42,925000.0,461.0,1,Not Hispanic or Latino,White,Male,35-44,75.0,Loan originated
1,445000.0,40,615000.0,133.0,1,Not Hispanic or Latino,White,Male,25-34,74.958,Loan originated
1,835000.0,45,1205000.0,193.0,1,Not Hispanic or Latino,Asian,Male,45-54,69.917,Loan originated
1,625000.0,41,775000.0,260.0,1,Not Hispanic or Latino,White,Male,35-44,80.0,Loan originated
1,1145000.0,30%-<36%,1915000.0,488.0,1,Not Hispanic or Latino,Asian,Male,35-44,60.03,Loan originated
1,295000.0,20%-<30%,535000.0,122.0,1,Hispanic or Latino,White,Male,35-44,56.0,Loan originated
1,305000.0,30%-<36%,465000.0,133.0,1,Hispanic or Latino,White,Female,>74,65.0,Loan originated
1,285000.0,49,355000.0,62.0,1,Not Hispanic or Latino,Asian,Female,<25,80.0,Loan originated
1,1115000.0,48,1385000.0,221.0,1,Not Hispanic or Latino,Asian,Female,25-34,79.999,Loan originated
1,515000.0,42,545000.0,160.0,1,Not Hispanic or Latino,White,Male,45-54,95.0,Loan originated
1,575000.0,20%-<30%,875000.0,212.0,1,Not Hispanic or Latino,Asian,Male,45-54,65.48975,Loan originated
1,575000.0,42,925000.0,144.0,1,Not Hispanic or Latino,Asian,Male,35-44,62.0,Loan originated
1,155000.0,50%-60%,185000.0,49.0,1,Not Hispanic or Latino,Black or African American,Female,>74,80.0,Application denied
1,315000.0,49,485000.0,117.0,1,Not Hispanic or Latino,White,Male,55-64,65.0,Loan originated
1,505000.0,30%-<36%,665000.0,147.0,1,Not Hispanic or Latino,White,Male,25-34,76.0,Loan originated
1,125000.0,<20%,155000.0,98.0,1,Hispanic or Latino,White,Male,55-64,80.0,Loan originated
1,505000.0,20%-<30%,635000.0,225.0,1,Not Hispanic or Latino,White,Male,25-34,80.0,Loan originated
1,655000.0,30%-<36%,685000.0,208.0,1,Hispanic or Latino,American Indian or Alaska Native,Male,<25,95.0,Loan originated
1,605000.0,39,645000.0,182.0,1,Not Hispanic or Latino,White,Female,55-64,95.0,Loan originated
1,685000.0,43,865000.0,159.0,1,Not Hispanic or Latino,White,Male,35-44,79.018,Loan originated
1,315000.0,46,445000.0,77.0,1,Hispanic or Latino,White,Male,35-44,71.0,Loan originated
1,395000.0,30%-<36%,495000.0,159.0,1,Not Hispanic or Latino,White,Male,35-44,80.0,Loan originated
1,535000.0,43,635000.0,163.0,1,Not Hispanic or Latino,White,Male,35-44,84.882,Loan originated
1,485000.0,49,605000.0,105.0,1,Not Hispanic or Latino,Asian,Male,25-34,80.0,Loan originated
1,315000.0,45,665000.0,103.0,1,Hispanic or Latino,White,Female,45-54,48.146,Loan originated
1,505000.0,40,705000.0,140.0,1,Not Hispanic or Latino,Asian,Male,35-44,71.631,Application denied
1,645000.0,36,805000.0,182.0,1,Not Hispanic or Latino,Asian,Male,25-34,80.0,Loan originated
1,185000.0,20%-<30%,255000.0,90.0,1,Hispanic or Latino,White,Male,35-44,75.0,Loan originated
1,315000.0,49,335000.0,78.0,1,Hispanic or Latino,White,Male,55-64,95.0,Loan originated
1,445000.0,48,565000.0,167.0,1,Not Hispanic or Latino,White,Female,55-64,80.0,Loan originated
1,575000.0,38,1155000.0,175.0,1,Not Hispanic or Latino,White,Female,35-44,49.565,Loan originated
1,825000.0,30%-<36%,1105000.0,222.0,1,Not Hispanic or Latino,White,Male,35-44,75.0,Loan originated
1,935000.0,49,1065000.0,192.0,1,Not Hispanic or Latino,White,Male,25-34,88.0,Loan originated
1,765000.0,41,805000.0,197.0,1,Not Hispanic or Latino,White,Female,25-34,94.753,Loan originated
1,325000.0,<20%,525000.0,489.0,1,Not Hispanic or Latino,White,Female,45-54,62.0,Loan originated
1,125000.0,43,515000.0,69.0,1,Not Hispanic or Latino,White,Female,55-64,24.855,Loan originated
1,725000.0,46,855000.0,194.0,1,Not Hispanic or Latino,Black or African American,Male,55-64,85.0,Loan originated
1,565000.0,49,705000.0,123.0,1,Not Hispanic or Latino,White,Male,55-64,80.0,Loan originated
1,425000.0,38,455000.0,119.0,1,Hispanic or Latino,White,Male,25-34,95.0,Loan originated
1,735000.0,48,915000.0,173.0,1,Not Hispanic or Latino,Asian,Female,35-44,80.0,Loan originated
1,585000.0,37,685000.0,178.0,1,Not Hispanic or Latino,Asian,Male,35-44,86.098,Loan originated
1,485000.0,48,505000.0,133.0,1,Not Hispanic or Latino,White,Female,35-44,97.0,Loan originated
1,285000.0,49,435000.0,65.0,1,Hispanic or Latino,White,Female,55-64,88.287,Loan originated
1,905000.0,46,955000.0,210.0,1,Hispanic or Latino,White,Female,35-44,95.0,Loan originated
1,655000.0,40,775000.0,180.0,1,Not Hispanic or Latino,Asian,Male,35-44,84.516,Loan originated
1,645000.0,41,865000.0,279.0,1,Not Hispanic or Latino,White,Female,55-64,75.0,Loan originated
1,775000.0,41,865000.0,656.0,1,Not Hispanic or Latino,Asian,Male,35-44,90.0,Loan originated
1,715000.0,>60%,1025000.0,198.0,1,Not Hispanic or Latino,Asian,Male,35-44,60.0,Application denied
1,1005000.0,47,1385000.0,232.0,1,Not Hispanic or Latino,White,Male,55-64,71.994,Loan originated
1,125000.0,40,455000.0,45.0,1,Not Hispanic or Latino,White,Female,55-64,27.778,Loan originated
1,395000.0,30%-<36%,485000.0,119.0,1,Not Hispanic or Latino,White,Male,35-44,80.0,Loan originated
1,625000.0,45,825000.0,147.0,1,Not Hispanic or Latino,Black or African American,Female,45-54,75.901,Loan originated
1,675000.0,47,845000.0,154.0,1,Hispanic or Latino,Black or African American,Male,35-44,80.0,Loan originated
1,505000.0,41,765000.0,160.0,1,Not Hispanic or Latino,White,Female,25-34,65.02,Loan originated
1,95000.0,44,125000.0,50.0,1,Not Hispanic or Latino,White,Female,35-44,73.48,Application denied
1,705000.0,40,785000.0,180.0,1,Not Hispanic or Latino,Asian,Female,25-34,89.995,Loan originated
1,755000.0,30%-<36%,835000.0,237.0,1,Not Hispanic or Latino,White,Male,55-64,89.82,Loan originated
1,555000.0,49,1105000.0,192.0,1,Not Hispanic or Latino,Asian,Male,45-54,50.23,Loan originated
1,535000.0,38,605000.0,12.0,1,Not Hispanic or Latino,Asian,Female,35-44,89.84,Loan originated
1,865000.0,44,1085000.0,432.0,1,Not Hispanic or Latino,White,Male,65-74,80.0,Loan originated
1,515000.0,43,645000.0,140.0,1,Not Hispanic or Latino,White,Female,35-44,80.0,Loan originated
1,515000.0,30%-<36%,985000.0,199.0,1,Not Hispanic or Latino,White,Female,55-64,52.024,Loan originated
1,535000.0,>60%,715000.0,104.0,1,Not Hispanic or Latino,White,Male,65-74,75.0,Application denied
1,255000.0,45,255000.0,108.0,1,Not Hispanic or Latino,Black or African American,Male,25-34,100.0,Loan originated
1,345000.0,38,425000.0,94.0,1,Hispanic or Latino,White,Male,<25,80.0,Loan originated
1,515000.0,<20%,645000.0,474.0,1,Not Hispanic or Latino,White,Female,35-44,80.0,Loan originated
1,965000.0,44,1205000.0,219.0,1,Not Hispanic or Latino,Asian,Male,45-54,80.0,Loan originated
1,565000.0,43,625000.0,150.0,1,Not Hispanic or Latino,White,Female,65-74,90.0,Loan originated
1,655000.0,45,825000.0,168.0,1,Hispanic or Latino,White,Male,35-44,98.3,Loan originated
1,125000.0,30%-<36%,155000.0,61.0,1,Hispanic or Latino,White,Female,35-44,80.0,Loan originated
1,1055000.0,44,2285000.0,295.0,1,Not Hispanic or Latino,Asian,Male,35-44,46.053,Loan originated
1,415000.0,44,705000.0,80.0,1,Not Hispanic or Latino,White,Male,25-34,58.571428571429,Loan originated
1,1055000.0,44,1325000.0,262.0,1,Not Hispanic or Latino,White,Female,35-44,80.0,Loan originated
1,275000.0,30%-<36%,775000.0,92.0,1,Not Hispanic or Latino,White,Female,65-74,35.569,Loan originated
1,505000.0,45,755000.0,116.0,1,Not Hispanic or Latino,White,Male,35-44,67.94,Loan originated
1,875000.0,37,1455000.0,366.0,1,Not Hispanic or Latino,Asian,Male,55-64,60.0,Loan originated
1,485000.0,>60%,535000.0,50.0,1,Not Hispanic or Latino,Asian,Male,55-64,89.923,Application denied
1,495000.0,39,625000.0,131.0,1,Not Hispanic or Latino,White,Male,65-74,79.839,Loan originated
1,525000.0,50%-60%,525000.0,112.0,1,Hispanic or Latino,White,Male,25-34,101.75,Application denied
1,605000.0,41,645000.0,198.0,1,Not Hispanic or Latino,White,Male,35-44,95.0,Loan originated
1,355000.0,47,475000.0,100.0,1,Hispanic or Latino,American Indian or Alaska Native,Female,25-34,75.0,Loan originated
1,195000.0,44,205000.0,55.0,1,Hispanic or Latino,White,Male,<25,100.0,Loan originated
1,835000.0,30%-<36%,935000.0,304.0,1,Not Hispanic or Latino,Asian,Male,35-44,89.99,Loan originated
1,415000.0,30%-<36%,525000.0,203.0,1,Not Hispanic or Latino,White,Female,55-64,78.571,Application denied
1,295000.0,46,365000.0,179.0,1,Hispanic or Latino,White,Male,25-34,80.0,Loan originated
1,535000.0,30%-<36%,845000.0,164.0,1,Not Hispanic or Latino,White,Male,55-64,63.31,Loan originated
1,595000.0,<20%,745000.0,414.0,1,Not Hispanic or Latino,White,Male,35-44,80.0,Loan originated
1,385000.0,41,405000.0,234.0,1,Hispanic or Latino,American Indian or Alaska Native,Male,55-64,95.0,Loan originated
1,565000.0,41,805000.0,163.0,1,Not Hispanic or Latino,Asian,Female,35-44,70.0,Loan originated
1,765000.0,<20%,965000.0,-4737.0,1,Not Hispanic or Latino,White,Male,25-34,79.44,Application denied
1,575000.0,47,715000.0,263.0,1,Not Hispanic or Latino,White,Female,55-64,80.0,Loan originated
1,515000.0,<20%,1315000.0,417.0,1,Not Hispanic or Latino,White,Male,35-44,38.931,Loan originated
1,1405000.0,48,1755000.0,394.0,1,Not Hispanic or Latino,Asian,Female,25-34,80.0,Loan originated
1,695000.0,40,935000.0,224.0,1,Hispanic or Latino,2 or more minority races,Female,35-44,90.0,Loan originated
1,1005000.0,44,1465000.0,350.0,1,Not Hispanic or Latino,Asian,Male,35-44,68.253,Loan originated
1,765000.0,20%-<30%,855000.0,469.0,1,Not Hispanic or Latino,Asian,Male,45-54,90.0,Loan originated
1,535000.0,<20%,685000.0,5249.0,1,Not Hispanic or Latino,White,Male,55-64,77.942,Loan originated
1,715000.0,39,755000.0,292.0,1,Not Hispanic or Latino,White,Male,25-34,95.0,Loan originated
1,295000.0,30%-<36%,535000.0,89.0,1,Not Hispanic or Latino,Asian,Female,55-64,53.71,Loan originated
1,635000.0,20%-<30%,795000.0,290.0,1,Not Hispanic or Latino,Asian,Female,65-74,80.0,Loan originated
1,795000.0,30%-<36%,885000.0,228.0,1,Not Hispanic or Latino,White,Male,<25,90.0,Loan originated
1,475000.0,39,535000.0,131.0,1,Hispanic or Latino,White,Female,25-34,90.0,Loan originated
1,765000.0,30%-<36%,845000.0,250.0,1,Not Hispanic or Latino,White,Male,25-34,89.9,Loan originated
1,385000.0,48,785000.0,87.0,1,Not Hispanic or Latino,White,Male,25-34,48.718,Loan originated
1,655000.0,42,825000.0,156.0,1,Hispanic or Latino,White,Female,55-64,80.0,Loan originated
1,595000.0,>60%,625000.0,50.0,1,Not Hispanic or Latino,White,Male,35-44,95.0,Application denied
1,655000.0,30%-<36%,1015000.0,234.0,1,Not Hispanic or Latino,White,Male,25-34,65.0,Loan originated
1,435000.0,<20%,545000.0,817.0,1,Not Hispanic or Latino,White,Female,65-74,80.0,Loan originated
1,555000.0,46,1305000.0,151.0,1,Not Hispanic or Latino,White,Female,55-64,42.31,Loan originated
1,845000.0,41,995000.0,195.0,1,Not Hispanic or Latino,Asian,Male,35-44,85.0,Loan originated
1,545000.0,48,895000.0,335.0,1,Not Hispanic or Latino,White,Male,65-74,61.011,Application denied
1,695000.0,39,875000.0,164.0,1,Not Hispanic or Latino,Native Hawaiian or Other Pacific Islander,Male,45-54,80.0,Loan originated
1,705000.0,48,765000.0,145.0,1,Not Hispanic or Latino,Asian,Male,25-34,92.17,Loan originated
1,105000.0,30%-<36%,635000.0,60.0,1,Hispanic or Latino,White,Female,55-64,15.75,Loan originated
1,185000.0,50%-60%,205000.0,116.0,1,Not Hispanic or Latino,Asian,Female,65-74,93.18,Loan originated
1,1065000.0,20%-<30%,1335000.0,456.0,1,Not Hispanic or Latino,White,Female,35-44,80.0,Loan originated
1,705000.0,46,875000.0,158.0,1,Hispanic or Latino,White,Female,45-54,80.0,Loan originated
1,565000.0,47,705000.0,378.0,1,Not Hispanic or Latino,Asian,Male,<25,80.0,Loan originated
1,575000.0,39,715000.0,155.0,1,Not Hispanic or Latino,White,Male,35-44,80.0,Loan originated
1,555000.0,46,685000.0,120.0,1,Not Hispanic or Latino,Black or African American,Male,35-44,80.0,Loan originated
1,1075000.0,30%-<36%,1675000.0,293.0,1,Not Hispanic or Latino,Asian,Male,25-34,64.179,Loan originated
1,275000.0,30%-<36%,305000.0,91.0,1,Not Hispanic or Latino,White,Female,55-64,90.0,Loan originated
1,305000.0,40,425000.0,102.0,1,Not Hispanic or Latino,White,Male,45-54,70.589,Loan originated
1,255000.0,45,515000.0,80.0,1,Not Hispanic or Latino,Asian,Male,25-34,95.0,Loan originated
1,535000.0,37,675000.0,173.0,1,Not Hispanic or Latino,White,Male,>74,80.0,Loan originated
1,395000.0,30%-<36%,495000.0,148.0,1,Not Hispanic or Latino,White,Female,45-54,80.0,Loan originated
1,505000.0,44,635000.0,120.0,1,Hispanic or Latino,White,Male,45-54,100.0,Loan originated
1,685000.0,49,725000.0,137.0,1,Not Hispanic or Latino,Asian,Male,35-44,95.0,Loan originated
1,705000.0,42,805000.0,177.0,1,Not Hispanic or Latino,White,Female,45-54,88.0,Loan originated
1,365000.0,42,605000.0,103.0,1,Not Hispanic or Latino,White,Male,45-54,60.0,Application denied
1,295000.0,>60%,295000.0,77.0,1,Hispanic or Latino,White,Male,45-54,100.0,Application denied
1,525000.0,44,625000.0,113.0,1,Not Hispanic or Latino,White,Male,25-34,85.0,Loan originated
1,285000.0,43,905000.0,96.0,1,Not Hispanic or Latino,Asian,Male,25-34,31.111,Loan originated
1,355000.0,20%-<30%,715000.0,172.0,1,Not Hispanic or Latino,Asian,Female,35-44,50.0,Loan originated
1,635000.0,48,1125000.0,127.0,1,Not Hispanic or Latino,Asian,Female,45-54,56.09973,Loan originated
1,635000.0,43,895000.0,143.0,1,Hispanic or Latino,White,Male,25-34,71.382,Loan originated
1,505000.0,38,515000.0,219.0,1,Not Hispanic or Latino,Asian,Female,25-34,97.0,Loan originated
1,1025000.0,43,1525000.0,355.0,1,Not Hispanic or Latino,White,Male,35-44,67.105,Loan originated
1,205000.0,43,345000.0,66.0,1,Not Hispanic or Latino,Asian,Female,35-44,70.149,Loan originated
1,765000.0,46,855000.0,217.0,1,Hispanic or Latino,White,Male,25-34,89.591,Loan originated
1,325000.0,49,345000.0,71.0,1,Hispanic or Latino,White,Female,45-54,95.0,Loan originated
1,645000.0,48,675000.0,139.0,1,Hispanic or Latino,White,Male,35-44,95.0,Loan originated
1,835000.0,47,885000.0,288.0,1,Hispanic or Latino,White,Male,35-44,95.0,Loan originated
1,135000.0,50%-60%,265000.0,57.0,1,Hispanic or Latino,Native Hawaiian or Other Pacific Islander,Male,65-74,51.923,Loan originated
1,645000.0,<20%,765000.0,0.0,1,Not Hispanic or Latino,White,Male,25-34,85.0,Application denied
1,625000.0,48,835000.0,200.0,1,Not Hispanic or Latino,Asian,Female,45-54,75.0,Loan originated
1,405000.0,48,455000.0,118.0,1,Not Hispanic or Latino,Black or African American,Male,35-44,90.0,Loan originated
1,505000.0,49,635000.0,100.0,1,Not Hispanic or Latino,Asian,Male,45-54,80.0,Loan originated
1,315000.0,37,615000.0,146.0,1,Not Hispanic or Latino,White,Female,45-54,50.82,Loan originated
1,435000.0,48,455000.0,96.0,1,Not Hispanic or Latino,Asian,Female,<25,97.0,Loan originated
1,255000.0,20%-<30%,515000.0,140.0,1,Hispanic or Latino,American Indian or Alaska Native,Male,35-44,50.0,Loan originated
1,485000.0,42,645000.0,125.0,1,Not Hispanic or Latino,White,Female,25-34,75.0,Loan originated
1,1085000.0,44,1275000.0,233.0,1,Not Hispanic or Latino,Asian,Male,25-34,85.0,Loan originated
1,915000.0,<20%,1145000.0,709.0,1,Not Hispanic or Latino,Asian,Male,25-34,80.0,Loan originated
1,445000.0,50%-60%,745000.0,116.0,1,Not Hispanic or Latino,White,Male,45-54,60.0,Loan originated
1,765000.0,46,925000.0,161.0,1,Hispanic or Latino,White,Male,35-44,82.87,Loan originated
1,405000.0,48,555000.0,67.0,1,Not Hispanic or Latino,Asian,Male,45-54,72.804,Loan originated
1,465000.0,42,575000.0,113.0,1,Hispanic or Latino,White,Male,45-54,79.983,Loan originated
1,505000.0,50%-60%,525000.0,120.0,1,Hispanic or Latino,White,Male,35-44,95.0,Application denied
1,405000.0,46,675000.0,92.0,1,Not Hispanic or Latino,Asian,Male,55-64,60.0,Loan originated
1,475000.0,42,505000.0,134.0,1,Not Hispanic or Latino,White,Male,25-34,95.0,Loan originated
1,605000.0,41,715000.0,145.0,1,Hispanic or Latino,American Indian or Alaska Native,Male,55-64,85.0,Loan originated
1,445000.0,41,645000.0,130.0,1,Hispanic or Latino,White,Male,25-34,70.0,Loan originated
1,315000.0,40,735000.0,86.0,1,Not Hispanic or Latino,White,Male,25-34,42.005,Loan originated
1,1005000.0,30%-<36%,2275000.0,343.0,1,Hispanic or Latino,White,Female,35-44,44.053,Loan originated
1,865000.0,48,1155000.0,211.0,1,Not Hispanic or Latino,White,Male,55-64,86.0,Loan originated
1,165000.0,20%-<30%,175000.0,90.0,1,Not Hispanic or Latino,Black or African American,Male,25-34,94.0,Application denied
1,705000.0,30%-<36%,1005000.0,209.0,1,Not Hispanic or Latino,White,Male,25-34,70.0,Loan originated
1,655000.0,20%-<30%,835000.0,329.0,1,Not Hispanic or Latino,Asian,Male,25-34,78.76,Loan originated
1,105000.0,47,675000.0,44.0,1,Not Hispanic or Latino,Asian,Female,55-64,14.794,Loan originated
1,685000.0,44,865000.0,194.0,1,Hispanic or Latino,White,Male,25-34,80.0,Loan originated
1,535000.0,49,675000.0,127.0,1,Hispanic or Latino,White,Male,25-34,79.866,Loan originated
1,405000.0,41,905000.0,113.0,1,Not Hispanic or Latino,White,Male,45-54,44.199,Loan originated
1,545000.0,30%-<36%,675000.0,170.0,1,Not Hispanic or Latino,Native Hawaiian or Other Pacific Islander,Male,25-34,80.0,Loan originated
1,345000.0,37,435000.0,378.0,1,Not Hispanic or Latino,White,Female,25-34,80.0,Loan originated
1,935000.0,37,1455000.0,307.0,1,Not Hispanic or Latino,White,Female,45-54,64.14,Application denied
1,1145000.0,48,1525000.0,385.0,1,Not Hispanic or Latino,White,Male,45-54,75.0,Loan originated
1,635000.0,47,795000.0,219.0,1,Not Hispanic or Latino,White,Male,35-44,80.0,Loan originated
1,415000.0,48,425000.0,160.0,1,Not Hispanic or Latino,White,Male,35-44,97.0,Loan originated
1,415000.0,43,555000.0,165.0,1,Not Hispanic or Latino,Asian,Female,55-64,75.0,Application denied
1,365000.0,43,455000.0,73.0,1,Not Hispanic or Latino,Asian,Male,25-34,80.0,Loan originated
1,635000.0,36,795000.0,209.0,1,Not Hispanic or Latino,White,Male,25-34,80.0,Loan originated
1,315000.0,49,395000.0,59.0,1,Not Hispanic or Latino,White,Female,55-64,79.49,Loan originated
1,605000.0,48,635000.0,171.0,1,Not Hispanic or Latino,Asian,Female,45-54,95.0,Loan originated
1,295000.0,46,305000.0,70.0,1,Not Hispanic or Latino,White,Male,35-44,100.0,Loan originated
1,545000.0,39,615000.0,182.0,1,Not Hispanic or Latino,White,Male,65-74,90.0,Loan originated
1,965000.0,44,1325000.0,213.0,1,Not Hispanic or Latino,Asian,Male,35-44,73.13,Loan originated
1,805000.0,45,1055000.0,174.0,1,Not Hispanic or Latino,White,Female,65-74,76.67,Loan originated
1,405000.0,47,425000.0,91.0,1,Not Hispanic or Latino,2 or more minority races,Male,35-44,100.0,Loan originated
1,455000.0,43,865000.0,130.0,1,Not Hispanic or Latino,White,Female,25-34,52.601,Loan originated
1,545000.0,37,795000.0,235.0,1,Not Hispanic or Latino,Asian,Male,25-34,68.553,Loan originated
1,415000.0,49,515000.0,110.0,1,Hispanic or Latino,White,Male,35-44,80.0,Loan originated
1,725000.0,30%-<36%,845000.0,217.0,1,Not Hispanic or Latino,White,Male,35-44,86.145,Loan originated
1,535000.0,49,625000.0,134.0,1,Not Hispanic or Latino,White,Female,45-54,85.0,Loan originated
1,465000.0,46,515000.0,112.0,1,Hispanic or Latino,White,Female,55-64,90.0,Loan originated
1,695000.0,43,735000.0,180.0,1,Hispanic or Latino,White,Male,25-34,94.97,Loan originated
1,765000.0,39,955000.0,192.0,1,Not Hispanic or Latino,Asian,Male,55-64,80.0,Loan originated
1,415000.0,49,515000.0,285.0,1,Not Hispanic or Latino,White,Male,<25,80.0,Loan originated
1,205000.0,>60%,475000.0,0.0,1,Not Hispanic or Latino,White,Male,45-54,42.55,Application denied
1,835000.0,47,935000.0,210.0,1,Not Hispanic or Latino,Asian,Female,35-44,90.0,Loan originated
1,255000.0,30%-<36%,585000.0,137.0,1,Not Hispanic or Latino,White,Female,45-54,43.1,Loan originated
1,735000.0,41,775000.0,242.0,1,Not Hispanic or Latino,White,Male,35-44,95.0,Loan originated
1,275000.0,46,285000.0,88.0,1,Hispanic or Latino,White,Male,35-44,100.0,Loan originated
1,345000.0,>60%,405000.0,44.0,1,Hispanic or Latino,White,Female,55-64,85.926,Loan originated
1,565000.0,49,595000.0,162.0,1,Hispanic or Latino,White,Female,25-34,95.0,Loan originated
1,645000.0,40,715000.0,197.0,1,Not Hispanic or Latino,White,Female,45-54,90.0,Loan originated
1,495000.0,49,655000.0,96.0,1,Not Hispanic or Latino,White,Male,65-74,74.873,Loan originated
1,705000.0,36,1085000.0,200.0,1,Not Hispanic or Latino,White,Female,55-64,65.0,Loan originated
1,125000.0,30%-<36%,455000.0,120.0,1,Not Hispanic or Latino,White,Female,35-44,27.473,Loan originated
1,485000.0,45,605000.0,110.0,1,Not Hispanic or Latino,Black or African American,Male,45-54,80.0,Loan originated
1,295000.0,<20%,695000.0,676.0,1,Not Hispanic or Latino,White,Male,65-74,42.029,Loan originated
1,465000.0,49,1205000.0,127.0,1,Not Hispanic or Latino,White,Female,25-34,38.333,Loan originated
1,375000.0,48,395000.0,137.0,1,Hispanic or Latino,Black or African American,Male,25-34,95.0,Loan originated
1,225000.0,30%-<36%,235000.0,115.0,1,Not Hispanic or Latino,White,Male,25-34,95.0,Loan originated
1,615000.0,30%-<36%,675000.0,166.0,1,Not Hispanic or Latino,Asian,Female,45-54,95.0,Loan originated
1,415000.0,39,515000.0,108.0,1,Not Hispanic or Latino,Asian,Male,25-34,100.0,Loan originated
1,135000.0,50%-60%,145000.0,56.0,1,Not Hispanic or Latino,White,Female,25-34,95.0,Application denied
1,325000.0,30%-<36%,415000.0,183.0,1,Hispanic or Latino,White,Male,35-44,80.0,Loan originated
1,335000.0,30%-<36%,475000.0,109.0,1,Not Hispanic or Latino,White,Female,45-54,70.213,Loan originated
1,475000.0,42,685000.0,15.0,1,Not Hispanic or Latino,Asian,Male,25-34,70.0,Loan originated
1,505000.0,47,635000.0,122.0,1,Not Hispanic or Latino,White,Male,25-34,80.0,Loan originated
1,695000.0,<20%,925000.0,764.0,1,Not Hispanic or Latino,White,Female,35-44,75.0,Loan originated
1,765000.0,20%-<30%,1025000.0,286.0,1,Not Hispanic or Latino,Asian,Male,35-44,75.0,Loan originated
1,245000.0,20%-<30%,865000.0,158.0,1,Not Hispanic or Latino,White,Male,65-74,29.0,Loan originated
1,275000.0,39,335000.0,76.0,1,Hispanic or Latino,Black or African American,Female,55-64,100.0,Loan originated
1,485000.0,44,505000.0,140.0,1,Not Hispanic or Latino,Asian,Male,25-34,97.0,Loan originated
1,205000.0,43,405000.0,77.0,1,Hispanic or Latino,White,Female,45-54,50.0,Loan originated
1,585000.0,37,605000.0,144.0,1,Not Hispanic or Latino,White,Male,25-34,97.0,Loan originated
1,655000.0,44,815000.0,147.0,1,Not Hispanic or Latino,Black or African American,Female,55-64,80.0,Loan originated
1,355000.0,48,445000.0,73.0,1,Hispanic or Latino,White,Female,25-34,80.0,Loan originated
1,595000.0,36,745000.0,163.0,1,Not Hispanic or Latino,Black or African American,Female,25-34,100.0,Loan originated
1,435000.0,49,635000.0,95.0,1,Not Hispanic or Latino,White,Female,45-54,68.254,Loan originated
1,225000.0,49,785000.0,64.0,1,Not Hispanic or Latino,White,Female,45-54,29.045,Loan originated
1,245000.0,48,535000.0,73.0,1,Not Hispanic or Latino,White,Female,45-54,46.226,Loan originated
1,1115000.0,42,1175000.0,563.0,1,Not Hispanic or Latino,Asian,Male,45-54,95.0,Loan originated
1,765000.0,41,995000.0,210.0,1,Not Hispanic or Latino,Asian,Male,35-44,77.06,Loan originated
1,105000.0,43,945000.0,67.0,1,Not Hispanic or Latino,White,Female,65-74,10.638,Loan originated
1,275000.0,30%-<36%,635000.0,140.0,1,Not Hispanic or Latino,Asian,Female,25-34,43.0,Loan originated
1,585000.0,30%-<36%,1065000.0,191.0,1,Not Hispanic or Latino,White,Female,35-44,54.717,Loan originated
1,435000.0,49,485000.0,96.0,1,Hispanic or Latino,White,Male,45-54,90.0,Application denied
1,465000.0,20%-<30%,575000.0,328.0,1,Not Hispanic or Latino,Asian,Male,45-54,80.0,Loan originated
1,345000.0,20%-<30%,435000.0,129.0,1,Hispanic or Latino,White,Female,35-44,80.0,Loan originated
1,395000.0,42,545000.0,106.0,1,Hispanic or Latino,White,Female,25-34,72.48,Loan originated
1,455000.0,38,545000.0,118.0,1,Hispanic or Latino,White,Male,25-34,85.0,Loan originated
1,615000.0,41,775000.0,168.0,1,Not Hispanic or Latino,White,Female,45-54,92.322,Loan originated
1,255000.0,38,355000.0,148.0,1,Not Hispanic or Latino,Asian,Female,25-34,71.43,Loan originated
1,315000.0,38,355000.0,79.0,1,Not Hispanic or Latino,Asian,Male,35-44,88.732,Loan originated
1,965000.0,47,1385000.0,382.0,1,Not Hispanic or Latino,Asian,Male,<25,70.0,Loan originated
1,115000.0,39,465000.0,55.0,1,Hispanic or Latino,White,Female,55-64,24.73,Loan originated
1,965000.0,30%-<36%,1205000.0,289.0,1,Not Hispanic or Latino,White,Female,35-44,80.0,Loan originated
1,365000.0,49,385000.0,72.0,1,Hispanic or Latino,White,Male,35-44,95.0,Loan originated
1,335000.0,43,435000.0,90.0,1,Not Hispanic or Latino,Asian,Female,35-44,79.0,Loan originated
1,1125000.0,49,1185000.0,218.0,1,Not Hispanic or Latino,Asian,Male,45-54,94.999,Loan originated
1,305000.0,48,375000.0,149.0,1,Not Hispanic or Latino,White,Male,55-64,80.0,Loan originated
1,765000.0,49,815000.0,193.0,1,Not Hispanic or Latino,White,Female,35-44,94.59,Loan originated
1,1065000.0,44,2265000.0,250.0,1,Not Hispanic or Latino,Asian,Male,25-34,46.903,Loan originated
1,45000.0,30%-<36%,65000.0,44.0,1,Not Hispanic or Latino,White,Male,25-34,80.0,Loan originated
1,625000.0,42,665000.0,169.0,1,Hispanic or Latino,White,Female,45-54,95.0,Loan originated
1,565000.0,48,625000.0,142.0,1,Not Hispanic or Latino,Black or African American,Female,55-64,90.0,Loan originated
1,765000.0,43,815000.0,171.0,1,Hispanic or Latino,White,Male,55-64,95.0,Loan originated
1,555000.0,46,655000.0,133.0,1,Not Hispanic or Latino,White,Female,25-34,85.0,Loan originated
1,875000.0,48,925000.0,192.0,1,Not Hispanic or Latino,Asian,Female,35-44,95.0,Loan originated
1,705000.0,46,725000.0,225.0,1,Not Hispanic or Latino,Black or African American,Male,25-34,97.0,Loan originated
1,255000.0,40,725000.0,104.0,1,Not Hispanic or Latino,White,Female,65-74,34.48,Loan originated
1,765000.0,49,1685000.0,235.0,1,Not Hispanic or Latino,White,Male,35-44,46.0,Loan originated
1,1125000.0,20%-<30%,1405000.0,450.0,1,Not Hispanic or Latino,Black or African American,Female,35-44,80.0,Loan originated
1,185000.0,49,345000.0,58.0,1,Not Hispanic or Latino,White,Female,55-64,54.41,Loan originated
1,235000.0,44,885000.0,68.0,1,Not Hispanic or Latino,White,Female,45-54,26.35,Loan originated
1,605000.0,40,865000.0,203.0,1,Not Hispanic or Latino,Asian,Male,25-34,70.0,Application denied
1,545000.0,20%-<30%,575000.0,275.0,1,Not Hispanic or Latino,White,Female,35-44,95.0,Loan originated
1,1005000.0,49,1535000.0,249.0,1,Not Hispanic or Latino,White,Male,<25,65.097,Loan originated
1,515000.0,49,545000.0,122.0,1,Hispanic or Latino,White,Female,55-64,95.0,Loan originated
1,125000.0,50%-60%,135000.0,64.0,1,Hispanic or Latino,White,Male,65-74,95.0,Loan originated
1,825000.0,30%-<36%,1035000.0,409.0,1,Hispanic or Latino,White,Female,25-34,80.0,Loan originated
1,815000.0,50%-60%,905000.0,178.0,1,Not Hispanic or Latino,White,Female,45-54,90.0,Loan originated
1,355000.0,36,445000.0,91.0,1,Hispanic or Latino,White,Male,25-34,100.0,Loan originated
1,395000.0,50%-60%,485000.0,93.0,1,Not Hispanic or Latino,White,Female,35-44,81.5,Loan originated
1,645000.0,30%-<36%,945000.0,362.0,1,Not Hispanic or Latino,White,Male,25-34,68.418,Loan originated
1,385000.0,<20%,765000.0,292.0,1,Not Hispanic or Latino,Asian,Female,45-54,50.0,Loan originated
1,355000.0,20%-<30%,405000.0,176.0,1,Not Hispanic or Latino,Asian,Female,35-44,90.0,Loan originated
1,715000.0,>60%,955000.0,128.0,1,Not Hispanic or Latino,Asian,Male,45-54,75.0,Application denied
1,295000.0,38,595000.0,107.0,1,Not Hispanic or Latino,White,Male,45-54,49.99,Loan originated
1,455000.0,37,575000.0,117.0,1,Not Hispanic or Latino,Asian,Female,25-34,80.0,Loan originated
1,645000.0,48,695000.0,131.0,1,Not Hispanic or Latino,White,Male,35-44,92.086,Loan originated
1,455000.0,30%-<36%,735000.0,175.0,1,Not Hispanic or Latino,Asian,Male,35-44,61.644,Application denied
1,535000.0,48,1125000.0,117.0,1,Not Hispanic or Latino,Asian,Male,45-54,47.321,Loan originated
1,435000.0,48,655000.0,89.0,1,Hispanic or Latino,White,Female,45-54,66.003,Loan originated
1,605000.0,30%-<36%,2005000.0,276.0,1,Not Hispanic or Latino,Black or African American,Male,35-44,30.0,Loan originated
1,165000.0,43,205000.0,98.0,1,Hispanic or Latino,White,Male,35-44,80.0,Loan originated
1,545000.0,49,575000.0,125.0,1,Not Hispanic or Latino,Asian,Male,<25,94.461,Loan originated
1,755000.0,43,845000.0,236.0,1,Hispanic or Latino,White,Female,25-34,90.0,Loan originated
1,255000.0,30%-<36%,265000.0,163.0,1,Not Hispanic or Latino,White,Male,35-44,94.906,Loan originated
1,965000.0,30%-<36%,1205000.0,454.0,1,Not Hispanic or Latino,Asian,Male,25-34,80.0,Loan originated
1,425000.0,40,465000.0,150.0,1,Not Hispanic or Latino,White,Male,25-34,90.323,Loan originated
1,875000.0,20%-<30%,1675000.0,1468.0,1,Not Hispanic or Latino,White,Male,35-44,82.236,Loan originated
1,955000.0,44,1685000.0,212.0,1,Not Hispanic or Latino,Asian,Male,25-34,56.38,Loan originated
1,425000.0,49,795000.0,86.0,1,Hispanic or Latino,White,Male,45-54,53.0,Loan originated
1,635000.0,40,705000.0,151.0,1,Not Hispanic or Latino,White,Male,35-44,90.0,Application denied
1,1005000.0,48,1505000.0,370.0,1,Not Hispanic or Latino,Asian,Male,35-44,73.474,Loan originated
1,475000.0,30%-<36%,595000.0,145.0,1,Not Hispanic or Latino,Asian,Male,25-34,80.0,Loan originated
1,875000.0,30%-<36%,975000.0,504.0,1,Not Hispanic or Latino,Asian,Male,55-64,89.9,Loan originated
1,335000.0,49,375000.0,101.0,1,Not Hispanic or Latino,White,Female,65-74,90.0,Loan originated
1,1005000.0,48,1255000.0,245.0,1,Not Hispanic or Latino,White,Male,35-44,80.0,Loan originated
1,585000.0,45,595000.0,150.0,1,Hispanic or Latino,White,Female,35-44,97.0,Loan originated
1,305000.0,49,515000.0,100.0,1,Not Hispanic or Latino,White,Male,65-74,58.927,Loan originated
1,455000.0,49,605000.0,249.0,1,Not Hispanic or Latino,White,Male,55-64,75.0,Application denied
1,455000.0,20%-<30%,1175000.0,305.0,1,Hispanic or Latino,White,Male,45-54,39.0,Loan originated
1,685000.0,40,975000.0,235.0,1,Not Hispanic or Latino,Asian,Male,45-54,70.0,Loan originated
1,255000.0,37,755000.0,80.0,1,Not Hispanic or Latino,White,Female,65-74,33.11,Loan originated
1,405000.0,37,585000.0,148.0,1,Not Hispanic or Latino,Asian,Male,65-74,70.0,Loan originated
1,15000.0,50%-60%,495000.0,113.0,1,Hispanic or Latino,White,Male,25-34,100.0,Loan originated
1,555000.0,50%-60%,555000.0,104.0,1,Not Hispanic or Latino,White,Female,35-44,100.0,Application denied
1,705000.0,49,745000.0,210.0,1,Not Hispanic or Latino,White,Female,25-34,95.0,Loan originated
1,455000.0,45,595000.0,107.0,1,Hispanic or Latino,American Indian or Alaska Native,Male,25-34,76.704,Loan originated
1,315000.0,46,615000.0,80.0,1,Hispanic or Latino,Asian,Male,25-34,51.182,Loan originated
1,545000.0,30%-<36%,575000.0,298.0,1,Hispanic or Latino,White,Male,25-34,95.0,Loan originated
1,495000.0,30%-<36%,905000.0,197.0,1,Not Hispanic or Latino,Asian,Female,35-44,55.0,Loan originated
1,285000.0,48,295000.0,67.0,1,Not Hispanic or Latino,Black or African American,Male,<25,97.0,Loan originated
1,355000.0,44,445000.0,83.0,1,Hispanic or Latino,White,Female,35-44,80.0,Loan originated
1,1055000.0,41,1175000.0,296.0,1,Not Hispanic or Latino,Black or African American,Male,35-44,90.0,Application denied
1,805000.0,47,1255000.0,259.0,1,Not Hispanic or Latino,White,Male,25-34,64.013,Loan originated
1,615000.0,49,785000.0,113.0,1,Not Hispanic or Latino,White,Female,35-44,78.954,Loan originated
1,445000.0,45,595000.0,90.0,1,Not Hispanic or Latino,White,Female,<25,75.0,Loan originated
1,565000.0,30%-<36%,585000.0,216.0,1,Hispanic or Latino,White,Female,35-44,97.0,Loan originated
1,1145000.0,30%-<36%,1565000.0,370.0,1,Not Hispanic or Latino,White,Male,25-34,73.47,Loan originated
1,375000.0,49,475000.0,97.0,1,Not Hispanic or Latino,Black or African American,Male,55-64,80.0,Loan originated
1,445000.0,20%-<30%,525000.0,164.0,1,Not Hispanic or Latino,White,Female,35-44,85.0,Loan originated
1,515000.0,38,645000.0,155.0,1,Not Hispanic or Latino,White,Female,65-74,80.0,Loan originated
1,625000.0,43,835000.0,262.0,1,Not Hispanic or Latino,White,Male,25-34,74.99,Loan originated
1,145000.0,43,175000.0,58.0,1,Hispanic or Latino,White,Male,45-54,100.0,Loan originated
1,805000.0,39,1305000.0,865.0,1,Hispanic or Latino,White,Male,65-74,61.538,Loan originated
1,405000.0,44,955000.0,97.0,1,Not Hispanic or Latino,Asian,Female,35-44,41.88,Loan originated
1,655000.0,42,735000.0,185.0,1,Not Hispanic or Latino,Asian,Male,25-34,89.99,Loan originated
1,1125000.0,43,1255000.0,246.0,1,Not Hispanic or Latino,White,Female,35-44,89.96,Loan originated
1,645000.0,43,745000.0,163.0,1,Not Hispanic or Latino,White,Female,<25,90.0,Loan originated
1,495000.0,49,615000.0,118.0,1,Not Hispanic or Latino,White,Male,45-54,80.0,Loan originated
1,425000.0,30%-<36%,445000.0,126.0,1,Not Hispanic or Latino,White,Male,25-34,95.0,Loan originated
1,1005000.0,30%-<36%,3335000.0,560.0,1,Not Hispanic or Latino,Asian,Male,45-54,29.973,Loan originated
1,415000.0,20%-<30%,485000.0,371.0,1,Not Hispanic or Latino,Asian,Male,<25,85.0,Loan originated
1,695000.0,47,995000.0,185.0,1,Not Hispanic or Latino,White,Male,35-44,70.0,Loan originated
1,545000.0,30%-<36%,685000.0,210.0,1,Not Hispanic or Latino,White,Male,25-34,80.0,Loan originated
1,225000.0,20%-<30%,575000.0,127.0,1,Not Hispanic or Latino,Asian,Female,35-44,38.26,Loan originated
1,395000.0,36,545000.0,103.0,1,Not Hispanic or Latino,White,Female,45-54,71.813,Loan originated
1,415000.0,48,515000.0,96.0,1,Not Hispanic or Latino,White,Female,55-64,80.0,Loan originated
1,1115000.0,49,1175000.0,245.0,1,Not Hispanic or Latino,White,Male,45-54,95.0,Loan originated
1,335000.0,44,445000.0,130.0,1,Hispanic or Latino,White,Female,45-54,75.0,Loan originated
1,635000.0,38,905000.0,160.0,1,Hispanic or Latino,White,Female,<25,70.0,Loan originated
1,475000.0,49,495000.0,97.0,1,Hispanic or Latino,White,Male,<25,97.0,Loan originated
1,205000.0,30%-<36%,565000.0,128.0,1,Not Hispanic or Latino,White,Female,45-54,35.714,Loan originated
1,655000.0,49,695000.0,143.0,1,Hispanic or Latino,White,Male,35-44,95.0,Loan originated
1,495000.0,40,615000.0,159.0,1,Not Hispanic or Latino,White,Female,35-44,80.0,Loan originated
1,765000.0,30%-<36%,815000.0,228.0,1,Not Hispanic or Latino,Asian,Male,35-44,94.445,Loan originated
1,425000.0,45,535000.0,121.0,1,Hispanic or Latino,White,Female,25-34,80.0,Loan originated
1,575000.0,>60%,585000.0,225.0,1,Not Hispanic or Latino,White,Male,55-64,95.0,Application denied
1,315000.0,46,335000.0,144.0,1,Not Hispanic or Latino,White,Male,55-64,95.0,Loan originated
1,495000.0,36,625000.0,140.0,1,Not Hispanic or Latino,White,Female,25-34,80.0,Loan originated
1,695000.0,49,875000.0,162.0,1,Not Hispanic or Latino,White,Male,45-54,80.0,Loan originated
1,245000.0,37,825000.0,111.0,1,Not Hispanic or Latino,White,Female,35-44,29.697,Loan originated
1,255000.0,37,315000.0,73.0,1,Not Hispanic or Latino,White,Female,35-44,80.0,Loan originated
1,355000.0,48,465000.0,107.0,1,Not Hispanic or Latino,White,Female,55-64,77.0,Application denied
1,365000.0,38,425000.0,170.0,1,Hispanic or Latino,2 or more minority races,Male,25-34,104.353,Loan originated
1,495000.0,45,615000.0,123.0,1,Not Hispanic or Latino,Asian,Female,35-44,80.0,Loan originated
1,1005000.0,30%-<36%,1465000.0,533.0,1,Hispanic or Latino,White,Male,45-54,90.0,Loan originated
1,105000.0,43,605000.0,54.0,1,Not Hispanic or Latino,White,Female,<25,16.667,Loan originated
1,255000.0,48,275000.0,75.0,1,Hispanic or Latino,White,Male,45-54,94.0,Loan originated
1,515000.0,43,685000.0,133.0,1,Not Hispanic or Latino,White,Male,25-34,75.0,Loan originated
1,745000.0,38,925000.0,198.0,1,Not Hispanic or Latino,Asian,Female,25-34,80.0,Loan originated
1,385000.0,43,435000.0,112.0,1,Hispanic or Latino,White,Female,35-44,87.356,Loan originated
1,965000.0,39,1215000.0,243.0,1,Not Hispanic or Latino,White,Female,45-54,80.0,Loan originated
1,735000.0,20%-<30%,915000.0,361.0,1,Not Hispanic or Latino,White,Male,35-44,80.0,Loan originated
1,495000.0,30%-<36%,625000.0,134.0,1,Not Hispanic or Latino,White,Female,25-34,80.0,Loan originated
1,995000.0,47,1855000.0,298.0,1,Not Hispanic or Latino,White,Female,45-54,53.784,Loan originated
1,875000.0,20%-<30%,1035000.0,292.0,1,Not Hispanic or Latino,White,Female,35-44,85.0,Loan originated
1,765000.0,>60%,805000.0,286.0,1,Not Hispanic or Latino,Black or African American,Male,35-44,95.0,Application denied
1,475000.0,49,875000.0,105.0,1,Not Hispanic or Latino,White,Female,55-64,54.639,Loan originated
1,755000.0,49,1125000.0,161.0,1,Not Hispanic or Latino,Asian,Male,35-44,66.914,Loan originated
1,355000.0,>60%,375000.0,60.0,1,Hispanic or Latino,White,Male,35-44,95.0,Application denied
1,565000.0,47,705000.0,132.0,1,Not Hispanic or Latino,White,Male,45-54,80.0,Loan originated
1,655000.0,30%-<36%,2475000.0,437.0,1,Not Hispanic or Latino,Asian,Female,35-44,80.0,Loan originated
1,515000.0,38,605000.0,153.0,1,Not Hispanic or Latino,White,Male,25-34,85.0,Loan originated
1,725000.0,41,905000.0,168.0,1,Not Hispanic or Latino,Asian,Female,35-44,80.0,Loan originated
1,545000.0,44,685000.0,136.0,1,Hispanic or Latino,White,Female,25-34,80.0,Loan originated
1,435000.0,46,475000.0,88.0,1,Not Hispanic or Latino,White,Female,45-54,93.95,Loan originated
1,745000.0,30%-<36%,1905000.0,414.0,1,Not Hispanic or Latino,Asian,Male,35-44,40.0,Loan originated
1,615000.0,47,725000.0,185.0,1,Not Hispanic or Latino,Asian,Female,35-44,85.0,Loan originated
1,425000.0,47,535000.0,115.0,1,Not Hispanic or Latino,White,Male,45-54,80.0,Loan originated
1,405000.0,30%-<36%,505000.0,211.0,1,Not Hispanic or Latino,Asian,Male,35-44,80.0,Loan originated
1,215000.0,40,465000.0,60.0,1,Not Hispanic or Latino,White,Male,55-64,45.652,Loan originated
1,315000.0,39,385000.0,87.0,1,Not Hispanic or Latino,Black or African American,Male,25-34,80.0,Loan originated
1,595000.0,48,795000.0,143.0,1,Not Hispanic or Latino,Asian,Male,55-64,75.0,Loan originated
1,855000.0,30%-<36%,1005000.0,280.0,1,Not Hispanic or Latino,White,Female,<25,85.0,Loan originated
1,675000.0,43,845000.0,157.0,1,Not Hispanic or Latino,Asian,Female,25-34,80.0,Loan originated
1,755000.0,38,835000.0,185.0,1,Not Hispanic or Latino,Asian,Male,35-44,90.0,Loan originated
1,405000.0,46,655000.0,97.0,1,Not Hispanic or Latino,White,Male,35-44,61.656,Loan originated
1,435000.0,45,545000.0,100.0,1,Not Hispanic or Latino,Asian,Female,25-34,80.0,Loan originated
1,645000.0,30%-<36%,865000.0,179.0,1,Hispanic or Latino,White,Male,35-44,75.0,Loan originated
1,565000.0,44,595000.0,195.0,1,Hispanic or Latino,White,Male,35-44,95.0,Application denied
1,675000.0,49,795000.0,184.0,1,Hispanic or Latino,White,Male,35-44,85.0,Loan originated
1,365000.0,30%-<36%,455000.0,127.0,1,Hispanic or Latino,White,Male,35-44,80.0,Loan originated
1,745000.0,44,835000.0,326.0,1,Not Hispanic or Latino,Black or African American,Male,35-44,90.0,Loan originated
1,665000.0,49,1355000.0,145.0,1,Not Hispanic or Latino,White,Male,35-44,49.56,Loan originated
1,205000.0,50%-60%,225000.0,88.0,1,Not Hispanic or Latino,White,Male,25-34,95.0,Application denied
1,585000.0,41,725000.0,201.0,1,Not Hispanic or Latino,Black or African American,Male,45-54,80.0,Loan originated
1,475000.0,48,675000.0,171.0,1,Not Hispanic or Latino,White,Female,45-54,70.0,Loan originated
1,725000.0,37,905000.0,320.0,1,Not Hispanic or Latino,White,Male,45-54,80.0,Loan originated
1,175000.0,45,245000.0,54.0,1,Hispanic or Latino,White,Male,35-44,71.888,Loan originated
1,335000.0,30%-<36%,425000.0,142.0,1,Not Hispanic or Latino,White,Female,25-34,80.0,Loan originated
1,375000.0,48,545000.0,81.0,1,Not Hispanic or Latino,Asian,Male,25-34,69.444,Loan originated
1,405000.0,46,755000.0,160.0,1,Not Hispanic or Latino,White,Male,45-54,54.53,Loan originated
1,235000.0,39,535000.0,71.0,1,Hispanic or Latino,White,Male,45-54,43.93,Loan originated
1,655000.0,30%-<36%,1005000.0,237.0,1,Not Hispanic or Latino,White,Male,35-44,65.0,Loan originated
1,975000.0,30%-<36%,1305000.0,285.0,1,Not Hispanic or Latino,White,Male,35-44,75.0,Loan originated
1,735000.0,46,925000.0,180.0,1,Not Hispanic or Latino,Asian,Male,25-34,80.0,Loan originated
1,685000.0,<20%,855000.0,760.0,1,Not Hispanic or Latino,White,Male,45-54,89.99,Loan originated
1,695000.0,43,735000.0,222.0,1,Not Hispanic or Latino,White,Male,35-44,95.0,Loan originated
1,365000.0,49,425000.0,81.0,1,Not Hispanic or Latino,Asian,Male,25-34,85.0,Loan originated
1,705000.0,49,1205000.0,195.0,1,Not Hispanic or Latino,White,Female,55-64,58.506,Loan originated
1,1045000.0,36,1305000.0,379.0,1,Not Hispanic or Latino,White,Female,25-34,80.0,Loan originated
1,705000.0,49,835000.0,136.0,1,Not Hispanic or Latino,Black or African American,Female,45-54,85.0,Loan originated
1,165000.0,38,895000.0,60.0,1,Hispanic or Latino,White,Male,35-44,99.05,Loan originated
1,295000.0,42,385000.0,77.0,1,Not Hispanic or Latino,Asian,Male,45-54,77.679,Loan originated
1,175000.0,30%-<36%,325000.0,75.0,1,Not Hispanic or Latino,White,Female,55-64,54.0,Loan originated
1,595000.0,47,745000.0,130.0,1,Not Hispanic or Latino,Black or African American,Male,35-44,100.0,Loan originated
1,415000.0,<20%,615000.0,245.0,1,Hispanic or Latino,White,Female,25-34,67.213,Loan originated
1,765000.0,43,1025000.0,205.0,1,Not Hispanic or Latino,Asian,Female,25-34,74.562,Loan originated
1,455000.0,49,775000.0,96.0,1,Not Hispanic or Latino,White,Female,25-34,59.02,Loan originated
1,305000.0,20%-<30%,305000.0,60.0,1,Not Hispanic or Latino,White,Male,25-34,100.0,Application denied
1,745000.0,50%-60%,925000.0,113.0,1,Not Hispanic or Latino,Asian,Female,35-44,80.0,Application denied
1,125000.0,30%-<36%,155000.0,60.0,1,Not Hispanic or Latino,White,Male,35-44,80.0,Loan originated
1,475000.0,39,635000.0,136.0,1,Not Hispanic or Latino,Asian,Male,45-54,75.0,Loan originated
1,465000.0,40,505000.0,130.0,1,Hispanic or Latino,White,Male,25-34,92.0,Loan originated
1,725000.0,42,715000.0,177.0,1,Not Hispanic or Latino,White,Male,35-44,101.75,Loan originated
1,215000.0,30%-<36%,485000.0,81.0,1,Not Hispanic or Latino,White,Female,25-34,44.32,Loan originated
1,335000.0,42,465000.0,108.0,1,Hispanic or Latino,White,Male,45-54,71.849,Loan originated
1,415000.0,20%-<30%,555000.0,187.0,1,Not Hispanic or Latino,White,Male,25-34,75.0,Loan originated
1,565000.0,49,815000.0,132.0,1,Not Hispanic or Latino,Asian,Male,25-34,69.283,Loan originated
1,645000.0,43,925000.0,143.0,1,Not Hispanic or Latino,White,Male,25-34,70.0,Loan originated
1,595000.0,49,665000.0,115.0,1,Not Hispanic or Latino,Asian,Female,35-44,90.0,Loan originated
1,735000.0,30%-<36%,775000.0,214.0,1,Not Hispanic or Latino,Asian,Male,35-44,95.0,Loan originated
1,395000.0,30%-<36%,495000.0,149.0,1,Not Hispanic or Latino,White,Male,35-44,80.0,Loan originated
1,665000.0,41,725000.0,174.0,1,Not Hispanic or Latino,Asian,Female,25-34,92.0,Loan originated
1,405000.0,20%-<30%,455000.0,165.0,1,Not Hispanic or Latino,White,Male,45-54,89.129,Loan originated
1,565000.0,46,1365000.0,158.0,1,Not Hispanic or Latino,Asian,Female,25-34,41.39,Loan originated
1,945000.0,47,1395000.0,219.0,1,Not Hispanic or Latino,White,Male,35-44,68.0,Loan originated
1,355000.0,47,545000.0,153.0,1,Hispanic or Latino,American Indian or Alaska Native,Male,25-34,66.0,Loan originated
1,735000.0,50%-60%,775000.0,280.0,1,Not Hispanic or Latino,White,Male,45-54,95.0,Application denied
1,455000.0,46,505000.0,98.0,1,Hispanic or Latino,White,Male,45-54,90.0,Loan originated
1,355000.0,49,935000.0,148.0,1,Not Hispanic or Latino,White,Female,25-34,37.634,Loan originated
1,625000.0,48,895000.0,137.0,1,Not Hispanic or Latino,Asian,Male,25-34,70.0,Application denied
1,595000.0,30%-<36%,635000.0,194.0,1,Not Hispanic or Latino,White,Male,35-44,95.0,Application denied
1,815000.0,39,855000.0,275.0,1,Not Hispanic or Latino,Black or African American,Female,45-54,95.29,Loan originated
1,685000.0,50%-60%,755000.0,145.0,1,Hispanic or Latino,Black or African American,Male,45-54,89.99,Loan originated
1,855000.0,48,1755000.0,377.0,1,Not Hispanic or Latino,Asian,Female,35-44,48.57,Loan originated
1,605000.0,44,645000.0,156.0,1,Hispanic or Latino,White,Male,<25,95.0,Loan originated
1,655000.0,36,775000.0,230.0,1,Not Hispanic or Latino,White,Male,25-34,85.0,Loan originated
1,405000.0,48,475000.0,96.0,1,Not Hispanic or Latino,Asian,Female,55-64,84.399,Loan originated
1,495000.0,38,655000.0,126.0,1,Not Hispanic or Latino,Asian,Male,25-34,74.994,Loan originated
1,275000.0,20%-<30%,375000.0,192.0,1,Not Hispanic or Latino,White,Female,65-74,75.0,Loan originated
1,175000.0,39,275000.0,92.0,1,Hispanic or Latino,White,Male,45-54,63.64,Loan originated
1,425000.0,43,535000.0,98.0,1,Not Hispanic or Latino,White,Male,35-44,80.0,Loan originated
1,945000.0,38,1175000.0,275.0,1,Not Hispanic or Latino,White,Male,35-44,80.0,Loan originated
1,1135000.0,<20%,1415000.0,1564.0,1,Not Hispanic or Latino,White,Female,35-44,80.0,Loan originated
1,265000.0,>60%,265000.0,36.0,1,Not Hispanic or Latino,White,Male,<25,97.0,Application denied
1,535000.0,49,825000.0,117.0,1,Not Hispanic or Latino,Black or African American,Female,35-44,64.909,Loan originated
1,385000.0,30%-<36%,445000.0,123.0,1,Not Hispanic or Latino,Asian,Female,25-34,85.0,Loan originated
1,405000.0,39,1055000.0,124.0,1,Not Hispanic or Latino,White,Male,35-44,38.095,Loan originated
1,945000.0,30%-<36%,1265000.0,476.0,1,Not Hispanic or Latino,Asian,Male,35-44,75.0,Loan originated
1,485000.0,>60%,565000.0,70.0,1,Not Hispanic or Latino,Asian,Male,25-34,85.0,Application denied
1,155000.0,20%-<30%,895000.0,138.0,1,Not Hispanic or Latino,Asian,Female,25-34,16.76,Loan originated
1,165000.0,48,685000.0,56.0,1,Hispanic or Latino,American Indian or Alaska Native,Male,55-64,23.863,Loan originated
1,765000.0,49,875000.0,298.0,1,Not Hispanic or Latino,Black or African American,Male,45-54,87.606,Loan originated
1,705000.0,44,835000.0,172.0,1,Not Hispanic or Latino,Asian,Male,35-44,85.0,Loan originated
1,715000.0,48,775000.0,150.0,1,Not Hispanic or Latino,White,Male,35-44,91.871,Loan originated
1,405000.0,30%-<36%,955000.0,154.0,1,Not Hispanic or Latino,Asian,Female,35-44,42.105,Loan originated
1,695000.0,46,925000.0,192.0,1,Not Hispanic or Latino,White,Female,55-64,75.0,Loan originated
1,685000.0,41,765000.0,198.0,1,Hispanic or Latino,White,Female,45-54,89.737,Loan originated
1,355000.0,37,655000.0,192.0,1,Not Hispanic or Latino,Asian,Male,25-34,54.0,Loan originated
1,675000.0,48,755000.0,142.0,1,Not Hispanic or Latino,Asian,Male,35-44,89.948,Loan originated
1,985000.0,43,1365000.0,214.0,1,Not Hispanic or Latino,White,Male,35-44,72.169,Loan originated
1,535000.0,39,565000.0,180.0,1,Not Hispanic or Latino,White,Male,<25,95.0,Loan originated
1,545000.0,49,675000.0,207.0,1,Not Hispanic or Latino,Asian,Male,25-34,80.0,Loan originated
1,905000.0,20%-<30%,2705000.0,411.0,1,Not Hispanic or Latino,Asian,Male,25-34,33.333,Loan originated
1,295000.0,47,375000.0,82.0,1,Not Hispanic or Latino,White,Female,>74,79.73,Loan originated
1,635000.0,30%-<36%,1735000.0,261.0,1,Not Hispanic or Latino,White,Female,45-54,36.416,Loan originated
1,455000.0,43,575000.0,193.0,1,Hispanic or Latino,White,Male,45-54,80.0,Loan originated
1,185000.0,41,355000.0,71.0,1,Not Hispanic or Latino,White,Female,45-54,51.4,Loan originated
1,335000.0,20%-<30%,355000.0,131.0,1,Hispanic or Latino,White,Male,25-34,97.0,Loan originated
1,205000.0,20%-<30%,465000.0,118.0,1,Not Hispanic or Latino,White,Female,<25,43.478,Loan originated
1,525000.0,30%-<36%,655000.0,133.0,1,Not Hispanic or Latino,Asian,Female,45-54,83.0,Loan originated
1,1095000.0,41,1555000.0,288.0,1,Not Hispanic or Latino,White,Female,45-54,70.645,Loan originated
1,885000.0,30%-<36%,1105000.0,290.0,1,Not Hispanic or Latino,White,Male,45-54,80.0,Loan originated
1,435000.0,39,465000.0,123.0,1,Not Hispanic or Latino,White,Male,55-64,95.0,Loan originated
1,385000.0,47,475000.0,92.0,1,Not Hispanic or Latino,Asian,Male,35-44,80.0,Loan originated
1,615000.0,36,825000.0,184.0,1,Not Hispanic or Latino,White,Male,35-44,75.0,Loan originated
1,565000.0,49,755000.0,114.0,1,Hispanic or Latino,White,Male,<25,75.333,Loan originated
1,565000.0,48,595000.0,163.0,1,Hispanic or Latino,White,Male,25-34,95.0,Loan originated
1,645000.0,30%-<36%,805000.0,203.0,1,Not Hispanic or Latino,White,Male,25-34,80.0,Loan originated
1,965000.0,47,1205000.0,238.0,1,Not Hispanic or Latino,White,Female,25-34,80.0,Loan originated
1,395000.0,43,415000.0,98.0,1,Not Hispanic or Latino,White,Female,35-44,95.0,Loan originated
1,535000.0,46,665000.0,131.0,1,Not Hispanic or Latino,Asian,Female,25-34,80.0,Loan originated
1,405000.0,30%-<36%,605000.0,142.0,1,Not Hispanic or Latino,Asian,Male,55-64,65.678,Loan originated
1,315000.0,46,395000.0,64.0,1,Not Hispanic or Latino,Asian,Male,45-54,75.472,Application denied
1,1205000.0,49,1505000.0,239.0,1,Not Hispanic or Latino,Asian,Female,35-44,80.0,Loan originated
1,425000.0,43,565000.0,102.0,1,Not Hispanic or Latino,Asian,Male,35-44,75.0,Loan originated
1,955000.0,44,1325000.0,239.0,1,Not Hispanic or Latino,Asian,Male,45-54,72.12,Loan originated
1,785000.0,48,825000.0,260.0,1,Not Hispanic or Latino,White,Male,25-34,94.99,Loan originated
1,375000.0,30%-<36%,475000.0,120.0,1,Not Hispanic or Latino,Asian,Female,25-34,80.0,Loan originated
1,325000.0,48,335000.0,121.0,1,Hispanic or Latino,White,Male,65-74,95.0,Loan originated
1,435000.0,39,525000.0,105.0,1,Not Hispanic or Latino,Asian,Male,25-34,84.0,Loan originated
1,1105000.0,38,1305000.0,348.0,1,Not Hispanic or Latino,White,Male,35-44,85.0,Loan originated
1,465000.0,49,495000.0,171.0,1,Not Hispanic or Latino,White,Female,25-34,95.0,Loan originated
1,425000.0,43,545000.0,124.0,1,Hispanic or Latino,White,Female,35-44,79.046,Loan originated
1,15000.0,30%-<36%,315000.0,94.0,1,Not Hispanic or Latino,White,Male,45-54,100.0,Loan originated
1,505000.0,48,625000.0,104.0,1,Not Hispanic or Latino,Asian,Male,35-44,80.0,Loan originated
1,885000.0,44,1105000.0,200.0,1,Not Hispanic or Latino,White,Female,45-54,80.0,Loan originated
1,395000.0,47,495000.0,88.0,1,Not Hispanic or Latino,White,Male,35-44,80.0,Loan originated
1,465000.0,41,825000.0,930.0,1,Not Hispanic or Latino,Asian,Male,45-54,56.34,Loan originated
1,505000.0,43,535000.0,125.0,1,Not Hispanic or Latino,Black or African American,Female,25-34,95.0,Loan originated
1,455000.0,37,755000.0,117.0,1,Not Hispanic or Latino,White,Male,25-34,60.0,Loan originated
1,415000.0,20%-<30%,865000.0,248.0,1,Not Hispanic or Latino,White,Male,35-44,48.157,Loan originated
1,405000.0,48,705000.0,96.0,1,Not Hispanic or Latino,White,Female,55-64,57.14,Loan originated
1,445000.0,20%-<30%,555000.0,175.0,1,Not Hispanic or Latino,White,Male,25-34,80.0,Loan originated
1,1005000.0,30%-<36%,2275000.0,330.0,1,Not Hispanic or Latino,White,Male,45-54,43.956,Loan originated
1,405000.0,36,745000.0,112.0,1,Not Hispanic or Latino,Asian,Male,35-44,54.05,Loan originated
1,455000.0,43,525000.0,106.0,1,Not Hispanic or Latino,Black or African American,Female,45-54,85.0,Application denied
1,445000.0,44,565000.0,108.0,1,Hispanic or Latino,White,Male,35-44,78.483,Loan originated
1,445000.0,49,575000.0,89.0,1,Not Hispanic or Latino,Asian,Female,<25,76.522,Loan originated
1,345000.0,43,365000.0,88.0,1,Not Hispanic or Latino,White,Male,25-34,95.0,Loan originated
1,285000.0,46,295000.0,74.0,1,Hispanic or Latino,White,Female,55-64,100.0,Loan originated
1,365000.0,49,415000.0,69.0,1,Hispanic or Latino,White,Female,35-44,87.805,Loan originated
1,245000.0,49,255000.0,53.0,1,Not Hispanic or Latino,White,Male,<25,95.0,Loan originated
1,565000.0,30%-<36%,875000.0,180.0,1,Not Hispanic or Latino,Asian,Female,<25,64.57,Loan originated
1,785000.0,30%-<36%,1055000.0,368.0,1,Not Hispanic or Latino,White,Male,45-54,75.0,Loan originated
1,105000.0,48,135000.0,87.0,1,Hispanic or Latino,White,Male,55-64,80.92,Loan originated
1,295000.0,49,475000.0,125.0,1,Hispanic or Latino,White,Female,<25,61.702,Loan originated
1,745000.0,<20%,935000.0,418.0,1,Not Hispanic or Latino,White,Female,35-44,79.912,Loan originated
1,535000.0,43,715000.0,125.0,1,Not Hispanic or Latino,Asian,Male,25-34,75.0,Loan originated
1,385000.0,44,415000.0,90.0,1,Hispanic or Latino,White,Male,35-44,92.0,Loan originated
1,675000.0,48,715000.0,140.0,1,Hispanic or Latino,White,Female,35-44,95.0,Loan originated
1,505000.0,49,905000.0,142.0,1,Hispanic or Latino,White,Female,45-54,55.556,Loan originated
1,585000.0,41,725000.0,130.0,1,Not Hispanic or Latino,White,Male,45-54,80.0,Loan originated
1,805000.0,44,1075000.0,167.0,1,Not Hispanic or Latino,White,Male,25-34,75.0,Loan originated
1,885000.0,44,1115000.0,285.0,1,Not Hispanic or Latino,White,Male,25-34,80.0,Loan originated
1,395000.0,47,755000.0,90.0,1,Not Hispanic or Latino,White,Male,45-54,52.333,Loan originated
1,735000.0,46,755000.0,147.0,1,Hispanic or Latino,White,Male,25-34,97.0,Loan originated
1,515000.0,40,645000.0,123.0,1,Hispanic or Latino,White,Male,35-44,100.0,Loan originated
1,1145000.0,49,1365000.0,239.0,1,Not Hispanic or Latino,Asian,Male,35-44,84.49,Loan originated
1,205000.0,<20%,715000.0,257.0,1,Not Hispanic or Latino,Asian,Male,35-44,28.169,Application denied
1,515000.0,40,565000.0,180.0,1,Not Hispanic or Latino,White,Female,25-34,95.0,Loan originated
1,745000.0,50%-60%,1165000.0,157.0,1,Not Hispanic or Latino,White,Male,55-64,64.655,Application denied
1,935000.0,44,1175000.0,196.0,1,Not Hispanic or Latino,Asian,Male,25-34,80.0,Loan originated
1,155000.0,47,485000.0,61.0,1,Not Hispanic or Latino,American Indian or Alaska Native,Male,25-34,30.928,Loan originated
1,465000.0,44,575000.0,110.0,1,Not Hispanic or Latino,Asian,Male,25-34,80.821,Loan originated
1,845000.0,43,895000.0,209.0,1,Hispanic or Latino,White,Female,25-34,95.0,Loan originated
1,215000.0,30%-<36%,265000.0,85.0,1,Hispanic or Latino,White,Female,55-64,80.0,Loan originated
1,925000.0,44,2325000.0,389.0,1,Not Hispanic or Latino,White,Male,55-64,39.78,Loan originated
1,1055000.0,30%-<36%,1405000.0,370.0,1,Not Hispanic or Latino,Asian,Female,35-44,75.0,Loan originated
1,345000.0,49,425000.0,94.0,1,Not Hispanic or Latino,Asian,Male,35-44,100.0,Application denied
1,215000.0,43,225000.0,88.0,1,Hispanic or Latino,White,Male,25-34,95.0,Loan originated
1,645000.0,47,775000.0,131.0,1,Hispanic or Latino,White,Female,25-34,103.25,Loan originated
1,135000.0,30%-<36%,145000.0,59.0,1,Not Hispanic or Latino,White,Female,25-34,95.0,Application denied
1,225000.0,49,305000.0,47.0,1,Not Hispanic or Latino,Asian,Male,25-34,73.333,Loan originated
1,795000.0,30%-<36%,885000.0,219.0,1,Hispanic or Latino,White,Male,35-44,90.0,Loan originated
1,705000.0,47,785000.0,209.0,1,Hispanic or Latino,White,Male,65-74,90.0,Loan originated
1,605000.0,20%-<30%,765000.0,261.0,1,Hispanic or Latino,White,Male,45-54,80.0,Loan originated
1,845000.0,49,1055000.0,153.0,1,Not Hispanic or Latino,Asian,Male,45-54,80.0,Loan originated
1,485000.0,49,645000.0,105.0,1,Hispanic or Latino,White,Male,25-34,75.0,Loan originated
1,275000.0,43,555000.0,48.0,1,Not Hispanic or Latino,Asian,Female,55-64,50.0,Loan originated
1,275000.0,30%-<36%,455000.0,84.0,1,Not Hispanic or Latino,White,Male,35-44,61.197,Loan originated
1,425000.0,47,475000.0,90.0,1,Not Hispanic or Latino,White,Female,45-54,90.0,Loan originated
1,395000.0,46,615000.0,98.0,1,Not Hispanic or Latino,Black or African American,Male,35-44,63.934,Loan originated
1,525000.0,40,585000.0,201.0,1,Hispanic or Latino,White,Male,35-44,89.99,Loan originated
1,155000.0,38,405000.0,100.0,1,Not Hispanic or Latino,White,Male,55-64,38.272,Loan originated
1,565000.0,49,585000.0,96.0,1,Hispanic or Latino,White,Female,25-34,100.0,Loan originated
1,875000.0,30%-<36%,1515000.0,282.0,1,Hispanic or Latino,White,Male,25-34,57.756,Loan originated
1,715000.0,48,735000.0,158.0,1,Not Hispanic or Latino,Asian,Female,25-34,96.939,Loan originated
1,455000.0,39,605000.0,115.0,1,Not Hispanic or Latino,Asian,Female,45-54,75.0,Loan originated
1,425000.0,37,475000.0,171.0,1,Hispanic or Latino,White,Female,55-64,90.0,Loan originated
1,585000.0,50%-60%,605000.0,124.0,1,Hispanic or Latino,White,Male,45-54,100.0,Loan originated
1,605000.0,20%-<30%,765000.0,231.0,1,Hispanic or Latino,White,Female,45-54,80.0,Loan originated
1,1085000.0,39,1385000.0,302.0,1,Not Hispanic or Latino,White,Male,25-34,80.0,Loan originated
1,375000.0,20%-<30%,465000.0,166.0,1,Not Hispanic or Latino,White,Female,65-74,80.0,Loan originated
1,455000.0,40,565000.0,198.0,1,Not Hispanic or Latino,Asian,Male,35-44,80.0,Loan originated
1,285000.0,47,475000.0,65.0,1,Not Hispanic or Latino,White,Female,>74,58.346,Loan originated
1,265000.0,47,465000.0,59.0,1,Not Hispanic or Latino,Asian,Male,55-64,57.0,Loan originated
1,435000.0,40,455000.0,206.0,1,Hispanic or Latino,White,Male,25-34,95.0,Loan originated
1,905000.0,48,1135000.0,204.0,1,Not Hispanic or Latino,Asian,Male,25-34,80.0,Loan originated
1,425000.0,>60%,1305000.0,32.0,1,Hispanic or Latino,White,Female,65-74,32.692,Application denied
1,505000.0,46,1055000.0,14.0,1,Not Hispanic or Latino,Asian,Female,35-44,47.45,Loan originated
1,865000.0,47,1085000.0,200.0,1,Not Hispanic or Latino,White,Female,35-44,80.0,Loan originated
1,765000.0,<20%,1535000.0,676.0,1,Not Hispanic or Latino,White,Male,65-74,50.101,Loan originated
1,765000.0,30%-<36%,965000.0,258.0,1,Not Hispanic or Latino,White,Male,35-44,80.0,Loan originated
1,675000.0,40,715000.0,182.0,1,Not Hispanic or Latino,White,Female,25-34,95.0,Loan originated
1,885000.0,37,1255000.0,330.0,1,Not Hispanic or Latino,Asian,Female,25-34,70.84,Loan originated
1,315000.0,>60%,325000.0,42.0,1,Not Hispanic or Latino,Black or African American,Male,25-34,86.875,Application denied
1,505000.0,30%-<36%,715000.0,166.0,1,Not Hispanic or Latino,Asian,Male,25-34,70.0,Loan originated
1,585000.0,43,615000.0,130.0,1,Not Hispanic or Latino,Asian,Male,35-44,95.0,Loan originated
1,355000.0,40,1685000.0,143.0,1,Not Hispanic or Latino,Asian,Male,25-34,21.0,Loan originated
1,405000.0,38,425000.0,135.0,1,Not Hispanic or Latino,Asian,Female,45-54,100.0,Loan originated
1,125000.0,47,865000.0,64.0,1,Not Hispanic or Latino,Asian,Female,55-64,14.454,Loan originated
1,715000.0,45,755000.0,185.0,1,Not Hispanic or Latino,Asian,Female,45-54,95.0,Loan originated
1,345000.0,48,435000.0,89.0,1,Not Hispanic or Latino,White,Male,35-44,79.31,Loan originated
1,355000.0,42,675000.0,106.0,1,Not Hispanic or Latino,Native Hawaiian or Other Pacific Islander,Female,55-64,52.0,Loan originated
1,1005000.0,46,1255000.0,220.0,1,Not Hispanic or Latino,White,Male,35-44,80.0,Loan originated
1,625000.0,49,775000.0,262.0,1,Hispanic or Latino,White,Male,65-74,80.0,Loan originated
1,565000.0,41,625000.0,140.0,1,Hispanic or Latino,White,Male,45-54,90.0,Loan originated
1,405000.0,46,735000.0,110.0,1,Not Hispanic or Latino,Asian,Male,65-74,54.168,Loan originated
1,465000.0,30%-<36%,685000.0,152.0,1,Hispanic or Latino,White,Female,45-54,67.647,Loan originated
1,1085000.0,41,1455000.0,463.0,1,Not Hispanic or Latino,White,Male,65-74,75.0,Loan originated
1,505000.0,30%-<36%,625000.0,173.0,1,Not Hispanic or Latino,White,Female,45-54,80.0,Loan originated
1,345000.0,20%-<30%,425000.0,138.0,1,Not Hispanic or Latino,White,Female,35-44,80.0,Loan originated
1,1085000.0,30%-<36%,1555000.0,369.0,1,Not Hispanic or Latino,Asian,Male,35-44,70.0,Loan originated
1,725000.0,20%-<30%,915000.0,451.0,1,Not Hispanic or Latino,White,Male,35-44,80.0,Loan originated
1,455000.0,30%-<36%,915000.0,335.0,1,Not Hispanic or Latino,Asian,Male,25-34,50.0,Loan originated
1,705000.0,44,745000.0,161.0,1,Not Hispanic or Latino,White,Female,25-34,98.0,Loan originated
1,565000.0,20%-<30%,705000.0,270.0,1,Hispanic or Latino,White,Male,35-44,80.0,Loan originated
1,565000.0,41,665000.0,130.0,1,Hispanic or Latino,White,Male,35-44,85.0,Loan originated
1,715000.0,<20%,885000.0,1406.0,1,Not Hispanic or Latino,White,Male,25-34,80.0,Loan originated
1,945000.0,40,1055000.0,254.0,1,Hispanic or Latino,White,Female,35-44,90.0,Loan originated
1,555000.0,44,695000.0,140.0,1,Not Hispanic or Latino,White,Female,55-64,80.0,Loan originated
1,285000.0,40,315000.0,86.0,1,Not Hispanic or Latino,Black or African American,Male,45-54,90.0,Loan originated
1,415000.0,20%-<30%,485000.0,229.0,1,Hispanic or Latino,White,Male,25-34,85.0,Loan originated
1,425000.0,48,545000.0,92.0,1,Not Hispanic or Latino,White,Male,<25,77.372,Loan originated
1,625000.0,30%-<36%,725000.0,213.0,1,Not Hispanic or Latino,White,Male,35-44,86.483,Loan originated
1,455000.0,49,905000.0,136.0,1,Not Hispanic or Latino,White,Female,65-74,50.0,Loan originated
1,755000.0,48,1305000.0,160.0,1,Not Hispanic or Latino,White,Male,45-54,57.692,Loan originated
1,175000.0,49,525000.0,60.0,1,Not Hispanic or Latino,White,Female,55-64,33.025,Loan originated
1,1065000.0,41,1335000.0,256.0,1,Not Hispanic or Latino,Asian,Male,25-34,80.0,Loan originated
1,1105000.0,49,2555000.0,318.0,1,Not Hispanic or Latino,White,Male,35-44,44.0,Loan originated
1,225000.0,30%-<36%,595000.0,90.0,1,Not Hispanic or Latino,White,Female,55-64,38.136,Loan originated
1,765000.0,20%-<30%,775000.0,393.0,1,Not Hispanic or Latino,Asian,Female,25-34,98.717,Loan originated
1,375000.0,45,415000.0,254.0,1,Hispanic or Latino,Black or African American,Male,25-34,90.0,Loan originated
1,205000.0,20%-<30%,1295000.0,160.0,1,Not Hispanic or Latino,White,Female,35-44,15.444,Loan originated
1,205000.0,30%-<36%,265000.0,100.0,1,Hispanic or Latino,White,Male,55-64,75.0,Loan originated
1,545000.0,45,735000.0,139.0,1,Not Hispanic or Latino,Asian,Male,55-64,75.0,Loan originated
1,515000.0,30%-<36%,605000.0,214.0,1,Not Hispanic or Latino,White,Male,25-34,85.0,Loan originated
1,995000.0,30%-<36%,1235000.0,381.0,1,Not Hispanic or Latino,White,Male,25-34,80.0,Loan originated
1,405000.0,30%-<36%,705000.0,252.0,1,Not Hispanic or Latino,Asian,Male,55-64,56.738,Loan originated
1,315000.0,40,455000.0,84.0,1,Hispanic or Latino,White,Female,35-44,70.0,Loan originated
1,495000.0,50%-60%,525000.0,119.0,1,Hispanic or Latino,White,Male,25-34,95.0,Application denied
1,325000.0,30%-<36%,415000.0,153.0,1,Not Hispanic or Latino,White,Female,25-34,80.0,Loan originated
1,35000.0,46,45000.0,51.0,1,Hispanic or Latino,White,Male,65-74,80.0,Loan originated
1,675000.0,30%-<36%,1025000.0,210.0,1,Not Hispanic or Latino,White,Female,55-64,65.85,Loan originated
1,515000.0,47,605000.0,141.0,1,Not Hispanic or Latino,White,Female,25-34,85.0,Loan originated
1,255000.0,30%-<36%,285000.0,78.0,1,Not Hispanic or Latino,White,Female,25-34,89.547,Loan originated
1,435000.0,50%-60%,485000.0,131.0,1,Not Hispanic or Latino,Asian,Male,35-44,90.0,Application denied
1,565000.0,46,715000.0,121.0,1,Hispanic or Latino,White,Male,45-54,80.0,Loan originated
1,925000.0,42,975000.0,230.0,1,Not Hispanic or Latino,Black or African American,Female,35-44,95.0,Loan originated
1,695000.0,40,875000.0,198.0,1,Not Hispanic or Latino,Asian,Male,25-34,80.0,Loan originated
1,95000.0,40,95000.0,47.0,1,Not Hispanic or Latino,White,Male,35-44,97.0,Loan originated
1,555000.0,49,695000.0,112.0,1,Not Hispanic or Latino,Asian,Female,35-44,80.0,Loan originated
1,415000.0,45,435000.0,339.0,1,Not Hispanic or Latino,White,Female,25-34,95.0,Loan originated
1,295000.0,20%-<30%,765000.0,181.0,1,Not Hispanic or Latino,Asian,Male,25-34,38.73,Loan originated
1,325000.0,43,385000.0,80.0,1,Not Hispanic or Latino,Asian,Male,45-54,85.0,Loan originated
1,235000.0,20%-<30%,555000.0,125.0,1,Not Hispanic or Latino,Asian,Male,45-54,41.81,Loan originated
1,385000.0,30%-<36%,475000.0,131.0,1,Not Hispanic or Latino,Asian,Male,<25,80.0,Loan originated
1,595000.0,<20%,635000.0,402.0,1,Not Hispanic or Latino,White,Male,25-34,95.0,Loan originated
1,305000.0,43,605000.0,76.0,1,Not Hispanic or Latino,Asian,Female,65-74,50.325,Loan originated
1,515000.0,46,535000.0,119.0,1,Not Hispanic or Latino,White,Male,25-34,100.0,Loan originated
1,515000.0,44,545000.0,171.0,1,Not Hispanic or Latino,White,Male,55-64,95.0,Loan originated
1,365000.0,20%-<30%,455000.0,165.0,1,Not Hispanic or Latino,White,Female,55-64,80.0,Loan originated
1,755000.0,46,2655000.0,260.0,1,Not Hispanic or Latino,White,Male,35-44,28.249,Loan originated
1,515000.0,45,695000.0,112.0,1,Not Hispanic or Latino,Asian,Male,25-34,75.0,Loan originated
1,435000.0,49,585000.0,110.0,1,Not Hispanic or Latino,White,Female,45-54,75.0,Loan originated
1,915000.0,30%-<36%,1075000.0,294.0,1,Not Hispanic or Latino,White,Male,35-44,85.0,Loan originated
1,455000.0,30%-<36%,655000.0,142.0,1,Not Hispanic or Latino,White,Female,25-34,69.23,Loan originated
1,445000.0,39,595000.0,126.0,1,Hispanic or Latino,White,Male,45-54,75.0,Loan originated
1,405000.0,45,505000.0,92.0,1,Not Hispanic or Latino,Black or African American,Female,35-44,80.0,Loan originated
1,425000.0,20%-<30%,525000.0,203.0,1,Not Hispanic or Latino,White,Male,55-64,80.0,Loan originated
1,565000.0,46,705000.0,127.0,1,Not Hispanic or Latino,American Indian or Alaska Native,Female,35-44,80.0,Loan originated
1,765000.0,49,815000.0,150.0,1,Not Hispanic or Latino,White,Male,25-34,94.636,Loan originated
1,465000.0,40,585000.0,127.0,1,Not Hispanic or Latino,White,Male,55-64,79.474,Loan originated
1,445000.0,47,555000.0,95.0,1,Not Hispanic or Latino,White,Male,25-34,80.0,Loan originated
1,475000.0,38,505000.0,137.0,1,Hispanic or Latino,White,Male,25-34,100.0,Loan originated
1,755000.0,44,945000.0,231.0,1,Not Hispanic or Latino,Asian,Male,45-54,80.0,Loan originated
1,835000.0,41,935000.0,210.0,1,Not Hispanic or Latino,White,Female,45-54,89.9,Loan originated
1,855000.0,30%-<36%,1675000.0,325.0,1,Not Hispanic or Latino,White,Female,45-54,50.746,Loan originated
1,415000.0,49,525000.0,102.0,1,Not Hispanic or Latino,White,Female,45-54,80.0,Loan originated
1,795000.0,44,1145000.0,190.0,1,Not Hispanic or Latino,White,Female,35-44,69.298,Loan originated
1,355000.0,39,405000.0,150.0,1,Not Hispanic or Latino,White,Male,35-44,87.605,Loan originated
1,475000.0,49,505000.0,130.0,1,Hispanic or Latino,White,Female,25-34,95.0,Loan originated
1,225000.0,44,235000.0,87.0,1,Hispanic or Latino,White,Female,45-54,96.565,Loan originated
1,445000.0,48,525000.0,197.0,1,Not Hispanic or Latino,White,Female,65-74,85.61,Loan originated
1,255000.0,42,995000.0,96.0,1,Not Hispanic or Latino,Asian,Female,35-44,26.0,Loan originated
1,105000.0,30%-<36%,585000.0,71.0,1,Not Hispanic or Latino,White,Female,65-74,17.027,Loan originated
1,465000.0,30%-<36%,585000.0,133.0,1,Hispanic or Latino,White,Male,35-44,80.0,Loan originated
1,315000.0,47,415000.0,93.0,1,Not Hispanic or Latino,White,Male,35-44,75.0,Loan originated
1,355000.0,49,405000.0,75.0,1,Not Hispanic or Latino,Asian,Male,25-34,90.0,Loan originated
1,395000.0,30%-<36%,525000.0,375.0,1,Hispanic or Latino,White,Male,25-34,75.0,Loan originated
1,485000.0,41,815000.0,129.0,1,Not Hispanic or Latino,Asian,Male,45-54,60.0,Loan originated
1,605000.0,37,755000.0,234.0,1,Not Hispanic or Latino,Asian,Male,25-34,80.0,Application denied
1,995000.0,20%-<30%,1395000.0,374.0,1,Not Hispanic or Latino,Asian,Female,45-54,72.0,Loan originated
1,625000.0,45,665000.0,145.0,1,Not Hispanic or Latino,White,Female,25-34,95.0,Loan originated
1,1105000.0,30%-<36%,1935000.0,377.0,1,Not Hispanic or Latino,Asian,Male,35-44,56.78,Loan originated
1,435000.0,43,445000.0,106.0,1,Hispanic or Latino,White,Male,<25,97.0,Loan originated
1,885000.0,40,975000.0,225.0,1,Not Hispanic or Latino,Asian,Female,45-54,89.99,Application denied
1,535000.0,49,675000.0,122.0,1,Not Hispanic or Latino,White,Female,35-44,80.0,Loan originated
1,475000.0,46,495000.0,148.0,1,Not Hispanic or Latino,Black or African American,Male,45-54,96.99,Loan originated
1,455000.0,41,755000.0,129.0,1,Not Hispanic or Latino,White,Female,25-34,59.974,Loan originated
1,705000.0,20%-<30%,1705000.0,378.0,1,Not Hispanic or Latino,Asian,Female,25-34,41.177,Loan originated
1,415000.0,44,455000.0,94.0,1,Not Hispanic or Latino,White,Female,35-44,91.667,Loan originated
1,405000.0,39,435000.0,107.0,1,Not Hispanic or Latino,White,Female,55-64,95.0,Loan originated
1,585000.0,39,735000.0,294.0,1,Not Hispanic or Latino,Black or African American,Male,25-34,80.0,Loan originated
1,325000.0,20%-<30%,415000.0,153.0,1,Not Hispanic or Latino,Asian,Male,25-34,80.0,Application denied
1,495000.0,39,695000.0,121.0,1,Not Hispanic or Latino,Asian,Male,25-34,71.01,Loan originated
1,185000.0,44,435000.0,46.0,1,Not Hispanic or Latino,Asian,Male,45-54,43.154,Loan originated
1,415000.0,49,445000.0,98.0,1,Not Hispanic or Latino,White,Female,25-34,98.0,Loan originated
1,615000.0,49,775000.0,176.0,1,Hispanic or Latino,White,Female,35-44,80.0,Loan originated
1,315000.0,30%-<36%,755000.0,130.0,1,Not Hispanic or Latino,White,Female,25-34,43.0,Loan originated
1,985000.0,20%-<30%,1225000.0,300.0,1,Not Hispanic or Latino,Asian,Male,35-44,80.0,Loan originated
1,305000.0,44,405000.0,59.0,1,Hispanic or Latino,White,Male,25-34,74.971,Loan originated
1,305000.0,49,385000.0,65.0,1,Not Hispanic or Latino,White,Female,45-54,80.0,Loan originated
1,655000.0,30%-<36%,1095000.0,250.0,1,Not Hispanic or Latino,White,Female,25-34,59.82,Loan originated
1,345000.0,30%-<36%,425000.0,173.0,1,Not Hispanic or Latino,Black or African American,Male,35-44,80.0,Loan originated
1,465000.0,20%-<30%,775000.0,628.0,1,Not Hispanic or Latino,Asian,Female,<25,60.0,Loan originated
1,925000.0,47,1155000.0,295.0,1,Not Hispanic or Latino,White,Male,25-34,80.0,Loan originated
1,345000.0,47,495000.0,95.0,1,Not Hispanic or Latino,White,Male,35-44,70.0,Loan originated
1,575000.0,30%-<36%,1275000.0,320.0,1,Not Hispanic or Latino,Asian,Male,45-54,44.882,Loan originated
1,765000.0,49,885000.0,169.0,1,Not Hispanic or Latino,Asian,Male,35-44,86.534,Loan originated
1,605000.0,49,785000.0,122.0,1,Not Hispanic or Latino,Asian,Male,45-54,77.0,Loan originated
1,905000.0,30%-<36%,1205000.0,330.0,1,Not Hispanic or Latino,White,Female,55-64,75.0,Loan originated
1,695000.0,41,865000.0,237.0,1,Not Hispanic or Latino,White,Male,35-44,80.0,Loan originated
1,525000.0,37,975000.0,144.0,1,Not Hispanic or Latino,Asian,Male,35-44,53.846,Loan originated
1,445000.0,41,565000.0,106.0,1,Not Hispanic or Latino,Asian,Female,25-34,99.286,Application denied
1,455000.0,36,675000.0,166.0,1,Not Hispanic or Latino,Asian,Male,35-44,67.448,Loan originated
1,425000.0,50%-60%,505000.0,173.0,1,Hispanic or Latino,White,Female,45-54,85.0,Loan originated
1,345000.0,41,605000.0,104.0,1,Not Hispanic or Latino,Asian,Female,55-64,57.42,Loan originated
1,875000.0,39,1355000.0,250.0,1,Not Hispanic or Latino,White,Female,25-34,64.58,Loan originated
1,435000.0,41,475000.0,107.0,1,Not Hispanic or Latino,White,Female,25-34,90.526,Loan originated
1,585000.0,50%-60%,775000.0,113.0,1,Hispanic or Latino,American Indian or Alaska Native,Male,45-54,75.0,Application denied
1,85000.0,30%-<36%,115000.0,52.0,1,Not Hispanic or Latino,White,Male,45-54,70.51,Loan originated
1,445000.0,43,495000.0,105.0,1,Not Hispanic or Latino,Asian,Male,<25,90.0,Loan originated
1,265000.0,>60%,295000.0,52.0,1,Hispanic or Latino,White,Male,55-64,93.0,Application denied
1,625000.0,37,775000.0,150.0,1,Not Hispanic or Latino,Asian,Female,35-44,99.355,Loan originated
1,1045000.0,30%-<36%,1305000.0,440.0,1,Hispanic or Latino,White,Male,55-64,80.0,Loan originated
1,775000.0,42,1215000.0,178.0,1,Not Hispanic or Latino,White,Female,55-64,63.802,Loan originated
1,335000.0,45,395000.0,80.0,1,Not Hispanic or Latino,White,Male,55-64,85.0,Loan originated
1,245000.0,43,255000.0,74.0,1,Hispanic or Latino,White,Male,25-34,100.0,Loan originated
1,375000.0,36,655000.0,103.0,1,Hispanic or Latino,White,Female,35-44,75.0,Loan originated
1,605000.0,47,755000.0,137.0,1,Not Hispanic or Latino,Asian,Male,35-44,80.0,Loan originated
1,405000.0,41,405000.0,112.0,1,Not Hispanic or Latino,White,Male,25-34,100.0,Loan originated
1,425000.0,44,435000.0,95.0,1,Hispanic or Latino,White,Female,45-54,50.325,Loan originated
1,395000.0,30%-<36%,845000.0,199.0,1,Hispanic or Latino,White,Male,25-34,46.876,Loan originated
1,575000.0,37,825000.0,189.0,1,Not Hispanic or Latino,White,Female,35-44,70.0,Loan originated
1,445000.0,43,555000.0,104.0,1,Hispanic or Latino,White,Male,<25,80.0,Loan originated
1,405000.0,20%-<30%,475000.0,139.0,1,Not Hispanic or Latino,White,Female,45-54,85.0,Loan originated
1,705000.0,41,1635000.0,201.0,1,Not Hispanic or Latino,Asian,Female,55-64,42.94,Loan originated
1,385000.0,44,485000.0,183.0,1,Not Hispanic or Latino,Black or African American,Female,45-54,80.0,Loan originated
1,105000.0,20%-<30%,105000.0,118.0,1,Not Hispanic or Latino,White,Female,45-54,95.0,Loan originated
1,815000.0,42,1165000.0,229.0,1,Not Hispanic or Latino,White,Male,45-54,70.0,Loan originated
1,305000.0,50%-60%,505000.0,66.0,1,Hispanic or Latino,White,Male,55-64,60.0,Loan originated
1,715000.0,47,805000.0,233.0,1,Not Hispanic or Latino,American Indian or Alaska Native,Male,45-54,89.99,Loan originated
1,445000.0,20%-<30%,555000.0,241.0,1,Not Hispanic or Latino,White,Male,35-44,80.0,Loan originated
1,585000.0,41,625000.0,176.0,1,Not Hispanic or Latino,White,Female,55-64,95.0,Loan originated
1,355000.0,39,515000.0,104.0,1,Not Hispanic or Latino,Asian,Female,25-34,70.0,Loan originated
1,705000.0,39,1875000.0,217.0,1,Not Hispanic or Latino,White,Male,35-44,37.433,Loan originated
1,245000.0,45,445000.0,100.0,1,Not Hispanic or Latino,White,Female,55-64,55.46,Application denied
1,765000.0,<20%,955000.0,2204.0,1,Not Hispanic or Latino,Asian,Male,45-54,80.0,Loan originated
1,635000.0,30%-<36%,1425000.0,241.0,1,Not Hispanic or Latino,White,Male,35-44,90.0,Loan originated
1,375000.0,42,445000.0,90.0,1,Not Hispanic or Latino,White,Female,35-44,84.41,Loan originated
1,645000.0,47,945000.0,143.0,1,Not Hispanic or Latino,White,Male,45-54,68.085,Loan originated
1,425000.0,20%-<30%,535000.0,498.0,1,Not Hispanic or Latino,White,Female,55-64,80.0,Loan originated
1,685000.0,30%-<36%,745000.0,180.0,1,Not Hispanic or Latino,Asian,Male,45-54,92.5,Loan originated
1,1105000.0,42,1305000.0,301.0,1,Not Hispanic or Latino,Asian,Male,35-44,85.0,Loan originated
1,545000.0,30%-<36%,575000.0,310.0,1,Not Hispanic or Latino,Asian,Female,35-44,95.0,Loan originated
1,925000.0,44,1845000.0,221.0,1,Not Hispanic or Latino,Asian,Female,25-34,50.0,Loan originated
1,365000.0,49,525000.0,79.0,1,Hispanic or Latino,White,Male,25-34,70.0,Application denied
1,885000.0,46,1105000.0,201.0,1,Not Hispanic or Latino,Asian,Female,55-64,80.0,Loan originated
1,275000.0,48,285000.0,64.0,1,Hispanic or Latino,White,Male,35-44,100.0,Application denied
1,175000.0,30%-<36%,645000.0,94.0,1,Not Hispanic or Latino,White,Female,35-44,27.78,Loan originated
1,485000.0,48,645000.0,106.0,1,Not Hispanic or Latino,Asian,Female,25-34,95.0,Loan originated
1,315000.0,44,645000.0,92.0,1,Not Hispanic or Latino,White,Female,25-34,48.438,Loan originated
1,705000.0,48,885000.0,147.0,1,Not Hispanic or Latino,Asian,Male,25-34,80.0,Loan originated
1,165000.0,47,325000.0,44.0,1,Not Hispanic or Latino,White,Female,65-74,50.769,Loan originated
1,655000.0,44,675000.0,164.0,1,Not Hispanic or Latino,Black or African American,Female,45-54,97.0,Loan originated
1,335000.0,37,415000.0,108.0,1,Hispanic or Latino,White,Female,25-34,81.334,Loan originated
1,775000.0,45,1545000.0,269.0,1,Not Hispanic or Latino,White,Male,65-74,50.0,Loan originated
1,595000.0,<20%,745000.0,1620.0,1,Not Hispanic or Latino,Asian,Male,45-54,80.0,Loan originated
1,405000.0,46,415000.0,82.0,1,Hispanic or Latino,White,Male,35-44,97.0,Application denied
1,765000.0,47,1055000.0,200.0,1,Hispanic or Latino,White,Male,25-34,72.63,Loan originated
1,165000.0,30%-<36%,525000.0,80.0,1,Not Hispanic or Latino,White,Female,65-74,30.332,Loan originated
1,85000.0,41,145000.0,65.0,1,Not Hispanic or Latino,White,Female,55-64,54.42,Application denied
1,675000.0,49,755000.0,159.0,1,Not Hispanic or Latino,White,Male,25-34,90.0,Loan originated
1,415000.0,42,525000.0,129.0,1,Not Hispanic or Latino,White,Female,45-54,80.0,Loan originated
1,325000.0,20%-<30%,445000.0,134.0,1,Not Hispanic or Latino,White,Male,25-34,74.5,Loan originated
1,345000.0,43,595000.0,119.0,1,Not Hispanic or Latino,White,Male,65-74,58.0,Loan originated
1,535000.0,49,885000.0,130.0,1,Not Hispanic or Latino,Asian,Male,25-34,61.0,Loan originated
1,565000.0,37,705000.0,158.0,1,Not Hispanic or Latino,Black or African American,Female,45-54,80.0,Loan originated
1,15000.0,37,565000.0,168.0,1,Hispanic or Latino,White,Male,25-34,100.0,Loan originated
1,455000.0,43,1305000.0,195.0,1,Not Hispanic or Latino,White,Male,>74,34.615,Loan originated
1,485000.0,30%-<36%,735000.0,174.0,1,Not Hispanic or Latino,White,Male,45-54,65.31,Loan originated
1,425000.0,36,445000.0,113.0,1,Hispanic or Latino,White,Male,45-54,95.0,Loan originated
1,605000.0,41,725000.0,161.0,1,Not Hispanic or Latino,White,Male,35-44,84.444,Loan originated
1,225000.0,30%-<36%,285000.0,70.0,1,Not Hispanic or Latino,White,Female,35-44,80.0,Loan originated
1,265000.0,30%-<36%,515000.0,84.0,1,Not Hispanic or Latino,Asian,Female,55-64,52.1,Loan originated
1,845000.0,49,1925000.0,190.0,1,Not Hispanic or Latino,White,Male,35-44,43.896,Loan originated
1,215000.0,37,365000.0,65.0,1,Not Hispanic or Latino,White,Female,35-44,59.35,Loan originated
1,425000.0,40,445000.0,107.0,1,Hispanic or Latino,White,Male,25-34,95.0,Loan originated
1,305000.0,30%-<36%,605000.0,124.0,1,Not Hispanic or Latino,Asian,Female,45-54,50.0,Loan originated
1,605000.0,48,655000.0,163.0,1,Hispanic or Latino,White,Male,25-34,92.4,Loan originated
1,955000.0,46,1305000.0,273.0,1,Not Hispanic or Latino,White,Female,45-54,73.077,Loan originated
1,325000.0,50%-60%,1005000.0,58.0,1,Not Hispanic or Latino,Asian,Female,55-64,32.5,Application denied
1,555000.0,45,595000.0,214.0,1,Not Hispanic or Latino,White,Male,25-34,92.5,Loan originated
1,735000.0,46,1225000.0,172.0,1,Not Hispanic or Latino,Asian,Male,25-34,60.0,Loan originated
1,285000.0,49,295000.0,62.0,1,Hispanic or Latino,White,Female,45-54,95.0,Application denied
1,565000.0,46,755000.0,129.0,1,Not Hispanic or Latino,White,Male,35-44,95.0,Loan originated
1,355000.0,39,705000.0,95.0,1,Not Hispanic or Latino,Asian,Male,45-54,50.0,Loan originated
1,485000.0,47,645000.0,139.0,1,Hispanic or Latino,White,Male,25-34,75.0,Loan originated
1,345000.0,30%-<36%,595000.0,129.0,1,Not Hispanic or Latino,White,Female,35-44,58.0,Loan originated
1,425000.0,39,575000.0,149.0,1,Not Hispanic or Latino,White,Male,25-34,75.0,Application denied
1,725000.0,44,905000.0,180.0,1,Not Hispanic or Latino,Asian,Male,>74,80.0,Loan originated
1,655000.0,40,1155000.0,167.0,1,Not Hispanic or Latino,Asian,Male,35-44,56.522,Loan originated
1,505000.0,44,565000.0,113.0,1,Not Hispanic or Latino,White,Female,25-34,90.0,Loan originated
1,435000.0,45,835000.0,201.0,1,Hispanic or Latino,White,Male,25-34,51.807,Loan originated
1,405000.0,20%-<30%,605000.0,176.0,1,Not Hispanic or Latino,Asian,Female,55-64,66.94,Loan originated
1,1115000.0,36,1485000.0,366.0,1,Not Hispanic or Latino,Asian,Female,25-34,75.0,Loan originated
1,125000.0,30%-<36%,295000.0,55.0,1,Not Hispanic or Latino,White,Male,55-64,40.134,Loan originated
1,525000.0,42,665000.0,135.0,1,Not Hispanic or Latino,White,Female,35-44,80.0,Loan originated
1,625000.0,20%-<30%,825000.0,288.0,1,Not Hispanic or Latino,White,Male,55-64,75.0,Loan originated
1,595000.0,46,745000.0,180.0,1,Not Hispanic or Latino,Asian,Female,35-44,80.0,Loan originated
1,165000.0,38,205000.0,42.0,1,Not Hispanic or Latino,White,Female,35-44,94.5,Loan originated
1,505000.0,42,2055000.0,178.0,1,Not Hispanic or Latino,White,Female,65-74,24.39,Loan originated
1,715000.0,46,755000.0,150.0,1,Not Hispanic or Latino,Asian,Male,35-44,95.0,Loan originated
1,885000.0,37,945000.0,259.0,1,Not Hispanic or Latino,Asian,Female,65-74,94.0,Loan originated
1,455000.0,30%-<36%,565000.0,135.0,1,Not Hispanic or Latino,Asian,Male,35-44,80.0,Loan originated
1,715000.0,45,895000.0,147.0,1,Hispanic or Latino,White,Male,35-44,80.0,Loan originated
1,535000.0,47,675000.0,246.0,1,Not Hispanic or Latino,White,Male,35-44,80.0,Loan originated
1,755000.0,42,1005000.0,264.0,1,Not Hispanic or Latino,White,Female,45-54,75.0,Loan originated
1,515000.0,<20%,645000.0,555.0,1,Not Hispanic or Latino,White,Male,35-44,80.0,Loan originated
1,255000.0,>60%,955000.0,106.0,1,Not Hispanic or Latino,White,Female,45-54,26.316,Application denied
1,985000.0,40,1285000.0,281.0,1,Not Hispanic or Latino,Asian,Male,35-44,76.581,Loan originated
1,335000.0,45,355000.0,90.0,1,Not Hispanic or Latino,White,Female,55-64,95.0,Loan originated
1,425000.0,37,725000.0,126.0,1,Hispanic or Latino,White,Male,25-34,58.621,Loan originated
1,175000.0,20%-<30%,315000.0,101.0,1,Not Hispanic or Latino,White,Female,35-44,55.0,Loan originated
1,205000.0,30%-<36%,495000.0,142.0,1,Not Hispanic or Latino,White,Male,25-34,41.84,Loan originated
1,265000.0,41,435000.0,78.0,1,Not Hispanic or Latino,White,Male,35-44,59.999,Loan originated
1,725000.0,46,1315000.0,175.0,1,Not Hispanic or Latino,White,Male,45-54,55.0,Loan originated
1,255000.0,30%-<36%,315000.0,130.0,1,Not Hispanic or Latino,White,Male,45-54,80.0,Loan originated
1,915000.0,30%-<36%,2715000.0,210.0,1,Not Hispanic or Latino,Asian,Female,25-34,34.0,Loan originated
1,435000.0,49,545000.0,91.0,1,Hispanic or Latino,White,Male,55-64,80.0,Loan originated
1,695000.0,47,775000.0,149.0,1,Hispanic or Latino,White,Male,35-44,90.0,Loan originated
1,455000.0,39,755000.0,179.0,1,Not Hispanic or Latino,Black or African American,Female,65-74,60.006,Loan originated
1,835000.0,48,1215000.0,223.0,1,Not Hispanic or Latino,Asian,Female,35-44,68.775,Loan originated
1,415000.0,42,435000.0,115.0,1,Hispanic or Latino,White,Male,45-54,94.628,Loan originated
1,1005000.0,49,2235000.0,238.0,1,Not Hispanic or Latino,White,Male,35-44,44.843,Loan originated
1,315000.0,20%-<30%,525000.0,148.0,1,Not Hispanic or Latino,White,Female,25-34,60.0,Loan originated
1,765000.0,49,1175000.0,199.0,1,Not Hispanic or Latino,White,Female,35-44,65.191,Loan originated
1,235000.0,44,455000.0,65.0,1,Hispanic or Latino,White,Female,25-34,78.0,Loan originated
1,865000.0,41,915000.0,265.0,1,Hispanic or Latino,White,Female,25-34,95.0,Loan originated
1,325000.0,36,405000.0,89.0,1,Not Hispanic or Latino,Asian,Female,25-34,100.0,Loan originated
1,205000.0,37,555000.0,71.0,1,Not Hispanic or Latino,Asian,Female,55-64,36.403,Loan originated
1,155000.0,39,495000.0,62.0,1,Not Hispanic or Latino,White,Male,25-34,31.224,Loan originated
1,275000.0,44,525000.0,79.0,1,Not Hispanic or Latino,Black or African American,Female,25-34,101.403,Loan originated
1,455000.0,30%-<36%,905000.0,140.0,1,Not Hispanic or Latino,Asian,Female,25-34,50.0,Loan originated
1,315000.0,37,585000.0,107.0,1,Not Hispanic or Latino,Asian,Male,<25,54.31,Loan originated
1,765000.0,49,955000.0,192.0,1,Not Hispanic or Latino,White,Male,35-44,80.0,Loan originated
1,715000.0,44,745000.0,175.0,1,Not Hispanic or Latino,Asian,Female,35-44,95.0,Loan originated
1,465000.0,49,585000.0,115.0,1,Not Hispanic or Latino,White,Male,35-44,79.31,Loan originated
1,535000.0,39,825000.0,146.0,1,Not Hispanic or Latino,Asian,Female,35-44,65.0,Application denied
1,995000.0,43,1325000.0,226.0,1,Not Hispanic or Latino,Asian,Female,25-34,75.0,Loan originated
1,325000.0,46,385000.0,96.0,1,Hispanic or Latino,White,Female,45-54,85.0,Loan originated
1,335000.0,20%-<30%,555000.0,129.0,1,Not Hispanic or Latino,White,Male,25-34,59.459,Loan originated
1,285000.0,42,315000.0,86.0,1,Hispanic or Latino,White,Female,35-44,90.0,Loan originated
1,425000.0,20%-<30%,525000.0,141.0,1,Not Hispanic or Latino,Asian,Male,45-54,80.0,Loan originated
1,365000.0,49,385000.0,151.0,1,Not Hispanic or Latino,Black or African American,Female,35-44,97.0,Loan originated
1,755000.0,45,795000.0,175.0,1,Not Hispanic or Latino,White,Male,35-44,95.0,Loan originated
1,595000.0,45,625000.0,144.0,1,Not Hispanic or Latino,White,Male,35-44,95.0,Loan originated
1,445000.0,20%-<30%,665000.0,213.0,1,Not Hispanic or Latino,Asian,Female,35-44,67.12,Loan originated
1,755000.0,30%-<36%,835000.0,434.0,1,Not Hispanic or Latino,2 or more minority races,Male,35-44,89.99,Loan originated
1,415000.0,47,515000.0,137.0,1,Not Hispanic or Latino,White,Female,55-64,100.0,Application denied
1,215000.0,36,235000.0,155.0,1,Hispanic or Latino,White,Male,35-44,90.0,Loan originated
1,755000.0,48,1105000.0,181.0,1,Not Hispanic or Latino,White,Male,25-34,68.182,Loan originated
1,535000.0,46,665000.0,83.0,1,Not Hispanic or Latino,Asian,Male,25-34,80.0,Loan originated
1,685000.0,47,1035000.0,145.0,1,Not Hispanic or Latino,Asian,Male,25-34,66.052,Loan originated
1,575000.0,30%-<36%,875000.0,183.0,1,Not Hispanic or Latino,White,Male,25-34,65.52,Loan originated
1,815000.0,<20%,1675000.0,443.0,1,Not Hispanic or Latino,White,Female,25-34,48.657,Loan originated
1,765000.0,47,1705000.0,164.0,1,Not Hispanic or Latino,Asian,Female,45-54,45.091,Loan originated
1,905000.0,30%-<36%,1135000.0,927.0,1,Not Hispanic or Latino,White,Male,45-54,80.0,Loan originated
1,355000.0,30%-<36%,375000.0,126.0,1,Hispanic or Latino,White,Male,55-64,95.0,Loan originated
1,675000.0,42,925000.0,165.0,1,Not Hispanic or Latino,White,Female,25-34,72.973,Loan originated
1,725000.0,46,805000.0,179.0,1,Not Hispanic or Latino,Black or African American,Female,45-54,90.0,Loan originated
1,145000.0,48,445000.0,53.0,1,Not Hispanic or Latino,White,Male,35-44,31.818,Loan originated
1,825000.0,39,1095000.0,235.0,1,Not Hispanic or Latino,White,Male,55-64,74.994,Loan originated
1,575000.0,41,765000.0,180.0,1,Not Hispanic or Latino,Asian,Female,35-44,75.0,Loan originated
1,565000.0,47,705000.0,100.0,1,Not Hispanic or Latino,Asian,Male,35-44,92.86,Loan originated
1,1075000.0,49,1575000.0,232.0,1,Not Hispanic or Latino,White,Female,45-54,69.0,Loan originated
1,445000.0,20%-<30%,555000.0,147.0,1,Not Hispanic or Latino,White,Male,35-44,80.0,Loan originated
1,705000.0,44,885000.0,238.0,1,Not Hispanic or Latino,White,Male,35-44,80.0,Loan originated
1,555000.0,41,755000.0,148.0,1,Not Hispanic or Latino,White,Female,>74,73.334,Loan originated
1,405000.0,49,505000.0,113.0,1,Not Hispanic or Latino,White,Male,35-44,80.0,Loan originated
1,705000.0,42,875000.0,312.0,1,Not Hispanic or Latino,Asian,Female,25-34,80.0,Loan originated
1,675000.0,37,1075000.0,225.0,1,Not Hispanic or Latino,Asian,Male,35-44,62.62,Loan originated
1,395000.0,46,495000.0,95.0,1,Not Hispanic or Latino,White,Female,35-44,80.0,Loan originated
1,545000.0,37,575000.0,131.0,1,Not Hispanic or Latino,Black or African American,Male,35-44,95.0,Loan originated
1,455000.0,45,485000.0,121.0,1,Hispanic or Latino,White,Male,25-34,95.0,Loan originated
1,245000.0,50%-60%,295000.0,46.0,1,Hispanic or Latino,White,Male,35-44,85.0,Application denied
1,285000.0,50%-60%,425000.0,57.0,1,Not Hispanic or Latino,White,Male,25-34,90.0,Application denied
1,135000.0,44,145000.0,39.0,1,Hispanic or Latino,White,Female,55-64,90.0,Loan originated
1,725000.0,41,1045000.0,185.0,1,Not Hispanic or Latino,Asian,Male,25-34,69.665,Loan originated
1,775000.0,43,845000.0,190.0,1,Not Hispanic or Latino,White,Female,45-54,91.9,Loan originated
1,765000.0,43,1135000.0,292.0,1,Not Hispanic or Latino,White,Male,35-44,70.0,Loan originated
1,485000.0,43,515000.0,122.0,1,Hispanic or Latino,American Indian or Alaska Native,Male,25-34,95.0,Loan originated
1,365000.0,49,385000.0,86.0,1,Not Hispanic or Latino,White,Female,45-54,97.0,Loan originated
1,405000.0,20%-<30%,525000.0,190.0,1,Not Hispanic or Latino,Asian,Female,35-44,76.0,Loan originated
1,665000.0,41,705000.0,177.0,1,Not Hispanic or Latino,Asian,Male,35-44,95.0,Loan originated
1,725000.0,41,765000.0,290.0,1,Hispanic or Latino,White,Male,35-44,95.0,Loan originated
1,505000.0,43,625000.0,104.0,1,Not Hispanic or Latino,Asian,Male,35-44,79.99,Loan originated
1,445000.0,47,565000.0,98.0,1,Not Hispanic or Latino,Asian,Male,25-34,100.0,Loan originated
1,405000.0,49,515000.0,102.0,1,Not Hispanic or Latino,Asian,Male,55-64,80.0,Loan originated
1,615000.0,20%-<30%,765000.0,213.0,1,Hispanic or Latino,White,Male,25-34,80.0,Application denied
1,325000.0,40,355000.0,146.0,1,Not Hispanic or Latino,White,Male,45-54,97.0,Loan originated
1,585000.0,46,655000.0,146.0,1,Not Hispanic or Latino,Asian,Male,25-34,90.0,Loan originated
1,765000.0,48,1135000.0,150.0,1,Not Hispanic or Latino,White,Female,35-44,67.832,Loan originated
1,275000.0,48,375000.0,101.0,1,Not Hispanic or Latino,White,Male,45-54,75.0,Loan originated
1,605000.0,20%-<30%,755000.0,531.0,1,Hispanic or Latino,White,Male,55-64,80.0,Loan originated
1,565000.0,48,755000.0,107.0,1,Not Hispanic or Latino,Asian,Male,25-34,95.0,Loan originated
1,515000.0,43,735000.0,282.0,1,Not Hispanic or Latino,Asian,Female,55-64,70.0,Loan originated
1,535000.0,50%-60%,545000.0,152.0,1,Hispanic or Latino,White,Male,45-54,100.5,Loan originated
1,475000.0,20%-<30%,495000.0,188.0,1,Not Hispanic or Latino,White,Male,25-34,95.0,Loan originated
1,375000.0,48,395000.0,100.0,1,Not Hispanic or Latino,White,Female,45-54,95.0,Loan originated
1,675000.0,30%-<36%,795000.0,243.0,1,Not Hispanic or Latino,White,Male,35-44,85.0,Loan originated
1,585000.0,45,735000.0,125.0,1,Not Hispanic or Latino,Asian,Female,25-34,80.0,Loan originated
1,415000.0,43,435000.0,157.0,1,Hispanic or Latino,White,Male,25-34,100.0,Loan originated
1,585000.0,40,835000.0,333.0,1,Not Hispanic or Latino,Asian,Female,<25,70.167,Loan originated
1,505000.0,49,525000.0,111.0,1,Hispanic or Latino,White,Male,35-44,97.0,Loan originated
1,675000.0,43,755000.0,158.0,1,Not Hispanic or Latino,White,Male,45-54,90.0,Loan originated
1,395000.0,40,665000.0,118.0,1,Hispanic or Latino,White,Male,35-44,59.684,Loan originated
1,685000.0,47,715000.0,171.0,1,Not Hispanic or Latino,Asian,Female,35-44,100.0,Loan originated
1,1125000.0,30%-<36%,1505000.0,563.0,1,Not Hispanic or Latino,Asian,Female,65-74,75.0,Loan originated
1,205000.0,49,215000.0,105.0,1,Not Hispanic or Latino,White,Female,35-44,95.0,Loan originated
1,405000.0,20%-<30%,785000.0,290.0,1,Not Hispanic or Latino,Asian,Female,55-64,50.96,Loan originated
1,665000.0,30%-<36%,665000.0,274.0,1,Not Hispanic or Latino,White,Male,35-44,100.0,Loan originated
1,385000.0,48,415000.0,109.0,1,Hispanic or Latino,White,Male,25-34,92.0,Loan originated
1,495000.0,36,615000.0,182.0,1,Hispanic or Latino,White,Female,35-44,80.0,Loan originated
1,735000.0,49,925000.0,186.0,1,Not Hispanic or Latino,Asian,Female,25-34,79.992,Loan originated
1,605000.0,36,805000.0,172.0,1,Not Hispanic or Latino,White,Female,45-54,75.0,Loan originated
1,305000.0,40,315000.0,78.0,1,Hispanic or Latino,White,Male,35-44,100.0,Loan originated
1,105000.0,39,525000.0,38.0,1,Hispanic or Latino,White,Female,55-64,19.048,Loan originated
1,265000.0,<20%,665000.0,320.0,1,Not Hispanic or Latino,Asian,Male,55-64,41.0,Loan originated
1,425000.0,47,845000.0,99.0,1,Not Hispanic or Latino,White,Female,25-34,50.0,Loan originated
1,195000.0,30%-<36%,245000.0,86.0,1,Hispanic or Latino,White,Female,45-54,80.0,Loan originated
1,655000.0,30%-<36%,1255000.0,209.0,1,Not Hispanic or Latino,White,Female,65-74,52.0,Loan originated
1,615000.0,30%-<36%,825000.0,185.0,1,Not Hispanic or Latino,White,Female,55-64,75.0,Loan originated
1,435000.0,30%-<36%,535000.0,227.0,1,Not Hispanic or Latino,Asian,Male,45-54,80.0,Loan originated
1,355000.0,30%-<36%,655000.0,175.0,1,Not Hispanic or Latino,Black or African American,Female,65-74,54.378,Loan originated
1,1095000.0,20%-<30%,1595000.0,776.0,1,Not Hispanic or Latino,White,Female,65-74,68.72,Loan originated
1,575000.0,49,765000.0,138.0,1,Not Hispanic or Latino,Asian,Male,35-44,75.0,Loan originated
1,505000.0,49,535000.0,101.0,1,Not Hispanic or Latino,Asian,Male,35-44,95.0,Loan originated
1,455000.0,50%-60%,515000.0,89.0,1,Hispanic or Latino,White,Male,35-44,88.487,Loan originated
1,635000.0,41,795000.0,166.0,1,Not Hispanic or Latino,White,Male,35-44,80.0,Loan originated
1,465000.0,36,525000.0,168.0,1,Not Hispanic or Latino,White,Female,35-44,90.0,Loan originated
1,725000.0,30%-<36%,825000.0,219.0,1,Not Hispanic or Latino,Asian,Male,25-34,87.468,Loan originated
1,475000.0,20%-<30%,595000.0,347.0,1,Hispanic or Latino,White,Male,25-34,80.0,Loan originated
1,615000.0,30%-<36%,775000.0,190.0,1,Not Hispanic or Latino,White,Male,25-34,79.99,Loan originated
1,505000.0,30%-<36%,525000.0,135.0,1,Not Hispanic or Latino,Asian,Male,25-34,97.0,Loan originated
1,115000.0,30%-<36%,125000.0,41.0,1,Hispanic or Latino,White,Male,55-64,96.999,Loan originated
1,335000.0,49,355000.0,71.0,1,Hispanic or Latino,White,Male,45-54,95.0,Loan originated
1,405000.0,44,1005000.0,139.0,1,Not Hispanic or Latino,White,Male,45-54,60.0,Loan originated
1,435000.0,40,465000.0,123.0,1,Not Hispanic or Latino,White,Female,25-34,92.474,Loan originated
1,275000.0,49,345000.0,64.0,1,Not Hispanic or Latino,Asian,Female,25-34,78.95,Loan originated
1,345000.0,49,385000.0,67.0,1,Hispanic or Latino,White,Female,<25,90.0,Loan originated
1,595000.0,49,625000.0,137.0,1,Hispanic or Latino,White,Male,35-44,94.713,Loan originated
1,505000.0,47,535000.0,122.0,1,Not Hispanic or Latino,White,Male,35-44,95.0,Loan originated
1,1025000.0,39,1365000.0,296.0,1,Not Hispanic or Latino,Asian,Male,25-34,75.0,Loan originated
1,365000.0,42,1135000.0,267.0,1,Not Hispanic or Latino,White,Male,65-74,32.301,Loan originated
1,435000.0,20%-<30%,545000.0,165.0,1,Not Hispanic or Latino,White,Male,35-44,80.0,Loan originated
1,425000.0,50%-60%,525000.0,172.0,1,Hispanic or Latino,White,Male,35-44,80.0,Application denied
1,405000.0,45,565000.0,166.0,1,Not Hispanic or Latino,White,Male,45-54,71.429,Loan originated
1,385000.0,43,405000.0,91.0,1,Hispanic or Latino,White,Male,25-34,95.0,Loan originated
1,745000.0,45,935000.0,193.0,1,Not Hispanic or Latino,White,Female,35-44,80.0,Loan originated
1,395000.0,47,555000.0,86.0,1,Not Hispanic or Latino,Asian,Female,35-44,70.956,Loan originated
1,755000.0,49,845000.0,331.0,1,Not Hispanic or Latino,White,Male,35-44,90.0,Loan originated
1,175000.0,42,195000.0,54.0,1,Not Hispanic or Latino,White,Female,25-34,91.718,Application denied
1,815000.0,20%-<30%,905000.0,330.0,1,Not Hispanic or Latino,White,Female,35-44,90.0,Loan originated
1,275000.0,47,775000.0,110.0,1,Hispanic or Latino,White,Female,25-34,36.04,Loan originated
1,625000.0,37,935000.0,381.0,1,Not Hispanic or Latino,White,Male,45-54,66.845,Application denied
1,305000.0,20%-<30%,705000.0,188.0,1,Not Hispanic or Latino,Asian,Male,25-34,43.262,Loan originated
1,915000.0,44,965000.0,234.0,1,Not Hispanic or Latino,White,Male,25-34,95.0,Loan originated
1,455000.0,30%-<36%,565000.0,180.0,1,Not Hispanic or Latino,White,Male,55-64,80.0,Loan originated
1,495000.0,42,595000.0,121.0,1,Not Hispanic or Latino,White,Female,<25,83.258,Loan originated
1,755000.0,45,775000.0,166.0,1,Not Hispanic or Latino,Asian,Male,35-44,96.465,Loan originated
1,425000.0,47,505000.0,82.0,1,Hispanic or Latino,White,Female,35-44,87.16,Loan originated
1,425000.0,48,485000.0,105.0,1,Not Hispanic or Latino,White,Male,55-64,88.14,Loan originated
1,955000.0,40,1245000.0,237.0,1,Not Hispanic or Latino,White,Male,25-34,77.18,Loan originated
1,345000.0,48,965000.0,102.0,1,Not Hispanic or Latino,White,Female,45-54,35.677,Loan originated
1,765000.0,48,1075000.0,160.0,1,Not Hispanic or Latino,Asian,Male,35-44,71.46,Loan originated
1,1075000.0,48,1395000.0,257.0,1,Not Hispanic or Latino,Black or African American,Male,35-44,76.769,Loan originated
1,375000.0,48,395000.0,116.0,1,Hispanic or Latino,White,Female,<25,98.33,Loan originated
1,165000.0,44,305000.0,33.0,1,Hispanic or Latino,White,Female,25-34,53.0,Loan originated
1,365000.0,42,725000.0,95.0,1,Not Hispanic or Latino,White,Male,25-34,49.98,Loan originated
1,305000.0,<20%,655000.0,180.0,1,Not Hispanic or Latino,Asian,Female,65-74,46.0,Loan originated
1,455000.0,48,485000.0,128.0,1,Not Hispanic or Latino,White,Male,25-34,95.0,Loan originated
1,485000.0,>60%,735000.0,55.0,1,Hispanic or Latino,White,Female,45-54,66.0,Application denied
1,325000.0,47,435000.0,99.0,1,Hispanic or Latino,White,Female,25-34,95.0,Loan originated
1,705000.0,45,2245000.0,381.0,1,Not Hispanic or Latino,Asian,Male,45-54,31.216,Loan originated
1,555000.0,20%-<30%,695000.0,255.0,1,Not Hispanic or Latino,White,Female,45-54,80.0,Loan originated
1,575000.0,42,885000.0,192.0,1,Not Hispanic or Latino,Asian,Male,55-64,65.0,Loan originated
1,485000.0,30%-<36%,515000.0,187.0,1,Not Hispanic or Latino,White,Male,45-54,95.0,Loan originated
1,625000.0,41,625000.0,172.0,1,Not Hispanic or Latino,White,Male,25-34,100.0,Loan originated
1,605000.0,30%-<36%,1805000.0,427.0,1,Not Hispanic or Latino,White,Male,55-64,34.0,Loan originated
1,505000.0,42,535000.0,160.0,1,Not Hispanic or Latino,White,Male,35-44,95.0,Loan originated
1,355000.0,49,875000.0,77.0,1,Not Hispanic or Latino,Asian,Female,25-34,40.0,Loan originated
1,655000.0,39,875000.0,176.0,1,Not Hispanic or Latino,White,Female,55-64,75.0,Loan originated
1,225000.0,30%-<36%,395000.0,144.0,1,Not Hispanic or Latino,White,Male,65-74,56.902,Loan originated
1,165000.0,>60%,235000.0,70.0,1,Hispanic or Latino,White,Male,45-54,68.84,Application denied
1,1065000.0,39,1515000.0,250.0,1,Hispanic or Latino,White,Male,25-34,70.2,Loan originated
1,445000.0,45,555000.0,137.0,1,Hispanic or Latino,White,Male,45-54,80.0,Loan originated
1,915000.0,30%-<36%,1175000.0,237.0,1,Not Hispanic or Latino,White,Male,45-54,77.872,Loan originated
1,545000.0,49,585000.0,108.0,1,Not Hispanic or Latino,Asian,Female,25-34,93.103,Loan originated
1,315000.0,30%-<36%,415000.0,105.0,1,Not Hispanic or Latino,White,Male,35-44,76.63,Loan originated
1,435000.0,48,545000.0,122.0,1,Not Hispanic or Latino,Asian,Female,35-44,80.0,Loan originated
1,425000.0,40,535000.0,154.0,1,Hispanic or Latino,White,Female,35-44,80.0,Loan originated
1,235000.0,20%-<30%,995000.0,96.0,1,Not Hispanic or Latino,White,Male,>74,24.0,Loan originated
1,575000.0,49,715000.0,125.0,1,Not Hispanic or Latino,White,Female,45-54,80.0,Loan originated
1,1125000.0,50%-60%,1625000.0,195.0,1,Not Hispanic or Latino,Asian,Male,25-34,69.136,Loan originated
1,575000.0,47,725000.0,159.0,1,Not Hispanic or Latino,White,Female,35-44,80.0,Loan originated
1,1145000.0,39,1495000.0,289.0,1,Not Hispanic or Latino,White,Female,35-44,76.651,Loan originated
1,375000.0,30%-<36%,395000.0,124.0,1,Hispanic or Latino,White,Female,45-54,95.0,Loan originated
1,435000.0,49,795000.0,90.0,1,Not Hispanic or Latino,Asian,Female,25-34,54.717,Loan originated
1,455000.0,48,565000.0,99.0,1,Not Hispanic or Latino,White,Female,35-44,80.0,Loan originated
1,665000.0,49,865000.0,172.0,1,Hispanic or Latino,White,Male,45-54,76.879,Loan originated
1,125000.0,40,235000.0,50.0,1,Hispanic or Latino,White,Female,55-64,53.19,Loan originated
1,505000.0,>60%,1245000.0,24.0,1,Not Hispanic or Latino,Asian,Female,45-54,40.07,Application denied
1,285000.0,20%-<30%,355000.0,111.0,1,Not Hispanic or Latino,American Indian or Alaska Native,Male,55-64,80.0,Loan originated
1,175000.0,40,175000.0,65.0,1,Not Hispanic or Latino,White,Male,35-44,97.0,Loan originated
1,245000.0,20%-<30%,305000.0,108.0,1,Hispanic or Latino,White,Male,45-54,80.0,Loan originated
1,675000.0,44,745000.0,162.0,1,Not Hispanic or Latino,Asian,Male,35-44,90.0,Loan originated
1,1045000.0,40,1605000.0,297.0,1,Not Hispanic or Latino,Asian,Male,25-34,65.0,Loan originated
1,215000.0,48,265000.0,117.0,1,Not Hispanic or Latino,White,Female,>74,80.0,Loan originated
1,1055000.0,30%-<36%,1655000.0,388.0,1,Not Hispanic or Latino,White,Male,55-64,63.444,Loan originated
1,695000.0,44,875000.0,223.0,1,Not Hispanic or Latino,Asian,Female,35-44,80.0,Loan originated
1,1125000.0,40,1605000.0,251.0,1,Not Hispanic or Latino,Asian,Male,35-44,70.0,Loan originated
1,335000.0,<20%,835000.0,306.0,1,Not Hispanic or Latino,Asian,Female,45-54,39.76,Loan originated
1,185000.0,30%-<36%,985000.0,104.0,1,Not Hispanic or Latino,White,Female,65-74,18.946,Loan originated
1,1125000.0,30%-<36%,1525000.0,309.0,1,Not Hispanic or Latino,Asian,Male,25-34,73.44,Loan originated
1,305000.0,20%-<30%,1125000.0,144.0,1,Not Hispanic or Latino,Asian,Male,65-74,26.67,Loan originated
1,365000.0,45,555000.0,146.0,1,Not Hispanic or Latino,White,Male,35-44,67.0,Loan originated
1,515000.0,30%-<36%,545000.0,134.0,1,Not Hispanic or Latino,Asian,Female,25-34,95.0,Loan originated
1,205000.0,38,215000.0,66.0,1,Not Hispanic or Latino,White,Male,55-64,100.0,Loan originated
1,495000.0,42,555000.0,157.0,1,Hispanic or Latino,White,Male,25-34,90.0,Loan originated
1,235000.0,39,1125000.0,101.0,1,Not Hispanic or Latino,White,Female,55-64,21.0,Loan originated
1,695000.0,47,865000.0,177.0,1,Not Hispanic or Latino,White,Male,25-34,79.81,Loan originated
1,735000.0,38,775000.0,200.0,1,Hispanic or Latino,White,Male,35-44,95.0,Loan originated
1,735000.0,48,775000.0,151.0,1,Hispanic or Latino,White,Male,45-54,95.0,Loan originated
1,865000.0,48,1085000.0,190.0,1,Not Hispanic or Latino,Asian,Male,45-54,80.0,Loan originated
1,535000.0,48,565000.0,127.0,1,Not Hispanic or Latino,White,Male,35-44,95.0,Loan originated
1,665000.0,38,705000.0,169.0,1,Hispanic or Latino,White,Male,<25,95.0,Loan originated
1,345000.0,36,485000.0,126.0,1,Not Hispanic or Latino,White,Female,35-44,72.01,Loan originated
1,995000.0,40,1345000.0,276.0,1,Hispanic or Latino,White,Male,35-44,73.881,Loan originated
1,765000.0,38,1265000.0,220.0,1,Not Hispanic or Latino,Asian,Male,35-44,60.33,Loan originated
1,545000.0,39,745000.0,168.0,1,Not Hispanic or Latino,Asian,Male,35-44,73.299,Loan originated
1,925000.0,44,1165000.0,343.0,1,Not Hispanic or Latino,White,Male,25-34,80.0,Loan originated
1,705000.0,36,885000.0,232.0,1,Not Hispanic or Latino,White,Male,35-44,80.0,Loan originated
1,345000.0,43,665000.0,87.0,1,Not Hispanic or Latino,White,Female,25-34,51.737,Loan originated
1,705000.0,48,835000.0,180.0,1,Not Hispanic or Latino,2 or more minority races,Male,35-44,85.0,Loan originated
1,185000.0,30%-<36%,215000.0,74.0,1,Hispanic or Latino,White,Male,25-34,85.0,Loan originated
1,1005000.0,49,3355000.0,291.0,1,Not Hispanic or Latino,White,Male,45-54,30.037,Loan originated
1,505000.0,39,675000.0,166.0,1,Not Hispanic or Latino,Asian,Male,25-34,75.0,Loan originated
1,385000.0,37,425000.0,96.0,1,Not Hispanic or Latino,White,Male,25-34,90.0,Loan originated
1,455000.0,44,805000.0,196.0,1,Not Hispanic or Latino,Asian,Female,45-54,56.25,Loan originated
1,535000.0,30%-<36%,665000.0,148.0,1,Not Hispanic or Latino,Asian,Male,55-64,80.0,Loan originated
1,905000.0,48,955000.0,203.0,1,Not Hispanic or Latino,Asian,Male,25-34,95.0,Loan originated
1,325000.0,30%-<36%,435000.0,120.0,1,Not Hispanic or Latino,White,Male,55-64,75.0,Loan originated
1,555000.0,47,2055000.0,237.0,1,Not Hispanic or Latino,Asian,Male,25-34,26.829,Loan originated
1,325000.0,39,475000.0,117.0,1,Not Hispanic or Latino,Asian,Female,35-44,68.747,Loan originated
1,255000.0,30%-<36%,265000.0,130.0,1,Not Hispanic or Latino,White,Male,25-34,93.851,Loan originated
1,515000.0,39,535000.0,156.0,1,Not Hispanic or Latino,White,Female,35-44,97.0,Loan originated
1,375000.0,46,475000.0,159.0,1,Not Hispanic or Latino,White,Female,55-64,78.99,Loan originated
1,765000.0,48,1075000.0,212.0,1,Not Hispanic or Latino,White,Male,35-44,72.0,Loan originated
1,575000.0,20%-<30%,715000.0,458.0,1,Not Hispanic or Latino,White,Male,25-34,79.704,Loan originated
1,985000.0,45,1235000.0,207.0,1,Hispanic or Latino,White,Male,25-34,80.0,Loan originated
1,455000.0,44,605000.0,120.0,1,Not Hispanic or Latino,White,Female,35-44,75.0,Loan originated
1,345000.0,46,365000.0,70.0,1,Not Hispanic or Latino,Black or African American,Female,45-54,97.0,Loan originated
1,355000.0,45,595000.0,79.0,1,Not Hispanic or Latino,White,Female,65-74,60.0,Loan originated
1,215000.0,44,265000.0,59.0,1,Not Hispanic or Latino,White,Female,45-54,80.0,Loan originated
1,365000.0,42,385000.0,89.0,1,Hispanic or Latino,White,Male,25-34,95.0,Loan originated
1,745000.0,40,835000.0,193.0,1,Hispanic or Latino,White,Male,25-34,90.0,Loan originated
1,715000.0,49,955000.0,145.0,1,Hispanic or Latino,White,Male,45-54,75.0,Loan originated
1,305000.0,42,355000.0,75.0,1,Hispanic or Latino,White,Female,55-64,84.219,Loan originated
1,765000.0,30%-<36%,1255000.0,227.0,1,Not Hispanic or Latino,Asian,Male,35-44,62.0,Loan originated
1,725000.0,38,915000.0,210.0,1,Not Hispanic or Latino,Asian,Male,35-44,80.0,Loan originated
1,555000.0,41,585000.0,156.0,1,Hispanic or Latino,White,Male,35-44,98.325,Loan originated
1,365000.0,30%-<36%,505000.0,217.0,1,Not Hispanic or Latino,White,Male,25-34,72.0,Loan originated
1,145000.0,30%-<36%,175000.0,121.0,1,Hispanic or Latino,White,Male,45-54,80.53,Loan originated
1,765000.0,44,955000.0,166.0,1,Not Hispanic or Latino,Asian,Male,35-44,80.0,Loan originated
1,885000.0,38,1265000.0,232.0,1,Hispanic or Latino,White,Male,35-44,70.0,Loan originated
1,705000.0,30%-<36%,935000.0,220.0,1,Not Hispanic or Latino,Asian,Male,25-34,75.0,Loan originated
1,755000.0,30%-<36%,2485000.0,273.0,1,Not Hispanic or Latino,White,Male,25-34,30.242,Loan originated
1,275000.0,37,285000.0,36.0,1,Hispanic or Latino,Asian,Male,35-44,96.43,Application denied
1,455000.0,37,565000.0,147.0,1,Not Hispanic or Latino,White,Female,45-54,80.0,Loan originated
1,415000.0,49,565000.0,98.0,1,Not Hispanic or Latino,White,Female,55-64,73.26,Loan originated
1,875000.0,20%-<30%,1425000.0,301.0,1,Not Hispanic or Latino,Asian,Male,35-44,61.26,Loan originated
1,855000.0,37,1155000.0,276.0,1,Not Hispanic or Latino,Asian,Female,25-34,73.913,Loan originated
1,605000.0,>60%,755000.0,312.0,1,Not Hispanic or Latino,White,Male,45-54,80.0,Application denied
1,915000.0,30%-<36%,1055000.0,573.0,1,Not Hispanic or Latino,Asian,Male,25-34,87.0,Loan originated
1,925000.0,45,1025000.0,256.0,1,Hispanic or Latino,White,Male,55-64,90.0,Loan originated
1,605000.0,37,1605000.0,328.0,1,Not Hispanic or Latino,Asian,Female,35-44,37.5,Loan originated
1,415000.0,48,505000.0,142.0,1,Hispanic or Latino,Asian,Male,25-34,81.583,Loan originated
1,495000.0,30%-<36%,845000.0,151.0,1,Not Hispanic or Latino,White,Female,35-44,58.775,Loan originated
1,405000.0,20%-<30%,505000.0,309.0,1,Not Hispanic or Latino,Asian,Male,45-54,80.0,Loan originated
1,505000.0,43,625000.0,133.0,1,Not Hispanic or Latino,White,Female,45-54,80.0,Loan originated
1,405000.0,48,535000.0,100.0,1,Not Hispanic or Latino,Asian,Male,25-34,75.0,Loan originated
1,495000.0,49,625000.0,118.0,1,Hispanic or Latino,White,Female,45-54,80.0,Loan originated
1,355000.0,30%-<36%,485000.0,157.0,1,Not Hispanic or Latino,White,Female,35-44,73.0,Loan originated
1,795000.0,49,1055000.0,338.0,1,Not Hispanic or Latino,Asian,Male,<25,75.0,Loan originated
1,245000.0,37,1445000.0,101.0,1,Not Hispanic or Latino,Asian,Male,65-74,16.667,Loan originated
1,655000.0,20%-<30%,775000.0,209.0,1,Not Hispanic or Latino,White,Male,45-54,85.0,Loan originated
1,745000.0,49,835000.0,180.0,1,Not Hispanic or Latino,White,Male,55-64,89.88,Loan originated
1,205000.0,>60%,3005000.0,107.0,1,Not Hispanic or Latino,Asian,Male,55-64,6.667,Application denied
1,365000.0,38,465000.0,114.0,1,Not Hispanic or Latino,Asian,Male,35-44,80.0,Loan originated
1,425000.0,49,575000.0,127.0,1,Hispanic or Latino,White,Male,45-54,75.0,Loan originated
1,505000.0,20%-<30%,765000.0,227.0,1,Not Hispanic or Latino,White,Male,35-44,65.359,Application denied
1,1135000.0,45,1345000.0,280.0,1,Not Hispanic or Latino,Asian,Male,35-44,85.0,Loan originated
1,565000.0,39,595000.0,144.0,1,Not Hispanic or Latino,White,Male,45-54,95.0,Loan originated
1,455000.0,48,565000.0,92.0,1,Not Hispanic or Latino,Asian,Male,35-44,80.0,Loan originated
1,155000.0,49,175000.0,83.0,1,Hispanic or Latino,White,Male,<25,91.05,Application denied
1,475000.0,45,495000.0,102.0,1,Not Hispanic or Latino,White,Male,<25,95.0,Loan originated
1,615000.0,39,725000.0,181.0,1,Not Hispanic or Latino,White,Male,35-44,85.0,Loan originated
1,425000.0,47,545000.0,108.0,1,Hispanic or Latino,White,Male,25-34,97.0,Loan originated
1,805000.0,36,1005000.0,205.0,1,Not Hispanic or Latino,Asian,Male,25-34,80.0,Loan originated
1,285000.0,48,465000.0,80.0,1,Hispanic or Latino,White,Male,25-34,62.93,Loan originated
1,655000.0,43,695000.0,133.0,1,Hispanic or Latino,Black or African American,Female,35-44,94.988,Loan originated
1,405000.0,45,435000.0,81.0,1,Not Hispanic or Latino,White,Male,45-54,95.0,Loan originated
1,225000.0,30%-<36%,285000.0,110.0,1,Not Hispanic or Latino,White,Female,35-44,80.0,Loan originated
1,55000.0,50%-60%,75000.0,30.0,1,Not Hispanic or Latino,White,Female,65-74,67.05,Application denied
1,765000.0,49,985000.0,234.0,1,Not Hispanic or Latino,White,Male,45-54,78.163,Loan originated
1,405000.0,47,435000.0,116.0,1,Not Hispanic or Latino,Asian,Male,45-54,94.0,Loan originated
1,555000.0,<20%,835000.0,449.0,1,Not Hispanic or Latino,White,Male,55-64,65.632,Loan originated
1,285000.0,44,365000.0,70.0,1,Hispanic or Latino,White,Male,35-44,80.0,Loan originated
1,365000.0,49,375000.0,129.0,1,Not Hispanic or Latino,White,Female,55-64,97.0,Loan originated
1,395000.0,42,495000.0,90.0,1,Not Hispanic or Latino,Asian,Female,25-34,80.0,Loan originated
1,925000.0,36,1155000.0,271.0,1,Not Hispanic or Latino,White,Male,35-44,80.0,Loan originated
1,725000.0,49,705000.0,208.0,1,Not Hispanic or Latino,Asian,Female,25-34,94.0,Loan originated
1,745000.0,44,825000.0,202.0,1,Not Hispanic or Latino,White,Male,25-34,90.0,Loan originated
1,275000.0,36,345000.0,153.0,1,Hispanic or Latino,White,Male,25-34,80.0,Loan originated
1,985000.0,20%-<30%,1095000.0,581.0,1,Not Hispanic or Latino,White,Male,45-54,90.0,Application denied
1,355000.0,47,445000.0,83.0,1,Not Hispanic or Latino,White,Male,35-44,79.999,Loan originated
1,975000.0,38,1155000.0,244.0,1,Not Hispanic or Latino,White,Female,35-44,85.0,Loan originated
1,555000.0,49,575000.0,162.0,1,Hispanic or Latino,White,Female,25-34,97.0,Loan originated
1,445000.0,38,465000.0,106.0,1,Not Hispanic or Latino,Black or African American,Male,35-44,96.31,Loan originated
1,545000.0,46,675000.0,125.0,1,Hispanic or Latino,White,Female,25-34,83.0,Loan originated
1,455000.0,30%-<36%,655000.0,144.0,1,Not Hispanic or Latino,White,Female,45-54,68.849,Loan originated
1,565000.0,30%-<36%,705000.0,196.0,1,Not Hispanic or Latino,White,Female,25-34,80.0,Loan originated
1,405000.0,47,1285000.0,106.0,1,Not Hispanic or Latino,White,Female,65-74,31.128,Loan originated
1,925000.0,37,1345000.0,252.0,1,Not Hispanic or Latino,Asian,Male,45-54,69.13,Loan originated
1,405000.0,30%-<36%,535000.0,150.0,1,Not Hispanic or Latino,Asian,Female,25-34,75.0,Loan originated
1,455000.0,41,485000.0,108.0,1,Hispanic or Latino,White,Female,25-34,94.0,Application denied
1,525000.0,45,545000.0,119.0,1,Hispanic or Latino,White,Female,25-34,95.0,Loan originated
1,215000.0,40,275000.0,82.0,1,Hispanic or Latino,White,Female,25-34,80.0,Application denied
1,305000.0,36,1205000.0,112.0,1,Not Hispanic or Latino,White,Male,65-74,25.0,Loan originated
1,555000.0,41,925000.0,163.0,1,Not Hispanic or Latino,Asian,Male,45-54,60.0,Loan originated
1,715000.0,20%-<30%,1215000.0,425.0,1,Not Hispanic or Latino,White,Male,35-44,58.678,Loan originated
1,475000.0,42,535000.0,130.0,1,Hispanic or Latino,White,Male,55-64,89.327,Loan originated
1,575000.0,49,685000.0,128.0,1,Hispanic or Latino,White,Male,25-34,85.0,Loan originated
1,485000.0,39,605000.0,130.0,1,Not Hispanic or Latino,White,Male,35-44,80.0,Loan originated
1,775000.0,30%-<36%,865000.0,283.0,1,Not Hispanic or Latino,Asian,Female,25-34,89.595,Loan originated
1,295000.0,49,305000.0,57.0,1,Not Hispanic or Latino,White,Male,<25,96.92,Loan originated
1,925000.0,50%-60%,1155000.0,220.0,1,Not Hispanic or Latino,White,Male,45-54,80.0,Loan originated
1,355000.0,36,445000.0,100.0,1,Hispanic or Latino,White,Female,35-44,80.0,Loan originated
1,555000.0,49,605000.0,104.0,1,Not Hispanic or Latino,White,Male,35-44,95.004,Loan originated
1,1005000.0,45,1155000.0,306.0,1,Not Hispanic or Latino,2 or more minority races,Male,25-34,88.0,Loan originated
1,125000.0,47,425000.0,120.0,1,Hispanic or Latino,White,Male,45-54,30.07,Loan originated
1,485000.0,39,515000.0,117.0,1,Hispanic or Latino,White,Male,35-44,95.0,Loan originated
1,355000.0,30%-<36%,655000.0,252.0,1,Not Hispanic or Latino,White,Male,>74,53.846,Loan originated
1,205000.0,48,215000.0,146.0,1,Hispanic or Latino,White,Male,<25,98.81,Loan originated
1,175000.0,30%-<36%,225000.0,109.0,1,Not Hispanic or Latino,White,Male,35-44,80.0,Loan originated
1,675000.0,48,1615000.0,180.0,1,Not Hispanic or Latino,Asian,Female,25-34,41.79,Loan originated
1,145000.0,<20%,195000.0,140.0,1,Not Hispanic or Latino,White,Female,65-74,73.05,Loan originated
1,335000.0,45,355000.0,428.0,1,Not Hispanic or Latino,White,Male,45-54,95.0,Loan originated
1,475000.0,30%-<36%,595000.0,163.0,1,Not Hispanic or Latino,Asian,Male,25-34,80.0,Loan originated
1,355000.0,37,705000.0,276.0,1,Not Hispanic or Latino,White,Male,55-64,50.58,Loan originated
1,475000.0,30%-<36%,595000.0,150.0,1,Not Hispanic or Latino,White,Female,25-34,80.0,Loan originated
1,385000.0,44,415000.0,108.0,1,Not Hispanic or Latino,White,Female,25-34,95.0,Loan originated
1,565000.0,49,765000.0,123.0,1,Not Hispanic or Latino,White,Female,35-44,73.684,Loan originated
1,975000.0,30%-<36%,1305000.0,450.0,1,Not Hispanic or Latino,White,Male,35-44,88.462,Loan originated
1,315000.0,49,535000.0,63.0,1,Not Hispanic or Latino,White,Female,45-54,60.0,Loan originated
1,485000.0,47,605000.0,111.0,1,Hispanic or Latino,White,Female,25-34,80.0,Application denied
1,495000.0,48,525000.0,127.0,1,Not Hispanic or Latino,White,Male,25-34,94.97,Loan originated
1,315000.0,49,325000.0,59.0,1,Hispanic or Latino,White,Male,35-44,100.0,Application denied
1,1235000.0,46,1645000.0,304.0,1,Not Hispanic or Latino,White,Male,35-44,75.0,Application denied
1,485000.0,49,605000.0,120.0,1,Not Hispanic or Latino,White,Female,25-34,80.0,Loan originated
1,625000.0,49,695000.0,127.0,1,Not Hispanic or Latino,Asian,Male,55-64,90.0,Loan originated
1,735000.0,49,855000.0,147.0,1,Hispanic or Latino,White,Female,55-64,85.882,Loan originated
1,665000.0,47,695000.0,171.0,1,Hispanic or Latino,Asian,Female,45-54,95.0,Loan originated
1,135000.0,45,565000.0,70.0,1,Not Hispanic or Latino,White,Male,45-54,24.107,Loan originated
1,205000.0,>60%,515000.0,29.0,1,Hispanic or Latino,White,Female,45-54,39.972,Application denied
1,475000.0,48,495000.0,114.0,1,Hispanic or Latino,White,Female,25-34,95.0,Loan originated
1,1085000.0,42,1355000.0,318.0,1,Not Hispanic or Latino,White,Male,45-54,80.0,Application denied
1,465000.0,46,485000.0,141.0,1,Not Hispanic or Latino,White,Female,35-44,95.0,Loan originated
1,545000.0,46,565000.0,150.0,1,Hispanic or Latino,White,Male,25-34,97.0,Loan originated
1,855000.0,37,1075000.0,227.0,1,Not Hispanic or Latino,Asian,Male,25-34,80.0,Loan originated
1,295000.0,49,595000.0,209.0,1,Not Hispanic or Latino,Asian,Male,35-44,49.787,Loan originated
1,395000.0,37,445000.0,107.0,1,Hispanic or Latino,White,Male,25-34,88.764,Loan originated
1,305000.0,47,435000.0,66.0,1,Hispanic or Latino,White,Female,45-54,72.023,Loan originated
1,495000.0,39,705000.0,136.0,1,Not Hispanic or Latino,Black or African American,Female,65-74,70.0,Loan originated
1,655000.0,47,725000.0,333.0,1,Not Hispanic or Latino,White,Male,25-34,90.0,Application denied
1,135000.0,20%-<30%,335000.0,65.0,1,Not Hispanic or Latino,White,Male,65-74,39.4,Loan originated
1,755000.0,30%-<36%,1275000.0,255.0,1,Not Hispanic or Latino,White,Male,45-54,58.64,Loan originated
1,315000.0,46,325000.0,95.0,1,Not Hispanic or Latino,Asian,Male,35-44,101.94,Loan originated
1,895000.0,49,1285000.0,358.0,1,Not Hispanic or Latino,Asian,Female,45-54,70.0,Loan originated
1,95000.0,44,175000.0,43.0,1,Not Hispanic or Latino,White,Female,65-74,51.43,Loan originated
1,595000.0,43,695000.0,160.0,1,Not Hispanic or Latino,White,Female,25-34,85.0,Loan originated
1,735000.0,30%-<36%,925000.0,254.0,1,Hispanic or Latino,White,Male,45-54,80.0,Loan originated
1,685000.0,44,825000.0,163.0,1,Not Hispanic or Latino,White,Male,25-34,84.0,Loan originated
1,485000.0,50%-60%,615000.0,180.0,1,Not Hispanic or Latino,Asian,Male,25-34,80.0,Application denied
1,1145000.0,37,1435000.0,366.0,1,Not Hispanic or Latino,Asian,Male,25-34,80.0,Loan originated
1,365000.0,44,465000.0,85.0,1,Not Hispanic or Latino,White,Male,25-34,80.0,Loan originated
1,685000.0,46,855000.0,194.0,1,Hispanic or Latino,White,Male,25-34,80.0,Loan originated
1,465000.0,38,475000.0,156.0,1,Not Hispanic or Latino,White,Male,35-44,97.0,Loan originated
1,435000.0,42,585000.0,181.0,1,Not Hispanic or Latino,Asian,Male,45-54,75.0,Loan originated
1,875000.0,37,1245000.0,228.0,1,Not Hispanic or Latino,Asian,Male,35-44,70.0,Loan originated
1,415000.0,43,435000.0,101.0,1,Not Hispanic or Latino,Asian,Male,35-44,97.0,Loan originated
1,225000.0,42,285000.0,58.0,1,Not Hispanic or Latino,White,Male,65-74,80.0,Loan originated
1,135000.0,46,155000.0,121.0,1,Hispanic or Latino,White,Male,35-44,90.0,Loan originated
1,455000.0,30%-<36%,705000.0,129.0,1,Not Hispanic or Latino,White,Male,35-44,64.28,Loan originated
1,525000.0,46,555000.0,123.0,1,Hispanic or Latino,White,Male,25-34,95.0,Loan originated
1,115000.0,20%-<30%,505000.0,90.0,1,Not Hispanic or Latino,White,Female,35-44,23.366,Loan originated
1,315000.0,45,875000.0,144.0,1,Not Hispanic or Latino,White,Male,45-54,35.35,Application denied
1,495000.0,46,735000.0,162.0,1,Not Hispanic or Latino,White,Male,65-74,67.571,Loan originated
1,525000.0,36,665000.0,159.0,1,Not Hispanic or Latino,White,Female,25-34,100.0,Loan originated
1,355000.0,37,1555000.0,203.0,1,Not Hispanic or Latino,White,Male,65-74,22.581,Loan originated
1,565000.0,42,915000.0,150.0,1,Not Hispanic or Latino,Asian,Male,35-44,61.672,Loan originated
1,575000.0,30%-<36%,715000.0,175.0,1,Not Hispanic or Latino,White,Male,25-34,80.0,Loan originated
1,185000.0,44,375000.0,119.0,1,Not Hispanic or Latino,White,Female,65-74,50.0,Loan originated
1,455000.0,50%-60%,475000.0,127.0,1,Not Hispanic or Latino,Asian,Male,25-34,95.0,Application denied
1,385000.0,43,395000.0,129.0,1,Not Hispanic or Latino,White,Female,65-74,97.0,Loan originated
1,505000.0,36,1005000.0,107.0,1,Hispanic or Latino,White,Male,25-34,50.0,Application denied
1,225000.0,30%-<36%,395000.0,78.0,1,Not Hispanic or Latino,White,Female,65-74,56.88,Loan originated
1,675000.0,49,845000.0,165.0,1,Not Hispanic or Latino,White,Male,>74,80.0,Loan originated
1,1085000.0,30%-<36%,1355000.0,805.0,1,Not Hispanic or Latino,White,Male,25-34,80.0,Loan originated
1,595000.0,45,665000.0,202.0,1,Not Hispanic or Latino,Black or African American,Male,55-64,90.0,Loan originated
1,435000.0,43,545000.0,128.0,1,Hispanic or Latino,White,Female,55-64,79.996,Loan originated
1,1005000.0,20%-<30%,1305000.0,372.0,1,Not Hispanic or Latino,White,Male,25-34,76.92,Loan originated
1,315000.0,46,355000.0,82.0,1,Not Hispanic or Latino,White,Male,25-34,90.0,Loan originated
1,325000.0,45,435000.0,154.0,1,Hispanic or Latino,White,Female,55-64,75.0,Loan originated
1,655000.0,45,1055000.0,160.0,1,Hispanic or Latino,White,Female,45-54,61.905,Loan originated
1,165000.0,36,565000.0,134.0,1,Not Hispanic or Latino,Black or African American,Female,45-54,28.713,Loan originated
1,585000.0,42,725000.0,172.0,1,Not Hispanic or Latino,White,Male,55-64,80.0,Loan originated
1,345000.0,46,435000.0,103.0,1,Not Hispanic or Latino,White,Female,25-34,80.0,Loan originated
1,415000.0,49,435000.0,85.0,1,Not Hispanic or Latino,White,Male,<25,94.5,Loan originated
1,405000.0,43,575000.0,139.0,1,Hispanic or Latino,White,Male,35-44,70.0,Loan originated
1,705000.0,40,885000.0,202.0,1,Not Hispanic or Latino,Asian,Female,25-34,80.0,Loan originated
1,455000.0,44,675000.0,112.0,1,Not Hispanic or Latino,Asian,Female,35-44,66.679,Loan originated
1,845000.0,20%-<30%,1055000.0,546.0,1,Hispanic or Latino,White,Male,25-34,80.0,Loan originated
1,1085000.0,30%-<36%,1805000.0,330.0,1,Not Hispanic or Latino,White,Female,45-54,60.0,Loan originated
1,485000.0,<20%,605000.0,150.0,1,Hispanic or Latino,Asian,Female,35-44,80.0,Application denied
1,285000.0,43,545000.0,134.0,1,Not Hispanic or Latino,White,Male,45-54,52.19,Loan originated
1,365000.0,30%-<36%,455000.0,109.0,1,Not Hispanic or Latino,Asian,Female,25-34,80.0,Loan originated
1,425000.0,46,525000.0,84.0,1,Hispanic or Latino,White,Male,45-54,80.0,Loan originated
1,275000.0,20%-<30%,475000.0,131.0,1,Not Hispanic or Latino,White,Female,45-54,57.627,Loan originated
1,595000.0,50%-60%,625000.0,109.0,1,Hispanic or Latino,White,Male,35-44,94.665,Loan originated
1,335000.0,43,365000.0,100.0,1,Hispanic or Latino,Asian,Male,35-44,91.781,Loan originated
1,325000.0,48,605000.0,107.0,1,Not Hispanic or Latino,White,Male,55-64,83.33,Loan originated
1,725000.0,48,1315000.0,169.0,1,Not Hispanic or Latino,White,Male,25-34,55.344,Loan originated
1,115000.0,20%-<30%,315000.0,72.0,1,Not Hispanic or Latino,White,Female,55-64,35.484,Loan originated
1,765000.0,47,895000.0,167.0,1,Not Hispanic or Latino,Asian,Male,35-44,85.0,Loan originated
1,1125000.0,47,1415000.0,273.0,1,Not Hispanic or Latino,Asian,Male,35-44,80.0,Loan originated
1,155000.0,49,505000.0,36.0,1,Not Hispanic or Latino,White,Male,>74,30.152,Loan originated
1,475000.0,47,595000.0,125.0,1,Hispanic or Latino,White,Female,35-44,80.0,Loan originated
1,625000.0,46,655000.0,260.0,1,Hispanic or Latino,White,Male,25-34,95.0,Loan originated
1,345000.0,20%-<30%,365000.0,130.0,1,Not Hispanic or Latino,White,Male,55-64,95.0,Loan originated
1,415000.0,45,635000.0,122.0,1,Not Hispanic or Latino,Asian,Female,35-44,65.0,Loan originated
1,475000.0,42,595000.0,144.0,1,Not Hispanic or Latino,Asian,Female,45-54,80.0,Loan originated
1,515000.0,43,685000.0,182.0,1,Not Hispanic or Latino,White,Male,65-74,75.0,Loan originated
1,385000.0,46,635000.0,150.0,1,Hispanic or Latino,White,Female,35-44,60.317,Loan originated
1,1145000.0,20%-<30%,1705000.0,587.0,1,Not Hispanic or Latino,White,Male,55-64,67.64,Loan originated
1,655000.0,36,1305000.0,380.0,1,Not Hispanic or Latino,Asian,Female,25-34,50.0,Loan originated
1,405000.0,49,435000.0,110.0,1,Not Hispanic or Latino,Asian,Female,<25,94.0,Loan originated
1,1125000.0,47,4005000.0,305.0,1,Not Hispanic or Latino,White,Female,55-64,28.0,Loan originated
1,795000.0,39,835000.0,223.0,1,Not Hispanic or Latino,White,Male,25-34,95.0,Loan originated
1,755000.0,50%-60%,795000.0,184.0,1,Not Hispanic or Latino,Black or African American,Female,55-64,94.99,Application denied
1,685000.0,39,855000.0,169.0,1,Not Hispanic or Latino,Asian,Male,35-44,80.0,Loan originated
1,235000.0,43,815000.0,77.0,1,Not Hispanic or Latino,White,Female,25-34,28.076,Loan originated
1,455000.0,30%-<36%,1005000.0,160.0,1,Not Hispanic or Latino,White,Male,35-44,44.821,Loan originated
1,665000.0,20%-<30%,885000.0,417.0,1,Not Hispanic or Latino,Asian,Male,35-44,75.0,Loan originated
1,525000.0,38,1055000.0,165.0,1,Not Hispanic or Latino,Asian,Male,45-54,50.0,Application denied
1,165000.0,48,345000.0,47.0,1,Not Hispanic or Latino,Black or African American,Female,25-34,97.826,Application denied
1,275000.0,20%-<30%,345000.0,104.0,1,Not Hispanic or Latino,White,Female,45-54,80.0,Loan originated
1,65000.0,20%-<30%,75000.0,77.0,1,Hispanic or Latino,White,Female,55-64,92.06,Application denied
1,465000.0,30%-<36%,965000.0,165.0,1,Not Hispanic or Latino,Asian,Female,45-54,48.025,Loan originated
1,205000.0,30%-<36%,905000.0,186.0,1,Not Hispanic or Latino,Asian,Male,35-44,22.22,Loan originated
1,825000.0,44,925000.0,224.0,1,Not Hispanic or Latino,2 or more minority races,Female,25-34,90.0,Loan originated
1,875000.0,47,1475000.0,189.0,1,Not Hispanic or Latino,Asian,Male,35-44,59.322,Loan originated
1,415000.0,42,425000.0,133.0,1,Hispanic or Latino,White,Male,25-34,97.0,Loan originated
1,585000.0,47,735000.0,198.0,1,Not Hispanic or Latino,White,Male,45-54,79.93,Loan originated
1,525000.0,48,755000.0,11.0,1,Not Hispanic or Latino,Asian,Female,35-44,70.0,Loan originated
1,485000.0,43,655000.0,135.0,1,Not Hispanic or Latino,White,Female,55-64,75.0,Loan originated
1,695000.0,39,895000.0,188.0,1,Not Hispanic or Latino,Asian,Female,35-44,77.73,Loan originated
1,385000.0,>60%,765000.0,41.0,1,Not Hispanic or Latino,Asian,Female,45-54,50.0,Application denied
1,995000.0,43,1235000.0,237.0,1,Not Hispanic or Latino,Asian,Female,55-64,80.0,Loan originated
1,375000.0,39,395000.0,130.0,1,Not Hispanic or Latino,White,Male,55-64,95.0,Loan originated
1,755000.0,44,1005000.0,416.0,1,Not Hispanic or Latino,White,Male,55-64,75.0,Loan originated
1,505000.0,48,555000.0,110.0,1,Hispanic or Latino,White,Male,35-44,90.0,Loan originated
1,515000.0,49,645000.0,130.0,1,Not Hispanic or Latino,White,Male,35-44,80.0,Application denied
1,285000.0,44,305000.0,82.0,1,Hispanic or Latino,White,Male,55-64,98.0,Loan originated
1,505000.0,<20%,1105000.0,432.0,1,Not Hispanic or Latino,Asian,Male,45-54,45.45,Loan originated
1,1035000.0,30%-<36%,1295000.0,417.0,1,Not Hispanic or Latino,Asian,Male,55-64,80.0,Loan originated
1,625000.0,>60%,655000.0,99.0,1,Not Hispanic or Latino,White,Female,45-54,95.0,Application denied
1,135000.0,50%-60%,205000.0,89.0,1,Not Hispanic or Latino,White,Male,55-64,65.0,Loan originated
1,405000.0,44,455000.0,95.0,1,Hispanic or Latino,White,Female,25-34,90.0,Loan originated
1,735000.0,36,915000.0,399.0,1,Not Hispanic or Latino,White,Male,25-34,89.99,Loan originated
1,485000.0,37,605000.0,207.0,1,Not Hispanic or Latino,White,Male,35-44,80.0,Application denied
1,425000.0,46,535000.0,12.0,1,Not Hispanic or Latino,Asian,Male,55-64,80.0,Loan originated
1,445000.0,20%-<30%,555000.0,180.0,1,Hispanic or Latino,American Indian or Alaska Native,Male,25-34,80.0,Loan originated
1,745000.0,47,935000.0,160.0,1,Not Hispanic or Latino,Asian,Male,45-54,80.0,Loan originated
1,585000.0,47,645000.0,120.0,1,Not Hispanic or Latino,Asian,Male,25-34,90.0,Loan originated
1,645000.0,20%-<30%,805000.0,234.0,1,Hispanic or Latino,White,Female,35-44,80.0,Loan originated
1,375000.0,39,465000.0,91.0,1,Not Hispanic or Latino,White,Male,35-44,80.0,Loan originated
1,1055000.0,49,1175000.0,225.0,1,Not Hispanic or Latino,White,Female,35-44,89.362,Loan originated
1,305000.0,41,555000.0,114.0,1,Hispanic or Latino,White,Male,45-54,54.545,Loan originated
1,705000.0,>60%,885000.0,123.0,1,Not Hispanic or Latino,White,Male,35-44,80.0,Application denied
1,425000.0,48,545000.0,95.0,1,Not Hispanic or Latino,Asian,Female,35-44,79.33,Loan originated
1,635000.0,20%-<30%,1055000.0,283.0,1,Not Hispanic or Latino,White,Female,25-34,60.0,Loan originated
1,525000.0,49,575000.0,107.0,1,Hispanic or Latino,White,Male,45-54,93.0,Loan originated
1,585000.0,42,655000.0,221.0,1,Not Hispanic or Latino,White,Male,25-34,90.0,Loan originated
1,605000.0,45,655000.0,150.0,1,Not Hispanic or Latino,White,Male,25-34,92.067,Loan originated
1,395000.0,44,495000.0,94.0,1,Not Hispanic or Latino,Asian,Male,55-64,80.0,Loan originated
1,645000.0,37,725000.0,265.0,1,Not Hispanic or Latino,White,Female,25-34,90.0,Loan originated
1,365000.0,49,425000.0,86.0,1,Hispanic or Latino,White,Male,35-44,84.99,Application denied
1,235000.0,44,245000.0,64.0,1,Not Hispanic or Latino,White,Female,25-34,95.0,Loan originated
1,265000.0,36,335000.0,150.0,1,Hispanic or Latino,White,Male,25-34,80.0,Loan originated
1,125000.0,30%-<36%,525000.0,70.0,1,Hispanic or Latino,White,Female,45-54,22.857,Loan originated
1,355000.0,49,725000.0,90.0,1,Not Hispanic or Latino,Asian,Female,55-64,49.18,Loan originated
1,405000.0,47,705000.0,106.0,1,Not Hispanic or Latino,White,Female,>74,57.857,Loan originated
1,125000.0,38,165000.0,38.0,1,Not Hispanic or Latino,White,Female,65-74,78.125,Loan originated
1,1025000.0,44,1075000.0,464.0,1,Not Hispanic or Latino,White,Male,55-64,95.0,Loan originated
1,195000.0,45,425000.0,64.0,1,Not Hispanic or Latino,Black or African American,Female,35-44,102.548,Application denied
1,245000.0,44,545000.0,112.0,1,Not Hispanic or Latino,White,Female,35-44,45.37,Application denied
1,465000.0,49,585000.0,108.0,1,Not Hispanic or Latino,White,Male,25-34,79.31,Loan originated
1,285000.0,39,295000.0,100.0,1,Not Hispanic or Latino,White,Male,25-34,95.0,Loan originated
1,735000.0,47,775000.0,177.0,1,Hispanic or Latino,White,Male,55-64,95.0,Loan originated
1,155000.0,>60%,1505000.0,80.0,1,Not Hispanic or Latino,White,Female,65-74,10.0,Application denied
1,545000.0,44,575000.0,165.0,1,Hispanic or Latino,Asian,Male,25-34,95.0,Loan originated
1,525000.0,48,705000.0,128.0,1,Hispanic or Latino,White,Male,45-54,75.0,Loan originated
1,555000.0,42,705000.0,207.0,1,Not Hispanic or Latino,White,Male,25-34,80.0,Loan originated
1,175000.0,43,575000.0,70.0,1,Hispanic or Latino,American Indian or Alaska Native,Male,35-44,31.292,Loan originated
1,545000.0,38,605000.0,177.0,1,Not Hispanic or Latino,Asian,Male,25-34,90.0,Loan originated
1,765000.0,42,925000.0,246.0,1,Not Hispanic or Latino,White,Male,35-44,83.33,Loan originated
1,355000.0,44,375000.0,95.0,1,Hispanic or Latino,White,Male,35-44,93.33,Application denied
1,545000.0,45,575000.0,166.0,1,Not Hispanic or Latino,White,Male,45-54,95.0,Loan originated
1,235000.0,45,295000.0,99.0,1,Hispanic or Latino,White,Female,25-34,80.0,Loan originated
1,395000.0,40,405000.0,105.0,1,Not Hispanic or Latino,White,Female,35-44,97.0,Loan originated
1,665000.0,39,705000.0,218.0,1,Not Hispanic or Latino,White,Male,35-44,95.0,Loan originated
1,425000.0,30%-<36%,445000.0,141.0,1,Not Hispanic or Latino,White,Male,35-44,95.0,Loan originated
1,315000.0,30%-<36%,415000.0,133.0,1,Hispanic or Latino,White,Male,35-44,75.523,Loan originated
1,505000.0,20%-<30%,785000.0,193.0,1,Not Hispanic or Latino,Asian,Male,55-64,63.86,Loan originated
1,535000.0,41,565000.0,133.0,1,Not Hispanic or Latino,Asian,Female,35-44,95.0,Loan originated
1,575000.0,42,725000.0,184.0,1,Not Hispanic or Latino,Black or African American,Male,45-54,80.0,Loan originated
1,585000.0,43,695000.0,139.0,1,Not Hispanic or Latino,Asian,Male,25-34,85.0,Loan originated
1,345000.0,50%-60%,615000.0,342.0,1,Not Hispanic or Latino,White,Male,<25,67.48,Loan originated
1,395000.0,38,465000.0,99.0,1,Not Hispanic or Latino,White,Female,55-64,85.0,Loan originated
1,415000.0,46,555000.0,105.0,1,Hispanic or Latino,White,Male,55-64,74.324,Loan originated
1,435000.0,49,545000.0,84.0,1,Hispanic or Latino,Asian,Female,35-44,80.0,Loan originated
1,925000.0,38,1165000.0,238.0,1,Not Hispanic or Latino,White,Male,45-54,80.0,Loan originated
1,465000.0,44,1395000.0,172.0,1,Hispanic or Latino,White,Male,25-34,33.405,Loan originated
1,425000.0,45,625000.0,105.0,1,Not Hispanic or Latino,White,Male,25-34,68.0,Loan originated
1,85000.0,20%-<30%,85000.0,75.0,1,Not Hispanic or Latino,Asian,Male,45-54,95.0,Loan originated
1,755000.0,20%-<30%,945000.0,242.0,1,Hispanic or Latino,White,Male,35-44,80.0,Loan originated
1,625000.0,43,1045000.0,201.0,1,Not Hispanic or Latino,White,Male,45-54,59.968,Loan originated
1,485000.0,49,695000.0,130.0,1,Not Hispanic or Latino,Asian,Male,25-34,70.0,Loan originated
1,285000.0,46,315000.0,88.0,1,Hispanic or Latino,American Indian or Alaska Native,Female,25-34,90.346,Loan originated
1,335000.0,39,385000.0,98.0,1,Hispanic or Latino,White,Female,45-54,95.0,Loan originated
1,455000.0,40,735000.0,190.0,1,Not Hispanic or Latino,Asian,Male,25-34,60.992,Loan originated
1,615000.0,42,685000.0,407.0,1,Not Hispanic or Latino,White,Male,35-44,95.0,Loan originated
1,685000.0,42,735000.0,201.0,1,Not Hispanic or Latino,Asian,Female,35-44,93.207,Loan originated
1,645000.0,20%-<30%,805000.0,297.0,1,Not Hispanic or Latino,White,Male,25-34,80.0,Loan originated
1,365000.0,41,385000.0,87.0,1,Not Hispanic or Latino,White,Male,25-34,95.0,Loan originated
1,315000.0,30%-<36%,395000.0,99.0,1,Hispanic or Latino,White,Female,35-44,80.0,Loan originated
1,525000.0,30%-<36%,695000.0,202.0,1,Not Hispanic or Latino,Asian,Female,25-34,75.0,Application denied
1,285000.0,44,355000.0,83.0,1,Not Hispanic or Latino,White,Male,25-34,80.0,Loan originated
1,215000.0,47,245000.0,54.0,1,Hispanic or Latino,White,Female,25-34,90.0,Loan originated
1,395000.0,42,875000.0,105.0,1,Not Hispanic or Latino,Asian,Male,25-34,45.58,Loan originated
1,705000.0,44,955000.0,157.0,1,Not Hispanic or Latino,Asian,Male,25-34,73.684,Loan originated
1,145000.0,47,295000.0,67.0,1,Not Hispanic or Latino,Black or African American,Male,25-34,50.0,Loan originated
1,205000.0,49,315000.0,199.0,1,Not Hispanic or Latino,White,Female,55-64,62.893,Loan originated
1,955000.0,30%-<36%,1195000.0,302.0,1,Not Hispanic or Latino,White,Female,35-44,80.0,Loan originated
1,475000.0,20%-<30%,685000.0,194.0,1,Not Hispanic or Latino,Asian,Male,35-44,69.118,Loan originated
1,455000.0,39,575000.0,238.0,1,Not Hispanic or Latino,White,Female,35-44,80.0,Loan originated
1,525000.0,48,655000.0,142.0,1,Not Hispanic or Latino,White,Female,>74,79.992,Loan originated
1,295000.0,48,315000.0,104.0,1,Hispanic or Latino,White,Male,25-34,95.0,Loan originated
1,355000.0,42,485000.0,93.0,1,Not Hispanic or Latino,Asian,Female,45-54,74.436,Loan originated
1,105000.0,36,165000.0,68.0,1,Not Hispanic or Latino,White,Female,65-74,65.0,Loan originated
1,625000.0,50%-60%,645000.0,121.0,1,Hispanic or Latino,White,Male,45-54,97.0,Loan originated
1,1005000.0,37,1355000.0,269.0,1,Not Hispanic or Latino,White,Female,35-44,74.444,Loan originated
1,405000.0,36,435000.0,108.0,1,Hispanic or Latino,White,Male,25-34,93.103,Loan originated
1,555000.0,48,695000.0,173.0,1,Not Hispanic or Latino,White,Male,35-44,80.0,Loan originated
1,335000.0,49,555000.0,172.0,1,Not Hispanic or Latino,Asian,Male,65-74,60.05,Loan originated
1,465000.0,48,485000.0,166.0,1,Hispanic or Latino,White,Male,55-64,95.0,Loan originated
1,465000.0,20%-<30%,585000.0,265.0,1,Not Hispanic or Latino,White,Female,35-44,80.0,Loan originated
1,265000.0,37,335000.0,87.0,1,Not Hispanic or Latino,White,Male,55-64,80.0,Loan originated
1,265000.0,30%-<36%,285000.0,59.0,1,Not Hispanic or Latino,Black or African American,Male,<25,92.982,Loan originated
1,255000.0,49,325000.0,62.0,1,Hispanic or Latino,White,Female,55-64,78.486,Loan originated
1,485000.0,43,505000.0,137.0,1,Not Hispanic or Latino,2 or more minority races,Female,25-34,95.0,Application denied
1,605000.0,42,925000.0,159.0,1,Not Hispanic or Latino,White,Male,45-54,65.0,Loan originated
1,385000.0,49,515000.0,76.0,1,Not Hispanic or Latino,Asian,Male,55-64,74.585,Loan originated
1,765000.0,39,875000.0,201.0,1,Not Hispanic or Latino,White,Female,35-44,89.0,Loan originated
1,475000.0,48,1085000.0,110.0,1,Hispanic or Latino,White,Male,25-34,43.318,Loan originated
1,225000.0,48,435000.0,114.0,1,Hispanic or Latino,White,Male,55-64,95.0,Application denied
1,505000.0,46,725000.0,136.0,1,Not Hispanic or Latino,Asian,Female,65-74,69.993,Loan originated
1,235000.0,40,405000.0,69.0,1,Hispanic or Latino,White,Male,55-64,57.5,Loan originated
1,705000.0,49,835000.0,280.0,1,Hispanic or Latino,White,Male,35-44,85.0,Loan originated
1,275000.0,45,295000.0,96.0,1,Not Hispanic or Latino,White,Female,45-54,92.46,Application denied
1,665000.0,30%-<36%,1105000.0,216.0,1,Not Hispanic or Latino,Asian,Female,25-34,60.0,Loan originated
1,725000.0,44,765000.0,266.0,1,Not Hispanic or Latino,White,Male,55-64,95.0,Loan originated
1,515000.0,20%-<30%,1295000.0,221.0,1,Not Hispanic or Latino,Asian,Male,35-44,39.23,Loan originated
1,745000.0,37,935000.0,200.0,1,Not Hispanic or Latino,White,Female,45-54,80.0,Loan originated
1,715000.0,30%-<36%,755000.0,247.0,1,Not Hispanic or Latino,Asian,Male,25-34,95.0,Loan originated
1,1145000.0,30%-<36%,1255000.0,432.0,1,Not Hispanic or Latino,White,Male,35-44,91.986,Loan originated
1,1085000.0,42,1355000.0,276.0,1,Not Hispanic or Latino,Asian,Male,35-44,80.0,Loan originated
1,885000.0,48,1855000.0,185.0,1,Not Hispanic or Latino,Asian,Female,35-44,47.838,Loan originated
1,525000.0,49,665000.0,134.0,1,Not Hispanic or Latino,Asian,Male,35-44,78.842,Loan originated
1,405000.0,>60%,515000.0,60.0,1,Not Hispanic or Latino,White,Male,25-34,80.0,Application denied
1,765000.0,47,1485000.0,166.0,1,Not Hispanic or Latino,Asian,Male,25-34,51.794,Loan originated
1,225000.0,30%-<36%,675000.0,96.0,1,Not Hispanic or Latino,White,Female,55-64,33.333,Loan originated
1,155000.0,38,835000.0,211.0,1,Not Hispanic or Latino,White,Male,55-64,17.859,Loan originated
1,445000.0,48,495000.0,94.0,1,Not Hispanic or Latino,Asian,Female,45-54,89.899,Loan originated
1,1045000.0,40,1305000.0,254.0,1,Not Hispanic or Latino,White,Female,35-44,80.0,Loan originated
1,515000.0,30%-<36%,545000.0,156.0,1,Not Hispanic or Latino,Asian,Female,35-44,95.0,Loan originated
1,415000.0,20%-<30%,425000.0,210.0,1,Not Hispanic or Latino,White,Male,35-44,97.0,Loan originated
1,695000.0,42,815000.0,180.0,1,Hispanic or Latino,White,Male,25-34,85.0,Loan originated
1,655000.0,40,1205000.0,158.0,1,Not Hispanic or Latino,Asian,Male,25-34,54.167,Loan originated
1,475000.0,41,595000.0,163.0,1,Not Hispanic or Latino,Asian,Male,35-44,80.0,Loan originated
1,835000.0,30%-<36%,1045000.0,386.0,1,Not Hispanic or Latino,White,Male,35-44,80.0,Loan originated
1,425000.0,38,825000.0,147.0,1,Not Hispanic or Latino,White,Male,65-74,51.515,Loan originated
1,325000.0,42,405000.0,234.0,1,Not Hispanic or Latino,Asian,Female,65-74,80.0,Loan originated
1,455000.0,30%-<36%,2715000.0,210.0,1,Hispanic or Latino,White,Female,55-64,16.595,Loan originated
1,395000.0,30%-<36%,505000.0,111.0,1,Not Hispanic or Latino,White,Male,25-34,79.0,Loan originated
1,485000.0,<20%,605000.0,463.0,1,Hispanic or Latino,White,Male,25-34,80.0,Loan originated
1,595000.0,46,845000.0,180.0,1,Not Hispanic or Latino,White,Female,55-64,70.0,Loan originated
1,805000.0,20%-<30%,1155000.0,420.0,1,Not Hispanic or Latino,Asian,Male,35-44,70.0,Loan originated
1,765000.0,46,815000.0,218.0,1,Not Hispanic or Latino,Black or African American,Male,25-34,99.522,Loan originated
1,435000.0,49,455000.0,86.0,1,Hispanic or Latino,White,Male,25-34,96.889,Loan originated
1,305000.0,50%-60%,325000.0,193.0,1,Not Hispanic or Latino,White,Female,55-64,95.0,Application denied
1,255000.0,48,845000.0,80.0,1,Not Hispanic or Latino,White,Female,45-54,30.0,Loan originated
1,415000.0,49,1015000.0,98.0,1,Hispanic or Latino,White,Male,65-74,40.887,Loan originated
1,835000.0,45,1045000.0,244.0,1,Not Hispanic or Latino,Asian,Female,25-34,80.0,Loan originated
1,65000.0,36,75000.0,50.0,1,Not Hispanic or Latino,Asian,Female,65-74,87.14,Application denied
1,395000.0,49,495000.0,88.0,1,Hispanic or Latino,White,Female,35-44,80.0,Loan originated
1,405000.0,49,1055000.0,124.0,1,Not Hispanic or Latino,White,Female,65-74,38.095,Loan originated
1,765000.0,41,1305000.0,223.0,1,Hispanic or Latino,White,Female,45-54,58.965,Loan originated
1,515000.0,37,545000.0,138.0,1,Not Hispanic or Latino,Black or African American,Female,65-74,95.0,Loan originated
1,175000.0,20%-<30%,205000.0,135.0,1,Hispanic or Latino,White,Male,45-54,86.73,Application denied
1,475000.0,30%-<36%,505000.0,137.0,1,Not Hispanic or Latino,White,Female,25-34,94.07,Loan originated
1,975000.0,39,1305000.0,721.0,1,Not Hispanic or Latino,Asian,Female,25-34,75.0,Loan originated
1,295000.0,49,375000.0,208.0,1,Not Hispanic or Latino,Asian,Female,35-44,79.99,Loan originated
1,245000.0,49,835000.0,106.0,1,Not Hispanic or Latino,White,Female,35-44,29.483,Loan originated
1,485000.0,30%-<36%,515000.0,172.0,1,Not Hispanic or Latino,White,Male,35-44,95.0,Loan originated
1,405000.0,48,525000.0,95.0,1,Not Hispanic or Latino,White,Female,55-64,77.0,Loan originated
1,645000.0,49,715000.0,133.0,1,Hispanic or Latino,White,Male,25-34,90.845,Loan originated
1,1145000.0,40,1445000.0,313.0,1,Not Hispanic or Latino,Asian,Male,35-44,79.822,Loan originated
1,645000.0,41,715000.0,164.0,1,Not Hispanic or Latino,White,Male,25-34,90.0,Loan originated
1,995000.0,39,1655000.0,358.0,1,Not Hispanic or Latino,Asian,Female,45-54,60.0,Loan originated
1,545000.0,50%-60%,565000.0,153.0,1,Not Hispanic or Latino,Black or African American,Female,55-64,100.0,Loan originated
1,495000.0,48,615000.0,135.0,1,Not Hispanic or Latino,Asian,Female,45-54,80.0,Loan originated
1,295000.0,44,375000.0,89.0,1,Not Hispanic or Latino,White,Male,45-54,80.0,Loan originated
1,515000.0,<20%,595000.0,926.0,1,Hispanic or Latino,White,Female,<25,86.61,Loan originated
1,475000.0,46,775000.0,134.0,1,Not Hispanic or Latino,Asian,Female,65-74,61.166,Loan originated
1,515000.0,20%-<30%,735000.0,346.0,1,Not Hispanic or Latino,Asian,Female,25-34,70.0,Loan originated
1,155000.0,30%-<36%,155000.0,114.0,1,Not Hispanic or Latino,White,Female,35-44,96.86,Loan originated
1,435000.0,30%-<36%,735000.0,221.0,1,Not Hispanic or Latino,Asian,Male,55-64,59.686,Loan originated
1,975000.0,30%-<36%,1355000.0,300.0,1,Not Hispanic or Latino,White,Male,35-44,72.22,Loan originated
1,675000.0,45,715000.0,199.0,1,Hispanic or Latino,White,Male,25-34,95.0,Loan originated
1,945000.0,41,1175000.0,364.0,1,Not Hispanic or Latino,White,Male,55-64,80.0,Loan originated
1,555000.0,42,605000.0,129.0,1,Not Hispanic or Latino,White,Male,35-44,91.667,Application denied
1,605000.0,49,1385000.0,147.0,1,Not Hispanic or Latino,White,Female,25-34,43.841,Loan originated
1,505000.0,30%-<36%,635000.0,146.0,1,Not Hispanic or Latino,Asian,Female,35-44,80.0,Loan originated
1,305000.0,48,505000.0,62.0,1,Hispanic or Latino,White,Female,35-44,60.0,Loan originated
1,815000.0,45,1025000.0,205.0,1,Not Hispanic or Latino,White,Male,25-34,80.0,Loan originated
1,415000.0,41,515000.0,98.0,1,Not Hispanic or Latino,White,Male,25-34,80.0,Loan originated
1,665000.0,38,715000.0,167.0,1,Hispanic or Latino,White,Male,25-34,93.0,Loan originated
1,405000.0,48,415000.0,92.0,1,Not Hispanic or Latino,White,Female,55-64,97.0,Loan originated
1,695000.0,30%-<36%,895000.0,198.0,1,Not Hispanic or Latino,Asian,Female,35-44,77.528,Loan originated
1,515000.0,>60%,655000.0,44.0,1,Not Hispanic or Latino,White,Female,45-54,78.5,Application denied
1,755000.0,43,1015000.0,178.0,1,Not Hispanic or Latino,White,Male,35-44,75.0,Loan originated
1,105000.0,37,605000.0,45.0,1,Not Hispanic or Latino,Asian,Male,>74,16.641,Loan originated
1,765000.0,49,965000.0,138.0,1,Not Hispanic or Latino,White,Female,65-74,79.849,Loan originated
1,375000.0,30%-<36%,385000.0,124.0,1,Not Hispanic or Latino,White,Female,35-44,97.0,Loan originated
1,795000.0,45,995000.0,196.0,1,Not Hispanic or Latino,Asian,Male,25-34,80.0,Loan originated
1,445000.0,37,495000.0,126.0,1,Hispanic or Latino,White,Male,25-34,89.999,Loan originated
1,525000.0,47,555000.0,201.0,1,Not Hispanic or Latino,Asian,Male,55-64,95.0,Loan originated
1,585000.0,43,615000.0,155.0,1,Not Hispanic or Latino,Asian,Male,25-34,95.0,Loan originated
1,295000.0,30%-<36%,375000.0,98.0,1,Hispanic or Latino,White,Male,25-34,79.355,Loan originated
1,385000.0,47,515000.0,92.0,1,Not Hispanic or Latino,White,Male,35-44,75.0,Loan originated
1,555000.0,30%-<36%,695000.0,238.0,1,Hispanic or Latino,White,Male,35-44,80.0,Loan originated
1,495000.0,43,505000.0,122.0,1,Hispanic or Latino,White,Female,25-34,97.0,Loan originated
1,415000.0,46,425000.0,88.0,1,Not Hispanic or Latino,White,Female,25-34,97.0,Loan originated
1,245000.0,30%-<36%,695000.0,150.0,1,Not Hispanic or Latino,White,Male,45-54,35.623,Loan originated
1,575000.0,45,715000.0,150.0,1,Not Hispanic or Latino,White,Male,25-34,80.0,Loan originated
1,985000.0,44,1225000.0,277.0,1,Not Hispanic or Latino,Asian,Male,25-34,80.0,Loan originated
1,335000.0,49,395000.0,63.0,1,Hispanic or Latino,White,Male,25-34,85.0,Loan originated
1,1105000.0,30%-<36%,1375000.0,396.0,1,Not Hispanic or Latino,White,Male,35-44,80.0,Loan originated
1,765000.0,<20%,1105000.0,1354.0,1,Not Hispanic or Latino,Asian,Male,35-44,69.687,Loan originated
1,75000.0,30%-<36%,375000.0,40.0,1,Not Hispanic or Latino,White,Female,65-74,18.96,Loan originated
1,855000.0,44,1135000.0,181.0,1,Not Hispanic or Latino,White,Male,35-44,75.0,Loan originated
1,725000.0,49,975000.0,151.0,1,Not Hispanic or Latino,White,Female,25-34,74.0,Loan originated
1,355000.0,44,675000.0,110.0,1,Not Hispanic or Latino,White,Female,35-44,52.59,Loan originated
1,185000.0,20%-<30%,235000.0,143.0,1,Not Hispanic or Latino,Asian,Female,65-74,80.0,Loan originated
1,925000.0,30%-<36%,1155000.0,292.0,1,Not Hispanic or Latino,White,Female,25-34,80.0,Loan originated
1,675000.0,30%-<36%,905000.0,192.0,1,Not Hispanic or Latino,Asian,Male,35-44,75.0,Loan originated
1,275000.0,30%-<36%,285000.0,147.0,1,Not Hispanic or Latino,White,Male,25-34,95.0,Loan originated
1,695000.0,46,735000.0,155.0,1,Not Hispanic or Latino,Black or African American,Male,25-34,95.0,Loan originated
1,995000.0,38,1335000.0,259.0,1,Not Hispanic or Latino,Asian,Male,35-44,75.0,Loan originated
1,395000.0,30%-<36%,415000.0,175.0,1,Not Hispanic or Latino,White,Female,45-54,97.0,Loan originated
1,645000.0,44,855000.0,155.0,1,Not Hispanic or Latino,Asian,Female,25-34,75.0,Loan originated
1,605000.0,43,755000.0,150.0,1,Not Hispanic or Latino,Asian,Male,65-74,80.0,Loan originated
1,675000.0,49,845000.0,131.0,1,Not Hispanic or Latino,Black or African American,Male,55-64,80.0,Loan originated
1,435000.0,20%-<30%,545000.0,169.0,1,Not Hispanic or Latino,White,Male,35-44,80.0,Loan originated
1,635000.0,30%-<36%,655000.0,250.0,1,Not Hispanic or Latino,White,Male,25-34,97.0,Loan originated
1,105000.0,36,435000.0,46.0,1,Not Hispanic or Latino,White,Male,65-74,24.419,Loan originated
1,1045000.0,40,1305000.0,354.0,1,Not Hispanic or Latino,Black or African American,Male,35-44,80.0,Loan originated
1,805000.0,30%-<36%,3585000.0,632.0,1,Not Hispanic or Latino,White,Male,55-64,22.346,Loan originated
1,965000.0,39,1205000.0,367.0,1,Not Hispanic or Latino,Asian,Female,45-54,80.0,Loan originated
1,765000.0,20%-<30%,985000.0,367.0,1,Not Hispanic or Latino,White,Male,45-54,78.163,Loan originated
1,85000.0,20%-<30%,85000.0,175.0,1,Not Hispanic or Latino,White,Female,<25,95.0,Application denied
1,485000.0,40,535000.0,120.0,1,Not Hispanic or Latino,White,Female,25-34,90.0,Loan originated
1,245000.0,47,525000.0,75.0,1,Not Hispanic or Latino,Asian,Male,35-44,46.411,Loan originated
1,595000.0,30%-<36%,705000.0,180.0,1,Not Hispanic or Latino,Asian,Male,35-44,85.0,Loan originated
1,1005000.0,49,1455000.0,187.0,1,Not Hispanic or Latino,Asian,Male,25-34,68.966,Loan originated
1,615000.0,30%-<36%,825000.0,180.0,1,Not Hispanic or Latino,Asian,Female,35-44,76.0,Loan originated
1,425000.0,43,535000.0,126.0,1,Not Hispanic or Latino,Black or African American,Male,35-44,80.0,Loan originated
1,385000.0,49,545000.0,131.0,1,Not Hispanic or Latino,White,Female,45-54,70.0,Loan originated
1,515000.0,40,545000.0,224.0,1,Not Hispanic or Latino,White,Female,>74,95.0,Loan originated
1,395000.0,30%-<36%,495000.0,175.0,1,Not Hispanic or Latino,White,Female,45-54,80.0,Loan originated
1,485000.0,49,605000.0,121.0,1,Not Hispanic or Latino,White,Male,25-34,80.0,Loan originated
1,735000.0,48,925000.0,165.0,1,Not Hispanic or Latino,White,Female,25-34,80.0,Loan originated
1,515000.0,36,755000.0,197.0,1,Not Hispanic or Latino,White,Male,25-34,71.83,Loan originated
1,935000.0,30%-<36%,1205000.0,261.0,1,Not Hispanic or Latino,White,Male,25-34,77.917,Loan originated
1,525000.0,48,555000.0,165.0,1,Not Hispanic or Latino,Asian,Male,25-34,95.0,Loan originated
1,835000.0,45,875000.0,344.0,1,Not Hispanic or Latino,White,Male,45-54,95.0,Loan originated
1,85000.0,44,95000.0,49.0,1,Not Hispanic or Latino,White,Female,35-44,95.0,Loan originated
1,385000.0,46,885000.0,103.0,1,Not Hispanic or Latino,Asian,Male,25-34,44.0,Loan originated
1,285000.0,40,355000.0,81.0,1,Hispanic or Latino,White,Female,45-54,80.0,Loan originated
1,485000.0,44,835000.0,159.0,1,Not Hispanic or Latino,Asian,Female,35-44,57.876,Loan originated
1,735000.0,38,1055000.0,189.0,1,Not Hispanic or Latino,Asian,Male,25-34,70.0,Loan originated
1,305000.0,48,325000.0,57.0,1,Hispanic or Latino,White,Female,25-34,95.0,Loan originated
1,275000.0,49,305000.0,57.0,1,Hispanic or Latino,White,Male,25-34,93.0,Loan originated
1,575000.0,40,605000.0,154.0,1,Hispanic or Latino,American Indian or Alaska Native,Male,55-64,95.0,Loan originated
1,185000.0,20%-<30%,285000.0,95.0,1,Hispanic or Latino,White,Female,35-44,65.157,Loan originated
1,565000.0,41,595000.0,171.0,1,Hispanic or Latino,Black or African American,Male,55-64,95.0,Loan originated
1,535000.0,41,575000.0,191.0,1,Hispanic or Latino,White,Male,45-54,94.5,Loan originated
1,485000.0,48,1175000.0,169.0,1,Not Hispanic or Latino,White,Male,35-44,41.316,Loan originated
1,575000.0,<20%,645000.0,414.0,1,Hispanic or Latino,White,Male,35-44,90.0,Loan originated
1,805000.0,20%-<30%,1355000.0,270.0,1,Not Hispanic or Latino,Asian,Male,25-34,59.259,Loan originated
1,615000.0,20%-<30%,875000.0,300.0,1,Not Hispanic or Latino,Asian,Male,35-44,70.0,Loan originated
1,595000.0,38,1325000.0,210.0,1,Not Hispanic or Latino,Asian,Female,25-34,45.0,Loan originated
1,965000.0,50%-60%,1375000.0,237.0,1,Not Hispanic or Latino,White,Male,65-74,70.0,Loan originated
1,385000.0,30%-<36%,645000.0,119.0,1,Not Hispanic or Latino,Asian,Male,25-34,60.16,Loan originated
1,245000.0,48,365000.0,65.0,1,Not Hispanic or Latino,Asian,Female,35-44,67.68,Loan originated
1,185000.0,38,575000.0,159.0,1,Not Hispanic or Latino,White,Female,65-74,31.897,Loan originated
1,555000.0,44,695000.0,156.0,1,Hispanic or Latino,White,Female,55-64,80.0,Loan originated
1,595000.0,30%-<36%,855000.0,269.0,1,Not Hispanic or Latino,White,Male,55-64,70.0,Loan originated
1,1025000.0,48,1285000.0,209.0,1,Hispanic or Latino,White,Male,25-34,80.0,Loan originated
1,1145000.0,46,1455000.0,325.0,1,Not Hispanic or Latino,White,Male,45-54,80.0,Loan originated
1,355000.0,<20%,445000.0,277.0,1,Not Hispanic or Latino,Asian,Male,35-44,80.0,Loan originated
1,655000.0,48,725000.0,128.0,1,Not Hispanic or Latino,Asian,Male,25-34,90.0,Loan originated
1,385000.0,45,405000.0,145.0,1,Hispanic or Latino,White,Male,35-44,95.0,Loan originated
1,755000.0,44,1025000.0,271.0,1,Not Hispanic or Latino,Asian,Male,25-34,73.05,Loan originated
1,565000.0,44,735000.0,199.0,1,Not Hispanic or Latino,White,Male,45-54,75.68,Loan originated
1,585000.0,<20%,835000.0,365.0,1,Not Hispanic or Latino,White,Male,35-44,70.0,Loan originated
1,555000.0,30%-<36%,795000.0,216.0,1,Not Hispanic or Latino,Asian,Male,55-64,68.831,Loan originated
1,825000.0,20%-<30%,1375000.0,370.0,1,Not Hispanic or Latino,Asian,Male,35-44,60.0,Loan originated
1,385000.0,20%-<30%,485000.0,343.0,1,Not Hispanic or Latino,White,Male,25-34,80.0,Loan originated
1,405000.0,47,455000.0,104.0,1,Hispanic or Latino,White,Female,25-34,89.989,Loan originated
1,645000.0,30%-<36%,805000.0,177.0,1,Not Hispanic or Latino,Asian,Male,25-34,80.0,Loan originated
1,255000.0,41,855000.0,120.0,1,Not Hispanic or Latino,Asian,Male,55-64,29.414,Loan originated
1,715000.0,43,895000.0,158.0,1,Hispanic or Latino,White,Male,45-54,80.0,Loan originated
1,555000.0,20%-<30%,925000.0,300.0,1,Not Hispanic or Latino,White,Male,35-44,61.0,Loan originated
1,505000.0,>60%,1045000.0,0.0,1,Hispanic or Latino,White,Female,55-64,47.71,Loan originated
1,675000.0,46,705000.0,157.0,1,Not Hispanic or Latino,White,Female,45-54,97.0,Loan originated
1,15000.0,46,325000.0,204.0,1,Hispanic or Latino,White,Male,<25,100.0,Loan originated
1,185000.0,20%-<30%,245000.0,135.0,1,Not Hispanic or Latino,White,Male,35-44,75.0,Loan originated
1,175000.0,47,185000.0,73.0,1,Hispanic or Latino,White,Male,35-44,95.0,Loan originated
1,765000.0,41,1065000.0,240.0,1,Not Hispanic or Latino,Asian,Male,35-44,72.316,Loan originated
1,315000.0,38,345000.0,82.0,1,Not Hispanic or Latino,Asian,Male,25-34,90.0,Loan originated
1,395000.0,46,495000.0,99.0,1,Hispanic or Latino,White,Male,25-34,80.0,Loan originated
1,335000.0,45,345000.0,76.0,1,Hispanic or Latino,White,Male,25-34,100.0,Loan originated
1,475000.0,30%-<36%,605000.0,155.0,1,Not Hispanic or Latino,White,Male,35-44,100.0,Loan originated
1,585000.0,45,615000.0,136.0,1,Hispanic or Latino,White,Male,25-34,99.058,Loan originated
1,765000.0,49,1235000.0,173.0,1,Not Hispanic or Latino,White,Female,35-44,63.0,Loan originated
1,385000.0,42,405000.0,90.0,1,Hispanic or Latino,White,Male,25-34,97.0,Loan originated
1,395000.0,43,435000.0,96.0,1,Not Hispanic or Latino,Asian,Male,25-34,90.0,Loan originated
1,445000.0,44,495000.0,106.0,1,Hispanic or Latino,White,Female,25-34,90.0,Loan originated
1,165000.0,40,185000.0,70.0,1,Hispanic or Latino,White,Male,45-54,88.89,Loan originated
1,495000.0,42,595000.0,120.0,1,Not Hispanic or Latino,White,Male,55-64,83.306,Loan originated
1,45000.0,20%-<30%,55000.0,46.0,1,Not Hispanic or Latino,White,Male,65-74,76.93,Loan originated
1,225000.0,37,625000.0,105.0,1,Not Hispanic or Latino,Asian,Female,25-34,35.988,Loan originated
1,445000.0,46,475000.0,100.0,1,Not Hispanic or Latino,White,Female,25-34,95.0,Loan originated
1,575000.0,20%-<30%,955000.0,250.0,1,Not Hispanic or Latino,White,Female,35-44,60.0,Loan originated
1,255000.0,40,275000.0,76.0,1,Not Hispanic or Latino,White,Male,25-34,92.661,Loan originated
1,615000.0,49,655000.0,137.0,1,Hispanic or Latino,American Indian or Alaska Native,Male,25-34,95.0,Application denied
1,345000.0,20%-<30%,345000.0,177.0,1,Hispanic or Latino,White,Female,45-54,99.641,Application denied
1,595000.0,50%-60%,745000.0,166.0,1,Hispanic or Latino,White,Male,45-54,78.926,Application denied
1,715000.0,>60%,795000.0,140.0,1,Hispanic or Latino,White,Male,35-44,89.948,Application denied
1,1025000.0,20%-<30%,1465000.0,343.0,1,Not Hispanic or Latino,Asian,Male,25-34,70.0,Loan originated
1,335000.0,44,355000.0,75.0,1,Hispanic or Latino,White,Male,25-34,101.94,Loan originated
1,825000.0,>60%,1325000.0,902.0,1,Not Hispanic or Latino,White,Male,25-34,62.26,Loan originated
1,445000.0,46,475000.0,90.0,1,Not Hispanic or Latino,White,Male,35-44,95.0,Loan originated
1,655000.0,30%-<36%,885000.0,198.0,1,Not Hispanic or Latino,White,Male,35-44,74.011,Loan originated
1,75000.0,44,175000.0,36.0,1,Not Hispanic or Latino,White,Male,55-64,42.857,Loan originated
1,645000.0,42,805000.0,147.0,1,Not Hispanic or Latino,Asian,Male,25-34,80.0,Loan originated
1,195000.0,48,295000.0,112.0,1,Not Hispanic or Latino,Asian,Female,25-34,65.53,Application denied
1,815000.0,39,1025000.0,262.0,1,Not Hispanic or Latino,White,Male,35-44,80.0,Loan originated
1,385000.0,<20%,485000.0,676.0,1,Hispanic or Latino,White,Female,65-74,80.0,Loan originated
1,545000.0,43,605000.0,121.0,1,Hispanic or Latino,White,Female,25-34,90.0,Loan originated
1,385000.0,37,545000.0,109.0,1,Not Hispanic or Latino,White,Female,65-74,70.559,Loan originated
1,255000.0,36,545000.0,60.0,1,Hispanic or Latino,White,Female,65-74,46.296,Loan originated
1,355000.0,46,385000.0,206.0,1,Hispanic or Latino,White,Male,35-44,75.0,Loan originated
1,405000.0,20%-<30%,615000.0,185.0,1,Not Hispanic or Latino,White,Male,45-54,65.04,Loan originated
1,1125000.0,39,1415000.0,305.0,1,Hispanic or Latino,White,Female,25-34,80.0,Loan originated
1,215000.0,30%-<36%,265000.0,85.0,1,Not Hispanic or Latino,White,Male,25-34,80.0,Loan originated
1,1085000.0,30%-<36%,1355000.0,590.0,1,Not Hispanic or Latino,White,Male,35-44,80.0,Loan originated
1,1135000.0,36,1415000.0,381.0,1,Not Hispanic or Latino,White,Male,35-44,80.0,Loan originated
1,445000.0,49,475000.0,116.0,1,Hispanic or Latino,White,Female,45-54,98.0,Application denied
1,605000.0,43,635000.0,311.0,1,Not Hispanic or Latino,White,Female,>74,95.0,Loan originated
1,685000.0,37,715000.0,198.0,1,Hispanic or Latino,White,Male,45-54,97.0,Loan originated
1,205000.0,48,345000.0,124.0,1,Not Hispanic or Latino,White,Male,>74,57.971,Loan originated
1,495000.0,48,575000.0,97.0,1,Not Hispanic or Latino,Asian,Male,25-34,86.518,Loan originated
1,385000.0,49,395000.0,106.0,1,Hispanic or Latino,White,Female,55-64,97.0,Loan originated
1,395000.0,40,435000.0,133.0,1,Not Hispanic or Latino,White,Male,35-44,91.861,Loan originated
1,615000.0,47,775000.0,179.0,1,Not Hispanic or Latino,White,Male,25-34,80.0,Loan originated
1,295000.0,42,315000.0,85.0,1,Not Hispanic or Latino,White,Female,45-54,95.0,Loan originated
1,555000.0,42,745000.0,144.0,1,Not Hispanic or Latino,Asian,Male,25-34,75.0,Loan originated
1,495000.0,44,525000.0,114.0,1,Not Hispanic or Latino,Asian,Female,25-34,95.0,Loan originated
1,255000.0,20%-<30%,455000.0,89.0,1,Not Hispanic or Latino,White,Male,35-44,56.133,Loan originated
1,305000.0,30%-<36%,495000.0,104.0,1,Not Hispanic or Latino,White,Male,55-64,60.884,Loan originated
1,395000.0,50%-60%,445000.0,71.0,1,Not Hispanic or Latino,White,Female,35-44,90.0,Application denied
1,415000.0,30%-<36%,515000.0,166.0,1,Not Hispanic or Latino,Black or African American,Male,25-34,80.0,Loan originated
1,435000.0,42,475000.0,102.0,1,Hispanic or Latino,White,Female,55-64,93.0,Loan originated
1,425000.0,38,435000.0,118.0,1,Hispanic or Latino,American Indian or Alaska Native,Female,55-64,96.99,Loan originated
1,205000.0,42,835000.0,102.0,1,Not Hispanic or Latino,Asian,Male,65-74,23.83,Loan originated
1,315000.0,50%-60%,355000.0,76.0,1,Not Hispanic or Latino,White,Female,35-44,90.0,Application denied
1,95000.0,30%-<36%,595000.0,67.0,1,Not Hispanic or Latino,Black or African American,Male,55-64,15.526,Loan originated
1,395000.0,40,525000.0,125.0,1,Not Hispanic or Latino,White,Male,55-64,75.0,Loan originated
1,655000.0,47,735000.0,148.0,1,Not Hispanic or Latino,Black or African American,Female,25-34,89.99,Loan originated
1,385000.0,45,415000.0,80.0,1,Hispanic or Latino,White,Male,35-44,95.0,Loan originated
1,725000.0,46,765000.0,194.0,1,Not Hispanic or Latino,White,Male,65-74,95.0,Loan originated
1,615000.0,49,655000.0,165.0,1,Not Hispanic or Latino,White,Male,25-34,98.0,Loan originated
1,655000.0,30%-<36%,735000.0,254.0,1,Not Hispanic or Latino,Black or African American,Male,35-44,89.9,Loan originated
1,395000.0,41,435000.0,99.0,1,Hispanic or Latino,White,Female,35-44,90.0,Loan originated
1,595000.0,40,1325000.0,178.0,1,Not Hispanic or Latino,Asian,Female,25-34,44.528,Loan originated
1,545000.0,36,575000.0,136.0,1,Not Hispanic or Latino,White,Male,25-34,95.0,Loan originated
1,305000.0,36,325000.0,107.0,1,Not Hispanic or Latino,White,Male,35-44,95.0,Loan originated
1,295000.0,39,305000.0,81.0,1,Not Hispanic or Latino,White,Female,35-44,100.0,Loan originated
1,485000.0,45,505000.0,134.0,1,Not Hispanic or Latino,Black or African American,Female,25-34,100.0,Loan originated
1,615000.0,42,665000.0,141.0,1,Hispanic or Latino,White,Male,25-34,93.0,Loan originated
1,675000.0,49,835000.0,144.0,1,Not Hispanic or Latino,Asian,Female,25-34,80.0,Loan originated
1,655000.0,30%-<36%,675000.0,220.0,1,Not Hispanic or Latino,White,Male,25-34,97.0,Loan originated
1,65000.0,20%-<30%,75000.0,35.0,1,Not Hispanic or Latino,White,Male,<25,97.0,Loan originated
1,485000.0,45,515000.0,116.0,1,Not Hispanic or Latino,White,Male,35-44,95.0,Loan originated
1,1065000.0,49,1325000.0,397.0,1,Not Hispanic or Latino,White,Female,25-34,80.0,Loan originated
1,485000.0,46,515000.0,128.0,1,Hispanic or Latino,White,Male,45-54,98.5,Application denied
1,315000.0,44,385000.0,79.0,1,Not Hispanic or Latino,Asian,Male,35-44,80.0,Loan originated
1,345000.0,50%-60%,435000.0,63.0,1,Hispanic or Latino,White,Male,45-54,80.0,Loan originated
1,565000.0,42,595000.0,226.0,1,Not Hispanic or Latino,Black or African American,Female,45-54,95.0,Loan originated
1,565000.0,20%-<30%,885000.0,271.0,1,Not Hispanic or Latino,White,Male,65-74,64.0,Loan originated
1,445000.0,20%-<30%,555000.0,237.0,1,Not Hispanic or Latino,Asian,Male,25-34,80.0,Loan originated
1,175000.0,20%-<30%,525000.0,120.0,1,Not Hispanic or Latino,White,Male,35-44,34.0,Application denied
1,905000.0,49,955000.0,232.0,1,Not Hispanic or Latino,White,Male,35-44,95.0,Loan originated
1,345000.0,46,635000.0,82.0,1,Not Hispanic or Latino,Black or African American,Female,65-74,54.603,Loan originated
1,405000.0,20%-<30%,575000.0,181.0,1,Not Hispanic or Latino,White,Male,45-54,69.21,Loan originated
1,645000.0,30%-<36%,1265000.0,220.0,1,Not Hispanic or Latino,Asian,Male,35-44,50.794,Loan originated
1,335000.0,37,375000.0,100.0,1,Hispanic or Latino,White,Female,25-34,90.0,Loan originated
1,395000.0,49,575000.0,89.0,1,Not Hispanic or Latino,Asian,Male,25-34,73.0,Loan originated
1,475000.0,49,485000.0,126.0,1,Not Hispanic or Latino,White,Male,25-34,97.0,Loan originated
1,145000.0,42,155000.0,160.0,1,Not Hispanic or Latino,Asian,Male,45-54,95.0,Loan originated
1,625000.0,43,725000.0,172.0,1,Not Hispanic or Latino,Asian,Male,<25,84.93,Loan originated
1,425000.0,30%-<36%,525000.0,139.0,1,Not Hispanic or Latino,White,Female,25-34,82.115,Loan originated
